path,intsize
DEC-LIN/normalized-PB15eval/3COL-FromCNF/normalized-3col-almost3reg-l010-r009-n1.cnf-extracted.pb.metafix.opb.xz,3
DEC-LIN/normalized-PB15eval/3COL-FromCNF/normalized-3col-almost3reg-l010-r009-n1.cnf-plain.pb.metafix.opb.xz,3
DEC-LIN/normalized-PB15eval/3COL-FromCNF/normalized-3col-almost3reg-l020-r019-n1.cnf-extracted.pb.metafix.opb.xz,3
DEC-LIN/normalized-PB15eval/3COL-FromCNF/normalized-3col-almost3reg-l020-r019-n1.cnf-plain.pb.metafix.opb.xz,3
DEC-LIN/normalized-PB15eval/3COL-FromCNF/normalized-3col-almost3reg-l030-r029-n1.cnf-extracted.pb.metafix.opb.xz,3
DEC-LIN/normalized-PB15eval/3COL-FromCNF/normalized-3col-almost3reg-l030-r029-n1.cnf-plain.pb.metafix.opb.xz,3
DEC-LIN/normalized-PB15eval/3COL-FromCNF/normalized-3col-almost3reg-l040-r039-n1.cnf-extracted.pb.metafix.opb.xz,3
DEC-LIN/normalized-PB15eval/3COL-FromCNF/normalized-3col-almost3reg-l040-r039-n1.cnf-plain.pb.metafix.opb.xz,3
DEC-LIN/normalized-PB15eval/3COL-FromCNF/normalized-3col-almost3reg-l050-r049-n1.cnf-extracted.pb.metafix.opb.xz,3
DEC-LIN/normalized-PB15eval/3COL-FromCNF/normalized-3col-almost3reg-l050-r049-n1.cnf-plain.pb.metafix.opb.xz,3
DEC-LIN/normalized-PB15eval/3COL-FromCNF/normalized-3col-almost3reg-l060-r059-n1.cnf-extracted.pb.metafix.opb.xz,3
DEC-LIN/normalized-PB15eval/3COL-FromCNF/normalized-3col-almost3reg-l060-r059-n1.cnf-plain.pb.metafix.opb.xz,3
DEC-LIN/normalized-PB15eval/3COL-FromCNF/normalized-3col-almost3reg-l070-r069-n1.cnf-extracted.pb.metafix.opb.xz,3
DEC-LIN/normalized-PB15eval/3COL-FromCNF/normalized-3col-almost3reg-l070-r069-n1.cnf-plain.pb.metafix.opb.xz,3
DEC-LIN/normalized-PB15eval/3COL-FromCNF/normalized-3col-almost3reg-l080-r079-n1.cnf-extracted.pb.metafix.opb.xz,3
DEC-LIN/normalized-PB15eval/3COL-FromCNF/normalized-3col-almost3reg-l080-r079-n1.cnf-plain.pb.metafix.opb.xz,3
DEC-LIN/normalized-PB15eval/3COL-FromCNF/normalized-3col-almost3reg-l090-r089-n1.cnf-extracted.pb.metafix.opb.xz,3
DEC-LIN/normalized-PB15eval/3COL-FromCNF/normalized-3col-almost3reg-l090-r089-n1.cnf-plain.pb.metafix.opb.xz,3
DEC-LIN/normalized-PB15eval/3COL-FromCNF/normalized-3col-almost3reg-l100-r099-n1.cnf-extracted.pb.metafix.opb.xz,3
DEC-LIN/normalized-PB15eval/3COL-FromCNF/normalized-3col-almost3reg-l100-r099-n1.cnf-plain.pb.metafix.opb.xz,3
DEC-LIN/normalized-PB15eval/3COL-FromCNF/normalized-3col-left3reg-l010-r010-n1.cnf-extracted.pb.metafix.opb.xz,3
DEC-LIN/normalized-PB15eval/3COL-FromCNF/normalized-3col-left3reg-l010-r010-n1.cnf-plain.pb.metafix.opb.xz,3
DEC-LIN/normalized-PB15eval/3COL-FromCNF/normalized-3col-left3reg-l020-r019-n1.cnf-extracted.pb.metafix.opb.xz,3
DEC-LIN/normalized-PB15eval/3COL-FromCNF/normalized-3col-left3reg-l020-r019-n1.cnf-plain.pb.metafix.opb.xz,3
DEC-LIN/normalized-PB15eval/3COL-FromCNF/normalized-3col-left3reg-l030-r029-n1.cnf-extracted.pb.metafix.opb.xz,3
DEC-LIN/normalized-PB15eval/3COL-FromCNF/normalized-3col-left3reg-l030-r029-n1.cnf-plain.pb.metafix.opb.xz,3
DEC-LIN/normalized-PB15eval/3COL-FromCNF/normalized-3col-left3reg-l040-r039-n1.cnf-extracted.pb.metafix.opb.xz,3
DEC-LIN/normalized-PB15eval/3COL-FromCNF/normalized-3col-left3reg-l040-r039-n1.cnf-plain.pb.metafix.opb.xz,3
DEC-LIN/normalized-PB15eval/3COL-FromCNF/normalized-3col-left3reg-l050-r049-n1.cnf-extracted.pb.metafix.opb.xz,3
DEC-LIN/normalized-PB15eval/3COL-FromCNF/normalized-3col-left3reg-l050-r049-n1.cnf-plain.pb.metafix.opb.xz,3
DEC-LIN/normalized-PB15eval/3COL-FromCNF/normalized-3col-left3reg-l060-r059-n1.cnf-extracted.pb.metafix.opb.xz,3
DEC-LIN/normalized-PB15eval/3COL-FromCNF/normalized-3col-left3reg-l060-r059-n1.cnf-plain.pb.metafix.opb.xz,3
DEC-LIN/normalized-PB15eval/3COL-FromCNF/normalized-3col-left3reg-l070-r069-n1.cnf-extracted.pb.metafix.opb.xz,3
DEC-LIN/normalized-PB15eval/3COL-FromCNF/normalized-3col-left3reg-l070-r069-n1.cnf-plain.pb.metafix.opb.xz,3
DEC-LIN/normalized-PB15eval/3COL-FromCNF/normalized-3col-left3reg-l080-r079-n1.cnf-extracted.pb.metafix.opb.xz,3
DEC-LIN/normalized-PB15eval/3COL-FromCNF/normalized-3col-left3reg-l080-r079-n1.cnf-plain.pb.metafix.opb.xz,3
DEC-LIN/normalized-PB15eval/3COL-FromCNF/normalized-3col-left3reg-l090-r089-n1.cnf-extracted.pb.metafix.opb.xz,3
DEC-LIN/normalized-PB15eval/3COL-FromCNF/normalized-3col-left3reg-l090-r089-n1.cnf-plain.pb.metafix.opb.xz,3
DEC-LIN/normalized-PB15eval/3COL-FromCNF/normalized-3col-left3reg-l100-r099-n1.cnf-extracted.pb.metafix.opb.xz,3
DEC-LIN/normalized-PB15eval/3COL-FromCNF/normalized-3col-left3reg-l100-r099-n1.cnf-plain.pb.metafix.opb.xz,3
DEC-LIN/normalized-PB15eval/3COL/normalized-3col-almost3reg-l010-r009-n1.opb.xz,3
DEC-LIN/normalized-PB15eval/3COL/normalized-3col-almost3reg-l020-r019-n1.opb.xz,3
DEC-LIN/normalized-PB15eval/3COL/normalized-3col-almost3reg-l030-r029-n1.opb.xz,3
DEC-LIN/normalized-PB15eval/3COL/normalized-3col-almost3reg-l040-r039-n1.opb.xz,3
DEC-LIN/normalized-PB15eval/3COL/normalized-3col-almost3reg-l050-r049-n1.opb.xz,3
DEC-LIN/normalized-PB15eval/3COL/normalized-3col-almost3reg-l060-r059-n1.opb.xz,3
DEC-LIN/normalized-PB15eval/3COL/normalized-3col-almost3reg-l070-r069-n1.opb.xz,3
DEC-LIN/normalized-PB15eval/3COL/normalized-3col-almost3reg-l080-r079-n1.opb.xz,3
DEC-LIN/normalized-PB15eval/3COL/normalized-3col-almost3reg-l090-r089-n1.opb.xz,3
DEC-LIN/normalized-PB15eval/3COL/normalized-3col-almost3reg-l100-r099-n1.opb.xz,3
DEC-LIN/normalized-PB15eval/3COL/normalized-3col-left3reg-l010-r010-n1.opb.xz,3
DEC-LIN/normalized-PB15eval/3COL/normalized-3col-left3reg-l020-r019-n1.opb.xz,3
DEC-LIN/normalized-PB15eval/3COL/normalized-3col-left3reg-l030-r029-n1.opb.xz,3
DEC-LIN/normalized-PB15eval/3COL/normalized-3col-left3reg-l040-r039-n1.opb.xz,3
DEC-LIN/normalized-PB15eval/3COL/normalized-3col-left3reg-l050-r049-n1.opb.xz,3
DEC-LIN/normalized-PB15eval/3COL/normalized-3col-left3reg-l060-r059-n1.opb.xz,3
DEC-LIN/normalized-PB15eval/3COL/normalized-3col-left3reg-l070-r069-n1.opb.xz,3
DEC-LIN/normalized-PB15eval/3COL/normalized-3col-left3reg-l080-r079-n1.opb.xz,3
DEC-LIN/normalized-PB15eval/3COL/normalized-3col-left3reg-l090-r089-n1.opb.xz,3
DEC-LIN/normalized-PB15eval/3COL/normalized-3col-left3reg-l100-r099-n1.opb.xz,3
DEC-LIN/normalized-PB15eval/ECGRID-FromCNF/normalized-ECgrid3x100split.cnf-extracted.pb.metafix.opb.xz,3
DEC-LIN/normalized-PB15eval/ECGRID-FromCNF/normalized-ECgrid3x100split.cnf-plain.pb.metafix.opb.xz,3
DEC-LIN/normalized-PB15eval/ECGRID-FromCNF/normalized-ECgrid3x10split.cnf-extracted.pb.metafix.opb.xz,3
DEC-LIN/normalized-PB15eval/ECGRID-FromCNF/normalized-ECgrid3x10split.cnf-plain.pb.metafix.opb.xz,3
DEC-LIN/normalized-PB15eval/ECGRID-FromCNF/normalized-ECgrid3x20split.cnf-extracted.pb.metafix.opb.xz,3
DEC-LIN/normalized-PB15eval/ECGRID-FromCNF/normalized-ECgrid3x20split.cnf-plain.pb.metafix.opb.xz,3
DEC-LIN/normalized-PB15eval/ECGRID-FromCNF/normalized-ECgrid3x30split.cnf-extracted.pb.metafix.opb.xz,3
DEC-LIN/normalized-PB15eval/ECGRID-FromCNF/normalized-ECgrid3x30split.cnf-plain.pb.metafix.opb.xz,3
DEC-LIN/normalized-PB15eval/ECGRID-FromCNF/normalized-ECgrid3x40split.cnf-extracted.pb.metafix.opb.xz,3
DEC-LIN/normalized-PB15eval/ECGRID-FromCNF/normalized-ECgrid3x40split.cnf-plain.pb.metafix.opb.xz,3
DEC-LIN/normalized-PB15eval/ECGRID-FromCNF/normalized-ECgrid3x50split.cnf-extracted.pb.metafix.opb.xz,3
DEC-LIN/normalized-PB15eval/ECGRID-FromCNF/normalized-ECgrid3x50split.cnf-plain.pb.metafix.opb.xz,3
DEC-LIN/normalized-PB15eval/ECGRID-FromCNF/normalized-ECgrid3x60split.cnf-extracted.pb.metafix.opb.xz,3
DEC-LIN/normalized-PB15eval/ECGRID-FromCNF/normalized-ECgrid3x60split.cnf-plain.pb.metafix.opb.xz,3
DEC-LIN/normalized-PB15eval/ECGRID-FromCNF/normalized-ECgrid3x70split.cnf-extracted.pb.metafix.opb.xz,3
DEC-LIN/normalized-PB15eval/ECGRID-FromCNF/normalized-ECgrid3x70split.cnf-plain.pb.metafix.opb.xz,3
DEC-LIN/normalized-PB15eval/ECGRID-FromCNF/normalized-ECgrid3x80split.cnf-extracted.pb.metafix.opb.xz,3
DEC-LIN/normalized-PB15eval/ECGRID-FromCNF/normalized-ECgrid3x80split.cnf-plain.pb.metafix.opb.xz,3
DEC-LIN/normalized-PB15eval/ECGRID-FromCNF/normalized-ECgrid3x90split.cnf-extracted.pb.metafix.opb.xz,3
DEC-LIN/normalized-PB15eval/ECGRID-FromCNF/normalized-ECgrid3x90split.cnf-plain.pb.metafix.opb.xz,3
DEC-LIN/normalized-PB15eval/ECGRID-FromCNF/normalized-ECgrid5x100split.cnf-extracted.pb.metafix.opb.xz,3
DEC-LIN/normalized-PB15eval/ECGRID-FromCNF/normalized-ECgrid5x100split.cnf-plain.pb.metafix.opb.xz,3
DEC-LIN/normalized-PB15eval/ECGRID-FromCNF/normalized-ECgrid5x10split.cnf-extracted.pb.metafix.opb.xz,3
DEC-LIN/normalized-PB15eval/ECGRID-FromCNF/normalized-ECgrid5x10split.cnf-plain.pb.metafix.opb.xz,3
DEC-LIN/normalized-PB15eval/ECGRID-FromCNF/normalized-ECgrid5x20split.cnf-extracted.pb.metafix.opb.xz,3
DEC-LIN/normalized-PB15eval/ECGRID-FromCNF/normalized-ECgrid5x20split.cnf-plain.pb.metafix.opb.xz,3
DEC-LIN/normalized-PB15eval/ECGRID-FromCNF/normalized-ECgrid5x30split.cnf-extracted.pb.metafix.opb.xz,3
DEC-LIN/normalized-PB15eval/ECGRID-FromCNF/normalized-ECgrid5x30split.cnf-plain.pb.metafix.opb.xz,3
DEC-LIN/normalized-PB15eval/ECGRID-FromCNF/normalized-ECgrid5x40split.cnf-extracted.pb.metafix.opb.xz,3
DEC-LIN/normalized-PB15eval/ECGRID-FromCNF/normalized-ECgrid5x40split.cnf-plain.pb.metafix.opb.xz,3
DEC-LIN/normalized-PB15eval/ECGRID-FromCNF/normalized-ECgrid5x50split.cnf-extracted.pb.metafix.opb.xz,3
DEC-LIN/normalized-PB15eval/ECGRID-FromCNF/normalized-ECgrid5x50split.cnf-plain.pb.metafix.opb.xz,3
DEC-LIN/normalized-PB15eval/ECGRID-FromCNF/normalized-ECgrid5x60split.cnf-extracted.pb.metafix.opb.xz,3
DEC-LIN/normalized-PB15eval/ECGRID-FromCNF/normalized-ECgrid5x60split.cnf-plain.pb.metafix.opb.xz,3
DEC-LIN/normalized-PB15eval/ECGRID-FromCNF/normalized-ECgrid5x70split.cnf-extracted.pb.metafix.opb.xz,3
DEC-LIN/normalized-PB15eval/ECGRID-FromCNF/normalized-ECgrid5x70split.cnf-plain.pb.metafix.opb.xz,3
DEC-LIN/normalized-PB15eval/ECGRID-FromCNF/normalized-ECgrid5x80split.cnf-extracted.pb.metafix.opb.xz,3
DEC-LIN/normalized-PB15eval/ECGRID-FromCNF/normalized-ECgrid5x80split.cnf-plain.pb.metafix.opb.xz,3
DEC-LIN/normalized-PB15eval/ECGRID-FromCNF/normalized-ECgrid5x90split.cnf-extracted.pb.metafix.opb.xz,3
DEC-LIN/normalized-PB15eval/ECGRID-FromCNF/normalized-ECgrid5x90split.cnf-plain.pb.metafix.opb.xz,3
DEC-LIN/normalized-PB15eval/EC_ODD_GRIDS/normalized-ECgrid3x100split.opb.xz,3
DEC-LIN/normalized-PB15eval/EC_ODD_GRIDS/normalized-ECgrid3x10split.opb.xz,3
DEC-LIN/normalized-PB15eval/EC_ODD_GRIDS/normalized-ECgrid3x20split.opb.xz,3
DEC-LIN/normalized-PB15eval/EC_ODD_GRIDS/normalized-ECgrid3x30split.opb.xz,3
DEC-LIN/normalized-PB15eval/EC_ODD_GRIDS/normalized-ECgrid3x40split.opb.xz,3
DEC-LIN/normalized-PB15eval/EC_ODD_GRIDS/normalized-ECgrid3x50split.opb.xz,3
DEC-LIN/normalized-PB15eval/EC_ODD_GRIDS/normalized-ECgrid3x60split.opb.xz,3
DEC-LIN/normalized-PB15eval/EC_ODD_GRIDS/normalized-ECgrid3x70split.opb.xz,3
DEC-LIN/normalized-PB15eval/EC_ODD_GRIDS/normalized-ECgrid3x80split.opb.xz,3
DEC-LIN/normalized-PB15eval/EC_ODD_GRIDS/normalized-ECgrid3x90split.opb.xz,3
DEC-LIN/normalized-PB15eval/EC_ODD_GRIDS/normalized-ECgrid5x100split.opb.xz,3
DEC-LIN/normalized-PB15eval/EC_ODD_GRIDS/normalized-ECgrid5x10split.opb.xz,3
DEC-LIN/normalized-PB15eval/EC_ODD_GRIDS/normalized-ECgrid5x20split.opb.xz,3
DEC-LIN/normalized-PB15eval/EC_ODD_GRIDS/normalized-ECgrid5x30split.opb.xz,3
DEC-LIN/normalized-PB15eval/EC_ODD_GRIDS/normalized-ECgrid5x40split.opb.xz,3
DEC-LIN/normalized-PB15eval/EC_ODD_GRIDS/normalized-ECgrid5x50split.opb.xz,3
DEC-LIN/normalized-PB15eval/EC_ODD_GRIDS/normalized-ECgrid5x60split.opb.xz,3
DEC-LIN/normalized-PB15eval/EC_ODD_GRIDS/normalized-ECgrid5x70split.opb.xz,3
DEC-LIN/normalized-PB15eval/EC_ODD_GRIDS/normalized-ECgrid5x80split.opb.xz,3
DEC-LIN/normalized-PB15eval/EC_ODD_GRIDS/normalized-ECgrid5x90split.opb.xz,3
DEC-LIN/normalized-PB15eval/ProofComplexity-Extracted-Cardinality-Constraints/ProofComplexity/normalized-eulcbip-7-UNSAT.shuffled-as.sat05-3936.cnf.gz-extracted.pb.metafix.opb.xz,3
DEC-LIN/normalized-PB15eval/ProofComplexity-Extracted-Cardinality-Constraints/ProofComplexity/normalized-eulcbip-8-UNSAT.shuffled-as.sat05-3937.cnf.gz-extracted.pb.metafix.opb.xz,3
DEC-LIN/normalized-PB15eval/ProofComplexity-Extracted-Cardinality-Constraints/ProofComplexity/normalized-eulcbip-8-UNSAT.shuffled-as.sat05-3937.cnf.gz-plain.pb.metafix.opb.xz,3
DEC-LIN/normalized-PB15eval/ProofComplexity-Extracted-Cardinality-Constraints/ProofComplexity/normalized-eulcbip-9-UNSAT.shuffled-as.sat05-3938.cnf.gz-extracted.pb.metafix.opb.xz,3
DEC-LIN/normalized-PB15eval/ProofComplexity-Extracted-Cardinality-Constraints/ProofComplexity/normalized-eulcbip-9-UNSAT.shuffled-as.sat05-3938.cnf.gz-plain.pb.metafix.opb.xz,3
DEC-LIN/normalized-PB15eval/ProofComplexity-Extracted-Cardinality-Constraints/ProofComplexity/normalized-fixed-bandwidth-10.cnf.gz-extracted.pb.metafix.opb.xz,4
DEC-LIN/normalized-PB15eval/ProofComplexity-Extracted-Cardinality-Constraints/ProofComplexity/normalized-fixed-bandwidth-10.cnf.gz-plain.pb.metafix.opb.xz,3
DEC-LIN/normalized-PB15eval/ProofComplexity-Extracted-Cardinality-Constraints/ProofComplexity/normalized-fixed-bandwidth-100.cnf.gz-extracted.pb.metafix.opb.xz,4
DEC-LIN/normalized-PB15eval/ProofComplexity-Extracted-Cardinality-Constraints/ProofComplexity/normalized-fixed-bandwidth-100.cnf.gz-plain.pb.metafix.opb.xz,3
DEC-LIN/normalized-PB15eval/ProofComplexity-Extracted-Cardinality-Constraints/ProofComplexity/normalized-fixed-bandwidth-11.cnf.gz-extracted.pb.metafix.opb.xz,4
DEC-LIN/normalized-PB15eval/ProofComplexity-Extracted-Cardinality-Constraints/ProofComplexity/normalized-fixed-bandwidth-11.cnf.gz-plain.pb.metafix.opb.xz,3
DEC-LIN/normalized-PB15eval/ProofComplexity-Extracted-Cardinality-Constraints/ProofComplexity/normalized-fixed-bandwidth-12.cnf.gz-extracted.pb.metafix.opb.xz,4
DEC-LIN/normalized-PB15eval/ProofComplexity-Extracted-Cardinality-Constraints/ProofComplexity/normalized-fixed-bandwidth-12.cnf.gz-plain.pb.metafix.opb.xz,3
DEC-LIN/normalized-PB15eval/ProofComplexity-Extracted-Cardinality-Constraints/ProofComplexity/normalized-fixed-bandwidth-13.cnf.gz-extracted.pb.metafix.opb.xz,4
DEC-LIN/normalized-PB15eval/ProofComplexity-Extracted-Cardinality-Constraints/ProofComplexity/normalized-fixed-bandwidth-13.cnf.gz-plain.pb.metafix.opb.xz,3
DEC-LIN/normalized-PB15eval/ProofComplexity-Extracted-Cardinality-Constraints/ProofComplexity/normalized-fixed-bandwidth-14.cnf.gz-plain.pb.metafix.opb.xz,3
DEC-LIN/normalized-PB15eval/ProofComplexity-Extracted-Cardinality-Constraints/ProofComplexity/normalized-fixed-bandwidth-15.cnf.gz-extracted.pb.metafix.opb.xz,4
DEC-LIN/normalized-PB15eval/ProofComplexity-Extracted-Cardinality-Constraints/ProofComplexity/normalized-fixed-bandwidth-15.cnf.gz-plain.pb.metafix.opb.xz,3
DEC-LIN/normalized-PB15eval/ProofComplexity-Extracted-Cardinality-Constraints/ProofComplexity/normalized-fixed-bandwidth-16.cnf.gz-extracted.pb.metafix.opb.xz,4
DEC-LIN/normalized-PB15eval/ProofComplexity-Extracted-Cardinality-Constraints/ProofComplexity/normalized-fixed-bandwidth-16.cnf.gz-plain.pb.metafix.opb.xz,3
DEC-LIN/normalized-PB15eval/ProofComplexity-Extracted-Cardinality-Constraints/ProofComplexity/normalized-fixed-bandwidth-17.cnf.gz-extracted.pb.metafix.opb.xz,4
DEC-LIN/normalized-PB15eval/ProofComplexity-Extracted-Cardinality-Constraints/ProofComplexity/normalized-fixed-bandwidth-17.cnf.gz-plain.pb.metafix.opb.xz,3
DEC-LIN/normalized-PB15eval/ProofComplexity-Extracted-Cardinality-Constraints/ProofComplexity/normalized-fixed-bandwidth-18.cnf.gz-extracted.pb.metafix.opb.xz,4
DEC-LIN/normalized-PB15eval/ProofComplexity-Extracted-Cardinality-Constraints/ProofComplexity/normalized-fixed-bandwidth-18.cnf.gz-plain.pb.metafix.opb.xz,3
DEC-LIN/normalized-PB15eval/ProofComplexity-Extracted-Cardinality-Constraints/ProofComplexity/normalized-fixed-bandwidth-19.cnf.gz-extracted.pb.metafix.opb.xz,4
DEC-LIN/normalized-PB15eval/ProofComplexity-Extracted-Cardinality-Constraints/ProofComplexity/normalized-fixed-bandwidth-19.cnf.gz-plain.pb.metafix.opb.xz,3
DEC-LIN/normalized-PB15eval/ProofComplexity-Extracted-Cardinality-Constraints/ProofComplexity/normalized-fixed-bandwidth-20.cnf.gz-extracted.pb.metafix.opb.xz,4
DEC-LIN/normalized-PB15eval/ProofComplexity-Extracted-Cardinality-Constraints/ProofComplexity/normalized-fixed-bandwidth-21.cnf.gz-extracted.pb.metafix.opb.xz,4
DEC-LIN/normalized-PB15eval/ProofComplexity-Extracted-Cardinality-Constraints/ProofComplexity/normalized-fixed-bandwidth-22.cnf.gz-extracted.pb.metafix.opb.xz,4
DEC-LIN/normalized-PB15eval/ProofComplexity-Extracted-Cardinality-Constraints/ProofComplexity/normalized-fixed-bandwidth-22.cnf.gz-plain.pb.metafix.opb.xz,3
DEC-LIN/normalized-PB15eval/ProofComplexity-Extracted-Cardinality-Constraints/ProofComplexity/normalized-fixed-bandwidth-23.cnf.gz-extracted.pb.metafix.opb.xz,4
DEC-LIN/normalized-PB15eval/ProofComplexity-Extracted-Cardinality-Constraints/ProofComplexity/normalized-fixed-bandwidth-23.cnf.gz-plain.pb.metafix.opb.xz,3
DEC-LIN/normalized-PB15eval/ProofComplexity-Extracted-Cardinality-Constraints/ProofComplexity/normalized-fixed-bandwidth-24.cnf.gz-extracted.pb.metafix.opb.xz,4
DEC-LIN/normalized-PB15eval/ProofComplexity-Extracted-Cardinality-Constraints/ProofComplexity/normalized-fixed-bandwidth-24.cnf.gz-plain.pb.metafix.opb.xz,3
DEC-LIN/normalized-PB15eval/ProofComplexity-Extracted-Cardinality-Constraints/ProofComplexity/normalized-fixed-bandwidth-25.cnf.gz-extracted.pb.metafix.opb.xz,4
DEC-LIN/normalized-PB15eval/ProofComplexity-Extracted-Cardinality-Constraints/ProofComplexity/normalized-fixed-bandwidth-25.cnf.gz-plain.pb.metafix.opb.xz,3
DEC-LIN/normalized-PB15eval/ProofComplexity-Extracted-Cardinality-Constraints/ProofComplexity/normalized-fixed-bandwidth-26.cnf.gz-extracted.pb.metafix.opb.xz,4
DEC-LIN/normalized-PB15eval/ProofComplexity-Extracted-Cardinality-Constraints/ProofComplexity/normalized-fixed-bandwidth-26.cnf.gz-plain.pb.metafix.opb.xz,3
DEC-LIN/normalized-PB15eval/ProofComplexity-Extracted-Cardinality-Constraints/ProofComplexity/normalized-fixed-bandwidth-27.cnf.gz-extracted.pb.metafix.opb.xz,4
DEC-LIN/normalized-PB15eval/ProofComplexity-Extracted-Cardinality-Constraints/ProofComplexity/normalized-fixed-bandwidth-27.cnf.gz-plain.pb.metafix.opb.xz,3
DEC-LIN/normalized-PB15eval/ProofComplexity-Extracted-Cardinality-Constraints/ProofComplexity/normalized-fixed-bandwidth-28.cnf.gz-extracted.pb.metafix.opb.xz,4
DEC-LIN/normalized-PB15eval/ProofComplexity-Extracted-Cardinality-Constraints/ProofComplexity/normalized-fixed-bandwidth-28.cnf.gz-plain.pb.metafix.opb.xz,3
DEC-LIN/normalized-PB15eval/ProofComplexity-Extracted-Cardinality-Constraints/ProofComplexity/normalized-fixed-bandwidth-30.cnf.gz-extracted.pb.metafix.opb.xz,4
DEC-LIN/normalized-PB15eval/ProofComplexity-Extracted-Cardinality-Constraints/ProofComplexity/normalized-fixed-bandwidth-30.cnf.gz-plain.pb.metafix.opb.xz,3
DEC-LIN/normalized-PB15eval/ProofComplexity-Extracted-Cardinality-Constraints/ProofComplexity/normalized-fixed-bandwidth-31.cnf.gz-extracted.pb.metafix.opb.xz,4
DEC-LIN/normalized-PB15eval/ProofComplexity-Extracted-Cardinality-Constraints/ProofComplexity/normalized-fixed-bandwidth-31.cnf.gz-plain.pb.metafix.opb.xz,3
DEC-LIN/normalized-PB15eval/ProofComplexity-Extracted-Cardinality-Constraints/ProofComplexity/normalized-fixed-bandwidth-32.cnf.gz-plain.pb.metafix.opb.xz,3
DEC-LIN/normalized-PB15eval/ProofComplexity-Extracted-Cardinality-Constraints/ProofComplexity/normalized-fixed-bandwidth-33.cnf.gz-extracted.pb.metafix.opb.xz,4
DEC-LIN/normalized-PB15eval/ProofComplexity-Extracted-Cardinality-Constraints/ProofComplexity/normalized-fixed-bandwidth-33.cnf.gz-plain.pb.metafix.opb.xz,3
DEC-LIN/normalized-PB15eval/ProofComplexity-Extracted-Cardinality-Constraints/ProofComplexity/normalized-fixed-bandwidth-34.cnf.gz-extracted.pb.metafix.opb.xz,4
DEC-LIN/normalized-PB15eval/ProofComplexity-Extracted-Cardinality-Constraints/ProofComplexity/normalized-fixed-bandwidth-34.cnf.gz-plain.pb.metafix.opb.xz,3
DEC-LIN/normalized-PB15eval/ProofComplexity-Extracted-Cardinality-Constraints/ProofComplexity/normalized-fixed-bandwidth-35.cnf.gz-extracted.pb.metafix.opb.xz,4
DEC-LIN/normalized-PB15eval/ProofComplexity-Extracted-Cardinality-Constraints/ProofComplexity/normalized-fixed-bandwidth-35.cnf.gz-plain.pb.metafix.opb.xz,3
DEC-LIN/normalized-PB15eval/ProofComplexity-Extracted-Cardinality-Constraints/ProofComplexity/normalized-fixed-bandwidth-36.cnf.gz-plain.pb.metafix.opb.xz,3
DEC-LIN/normalized-PB15eval/ProofComplexity-Extracted-Cardinality-Constraints/ProofComplexity/normalized-fixed-bandwidth-37.cnf.gz-extracted.pb.metafix.opb.xz,4
DEC-LIN/normalized-PB15eval/ProofComplexity-Extracted-Cardinality-Constraints/ProofComplexity/normalized-fixed-bandwidth-37.cnf.gz-plain.pb.metafix.opb.xz,3
DEC-LIN/normalized-PB15eval/ProofComplexity-Extracted-Cardinality-Constraints/ProofComplexity/normalized-fixed-bandwidth-38.cnf.gz-extracted.pb.metafix.opb.xz,4
DEC-LIN/normalized-PB15eval/ProofComplexity-Extracted-Cardinality-Constraints/ProofComplexity/normalized-fixed-bandwidth-38.cnf.gz-plain.pb.metafix.opb.xz,3
DEC-LIN/normalized-PB15eval/ProofComplexity-Extracted-Cardinality-Constraints/ProofComplexity/normalized-fixed-bandwidth-39.cnf.gz-extracted.pb.metafix.opb.xz,4
DEC-LIN/normalized-PB15eval/ProofComplexity-Extracted-Cardinality-Constraints/ProofComplexity/normalized-fixed-bandwidth-39.cnf.gz-plain.pb.metafix.opb.xz,3
DEC-LIN/normalized-PB15eval/ProofComplexity-Extracted-Cardinality-Constraints/ProofComplexity/normalized-fixed-bandwidth-40.cnf.gz-extracted.pb.metafix.opb.xz,4
DEC-LIN/normalized-PB15eval/ProofComplexity-Extracted-Cardinality-Constraints/ProofComplexity/normalized-fixed-bandwidth-40.cnf.gz-plain.pb.metafix.opb.xz,3
DEC-LIN/normalized-PB15eval/ProofComplexity-Extracted-Cardinality-Constraints/ProofComplexity/normalized-fixed-bandwidth-41.cnf.gz-extracted.pb.metafix.opb.xz,4
DEC-LIN/normalized-PB15eval/ProofComplexity-Extracted-Cardinality-Constraints/ProofComplexity/normalized-fixed-bandwidth-41.cnf.gz-plain.pb.metafix.opb.xz,3
DEC-LIN/normalized-PB15eval/ProofComplexity-Extracted-Cardinality-Constraints/ProofComplexity/normalized-fixed-bandwidth-42.cnf.gz-plain.pb.metafix.opb.xz,3
DEC-LIN/normalized-PB15eval/ProofComplexity-Extracted-Cardinality-Constraints/ProofComplexity/normalized-fixed-bandwidth-43.cnf.gz-extracted.pb.metafix.opb.xz,4
DEC-LIN/normalized-PB15eval/ProofComplexity-Extracted-Cardinality-Constraints/ProofComplexity/normalized-fixed-bandwidth-43.cnf.gz-plain.pb.metafix.opb.xz,3
DEC-LIN/normalized-PB15eval/ProofComplexity-Extracted-Cardinality-Constraints/ProofComplexity/normalized-fixed-bandwidth-44.cnf.gz-extracted.pb.metafix.opb.xz,4
DEC-LIN/normalized-PB15eval/ProofComplexity-Extracted-Cardinality-Constraints/ProofComplexity/normalized-fixed-bandwidth-44.cnf.gz-plain.pb.metafix.opb.xz,3
DEC-LIN/normalized-PB15eval/ProofComplexity-Extracted-Cardinality-Constraints/ProofComplexity/normalized-fixed-bandwidth-45.cnf.gz-extracted.pb.metafix.opb.xz,4
DEC-LIN/normalized-PB15eval/ProofComplexity-Extracted-Cardinality-Constraints/ProofComplexity/normalized-fixed-bandwidth-46.cnf.gz-extracted.pb.metafix.opb.xz,4
DEC-LIN/normalized-PB15eval/ProofComplexity-Extracted-Cardinality-Constraints/ProofComplexity/normalized-fixed-bandwidth-46.cnf.gz-plain.pb.metafix.opb.xz,3
DEC-LIN/normalized-PB15eval/ProofComplexity-Extracted-Cardinality-Constraints/ProofComplexity/normalized-fixed-bandwidth-47.cnf.gz-extracted.pb.metafix.opb.xz,4
DEC-LIN/normalized-PB15eval/ProofComplexity-Extracted-Cardinality-Constraints/ProofComplexity/normalized-fixed-bandwidth-47.cnf.gz-plain.pb.metafix.opb.xz,3
DEC-LIN/normalized-PB15eval/ProofComplexity-Extracted-Cardinality-Constraints/ProofComplexity/normalized-fixed-bandwidth-49.cnf.gz-extracted.pb.metafix.opb.xz,4
DEC-LIN/normalized-PB15eval/ProofComplexity-Extracted-Cardinality-Constraints/ProofComplexity/normalized-fixed-bandwidth-49.cnf.gz-plain.pb.metafix.opb.xz,3
DEC-LIN/normalized-PB15eval/ProofComplexity-Extracted-Cardinality-Constraints/ProofComplexity/normalized-fixed-bandwidth-50.cnf.gz-extracted.pb.metafix.opb.xz,4
DEC-LIN/normalized-PB15eval/ProofComplexity-Extracted-Cardinality-Constraints/ProofComplexity/normalized-fixed-bandwidth-50.cnf.gz-plain.pb.metafix.opb.xz,3
DEC-LIN/normalized-PB15eval/ProofComplexity-Extracted-Cardinality-Constraints/ProofComplexity/normalized-fixed-bandwidth-51.cnf.gz-extracted.pb.metafix.opb.xz,4
DEC-LIN/normalized-PB15eval/ProofComplexity-Extracted-Cardinality-Constraints/ProofComplexity/normalized-fixed-bandwidth-52.cnf.gz-extracted.pb.metafix.opb.xz,4
DEC-LIN/normalized-PB15eval/ProofComplexity-Extracted-Cardinality-Constraints/ProofComplexity/normalized-fixed-bandwidth-52.cnf.gz-plain.pb.metafix.opb.xz,3
DEC-LIN/normalized-PB15eval/ProofComplexity-Extracted-Cardinality-Constraints/ProofComplexity/normalized-fixed-bandwidth-53.cnf.gz-extracted.pb.metafix.opb.xz,4
DEC-LIN/normalized-PB15eval/ProofComplexity-Extracted-Cardinality-Constraints/ProofComplexity/normalized-fixed-bandwidth-53.cnf.gz-plain.pb.metafix.opb.xz,3
DEC-LIN/normalized-PB15eval/ProofComplexity-Extracted-Cardinality-Constraints/ProofComplexity/normalized-fixed-bandwidth-55.cnf.gz-extracted.pb.metafix.opb.xz,4
DEC-LIN/normalized-PB15eval/ProofComplexity-Extracted-Cardinality-Constraints/ProofComplexity/normalized-fixed-bandwidth-57.cnf.gz-plain.pb.metafix.opb.xz,3
DEC-LIN/normalized-PB15eval/ProofComplexity-Extracted-Cardinality-Constraints/ProofComplexity/normalized-fixed-bandwidth-58.cnf.gz-extracted.pb.metafix.opb.xz,4
DEC-LIN/normalized-PB15eval/ProofComplexity-Extracted-Cardinality-Constraints/ProofComplexity/normalized-fixed-bandwidth-60.cnf.gz-extracted.pb.metafix.opb.xz,4
DEC-LIN/normalized-PB15eval/ProofComplexity-Extracted-Cardinality-Constraints/ProofComplexity/normalized-fixed-bandwidth-60.cnf.gz-plain.pb.metafix.opb.xz,3
DEC-LIN/normalized-PB15eval/ProofComplexity-Extracted-Cardinality-Constraints/ProofComplexity/normalized-fixed-bandwidth-61.cnf.gz-extracted.pb.metafix.opb.xz,4
DEC-LIN/normalized-PB15eval/ProofComplexity-Extracted-Cardinality-Constraints/ProofComplexity/normalized-fixed-bandwidth-61.cnf.gz-plain.pb.metafix.opb.xz,3
DEC-LIN/normalized-PB15eval/ProofComplexity-Extracted-Cardinality-Constraints/ProofComplexity/normalized-fixed-bandwidth-62.cnf.gz-extracted.pb.metafix.opb.xz,4
DEC-LIN/normalized-PB15eval/ProofComplexity-Extracted-Cardinality-Constraints/ProofComplexity/normalized-fixed-bandwidth-62.cnf.gz-plain.pb.metafix.opb.xz,3
DEC-LIN/normalized-PB15eval/ProofComplexity-Extracted-Cardinality-Constraints/ProofComplexity/normalized-fixed-bandwidth-63.cnf.gz-extracted.pb.metafix.opb.xz,4
DEC-LIN/normalized-PB15eval/ProofComplexity-Extracted-Cardinality-Constraints/ProofComplexity/normalized-fixed-bandwidth-64.cnf.gz-extracted.pb.metafix.opb.xz,4
DEC-LIN/normalized-PB15eval/ProofComplexity-Extracted-Cardinality-Constraints/ProofComplexity/normalized-fixed-bandwidth-64.cnf.gz-plain.pb.metafix.opb.xz,3
DEC-LIN/normalized-PB15eval/ProofComplexity-Extracted-Cardinality-Constraints/ProofComplexity/normalized-fixed-bandwidth-65.cnf.gz-extracted.pb.metafix.opb.xz,4
DEC-LIN/normalized-PB15eval/ProofComplexity-Extracted-Cardinality-Constraints/ProofComplexity/normalized-fixed-bandwidth-65.cnf.gz-plain.pb.metafix.opb.xz,3
DEC-LIN/normalized-PB15eval/ProofComplexity-Extracted-Cardinality-Constraints/ProofComplexity/normalized-fixed-bandwidth-66.cnf.gz-extracted.pb.metafix.opb.xz,4
DEC-LIN/normalized-PB15eval/ProofComplexity-Extracted-Cardinality-Constraints/ProofComplexity/normalized-fixed-bandwidth-66.cnf.gz-plain.pb.metafix.opb.xz,3
DEC-LIN/normalized-PB15eval/ProofComplexity-Extracted-Cardinality-Constraints/ProofComplexity/normalized-fixed-bandwidth-67.cnf.gz-extracted.pb.metafix.opb.xz,4
DEC-LIN/normalized-PB15eval/ProofComplexity-Extracted-Cardinality-Constraints/ProofComplexity/normalized-fixed-bandwidth-67.cnf.gz-plain.pb.metafix.opb.xz,3
DEC-LIN/normalized-PB15eval/ProofComplexity-Extracted-Cardinality-Constraints/ProofComplexity/normalized-fixed-bandwidth-68.cnf.gz-extracted.pb.metafix.opb.xz,4
DEC-LIN/normalized-PB15eval/ProofComplexity-Extracted-Cardinality-Constraints/ProofComplexity/normalized-fixed-bandwidth-68.cnf.gz-plain.pb.metafix.opb.xz,3
DEC-LIN/normalized-PB15eval/ProofComplexity-Extracted-Cardinality-Constraints/ProofComplexity/normalized-fixed-bandwidth-69.cnf.gz-extracted.pb.metafix.opb.xz,4
DEC-LIN/normalized-PB15eval/ProofComplexity-Extracted-Cardinality-Constraints/ProofComplexity/normalized-fixed-bandwidth-69.cnf.gz-plain.pb.metafix.opb.xz,3
DEC-LIN/normalized-PB15eval/ProofComplexity-Extracted-Cardinality-Constraints/ProofComplexity/normalized-fixed-bandwidth-70.cnf.gz-extracted.pb.metafix.opb.xz,4
DEC-LIN/normalized-PB15eval/ProofComplexity-Extracted-Cardinality-Constraints/ProofComplexity/normalized-fixed-bandwidth-70.cnf.gz-plain.pb.metafix.opb.xz,3
DEC-LIN/normalized-PB15eval/ProofComplexity-Extracted-Cardinality-Constraints/ProofComplexity/normalized-fixed-bandwidth-71.cnf.gz-extracted.pb.metafix.opb.xz,4
DEC-LIN/normalized-PB15eval/ProofComplexity-Extracted-Cardinality-Constraints/ProofComplexity/normalized-fixed-bandwidth-71.cnf.gz-plain.pb.metafix.opb.xz,3
DEC-LIN/normalized-PB15eval/ProofComplexity-Extracted-Cardinality-Constraints/ProofComplexity/normalized-fixed-bandwidth-72.cnf.gz-extracted.pb.metafix.opb.xz,4
DEC-LIN/normalized-PB15eval/ProofComplexity-Extracted-Cardinality-Constraints/ProofComplexity/normalized-fixed-bandwidth-72.cnf.gz-plain.pb.metafix.opb.xz,3
DEC-LIN/normalized-PB15eval/ProofComplexity-Extracted-Cardinality-Constraints/ProofComplexity/normalized-fixed-bandwidth-73.cnf.gz-extracted.pb.metafix.opb.xz,4
DEC-LIN/normalized-PB15eval/ProofComplexity-Extracted-Cardinality-Constraints/ProofComplexity/normalized-fixed-bandwidth-74.cnf.gz-plain.pb.metafix.opb.xz,3
DEC-LIN/normalized-PB15eval/ProofComplexity-Extracted-Cardinality-Constraints/ProofComplexity/normalized-fixed-bandwidth-75.cnf.gz-extracted.pb.metafix.opb.xz,4
DEC-LIN/normalized-PB15eval/ProofComplexity-Extracted-Cardinality-Constraints/ProofComplexity/normalized-fixed-bandwidth-76.cnf.gz-extracted.pb.metafix.opb.xz,4
DEC-LIN/normalized-PB15eval/ProofComplexity-Extracted-Cardinality-Constraints/ProofComplexity/normalized-fixed-bandwidth-77.cnf.gz-extracted.pb.metafix.opb.xz,4
DEC-LIN/normalized-PB15eval/ProofComplexity-Extracted-Cardinality-Constraints/ProofComplexity/normalized-fixed-bandwidth-77.cnf.gz-plain.pb.metafix.opb.xz,3
DEC-LIN/normalized-PB15eval/ProofComplexity-Extracted-Cardinality-Constraints/ProofComplexity/normalized-fixed-bandwidth-78.cnf.gz-extracted.pb.metafix.opb.xz,4
DEC-LIN/normalized-PB15eval/ProofComplexity-Extracted-Cardinality-Constraints/ProofComplexity/normalized-fixed-bandwidth-79.cnf.gz-plain.pb.metafix.opb.xz,3
DEC-LIN/normalized-PB15eval/ProofComplexity-Extracted-Cardinality-Constraints/ProofComplexity/normalized-fixed-bandwidth-80.cnf.gz-extracted.pb.metafix.opb.xz,4
DEC-LIN/normalized-PB15eval/ProofComplexity-Extracted-Cardinality-Constraints/ProofComplexity/normalized-fixed-bandwidth-81.cnf.gz-extracted.pb.metafix.opb.xz,4
DEC-LIN/normalized-PB15eval/ProofComplexity-Extracted-Cardinality-Constraints/ProofComplexity/normalized-fixed-bandwidth-82.cnf.gz-plain.pb.metafix.opb.xz,3
DEC-LIN/normalized-PB15eval/ProofComplexity-Extracted-Cardinality-Constraints/ProofComplexity/normalized-fixed-bandwidth-83.cnf.gz-extracted.pb.metafix.opb.xz,4
DEC-LIN/normalized-PB15eval/ProofComplexity-Extracted-Cardinality-Constraints/ProofComplexity/normalized-fixed-bandwidth-83.cnf.gz-plain.pb.metafix.opb.xz,3
DEC-LIN/normalized-PB15eval/ProofComplexity-Extracted-Cardinality-Constraints/ProofComplexity/normalized-fixed-bandwidth-84.cnf.gz-extracted.pb.metafix.opb.xz,4
DEC-LIN/normalized-PB15eval/ProofComplexity-Extracted-Cardinality-Constraints/ProofComplexity/normalized-fixed-bandwidth-84.cnf.gz-plain.pb.metafix.opb.xz,3
DEC-LIN/normalized-PB15eval/ProofComplexity-Extracted-Cardinality-Constraints/ProofComplexity/normalized-fixed-bandwidth-85.cnf.gz-extracted.pb.metafix.opb.xz,4
DEC-LIN/normalized-PB15eval/ProofComplexity-Extracted-Cardinality-Constraints/ProofComplexity/normalized-fixed-bandwidth-85.cnf.gz-plain.pb.metafix.opb.xz,3
DEC-LIN/normalized-PB15eval/ProofComplexity-Extracted-Cardinality-Constraints/ProofComplexity/normalized-fixed-bandwidth-86.cnf.gz-extracted.pb.metafix.opb.xz,4
DEC-LIN/normalized-PB15eval/ProofComplexity-Extracted-Cardinality-Constraints/ProofComplexity/normalized-fixed-bandwidth-87.cnf.gz-extracted.pb.metafix.opb.xz,4
DEC-LIN/normalized-PB15eval/ProofComplexity-Extracted-Cardinality-Constraints/ProofComplexity/normalized-fixed-bandwidth-87.cnf.gz-plain.pb.metafix.opb.xz,3
DEC-LIN/normalized-PB15eval/ProofComplexity-Extracted-Cardinality-Constraints/ProofComplexity/normalized-fixed-bandwidth-88.cnf.gz-extracted.pb.metafix.opb.xz,4
DEC-LIN/normalized-PB15eval/ProofComplexity-Extracted-Cardinality-Constraints/ProofComplexity/normalized-fixed-bandwidth-88.cnf.gz-plain.pb.metafix.opb.xz,3
DEC-LIN/normalized-PB15eval/ProofComplexity-Extracted-Cardinality-Constraints/ProofComplexity/normalized-fixed-bandwidth-89.cnf.gz-extracted.pb.metafix.opb.xz,4
DEC-LIN/normalized-PB15eval/ProofComplexity-Extracted-Cardinality-Constraints/ProofComplexity/normalized-fixed-bandwidth-89.cnf.gz-plain.pb.metafix.opb.xz,3
DEC-LIN/normalized-PB15eval/ProofComplexity-Extracted-Cardinality-Constraints/ProofComplexity/normalized-fixed-bandwidth-9.cnf.gz-extracted.pb.metafix.opb.xz,4
DEC-LIN/normalized-PB15eval/ProofComplexity-Extracted-Cardinality-Constraints/ProofComplexity/normalized-fixed-bandwidth-9.cnf.gz-plain.pb.metafix.opb.xz,3
DEC-LIN/normalized-PB15eval/ProofComplexity-Extracted-Cardinality-Constraints/ProofComplexity/normalized-fixed-bandwidth-90.cnf.gz-extracted.pb.metafix.opb.xz,4
DEC-LIN/normalized-PB15eval/ProofComplexity-Extracted-Cardinality-Constraints/ProofComplexity/normalized-fixed-bandwidth-90.cnf.gz-plain.pb.metafix.opb.xz,3
DEC-LIN/normalized-PB15eval/ProofComplexity-Extracted-Cardinality-Constraints/ProofComplexity/normalized-fixed-bandwidth-91.cnf.gz-extracted.pb.metafix.opb.xz,4
DEC-LIN/normalized-PB15eval/ProofComplexity-Extracted-Cardinality-Constraints/ProofComplexity/normalized-fixed-bandwidth-92.cnf.gz-extracted.pb.metafix.opb.xz,4
DEC-LIN/normalized-PB15eval/ProofComplexity-Extracted-Cardinality-Constraints/ProofComplexity/normalized-fixed-bandwidth-92.cnf.gz-plain.pb.metafix.opb.xz,3
DEC-LIN/normalized-PB15eval/ProofComplexity-Extracted-Cardinality-Constraints/ProofComplexity/normalized-fixed-bandwidth-93.cnf.gz-extracted.pb.metafix.opb.xz,4
DEC-LIN/normalized-PB15eval/ProofComplexity-Extracted-Cardinality-Constraints/ProofComplexity/normalized-fixed-bandwidth-93.cnf.gz-plain.pb.metafix.opb.xz,3
DEC-LIN/normalized-PB15eval/ProofComplexity-Extracted-Cardinality-Constraints/ProofComplexity/normalized-fixed-bandwidth-94.cnf.gz-extracted.pb.metafix.opb.xz,4
DEC-LIN/normalized-PB15eval/ProofComplexity-Extracted-Cardinality-Constraints/ProofComplexity/normalized-fixed-bandwidth-94.cnf.gz-plain.pb.metafix.opb.xz,3
DEC-LIN/normalized-PB15eval/ProofComplexity-Extracted-Cardinality-Constraints/ProofComplexity/normalized-fixed-bandwidth-95.cnf.gz-extracted.pb.metafix.opb.xz,4
DEC-LIN/normalized-PB15eval/ProofComplexity-Extracted-Cardinality-Constraints/ProofComplexity/normalized-fixed-bandwidth-97.cnf.gz-extracted.pb.metafix.opb.xz,4
DEC-LIN/normalized-PB15eval/ProofComplexity-Extracted-Cardinality-Constraints/ProofComplexity/normalized-fixed-bandwidth-97.cnf.gz-plain.pb.metafix.opb.xz,3
DEC-LIN/normalized-PB15eval/ProofComplexity-Extracted-Cardinality-Constraints/ProofComplexity/normalized-fixed-bandwidth-98.cnf.gz-extracted.pb.metafix.opb.xz,4
DEC-LIN/normalized-PB15eval/ProofComplexity-Extracted-Cardinality-Constraints/ProofComplexity/normalized-fixed-bandwidth-98.cnf.gz-plain.pb.metafix.opb.xz,3
DEC-LIN/normalized-PB15eval/ProofComplexity-Extracted-Cardinality-Constraints/ProofComplexity/normalized-fixed-bandwidth-99.cnf.gz-plain.pb.metafix.opb.xz,3
DEC-LIN/normalized-PB15eval/ProofComplexity-Extracted-Cardinality-Constraints/ProofComplexity/normalized-pmg-12-UNSAT.shuffled-as.sat05-3940.cnf.gz-extracted.pb.metafix.opb.xz,3
DEC-LIN/normalized-PB15eval/ProofComplexity-Extracted-Cardinality-Constraints/ProofComplexity/normalized-pmg-12-UNSAT.shuffled-as.sat05-3940.cnf.gz-plain.pb.metafix.opb.xz,3
DEC-LIN/normalized-PB15eval/ProofComplexity-Extracted-Cardinality-Constraints/ProofComplexity/normalized-pmg-13-UNSAT.shuffled-as.sat05-3941.cnf.gz-extracted.pb.metafix.opb.xz,3
DEC-LIN/normalized-PB15eval/ProofComplexity-Extracted-Cardinality-Constraints/ProofComplexity/normalized-pmg-14-UNSAT.shuffled-as.sat05-3942.cnf.gz-extracted.pb.metafix.opb.xz,3
DEC-LIN/normalized-PB15eval/ProofComplexity-Extracted-Cardinality-Constraints/ProofComplexity/normalized-pmg-14-UNSAT.shuffled-as.sat05-3942.cnf.gz-plain.pb.metafix.opb.xz,3
DEC-LIN/normalized-PB15eval/ProofComplexity-Extracted-Cardinality-Constraints/ProofComplexity/normalized-regular-n10-d4-i1.cnf.gz-extracted.pb.metafix.opb.xz,4
DEC-LIN/normalized-PB15eval/ProofComplexity-Extracted-Cardinality-Constraints/ProofComplexity/normalized-regular-n10-d4-i1.cnf.gz-plain.pb.metafix.opb.xz,3
DEC-LIN/normalized-PB15eval/ProofComplexity-Extracted-Cardinality-Constraints/ProofComplexity/normalized-regular-n10-d4-i2.cnf.gz-extracted.pb.metafix.opb.xz,4
DEC-LIN/normalized-PB15eval/ProofComplexity-Extracted-Cardinality-Constraints/ProofComplexity/normalized-regular-n10-d4-i2.cnf.gz-plain.pb.metafix.opb.xz,3
DEC-LIN/normalized-PB15eval/ProofComplexity-Extracted-Cardinality-Constraints/ProofComplexity/normalized-regular-n10-d4-i3.cnf.gz-extracted.pb.metafix.opb.xz,4
DEC-LIN/normalized-PB15eval/ProofComplexity-Extracted-Cardinality-Constraints/ProofComplexity/normalized-regular-n10-d4-i3.cnf.gz-plain.pb.metafix.opb.xz,3
DEC-LIN/normalized-PB15eval/ProofComplexity-Extracted-Cardinality-Constraints/ProofComplexity/normalized-regular-n11-d4-i1.cnf.gz-extracted.pb.metafix.opb.xz,4
DEC-LIN/normalized-PB15eval/ProofComplexity-Extracted-Cardinality-Constraints/ProofComplexity/normalized-regular-n11-d4-i1.cnf.gz-plain.pb.metafix.opb.xz,3
DEC-LIN/normalized-PB15eval/ProofComplexity-Extracted-Cardinality-Constraints/ProofComplexity/normalized-regular-n11-d4-i2.cnf.gz-extracted.pb.metafix.opb.xz,4
DEC-LIN/normalized-PB15eval/ProofComplexity-Extracted-Cardinality-Constraints/ProofComplexity/normalized-regular-n11-d4-i2.cnf.gz-plain.pb.metafix.opb.xz,3
DEC-LIN/normalized-PB15eval/ProofComplexity-Extracted-Cardinality-Constraints/ProofComplexity/normalized-regular-n11-d4-i3.cnf.gz-extracted.pb.metafix.opb.xz,4
DEC-LIN/normalized-PB15eval/ProofComplexity-Extracted-Cardinality-Constraints/ProofComplexity/normalized-regular-n11-d4-i3.cnf.gz-plain.pb.metafix.opb.xz,3
DEC-LIN/normalized-PB15eval/ProofComplexity-Extracted-Cardinality-Constraints/ProofComplexity/normalized-regular-n12-d4-i1.cnf.gz-extracted.pb.metafix.opb.xz,4
DEC-LIN/normalized-PB15eval/ProofComplexity-Extracted-Cardinality-Constraints/ProofComplexity/normalized-regular-n12-d4-i1.cnf.gz-plain.pb.metafix.opb.xz,3
DEC-LIN/normalized-PB15eval/ProofComplexity-Extracted-Cardinality-Constraints/ProofComplexity/normalized-regular-n12-d4-i2.cnf.gz-extracted.pb.metafix.opb.xz,4
DEC-LIN/normalized-PB15eval/ProofComplexity-Extracted-Cardinality-Constraints/ProofComplexity/normalized-regular-n12-d4-i2.cnf.gz-plain.pb.metafix.opb.xz,3
DEC-LIN/normalized-PB15eval/ProofComplexity-Extracted-Cardinality-Constraints/ProofComplexity/normalized-regular-n12-d4-i3.cnf.gz-extracted.pb.metafix.opb.xz,4
DEC-LIN/normalized-PB15eval/ProofComplexity-Extracted-Cardinality-Constraints/ProofComplexity/normalized-regular-n12-d4-i3.cnf.gz-plain.pb.metafix.opb.xz,3
DEC-LIN/normalized-PB15eval/ProofComplexity-Extracted-Cardinality-Constraints/ProofComplexity/normalized-regular-n13-d4-i1.cnf.gz-extracted.pb.metafix.opb.xz,4
DEC-LIN/normalized-PB15eval/ProofComplexity-Extracted-Cardinality-Constraints/ProofComplexity/normalized-regular-n13-d4-i1.cnf.gz-plain.pb.metafix.opb.xz,3
DEC-LIN/normalized-PB15eval/ProofComplexity-Extracted-Cardinality-Constraints/ProofComplexity/normalized-regular-n13-d4-i2.cnf.gz-extracted.pb.metafix.opb.xz,4
DEC-LIN/normalized-PB15eval/ProofComplexity-Extracted-Cardinality-Constraints/ProofComplexity/normalized-regular-n13-d4-i2.cnf.gz-plain.pb.metafix.opb.xz,3
DEC-LIN/normalized-PB15eval/ProofComplexity-Extracted-Cardinality-Constraints/ProofComplexity/normalized-regular-n13-d4-i3.cnf.gz-extracted.pb.metafix.opb.xz,4
DEC-LIN/normalized-PB15eval/ProofComplexity-Extracted-Cardinality-Constraints/ProofComplexity/normalized-regular-n13-d4-i3.cnf.gz-plain.pb.metafix.opb.xz,3
DEC-LIN/normalized-PB15eval/ProofComplexity-Extracted-Cardinality-Constraints/ProofComplexity/normalized-regular-n14-d4-i1.cnf.gz-extracted.pb.metafix.opb.xz,4
DEC-LIN/normalized-PB15eval/ProofComplexity-Extracted-Cardinality-Constraints/ProofComplexity/normalized-regular-n14-d4-i1.cnf.gz-plain.pb.metafix.opb.xz,3
DEC-LIN/normalized-PB15eval/ProofComplexity-Extracted-Cardinality-Constraints/ProofComplexity/normalized-regular-n14-d4-i2.cnf.gz-extracted.pb.metafix.opb.xz,4
DEC-LIN/normalized-PB15eval/ProofComplexity-Extracted-Cardinality-Constraints/ProofComplexity/normalized-regular-n14-d4-i2.cnf.gz-plain.pb.metafix.opb.xz,3
DEC-LIN/normalized-PB15eval/ProofComplexity-Extracted-Cardinality-Constraints/ProofComplexity/normalized-regular-n14-d4-i3.cnf.gz-extracted.pb.metafix.opb.xz,4
DEC-LIN/normalized-PB15eval/ProofComplexity-Extracted-Cardinality-Constraints/ProofComplexity/normalized-regular-n14-d4-i3.cnf.gz-plain.pb.metafix.opb.xz,3
DEC-LIN/normalized-PB15eval/ProofComplexity-Extracted-Cardinality-Constraints/ProofComplexity/normalized-regular-n15-d4-i1.cnf.gz-extracted.pb.metafix.opb.xz,4
DEC-LIN/normalized-PB15eval/ProofComplexity-Extracted-Cardinality-Constraints/ProofComplexity/normalized-regular-n15-d4-i1.cnf.gz-plain.pb.metafix.opb.xz,3
DEC-LIN/normalized-PB15eval/ProofComplexity-Extracted-Cardinality-Constraints/ProofComplexity/normalized-regular-n15-d4-i2.cnf.gz-extracted.pb.metafix.opb.xz,4
DEC-LIN/normalized-PB15eval/ProofComplexity-Extracted-Cardinality-Constraints/ProofComplexity/normalized-regular-n15-d4-i2.cnf.gz-plain.pb.metafix.opb.xz,3
DEC-LIN/normalized-PB15eval/ProofComplexity-Extracted-Cardinality-Constraints/ProofComplexity/normalized-regular-n15-d4-i3.cnf.gz-extracted.pb.metafix.opb.xz,4
DEC-LIN/normalized-PB15eval/ProofComplexity-Extracted-Cardinality-Constraints/ProofComplexity/normalized-regular-n16-d4-i1.cnf.gz-extracted.pb.metafix.opb.xz,4
DEC-LIN/normalized-PB15eval/ProofComplexity-Extracted-Cardinality-Constraints/ProofComplexity/normalized-regular-n16-d4-i1.cnf.gz-plain.pb.metafix.opb.xz,3
DEC-LIN/normalized-PB15eval/ProofComplexity-Extracted-Cardinality-Constraints/ProofComplexity/normalized-regular-n16-d4-i2.cnf.gz-extracted.pb.metafix.opb.xz,4
DEC-LIN/normalized-PB15eval/ProofComplexity-Extracted-Cardinality-Constraints/ProofComplexity/normalized-regular-n16-d4-i2.cnf.gz-plain.pb.metafix.opb.xz,3
DEC-LIN/normalized-PB15eval/ProofComplexity-Extracted-Cardinality-Constraints/ProofComplexity/normalized-regular-n16-d4-i3.cnf.gz-extracted.pb.metafix.opb.xz,4
DEC-LIN/normalized-PB15eval/ProofComplexity-Extracted-Cardinality-Constraints/ProofComplexity/normalized-regular-n16-d4-i3.cnf.gz-plain.pb.metafix.opb.xz,3
DEC-LIN/normalized-PB15eval/ProofComplexity-Extracted-Cardinality-Constraints/ProofComplexity/normalized-regular-n17-d4-i1.cnf.gz-extracted.pb.metafix.opb.xz,4
DEC-LIN/normalized-PB15eval/ProofComplexity-Extracted-Cardinality-Constraints/ProofComplexity/normalized-regular-n17-d4-i1.cnf.gz-plain.pb.metafix.opb.xz,3
DEC-LIN/normalized-PB15eval/ProofComplexity-Extracted-Cardinality-Constraints/ProofComplexity/normalized-regular-n17-d4-i2.cnf.gz-extracted.pb.metafix.opb.xz,4
DEC-LIN/normalized-PB15eval/ProofComplexity-Extracted-Cardinality-Constraints/ProofComplexity/normalized-regular-n17-d4-i2.cnf.gz-plain.pb.metafix.opb.xz,3
DEC-LIN/normalized-PB15eval/ProofComplexity-Extracted-Cardinality-Constraints/ProofComplexity/normalized-regular-n17-d4-i3.cnf.gz-extracted.pb.metafix.opb.xz,4
DEC-LIN/normalized-PB15eval/ProofComplexity-Extracted-Cardinality-Constraints/ProofComplexity/normalized-regular-n17-d4-i3.cnf.gz-plain.pb.metafix.opb.xz,3
DEC-LIN/normalized-PB15eval/ProofComplexity-Extracted-Cardinality-Constraints/ProofComplexity/normalized-regular-n18-d4-i1.cnf.gz-extracted.pb.metafix.opb.xz,4
DEC-LIN/normalized-PB15eval/ProofComplexity-Extracted-Cardinality-Constraints/ProofComplexity/normalized-regular-n18-d4-i1.cnf.gz-plain.pb.metafix.opb.xz,3
DEC-LIN/normalized-PB15eval/ProofComplexity-Extracted-Cardinality-Constraints/ProofComplexity/normalized-regular-n18-d4-i2.cnf.gz-plain.pb.metafix.opb.xz,3
DEC-LIN/normalized-PB15eval/ProofComplexity-Extracted-Cardinality-Constraints/ProofComplexity/normalized-regular-n18-d4-i3.cnf.gz-extracted.pb.metafix.opb.xz,4
DEC-LIN/normalized-PB15eval/ProofComplexity-Extracted-Cardinality-Constraints/ProofComplexity/normalized-regular-n19-d4-i1.cnf.gz-extracted.pb.metafix.opb.xz,4
DEC-LIN/normalized-PB15eval/ProofComplexity-Extracted-Cardinality-Constraints/ProofComplexity/normalized-regular-n19-d4-i1.cnf.gz-plain.pb.metafix.opb.xz,3
DEC-LIN/normalized-PB15eval/ProofComplexity-Extracted-Cardinality-Constraints/ProofComplexity/normalized-regular-n19-d4-i2.cnf.gz-extracted.pb.metafix.opb.xz,4
DEC-LIN/normalized-PB15eval/ProofComplexity-Extracted-Cardinality-Constraints/ProofComplexity/normalized-regular-n19-d4-i3.cnf.gz-extracted.pb.metafix.opb.xz,4
DEC-LIN/normalized-PB15eval/ProofComplexity-Extracted-Cardinality-Constraints/ProofComplexity/normalized-regular-n19-d4-i3.cnf.gz-plain.pb.metafix.opb.xz,3
DEC-LIN/normalized-PB15eval/ProofComplexity-Extracted-Cardinality-Constraints/ProofComplexity/normalized-regular-n20-d4-i1.cnf.gz-extracted.pb.metafix.opb.xz,4
DEC-LIN/normalized-PB15eval/ProofComplexity-Extracted-Cardinality-Constraints/ProofComplexity/normalized-regular-n20-d4-i1.cnf.gz-plain.pb.metafix.opb.xz,3
DEC-LIN/normalized-PB15eval/ProofComplexity-Extracted-Cardinality-Constraints/ProofComplexity/normalized-regular-n20-d4-i2.cnf.gz-extracted.pb.metafix.opb.xz,4
DEC-LIN/normalized-PB15eval/ProofComplexity-Extracted-Cardinality-Constraints/ProofComplexity/normalized-regular-n20-d4-i3.cnf.gz-plain.pb.metafix.opb.xz,3
DEC-LIN/normalized-PB15eval/ProofComplexity-Extracted-Cardinality-Constraints/ProofComplexity/normalized-regular-n21-d4-i1.cnf.gz-extracted.pb.metafix.opb.xz,4
DEC-LIN/normalized-PB15eval/ProofComplexity-Extracted-Cardinality-Constraints/ProofComplexity/normalized-regular-n21-d4-i1.cnf.gz-plain.pb.metafix.opb.xz,3
DEC-LIN/normalized-PB15eval/ProofComplexity-Extracted-Cardinality-Constraints/ProofComplexity/normalized-regular-n21-d4-i2.cnf.gz-extracted.pb.metafix.opb.xz,4
DEC-LIN/normalized-PB15eval/ProofComplexity-Extracted-Cardinality-Constraints/ProofComplexity/normalized-regular-n21-d4-i3.cnf.gz-extracted.pb.metafix.opb.xz,4
DEC-LIN/normalized-PB15eval/ProofComplexity-Extracted-Cardinality-Constraints/ProofComplexity/normalized-regular-n21-d4-i3.cnf.gz-plain.pb.metafix.opb.xz,3
DEC-LIN/normalized-PB15eval/ProofComplexity-Extracted-Cardinality-Constraints/ProofComplexity/normalized-regular-n22-d4-i1.cnf.gz-extracted.pb.metafix.opb.xz,4
DEC-LIN/normalized-PB15eval/ProofComplexity-Extracted-Cardinality-Constraints/ProofComplexity/normalized-regular-n22-d4-i2.cnf.gz-extracted.pb.metafix.opb.xz,4
DEC-LIN/normalized-PB15eval/ProofComplexity-Extracted-Cardinality-Constraints/ProofComplexity/normalized-regular-n22-d4-i2.cnf.gz-plain.pb.metafix.opb.xz,3
DEC-LIN/normalized-PB15eval/ProofComplexity-Extracted-Cardinality-Constraints/ProofComplexity/normalized-regular-n22-d4-i3.cnf.gz-extracted.pb.metafix.opb.xz,4
DEC-LIN/normalized-PB15eval/ProofComplexity-Extracted-Cardinality-Constraints/ProofComplexity/normalized-regular-n22-d4-i3.cnf.gz-plain.pb.metafix.opb.xz,3
DEC-LIN/normalized-PB15eval/ProofComplexity-Extracted-Cardinality-Constraints/ProofComplexity/normalized-regular-n23-d4-i1.cnf.gz-extracted.pb.metafix.opb.xz,4
DEC-LIN/normalized-PB15eval/ProofComplexity-Extracted-Cardinality-Constraints/ProofComplexity/normalized-regular-n23-d4-i1.cnf.gz-plain.pb.metafix.opb.xz,3
DEC-LIN/normalized-PB15eval/ProofComplexity-Extracted-Cardinality-Constraints/ProofComplexity/normalized-regular-n23-d4-i2.cnf.gz-extracted.pb.metafix.opb.xz,4
DEC-LIN/normalized-PB15eval/ProofComplexity-Extracted-Cardinality-Constraints/ProofComplexity/normalized-regular-n23-d4-i2.cnf.gz-plain.pb.metafix.opb.xz,3
DEC-LIN/normalized-PB15eval/ProofComplexity-Extracted-Cardinality-Constraints/ProofComplexity/normalized-regular-n23-d4-i3.cnf.gz-extracted.pb.metafix.opb.xz,4
DEC-LIN/normalized-PB15eval/ProofComplexity-Extracted-Cardinality-Constraints/ProofComplexity/normalized-regular-n24-d4-i1.cnf.gz-plain.pb.metafix.opb.xz,3
DEC-LIN/normalized-PB15eval/ProofComplexity-Extracted-Cardinality-Constraints/ProofComplexity/normalized-regular-n24-d4-i2.cnf.gz-extracted.pb.metafix.opb.xz,4
DEC-LIN/normalized-PB15eval/ProofComplexity-Extracted-Cardinality-Constraints/ProofComplexity/normalized-regular-n24-d4-i2.cnf.gz-plain.pb.metafix.opb.xz,3
DEC-LIN/normalized-PB15eval/ProofComplexity-Extracted-Cardinality-Constraints/ProofComplexity/normalized-regular-n24-d4-i3.cnf.gz-extracted.pb.metafix.opb.xz,4
DEC-LIN/normalized-PB15eval/ProofComplexity-Extracted-Cardinality-Constraints/ProofComplexity/normalized-regular-n24-d4-i3.cnf.gz-plain.pb.metafix.opb.xz,3
DEC-LIN/normalized-PB15eval/ProofComplexity-Extracted-Cardinality-Constraints/ProofComplexity/normalized-regular-n25-d4-i1.cnf.gz-extracted.pb.metafix.opb.xz,4
DEC-LIN/normalized-PB15eval/ProofComplexity-Extracted-Cardinality-Constraints/ProofComplexity/normalized-regular-n25-d4-i2.cnf.gz-extracted.pb.metafix.opb.xz,4
DEC-LIN/normalized-PB15eval/ProofComplexity-Extracted-Cardinality-Constraints/ProofComplexity/normalized-regular-n25-d4-i2.cnf.gz-plain.pb.metafix.opb.xz,3
DEC-LIN/normalized-PB15eval/ProofComplexity-Extracted-Cardinality-Constraints/ProofComplexity/normalized-regular-n25-d4-i3.cnf.gz-plain.pb.metafix.opb.xz,3
DEC-LIN/normalized-PB15eval/ProofComplexity-Extracted-Cardinality-Constraints/ProofComplexity/normalized-regular-n26-d4-i1.cnf.gz-extracted.pb.metafix.opb.xz,4
DEC-LIN/normalized-PB15eval/ProofComplexity-Extracted-Cardinality-Constraints/ProofComplexity/normalized-regular-n26-d4-i1.cnf.gz-plain.pb.metafix.opb.xz,3
DEC-LIN/normalized-PB15eval/ProofComplexity-Extracted-Cardinality-Constraints/ProofComplexity/normalized-regular-n26-d4-i2.cnf.gz-extracted.pb.metafix.opb.xz,4
DEC-LIN/normalized-PB15eval/ProofComplexity-Extracted-Cardinality-Constraints/ProofComplexity/normalized-regular-n26-d4-i2.cnf.gz-plain.pb.metafix.opb.xz,3
DEC-LIN/normalized-PB15eval/ProofComplexity-Extracted-Cardinality-Constraints/ProofComplexity/normalized-regular-n26-d4-i3.cnf.gz-extracted.pb.metafix.opb.xz,4
DEC-LIN/normalized-PB15eval/ProofComplexity-Extracted-Cardinality-Constraints/ProofComplexity/normalized-regular-n26-d4-i3.cnf.gz-plain.pb.metafix.opb.xz,3
DEC-LIN/normalized-PB15eval/ProofComplexity-Extracted-Cardinality-Constraints/ProofComplexity/normalized-regular-n27-d4-i1.cnf.gz-extracted.pb.metafix.opb.xz,4
DEC-LIN/normalized-PB15eval/ProofComplexity-Extracted-Cardinality-Constraints/ProofComplexity/normalized-regular-n27-d4-i1.cnf.gz-plain.pb.metafix.opb.xz,3
DEC-LIN/normalized-PB15eval/ProofComplexity-Extracted-Cardinality-Constraints/ProofComplexity/normalized-regular-n27-d4-i2.cnf.gz-extracted.pb.metafix.opb.xz,4
DEC-LIN/normalized-PB15eval/ProofComplexity-Extracted-Cardinality-Constraints/ProofComplexity/normalized-regular-n27-d4-i2.cnf.gz-plain.pb.metafix.opb.xz,3
DEC-LIN/normalized-PB15eval/ProofComplexity-Extracted-Cardinality-Constraints/ProofComplexity/normalized-regular-n27-d4-i3.cnf.gz-extracted.pb.metafix.opb.xz,4
DEC-LIN/normalized-PB15eval/ProofComplexity-Extracted-Cardinality-Constraints/ProofComplexity/normalized-regular-n27-d4-i3.cnf.gz-plain.pb.metafix.opb.xz,3
DEC-LIN/normalized-PB15eval/ProofComplexity-Extracted-Cardinality-Constraints/ProofComplexity/normalized-regular-n28-d4-i1.cnf.gz-plain.pb.metafix.opb.xz,3
DEC-LIN/normalized-PB15eval/ProofComplexity-Extracted-Cardinality-Constraints/ProofComplexity/normalized-regular-n28-d4-i2.cnf.gz-extracted.pb.metafix.opb.xz,4
DEC-LIN/normalized-PB15eval/ProofComplexity-Extracted-Cardinality-Constraints/ProofComplexity/normalized-regular-n28-d4-i2.cnf.gz-plain.pb.metafix.opb.xz,3
DEC-LIN/normalized-PB15eval/ProofComplexity-Extracted-Cardinality-Constraints/ProofComplexity/normalized-regular-n28-d4-i3.cnf.gz-extracted.pb.metafix.opb.xz,4
DEC-LIN/normalized-PB15eval/ProofComplexity-Extracted-Cardinality-Constraints/ProofComplexity/normalized-regular-n28-d4-i3.cnf.gz-plain.pb.metafix.opb.xz,3
DEC-LIN/normalized-PB15eval/ProofComplexity-Extracted-Cardinality-Constraints/ProofComplexity/normalized-regular-n29-d4-i1.cnf.gz-extracted.pb.metafix.opb.xz,4
DEC-LIN/normalized-PB15eval/ProofComplexity-Extracted-Cardinality-Constraints/ProofComplexity/normalized-regular-n29-d4-i1.cnf.gz-plain.pb.metafix.opb.xz,3
DEC-LIN/normalized-PB15eval/ProofComplexity-Extracted-Cardinality-Constraints/ProofComplexity/normalized-regular-n29-d4-i2.cnf.gz-extracted.pb.metafix.opb.xz,4
DEC-LIN/normalized-PB15eval/ProofComplexity-Extracted-Cardinality-Constraints/ProofComplexity/normalized-regular-n29-d4-i2.cnf.gz-plain.pb.metafix.opb.xz,3
DEC-LIN/normalized-PB15eval/ProofComplexity-Extracted-Cardinality-Constraints/ProofComplexity/normalized-regular-n29-d4-i3.cnf.gz-extracted.pb.metafix.opb.xz,4
DEC-LIN/normalized-PB15eval/ProofComplexity-Extracted-Cardinality-Constraints/ProofComplexity/normalized-regular-n29-d4-i3.cnf.gz-plain.pb.metafix.opb.xz,3
DEC-LIN/normalized-PB15eval/ProofComplexity-Extracted-Cardinality-Constraints/ProofComplexity/normalized-regular-n30-d4-i1.cnf.gz-extracted.pb.metafix.opb.xz,4
DEC-LIN/normalized-PB15eval/ProofComplexity-Extracted-Cardinality-Constraints/ProofComplexity/normalized-regular-n30-d4-i1.cnf.gz-plain.pb.metafix.opb.xz,3
DEC-LIN/normalized-PB15eval/ProofComplexity-Extracted-Cardinality-Constraints/ProofComplexity/normalized-regular-n30-d4-i2.cnf.gz-extracted.pb.metafix.opb.xz,4
DEC-LIN/normalized-PB15eval/ProofComplexity-Extracted-Cardinality-Constraints/ProofComplexity/normalized-regular-n30-d4-i2.cnf.gz-plain.pb.metafix.opb.xz,3
DEC-LIN/normalized-PB15eval/ProofComplexity-Extracted-Cardinality-Constraints/ProofComplexity/normalized-regular-n31-d4-i1.cnf.gz-extracted.pb.metafix.opb.xz,4
DEC-LIN/normalized-PB15eval/ProofComplexity-Extracted-Cardinality-Constraints/ProofComplexity/normalized-regular-n31-d4-i1.cnf.gz-plain.pb.metafix.opb.xz,3
DEC-LIN/normalized-PB15eval/ProofComplexity-Extracted-Cardinality-Constraints/ProofComplexity/normalized-regular-n31-d4-i2.cnf.gz-extracted.pb.metafix.opb.xz,4
DEC-LIN/normalized-PB15eval/ProofComplexity-Extracted-Cardinality-Constraints/ProofComplexity/normalized-regular-n31-d4-i2.cnf.gz-plain.pb.metafix.opb.xz,3
DEC-LIN/normalized-PB15eval/ProofComplexity-Extracted-Cardinality-Constraints/ProofComplexity/normalized-regular-n31-d4-i3.cnf.gz-extracted.pb.metafix.opb.xz,4
DEC-LIN/normalized-PB15eval/ProofComplexity-Extracted-Cardinality-Constraints/ProofComplexity/normalized-regular-n31-d4-i3.cnf.gz-plain.pb.metafix.opb.xz,3
DEC-LIN/normalized-PB15eval/ProofComplexity-Extracted-Cardinality-Constraints/ProofComplexity/normalized-regular-n32-d4-i1.cnf.gz-extracted.pb.metafix.opb.xz,4
DEC-LIN/normalized-PB15eval/ProofComplexity-Extracted-Cardinality-Constraints/ProofComplexity/normalized-regular-n32-d4-i3.cnf.gz-extracted.pb.metafix.opb.xz,4
DEC-LIN/normalized-PB15eval/ProofComplexity-Extracted-Cardinality-Constraints/ProofComplexity/normalized-regular-n32-d4-i3.cnf.gz-plain.pb.metafix.opb.xz,3
DEC-LIN/normalized-PB15eval/ProofComplexity-Extracted-Cardinality-Constraints/ProofComplexity/normalized-regular-n33-d4-i1.cnf.gz-extracted.pb.metafix.opb.xz,4
DEC-LIN/normalized-PB15eval/ProofComplexity-Extracted-Cardinality-Constraints/ProofComplexity/normalized-regular-n33-d4-i1.cnf.gz-plain.pb.metafix.opb.xz,3
DEC-LIN/normalized-PB15eval/ProofComplexity-Extracted-Cardinality-Constraints/ProofComplexity/normalized-regular-n33-d4-i2.cnf.gz-extracted.pb.metafix.opb.xz,4
DEC-LIN/normalized-PB15eval/ProofComplexity-Extracted-Cardinality-Constraints/ProofComplexity/normalized-regular-n33-d4-i2.cnf.gz-plain.pb.metafix.opb.xz,3
DEC-LIN/normalized-PB15eval/ProofComplexity-Extracted-Cardinality-Constraints/ProofComplexity/normalized-regular-n33-d4-i3.cnf.gz-extracted.pb.metafix.opb.xz,4
DEC-LIN/normalized-PB15eval/ProofComplexity-Extracted-Cardinality-Constraints/ProofComplexity/normalized-regular-n34-d4-i1.cnf.gz-extracted.pb.metafix.opb.xz,4
DEC-LIN/normalized-PB15eval/ProofComplexity-Extracted-Cardinality-Constraints/ProofComplexity/normalized-regular-n34-d4-i1.cnf.gz-plain.pb.metafix.opb.xz,3
DEC-LIN/normalized-PB15eval/ProofComplexity-Extracted-Cardinality-Constraints/ProofComplexity/normalized-regular-n34-d4-i2.cnf.gz-extracted.pb.metafix.opb.xz,4
DEC-LIN/normalized-PB15eval/ProofComplexity-Extracted-Cardinality-Constraints/ProofComplexity/normalized-regular-n34-d4-i2.cnf.gz-plain.pb.metafix.opb.xz,3
DEC-LIN/normalized-PB15eval/ProofComplexity-Extracted-Cardinality-Constraints/ProofComplexity/normalized-regular-n34-d4-i3.cnf.gz-extracted.pb.metafix.opb.xz,4
DEC-LIN/normalized-PB15eval/ProofComplexity-Extracted-Cardinality-Constraints/ProofComplexity/normalized-regular-n34-d4-i3.cnf.gz-plain.pb.metafix.opb.xz,3
DEC-LIN/normalized-PB15eval/ProofComplexity-Extracted-Cardinality-Constraints/ProofComplexity/normalized-regular-n35-d4-i1.cnf.gz-extracted.pb.metafix.opb.xz,4
DEC-LIN/normalized-PB15eval/ProofComplexity-Extracted-Cardinality-Constraints/ProofComplexity/normalized-regular-n35-d4-i2.cnf.gz-extracted.pb.metafix.opb.xz,4
DEC-LIN/normalized-PB15eval/ProofComplexity-Extracted-Cardinality-Constraints/ProofComplexity/normalized-regular-n35-d4-i2.cnf.gz-plain.pb.metafix.opb.xz,3
DEC-LIN/normalized-PB15eval/ProofComplexity-Extracted-Cardinality-Constraints/ProofComplexity/normalized-regular-n35-d4-i3.cnf.gz-extracted.pb.metafix.opb.xz,4
DEC-LIN/normalized-PB15eval/ProofComplexity-Extracted-Cardinality-Constraints/ProofComplexity/normalized-regular-n35-d4-i3.cnf.gz-plain.pb.metafix.opb.xz,3
DEC-LIN/normalized-PB15eval/ProofComplexity-Extracted-Cardinality-Constraints/ProofComplexity/normalized-regular-n36-d4-i1.cnf.gz-extracted.pb.metafix.opb.xz,4
DEC-LIN/normalized-PB15eval/ProofComplexity-Extracted-Cardinality-Constraints/ProofComplexity/normalized-regular-n36-d4-i1.cnf.gz-plain.pb.metafix.opb.xz,3
DEC-LIN/normalized-PB15eval/ProofComplexity-Extracted-Cardinality-Constraints/ProofComplexity/normalized-regular-n36-d4-i2.cnf.gz-extracted.pb.metafix.opb.xz,4
DEC-LIN/normalized-PB15eval/ProofComplexity-Extracted-Cardinality-Constraints/ProofComplexity/normalized-regular-n36-d4-i2.cnf.gz-plain.pb.metafix.opb.xz,3
DEC-LIN/normalized-PB15eval/ProofComplexity-Extracted-Cardinality-Constraints/ProofComplexity/normalized-regular-n36-d4-i3.cnf.gz-extracted.pb.metafix.opb.xz,4
DEC-LIN/normalized-PB15eval/ProofComplexity-Extracted-Cardinality-Constraints/ProofComplexity/normalized-regular-n36-d4-i3.cnf.gz-plain.pb.metafix.opb.xz,3
DEC-LIN/normalized-PB15eval/ProofComplexity-Extracted-Cardinality-Constraints/ProofComplexity/normalized-regular-n37-d4-i1.cnf.gz-extracted.pb.metafix.opb.xz,4
DEC-LIN/normalized-PB15eval/ProofComplexity-Extracted-Cardinality-Constraints/ProofComplexity/normalized-regular-n37-d4-i1.cnf.gz-plain.pb.metafix.opb.xz,3
DEC-LIN/normalized-PB15eval/ProofComplexity-Extracted-Cardinality-Constraints/ProofComplexity/normalized-regular-n37-d4-i2.cnf.gz-extracted.pb.metafix.opb.xz,4
DEC-LIN/normalized-PB15eval/ProofComplexity-Extracted-Cardinality-Constraints/ProofComplexity/normalized-regular-n37-d4-i2.cnf.gz-plain.pb.metafix.opb.xz,3
DEC-LIN/normalized-PB15eval/ProofComplexity-Extracted-Cardinality-Constraints/ProofComplexity/normalized-regular-n37-d4-i3.cnf.gz-extracted.pb.metafix.opb.xz,4
DEC-LIN/normalized-PB15eval/ProofComplexity-Extracted-Cardinality-Constraints/ProofComplexity/normalized-regular-n38-d4-i1.cnf.gz-extracted.pb.metafix.opb.xz,4
DEC-LIN/normalized-PB15eval/ProofComplexity-Extracted-Cardinality-Constraints/ProofComplexity/normalized-regular-n38-d4-i1.cnf.gz-plain.pb.metafix.opb.xz,3
DEC-LIN/normalized-PB15eval/ProofComplexity-Extracted-Cardinality-Constraints/ProofComplexity/normalized-regular-n38-d4-i2.cnf.gz-extracted.pb.metafix.opb.xz,4
DEC-LIN/normalized-PB15eval/ProofComplexity-Extracted-Cardinality-Constraints/ProofComplexity/normalized-regular-n38-d4-i3.cnf.gz-plain.pb.metafix.opb.xz,3
DEC-LIN/normalized-PB15eval/ProofComplexity-Extracted-Cardinality-Constraints/ProofComplexity/normalized-regular-n39-d4-i1.cnf.gz-extracted.pb.metafix.opb.xz,4
DEC-LIN/normalized-PB15eval/ProofComplexity-Extracted-Cardinality-Constraints/ProofComplexity/normalized-regular-n39-d4-i1.cnf.gz-plain.pb.metafix.opb.xz,3
DEC-LIN/normalized-PB15eval/ProofComplexity-Extracted-Cardinality-Constraints/ProofComplexity/normalized-regular-n39-d4-i2.cnf.gz-extracted.pb.metafix.opb.xz,4
DEC-LIN/normalized-PB15eval/ProofComplexity-Extracted-Cardinality-Constraints/ProofComplexity/normalized-regular-n39-d4-i3.cnf.gz-extracted.pb.metafix.opb.xz,4
DEC-LIN/normalized-PB15eval/ProofComplexity-Extracted-Cardinality-Constraints/ProofComplexity/normalized-regular-n39-d4-i3.cnf.gz-plain.pb.metafix.opb.xz,3
DEC-LIN/normalized-PB15eval/ProofComplexity-Extracted-Cardinality-Constraints/ProofComplexity/normalized-regular-n40-d4-i1.cnf.gz-extracted.pb.metafix.opb.xz,4
DEC-LIN/normalized-PB15eval/ProofComplexity-Extracted-Cardinality-Constraints/ProofComplexity/normalized-regular-n40-d4-i1.cnf.gz-plain.pb.metafix.opb.xz,3
DEC-LIN/normalized-PB15eval/ProofComplexity-Extracted-Cardinality-Constraints/ProofComplexity/normalized-regular-n40-d4-i3.cnf.gz-extracted.pb.metafix.opb.xz,4
DEC-LIN/normalized-PB15eval/ProofComplexity-Extracted-Cardinality-Constraints/ProofComplexity/normalized-regular-n40-d4-i3.cnf.gz-plain.pb.metafix.opb.xz,3
DEC-LIN/normalized-PB15eval/ProofComplexity-Extracted-Cardinality-Constraints/ProofComplexity/normalized-regular-n41-d4-i1.cnf.gz-extracted.pb.metafix.opb.xz,4
DEC-LIN/normalized-PB15eval/ProofComplexity-Extracted-Cardinality-Constraints/ProofComplexity/normalized-regular-n41-d4-i1.cnf.gz-plain.pb.metafix.opb.xz,3
DEC-LIN/normalized-PB15eval/ProofComplexity-Extracted-Cardinality-Constraints/ProofComplexity/normalized-regular-n41-d4-i2.cnf.gz-extracted.pb.metafix.opb.xz,4
DEC-LIN/normalized-PB15eval/ProofComplexity-Extracted-Cardinality-Constraints/ProofComplexity/normalized-regular-n41-d4-i2.cnf.gz-plain.pb.metafix.opb.xz,3
DEC-LIN/normalized-PB15eval/ProofComplexity-Extracted-Cardinality-Constraints/ProofComplexity/normalized-regular-n41-d4-i3.cnf.gz-extracted.pb.metafix.opb.xz,4
DEC-LIN/normalized-PB15eval/ProofComplexity-Extracted-Cardinality-Constraints/ProofComplexity/normalized-regular-n41-d4-i3.cnf.gz-plain.pb.metafix.opb.xz,3
DEC-LIN/normalized-PB15eval/ProofComplexity-Extracted-Cardinality-Constraints/ProofComplexity/normalized-regular-n42-d4-i2.cnf.gz-extracted.pb.metafix.opb.xz,4
DEC-LIN/normalized-PB15eval/ProofComplexity-Extracted-Cardinality-Constraints/ProofComplexity/normalized-regular-n42-d4-i2.cnf.gz-plain.pb.metafix.opb.xz,3
DEC-LIN/normalized-PB15eval/ProofComplexity-Extracted-Cardinality-Constraints/ProofComplexity/normalized-regular-n42-d4-i3.cnf.gz-extracted.pb.metafix.opb.xz,4
DEC-LIN/normalized-PB15eval/ProofComplexity-Extracted-Cardinality-Constraints/ProofComplexity/normalized-regular-n42-d4-i3.cnf.gz-plain.pb.metafix.opb.xz,3
DEC-LIN/normalized-PB15eval/ProofComplexity-Extracted-Cardinality-Constraints/ProofComplexity/normalized-regular-n43-d4-i1.cnf.gz-plain.pb.metafix.opb.xz,3
DEC-LIN/normalized-PB15eval/ProofComplexity-Extracted-Cardinality-Constraints/ProofComplexity/normalized-regular-n43-d4-i2.cnf.gz-extracted.pb.metafix.opb.xz,4
DEC-LIN/normalized-PB15eval/ProofComplexity-Extracted-Cardinality-Constraints/ProofComplexity/normalized-regular-n43-d4-i2.cnf.gz-plain.pb.metafix.opb.xz,3
DEC-LIN/normalized-PB15eval/ProofComplexity-Extracted-Cardinality-Constraints/ProofComplexity/normalized-regular-n43-d4-i3.cnf.gz-extracted.pb.metafix.opb.xz,4
DEC-LIN/normalized-PB15eval/ProofComplexity-Extracted-Cardinality-Constraints/ProofComplexity/normalized-regular-n44-d4-i1.cnf.gz-extracted.pb.metafix.opb.xz,4
DEC-LIN/normalized-PB15eval/ProofComplexity-Extracted-Cardinality-Constraints/ProofComplexity/normalized-regular-n44-d4-i2.cnf.gz-plain.pb.metafix.opb.xz,3
DEC-LIN/normalized-PB15eval/ProofComplexity-Extracted-Cardinality-Constraints/ProofComplexity/normalized-regular-n44-d4-i3.cnf.gz-plain.pb.metafix.opb.xz,3
DEC-LIN/normalized-PB15eval/ProofComplexity-Extracted-Cardinality-Constraints/ProofComplexity/normalized-regular-n45-d4-i1.cnf.gz-extracted.pb.metafix.opb.xz,4
DEC-LIN/normalized-PB15eval/ProofComplexity-Extracted-Cardinality-Constraints/ProofComplexity/normalized-regular-n45-d4-i1.cnf.gz-plain.pb.metafix.opb.xz,3
DEC-LIN/normalized-PB15eval/ProofComplexity-Extracted-Cardinality-Constraints/ProofComplexity/normalized-regular-n45-d4-i2.cnf.gz-extracted.pb.metafix.opb.xz,4
DEC-LIN/normalized-PB15eval/ProofComplexity-Extracted-Cardinality-Constraints/ProofComplexity/normalized-regular-n45-d4-i3.cnf.gz-extracted.pb.metafix.opb.xz,4
DEC-LIN/normalized-PB15eval/ProofComplexity-Extracted-Cardinality-Constraints/ProofComplexity/normalized-regular-n45-d4-i3.cnf.gz-plain.pb.metafix.opb.xz,3
DEC-LIN/normalized-PB15eval/ProofComplexity-Extracted-Cardinality-Constraints/ProofComplexity/normalized-regular-n46-d4-i1.cnf.gz-plain.pb.metafix.opb.xz,3
DEC-LIN/normalized-PB15eval/ProofComplexity-Extracted-Cardinality-Constraints/ProofComplexity/normalized-regular-n46-d4-i2.cnf.gz-extracted.pb.metafix.opb.xz,4
DEC-LIN/normalized-PB15eval/ProofComplexity-Extracted-Cardinality-Constraints/ProofComplexity/normalized-regular-n46-d4-i2.cnf.gz-plain.pb.metafix.opb.xz,3
DEC-LIN/normalized-PB15eval/ProofComplexity-Extracted-Cardinality-Constraints/ProofComplexity/normalized-regular-n46-d4-i3.cnf.gz-extracted.pb.metafix.opb.xz,4
DEC-LIN/normalized-PB15eval/ProofComplexity-Extracted-Cardinality-Constraints/ProofComplexity/normalized-regular-n46-d4-i3.cnf.gz-plain.pb.metafix.opb.xz,3
DEC-LIN/normalized-PB15eval/ProofComplexity-Extracted-Cardinality-Constraints/ProofComplexity/normalized-regular-n47-d4-i1.cnf.gz-extracted.pb.metafix.opb.xz,4
DEC-LIN/normalized-PB15eval/ProofComplexity-Extracted-Cardinality-Constraints/ProofComplexity/normalized-regular-n47-d4-i2.cnf.gz-extracted.pb.metafix.opb.xz,4
DEC-LIN/normalized-PB15eval/ProofComplexity-Extracted-Cardinality-Constraints/ProofComplexity/normalized-regular-n47-d4-i3.cnf.gz-extracted.pb.metafix.opb.xz,4
DEC-LIN/normalized-PB15eval/ProofComplexity-Extracted-Cardinality-Constraints/ProofComplexity/normalized-regular-n48-d4-i1.cnf.gz-extracted.pb.metafix.opb.xz,4
DEC-LIN/normalized-PB15eval/ProofComplexity-Extracted-Cardinality-Constraints/ProofComplexity/normalized-regular-n48-d4-i1.cnf.gz-plain.pb.metafix.opb.xz,3
DEC-LIN/normalized-PB15eval/ProofComplexity-Extracted-Cardinality-Constraints/ProofComplexity/normalized-regular-n48-d4-i2.cnf.gz-extracted.pb.metafix.opb.xz,4
DEC-LIN/normalized-PB15eval/ProofComplexity-Extracted-Cardinality-Constraints/ProofComplexity/normalized-regular-n48-d4-i2.cnf.gz-plain.pb.metafix.opb.xz,3
DEC-LIN/normalized-PB15eval/ProofComplexity-Extracted-Cardinality-Constraints/ProofComplexity/normalized-regular-n48-d4-i3.cnf.gz-extracted.pb.metafix.opb.xz,4
DEC-LIN/normalized-PB15eval/ProofComplexity-Extracted-Cardinality-Constraints/ProofComplexity/normalized-regular-n49-d4-i1.cnf.gz-extracted.pb.metafix.opb.xz,4
DEC-LIN/normalized-PB15eval/ProofComplexity-Extracted-Cardinality-Constraints/ProofComplexity/normalized-regular-n49-d4-i1.cnf.gz-plain.pb.metafix.opb.xz,3
DEC-LIN/normalized-PB15eval/ProofComplexity-Extracted-Cardinality-Constraints/ProofComplexity/normalized-regular-n49-d4-i2.cnf.gz-extracted.pb.metafix.opb.xz,4
DEC-LIN/normalized-PB15eval/ProofComplexity-Extracted-Cardinality-Constraints/ProofComplexity/normalized-regular-n49-d4-i2.cnf.gz-plain.pb.metafix.opb.xz,3
DEC-LIN/normalized-PB15eval/ProofComplexity-Extracted-Cardinality-Constraints/ProofComplexity/normalized-regular-n49-d4-i3.cnf.gz-plain.pb.metafix.opb.xz,3
DEC-LIN/normalized-PB15eval/ProofComplexity-Extracted-Cardinality-Constraints/ProofComplexity/normalized-regular-n50-d4-i1.cnf.gz-extracted.pb.metafix.opb.xz,4
DEC-LIN/normalized-PB15eval/ProofComplexity-Extracted-Cardinality-Constraints/ProofComplexity/normalized-regular-n50-d4-i1.cnf.gz-plain.pb.metafix.opb.xz,3
DEC-LIN/normalized-PB15eval/ProofComplexity-Extracted-Cardinality-Constraints/ProofComplexity/normalized-regular-n50-d4-i2.cnf.gz-extracted.pb.metafix.opb.xz,4
DEC-LIN/normalized-PB15eval/ProofComplexity-Extracted-Cardinality-Constraints/ProofComplexity/normalized-regular-n50-d4-i2.cnf.gz-plain.pb.metafix.opb.xz,3
DEC-LIN/normalized-PB15eval/ProofComplexity-Extracted-Cardinality-Constraints/ProofComplexity/normalized-regular-n50-d4-i3.cnf.gz-extracted.pb.metafix.opb.xz,4
DEC-LIN/normalized-PB15eval/ProofComplexity-Extracted-Cardinality-Constraints/ProofComplexity/normalized-regular-n50-d4-i3.cnf.gz-plain.pb.metafix.opb.xz,3
DEC-LIN/normalized-PB15eval/ProofComplexity-Extracted-Cardinality-Constraints/ProofComplexity/normalized-regular-n9-d4-i1.cnf.gz-extracted.pb.metafix.opb.xz,4
DEC-LIN/normalized-PB15eval/ProofComplexity-Extracted-Cardinality-Constraints/ProofComplexity/normalized-regular-n9-d4-i1.cnf.gz-plain.pb.metafix.opb.xz,3
DEC-LIN/normalized-PB15eval/ProofComplexity-Extracted-Cardinality-Constraints/ProofComplexity/normalized-regular-n9-d4-i2.cnf.gz-extracted.pb.metafix.opb.xz,4
DEC-LIN/normalized-PB15eval/ProofComplexity-Extracted-Cardinality-Constraints/ProofComplexity/normalized-regular-n9-d4-i2.cnf.gz-plain.pb.metafix.opb.xz,3
DEC-LIN/normalized-PB15eval/ProofComplexity-Extracted-Cardinality-Constraints/ProofComplexity/normalized-regular-n9-d4-i3.cnf.gz-extracted.pb.metafix.opb.xz,4
DEC-LIN/normalized-PB15eval/ProofComplexity-Extracted-Cardinality-Constraints/ProofComplexity/normalized-regular-n9-d4-i3.cnf.gz-plain.pb.metafix.opb.xz,3
DEC-LIN/normalized-PB15eval/ProofComplexity-Extracted-Cardinality-Constraints/ProofComplexity/normalized-subsetCardinalitySigma-10-1.cnf.gz-extracted.pb.metafix.opb.xz,4
DEC-LIN/normalized-PB15eval/ProofComplexity-Extracted-Cardinality-Constraints/ProofComplexity/normalized-subsetCardinalitySigma-10-2.cnf.gz-extracted.pb.metafix.opb.xz,4
DEC-LIN/normalized-PB15eval/ProofComplexity-Extracted-Cardinality-Constraints/ProofComplexity/normalized-subsetCardinalitySigma-10-2.cnf.gz-plain.pb.metafix.opb.xz,3
DEC-LIN/normalized-PB15eval/ProofComplexity-Extracted-Cardinality-Constraints/ProofComplexity/normalized-subsetCardinalitySigma-10-3.cnf.gz-plain.pb.metafix.opb.xz,3
DEC-LIN/normalized-PB15eval/ProofComplexity-Extracted-Cardinality-Constraints/ProofComplexity/normalized-subsetCardinalitySigma-11-1.cnf.gz-extracted.pb.metafix.opb.xz,4
DEC-LIN/normalized-PB15eval/ProofComplexity-Extracted-Cardinality-Constraints/ProofComplexity/normalized-subsetCardinalitySigma-11-1.cnf.gz-plain.pb.metafix.opb.xz,3
DEC-LIN/normalized-PB15eval/ProofComplexity-Extracted-Cardinality-Constraints/ProofComplexity/normalized-subsetCardinalitySigma-11-2.cnf.gz-extracted.pb.metafix.opb.xz,4
DEC-LIN/normalized-PB15eval/ProofComplexity-Extracted-Cardinality-Constraints/ProofComplexity/normalized-subsetCardinalitySigma-11-2.cnf.gz-plain.pb.metafix.opb.xz,3
DEC-LIN/normalized-PB15eval/ProofComplexity-Extracted-Cardinality-Constraints/ProofComplexity/normalized-subsetCardinalitySigma-11-3.cnf.gz-plain.pb.metafix.opb.xz,3
DEC-LIN/normalized-PB15eval/ProofComplexity-Extracted-Cardinality-Constraints/ProofComplexity/normalized-subsetCardinalitySigma-12-1.cnf.gz-extracted.pb.metafix.opb.xz,4
DEC-LIN/normalized-PB15eval/ProofComplexity-Extracted-Cardinality-Constraints/ProofComplexity/normalized-subsetCardinalitySigma-12-2.cnf.gz-extracted.pb.metafix.opb.xz,4
DEC-LIN/normalized-PB15eval/ProofComplexity-Extracted-Cardinality-Constraints/ProofComplexity/normalized-subsetCardinalitySigma-12-3.cnf.gz-extracted.pb.metafix.opb.xz,4
DEC-LIN/normalized-PB15eval/ProofComplexity-Extracted-Cardinality-Constraints/ProofComplexity/normalized-subsetCardinalitySigma-12-3.cnf.gz-plain.pb.metafix.opb.xz,3
DEC-LIN/normalized-PB15eval/ProofComplexity-Extracted-Cardinality-Constraints/ProofComplexity/normalized-subsetCardinalitySigma-13-1.cnf.gz-extracted.pb.metafix.opb.xz,4
DEC-LIN/normalized-PB15eval/ProofComplexity-Extracted-Cardinality-Constraints/ProofComplexity/normalized-subsetCardinalitySigma-13-1.cnf.gz-plain.pb.metafix.opb.xz,3
DEC-LIN/normalized-PB15eval/ProofComplexity-Extracted-Cardinality-Constraints/ProofComplexity/normalized-subsetCardinalitySigma-13-2.cnf.gz-plain.pb.metafix.opb.xz,3
DEC-LIN/normalized-PB15eval/ProofComplexity-Extracted-Cardinality-Constraints/ProofComplexity/normalized-subsetCardinalitySigma-13-3.cnf.gz-extracted.pb.metafix.opb.xz,4
DEC-LIN/normalized-PB15eval/ProofComplexity-Extracted-Cardinality-Constraints/ProofComplexity/normalized-subsetCardinalitySigma-13-3.cnf.gz-plain.pb.metafix.opb.xz,3
DEC-LIN/normalized-PB15eval/ProofComplexity-Extracted-Cardinality-Constraints/ProofComplexity/normalized-subsetCardinalitySigma-14-1.cnf.gz-extracted.pb.metafix.opb.xz,4
DEC-LIN/normalized-PB15eval/ProofComplexity-Extracted-Cardinality-Constraints/ProofComplexity/normalized-subsetCardinalitySigma-14-1.cnf.gz-plain.pb.metafix.opb.xz,3
DEC-LIN/normalized-PB15eval/ProofComplexity-Extracted-Cardinality-Constraints/ProofComplexity/normalized-subsetCardinalitySigma-14-2.cnf.gz-extracted.pb.metafix.opb.xz,4
DEC-LIN/normalized-PB15eval/ProofComplexity-Extracted-Cardinality-Constraints/ProofComplexity/normalized-subsetCardinalitySigma-14-2.cnf.gz-plain.pb.metafix.opb.xz,3
DEC-LIN/normalized-PB15eval/ProofComplexity-Extracted-Cardinality-Constraints/ProofComplexity/normalized-subsetCardinalitySigma-14-3.cnf.gz-extracted.pb.metafix.opb.xz,4
DEC-LIN/normalized-PB15eval/ProofComplexity-Extracted-Cardinality-Constraints/ProofComplexity/normalized-subsetCardinalitySigma-15-1.cnf.gz-extracted.pb.metafix.opb.xz,4
DEC-LIN/normalized-PB15eval/ProofComplexity-Extracted-Cardinality-Constraints/ProofComplexity/normalized-subsetCardinalitySigma-15-1.cnf.gz-plain.pb.metafix.opb.xz,3
DEC-LIN/normalized-PB15eval/ProofComplexity-Extracted-Cardinality-Constraints/ProofComplexity/normalized-subsetCardinalitySigma-15-2.cnf.gz-plain.pb.metafix.opb.xz,3
DEC-LIN/normalized-PB15eval/ProofComplexity-Extracted-Cardinality-Constraints/ProofComplexity/normalized-subsetCardinalitySigma-15-3.cnf.gz-extracted.pb.metafix.opb.xz,4
DEC-LIN/normalized-PB15eval/ProofComplexity-Extracted-Cardinality-Constraints/ProofComplexity/normalized-subsetCardinalitySigma-16-1.cnf.gz-extracted.pb.metafix.opb.xz,4
DEC-LIN/normalized-PB15eval/ProofComplexity-Extracted-Cardinality-Constraints/ProofComplexity/normalized-subsetCardinalitySigma-16-1.cnf.gz-plain.pb.metafix.opb.xz,3
DEC-LIN/normalized-PB15eval/ProofComplexity-Extracted-Cardinality-Constraints/ProofComplexity/normalized-subsetCardinalitySigma-16-2.cnf.gz-extracted.pb.metafix.opb.xz,4
DEC-LIN/normalized-PB15eval/ProofComplexity-Extracted-Cardinality-Constraints/ProofComplexity/normalized-subsetCardinalitySigma-16-2.cnf.gz-plain.pb.metafix.opb.xz,3
DEC-LIN/normalized-PB15eval/ProofComplexity-Extracted-Cardinality-Constraints/ProofComplexity/normalized-subsetCardinalitySigma-16-3.cnf.gz-extracted.pb.metafix.opb.xz,4
DEC-LIN/normalized-PB15eval/ProofComplexity-Extracted-Cardinality-Constraints/ProofComplexity/normalized-subsetCardinalitySigma-16-3.cnf.gz-plain.pb.metafix.opb.xz,3
DEC-LIN/normalized-PB15eval/ProofComplexity-Extracted-Cardinality-Constraints/ProofComplexity/normalized-subsetCardinalitySigma-17-1.cnf.gz-extracted.pb.metafix.opb.xz,4
DEC-LIN/normalized-PB15eval/ProofComplexity-Extracted-Cardinality-Constraints/ProofComplexity/normalized-subsetCardinalitySigma-17-1.cnf.gz-plain.pb.metafix.opb.xz,3
DEC-LIN/normalized-PB15eval/ProofComplexity-Extracted-Cardinality-Constraints/ProofComplexity/normalized-subsetCardinalitySigma-17-2.cnf.gz-extracted.pb.metafix.opb.xz,4
DEC-LIN/normalized-PB15eval/ProofComplexity-Extracted-Cardinality-Constraints/ProofComplexity/normalized-subsetCardinalitySigma-17-2.cnf.gz-plain.pb.metafix.opb.xz,3
DEC-LIN/normalized-PB15eval/ProofComplexity-Extracted-Cardinality-Constraints/ProofComplexity/normalized-subsetCardinalitySigma-17-3.cnf.gz-extracted.pb.metafix.opb.xz,4
DEC-LIN/normalized-PB15eval/ProofComplexity-Extracted-Cardinality-Constraints/ProofComplexity/normalized-subsetCardinalitySigma-17-3.cnf.gz-plain.pb.metafix.opb.xz,3
DEC-LIN/normalized-PB15eval/ProofComplexity-Extracted-Cardinality-Constraints/ProofComplexity/normalized-subsetCardinalitySigma-18-1.cnf.gz-extracted.pb.metafix.opb.xz,4
DEC-LIN/normalized-PB15eval/ProofComplexity-Extracted-Cardinality-Constraints/ProofComplexity/normalized-subsetCardinalitySigma-18-1.cnf.gz-plain.pb.metafix.opb.xz,3
DEC-LIN/normalized-PB15eval/ProofComplexity-Extracted-Cardinality-Constraints/ProofComplexity/normalized-subsetCardinalitySigma-18-2.cnf.gz-extracted.pb.metafix.opb.xz,4
DEC-LIN/normalized-PB15eval/ProofComplexity-Extracted-Cardinality-Constraints/ProofComplexity/normalized-subsetCardinalitySigma-18-2.cnf.gz-plain.pb.metafix.opb.xz,3
DEC-LIN/normalized-PB15eval/ProofComplexity-Extracted-Cardinality-Constraints/ProofComplexity/normalized-subsetCardinalitySigma-18-3.cnf.gz-extracted.pb.metafix.opb.xz,4
DEC-LIN/normalized-PB15eval/ProofComplexity-Extracted-Cardinality-Constraints/ProofComplexity/normalized-subsetCardinalitySigma-18-3.cnf.gz-plain.pb.metafix.opb.xz,3
DEC-LIN/normalized-PB15eval/ProofComplexity-Extracted-Cardinality-Constraints/ProofComplexity/normalized-subsetCardinalitySigma-19-1.cnf.gz-extracted.pb.metafix.opb.xz,4
DEC-LIN/normalized-PB15eval/ProofComplexity-Extracted-Cardinality-Constraints/ProofComplexity/normalized-subsetCardinalitySigma-19-2.cnf.gz-plain.pb.metafix.opb.xz,3
DEC-LIN/normalized-PB15eval/ProofComplexity-Extracted-Cardinality-Constraints/ProofComplexity/normalized-subsetCardinalitySigma-19-3.cnf.gz-plain.pb.metafix.opb.xz,3
DEC-LIN/normalized-PB15eval/ProofComplexity-Extracted-Cardinality-Constraints/ProofComplexity/normalized-subsetCardinalitySigma-20-1.cnf.gz-plain.pb.metafix.opb.xz,3
DEC-LIN/normalized-PB15eval/ProofComplexity-Extracted-Cardinality-Constraints/ProofComplexity/normalized-subsetCardinalitySigma-20-2.cnf.gz-extracted.pb.metafix.opb.xz,4
DEC-LIN/normalized-PB15eval/ProofComplexity-Extracted-Cardinality-Constraints/ProofComplexity/normalized-subsetCardinalitySigma-20-2.cnf.gz-plain.pb.metafix.opb.xz,3
DEC-LIN/normalized-PB15eval/ProofComplexity-Extracted-Cardinality-Constraints/ProofComplexity/normalized-subsetCardinalitySigma-20-3.cnf.gz-extracted.pb.metafix.opb.xz,4
DEC-LIN/normalized-PB15eval/ProofComplexity-Extracted-Cardinality-Constraints/ProofComplexity/normalized-subsetCardinalitySigma-20-3.cnf.gz-plain.pb.metafix.opb.xz,3
DEC-LIN/normalized-PB15eval/ProofComplexity-Extracted-Cardinality-Constraints/ProofComplexity/normalized-subsetCardinalitySigma-21-1.cnf.gz-plain.pb.metafix.opb.xz,3
DEC-LIN/normalized-PB15eval/ProofComplexity-Extracted-Cardinality-Constraints/ProofComplexity/normalized-subsetCardinalitySigma-21-2.cnf.gz-extracted.pb.metafix.opb.xz,4
DEC-LIN/normalized-PB15eval/ProofComplexity-Extracted-Cardinality-Constraints/ProofComplexity/normalized-subsetCardinalitySigma-21-2.cnf.gz-plain.pb.metafix.opb.xz,3
DEC-LIN/normalized-PB15eval/ProofComplexity-Extracted-Cardinality-Constraints/ProofComplexity/normalized-subsetCardinalitySigma-21-3.cnf.gz-extracted.pb.metafix.opb.xz,4
DEC-LIN/normalized-PB15eval/ProofComplexity-Extracted-Cardinality-Constraints/ProofComplexity/normalized-subsetCardinalitySigma-22-1.cnf.gz-extracted.pb.metafix.opb.xz,4
DEC-LIN/normalized-PB15eval/ProofComplexity-Extracted-Cardinality-Constraints/ProofComplexity/normalized-subsetCardinalitySigma-22-1.cnf.gz-plain.pb.metafix.opb.xz,3
DEC-LIN/normalized-PB15eval/ProofComplexity-Extracted-Cardinality-Constraints/ProofComplexity/normalized-subsetCardinalitySigma-22-2.cnf.gz-extracted.pb.metafix.opb.xz,4
DEC-LIN/normalized-PB15eval/ProofComplexity-Extracted-Cardinality-Constraints/ProofComplexity/normalized-subsetCardinalitySigma-22-2.cnf.gz-plain.pb.metafix.opb.xz,3
DEC-LIN/normalized-PB15eval/ProofComplexity-Extracted-Cardinality-Constraints/ProofComplexity/normalized-subsetCardinalitySigma-22-3.cnf.gz-plain.pb.metafix.opb.xz,3
DEC-LIN/normalized-PB15eval/ProofComplexity-Extracted-Cardinality-Constraints/ProofComplexity/normalized-subsetCardinalitySigma-23-1.cnf.gz-plain.pb.metafix.opb.xz,3
DEC-LIN/normalized-PB15eval/ProofComplexity-Extracted-Cardinality-Constraints/ProofComplexity/normalized-subsetCardinalitySigma-23-2.cnf.gz-extracted.pb.metafix.opb.xz,4
DEC-LIN/normalized-PB15eval/ProofComplexity-Extracted-Cardinality-Constraints/ProofComplexity/normalized-subsetCardinalitySigma-23-2.cnf.gz-plain.pb.metafix.opb.xz,3
DEC-LIN/normalized-PB15eval/ProofComplexity-Extracted-Cardinality-Constraints/ProofComplexity/normalized-subsetCardinalitySigma-23-3.cnf.gz-extracted.pb.metafix.opb.xz,4
DEC-LIN/normalized-PB15eval/ProofComplexity-Extracted-Cardinality-Constraints/ProofComplexity/normalized-subsetCardinalitySigma-23-3.cnf.gz-plain.pb.metafix.opb.xz,3
DEC-LIN/normalized-PB15eval/ProofComplexity-Extracted-Cardinality-Constraints/ProofComplexity/normalized-subsetCardinalitySigma-24-1.cnf.gz-plain.pb.metafix.opb.xz,3
DEC-LIN/normalized-PB15eval/ProofComplexity-Extracted-Cardinality-Constraints/ProofComplexity/normalized-subsetCardinalitySigma-24-2.cnf.gz-extracted.pb.metafix.opb.xz,4
DEC-LIN/normalized-PB15eval/ProofComplexity-Extracted-Cardinality-Constraints/ProofComplexity/normalized-subsetCardinalitySigma-24-2.cnf.gz-plain.pb.metafix.opb.xz,3
DEC-LIN/normalized-PB15eval/ProofComplexity-Extracted-Cardinality-Constraints/ProofComplexity/normalized-subsetCardinalitySigma-24-3.cnf.gz-extracted.pb.metafix.opb.xz,4
DEC-LIN/normalized-PB15eval/ProofComplexity-Extracted-Cardinality-Constraints/ProofComplexity/normalized-subsetCardinalitySigma-24-3.cnf.gz-plain.pb.metafix.opb.xz,3
DEC-LIN/normalized-PB15eval/ProofComplexity-Extracted-Cardinality-Constraints/ProofComplexity/normalized-subsetCardinalitySigma-25-1.cnf.gz-extracted.pb.metafix.opb.xz,4
DEC-LIN/normalized-PB15eval/ProofComplexity-Extracted-Cardinality-Constraints/ProofComplexity/normalized-subsetCardinalitySigma-25-1.cnf.gz-plain.pb.metafix.opb.xz,3
DEC-LIN/normalized-PB15eval/ProofComplexity-Extracted-Cardinality-Constraints/ProofComplexity/normalized-subsetCardinalitySigma-25-2.cnf.gz-extracted.pb.metafix.opb.xz,4
DEC-LIN/normalized-PB15eval/ProofComplexity-Extracted-Cardinality-Constraints/ProofComplexity/normalized-subsetCardinalitySigma-25-2.cnf.gz-plain.pb.metafix.opb.xz,3
DEC-LIN/normalized-PB15eval/ProofComplexity-Extracted-Cardinality-Constraints/ProofComplexity/normalized-subsetCardinalitySigma-25-3.cnf.gz-extracted.pb.metafix.opb.xz,4
DEC-LIN/normalized-PB15eval/ProofComplexity-Extracted-Cardinality-Constraints/ProofComplexity/normalized-subsetCardinalitySigma-25-3.cnf.gz-plain.pb.metafix.opb.xz,3
DEC-LIN/normalized-PB15eval/ProofComplexity-Extracted-Cardinality-Constraints/ProofComplexity/normalized-subsetCardinalitySigma-26-1.cnf.gz-extracted.pb.metafix.opb.xz,4
DEC-LIN/normalized-PB15eval/ProofComplexity-Extracted-Cardinality-Constraints/ProofComplexity/normalized-subsetCardinalitySigma-26-1.cnf.gz-plain.pb.metafix.opb.xz,3
DEC-LIN/normalized-PB15eval/ProofComplexity-Extracted-Cardinality-Constraints/ProofComplexity/normalized-subsetCardinalitySigma-26-2.cnf.gz-extracted.pb.metafix.opb.xz,4
DEC-LIN/normalized-PB15eval/ProofComplexity-Extracted-Cardinality-Constraints/ProofComplexity/normalized-subsetCardinalitySigma-26-2.cnf.gz-plain.pb.metafix.opb.xz,3
DEC-LIN/normalized-PB15eval/ProofComplexity-Extracted-Cardinality-Constraints/ProofComplexity/normalized-subsetCardinalitySigma-26-3.cnf.gz-extracted.pb.metafix.opb.xz,4
DEC-LIN/normalized-PB15eval/ProofComplexity-Extracted-Cardinality-Constraints/ProofComplexity/normalized-subsetCardinalitySigma-27-1.cnf.gz-extracted.pb.metafix.opb.xz,4
DEC-LIN/normalized-PB15eval/ProofComplexity-Extracted-Cardinality-Constraints/ProofComplexity/normalized-subsetCardinalitySigma-27-1.cnf.gz-plain.pb.metafix.opb.xz,3
DEC-LIN/normalized-PB15eval/ProofComplexity-Extracted-Cardinality-Constraints/ProofComplexity/normalized-subsetCardinalitySigma-27-2.cnf.gz-extracted.pb.metafix.opb.xz,4
DEC-LIN/normalized-PB15eval/ProofComplexity-Extracted-Cardinality-Constraints/ProofComplexity/normalized-subsetCardinalitySigma-27-2.cnf.gz-plain.pb.metafix.opb.xz,3
DEC-LIN/normalized-PB15eval/ProofComplexity-Extracted-Cardinality-Constraints/ProofComplexity/normalized-subsetCardinalitySigma-27-3.cnf.gz-extracted.pb.metafix.opb.xz,4
DEC-LIN/normalized-PB15eval/ProofComplexity-Extracted-Cardinality-Constraints/ProofComplexity/normalized-subsetCardinalitySigma-27-3.cnf.gz-plain.pb.metafix.opb.xz,3
DEC-LIN/normalized-PB15eval/ProofComplexity-Extracted-Cardinality-Constraints/ProofComplexity/normalized-subsetCardinalitySigma-28-1.cnf.gz-plain.pb.metafix.opb.xz,3
DEC-LIN/normalized-PB15eval/ProofComplexity-Extracted-Cardinality-Constraints/ProofComplexity/normalized-subsetCardinalitySigma-28-2.cnf.gz-extracted.pb.metafix.opb.xz,4
DEC-LIN/normalized-PB15eval/ProofComplexity-Extracted-Cardinality-Constraints/ProofComplexity/normalized-subsetCardinalitySigma-28-2.cnf.gz-plain.pb.metafix.opb.xz,3
DEC-LIN/normalized-PB15eval/ProofComplexity-Extracted-Cardinality-Constraints/ProofComplexity/normalized-subsetCardinalitySigma-28-3.cnf.gz-extracted.pb.metafix.opb.xz,4
DEC-LIN/normalized-PB15eval/ProofComplexity-Extracted-Cardinality-Constraints/ProofComplexity/normalized-subsetCardinalitySigma-29-1.cnf.gz-extracted.pb.metafix.opb.xz,4
DEC-LIN/normalized-PB15eval/ProofComplexity-Extracted-Cardinality-Constraints/ProofComplexity/normalized-subsetCardinalitySigma-29-2.cnf.gz-extracted.pb.metafix.opb.xz,4
DEC-LIN/normalized-PB15eval/ProofComplexity-Extracted-Cardinality-Constraints/ProofComplexity/normalized-subsetCardinalitySigma-29-2.cnf.gz-plain.pb.metafix.opb.xz,3
DEC-LIN/normalized-PB15eval/ProofComplexity-Extracted-Cardinality-Constraints/ProofComplexity/normalized-subsetCardinalitySigma-29-3.cnf.gz-extracted.pb.metafix.opb.xz,4
DEC-LIN/normalized-PB15eval/ProofComplexity-Extracted-Cardinality-Constraints/ProofComplexity/normalized-subsetCardinalitySigma-29-3.cnf.gz-plain.pb.metafix.opb.xz,3
DEC-LIN/normalized-PB15eval/ProofComplexity-Extracted-Cardinality-Constraints/ProofComplexity/normalized-subsetCardinalitySigma-30-1.cnf.gz-extracted.pb.metafix.opb.xz,4
DEC-LIN/normalized-PB15eval/ProofComplexity-Extracted-Cardinality-Constraints/ProofComplexity/normalized-subsetCardinalitySigma-30-1.cnf.gz-plain.pb.metafix.opb.xz,3
DEC-LIN/normalized-PB15eval/ProofComplexity-Extracted-Cardinality-Constraints/ProofComplexity/normalized-subsetCardinalitySigma-30-2.cnf.gz-extracted.pb.metafix.opb.xz,4
DEC-LIN/normalized-PB15eval/ProofComplexity-Extracted-Cardinality-Constraints/ProofComplexity/normalized-subsetCardinalitySigma-30-2.cnf.gz-plain.pb.metafix.opb.xz,3
DEC-LIN/normalized-PB15eval/ProofComplexity-Extracted-Cardinality-Constraints/ProofComplexity/normalized-subsetCardinalitySigma-30-3.cnf.gz-extracted.pb.metafix.opb.xz,4
DEC-LIN/normalized-PB15eval/ProofComplexity-Extracted-Cardinality-Constraints/ProofComplexity/normalized-subsetCardinalitySigma-30-3.cnf.gz-plain.pb.metafix.opb.xz,3
DEC-LIN/normalized-PB15eval/ProofComplexity-Extracted-Cardinality-Constraints/ProofComplexity/normalized-subsetCardinalitySigma-31-1.cnf.gz-extracted.pb.metafix.opb.xz,4
DEC-LIN/normalized-PB15eval/ProofComplexity-Extracted-Cardinality-Constraints/ProofComplexity/normalized-subsetCardinalitySigma-31-1.cnf.gz-plain.pb.metafix.opb.xz,3
DEC-LIN/normalized-PB15eval/ProofComplexity-Extracted-Cardinality-Constraints/ProofComplexity/normalized-subsetCardinalitySigma-31-2.cnf.gz-extracted.pb.metafix.opb.xz,4
DEC-LIN/normalized-PB15eval/ProofComplexity-Extracted-Cardinality-Constraints/ProofComplexity/normalized-subsetCardinalitySigma-31-3.cnf.gz-extracted.pb.metafix.opb.xz,4
DEC-LIN/normalized-PB15eval/ProofComplexity-Extracted-Cardinality-Constraints/ProofComplexity/normalized-subsetCardinalitySigma-32-1.cnf.gz-extracted.pb.metafix.opb.xz,4
DEC-LIN/normalized-PB15eval/ProofComplexity-Extracted-Cardinality-Constraints/ProofComplexity/normalized-subsetCardinalitySigma-32-1.cnf.gz-plain.pb.metafix.opb.xz,3
DEC-LIN/normalized-PB15eval/ProofComplexity-Extracted-Cardinality-Constraints/ProofComplexity/normalized-subsetCardinalitySigma-32-2.cnf.gz-extracted.pb.metafix.opb.xz,4
DEC-LIN/normalized-PB15eval/ProofComplexity-Extracted-Cardinality-Constraints/ProofComplexity/normalized-subsetCardinalitySigma-32-2.cnf.gz-plain.pb.metafix.opb.xz,3
DEC-LIN/normalized-PB15eval/ProofComplexity-Extracted-Cardinality-Constraints/ProofComplexity/normalized-subsetCardinalitySigma-32-3.cnf.gz-extracted.pb.metafix.opb.xz,4
DEC-LIN/normalized-PB15eval/ProofComplexity-Extracted-Cardinality-Constraints/ProofComplexity/normalized-subsetCardinalitySigma-32-3.cnf.gz-plain.pb.metafix.opb.xz,3
DEC-LIN/normalized-PB15eval/ProofComplexity-Extracted-Cardinality-Constraints/ProofComplexity/normalized-subsetCardinalitySigma-33-1.cnf.gz-extracted.pb.metafix.opb.xz,4
DEC-LIN/normalized-PB15eval/ProofComplexity-Extracted-Cardinality-Constraints/ProofComplexity/normalized-subsetCardinalitySigma-33-1.cnf.gz-plain.pb.metafix.opb.xz,3
DEC-LIN/normalized-PB15eval/ProofComplexity-Extracted-Cardinality-Constraints/ProofComplexity/normalized-subsetCardinalitySigma-33-2.cnf.gz-extracted.pb.metafix.opb.xz,4
DEC-LIN/normalized-PB15eval/ProofComplexity-Extracted-Cardinality-Constraints/ProofComplexity/normalized-subsetCardinalitySigma-33-2.cnf.gz-plain.pb.metafix.opb.xz,3
DEC-LIN/normalized-PB15eval/ProofComplexity-Extracted-Cardinality-Constraints/ProofComplexity/normalized-subsetCardinalitySigma-33-3.cnf.gz-plain.pb.metafix.opb.xz,3
DEC-LIN/normalized-PB15eval/ProofComplexity-Extracted-Cardinality-Constraints/ProofComplexity/normalized-subsetCardinalitySigma-34-1.cnf.gz-extracted.pb.metafix.opb.xz,4
DEC-LIN/normalized-PB15eval/ProofComplexity-Extracted-Cardinality-Constraints/ProofComplexity/normalized-subsetCardinalitySigma-34-1.cnf.gz-plain.pb.metafix.opb.xz,3
DEC-LIN/normalized-PB15eval/ProofComplexity-Extracted-Cardinality-Constraints/ProofComplexity/normalized-subsetCardinalitySigma-34-2.cnf.gz-extracted.pb.metafix.opb.xz,4
DEC-LIN/normalized-PB15eval/ProofComplexity-Extracted-Cardinality-Constraints/ProofComplexity/normalized-subsetCardinalitySigma-34-2.cnf.gz-plain.pb.metafix.opb.xz,3
DEC-LIN/normalized-PB15eval/ProofComplexity-Extracted-Cardinality-Constraints/ProofComplexity/normalized-subsetCardinalitySigma-34-3.cnf.gz-extracted.pb.metafix.opb.xz,4
DEC-LIN/normalized-PB15eval/ProofComplexity-Extracted-Cardinality-Constraints/ProofComplexity/normalized-subsetCardinalitySigma-34-3.cnf.gz-plain.pb.metafix.opb.xz,3
DEC-LIN/normalized-PB15eval/ProofComplexity-Extracted-Cardinality-Constraints/ProofComplexity/normalized-subsetCardinalitySigma-35-1.cnf.gz-extracted.pb.metafix.opb.xz,4
DEC-LIN/normalized-PB15eval/ProofComplexity-Extracted-Cardinality-Constraints/ProofComplexity/normalized-subsetCardinalitySigma-35-1.cnf.gz-plain.pb.metafix.opb.xz,3
DEC-LIN/normalized-PB15eval/ProofComplexity-Extracted-Cardinality-Constraints/ProofComplexity/normalized-subsetCardinalitySigma-35-2.cnf.gz-plain.pb.metafix.opb.xz,3
DEC-LIN/normalized-PB15eval/ProofComplexity-Extracted-Cardinality-Constraints/ProofComplexity/normalized-subsetCardinalitySigma-35-3.cnf.gz-extracted.pb.metafix.opb.xz,4
DEC-LIN/normalized-PB15eval/ProofComplexity-Extracted-Cardinality-Constraints/ProofComplexity/normalized-subsetCardinalitySigma-36-1.cnf.gz-extracted.pb.metafix.opb.xz,4
DEC-LIN/normalized-PB15eval/ProofComplexity-Extracted-Cardinality-Constraints/ProofComplexity/normalized-subsetCardinalitySigma-36-1.cnf.gz-plain.pb.metafix.opb.xz,3
DEC-LIN/normalized-PB15eval/ProofComplexity-Extracted-Cardinality-Constraints/ProofComplexity/normalized-subsetCardinalitySigma-36-2.cnf.gz-extracted.pb.metafix.opb.xz,4
DEC-LIN/normalized-PB15eval/ProofComplexity-Extracted-Cardinality-Constraints/ProofComplexity/normalized-subsetCardinalitySigma-36-2.cnf.gz-plain.pb.metafix.opb.xz,3
DEC-LIN/normalized-PB15eval/ProofComplexity-Extracted-Cardinality-Constraints/ProofComplexity/normalized-subsetCardinalitySigma-36-3.cnf.gz-extracted.pb.metafix.opb.xz,4
DEC-LIN/normalized-PB15eval/ProofComplexity-Extracted-Cardinality-Constraints/ProofComplexity/normalized-subsetCardinalitySigma-36-3.cnf.gz-plain.pb.metafix.opb.xz,3
DEC-LIN/normalized-PB15eval/ProofComplexity-Extracted-Cardinality-Constraints/ProofComplexity/normalized-subsetCardinalitySigma-37-1.cnf.gz-extracted.pb.metafix.opb.xz,4
DEC-LIN/normalized-PB15eval/ProofComplexity-Extracted-Cardinality-Constraints/ProofComplexity/normalized-subsetCardinalitySigma-37-1.cnf.gz-plain.pb.metafix.opb.xz,3
DEC-LIN/normalized-PB15eval/ProofComplexity-Extracted-Cardinality-Constraints/ProofComplexity/normalized-subsetCardinalitySigma-37-2.cnf.gz-extracted.pb.metafix.opb.xz,4
DEC-LIN/normalized-PB15eval/ProofComplexity-Extracted-Cardinality-Constraints/ProofComplexity/normalized-subsetCardinalitySigma-37-3.cnf.gz-extracted.pb.metafix.opb.xz,4
DEC-LIN/normalized-PB15eval/ProofComplexity-Extracted-Cardinality-Constraints/ProofComplexity/normalized-subsetCardinalitySigma-38-1.cnf.gz-extracted.pb.metafix.opb.xz,4
DEC-LIN/normalized-PB15eval/ProofComplexity-Extracted-Cardinality-Constraints/ProofComplexity/normalized-subsetCardinalitySigma-38-1.cnf.gz-plain.pb.metafix.opb.xz,3
DEC-LIN/normalized-PB15eval/ProofComplexity-Extracted-Cardinality-Constraints/ProofComplexity/normalized-subsetCardinalitySigma-38-2.cnf.gz-extracted.pb.metafix.opb.xz,4
DEC-LIN/normalized-PB15eval/ProofComplexity-Extracted-Cardinality-Constraints/ProofComplexity/normalized-subsetCardinalitySigma-38-2.cnf.gz-plain.pb.metafix.opb.xz,3
DEC-LIN/normalized-PB15eval/ProofComplexity-Extracted-Cardinality-Constraints/ProofComplexity/normalized-subsetCardinalitySigma-38-3.cnf.gz-extracted.pb.metafix.opb.xz,4
DEC-LIN/normalized-PB15eval/ProofComplexity-Extracted-Cardinality-Constraints/ProofComplexity/normalized-subsetCardinalitySigma-39-1.cnf.gz-extracted.pb.metafix.opb.xz,4
DEC-LIN/normalized-PB15eval/ProofComplexity-Extracted-Cardinality-Constraints/ProofComplexity/normalized-subsetCardinalitySigma-39-1.cnf.gz-plain.pb.metafix.opb.xz,3
DEC-LIN/normalized-PB15eval/ProofComplexity-Extracted-Cardinality-Constraints/ProofComplexity/normalized-subsetCardinalitySigma-39-2.cnf.gz-extracted.pb.metafix.opb.xz,4
DEC-LIN/normalized-PB15eval/ProofComplexity-Extracted-Cardinality-Constraints/ProofComplexity/normalized-subsetCardinalitySigma-39-2.cnf.gz-plain.pb.metafix.opb.xz,3
DEC-LIN/normalized-PB15eval/ProofComplexity-Extracted-Cardinality-Constraints/ProofComplexity/normalized-subsetCardinalitySigma-39-3.cnf.gz-plain.pb.metafix.opb.xz,3
DEC-LIN/normalized-PB15eval/ProofComplexity-Extracted-Cardinality-Constraints/ProofComplexity/normalized-subsetCardinalitySigma-40-1.cnf.gz-extracted.pb.metafix.opb.xz,4
DEC-LIN/normalized-PB15eval/ProofComplexity-Extracted-Cardinality-Constraints/ProofComplexity/normalized-subsetCardinalitySigma-40-1.cnf.gz-plain.pb.metafix.opb.xz,3
DEC-LIN/normalized-PB15eval/ProofComplexity-Extracted-Cardinality-Constraints/ProofComplexity/normalized-subsetCardinalitySigma-40-3.cnf.gz-extracted.pb.metafix.opb.xz,4
DEC-LIN/normalized-PB15eval/ProofComplexity-Extracted-Cardinality-Constraints/ProofComplexity/normalized-subsetCardinalitySigma-40-3.cnf.gz-plain.pb.metafix.opb.xz,3
DEC-LIN/normalized-PB15eval/ProofComplexity-Extracted-Cardinality-Constraints/ProofComplexity/normalized-subsetCardinalitySigma-41-1.cnf.gz-extracted.pb.metafix.opb.xz,4
DEC-LIN/normalized-PB15eval/ProofComplexity-Extracted-Cardinality-Constraints/ProofComplexity/normalized-subsetCardinalitySigma-41-1.cnf.gz-plain.pb.metafix.opb.xz,3
DEC-LIN/normalized-PB15eval/ProofComplexity-Extracted-Cardinality-Constraints/ProofComplexity/normalized-subsetCardinalitySigma-41-2.cnf.gz-extracted.pb.metafix.opb.xz,4
DEC-LIN/normalized-PB15eval/ProofComplexity-Extracted-Cardinality-Constraints/ProofComplexity/normalized-subsetCardinalitySigma-41-2.cnf.gz-plain.pb.metafix.opb.xz,3
DEC-LIN/normalized-PB15eval/ProofComplexity-Extracted-Cardinality-Constraints/ProofComplexity/normalized-subsetCardinalitySigma-41-3.cnf.gz-extracted.pb.metafix.opb.xz,4
DEC-LIN/normalized-PB15eval/ProofComplexity-Extracted-Cardinality-Constraints/ProofComplexity/normalized-subsetCardinalitySigma-42-1.cnf.gz-extracted.pb.metafix.opb.xz,4
DEC-LIN/normalized-PB15eval/ProofComplexity-Extracted-Cardinality-Constraints/ProofComplexity/normalized-subsetCardinalitySigma-42-1.cnf.gz-plain.pb.metafix.opb.xz,3
DEC-LIN/normalized-PB15eval/ProofComplexity-Extracted-Cardinality-Constraints/ProofComplexity/normalized-subsetCardinalitySigma-42-2.cnf.gz-extracted.pb.metafix.opb.xz,4
DEC-LIN/normalized-PB15eval/ProofComplexity-Extracted-Cardinality-Constraints/ProofComplexity/normalized-subsetCardinalitySigma-42-3.cnf.gz-plain.pb.metafix.opb.xz,3
DEC-LIN/normalized-PB15eval/ProofComplexity-Extracted-Cardinality-Constraints/ProofComplexity/normalized-subsetCardinalitySigma-43-1.cnf.gz-extracted.pb.metafix.opb.xz,4
DEC-LIN/normalized-PB15eval/ProofComplexity-Extracted-Cardinality-Constraints/ProofComplexity/normalized-subsetCardinalitySigma-43-1.cnf.gz-plain.pb.metafix.opb.xz,3
DEC-LIN/normalized-PB15eval/ProofComplexity-Extracted-Cardinality-Constraints/ProofComplexity/normalized-subsetCardinalitySigma-43-3.cnf.gz-extracted.pb.metafix.opb.xz,4
DEC-LIN/normalized-PB15eval/ProofComplexity-Extracted-Cardinality-Constraints/ProofComplexity/normalized-subsetCardinalitySigma-43-3.cnf.gz-plain.pb.metafix.opb.xz,3
DEC-LIN/normalized-PB15eval/ProofComplexity-Extracted-Cardinality-Constraints/ProofComplexity/normalized-subsetCardinalitySigma-44-1.cnf.gz-extracted.pb.metafix.opb.xz,4
DEC-LIN/normalized-PB15eval/ProofComplexity-Extracted-Cardinality-Constraints/ProofComplexity/normalized-subsetCardinalitySigma-44-1.cnf.gz-plain.pb.metafix.opb.xz,3
DEC-LIN/normalized-PB15eval/ProofComplexity-Extracted-Cardinality-Constraints/ProofComplexity/normalized-subsetCardinalitySigma-44-2.cnf.gz-extracted.pb.metafix.opb.xz,4
DEC-LIN/normalized-PB15eval/ProofComplexity-Extracted-Cardinality-Constraints/ProofComplexity/normalized-subsetCardinalitySigma-44-2.cnf.gz-plain.pb.metafix.opb.xz,3
DEC-LIN/normalized-PB15eval/ProofComplexity-Extracted-Cardinality-Constraints/ProofComplexity/normalized-subsetCardinalitySigma-44-3.cnf.gz-plain.pb.metafix.opb.xz,3
DEC-LIN/normalized-PB15eval/ProofComplexity-Extracted-Cardinality-Constraints/ProofComplexity/normalized-subsetCardinalitySigma-45-1.cnf.gz-extracted.pb.metafix.opb.xz,4
DEC-LIN/normalized-PB15eval/ProofComplexity-Extracted-Cardinality-Constraints/ProofComplexity/normalized-subsetCardinalitySigma-45-1.cnf.gz-plain.pb.metafix.opb.xz,3
DEC-LIN/normalized-PB15eval/ProofComplexity-Extracted-Cardinality-Constraints/ProofComplexity/normalized-subsetCardinalitySigma-45-2.cnf.gz-extracted.pb.metafix.opb.xz,4
DEC-LIN/normalized-PB15eval/ProofComplexity-Extracted-Cardinality-Constraints/ProofComplexity/normalized-subsetCardinalitySigma-45-2.cnf.gz-plain.pb.metafix.opb.xz,3
DEC-LIN/normalized-PB15eval/ProofComplexity-Extracted-Cardinality-Constraints/ProofComplexity/normalized-subsetCardinalitySigma-45-3.cnf.gz-extracted.pb.metafix.opb.xz,4
DEC-LIN/normalized-PB15eval/ProofComplexity-Extracted-Cardinality-Constraints/ProofComplexity/normalized-subsetCardinalitySigma-45-3.cnf.gz-plain.pb.metafix.opb.xz,3
DEC-LIN/normalized-PB15eval/ProofComplexity-Extracted-Cardinality-Constraints/ProofComplexity/normalized-subsetCardinalitySigma-46-1.cnf.gz-extracted.pb.metafix.opb.xz,4
DEC-LIN/normalized-PB15eval/ProofComplexity-Extracted-Cardinality-Constraints/ProofComplexity/normalized-subsetCardinalitySigma-46-2.cnf.gz-extracted.pb.metafix.opb.xz,4
DEC-LIN/normalized-PB15eval/ProofComplexity-Extracted-Cardinality-Constraints/ProofComplexity/normalized-subsetCardinalitySigma-46-2.cnf.gz-plain.pb.metafix.opb.xz,3
DEC-LIN/normalized-PB15eval/ProofComplexity-Extracted-Cardinality-Constraints/ProofComplexity/normalized-subsetCardinalitySigma-46-3.cnf.gz-plain.pb.metafix.opb.xz,3
DEC-LIN/normalized-PB15eval/ProofComplexity-Extracted-Cardinality-Constraints/ProofComplexity/normalized-subsetCardinalitySigma-47-1.cnf.gz-extracted.pb.metafix.opb.xz,4
DEC-LIN/normalized-PB15eval/ProofComplexity-Extracted-Cardinality-Constraints/ProofComplexity/normalized-subsetCardinalitySigma-47-1.cnf.gz-plain.pb.metafix.opb.xz,3
DEC-LIN/normalized-PB15eval/ProofComplexity-Extracted-Cardinality-Constraints/ProofComplexity/normalized-subsetCardinalitySigma-47-2.cnf.gz-extracted.pb.metafix.opb.xz,4
DEC-LIN/normalized-PB15eval/ProofComplexity-Extracted-Cardinality-Constraints/ProofComplexity/normalized-subsetCardinalitySigma-47-2.cnf.gz-plain.pb.metafix.opb.xz,3
DEC-LIN/normalized-PB15eval/ProofComplexity-Extracted-Cardinality-Constraints/ProofComplexity/normalized-subsetCardinalitySigma-47-3.cnf.gz-plain.pb.metafix.opb.xz,3
DEC-LIN/normalized-PB15eval/ProofComplexity-Extracted-Cardinality-Constraints/ProofComplexity/normalized-subsetCardinalitySigma-48-1.cnf.gz-extracted.pb.metafix.opb.xz,4
DEC-LIN/normalized-PB15eval/ProofComplexity-Extracted-Cardinality-Constraints/ProofComplexity/normalized-subsetCardinalitySigma-48-2.cnf.gz-extracted.pb.metafix.opb.xz,4
DEC-LIN/normalized-PB15eval/ProofComplexity-Extracted-Cardinality-Constraints/ProofComplexity/normalized-subsetCardinalitySigma-48-2.cnf.gz-plain.pb.metafix.opb.xz,3
DEC-LIN/normalized-PB15eval/ProofComplexity-Extracted-Cardinality-Constraints/ProofComplexity/normalized-subsetCardinalitySigma-48-3.cnf.gz-extracted.pb.metafix.opb.xz,4
DEC-LIN/normalized-PB15eval/ProofComplexity-Extracted-Cardinality-Constraints/ProofComplexity/normalized-subsetCardinalitySigma-49-1.cnf.gz-extracted.pb.metafix.opb.xz,4
DEC-LIN/normalized-PB15eval/ProofComplexity-Extracted-Cardinality-Constraints/ProofComplexity/normalized-subsetCardinalitySigma-49-1.cnf.gz-plain.pb.metafix.opb.xz,3
DEC-LIN/normalized-PB15eval/ProofComplexity-Extracted-Cardinality-Constraints/ProofComplexity/normalized-subsetCardinalitySigma-49-2.cnf.gz-extracted.pb.metafix.opb.xz,4
DEC-LIN/normalized-PB15eval/ProofComplexity-Extracted-Cardinality-Constraints/ProofComplexity/normalized-subsetCardinalitySigma-49-2.cnf.gz-plain.pb.metafix.opb.xz,3
DEC-LIN/normalized-PB15eval/ProofComplexity-Extracted-Cardinality-Constraints/ProofComplexity/normalized-subsetCardinalitySigma-49-3.cnf.gz-extracted.pb.metafix.opb.xz,4
DEC-LIN/normalized-PB15eval/ProofComplexity-Extracted-Cardinality-Constraints/ProofComplexity/normalized-subsetCardinalitySigma-49-3.cnf.gz-plain.pb.metafix.opb.xz,3
DEC-LIN/normalized-PB15eval/ProofComplexity-Extracted-Cardinality-Constraints/ProofComplexity/normalized-subsetCardinalitySigma-5-1.cnf.gz-extracted.pb.metafix.opb.xz,4
DEC-LIN/normalized-PB15eval/ProofComplexity-Extracted-Cardinality-Constraints/ProofComplexity/normalized-subsetCardinalitySigma-5-1.cnf.gz-plain.pb.metafix.opb.xz,3
DEC-LIN/normalized-PB15eval/ProofComplexity-Extracted-Cardinality-Constraints/ProofComplexity/normalized-subsetCardinalitySigma-5-3.cnf.gz-extracted.pb.metafix.opb.xz,4
DEC-LIN/normalized-PB15eval/ProofComplexity-Extracted-Cardinality-Constraints/ProofComplexity/normalized-subsetCardinalitySigma-5-3.cnf.gz-plain.pb.metafix.opb.xz,3
DEC-LIN/normalized-PB15eval/ProofComplexity-Extracted-Cardinality-Constraints/ProofComplexity/normalized-subsetCardinalitySigma-50-1.cnf.gz-extracted.pb.metafix.opb.xz,4
DEC-LIN/normalized-PB15eval/ProofComplexity-Extracted-Cardinality-Constraints/ProofComplexity/normalized-subsetCardinalitySigma-50-1.cnf.gz-plain.pb.metafix.opb.xz,3
DEC-LIN/normalized-PB15eval/ProofComplexity-Extracted-Cardinality-Constraints/ProofComplexity/normalized-subsetCardinalitySigma-50-2.cnf.gz-extracted.pb.metafix.opb.xz,4
DEC-LIN/normalized-PB15eval/ProofComplexity-Extracted-Cardinality-Constraints/ProofComplexity/normalized-subsetCardinalitySigma-50-3.cnf.gz-extracted.pb.metafix.opb.xz,4
DEC-LIN/normalized-PB15eval/ProofComplexity-Extracted-Cardinality-Constraints/ProofComplexity/normalized-subsetCardinalitySigma-50-3.cnf.gz-plain.pb.metafix.opb.xz,3
DEC-LIN/normalized-PB15eval/ProofComplexity-Extracted-Cardinality-Constraints/ProofComplexity/normalized-subsetCardinalitySigma-51-1.cnf.gz-plain.pb.metafix.opb.xz,3
DEC-LIN/normalized-PB15eval/ProofComplexity-Extracted-Cardinality-Constraints/ProofComplexity/normalized-subsetCardinalitySigma-51-3.cnf.gz-extracted.pb.metafix.opb.xz,4
DEC-LIN/normalized-PB15eval/ProofComplexity-Extracted-Cardinality-Constraints/ProofComplexity/normalized-subsetCardinalitySigma-51-3.cnf.gz-plain.pb.metafix.opb.xz,3
DEC-LIN/normalized-PB15eval/ProofComplexity-Extracted-Cardinality-Constraints/ProofComplexity/normalized-subsetCardinalitySigma-52-1.cnf.gz-extracted.pb.metafix.opb.xz,4
DEC-LIN/normalized-PB15eval/ProofComplexity-Extracted-Cardinality-Constraints/ProofComplexity/normalized-subsetCardinalitySigma-52-1.cnf.gz-plain.pb.metafix.opb.xz,3
DEC-LIN/normalized-PB15eval/ProofComplexity-Extracted-Cardinality-Constraints/ProofComplexity/normalized-subsetCardinalitySigma-52-2.cnf.gz-extracted.pb.metafix.opb.xz,4
DEC-LIN/normalized-PB15eval/ProofComplexity-Extracted-Cardinality-Constraints/ProofComplexity/normalized-subsetCardinalitySigma-52-2.cnf.gz-plain.pb.metafix.opb.xz,3
DEC-LIN/normalized-PB15eval/ProofComplexity-Extracted-Cardinality-Constraints/ProofComplexity/normalized-subsetCardinalitySigma-52-3.cnf.gz-extracted.pb.metafix.opb.xz,4
DEC-LIN/normalized-PB15eval/ProofComplexity-Extracted-Cardinality-Constraints/ProofComplexity/normalized-subsetCardinalitySigma-52-3.cnf.gz-plain.pb.metafix.opb.xz,3
DEC-LIN/normalized-PB15eval/ProofComplexity-Extracted-Cardinality-Constraints/ProofComplexity/normalized-subsetCardinalitySigma-53-1.cnf.gz-extracted.pb.metafix.opb.xz,4
DEC-LIN/normalized-PB15eval/ProofComplexity-Extracted-Cardinality-Constraints/ProofComplexity/normalized-subsetCardinalitySigma-53-1.cnf.gz-plain.pb.metafix.opb.xz,3
DEC-LIN/normalized-PB15eval/ProofComplexity-Extracted-Cardinality-Constraints/ProofComplexity/normalized-subsetCardinalitySigma-53-2.cnf.gz-extracted.pb.metafix.opb.xz,4
DEC-LIN/normalized-PB15eval/ProofComplexity-Extracted-Cardinality-Constraints/ProofComplexity/normalized-subsetCardinalitySigma-53-2.cnf.gz-plain.pb.metafix.opb.xz,3
DEC-LIN/normalized-PB15eval/ProofComplexity-Extracted-Cardinality-Constraints/ProofComplexity/normalized-subsetCardinalitySigma-53-3.cnf.gz-extracted.pb.metafix.opb.xz,4
DEC-LIN/normalized-PB15eval/ProofComplexity-Extracted-Cardinality-Constraints/ProofComplexity/normalized-subsetCardinalitySigma-53-3.cnf.gz-plain.pb.metafix.opb.xz,3
DEC-LIN/normalized-PB15eval/ProofComplexity-Extracted-Cardinality-Constraints/ProofComplexity/normalized-subsetCardinalitySigma-54-1.cnf.gz-extracted.pb.metafix.opb.xz,4
DEC-LIN/normalized-PB15eval/ProofComplexity-Extracted-Cardinality-Constraints/ProofComplexity/normalized-subsetCardinalitySigma-54-1.cnf.gz-plain.pb.metafix.opb.xz,3
DEC-LIN/normalized-PB15eval/ProofComplexity-Extracted-Cardinality-Constraints/ProofComplexity/normalized-subsetCardinalitySigma-54-2.cnf.gz-extracted.pb.metafix.opb.xz,4
DEC-LIN/normalized-PB15eval/ProofComplexity-Extracted-Cardinality-Constraints/ProofComplexity/normalized-subsetCardinalitySigma-54-3.cnf.gz-extracted.pb.metafix.opb.xz,4
DEC-LIN/normalized-PB15eval/ProofComplexity-Extracted-Cardinality-Constraints/ProofComplexity/normalized-subsetCardinalitySigma-54-3.cnf.gz-plain.pb.metafix.opb.xz,3
DEC-LIN/normalized-PB15eval/ProofComplexity-Extracted-Cardinality-Constraints/ProofComplexity/normalized-subsetCardinalitySigma-55-1.cnf.gz-plain.pb.metafix.opb.xz,3
DEC-LIN/normalized-PB15eval/ProofComplexity-Extracted-Cardinality-Constraints/ProofComplexity/normalized-subsetCardinalitySigma-55-2.cnf.gz-extracted.pb.metafix.opb.xz,4
DEC-LIN/normalized-PB15eval/ProofComplexity-Extracted-Cardinality-Constraints/ProofComplexity/normalized-subsetCardinalitySigma-55-2.cnf.gz-plain.pb.metafix.opb.xz,3
DEC-LIN/normalized-PB15eval/ProofComplexity-Extracted-Cardinality-Constraints/ProofComplexity/normalized-subsetCardinalitySigma-55-3.cnf.gz-extracted.pb.metafix.opb.xz,4
DEC-LIN/normalized-PB15eval/ProofComplexity-Extracted-Cardinality-Constraints/ProofComplexity/normalized-subsetCardinalitySigma-56-1.cnf.gz-extracted.pb.metafix.opb.xz,4
DEC-LIN/normalized-PB15eval/ProofComplexity-Extracted-Cardinality-Constraints/ProofComplexity/normalized-subsetCardinalitySigma-56-2.cnf.gz-extracted.pb.metafix.opb.xz,4
DEC-LIN/normalized-PB15eval/ProofComplexity-Extracted-Cardinality-Constraints/ProofComplexity/normalized-subsetCardinalitySigma-56-2.cnf.gz-plain.pb.metafix.opb.xz,3
DEC-LIN/normalized-PB15eval/ProofComplexity-Extracted-Cardinality-Constraints/ProofComplexity/normalized-subsetCardinalitySigma-56-3.cnf.gz-extracted.pb.metafix.opb.xz,4
DEC-LIN/normalized-PB15eval/ProofComplexity-Extracted-Cardinality-Constraints/ProofComplexity/normalized-subsetCardinalitySigma-56-3.cnf.gz-plain.pb.metafix.opb.xz,3
DEC-LIN/normalized-PB15eval/ProofComplexity-Extracted-Cardinality-Constraints/ProofComplexity/normalized-subsetCardinalitySigma-57-1.cnf.gz-extracted.pb.metafix.opb.xz,4
DEC-LIN/normalized-PB15eval/ProofComplexity-Extracted-Cardinality-Constraints/ProofComplexity/normalized-subsetCardinalitySigma-57-1.cnf.gz-plain.pb.metafix.opb.xz,3
DEC-LIN/normalized-PB15eval/ProofComplexity-Extracted-Cardinality-Constraints/ProofComplexity/normalized-subsetCardinalitySigma-57-2.cnf.gz-plain.pb.metafix.opb.xz,3
DEC-LIN/normalized-PB15eval/ProofComplexity-Extracted-Cardinality-Constraints/ProofComplexity/normalized-subsetCardinalitySigma-57-3.cnf.gz-extracted.pb.metafix.opb.xz,4
DEC-LIN/normalized-PB15eval/ProofComplexity-Extracted-Cardinality-Constraints/ProofComplexity/normalized-subsetCardinalitySigma-57-3.cnf.gz-plain.pb.metafix.opb.xz,3
DEC-LIN/normalized-PB15eval/ProofComplexity-Extracted-Cardinality-Constraints/ProofComplexity/normalized-subsetCardinalitySigma-58-1.cnf.gz-plain.pb.metafix.opb.xz,3
DEC-LIN/normalized-PB15eval/ProofComplexity-Extracted-Cardinality-Constraints/ProofComplexity/normalized-subsetCardinalitySigma-58-2.cnf.gz-extracted.pb.metafix.opb.xz,4
DEC-LIN/normalized-PB15eval/ProofComplexity-Extracted-Cardinality-Constraints/ProofComplexity/normalized-subsetCardinalitySigma-58-2.cnf.gz-plain.pb.metafix.opb.xz,3
DEC-LIN/normalized-PB15eval/ProofComplexity-Extracted-Cardinality-Constraints/ProofComplexity/normalized-subsetCardinalitySigma-58-3.cnf.gz-extracted.pb.metafix.opb.xz,4
DEC-LIN/normalized-PB15eval/ProofComplexity-Extracted-Cardinality-Constraints/ProofComplexity/normalized-subsetCardinalitySigma-59-1.cnf.gz-extracted.pb.metafix.opb.xz,4
DEC-LIN/normalized-PB15eval/ProofComplexity-Extracted-Cardinality-Constraints/ProofComplexity/normalized-subsetCardinalitySigma-59-1.cnf.gz-plain.pb.metafix.opb.xz,3
DEC-LIN/normalized-PB15eval/ProofComplexity-Extracted-Cardinality-Constraints/ProofComplexity/normalized-subsetCardinalitySigma-59-3.cnf.gz-extracted.pb.metafix.opb.xz,4
DEC-LIN/normalized-PB15eval/ProofComplexity-Extracted-Cardinality-Constraints/ProofComplexity/normalized-subsetCardinalitySigma-59-3.cnf.gz-plain.pb.metafix.opb.xz,3
DEC-LIN/normalized-PB15eval/ProofComplexity-Extracted-Cardinality-Constraints/ProofComplexity/normalized-subsetCardinalitySigma-6-1.cnf.gz-plain.pb.metafix.opb.xz,3
DEC-LIN/normalized-PB15eval/ProofComplexity-Extracted-Cardinality-Constraints/ProofComplexity/normalized-subsetCardinalitySigma-6-2.cnf.gz-extracted.pb.metafix.opb.xz,4
DEC-LIN/normalized-PB15eval/ProofComplexity-Extracted-Cardinality-Constraints/ProofComplexity/normalized-subsetCardinalitySigma-6-2.cnf.gz-plain.pb.metafix.opb.xz,3
DEC-LIN/normalized-PB15eval/ProofComplexity-Extracted-Cardinality-Constraints/ProofComplexity/normalized-subsetCardinalitySigma-6-3.cnf.gz-extracted.pb.metafix.opb.xz,4
DEC-LIN/normalized-PB15eval/ProofComplexity-Extracted-Cardinality-Constraints/ProofComplexity/normalized-subsetCardinalitySigma-6-3.cnf.gz-plain.pb.metafix.opb.xz,3
DEC-LIN/normalized-PB15eval/ProofComplexity-Extracted-Cardinality-Constraints/ProofComplexity/normalized-subsetCardinalitySigma-60-1.cnf.gz-extracted.pb.metafix.opb.xz,4
DEC-LIN/normalized-PB15eval/ProofComplexity-Extracted-Cardinality-Constraints/ProofComplexity/normalized-subsetCardinalitySigma-60-1.cnf.gz-plain.pb.metafix.opb.xz,3
DEC-LIN/normalized-PB15eval/ProofComplexity-Extracted-Cardinality-Constraints/ProofComplexity/normalized-subsetCardinalitySigma-60-2.cnf.gz-plain.pb.metafix.opb.xz,3
DEC-LIN/normalized-PB15eval/ProofComplexity-Extracted-Cardinality-Constraints/ProofComplexity/normalized-subsetCardinalitySigma-60-3.cnf.gz-extracted.pb.metafix.opb.xz,4
DEC-LIN/normalized-PB15eval/ProofComplexity-Extracted-Cardinality-Constraints/ProofComplexity/normalized-subsetCardinalitySigma-60-3.cnf.gz-plain.pb.metafix.opb.xz,3
DEC-LIN/normalized-PB15eval/ProofComplexity-Extracted-Cardinality-Constraints/ProofComplexity/normalized-subsetCardinalitySigma-7-1.cnf.gz-extracted.pb.metafix.opb.xz,4
DEC-LIN/normalized-PB15eval/ProofComplexity-Extracted-Cardinality-Constraints/ProofComplexity/normalized-subsetCardinalitySigma-7-1.cnf.gz-plain.pb.metafix.opb.xz,3
DEC-LIN/normalized-PB15eval/ProofComplexity-Extracted-Cardinality-Constraints/ProofComplexity/normalized-subsetCardinalitySigma-7-2.cnf.gz-extracted.pb.metafix.opb.xz,4
DEC-LIN/normalized-PB15eval/ProofComplexity-Extracted-Cardinality-Constraints/ProofComplexity/normalized-subsetCardinalitySigma-7-2.cnf.gz-plain.pb.metafix.opb.xz,3
DEC-LIN/normalized-PB15eval/ProofComplexity-Extracted-Cardinality-Constraints/ProofComplexity/normalized-subsetCardinalitySigma-7-3.cnf.gz-extracted.pb.metafix.opb.xz,4
DEC-LIN/normalized-PB15eval/ProofComplexity-Extracted-Cardinality-Constraints/ProofComplexity/normalized-subsetCardinalitySigma-7-3.cnf.gz-plain.pb.metafix.opb.xz,3
DEC-LIN/normalized-PB15eval/ProofComplexity-Extracted-Cardinality-Constraints/ProofComplexity/normalized-subsetCardinalitySigma-8-1.cnf.gz-extracted.pb.metafix.opb.xz,4
DEC-LIN/normalized-PB15eval/ProofComplexity-Extracted-Cardinality-Constraints/ProofComplexity/normalized-subsetCardinalitySigma-8-1.cnf.gz-plain.pb.metafix.opb.xz,3
DEC-LIN/normalized-PB15eval/ProofComplexity-Extracted-Cardinality-Constraints/ProofComplexity/normalized-subsetCardinalitySigma-8-2.cnf.gz-plain.pb.metafix.opb.xz,3
DEC-LIN/normalized-PB15eval/ProofComplexity-Extracted-Cardinality-Constraints/ProofComplexity/normalized-subsetCardinalitySigma-8-3.cnf.gz-extracted.pb.metafix.opb.xz,4
DEC-LIN/normalized-PB15eval/ProofComplexity-Extracted-Cardinality-Constraints/ProofComplexity/normalized-subsetCardinalitySigma-8-3.cnf.gz-plain.pb.metafix.opb.xz,3
DEC-LIN/normalized-PB15eval/ProofComplexity-Extracted-Cardinality-Constraints/ProofComplexity/normalized-subsetCardinalitySigma-9-1.cnf.gz-extracted.pb.metafix.opb.xz,4
DEC-LIN/normalized-PB15eval/ProofComplexity-Extracted-Cardinality-Constraints/ProofComplexity/normalized-subsetCardinalitySigma-9-1.cnf.gz-plain.pb.metafix.opb.xz,3
DEC-LIN/normalized-PB15eval/ProofComplexity-Extracted-Cardinality-Constraints/ProofComplexity/normalized-subsetCardinalitySigma-9-2.cnf.gz-extracted.pb.metafix.opb.xz,4
DEC-LIN/normalized-PB15eval/ProofComplexity-Extracted-Cardinality-Constraints/ProofComplexity/normalized-subsetCardinalitySigma-9-2.cnf.gz-plain.pb.metafix.opb.xz,3
DEC-LIN/normalized-PB15eval/ProofComplexity-Extracted-Cardinality-Constraints/ProofComplexity/normalized-subsetCardinalitySigma-9-3.cnf.gz-extracted.pb.metafix.opb.xz,4
DEC-LIN/normalized-PB15eval/ProofComplexity-Extracted-Cardinality-Constraints/ProofComplexity/normalized-subsetCardinalitySigma-9-3.cnf.gz-plain.pb.metafix.opb.xz,3
DEC-LIN/normalized-PB15eval/ProofComplexity-Extracted-Cardinality-Constraints/ProofComplexity/normalized-tseitin-regular-n10-d3-i1-f.cnf.gz-plain.pb.metafix.opb.xz,3
DEC-LIN/normalized-PB15eval/ProofComplexity-Extracted-Cardinality-Constraints/ProofComplexity/normalized-tseitin-regular-n10-d3-i2-f.cnf.gz-plain.pb.metafix.opb.xz,3
DEC-LIN/normalized-PB15eval/ProofComplexity-Extracted-Cardinality-Constraints/ProofComplexity/normalized-tseitin-regular-n10-d3-i2-r1.cnf.gz-plain.pb.metafix.opb.xz,3
DEC-LIN/normalized-PB15eval/ProofComplexity-Extracted-Cardinality-Constraints/ProofComplexity/normalized-tseitin-regular-n10-d3-i2-r2.cnf.gz-plain.pb.metafix.opb.xz,3
DEC-LIN/normalized-PB15eval/ProofComplexity-Extracted-Cardinality-Constraints/ProofComplexity/normalized-tseitin-regular-n10-d3-i3-f.cnf.gz-plain.pb.metafix.opb.xz,3
DEC-LIN/normalized-PB15eval/ProofComplexity-Extracted-Cardinality-Constraints/ProofComplexity/normalized-tseitin-regular-n10-d3-i3-r1.cnf.gz-plain.pb.metafix.opb.xz,3
DEC-LIN/normalized-PB15eval/ProofComplexity-Extracted-Cardinality-Constraints/ProofComplexity/normalized-tseitin-regular-n10-d3-i3-r2.cnf.gz-plain.pb.metafix.opb.xz,3
DEC-LIN/normalized-PB15eval/ProofComplexity-Extracted-Cardinality-Constraints/ProofComplexity/normalized-tseitin-regular-n100-d3-i1-f.cnf.gz-plain.pb.metafix.opb.xz,3
DEC-LIN/normalized-PB15eval/ProofComplexity-Extracted-Cardinality-Constraints/ProofComplexity/normalized-tseitin-regular-n100-d3-i1-r1.cnf.gz-plain.pb.metafix.opb.xz,3
DEC-LIN/normalized-PB15eval/ProofComplexity-Extracted-Cardinality-Constraints/ProofComplexity/normalized-tseitin-regular-n100-d3-i1-r2.cnf.gz-plain.pb.metafix.opb.xz,3
DEC-LIN/normalized-PB15eval/ProofComplexity-Extracted-Cardinality-Constraints/ProofComplexity/normalized-tseitin-regular-n100-d3-i2-r1.cnf.gz-plain.pb.metafix.opb.xz,3
DEC-LIN/normalized-PB15eval/ProofComplexity-Extracted-Cardinality-Constraints/ProofComplexity/normalized-tseitin-regular-n100-d3-i2-r2.cnf.gz-plain.pb.metafix.opb.xz,3
DEC-LIN/normalized-PB15eval/ProofComplexity-Extracted-Cardinality-Constraints/ProofComplexity/normalized-tseitin-regular-n100-d3-i3-f.cnf.gz-plain.pb.metafix.opb.xz,3
DEC-LIN/normalized-PB15eval/ProofComplexity-Extracted-Cardinality-Constraints/ProofComplexity/normalized-tseitin-regular-n100-d3-i3-r1.cnf.gz-plain.pb.metafix.opb.xz,3
DEC-LIN/normalized-PB15eval/ProofComplexity-Extracted-Cardinality-Constraints/ProofComplexity/normalized-tseitin-regular-n100-d3-i3-r2.cnf.gz-plain.pb.metafix.opb.xz,3
DEC-LIN/normalized-PB15eval/ProofComplexity-Extracted-Cardinality-Constraints/ProofComplexity/normalized-tseitin-regular-n102-d3-i1-f.cnf.gz-plain.pb.metafix.opb.xz,3
DEC-LIN/normalized-PB15eval/ProofComplexity-Extracted-Cardinality-Constraints/ProofComplexity/normalized-tseitin-regular-n102-d3-i1-r1.cnf.gz-plain.pb.metafix.opb.xz,3
DEC-LIN/normalized-PB15eval/ProofComplexity-Extracted-Cardinality-Constraints/ProofComplexity/normalized-tseitin-regular-n102-d3-i1-r2.cnf.gz-plain.pb.metafix.opb.xz,3
DEC-LIN/normalized-PB15eval/ProofComplexity-Extracted-Cardinality-Constraints/ProofComplexity/normalized-tseitin-regular-n102-d3-i2-f.cnf.gz-plain.pb.metafix.opb.xz,3
DEC-LIN/normalized-PB15eval/ProofComplexity-Extracted-Cardinality-Constraints/ProofComplexity/normalized-tseitin-regular-n102-d3-i2-r1.cnf.gz-plain.pb.metafix.opb.xz,3
DEC-LIN/normalized-PB15eval/ProofComplexity-Extracted-Cardinality-Constraints/ProofComplexity/normalized-tseitin-regular-n102-d3-i2-r2.cnf.gz-plain.pb.metafix.opb.xz,3
DEC-LIN/normalized-PB15eval/ProofComplexity-Extracted-Cardinality-Constraints/ProofComplexity/normalized-tseitin-regular-n102-d3-i3-f.cnf.gz-plain.pb.metafix.opb.xz,3
DEC-LIN/normalized-PB15eval/ProofComplexity-Extracted-Cardinality-Constraints/ProofComplexity/normalized-tseitin-regular-n102-d3-i3-r1.cnf.gz-plain.pb.metafix.opb.xz,3
DEC-LIN/normalized-PB15eval/ProofComplexity-Extracted-Cardinality-Constraints/ProofComplexity/normalized-tseitin-regular-n102-d3-i3-r2.cnf.gz-plain.pb.metafix.opb.xz,3
DEC-LIN/normalized-PB15eval/ProofComplexity-Extracted-Cardinality-Constraints/ProofComplexity/normalized-tseitin-regular-n104-d3-i1-f.cnf.gz-plain.pb.metafix.opb.xz,3
DEC-LIN/normalized-PB15eval/ProofComplexity-Extracted-Cardinality-Constraints/ProofComplexity/normalized-tseitin-regular-n104-d3-i1-r1.cnf.gz-plain.pb.metafix.opb.xz,3
DEC-LIN/normalized-PB15eval/ProofComplexity-Extracted-Cardinality-Constraints/ProofComplexity/normalized-tseitin-regular-n104-d3-i1-r2.cnf.gz-plain.pb.metafix.opb.xz,3
DEC-LIN/normalized-PB15eval/ProofComplexity-Extracted-Cardinality-Constraints/ProofComplexity/normalized-tseitin-regular-n104-d3-i2-f.cnf.gz-plain.pb.metafix.opb.xz,3
DEC-LIN/normalized-PB15eval/ProofComplexity-Extracted-Cardinality-Constraints/ProofComplexity/normalized-tseitin-regular-n104-d3-i3-f.cnf.gz-plain.pb.metafix.opb.xz,3
DEC-LIN/normalized-PB15eval/ProofComplexity-Extracted-Cardinality-Constraints/ProofComplexity/normalized-tseitin-regular-n104-d3-i3-r1.cnf.gz-plain.pb.metafix.opb.xz,3
DEC-LIN/normalized-PB15eval/ProofComplexity-Extracted-Cardinality-Constraints/ProofComplexity/normalized-tseitin-regular-n104-d3-i3-r2.cnf.gz-plain.pb.metafix.opb.xz,3
DEC-LIN/normalized-PB15eval/ProofComplexity-Extracted-Cardinality-Constraints/ProofComplexity/normalized-tseitin-regular-n106-d3-i1-r2.cnf.gz-plain.pb.metafix.opb.xz,3
DEC-LIN/normalized-PB15eval/ProofComplexity-Extracted-Cardinality-Constraints/ProofComplexity/normalized-tseitin-regular-n106-d3-i2-f.cnf.gz-plain.pb.metafix.opb.xz,3
DEC-LIN/normalized-PB15eval/ProofComplexity-Extracted-Cardinality-Constraints/ProofComplexity/normalized-tseitin-regular-n106-d3-i2-r1.cnf.gz-plain.pb.metafix.opb.xz,3
DEC-LIN/normalized-PB15eval/ProofComplexity-Extracted-Cardinality-Constraints/ProofComplexity/normalized-tseitin-regular-n106-d3-i2-r2.cnf.gz-plain.pb.metafix.opb.xz,3
DEC-LIN/normalized-PB15eval/ProofComplexity-Extracted-Cardinality-Constraints/ProofComplexity/normalized-tseitin-regular-n106-d3-i3-f.cnf.gz-plain.pb.metafix.opb.xz,3
DEC-LIN/normalized-PB15eval/ProofComplexity-Extracted-Cardinality-Constraints/ProofComplexity/normalized-tseitin-regular-n106-d3-i3-r1.cnf.gz-plain.pb.metafix.opb.xz,3
DEC-LIN/normalized-PB15eval/ProofComplexity-Extracted-Cardinality-Constraints/ProofComplexity/normalized-tseitin-regular-n106-d3-i3-r2.cnf.gz-plain.pb.metafix.opb.xz,3
DEC-LIN/normalized-PB15eval/ProofComplexity-Extracted-Cardinality-Constraints/ProofComplexity/normalized-tseitin-regular-n108-d3-i1-f.cnf.gz-plain.pb.metafix.opb.xz,3
DEC-LIN/normalized-PB15eval/ProofComplexity-Extracted-Cardinality-Constraints/ProofComplexity/normalized-tseitin-regular-n108-d3-i2-f.cnf.gz-plain.pb.metafix.opb.xz,3
DEC-LIN/normalized-PB15eval/ProofComplexity-Extracted-Cardinality-Constraints/ProofComplexity/normalized-tseitin-regular-n108-d3-i2-r1.cnf.gz-plain.pb.metafix.opb.xz,3
DEC-LIN/normalized-PB15eval/ProofComplexity-Extracted-Cardinality-Constraints/ProofComplexity/normalized-tseitin-regular-n108-d3-i2-r2.cnf.gz-plain.pb.metafix.opb.xz,3
DEC-LIN/normalized-PB15eval/ProofComplexity-Extracted-Cardinality-Constraints/ProofComplexity/normalized-tseitin-regular-n108-d3-i3-f.cnf.gz-plain.pb.metafix.opb.xz,3
DEC-LIN/normalized-PB15eval/ProofComplexity-Extracted-Cardinality-Constraints/ProofComplexity/normalized-tseitin-regular-n108-d3-i3-r1.cnf.gz-plain.pb.metafix.opb.xz,3
DEC-LIN/normalized-PB15eval/ProofComplexity-Extracted-Cardinality-Constraints/ProofComplexity/normalized-tseitin-regular-n110-d3-i1-f.cnf.gz-plain.pb.metafix.opb.xz,3
DEC-LIN/normalized-PB15eval/ProofComplexity-Extracted-Cardinality-Constraints/ProofComplexity/normalized-tseitin-regular-n110-d3-i1-r1.cnf.gz-plain.pb.metafix.opb.xz,3
DEC-LIN/normalized-PB15eval/ProofComplexity-Extracted-Cardinality-Constraints/ProofComplexity/normalized-tseitin-regular-n110-d3-i2-f.cnf.gz-plain.pb.metafix.opb.xz,3
DEC-LIN/normalized-PB15eval/ProofComplexity-Extracted-Cardinality-Constraints/ProofComplexity/normalized-tseitin-regular-n110-d3-i2-r1.cnf.gz-plain.pb.metafix.opb.xz,3
DEC-LIN/normalized-PB15eval/ProofComplexity-Extracted-Cardinality-Constraints/ProofComplexity/normalized-tseitin-regular-n110-d3-i2-r2.cnf.gz-plain.pb.metafix.opb.xz,3
DEC-LIN/normalized-PB15eval/ProofComplexity-Extracted-Cardinality-Constraints/ProofComplexity/normalized-tseitin-regular-n110-d3-i3-f.cnf.gz-plain.pb.metafix.opb.xz,3
DEC-LIN/normalized-PB15eval/ProofComplexity-Extracted-Cardinality-Constraints/ProofComplexity/normalized-tseitin-regular-n110-d3-i3-r1.cnf.gz-plain.pb.metafix.opb.xz,3
DEC-LIN/normalized-PB15eval/ProofComplexity-Extracted-Cardinality-Constraints/ProofComplexity/normalized-tseitin-regular-n110-d3-i3-r2.cnf.gz-plain.pb.metafix.opb.xz,3
DEC-LIN/normalized-PB15eval/ProofComplexity-Extracted-Cardinality-Constraints/ProofComplexity/normalized-tseitin-regular-n112-d3-i1-f.cnf.gz-plain.pb.metafix.opb.xz,3
DEC-LIN/normalized-PB15eval/ProofComplexity-Extracted-Cardinality-Constraints/ProofComplexity/normalized-tseitin-regular-n112-d3-i1-r1.cnf.gz-plain.pb.metafix.opb.xz,3
DEC-LIN/normalized-PB15eval/ProofComplexity-Extracted-Cardinality-Constraints/ProofComplexity/normalized-tseitin-regular-n112-d3-i1-r2.cnf.gz-plain.pb.metafix.opb.xz,3
DEC-LIN/normalized-PB15eval/ProofComplexity-Extracted-Cardinality-Constraints/ProofComplexity/normalized-tseitin-regular-n112-d3-i2-f.cnf.gz-plain.pb.metafix.opb.xz,3
DEC-LIN/normalized-PB15eval/ProofComplexity-Extracted-Cardinality-Constraints/ProofComplexity/normalized-tseitin-regular-n112-d3-i2-r1.cnf.gz-plain.pb.metafix.opb.xz,3
DEC-LIN/normalized-PB15eval/ProofComplexity-Extracted-Cardinality-Constraints/ProofComplexity/normalized-tseitin-regular-n112-d3-i2-r2.cnf.gz-plain.pb.metafix.opb.xz,3
DEC-LIN/normalized-PB15eval/ProofComplexity-Extracted-Cardinality-Constraints/ProofComplexity/normalized-tseitin-regular-n112-d3-i3-f.cnf.gz-plain.pb.metafix.opb.xz,3
DEC-LIN/normalized-PB15eval/ProofComplexity-Extracted-Cardinality-Constraints/ProofComplexity/normalized-tseitin-regular-n112-d3-i3-r1.cnf.gz-plain.pb.metafix.opb.xz,3
DEC-LIN/normalized-PB15eval/ProofComplexity-Extracted-Cardinality-Constraints/ProofComplexity/normalized-tseitin-regular-n112-d3-i3-r2.cnf.gz-plain.pb.metafix.opb.xz,3
DEC-LIN/normalized-PB15eval/ProofComplexity-Extracted-Cardinality-Constraints/ProofComplexity/normalized-tseitin-regular-n114-d3-i1-r1.cnf.gz-plain.pb.metafix.opb.xz,3
DEC-LIN/normalized-PB15eval/ProofComplexity-Extracted-Cardinality-Constraints/ProofComplexity/normalized-tseitin-regular-n114-d3-i1-r2.cnf.gz-plain.pb.metafix.opb.xz,3
DEC-LIN/normalized-PB15eval/ProofComplexity-Extracted-Cardinality-Constraints/ProofComplexity/normalized-tseitin-regular-n114-d3-i2-f.cnf.gz-plain.pb.metafix.opb.xz,3
DEC-LIN/normalized-PB15eval/ProofComplexity-Extracted-Cardinality-Constraints/ProofComplexity/normalized-tseitin-regular-n114-d3-i2-r1.cnf.gz-plain.pb.metafix.opb.xz,3
DEC-LIN/normalized-PB15eval/ProofComplexity-Extracted-Cardinality-Constraints/ProofComplexity/normalized-tseitin-regular-n114-d3-i2-r2.cnf.gz-plain.pb.metafix.opb.xz,3
DEC-LIN/normalized-PB15eval/ProofComplexity-Extracted-Cardinality-Constraints/ProofComplexity/normalized-tseitin-regular-n114-d3-i3-f.cnf.gz-plain.pb.metafix.opb.xz,3
DEC-LIN/normalized-PB15eval/ProofComplexity-Extracted-Cardinality-Constraints/ProofComplexity/normalized-tseitin-regular-n114-d3-i3-r1.cnf.gz-plain.pb.metafix.opb.xz,3
DEC-LIN/normalized-PB15eval/ProofComplexity-Extracted-Cardinality-Constraints/ProofComplexity/normalized-tseitin-regular-n114-d3-i3-r2.cnf.gz-plain.pb.metafix.opb.xz,3
DEC-LIN/normalized-PB15eval/ProofComplexity-Extracted-Cardinality-Constraints/ProofComplexity/normalized-tseitin-regular-n116-d3-i1-f.cnf.gz-plain.pb.metafix.opb.xz,3
DEC-LIN/normalized-PB15eval/ProofComplexity-Extracted-Cardinality-Constraints/ProofComplexity/normalized-tseitin-regular-n116-d3-i1-r1.cnf.gz-plain.pb.metafix.opb.xz,3
DEC-LIN/normalized-PB15eval/ProofComplexity-Extracted-Cardinality-Constraints/ProofComplexity/normalized-tseitin-regular-n116-d3-i1-r2.cnf.gz-plain.pb.metafix.opb.xz,3
DEC-LIN/normalized-PB15eval/ProofComplexity-Extracted-Cardinality-Constraints/ProofComplexity/normalized-tseitin-regular-n116-d3-i2-r1.cnf.gz-plain.pb.metafix.opb.xz,3
DEC-LIN/normalized-PB15eval/ProofComplexity-Extracted-Cardinality-Constraints/ProofComplexity/normalized-tseitin-regular-n116-d3-i2-r2.cnf.gz-plain.pb.metafix.opb.xz,3
DEC-LIN/normalized-PB15eval/ProofComplexity-Extracted-Cardinality-Constraints/ProofComplexity/normalized-tseitin-regular-n116-d3-i3-r1.cnf.gz-plain.pb.metafix.opb.xz,3
DEC-LIN/normalized-PB15eval/ProofComplexity-Extracted-Cardinality-Constraints/ProofComplexity/normalized-tseitin-regular-n116-d3-i3-r2.cnf.gz-plain.pb.metafix.opb.xz,3
DEC-LIN/normalized-PB15eval/ProofComplexity-Extracted-Cardinality-Constraints/ProofComplexity/normalized-tseitin-regular-n118-d3-i1-f.cnf.gz-plain.pb.metafix.opb.xz,3
DEC-LIN/normalized-PB15eval/ProofComplexity-Extracted-Cardinality-Constraints/ProofComplexity/normalized-tseitin-regular-n118-d3-i1-r1.cnf.gz-plain.pb.metafix.opb.xz,3
DEC-LIN/normalized-PB15eval/ProofComplexity-Extracted-Cardinality-Constraints/ProofComplexity/normalized-tseitin-regular-n118-d3-i1-r2.cnf.gz-plain.pb.metafix.opb.xz,3
DEC-LIN/normalized-PB15eval/ProofComplexity-Extracted-Cardinality-Constraints/ProofComplexity/normalized-tseitin-regular-n118-d3-i2-f.cnf.gz-plain.pb.metafix.opb.xz,3
DEC-LIN/normalized-PB15eval/ProofComplexity-Extracted-Cardinality-Constraints/ProofComplexity/normalized-tseitin-regular-n118-d3-i2-r2.cnf.gz-plain.pb.metafix.opb.xz,3
DEC-LIN/normalized-PB15eval/ProofComplexity-Extracted-Cardinality-Constraints/ProofComplexity/normalized-tseitin-regular-n118-d3-i3-r1.cnf.gz-plain.pb.metafix.opb.xz,3
DEC-LIN/normalized-PB15eval/ProofComplexity-Extracted-Cardinality-Constraints/ProofComplexity/normalized-tseitin-regular-n118-d3-i3-r2.cnf.gz-plain.pb.metafix.opb.xz,3
DEC-LIN/normalized-PB15eval/ProofComplexity-Extracted-Cardinality-Constraints/ProofComplexity/normalized-tseitin-regular-n12-d3-i1-f.cnf.gz-plain.pb.metafix.opb.xz,3
DEC-LIN/normalized-PB15eval/ProofComplexity-Extracted-Cardinality-Constraints/ProofComplexity/normalized-tseitin-regular-n12-d3-i1-r1.cnf.gz-plain.pb.metafix.opb.xz,3
DEC-LIN/normalized-PB15eval/ProofComplexity-Extracted-Cardinality-Constraints/ProofComplexity/normalized-tseitin-regular-n12-d3-i1-r2.cnf.gz-plain.pb.metafix.opb.xz,3
DEC-LIN/normalized-PB15eval/ProofComplexity-Extracted-Cardinality-Constraints/ProofComplexity/normalized-tseitin-regular-n12-d3-i2-f.cnf.gz-plain.pb.metafix.opb.xz,3
DEC-LIN/normalized-PB15eval/ProofComplexity-Extracted-Cardinality-Constraints/ProofComplexity/normalized-tseitin-regular-n12-d3-i2-r1.cnf.gz-plain.pb.metafix.opb.xz,3
DEC-LIN/normalized-PB15eval/ProofComplexity-Extracted-Cardinality-Constraints/ProofComplexity/normalized-tseitin-regular-n12-d3-i2-r2.cnf.gz-plain.pb.metafix.opb.xz,3
DEC-LIN/normalized-PB15eval/ProofComplexity-Extracted-Cardinality-Constraints/ProofComplexity/normalized-tseitin-regular-n12-d3-i3-r1.cnf.gz-plain.pb.metafix.opb.xz,3
DEC-LIN/normalized-PB15eval/ProofComplexity-Extracted-Cardinality-Constraints/ProofComplexity/normalized-tseitin-regular-n12-d3-i3-r2.cnf.gz-plain.pb.metafix.opb.xz,3
DEC-LIN/normalized-PB15eval/ProofComplexity-Extracted-Cardinality-Constraints/ProofComplexity/normalized-tseitin-regular-n120-d3-i1-f.cnf.gz-plain.pb.metafix.opb.xz,3
DEC-LIN/normalized-PB15eval/ProofComplexity-Extracted-Cardinality-Constraints/ProofComplexity/normalized-tseitin-regular-n120-d3-i1-r1.cnf.gz-plain.pb.metafix.opb.xz,3
DEC-LIN/normalized-PB15eval/ProofComplexity-Extracted-Cardinality-Constraints/ProofComplexity/normalized-tseitin-regular-n120-d3-i1-r2.cnf.gz-plain.pb.metafix.opb.xz,3
DEC-LIN/normalized-PB15eval/ProofComplexity-Extracted-Cardinality-Constraints/ProofComplexity/normalized-tseitin-regular-n120-d3-i2-f.cnf.gz-plain.pb.metafix.opb.xz,3
DEC-LIN/normalized-PB15eval/ProofComplexity-Extracted-Cardinality-Constraints/ProofComplexity/normalized-tseitin-regular-n120-d3-i2-r1.cnf.gz-plain.pb.metafix.opb.xz,3
DEC-LIN/normalized-PB15eval/ProofComplexity-Extracted-Cardinality-Constraints/ProofComplexity/normalized-tseitin-regular-n120-d3-i3-f.cnf.gz-plain.pb.metafix.opb.xz,3
DEC-LIN/normalized-PB15eval/ProofComplexity-Extracted-Cardinality-Constraints/ProofComplexity/normalized-tseitin-regular-n120-d3-i3-r1.cnf.gz-plain.pb.metafix.opb.xz,3
DEC-LIN/normalized-PB15eval/ProofComplexity-Extracted-Cardinality-Constraints/ProofComplexity/normalized-tseitin-regular-n120-d3-i3-r2.cnf.gz-plain.pb.metafix.opb.xz,3
DEC-LIN/normalized-PB15eval/ProofComplexity-Extracted-Cardinality-Constraints/ProofComplexity/normalized-tseitin-regular-n122-d3-i1-f.cnf.gz-plain.pb.metafix.opb.xz,3
DEC-LIN/normalized-PB15eval/ProofComplexity-Extracted-Cardinality-Constraints/ProofComplexity/normalized-tseitin-regular-n122-d3-i1-r2.cnf.gz-plain.pb.metafix.opb.xz,3
DEC-LIN/normalized-PB15eval/ProofComplexity-Extracted-Cardinality-Constraints/ProofComplexity/normalized-tseitin-regular-n122-d3-i2-f.cnf.gz-plain.pb.metafix.opb.xz,3
DEC-LIN/normalized-PB15eval/ProofComplexity-Extracted-Cardinality-Constraints/ProofComplexity/normalized-tseitin-regular-n122-d3-i2-r1.cnf.gz-plain.pb.metafix.opb.xz,3
DEC-LIN/normalized-PB15eval/ProofComplexity-Extracted-Cardinality-Constraints/ProofComplexity/normalized-tseitin-regular-n122-d3-i2-r2.cnf.gz-plain.pb.metafix.opb.xz,3
DEC-LIN/normalized-PB15eval/ProofComplexity-Extracted-Cardinality-Constraints/ProofComplexity/normalized-tseitin-regular-n122-d3-i3-r1.cnf.gz-plain.pb.metafix.opb.xz,3
DEC-LIN/normalized-PB15eval/ProofComplexity-Extracted-Cardinality-Constraints/ProofComplexity/normalized-tseitin-regular-n124-d3-i1-f.cnf.gz-plain.pb.metafix.opb.xz,3
DEC-LIN/normalized-PB15eval/ProofComplexity-Extracted-Cardinality-Constraints/ProofComplexity/normalized-tseitin-regular-n124-d3-i1-r1.cnf.gz-plain.pb.metafix.opb.xz,3
DEC-LIN/normalized-PB15eval/ProofComplexity-Extracted-Cardinality-Constraints/ProofComplexity/normalized-tseitin-regular-n124-d3-i1-r2.cnf.gz-plain.pb.metafix.opb.xz,3
DEC-LIN/normalized-PB15eval/ProofComplexity-Extracted-Cardinality-Constraints/ProofComplexity/normalized-tseitin-regular-n124-d3-i2-r1.cnf.gz-plain.pb.metafix.opb.xz,3
DEC-LIN/normalized-PB15eval/ProofComplexity-Extracted-Cardinality-Constraints/ProofComplexity/normalized-tseitin-regular-n124-d3-i2-r2.cnf.gz-plain.pb.metafix.opb.xz,3
DEC-LIN/normalized-PB15eval/ProofComplexity-Extracted-Cardinality-Constraints/ProofComplexity/normalized-tseitin-regular-n124-d3-i3-r1.cnf.gz-plain.pb.metafix.opb.xz,3
DEC-LIN/normalized-PB15eval/ProofComplexity-Extracted-Cardinality-Constraints/ProofComplexity/normalized-tseitin-regular-n124-d3-i3-r2.cnf.gz-plain.pb.metafix.opb.xz,3
DEC-LIN/normalized-PB15eval/ProofComplexity-Extracted-Cardinality-Constraints/ProofComplexity/normalized-tseitin-regular-n126-d3-i1-f.cnf.gz-plain.pb.metafix.opb.xz,3
DEC-LIN/normalized-PB15eval/ProofComplexity-Extracted-Cardinality-Constraints/ProofComplexity/normalized-tseitin-regular-n126-d3-i1-r1.cnf.gz-plain.pb.metafix.opb.xz,3
DEC-LIN/normalized-PB15eval/ProofComplexity-Extracted-Cardinality-Constraints/ProofComplexity/normalized-tseitin-regular-n126-d3-i2-f.cnf.gz-plain.pb.metafix.opb.xz,3
DEC-LIN/normalized-PB15eval/ProofComplexity-Extracted-Cardinality-Constraints/ProofComplexity/normalized-tseitin-regular-n126-d3-i2-r1.cnf.gz-plain.pb.metafix.opb.xz,3
DEC-LIN/normalized-PB15eval/ProofComplexity-Extracted-Cardinality-Constraints/ProofComplexity/normalized-tseitin-regular-n126-d3-i2-r2.cnf.gz-plain.pb.metafix.opb.xz,3
DEC-LIN/normalized-PB15eval/ProofComplexity-Extracted-Cardinality-Constraints/ProofComplexity/normalized-tseitin-regular-n126-d3-i3-f.cnf.gz-plain.pb.metafix.opb.xz,3
DEC-LIN/normalized-PB15eval/ProofComplexity-Extracted-Cardinality-Constraints/ProofComplexity/normalized-tseitin-regular-n126-d3-i3-r1.cnf.gz-plain.pb.metafix.opb.xz,3
DEC-LIN/normalized-PB15eval/ProofComplexity-Extracted-Cardinality-Constraints/ProofComplexity/normalized-tseitin-regular-n126-d3-i3-r2.cnf.gz-plain.pb.metafix.opb.xz,3
DEC-LIN/normalized-PB15eval/ProofComplexity-Extracted-Cardinality-Constraints/ProofComplexity/normalized-tseitin-regular-n128-d3-i1-f.cnf.gz-plain.pb.metafix.opb.xz,3
DEC-LIN/normalized-PB15eval/ProofComplexity-Extracted-Cardinality-Constraints/ProofComplexity/normalized-tseitin-regular-n128-d3-i1-r1.cnf.gz-plain.pb.metafix.opb.xz,3
DEC-LIN/normalized-PB15eval/ProofComplexity-Extracted-Cardinality-Constraints/ProofComplexity/normalized-tseitin-regular-n128-d3-i2-f.cnf.gz-plain.pb.metafix.opb.xz,3
DEC-LIN/normalized-PB15eval/ProofComplexity-Extracted-Cardinality-Constraints/ProofComplexity/normalized-tseitin-regular-n128-d3-i2-r1.cnf.gz-plain.pb.metafix.opb.xz,3
DEC-LIN/normalized-PB15eval/ProofComplexity-Extracted-Cardinality-Constraints/ProofComplexity/normalized-tseitin-regular-n128-d3-i3-f.cnf.gz-plain.pb.metafix.opb.xz,3
DEC-LIN/normalized-PB15eval/ProofComplexity-Extracted-Cardinality-Constraints/ProofComplexity/normalized-tseitin-regular-n128-d3-i3-r1.cnf.gz-plain.pb.metafix.opb.xz,3
DEC-LIN/normalized-PB15eval/ProofComplexity-Extracted-Cardinality-Constraints/ProofComplexity/normalized-tseitin-regular-n130-d3-i1-f.cnf.gz-plain.pb.metafix.opb.xz,3
DEC-LIN/normalized-PB15eval/ProofComplexity-Extracted-Cardinality-Constraints/ProofComplexity/normalized-tseitin-regular-n130-d3-i1-r1.cnf.gz-plain.pb.metafix.opb.xz,3
DEC-LIN/normalized-PB15eval/ProofComplexity-Extracted-Cardinality-Constraints/ProofComplexity/normalized-tseitin-regular-n130-d3-i1-r2.cnf.gz-plain.pb.metafix.opb.xz,3
DEC-LIN/normalized-PB15eval/ProofComplexity-Extracted-Cardinality-Constraints/ProofComplexity/normalized-tseitin-regular-n130-d3-i2-f.cnf.gz-plain.pb.metafix.opb.xz,3
DEC-LIN/normalized-PB15eval/ProofComplexity-Extracted-Cardinality-Constraints/ProofComplexity/normalized-tseitin-regular-n130-d3-i2-r1.cnf.gz-plain.pb.metafix.opb.xz,3
DEC-LIN/normalized-PB15eval/ProofComplexity-Extracted-Cardinality-Constraints/ProofComplexity/normalized-tseitin-regular-n130-d3-i2-r2.cnf.gz-plain.pb.metafix.opb.xz,3
DEC-LIN/normalized-PB15eval/ProofComplexity-Extracted-Cardinality-Constraints/ProofComplexity/normalized-tseitin-regular-n130-d3-i3-r1.cnf.gz-plain.pb.metafix.opb.xz,3
DEC-LIN/normalized-PB15eval/ProofComplexity-Extracted-Cardinality-Constraints/ProofComplexity/normalized-tseitin-regular-n130-d3-i3-r2.cnf.gz-plain.pb.metafix.opb.xz,3
DEC-LIN/normalized-PB15eval/ProofComplexity-Extracted-Cardinality-Constraints/ProofComplexity/normalized-tseitin-regular-n132-d3-i1-f.cnf.gz-plain.pb.metafix.opb.xz,3
DEC-LIN/normalized-PB15eval/ProofComplexity-Extracted-Cardinality-Constraints/ProofComplexity/normalized-tseitin-regular-n132-d3-i1-r1.cnf.gz-plain.pb.metafix.opb.xz,3
DEC-LIN/normalized-PB15eval/ProofComplexity-Extracted-Cardinality-Constraints/ProofComplexity/normalized-tseitin-regular-n132-d3-i1-r2.cnf.gz-plain.pb.metafix.opb.xz,3
DEC-LIN/normalized-PB15eval/ProofComplexity-Extracted-Cardinality-Constraints/ProofComplexity/normalized-tseitin-regular-n132-d3-i2-f.cnf.gz-plain.pb.metafix.opb.xz,3
DEC-LIN/normalized-PB15eval/ProofComplexity-Extracted-Cardinality-Constraints/ProofComplexity/normalized-tseitin-regular-n132-d3-i2-r1.cnf.gz-plain.pb.metafix.opb.xz,3
DEC-LIN/normalized-PB15eval/ProofComplexity-Extracted-Cardinality-Constraints/ProofComplexity/normalized-tseitin-regular-n132-d3-i2-r2.cnf.gz-plain.pb.metafix.opb.xz,3
DEC-LIN/normalized-PB15eval/ProofComplexity-Extracted-Cardinality-Constraints/ProofComplexity/normalized-tseitin-regular-n134-d3-i1-f.cnf.gz-plain.pb.metafix.opb.xz,3
DEC-LIN/normalized-PB15eval/ProofComplexity-Extracted-Cardinality-Constraints/ProofComplexity/normalized-tseitin-regular-n134-d3-i1-r1.cnf.gz-plain.pb.metafix.opb.xz,3
DEC-LIN/normalized-PB15eval/ProofComplexity-Extracted-Cardinality-Constraints/ProofComplexity/normalized-tseitin-regular-n134-d3-i1-r2.cnf.gz-plain.pb.metafix.opb.xz,3
DEC-LIN/normalized-PB15eval/ProofComplexity-Extracted-Cardinality-Constraints/ProofComplexity/normalized-tseitin-regular-n134-d3-i2-f.cnf.gz-plain.pb.metafix.opb.xz,3
DEC-LIN/normalized-PB15eval/ProofComplexity-Extracted-Cardinality-Constraints/ProofComplexity/normalized-tseitin-regular-n134-d3-i2-r1.cnf.gz-plain.pb.metafix.opb.xz,3
DEC-LIN/normalized-PB15eval/ProofComplexity-Extracted-Cardinality-Constraints/ProofComplexity/normalized-tseitin-regular-n134-d3-i2-r2.cnf.gz-plain.pb.metafix.opb.xz,3
DEC-LIN/normalized-PB15eval/ProofComplexity-Extracted-Cardinality-Constraints/ProofComplexity/normalized-tseitin-regular-n134-d3-i3-f.cnf.gz-plain.pb.metafix.opb.xz,3
DEC-LIN/normalized-PB15eval/ProofComplexity-Extracted-Cardinality-Constraints/ProofComplexity/normalized-tseitin-regular-n134-d3-i3-r1.cnf.gz-plain.pb.metafix.opb.xz,3
DEC-LIN/normalized-PB15eval/ProofComplexity-Extracted-Cardinality-Constraints/ProofComplexity/normalized-tseitin-regular-n136-d3-i1-f.cnf.gz-plain.pb.metafix.opb.xz,3
DEC-LIN/normalized-PB15eval/ProofComplexity-Extracted-Cardinality-Constraints/ProofComplexity/normalized-tseitin-regular-n136-d3-i1-r1.cnf.gz-plain.pb.metafix.opb.xz,3
DEC-LIN/normalized-PB15eval/ProofComplexity-Extracted-Cardinality-Constraints/ProofComplexity/normalized-tseitin-regular-n136-d3-i1-r2.cnf.gz-plain.pb.metafix.opb.xz,3
DEC-LIN/normalized-PB15eval/ProofComplexity-Extracted-Cardinality-Constraints/ProofComplexity/normalized-tseitin-regular-n136-d3-i2-f.cnf.gz-plain.pb.metafix.opb.xz,3
DEC-LIN/normalized-PB15eval/ProofComplexity-Extracted-Cardinality-Constraints/ProofComplexity/normalized-tseitin-regular-n136-d3-i2-r1.cnf.gz-plain.pb.metafix.opb.xz,3
DEC-LIN/normalized-PB15eval/ProofComplexity-Extracted-Cardinality-Constraints/ProofComplexity/normalized-tseitin-regular-n136-d3-i2-r2.cnf.gz-plain.pb.metafix.opb.xz,3
DEC-LIN/normalized-PB15eval/ProofComplexity-Extracted-Cardinality-Constraints/ProofComplexity/normalized-tseitin-regular-n136-d3-i3-f.cnf.gz-plain.pb.metafix.opb.xz,3
DEC-LIN/normalized-PB15eval/ProofComplexity-Extracted-Cardinality-Constraints/ProofComplexity/normalized-tseitin-regular-n136-d3-i3-r1.cnf.gz-plain.pb.metafix.opb.xz,3
DEC-LIN/normalized-PB15eval/ProofComplexity-Extracted-Cardinality-Constraints/ProofComplexity/normalized-tseitin-regular-n136-d3-i3-r2.cnf.gz-plain.pb.metafix.opb.xz,3
DEC-LIN/normalized-PB15eval/ProofComplexity-Extracted-Cardinality-Constraints/ProofComplexity/normalized-tseitin-regular-n138-d3-i1-r2.cnf.gz-plain.pb.metafix.opb.xz,3
DEC-LIN/normalized-PB15eval/ProofComplexity-Extracted-Cardinality-Constraints/ProofComplexity/normalized-tseitin-regular-n138-d3-i2-r1.cnf.gz-plain.pb.metafix.opb.xz,3
DEC-LIN/normalized-PB15eval/ProofComplexity-Extracted-Cardinality-Constraints/ProofComplexity/normalized-tseitin-regular-n138-d3-i3-r1.cnf.gz-plain.pb.metafix.opb.xz,3
DEC-LIN/normalized-PB15eval/ProofComplexity-Extracted-Cardinality-Constraints/ProofComplexity/normalized-tseitin-regular-n138-d3-i3-r2.cnf.gz-plain.pb.metafix.opb.xz,3
DEC-LIN/normalized-PB15eval/ProofComplexity-Extracted-Cardinality-Constraints/ProofComplexity/normalized-tseitin-regular-n14-d3-i1-f.cnf.gz-plain.pb.metafix.opb.xz,3
DEC-LIN/normalized-PB15eval/ProofComplexity-Extracted-Cardinality-Constraints/ProofComplexity/normalized-tseitin-regular-n14-d3-i1-r2.cnf.gz-plain.pb.metafix.opb.xz,3
DEC-LIN/normalized-PB15eval/ProofComplexity-Extracted-Cardinality-Constraints/ProofComplexity/normalized-tseitin-regular-n14-d3-i2-f.cnf.gz-plain.pb.metafix.opb.xz,3
DEC-LIN/normalized-PB15eval/ProofComplexity-Extracted-Cardinality-Constraints/ProofComplexity/normalized-tseitin-regular-n14-d3-i2-r2.cnf.gz-plain.pb.metafix.opb.xz,3
DEC-LIN/normalized-PB15eval/ProofComplexity-Extracted-Cardinality-Constraints/ProofComplexity/normalized-tseitin-regular-n14-d3-i3-f.cnf.gz-plain.pb.metafix.opb.xz,3
DEC-LIN/normalized-PB15eval/ProofComplexity-Extracted-Cardinality-Constraints/ProofComplexity/normalized-tseitin-regular-n14-d3-i3-r2.cnf.gz-plain.pb.metafix.opb.xz,3
DEC-LIN/normalized-PB15eval/ProofComplexity-Extracted-Cardinality-Constraints/ProofComplexity/normalized-tseitin-regular-n140-d3-i1-f.cnf.gz-plain.pb.metafix.opb.xz,3
DEC-LIN/normalized-PB15eval/ProofComplexity-Extracted-Cardinality-Constraints/ProofComplexity/normalized-tseitin-regular-n140-d3-i1-r2.cnf.gz-plain.pb.metafix.opb.xz,3
DEC-LIN/normalized-PB15eval/ProofComplexity-Extracted-Cardinality-Constraints/ProofComplexity/normalized-tseitin-regular-n140-d3-i2-f.cnf.gz-plain.pb.metafix.opb.xz,3
DEC-LIN/normalized-PB15eval/ProofComplexity-Extracted-Cardinality-Constraints/ProofComplexity/normalized-tseitin-regular-n140-d3-i2-r2.cnf.gz-plain.pb.metafix.opb.xz,3
DEC-LIN/normalized-PB15eval/ProofComplexity-Extracted-Cardinality-Constraints/ProofComplexity/normalized-tseitin-regular-n140-d3-i3-f.cnf.gz-plain.pb.metafix.opb.xz,3
DEC-LIN/normalized-PB15eval/ProofComplexity-Extracted-Cardinality-Constraints/ProofComplexity/normalized-tseitin-regular-n140-d3-i3-r1.cnf.gz-plain.pb.metafix.opb.xz,3
DEC-LIN/normalized-PB15eval/ProofComplexity-Extracted-Cardinality-Constraints/ProofComplexity/normalized-tseitin-regular-n140-d3-i3-r2.cnf.gz-plain.pb.metafix.opb.xz,3
DEC-LIN/normalized-PB15eval/ProofComplexity-Extracted-Cardinality-Constraints/ProofComplexity/normalized-tseitin-regular-n142-d3-i1-f.cnf.gz-plain.pb.metafix.opb.xz,3
DEC-LIN/normalized-PB15eval/ProofComplexity-Extracted-Cardinality-Constraints/ProofComplexity/normalized-tseitin-regular-n142-d3-i1-r2.cnf.gz-plain.pb.metafix.opb.xz,3
DEC-LIN/normalized-PB15eval/ProofComplexity-Extracted-Cardinality-Constraints/ProofComplexity/normalized-tseitin-regular-n142-d3-i2-f.cnf.gz-plain.pb.metafix.opb.xz,3
DEC-LIN/normalized-PB15eval/ProofComplexity-Extracted-Cardinality-Constraints/ProofComplexity/normalized-tseitin-regular-n142-d3-i2-r1.cnf.gz-plain.pb.metafix.opb.xz,3
DEC-LIN/normalized-PB15eval/ProofComplexity-Extracted-Cardinality-Constraints/ProofComplexity/normalized-tseitin-regular-n142-d3-i2-r2.cnf.gz-plain.pb.metafix.opb.xz,3
DEC-LIN/normalized-PB15eval/ProofComplexity-Extracted-Cardinality-Constraints/ProofComplexity/normalized-tseitin-regular-n142-d3-i3-f.cnf.gz-plain.pb.metafix.opb.xz,3
DEC-LIN/normalized-PB15eval/ProofComplexity-Extracted-Cardinality-Constraints/ProofComplexity/normalized-tseitin-regular-n142-d3-i3-r1.cnf.gz-plain.pb.metafix.opb.xz,3
DEC-LIN/normalized-PB15eval/ProofComplexity-Extracted-Cardinality-Constraints/ProofComplexity/normalized-tseitin-regular-n142-d3-i3-r2.cnf.gz-plain.pb.metafix.opb.xz,3
DEC-LIN/normalized-PB15eval/ProofComplexity-Extracted-Cardinality-Constraints/ProofComplexity/normalized-tseitin-regular-n144-d3-i1-f.cnf.gz-plain.pb.metafix.opb.xz,3
DEC-LIN/normalized-PB15eval/ProofComplexity-Extracted-Cardinality-Constraints/ProofComplexity/normalized-tseitin-regular-n144-d3-i2-f.cnf.gz-plain.pb.metafix.opb.xz,3
DEC-LIN/normalized-PB15eval/ProofComplexity-Extracted-Cardinality-Constraints/ProofComplexity/normalized-tseitin-regular-n144-d3-i2-r1.cnf.gz-plain.pb.metafix.opb.xz,3
DEC-LIN/normalized-PB15eval/ProofComplexity-Extracted-Cardinality-Constraints/ProofComplexity/normalized-tseitin-regular-n144-d3-i2-r2.cnf.gz-plain.pb.metafix.opb.xz,3
DEC-LIN/normalized-PB15eval/ProofComplexity-Extracted-Cardinality-Constraints/ProofComplexity/normalized-tseitin-regular-n144-d3-i3-f.cnf.gz-plain.pb.metafix.opb.xz,3
DEC-LIN/normalized-PB15eval/ProofComplexity-Extracted-Cardinality-Constraints/ProofComplexity/normalized-tseitin-regular-n144-d3-i3-r2.cnf.gz-plain.pb.metafix.opb.xz,3
DEC-LIN/normalized-PB15eval/ProofComplexity-Extracted-Cardinality-Constraints/ProofComplexity/normalized-tseitin-regular-n146-d3-i1-r1.cnf.gz-plain.pb.metafix.opb.xz,3
DEC-LIN/normalized-PB15eval/ProofComplexity-Extracted-Cardinality-Constraints/ProofComplexity/normalized-tseitin-regular-n146-d3-i1-r2.cnf.gz-plain.pb.metafix.opb.xz,3
DEC-LIN/normalized-PB15eval/ProofComplexity-Extracted-Cardinality-Constraints/ProofComplexity/normalized-tseitin-regular-n146-d3-i2-f.cnf.gz-plain.pb.metafix.opb.xz,3
DEC-LIN/normalized-PB15eval/ProofComplexity-Extracted-Cardinality-Constraints/ProofComplexity/normalized-tseitin-regular-n146-d3-i3-f.cnf.gz-plain.pb.metafix.opb.xz,3
DEC-LIN/normalized-PB15eval/ProofComplexity-Extracted-Cardinality-Constraints/ProofComplexity/normalized-tseitin-regular-n148-d3-i1-r1.cnf.gz-plain.pb.metafix.opb.xz,3
DEC-LIN/normalized-PB15eval/ProofComplexity-Extracted-Cardinality-Constraints/ProofComplexity/normalized-tseitin-regular-n148-d3-i1-r2.cnf.gz-plain.pb.metafix.opb.xz,3
DEC-LIN/normalized-PB15eval/ProofComplexity-Extracted-Cardinality-Constraints/ProofComplexity/normalized-tseitin-regular-n148-d3-i2-f.cnf.gz-plain.pb.metafix.opb.xz,3
DEC-LIN/normalized-PB15eval/ProofComplexity-Extracted-Cardinality-Constraints/ProofComplexity/normalized-tseitin-regular-n148-d3-i2-r1.cnf.gz-plain.pb.metafix.opb.xz,3
DEC-LIN/normalized-PB15eval/ProofComplexity-Extracted-Cardinality-Constraints/ProofComplexity/normalized-tseitin-regular-n148-d3-i3-f.cnf.gz-plain.pb.metafix.opb.xz,3
DEC-LIN/normalized-PB15eval/ProofComplexity-Extracted-Cardinality-Constraints/ProofComplexity/normalized-tseitin-regular-n148-d3-i3-r1.cnf.gz-plain.pb.metafix.opb.xz,3
DEC-LIN/normalized-PB15eval/ProofComplexity-Extracted-Cardinality-Constraints/ProofComplexity/normalized-tseitin-regular-n148-d3-i3-r2.cnf.gz-plain.pb.metafix.opb.xz,3
DEC-LIN/normalized-PB15eval/ProofComplexity-Extracted-Cardinality-Constraints/ProofComplexity/normalized-tseitin-regular-n150-d3-i1-f.cnf.gz-plain.pb.metafix.opb.xz,3
DEC-LIN/normalized-PB15eval/ProofComplexity-Extracted-Cardinality-Constraints/ProofComplexity/normalized-tseitin-regular-n150-d3-i1-r1.cnf.gz-plain.pb.metafix.opb.xz,3
DEC-LIN/normalized-PB15eval/ProofComplexity-Extracted-Cardinality-Constraints/ProofComplexity/normalized-tseitin-regular-n150-d3-i2-f.cnf.gz-plain.pb.metafix.opb.xz,3
DEC-LIN/normalized-PB15eval/ProofComplexity-Extracted-Cardinality-Constraints/ProofComplexity/normalized-tseitin-regular-n150-d3-i2-r1.cnf.gz-plain.pb.metafix.opb.xz,3
DEC-LIN/normalized-PB15eval/ProofComplexity-Extracted-Cardinality-Constraints/ProofComplexity/normalized-tseitin-regular-n150-d3-i2-r2.cnf.gz-plain.pb.metafix.opb.xz,3
DEC-LIN/normalized-PB15eval/ProofComplexity-Extracted-Cardinality-Constraints/ProofComplexity/normalized-tseitin-regular-n150-d3-i3-r1.cnf.gz-plain.pb.metafix.opb.xz,3
DEC-LIN/normalized-PB15eval/ProofComplexity-Extracted-Cardinality-Constraints/ProofComplexity/normalized-tseitin-regular-n150-d3-i3-r2.cnf.gz-plain.pb.metafix.opb.xz,3
DEC-LIN/normalized-PB15eval/ProofComplexity-Extracted-Cardinality-Constraints/ProofComplexity/normalized-tseitin-regular-n152-d3-i1-f.cnf.gz-plain.pb.metafix.opb.xz,3
DEC-LIN/normalized-PB15eval/ProofComplexity-Extracted-Cardinality-Constraints/ProofComplexity/normalized-tseitin-regular-n152-d3-i1-r1.cnf.gz-plain.pb.metafix.opb.xz,3
DEC-LIN/normalized-PB15eval/ProofComplexity-Extracted-Cardinality-Constraints/ProofComplexity/normalized-tseitin-regular-n152-d3-i1-r2.cnf.gz-plain.pb.metafix.opb.xz,3
DEC-LIN/normalized-PB15eval/ProofComplexity-Extracted-Cardinality-Constraints/ProofComplexity/normalized-tseitin-regular-n152-d3-i2-f.cnf.gz-plain.pb.metafix.opb.xz,3
DEC-LIN/normalized-PB15eval/ProofComplexity-Extracted-Cardinality-Constraints/ProofComplexity/normalized-tseitin-regular-n152-d3-i2-r1.cnf.gz-plain.pb.metafix.opb.xz,3
DEC-LIN/normalized-PB15eval/ProofComplexity-Extracted-Cardinality-Constraints/ProofComplexity/normalized-tseitin-regular-n152-d3-i2-r2.cnf.gz-plain.pb.metafix.opb.xz,3
DEC-LIN/normalized-PB15eval/ProofComplexity-Extracted-Cardinality-Constraints/ProofComplexity/normalized-tseitin-regular-n152-d3-i3-f.cnf.gz-plain.pb.metafix.opb.xz,3
DEC-LIN/normalized-PB15eval/ProofComplexity-Extracted-Cardinality-Constraints/ProofComplexity/normalized-tseitin-regular-n152-d3-i3-r1.cnf.gz-plain.pb.metafix.opb.xz,3
DEC-LIN/normalized-PB15eval/ProofComplexity-Extracted-Cardinality-Constraints/ProofComplexity/normalized-tseitin-regular-n152-d3-i3-r2.cnf.gz-plain.pb.metafix.opb.xz,3
DEC-LIN/normalized-PB15eval/ProofComplexity-Extracted-Cardinality-Constraints/ProofComplexity/normalized-tseitin-regular-n154-d3-i1-f.cnf.gz-plain.pb.metafix.opb.xz,3
DEC-LIN/normalized-PB15eval/ProofComplexity-Extracted-Cardinality-Constraints/ProofComplexity/normalized-tseitin-regular-n154-d3-i1-r1.cnf.gz-plain.pb.metafix.opb.xz,3
DEC-LIN/normalized-PB15eval/ProofComplexity-Extracted-Cardinality-Constraints/ProofComplexity/normalized-tseitin-regular-n154-d3-i1-r2.cnf.gz-plain.pb.metafix.opb.xz,3
DEC-LIN/normalized-PB15eval/ProofComplexity-Extracted-Cardinality-Constraints/ProofComplexity/normalized-tseitin-regular-n154-d3-i2-f.cnf.gz-plain.pb.metafix.opb.xz,3
DEC-LIN/normalized-PB15eval/ProofComplexity-Extracted-Cardinality-Constraints/ProofComplexity/normalized-tseitin-regular-n154-d3-i2-r1.cnf.gz-plain.pb.metafix.opb.xz,3
DEC-LIN/normalized-PB15eval/ProofComplexity-Extracted-Cardinality-Constraints/ProofComplexity/normalized-tseitin-regular-n154-d3-i2-r2.cnf.gz-plain.pb.metafix.opb.xz,3
DEC-LIN/normalized-PB15eval/ProofComplexity-Extracted-Cardinality-Constraints/ProofComplexity/normalized-tseitin-regular-n154-d3-i3-f.cnf.gz-plain.pb.metafix.opb.xz,3
DEC-LIN/normalized-PB15eval/ProofComplexity-Extracted-Cardinality-Constraints/ProofComplexity/normalized-tseitin-regular-n154-d3-i3-r1.cnf.gz-plain.pb.metafix.opb.xz,3
DEC-LIN/normalized-PB15eval/ProofComplexity-Extracted-Cardinality-Constraints/ProofComplexity/normalized-tseitin-regular-n154-d3-i3-r2.cnf.gz-plain.pb.metafix.opb.xz,3
DEC-LIN/normalized-PB15eval/ProofComplexity-Extracted-Cardinality-Constraints/ProofComplexity/normalized-tseitin-regular-n156-d3-i1-r1.cnf.gz-plain.pb.metafix.opb.xz,3
DEC-LIN/normalized-PB15eval/ProofComplexity-Extracted-Cardinality-Constraints/ProofComplexity/normalized-tseitin-regular-n156-d3-i1-r2.cnf.gz-plain.pb.metafix.opb.xz,3
DEC-LIN/normalized-PB15eval/ProofComplexity-Extracted-Cardinality-Constraints/ProofComplexity/normalized-tseitin-regular-n156-d3-i2-f.cnf.gz-plain.pb.metafix.opb.xz,3
DEC-LIN/normalized-PB15eval/ProofComplexity-Extracted-Cardinality-Constraints/ProofComplexity/normalized-tseitin-regular-n156-d3-i2-r1.cnf.gz-plain.pb.metafix.opb.xz,3
DEC-LIN/normalized-PB15eval/ProofComplexity-Extracted-Cardinality-Constraints/ProofComplexity/normalized-tseitin-regular-n156-d3-i2-r2.cnf.gz-plain.pb.metafix.opb.xz,3
DEC-LIN/normalized-PB15eval/ProofComplexity-Extracted-Cardinality-Constraints/ProofComplexity/normalized-tseitin-regular-n156-d3-i3-f.cnf.gz-plain.pb.metafix.opb.xz,3
DEC-LIN/normalized-PB15eval/ProofComplexity-Extracted-Cardinality-Constraints/ProofComplexity/normalized-tseitin-regular-n156-d3-i3-r1.cnf.gz-plain.pb.metafix.opb.xz,3
DEC-LIN/normalized-PB15eval/ProofComplexity-Extracted-Cardinality-Constraints/ProofComplexity/normalized-tseitin-regular-n156-d3-i3-r2.cnf.gz-plain.pb.metafix.opb.xz,3
DEC-LIN/normalized-PB15eval/ProofComplexity-Extracted-Cardinality-Constraints/ProofComplexity/normalized-tseitin-regular-n158-d3-i1-f.cnf.gz-plain.pb.metafix.opb.xz,3
DEC-LIN/normalized-PB15eval/ProofComplexity-Extracted-Cardinality-Constraints/ProofComplexity/normalized-tseitin-regular-n158-d3-i1-r1.cnf.gz-plain.pb.metafix.opb.xz,3
DEC-LIN/normalized-PB15eval/ProofComplexity-Extracted-Cardinality-Constraints/ProofComplexity/normalized-tseitin-regular-n158-d3-i1-r2.cnf.gz-plain.pb.metafix.opb.xz,3
DEC-LIN/normalized-PB15eval/ProofComplexity-Extracted-Cardinality-Constraints/ProofComplexity/normalized-tseitin-regular-n158-d3-i2-f.cnf.gz-plain.pb.metafix.opb.xz,3
DEC-LIN/normalized-PB15eval/ProofComplexity-Extracted-Cardinality-Constraints/ProofComplexity/normalized-tseitin-regular-n158-d3-i2-r2.cnf.gz-plain.pb.metafix.opb.xz,3
DEC-LIN/normalized-PB15eval/ProofComplexity-Extracted-Cardinality-Constraints/ProofComplexity/normalized-tseitin-regular-n158-d3-i3-f.cnf.gz-plain.pb.metafix.opb.xz,3
DEC-LIN/normalized-PB15eval/ProofComplexity-Extracted-Cardinality-Constraints/ProofComplexity/normalized-tseitin-regular-n158-d3-i3-r1.cnf.gz-plain.pb.metafix.opb.xz,3
DEC-LIN/normalized-PB15eval/ProofComplexity-Extracted-Cardinality-Constraints/ProofComplexity/normalized-tseitin-regular-n158-d3-i3-r2.cnf.gz-plain.pb.metafix.opb.xz,3
DEC-LIN/normalized-PB15eval/ProofComplexity-Extracted-Cardinality-Constraints/ProofComplexity/normalized-tseitin-regular-n16-d3-i1-f.cnf.gz-plain.pb.metafix.opb.xz,3
DEC-LIN/normalized-PB15eval/ProofComplexity-Extracted-Cardinality-Constraints/ProofComplexity/normalized-tseitin-regular-n16-d3-i1-r1.cnf.gz-plain.pb.metafix.opb.xz,3
DEC-LIN/normalized-PB15eval/ProofComplexity-Extracted-Cardinality-Constraints/ProofComplexity/normalized-tseitin-regular-n16-d3-i1-r2.cnf.gz-plain.pb.metafix.opb.xz,3
DEC-LIN/normalized-PB15eval/ProofComplexity-Extracted-Cardinality-Constraints/ProofComplexity/normalized-tseitin-regular-n16-d3-i2-f.cnf.gz-plain.pb.metafix.opb.xz,3
DEC-LIN/normalized-PB15eval/ProofComplexity-Extracted-Cardinality-Constraints/ProofComplexity/normalized-tseitin-regular-n16-d3-i2-r1.cnf.gz-plain.pb.metafix.opb.xz,3
DEC-LIN/normalized-PB15eval/ProofComplexity-Extracted-Cardinality-Constraints/ProofComplexity/normalized-tseitin-regular-n16-d3-i2-r2.cnf.gz-plain.pb.metafix.opb.xz,3
DEC-LIN/normalized-PB15eval/ProofComplexity-Extracted-Cardinality-Constraints/ProofComplexity/normalized-tseitin-regular-n16-d3-i3-f.cnf.gz-plain.pb.metafix.opb.xz,3
DEC-LIN/normalized-PB15eval/ProofComplexity-Extracted-Cardinality-Constraints/ProofComplexity/normalized-tseitin-regular-n16-d3-i3-r1.cnf.gz-plain.pb.metafix.opb.xz,3
DEC-LIN/normalized-PB15eval/ProofComplexity-Extracted-Cardinality-Constraints/ProofComplexity/normalized-tseitin-regular-n16-d3-i3-r2.cnf.gz-plain.pb.metafix.opb.xz,3
DEC-LIN/normalized-PB15eval/ProofComplexity-Extracted-Cardinality-Constraints/ProofComplexity/normalized-tseitin-regular-n160-d3-i1-f.cnf.gz-plain.pb.metafix.opb.xz,3
DEC-LIN/normalized-PB15eval/ProofComplexity-Extracted-Cardinality-Constraints/ProofComplexity/normalized-tseitin-regular-n160-d3-i1-r2.cnf.gz-plain.pb.metafix.opb.xz,3
DEC-LIN/normalized-PB15eval/ProofComplexity-Extracted-Cardinality-Constraints/ProofComplexity/normalized-tseitin-regular-n160-d3-i2-f.cnf.gz-plain.pb.metafix.opb.xz,3
DEC-LIN/normalized-PB15eval/ProofComplexity-Extracted-Cardinality-Constraints/ProofComplexity/normalized-tseitin-regular-n160-d3-i2-r1.cnf.gz-plain.pb.metafix.opb.xz,3
DEC-LIN/normalized-PB15eval/ProofComplexity-Extracted-Cardinality-Constraints/ProofComplexity/normalized-tseitin-regular-n160-d3-i3-f.cnf.gz-plain.pb.metafix.opb.xz,3
DEC-LIN/normalized-PB15eval/ProofComplexity-Extracted-Cardinality-Constraints/ProofComplexity/normalized-tseitin-regular-n160-d3-i3-r2.cnf.gz-plain.pb.metafix.opb.xz,3
DEC-LIN/normalized-PB15eval/ProofComplexity-Extracted-Cardinality-Constraints/ProofComplexity/normalized-tseitin-regular-n162-d3-i1-f.cnf.gz-plain.pb.metafix.opb.xz,3
DEC-LIN/normalized-PB15eval/ProofComplexity-Extracted-Cardinality-Constraints/ProofComplexity/normalized-tseitin-regular-n162-d3-i1-r1.cnf.gz-plain.pb.metafix.opb.xz,3
DEC-LIN/normalized-PB15eval/ProofComplexity-Extracted-Cardinality-Constraints/ProofComplexity/normalized-tseitin-regular-n162-d3-i2-r1.cnf.gz-plain.pb.metafix.opb.xz,3
DEC-LIN/normalized-PB15eval/ProofComplexity-Extracted-Cardinality-Constraints/ProofComplexity/normalized-tseitin-regular-n162-d3-i2-r2.cnf.gz-plain.pb.metafix.opb.xz,3
DEC-LIN/normalized-PB15eval/ProofComplexity-Extracted-Cardinality-Constraints/ProofComplexity/normalized-tseitin-regular-n162-d3-i3-f.cnf.gz-plain.pb.metafix.opb.xz,3
DEC-LIN/normalized-PB15eval/ProofComplexity-Extracted-Cardinality-Constraints/ProofComplexity/normalized-tseitin-regular-n162-d3-i3-r1.cnf.gz-plain.pb.metafix.opb.xz,3
DEC-LIN/normalized-PB15eval/ProofComplexity-Extracted-Cardinality-Constraints/ProofComplexity/normalized-tseitin-regular-n162-d3-i3-r2.cnf.gz-plain.pb.metafix.opb.xz,3
DEC-LIN/normalized-PB15eval/ProofComplexity-Extracted-Cardinality-Constraints/ProofComplexity/normalized-tseitin-regular-n164-d3-i1-f.cnf.gz-plain.pb.metafix.opb.xz,3
DEC-LIN/normalized-PB15eval/ProofComplexity-Extracted-Cardinality-Constraints/ProofComplexity/normalized-tseitin-regular-n164-d3-i1-r1.cnf.gz-plain.pb.metafix.opb.xz,3
DEC-LIN/normalized-PB15eval/ProofComplexity-Extracted-Cardinality-Constraints/ProofComplexity/normalized-tseitin-regular-n164-d3-i1-r2.cnf.gz-plain.pb.metafix.opb.xz,3
DEC-LIN/normalized-PB15eval/ProofComplexity-Extracted-Cardinality-Constraints/ProofComplexity/normalized-tseitin-regular-n164-d3-i2-f.cnf.gz-plain.pb.metafix.opb.xz,3
DEC-LIN/normalized-PB15eval/ProofComplexity-Extracted-Cardinality-Constraints/ProofComplexity/normalized-tseitin-regular-n164-d3-i2-r1.cnf.gz-plain.pb.metafix.opb.xz,3
DEC-LIN/normalized-PB15eval/ProofComplexity-Extracted-Cardinality-Constraints/ProofComplexity/normalized-tseitin-regular-n164-d3-i2-r2.cnf.gz-plain.pb.metafix.opb.xz,3
DEC-LIN/normalized-PB15eval/ProofComplexity-Extracted-Cardinality-Constraints/ProofComplexity/normalized-tseitin-regular-n164-d3-i3-f.cnf.gz-plain.pb.metafix.opb.xz,3
DEC-LIN/normalized-PB15eval/ProofComplexity-Extracted-Cardinality-Constraints/ProofComplexity/normalized-tseitin-regular-n164-d3-i3-r1.cnf.gz-plain.pb.metafix.opb.xz,3
DEC-LIN/normalized-PB15eval/ProofComplexity-Extracted-Cardinality-Constraints/ProofComplexity/normalized-tseitin-regular-n164-d3-i3-r2.cnf.gz-plain.pb.metafix.opb.xz,3
DEC-LIN/normalized-PB15eval/ProofComplexity-Extracted-Cardinality-Constraints/ProofComplexity/normalized-tseitin-regular-n166-d3-i1-f.cnf.gz-plain.pb.metafix.opb.xz,3
DEC-LIN/normalized-PB15eval/ProofComplexity-Extracted-Cardinality-Constraints/ProofComplexity/normalized-tseitin-regular-n166-d3-i1-r1.cnf.gz-plain.pb.metafix.opb.xz,3
DEC-LIN/normalized-PB15eval/ProofComplexity-Extracted-Cardinality-Constraints/ProofComplexity/normalized-tseitin-regular-n166-d3-i1-r2.cnf.gz-plain.pb.metafix.opb.xz,3
DEC-LIN/normalized-PB15eval/ProofComplexity-Extracted-Cardinality-Constraints/ProofComplexity/normalized-tseitin-regular-n166-d3-i2-f.cnf.gz-plain.pb.metafix.opb.xz,3
DEC-LIN/normalized-PB15eval/ProofComplexity-Extracted-Cardinality-Constraints/ProofComplexity/normalized-tseitin-regular-n166-d3-i2-r2.cnf.gz-plain.pb.metafix.opb.xz,3
DEC-LIN/normalized-PB15eval/ProofComplexity-Extracted-Cardinality-Constraints/ProofComplexity/normalized-tseitin-regular-n166-d3-i3-f.cnf.gz-plain.pb.metafix.opb.xz,3
DEC-LIN/normalized-PB15eval/ProofComplexity-Extracted-Cardinality-Constraints/ProofComplexity/normalized-tseitin-regular-n166-d3-i3-r1.cnf.gz-plain.pb.metafix.opb.xz,3
DEC-LIN/normalized-PB15eval/ProofComplexity-Extracted-Cardinality-Constraints/ProofComplexity/normalized-tseitin-regular-n168-d3-i1-f.cnf.gz-plain.pb.metafix.opb.xz,3
DEC-LIN/normalized-PB15eval/ProofComplexity-Extracted-Cardinality-Constraints/ProofComplexity/normalized-tseitin-regular-n168-d3-i1-r1.cnf.gz-plain.pb.metafix.opb.xz,3
DEC-LIN/normalized-PB15eval/ProofComplexity-Extracted-Cardinality-Constraints/ProofComplexity/normalized-tseitin-regular-n168-d3-i1-r2.cnf.gz-plain.pb.metafix.opb.xz,3
DEC-LIN/normalized-PB15eval/ProofComplexity-Extracted-Cardinality-Constraints/ProofComplexity/normalized-tseitin-regular-n168-d3-i2-f.cnf.gz-plain.pb.metafix.opb.xz,3
DEC-LIN/normalized-PB15eval/ProofComplexity-Extracted-Cardinality-Constraints/ProofComplexity/normalized-tseitin-regular-n168-d3-i2-r1.cnf.gz-plain.pb.metafix.opb.xz,3
DEC-LIN/normalized-PB15eval/ProofComplexity-Extracted-Cardinality-Constraints/ProofComplexity/normalized-tseitin-regular-n168-d3-i2-r2.cnf.gz-plain.pb.metafix.opb.xz,3
DEC-LIN/normalized-PB15eval/ProofComplexity-Extracted-Cardinality-Constraints/ProofComplexity/normalized-tseitin-regular-n168-d3-i3-r1.cnf.gz-plain.pb.metafix.opb.xz,3
DEC-LIN/normalized-PB15eval/ProofComplexity-Extracted-Cardinality-Constraints/ProofComplexity/normalized-tseitin-regular-n168-d3-i3-r2.cnf.gz-plain.pb.metafix.opb.xz,3
DEC-LIN/normalized-PB15eval/ProofComplexity-Extracted-Cardinality-Constraints/ProofComplexity/normalized-tseitin-regular-n170-d3-i1-f.cnf.gz-plain.pb.metafix.opb.xz,3
DEC-LIN/normalized-PB15eval/ProofComplexity-Extracted-Cardinality-Constraints/ProofComplexity/normalized-tseitin-regular-n170-d3-i1-r1.cnf.gz-plain.pb.metafix.opb.xz,3
DEC-LIN/normalized-PB15eval/ProofComplexity-Extracted-Cardinality-Constraints/ProofComplexity/normalized-tseitin-regular-n170-d3-i2-r2.cnf.gz-plain.pb.metafix.opb.xz,3
DEC-LIN/normalized-PB15eval/ProofComplexity-Extracted-Cardinality-Constraints/ProofComplexity/normalized-tseitin-regular-n170-d3-i3-f.cnf.gz-plain.pb.metafix.opb.xz,3
DEC-LIN/normalized-PB15eval/ProofComplexity-Extracted-Cardinality-Constraints/ProofComplexity/normalized-tseitin-regular-n170-d3-i3-r2.cnf.gz-plain.pb.metafix.opb.xz,3
DEC-LIN/normalized-PB15eval/ProofComplexity-Extracted-Cardinality-Constraints/ProofComplexity/normalized-tseitin-regular-n172-d3-i1-r1.cnf.gz-plain.pb.metafix.opb.xz,3
DEC-LIN/normalized-PB15eval/ProofComplexity-Extracted-Cardinality-Constraints/ProofComplexity/normalized-tseitin-regular-n172-d3-i1-r2.cnf.gz-plain.pb.metafix.opb.xz,3
DEC-LIN/normalized-PB15eval/ProofComplexity-Extracted-Cardinality-Constraints/ProofComplexity/normalized-tseitin-regular-n172-d3-i2-f.cnf.gz-plain.pb.metafix.opb.xz,3
DEC-LIN/normalized-PB15eval/ProofComplexity-Extracted-Cardinality-Constraints/ProofComplexity/normalized-tseitin-regular-n172-d3-i2-r1.cnf.gz-plain.pb.metafix.opb.xz,3
DEC-LIN/normalized-PB15eval/ProofComplexity-Extracted-Cardinality-Constraints/ProofComplexity/normalized-tseitin-regular-n172-d3-i2-r2.cnf.gz-plain.pb.metafix.opb.xz,3
DEC-LIN/normalized-PB15eval/ProofComplexity-Extracted-Cardinality-Constraints/ProofComplexity/normalized-tseitin-regular-n172-d3-i3-f.cnf.gz-plain.pb.metafix.opb.xz,3
DEC-LIN/normalized-PB15eval/ProofComplexity-Extracted-Cardinality-Constraints/ProofComplexity/normalized-tseitin-regular-n172-d3-i3-r1.cnf.gz-plain.pb.metafix.opb.xz,3
DEC-LIN/normalized-PB15eval/ProofComplexity-Extracted-Cardinality-Constraints/ProofComplexity/normalized-tseitin-regular-n172-d3-i3-r2.cnf.gz-plain.pb.metafix.opb.xz,3
DEC-LIN/normalized-PB15eval/ProofComplexity-Extracted-Cardinality-Constraints/ProofComplexity/normalized-tseitin-regular-n174-d3-i1-r1.cnf.gz-plain.pb.metafix.opb.xz,3
DEC-LIN/normalized-PB15eval/ProofComplexity-Extracted-Cardinality-Constraints/ProofComplexity/normalized-tseitin-regular-n174-d3-i1-r2.cnf.gz-plain.pb.metafix.opb.xz,3
DEC-LIN/normalized-PB15eval/ProofComplexity-Extracted-Cardinality-Constraints/ProofComplexity/normalized-tseitin-regular-n174-d3-i2-f.cnf.gz-plain.pb.metafix.opb.xz,3
DEC-LIN/normalized-PB15eval/ProofComplexity-Extracted-Cardinality-Constraints/ProofComplexity/normalized-tseitin-regular-n174-d3-i2-r1.cnf.gz-plain.pb.metafix.opb.xz,3
DEC-LIN/normalized-PB15eval/ProofComplexity-Extracted-Cardinality-Constraints/ProofComplexity/normalized-tseitin-regular-n174-d3-i2-r2.cnf.gz-plain.pb.metafix.opb.xz,3
DEC-LIN/normalized-PB15eval/ProofComplexity-Extracted-Cardinality-Constraints/ProofComplexity/normalized-tseitin-regular-n174-d3-i3-f.cnf.gz-plain.pb.metafix.opb.xz,3
DEC-LIN/normalized-PB15eval/ProofComplexity-Extracted-Cardinality-Constraints/ProofComplexity/normalized-tseitin-regular-n174-d3-i3-r2.cnf.gz-plain.pb.metafix.opb.xz,3
DEC-LIN/normalized-PB15eval/ProofComplexity-Extracted-Cardinality-Constraints/ProofComplexity/normalized-tseitin-regular-n176-d3-i1-f.cnf.gz-plain.pb.metafix.opb.xz,3
DEC-LIN/normalized-PB15eval/ProofComplexity-Extracted-Cardinality-Constraints/ProofComplexity/normalized-tseitin-regular-n176-d3-i1-r1.cnf.gz-plain.pb.metafix.opb.xz,3
DEC-LIN/normalized-PB15eval/ProofComplexity-Extracted-Cardinality-Constraints/ProofComplexity/normalized-tseitin-regular-n176-d3-i1-r2.cnf.gz-plain.pb.metafix.opb.xz,3
DEC-LIN/normalized-PB15eval/ProofComplexity-Extracted-Cardinality-Constraints/ProofComplexity/normalized-tseitin-regular-n176-d3-i2-r1.cnf.gz-plain.pb.metafix.opb.xz,3
DEC-LIN/normalized-PB15eval/ProofComplexity-Extracted-Cardinality-Constraints/ProofComplexity/normalized-tseitin-regular-n176-d3-i2-r2.cnf.gz-plain.pb.metafix.opb.xz,3
DEC-LIN/normalized-PB15eval/ProofComplexity-Extracted-Cardinality-Constraints/ProofComplexity/normalized-tseitin-regular-n176-d3-i3-f.cnf.gz-plain.pb.metafix.opb.xz,3
DEC-LIN/normalized-PB15eval/ProofComplexity-Extracted-Cardinality-Constraints/ProofComplexity/normalized-tseitin-regular-n176-d3-i3-r1.cnf.gz-plain.pb.metafix.opb.xz,3
DEC-LIN/normalized-PB15eval/ProofComplexity-Extracted-Cardinality-Constraints/ProofComplexity/normalized-tseitin-regular-n176-d3-i3-r2.cnf.gz-plain.pb.metafix.opb.xz,3
DEC-LIN/normalized-PB15eval/ProofComplexity-Extracted-Cardinality-Constraints/ProofComplexity/normalized-tseitin-regular-n178-d3-i1-f.cnf.gz-plain.pb.metafix.opb.xz,3
DEC-LIN/normalized-PB15eval/ProofComplexity-Extracted-Cardinality-Constraints/ProofComplexity/normalized-tseitin-regular-n178-d3-i1-r1.cnf.gz-plain.pb.metafix.opb.xz,3
DEC-LIN/normalized-PB15eval/ProofComplexity-Extracted-Cardinality-Constraints/ProofComplexity/normalized-tseitin-regular-n178-d3-i1-r2.cnf.gz-plain.pb.metafix.opb.xz,3
DEC-LIN/normalized-PB15eval/ProofComplexity-Extracted-Cardinality-Constraints/ProofComplexity/normalized-tseitin-regular-n178-d3-i2-f.cnf.gz-plain.pb.metafix.opb.xz,3
DEC-LIN/normalized-PB15eval/ProofComplexity-Extracted-Cardinality-Constraints/ProofComplexity/normalized-tseitin-regular-n178-d3-i2-r1.cnf.gz-plain.pb.metafix.opb.xz,3
DEC-LIN/normalized-PB15eval/ProofComplexity-Extracted-Cardinality-Constraints/ProofComplexity/normalized-tseitin-regular-n178-d3-i2-r2.cnf.gz-plain.pb.metafix.opb.xz,3
DEC-LIN/normalized-PB15eval/ProofComplexity-Extracted-Cardinality-Constraints/ProofComplexity/normalized-tseitin-regular-n178-d3-i3-f.cnf.gz-plain.pb.metafix.opb.xz,3
DEC-LIN/normalized-PB15eval/ProofComplexity-Extracted-Cardinality-Constraints/ProofComplexity/normalized-tseitin-regular-n178-d3-i3-r2.cnf.gz-plain.pb.metafix.opb.xz,3
DEC-LIN/normalized-PB15eval/ProofComplexity-Extracted-Cardinality-Constraints/ProofComplexity/normalized-tseitin-regular-n18-d3-i1-r1.cnf.gz-plain.pb.metafix.opb.xz,3
DEC-LIN/normalized-PB15eval/ProofComplexity-Extracted-Cardinality-Constraints/ProofComplexity/normalized-tseitin-regular-n18-d3-i1-r2.cnf.gz-plain.pb.metafix.opb.xz,3
DEC-LIN/normalized-PB15eval/ProofComplexity-Extracted-Cardinality-Constraints/ProofComplexity/normalized-tseitin-regular-n18-d3-i2-f.cnf.gz-plain.pb.metafix.opb.xz,3
DEC-LIN/normalized-PB15eval/ProofComplexity-Extracted-Cardinality-Constraints/ProofComplexity/normalized-tseitin-regular-n18-d3-i2-r1.cnf.gz-plain.pb.metafix.opb.xz,3
DEC-LIN/normalized-PB15eval/ProofComplexity-Extracted-Cardinality-Constraints/ProofComplexity/normalized-tseitin-regular-n18-d3-i2-r2.cnf.gz-plain.pb.metafix.opb.xz,3
DEC-LIN/normalized-PB15eval/ProofComplexity-Extracted-Cardinality-Constraints/ProofComplexity/normalized-tseitin-regular-n18-d3-i3-f.cnf.gz-plain.pb.metafix.opb.xz,3
DEC-LIN/normalized-PB15eval/ProofComplexity-Extracted-Cardinality-Constraints/ProofComplexity/normalized-tseitin-regular-n18-d3-i3-r1.cnf.gz-plain.pb.metafix.opb.xz,3
DEC-LIN/normalized-PB15eval/ProofComplexity-Extracted-Cardinality-Constraints/ProofComplexity/normalized-tseitin-regular-n18-d3-i3-r2.cnf.gz-plain.pb.metafix.opb.xz,3
DEC-LIN/normalized-PB15eval/ProofComplexity-Extracted-Cardinality-Constraints/ProofComplexity/normalized-tseitin-regular-n180-d3-i1-f.cnf.gz-plain.pb.metafix.opb.xz,3
DEC-LIN/normalized-PB15eval/ProofComplexity-Extracted-Cardinality-Constraints/ProofComplexity/normalized-tseitin-regular-n180-d3-i1-r1.cnf.gz-plain.pb.metafix.opb.xz,3
DEC-LIN/normalized-PB15eval/ProofComplexity-Extracted-Cardinality-Constraints/ProofComplexity/normalized-tseitin-regular-n180-d3-i1-r2.cnf.gz-plain.pb.metafix.opb.xz,3
DEC-LIN/normalized-PB15eval/ProofComplexity-Extracted-Cardinality-Constraints/ProofComplexity/normalized-tseitin-regular-n180-d3-i2-f.cnf.gz-plain.pb.metafix.opb.xz,3
DEC-LIN/normalized-PB15eval/ProofComplexity-Extracted-Cardinality-Constraints/ProofComplexity/normalized-tseitin-regular-n180-d3-i2-r1.cnf.gz-plain.pb.metafix.opb.xz,3
DEC-LIN/normalized-PB15eval/ProofComplexity-Extracted-Cardinality-Constraints/ProofComplexity/normalized-tseitin-regular-n180-d3-i2-r2.cnf.gz-plain.pb.metafix.opb.xz,3
DEC-LIN/normalized-PB15eval/ProofComplexity-Extracted-Cardinality-Constraints/ProofComplexity/normalized-tseitin-regular-n180-d3-i3-f.cnf.gz-plain.pb.metafix.opb.xz,3
DEC-LIN/normalized-PB15eval/ProofComplexity-Extracted-Cardinality-Constraints/ProofComplexity/normalized-tseitin-regular-n180-d3-i3-r1.cnf.gz-plain.pb.metafix.opb.xz,3
DEC-LIN/normalized-PB15eval/ProofComplexity-Extracted-Cardinality-Constraints/ProofComplexity/normalized-tseitin-regular-n180-d3-i3-r2.cnf.gz-plain.pb.metafix.opb.xz,3
DEC-LIN/normalized-PB15eval/ProofComplexity-Extracted-Cardinality-Constraints/ProofComplexity/normalized-tseitin-regular-n182-d3-i1-f.cnf.gz-plain.pb.metafix.opb.xz,3
DEC-LIN/normalized-PB15eval/ProofComplexity-Extracted-Cardinality-Constraints/ProofComplexity/normalized-tseitin-regular-n182-d3-i1-r1.cnf.gz-plain.pb.metafix.opb.xz,3
DEC-LIN/normalized-PB15eval/ProofComplexity-Extracted-Cardinality-Constraints/ProofComplexity/normalized-tseitin-regular-n182-d3-i1-r2.cnf.gz-plain.pb.metafix.opb.xz,3
DEC-LIN/normalized-PB15eval/ProofComplexity-Extracted-Cardinality-Constraints/ProofComplexity/normalized-tseitin-regular-n182-d3-i2-r1.cnf.gz-plain.pb.metafix.opb.xz,3
DEC-LIN/normalized-PB15eval/ProofComplexity-Extracted-Cardinality-Constraints/ProofComplexity/normalized-tseitin-regular-n182-d3-i3-f.cnf.gz-plain.pb.metafix.opb.xz,3
DEC-LIN/normalized-PB15eval/ProofComplexity-Extracted-Cardinality-Constraints/ProofComplexity/normalized-tseitin-regular-n182-d3-i3-r1.cnf.gz-plain.pb.metafix.opb.xz,3
DEC-LIN/normalized-PB15eval/ProofComplexity-Extracted-Cardinality-Constraints/ProofComplexity/normalized-tseitin-regular-n184-d3-i1-f.cnf.gz-plain.pb.metafix.opb.xz,3
DEC-LIN/normalized-PB15eval/ProofComplexity-Extracted-Cardinality-Constraints/ProofComplexity/normalized-tseitin-regular-n184-d3-i1-r1.cnf.gz-plain.pb.metafix.opb.xz,3
DEC-LIN/normalized-PB15eval/ProofComplexity-Extracted-Cardinality-Constraints/ProofComplexity/normalized-tseitin-regular-n184-d3-i1-r2.cnf.gz-plain.pb.metafix.opb.xz,3
DEC-LIN/normalized-PB15eval/ProofComplexity-Extracted-Cardinality-Constraints/ProofComplexity/normalized-tseitin-regular-n184-d3-i2-f.cnf.gz-plain.pb.metafix.opb.xz,3
DEC-LIN/normalized-PB15eval/ProofComplexity-Extracted-Cardinality-Constraints/ProofComplexity/normalized-tseitin-regular-n184-d3-i2-r2.cnf.gz-plain.pb.metafix.opb.xz,3
DEC-LIN/normalized-PB15eval/ProofComplexity-Extracted-Cardinality-Constraints/ProofComplexity/normalized-tseitin-regular-n184-d3-i3-f.cnf.gz-plain.pb.metafix.opb.xz,3
DEC-LIN/normalized-PB15eval/ProofComplexity-Extracted-Cardinality-Constraints/ProofComplexity/normalized-tseitin-regular-n184-d3-i3-r2.cnf.gz-plain.pb.metafix.opb.xz,3
DEC-LIN/normalized-PB15eval/ProofComplexity-Extracted-Cardinality-Constraints/ProofComplexity/normalized-tseitin-regular-n186-d3-i1-f.cnf.gz-plain.pb.metafix.opb.xz,3
DEC-LIN/normalized-PB15eval/ProofComplexity-Extracted-Cardinality-Constraints/ProofComplexity/normalized-tseitin-regular-n186-d3-i1-r1.cnf.gz-plain.pb.metafix.opb.xz,3
DEC-LIN/normalized-PB15eval/ProofComplexity-Extracted-Cardinality-Constraints/ProofComplexity/normalized-tseitin-regular-n186-d3-i1-r2.cnf.gz-plain.pb.metafix.opb.xz,3
DEC-LIN/normalized-PB15eval/ProofComplexity-Extracted-Cardinality-Constraints/ProofComplexity/normalized-tseitin-regular-n186-d3-i2-f.cnf.gz-plain.pb.metafix.opb.xz,3
DEC-LIN/normalized-PB15eval/ProofComplexity-Extracted-Cardinality-Constraints/ProofComplexity/normalized-tseitin-regular-n186-d3-i2-r2.cnf.gz-plain.pb.metafix.opb.xz,3
DEC-LIN/normalized-PB15eval/ProofComplexity-Extracted-Cardinality-Constraints/ProofComplexity/normalized-tseitin-regular-n186-d3-i3-f.cnf.gz-plain.pb.metafix.opb.xz,3
DEC-LIN/normalized-PB15eval/ProofComplexity-Extracted-Cardinality-Constraints/ProofComplexity/normalized-tseitin-regular-n186-d3-i3-r1.cnf.gz-plain.pb.metafix.opb.xz,3
DEC-LIN/normalized-PB15eval/ProofComplexity-Extracted-Cardinality-Constraints/ProofComplexity/normalized-tseitin-regular-n188-d3-i1-f.cnf.gz-plain.pb.metafix.opb.xz,3
DEC-LIN/normalized-PB15eval/ProofComplexity-Extracted-Cardinality-Constraints/ProofComplexity/normalized-tseitin-regular-n188-d3-i1-r1.cnf.gz-plain.pb.metafix.opb.xz,3
DEC-LIN/normalized-PB15eval/ProofComplexity-Extracted-Cardinality-Constraints/ProofComplexity/normalized-tseitin-regular-n188-d3-i1-r2.cnf.gz-plain.pb.metafix.opb.xz,3
DEC-LIN/normalized-PB15eval/ProofComplexity-Extracted-Cardinality-Constraints/ProofComplexity/normalized-tseitin-regular-n188-d3-i2-f.cnf.gz-plain.pb.metafix.opb.xz,3
DEC-LIN/normalized-PB15eval/ProofComplexity-Extracted-Cardinality-Constraints/ProofComplexity/normalized-tseitin-regular-n188-d3-i2-r1.cnf.gz-plain.pb.metafix.opb.xz,3
DEC-LIN/normalized-PB15eval/ProofComplexity-Extracted-Cardinality-Constraints/ProofComplexity/normalized-tseitin-regular-n188-d3-i2-r2.cnf.gz-plain.pb.metafix.opb.xz,3
DEC-LIN/normalized-PB15eval/ProofComplexity-Extracted-Cardinality-Constraints/ProofComplexity/normalized-tseitin-regular-n188-d3-i3-f.cnf.gz-plain.pb.metafix.opb.xz,3
DEC-LIN/normalized-PB15eval/ProofComplexity-Extracted-Cardinality-Constraints/ProofComplexity/normalized-tseitin-regular-n188-d3-i3-r1.cnf.gz-plain.pb.metafix.opb.xz,3
DEC-LIN/normalized-PB15eval/ProofComplexity-Extracted-Cardinality-Constraints/ProofComplexity/normalized-tseitin-regular-n188-d3-i3-r2.cnf.gz-plain.pb.metafix.opb.xz,3
DEC-LIN/normalized-PB15eval/ProofComplexity-Extracted-Cardinality-Constraints/ProofComplexity/normalized-tseitin-regular-n190-d3-i1-f.cnf.gz-plain.pb.metafix.opb.xz,3
DEC-LIN/normalized-PB15eval/ProofComplexity-Extracted-Cardinality-Constraints/ProofComplexity/normalized-tseitin-regular-n190-d3-i1-r1.cnf.gz-plain.pb.metafix.opb.xz,3
DEC-LIN/normalized-PB15eval/ProofComplexity-Extracted-Cardinality-Constraints/ProofComplexity/normalized-tseitin-regular-n190-d3-i2-f.cnf.gz-plain.pb.metafix.opb.xz,3
DEC-LIN/normalized-PB15eval/ProofComplexity-Extracted-Cardinality-Constraints/ProofComplexity/normalized-tseitin-regular-n190-d3-i2-r1.cnf.gz-plain.pb.metafix.opb.xz,3
DEC-LIN/normalized-PB15eval/ProofComplexity-Extracted-Cardinality-Constraints/ProofComplexity/normalized-tseitin-regular-n190-d3-i2-r2.cnf.gz-plain.pb.metafix.opb.xz,3
DEC-LIN/normalized-PB15eval/ProofComplexity-Extracted-Cardinality-Constraints/ProofComplexity/normalized-tseitin-regular-n190-d3-i3-f.cnf.gz-plain.pb.metafix.opb.xz,3
DEC-LIN/normalized-PB15eval/ProofComplexity-Extracted-Cardinality-Constraints/ProofComplexity/normalized-tseitin-regular-n190-d3-i3-r1.cnf.gz-plain.pb.metafix.opb.xz,3
DEC-LIN/normalized-PB15eval/ProofComplexity-Extracted-Cardinality-Constraints/ProofComplexity/normalized-tseitin-regular-n190-d3-i3-r2.cnf.gz-plain.pb.metafix.opb.xz,3
DEC-LIN/normalized-PB15eval/ProofComplexity-Extracted-Cardinality-Constraints/ProofComplexity/normalized-tseitin-regular-n192-d3-i1-f.cnf.gz-plain.pb.metafix.opb.xz,3
DEC-LIN/normalized-PB15eval/ProofComplexity-Extracted-Cardinality-Constraints/ProofComplexity/normalized-tseitin-regular-n192-d3-i1-r1.cnf.gz-plain.pb.metafix.opb.xz,3
DEC-LIN/normalized-PB15eval/ProofComplexity-Extracted-Cardinality-Constraints/ProofComplexity/normalized-tseitin-regular-n192-d3-i2-f.cnf.gz-plain.pb.metafix.opb.xz,3
DEC-LIN/normalized-PB15eval/ProofComplexity-Extracted-Cardinality-Constraints/ProofComplexity/normalized-tseitin-regular-n192-d3-i2-r2.cnf.gz-plain.pb.metafix.opb.xz,3
DEC-LIN/normalized-PB15eval/ProofComplexity-Extracted-Cardinality-Constraints/ProofComplexity/normalized-tseitin-regular-n192-d3-i3-f.cnf.gz-plain.pb.metafix.opb.xz,3
DEC-LIN/normalized-PB15eval/ProofComplexity-Extracted-Cardinality-Constraints/ProofComplexity/normalized-tseitin-regular-n192-d3-i3-r1.cnf.gz-plain.pb.metafix.opb.xz,3
DEC-LIN/normalized-PB15eval/ProofComplexity-Extracted-Cardinality-Constraints/ProofComplexity/normalized-tseitin-regular-n192-d3-i3-r2.cnf.gz-plain.pb.metafix.opb.xz,3
DEC-LIN/normalized-PB15eval/ProofComplexity-Extracted-Cardinality-Constraints/ProofComplexity/normalized-tseitin-regular-n194-d3-i1-f.cnf.gz-plain.pb.metafix.opb.xz,3
DEC-LIN/normalized-PB15eval/ProofComplexity-Extracted-Cardinality-Constraints/ProofComplexity/normalized-tseitin-regular-n194-d3-i1-r1.cnf.gz-plain.pb.metafix.opb.xz,3
DEC-LIN/normalized-PB15eval/ProofComplexity-Extracted-Cardinality-Constraints/ProofComplexity/normalized-tseitin-regular-n194-d3-i1-r2.cnf.gz-plain.pb.metafix.opb.xz,3
DEC-LIN/normalized-PB15eval/ProofComplexity-Extracted-Cardinality-Constraints/ProofComplexity/normalized-tseitin-regular-n194-d3-i2-f.cnf.gz-plain.pb.metafix.opb.xz,3
DEC-LIN/normalized-PB15eval/ProofComplexity-Extracted-Cardinality-Constraints/ProofComplexity/normalized-tseitin-regular-n194-d3-i2-r1.cnf.gz-plain.pb.metafix.opb.xz,3
DEC-LIN/normalized-PB15eval/ProofComplexity-Extracted-Cardinality-Constraints/ProofComplexity/normalized-tseitin-regular-n194-d3-i2-r2.cnf.gz-plain.pb.metafix.opb.xz,3
DEC-LIN/normalized-PB15eval/ProofComplexity-Extracted-Cardinality-Constraints/ProofComplexity/normalized-tseitin-regular-n194-d3-i3-f.cnf.gz-plain.pb.metafix.opb.xz,3
DEC-LIN/normalized-PB15eval/ProofComplexity-Extracted-Cardinality-Constraints/ProofComplexity/normalized-tseitin-regular-n194-d3-i3-r1.cnf.gz-plain.pb.metafix.opb.xz,3
DEC-LIN/normalized-PB15eval/ProofComplexity-Extracted-Cardinality-Constraints/ProofComplexity/normalized-tseitin-regular-n194-d3-i3-r2.cnf.gz-plain.pb.metafix.opb.xz,3
DEC-LIN/normalized-PB15eval/ProofComplexity-Extracted-Cardinality-Constraints/ProofComplexity/normalized-tseitin-regular-n196-d3-i1-f.cnf.gz-plain.pb.metafix.opb.xz,3
DEC-LIN/normalized-PB15eval/ProofComplexity-Extracted-Cardinality-Constraints/ProofComplexity/normalized-tseitin-regular-n196-d3-i2-f.cnf.gz-plain.pb.metafix.opb.xz,3
DEC-LIN/normalized-PB15eval/ProofComplexity-Extracted-Cardinality-Constraints/ProofComplexity/normalized-tseitin-regular-n196-d3-i2-r1.cnf.gz-plain.pb.metafix.opb.xz,3
DEC-LIN/normalized-PB15eval/ProofComplexity-Extracted-Cardinality-Constraints/ProofComplexity/normalized-tseitin-regular-n196-d3-i2-r2.cnf.gz-plain.pb.metafix.opb.xz,3
DEC-LIN/normalized-PB15eval/ProofComplexity-Extracted-Cardinality-Constraints/ProofComplexity/normalized-tseitin-regular-n196-d3-i3-f.cnf.gz-plain.pb.metafix.opb.xz,3
DEC-LIN/normalized-PB15eval/ProofComplexity-Extracted-Cardinality-Constraints/ProofComplexity/normalized-tseitin-regular-n196-d3-i3-r1.cnf.gz-plain.pb.metafix.opb.xz,3
DEC-LIN/normalized-PB15eval/ProofComplexity-Extracted-Cardinality-Constraints/ProofComplexity/normalized-tseitin-regular-n196-d3-i3-r2.cnf.gz-plain.pb.metafix.opb.xz,3
DEC-LIN/normalized-PB15eval/ProofComplexity-Extracted-Cardinality-Constraints/ProofComplexity/normalized-tseitin-regular-n198-d3-i1-f.cnf.gz-plain.pb.metafix.opb.xz,3
DEC-LIN/normalized-PB15eval/ProofComplexity-Extracted-Cardinality-Constraints/ProofComplexity/normalized-tseitin-regular-n198-d3-i1-r1.cnf.gz-plain.pb.metafix.opb.xz,3
DEC-LIN/normalized-PB15eval/ProofComplexity-Extracted-Cardinality-Constraints/ProofComplexity/normalized-tseitin-regular-n198-d3-i1-r2.cnf.gz-plain.pb.metafix.opb.xz,3
DEC-LIN/normalized-PB15eval/ProofComplexity-Extracted-Cardinality-Constraints/ProofComplexity/normalized-tseitin-regular-n198-d3-i2-r1.cnf.gz-plain.pb.metafix.opb.xz,3
DEC-LIN/normalized-PB15eval/ProofComplexity-Extracted-Cardinality-Constraints/ProofComplexity/normalized-tseitin-regular-n198-d3-i2-r2.cnf.gz-plain.pb.metafix.opb.xz,3
DEC-LIN/normalized-PB15eval/ProofComplexity-Extracted-Cardinality-Constraints/ProofComplexity/normalized-tseitin-regular-n198-d3-i3-r1.cnf.gz-plain.pb.metafix.opb.xz,3
DEC-LIN/normalized-PB15eval/ProofComplexity-Extracted-Cardinality-Constraints/ProofComplexity/normalized-tseitin-regular-n198-d3-i3-r2.cnf.gz-plain.pb.metafix.opb.xz,3
DEC-LIN/normalized-PB15eval/ProofComplexity-Extracted-Cardinality-Constraints/ProofComplexity/normalized-tseitin-regular-n20-d3-i1-f.cnf.gz-plain.pb.metafix.opb.xz,3
DEC-LIN/normalized-PB15eval/ProofComplexity-Extracted-Cardinality-Constraints/ProofComplexity/normalized-tseitin-regular-n20-d3-i1-r1.cnf.gz-plain.pb.metafix.opb.xz,3
DEC-LIN/normalized-PB15eval/ProofComplexity-Extracted-Cardinality-Constraints/ProofComplexity/normalized-tseitin-regular-n20-d3-i2-f.cnf.gz-plain.pb.metafix.opb.xz,3
DEC-LIN/normalized-PB15eval/ProofComplexity-Extracted-Cardinality-Constraints/ProofComplexity/normalized-tseitin-regular-n20-d3-i2-r2.cnf.gz-plain.pb.metafix.opb.xz,3
DEC-LIN/normalized-PB15eval/ProofComplexity-Extracted-Cardinality-Constraints/ProofComplexity/normalized-tseitin-regular-n20-d3-i3-f.cnf.gz-plain.pb.metafix.opb.xz,3
DEC-LIN/normalized-PB15eval/ProofComplexity-Extracted-Cardinality-Constraints/ProofComplexity/normalized-tseitin-regular-n20-d3-i3-r1.cnf.gz-plain.pb.metafix.opb.xz,3
DEC-LIN/normalized-PB15eval/ProofComplexity-Extracted-Cardinality-Constraints/ProofComplexity/normalized-tseitin-regular-n20-d3-i3-r2.cnf.gz-plain.pb.metafix.opb.xz,3
DEC-LIN/normalized-PB15eval/ProofComplexity-Extracted-Cardinality-Constraints/ProofComplexity/normalized-tseitin-regular-n200-d3-i1-f.cnf.gz-plain.pb.metafix.opb.xz,3
DEC-LIN/normalized-PB15eval/ProofComplexity-Extracted-Cardinality-Constraints/ProofComplexity/normalized-tseitin-regular-n200-d3-i1-r1.cnf.gz-plain.pb.metafix.opb.xz,3
DEC-LIN/normalized-PB15eval/ProofComplexity-Extracted-Cardinality-Constraints/ProofComplexity/normalized-tseitin-regular-n200-d3-i1-r2.cnf.gz-plain.pb.metafix.opb.xz,3
DEC-LIN/normalized-PB15eval/ProofComplexity-Extracted-Cardinality-Constraints/ProofComplexity/normalized-tseitin-regular-n200-d3-i2-f.cnf.gz-plain.pb.metafix.opb.xz,3
DEC-LIN/normalized-PB15eval/ProofComplexity-Extracted-Cardinality-Constraints/ProofComplexity/normalized-tseitin-regular-n200-d3-i2-r1.cnf.gz-plain.pb.metafix.opb.xz,3
DEC-LIN/normalized-PB15eval/ProofComplexity-Extracted-Cardinality-Constraints/ProofComplexity/normalized-tseitin-regular-n200-d3-i2-r2.cnf.gz-plain.pb.metafix.opb.xz,3
DEC-LIN/normalized-PB15eval/ProofComplexity-Extracted-Cardinality-Constraints/ProofComplexity/normalized-tseitin-regular-n200-d3-i3-f.cnf.gz-plain.pb.metafix.opb.xz,3
DEC-LIN/normalized-PB15eval/ProofComplexity-Extracted-Cardinality-Constraints/ProofComplexity/normalized-tseitin-regular-n200-d3-i3-r1.cnf.gz-plain.pb.metafix.opb.xz,3
DEC-LIN/normalized-PB15eval/ProofComplexity-Extracted-Cardinality-Constraints/ProofComplexity/normalized-tseitin-regular-n200-d3-i3-r2.cnf.gz-plain.pb.metafix.opb.xz,3
DEC-LIN/normalized-PB15eval/ProofComplexity-Extracted-Cardinality-Constraints/ProofComplexity/normalized-tseitin-regular-n202-d3-i1-f.cnf.gz-plain.pb.metafix.opb.xz,3
DEC-LIN/normalized-PB15eval/ProofComplexity-Extracted-Cardinality-Constraints/ProofComplexity/normalized-tseitin-regular-n202-d3-i1-r1.cnf.gz-plain.pb.metafix.opb.xz,3
DEC-LIN/normalized-PB15eval/ProofComplexity-Extracted-Cardinality-Constraints/ProofComplexity/normalized-tseitin-regular-n202-d3-i1-r2.cnf.gz-plain.pb.metafix.opb.xz,3
DEC-LIN/normalized-PB15eval/ProofComplexity-Extracted-Cardinality-Constraints/ProofComplexity/normalized-tseitin-regular-n202-d3-i2-f.cnf.gz-plain.pb.metafix.opb.xz,3
DEC-LIN/normalized-PB15eval/ProofComplexity-Extracted-Cardinality-Constraints/ProofComplexity/normalized-tseitin-regular-n202-d3-i2-r2.cnf.gz-plain.pb.metafix.opb.xz,3
DEC-LIN/normalized-PB15eval/ProofComplexity-Extracted-Cardinality-Constraints/ProofComplexity/normalized-tseitin-regular-n202-d3-i3-f.cnf.gz-plain.pb.metafix.opb.xz,3
DEC-LIN/normalized-PB15eval/ProofComplexity-Extracted-Cardinality-Constraints/ProofComplexity/normalized-tseitin-regular-n202-d3-i3-r1.cnf.gz-plain.pb.metafix.opb.xz,3
DEC-LIN/normalized-PB15eval/ProofComplexity-Extracted-Cardinality-Constraints/ProofComplexity/normalized-tseitin-regular-n204-d3-i1-r2.cnf.gz-plain.pb.metafix.opb.xz,3
DEC-LIN/normalized-PB15eval/ProofComplexity-Extracted-Cardinality-Constraints/ProofComplexity/normalized-tseitin-regular-n204-d3-i2-f.cnf.gz-plain.pb.metafix.opb.xz,3
DEC-LIN/normalized-PB15eval/ProofComplexity-Extracted-Cardinality-Constraints/ProofComplexity/normalized-tseitin-regular-n204-d3-i2-r1.cnf.gz-plain.pb.metafix.opb.xz,3
DEC-LIN/normalized-PB15eval/ProofComplexity-Extracted-Cardinality-Constraints/ProofComplexity/normalized-tseitin-regular-n204-d3-i2-r2.cnf.gz-plain.pb.metafix.opb.xz,3
DEC-LIN/normalized-PB15eval/ProofComplexity-Extracted-Cardinality-Constraints/ProofComplexity/normalized-tseitin-regular-n204-d3-i3-f.cnf.gz-plain.pb.metafix.opb.xz,3
DEC-LIN/normalized-PB15eval/ProofComplexity-Extracted-Cardinality-Constraints/ProofComplexity/normalized-tseitin-regular-n204-d3-i3-r1.cnf.gz-plain.pb.metafix.opb.xz,3
DEC-LIN/normalized-PB15eval/ProofComplexity-Extracted-Cardinality-Constraints/ProofComplexity/normalized-tseitin-regular-n204-d3-i3-r2.cnf.gz-plain.pb.metafix.opb.xz,3
DEC-LIN/normalized-PB15eval/ProofComplexity-Extracted-Cardinality-Constraints/ProofComplexity/normalized-tseitin-regular-n206-d3-i1-f.cnf.gz-plain.pb.metafix.opb.xz,3
DEC-LIN/normalized-PB15eval/ProofComplexity-Extracted-Cardinality-Constraints/ProofComplexity/normalized-tseitin-regular-n206-d3-i1-r2.cnf.gz-plain.pb.metafix.opb.xz,3
DEC-LIN/normalized-PB15eval/ProofComplexity-Extracted-Cardinality-Constraints/ProofComplexity/normalized-tseitin-regular-n206-d3-i2-f.cnf.gz-plain.pb.metafix.opb.xz,3
DEC-LIN/normalized-PB15eval/ProofComplexity-Extracted-Cardinality-Constraints/ProofComplexity/normalized-tseitin-regular-n206-d3-i2-r2.cnf.gz-plain.pb.metafix.opb.xz,3
DEC-LIN/normalized-PB15eval/ProofComplexity-Extracted-Cardinality-Constraints/ProofComplexity/normalized-tseitin-regular-n206-d3-i3-r1.cnf.gz-plain.pb.metafix.opb.xz,3
DEC-LIN/normalized-PB15eval/ProofComplexity-Extracted-Cardinality-Constraints/ProofComplexity/normalized-tseitin-regular-n208-d3-i1-f.cnf.gz-plain.pb.metafix.opb.xz,3
DEC-LIN/normalized-PB15eval/ProofComplexity-Extracted-Cardinality-Constraints/ProofComplexity/normalized-tseitin-regular-n208-d3-i1-r1.cnf.gz-plain.pb.metafix.opb.xz,3
DEC-LIN/normalized-PB15eval/ProofComplexity-Extracted-Cardinality-Constraints/ProofComplexity/normalized-tseitin-regular-n208-d3-i1-r2.cnf.gz-plain.pb.metafix.opb.xz,3
DEC-LIN/normalized-PB15eval/ProofComplexity-Extracted-Cardinality-Constraints/ProofComplexity/normalized-tseitin-regular-n208-d3-i2-r1.cnf.gz-plain.pb.metafix.opb.xz,3
DEC-LIN/normalized-PB15eval/ProofComplexity-Extracted-Cardinality-Constraints/ProofComplexity/normalized-tseitin-regular-n208-d3-i2-r2.cnf.gz-plain.pb.metafix.opb.xz,3
DEC-LIN/normalized-PB15eval/ProofComplexity-Extracted-Cardinality-Constraints/ProofComplexity/normalized-tseitin-regular-n208-d3-i3-f.cnf.gz-plain.pb.metafix.opb.xz,3
DEC-LIN/normalized-PB15eval/ProofComplexity-Extracted-Cardinality-Constraints/ProofComplexity/normalized-tseitin-regular-n208-d3-i3-r1.cnf.gz-plain.pb.metafix.opb.xz,3
DEC-LIN/normalized-PB15eval/ProofComplexity-Extracted-Cardinality-Constraints/ProofComplexity/normalized-tseitin-regular-n208-d3-i3-r2.cnf.gz-plain.pb.metafix.opb.xz,3
DEC-LIN/normalized-PB15eval/ProofComplexity-Extracted-Cardinality-Constraints/ProofComplexity/normalized-tseitin-regular-n210-d3-i1-f.cnf.gz-plain.pb.metafix.opb.xz,3
DEC-LIN/normalized-PB15eval/ProofComplexity-Extracted-Cardinality-Constraints/ProofComplexity/normalized-tseitin-regular-n210-d3-i1-r1.cnf.gz-plain.pb.metafix.opb.xz,3
DEC-LIN/normalized-PB15eval/ProofComplexity-Extracted-Cardinality-Constraints/ProofComplexity/normalized-tseitin-regular-n210-d3-i2-f.cnf.gz-plain.pb.metafix.opb.xz,3
DEC-LIN/normalized-PB15eval/ProofComplexity-Extracted-Cardinality-Constraints/ProofComplexity/normalized-tseitin-regular-n210-d3-i2-r1.cnf.gz-plain.pb.metafix.opb.xz,3
DEC-LIN/normalized-PB15eval/ProofComplexity-Extracted-Cardinality-Constraints/ProofComplexity/normalized-tseitin-regular-n210-d3-i2-r2.cnf.gz-plain.pb.metafix.opb.xz,3
DEC-LIN/normalized-PB15eval/ProofComplexity-Extracted-Cardinality-Constraints/ProofComplexity/normalized-tseitin-regular-n210-d3-i3-f.cnf.gz-plain.pb.metafix.opb.xz,3
DEC-LIN/normalized-PB15eval/ProofComplexity-Extracted-Cardinality-Constraints/ProofComplexity/normalized-tseitin-regular-n210-d3-i3-r1.cnf.gz-plain.pb.metafix.opb.xz,3
DEC-LIN/normalized-PB15eval/ProofComplexity-Extracted-Cardinality-Constraints/ProofComplexity/normalized-tseitin-regular-n210-d3-i3-r2.cnf.gz-plain.pb.metafix.opb.xz,3
DEC-LIN/normalized-PB15eval/ProofComplexity-Extracted-Cardinality-Constraints/ProofComplexity/normalized-tseitin-regular-n212-d3-i1-r2.cnf.gz-plain.pb.metafix.opb.xz,3
DEC-LIN/normalized-PB15eval/ProofComplexity-Extracted-Cardinality-Constraints/ProofComplexity/normalized-tseitin-regular-n212-d3-i2-f.cnf.gz-plain.pb.metafix.opb.xz,3
DEC-LIN/normalized-PB15eval/ProofComplexity-Extracted-Cardinality-Constraints/ProofComplexity/normalized-tseitin-regular-n212-d3-i2-r2.cnf.gz-plain.pb.metafix.opb.xz,3
DEC-LIN/normalized-PB15eval/ProofComplexity-Extracted-Cardinality-Constraints/ProofComplexity/normalized-tseitin-regular-n212-d3-i3-f.cnf.gz-plain.pb.metafix.opb.xz,3
DEC-LIN/normalized-PB15eval/ProofComplexity-Extracted-Cardinality-Constraints/ProofComplexity/normalized-tseitin-regular-n212-d3-i3-r1.cnf.gz-plain.pb.metafix.opb.xz,3
DEC-LIN/normalized-PB15eval/ProofComplexity-Extracted-Cardinality-Constraints/ProofComplexity/normalized-tseitin-regular-n212-d3-i3-r2.cnf.gz-plain.pb.metafix.opb.xz,3
DEC-LIN/normalized-PB15eval/ProofComplexity-Extracted-Cardinality-Constraints/ProofComplexity/normalized-tseitin-regular-n214-d3-i1-f.cnf.gz-plain.pb.metafix.opb.xz,3
DEC-LIN/normalized-PB15eval/ProofComplexity-Extracted-Cardinality-Constraints/ProofComplexity/normalized-tseitin-regular-n214-d3-i1-r1.cnf.gz-plain.pb.metafix.opb.xz,3
DEC-LIN/normalized-PB15eval/ProofComplexity-Extracted-Cardinality-Constraints/ProofComplexity/normalized-tseitin-regular-n214-d3-i1-r2.cnf.gz-plain.pb.metafix.opb.xz,3
DEC-LIN/normalized-PB15eval/ProofComplexity-Extracted-Cardinality-Constraints/ProofComplexity/normalized-tseitin-regular-n214-d3-i2-f.cnf.gz-plain.pb.metafix.opb.xz,3
DEC-LIN/normalized-PB15eval/ProofComplexity-Extracted-Cardinality-Constraints/ProofComplexity/normalized-tseitin-regular-n214-d3-i2-r1.cnf.gz-plain.pb.metafix.opb.xz,3
DEC-LIN/normalized-PB15eval/ProofComplexity-Extracted-Cardinality-Constraints/ProofComplexity/normalized-tseitin-regular-n214-d3-i2-r2.cnf.gz-plain.pb.metafix.opb.xz,3
DEC-LIN/normalized-PB15eval/ProofComplexity-Extracted-Cardinality-Constraints/ProofComplexity/normalized-tseitin-regular-n214-d3-i3-f.cnf.gz-plain.pb.metafix.opb.xz,3
DEC-LIN/normalized-PB15eval/ProofComplexity-Extracted-Cardinality-Constraints/ProofComplexity/normalized-tseitin-regular-n214-d3-i3-r1.cnf.gz-plain.pb.metafix.opb.xz,3
DEC-LIN/normalized-PB15eval/ProofComplexity-Extracted-Cardinality-Constraints/ProofComplexity/normalized-tseitin-regular-n214-d3-i3-r2.cnf.gz-plain.pb.metafix.opb.xz,3
DEC-LIN/normalized-PB15eval/ProofComplexity-Extracted-Cardinality-Constraints/ProofComplexity/normalized-tseitin-regular-n216-d3-i1-f.cnf.gz-plain.pb.metafix.opb.xz,3
DEC-LIN/normalized-PB15eval/ProofComplexity-Extracted-Cardinality-Constraints/ProofComplexity/normalized-tseitin-regular-n216-d3-i2-f.cnf.gz-plain.pb.metafix.opb.xz,3
DEC-LIN/normalized-PB15eval/ProofComplexity-Extracted-Cardinality-Constraints/ProofComplexity/normalized-tseitin-regular-n216-d3-i2-r1.cnf.gz-plain.pb.metafix.opb.xz,3
DEC-LIN/normalized-PB15eval/ProofComplexity-Extracted-Cardinality-Constraints/ProofComplexity/normalized-tseitin-regular-n216-d3-i2-r2.cnf.gz-plain.pb.metafix.opb.xz,3
DEC-LIN/normalized-PB15eval/ProofComplexity-Extracted-Cardinality-Constraints/ProofComplexity/normalized-tseitin-regular-n216-d3-i3-f.cnf.gz-plain.pb.metafix.opb.xz,3
DEC-LIN/normalized-PB15eval/ProofComplexity-Extracted-Cardinality-Constraints/ProofComplexity/normalized-tseitin-regular-n216-d3-i3-r1.cnf.gz-plain.pb.metafix.opb.xz,3
DEC-LIN/normalized-PB15eval/ProofComplexity-Extracted-Cardinality-Constraints/ProofComplexity/normalized-tseitin-regular-n216-d3-i3-r2.cnf.gz-plain.pb.metafix.opb.xz,3
DEC-LIN/normalized-PB15eval/ProofComplexity-Extracted-Cardinality-Constraints/ProofComplexity/normalized-tseitin-regular-n218-d3-i1-f.cnf.gz-plain.pb.metafix.opb.xz,3
DEC-LIN/normalized-PB15eval/ProofComplexity-Extracted-Cardinality-Constraints/ProofComplexity/normalized-tseitin-regular-n218-d3-i1-r1.cnf.gz-plain.pb.metafix.opb.xz,3
DEC-LIN/normalized-PB15eval/ProofComplexity-Extracted-Cardinality-Constraints/ProofComplexity/normalized-tseitin-regular-n218-d3-i2-r1.cnf.gz-plain.pb.metafix.opb.xz,3
DEC-LIN/normalized-PB15eval/ProofComplexity-Extracted-Cardinality-Constraints/ProofComplexity/normalized-tseitin-regular-n218-d3-i2-r2.cnf.gz-plain.pb.metafix.opb.xz,3
DEC-LIN/normalized-PB15eval/ProofComplexity-Extracted-Cardinality-Constraints/ProofComplexity/normalized-tseitin-regular-n218-d3-i3-f.cnf.gz-plain.pb.metafix.opb.xz,3
DEC-LIN/normalized-PB15eval/ProofComplexity-Extracted-Cardinality-Constraints/ProofComplexity/normalized-tseitin-regular-n218-d3-i3-r1.cnf.gz-plain.pb.metafix.opb.xz,3
DEC-LIN/normalized-PB15eval/ProofComplexity-Extracted-Cardinality-Constraints/ProofComplexity/normalized-tseitin-regular-n22-d3-i1-f.cnf.gz-plain.pb.metafix.opb.xz,3
DEC-LIN/normalized-PB15eval/ProofComplexity-Extracted-Cardinality-Constraints/ProofComplexity/normalized-tseitin-regular-n22-d3-i1-r2.cnf.gz-plain.pb.metafix.opb.xz,3
DEC-LIN/normalized-PB15eval/ProofComplexity-Extracted-Cardinality-Constraints/ProofComplexity/normalized-tseitin-regular-n22-d3-i2-r1.cnf.gz-plain.pb.metafix.opb.xz,3
DEC-LIN/normalized-PB15eval/ProofComplexity-Extracted-Cardinality-Constraints/ProofComplexity/normalized-tseitin-regular-n22-d3-i2-r2.cnf.gz-plain.pb.metafix.opb.xz,3
DEC-LIN/normalized-PB15eval/ProofComplexity-Extracted-Cardinality-Constraints/ProofComplexity/normalized-tseitin-regular-n22-d3-i3-f.cnf.gz-plain.pb.metafix.opb.xz,3
DEC-LIN/normalized-PB15eval/ProofComplexity-Extracted-Cardinality-Constraints/ProofComplexity/normalized-tseitin-regular-n22-d3-i3-r2.cnf.gz-plain.pb.metafix.opb.xz,3
DEC-LIN/normalized-PB15eval/ProofComplexity-Extracted-Cardinality-Constraints/ProofComplexity/normalized-tseitin-regular-n220-d3-i1-f.cnf.gz-plain.pb.metafix.opb.xz,3
DEC-LIN/normalized-PB15eval/ProofComplexity-Extracted-Cardinality-Constraints/ProofComplexity/normalized-tseitin-regular-n220-d3-i1-r1.cnf.gz-plain.pb.metafix.opb.xz,3
DEC-LIN/normalized-PB15eval/ProofComplexity-Extracted-Cardinality-Constraints/ProofComplexity/normalized-tseitin-regular-n220-d3-i1-r2.cnf.gz-plain.pb.metafix.opb.xz,3
DEC-LIN/normalized-PB15eval/ProofComplexity-Extracted-Cardinality-Constraints/ProofComplexity/normalized-tseitin-regular-n220-d3-i2-f.cnf.gz-plain.pb.metafix.opb.xz,3
DEC-LIN/normalized-PB15eval/ProofComplexity-Extracted-Cardinality-Constraints/ProofComplexity/normalized-tseitin-regular-n220-d3-i2-r1.cnf.gz-plain.pb.metafix.opb.xz,3
DEC-LIN/normalized-PB15eval/ProofComplexity-Extracted-Cardinality-Constraints/ProofComplexity/normalized-tseitin-regular-n220-d3-i2-r2.cnf.gz-plain.pb.metafix.opb.xz,3
DEC-LIN/normalized-PB15eval/ProofComplexity-Extracted-Cardinality-Constraints/ProofComplexity/normalized-tseitin-regular-n220-d3-i3-f.cnf.gz-plain.pb.metafix.opb.xz,3
DEC-LIN/normalized-PB15eval/ProofComplexity-Extracted-Cardinality-Constraints/ProofComplexity/normalized-tseitin-regular-n220-d3-i3-r1.cnf.gz-plain.pb.metafix.opb.xz,3
DEC-LIN/normalized-PB15eval/ProofComplexity-Extracted-Cardinality-Constraints/ProofComplexity/normalized-tseitin-regular-n220-d3-i3-r2.cnf.gz-plain.pb.metafix.opb.xz,3
DEC-LIN/normalized-PB15eval/ProofComplexity-Extracted-Cardinality-Constraints/ProofComplexity/normalized-tseitin-regular-n222-d3-i1-f.cnf.gz-plain.pb.metafix.opb.xz,3
DEC-LIN/normalized-PB15eval/ProofComplexity-Extracted-Cardinality-Constraints/ProofComplexity/normalized-tseitin-regular-n222-d3-i1-r1.cnf.gz-plain.pb.metafix.opb.xz,3
DEC-LIN/normalized-PB15eval/ProofComplexity-Extracted-Cardinality-Constraints/ProofComplexity/normalized-tseitin-regular-n222-d3-i2-f.cnf.gz-plain.pb.metafix.opb.xz,3
DEC-LIN/normalized-PB15eval/ProofComplexity-Extracted-Cardinality-Constraints/ProofComplexity/normalized-tseitin-regular-n222-d3-i2-r1.cnf.gz-plain.pb.metafix.opb.xz,3
DEC-LIN/normalized-PB15eval/ProofComplexity-Extracted-Cardinality-Constraints/ProofComplexity/normalized-tseitin-regular-n222-d3-i2-r2.cnf.gz-plain.pb.metafix.opb.xz,3
DEC-LIN/normalized-PB15eval/ProofComplexity-Extracted-Cardinality-Constraints/ProofComplexity/normalized-tseitin-regular-n222-d3-i3-f.cnf.gz-plain.pb.metafix.opb.xz,3
DEC-LIN/normalized-PB15eval/ProofComplexity-Extracted-Cardinality-Constraints/ProofComplexity/normalized-tseitin-regular-n222-d3-i3-r1.cnf.gz-plain.pb.metafix.opb.xz,3
DEC-LIN/normalized-PB15eval/ProofComplexity-Extracted-Cardinality-Constraints/ProofComplexity/normalized-tseitin-regular-n224-d3-i1-f.cnf.gz-plain.pb.metafix.opb.xz,3
DEC-LIN/normalized-PB15eval/ProofComplexity-Extracted-Cardinality-Constraints/ProofComplexity/normalized-tseitin-regular-n224-d3-i1-r1.cnf.gz-plain.pb.metafix.opb.xz,3
DEC-LIN/normalized-PB15eval/ProofComplexity-Extracted-Cardinality-Constraints/ProofComplexity/normalized-tseitin-regular-n224-d3-i1-r2.cnf.gz-plain.pb.metafix.opb.xz,3
DEC-LIN/normalized-PB15eval/ProofComplexity-Extracted-Cardinality-Constraints/ProofComplexity/normalized-tseitin-regular-n224-d3-i2-f.cnf.gz-plain.pb.metafix.opb.xz,3
DEC-LIN/normalized-PB15eval/ProofComplexity-Extracted-Cardinality-Constraints/ProofComplexity/normalized-tseitin-regular-n224-d3-i2-r1.cnf.gz-plain.pb.metafix.opb.xz,3
DEC-LIN/normalized-PB15eval/ProofComplexity-Extracted-Cardinality-Constraints/ProofComplexity/normalized-tseitin-regular-n224-d3-i2-r2.cnf.gz-plain.pb.metafix.opb.xz,3
DEC-LIN/normalized-PB15eval/ProofComplexity-Extracted-Cardinality-Constraints/ProofComplexity/normalized-tseitin-regular-n224-d3-i3-r1.cnf.gz-plain.pb.metafix.opb.xz,3
DEC-LIN/normalized-PB15eval/ProofComplexity-Extracted-Cardinality-Constraints/ProofComplexity/normalized-tseitin-regular-n224-d3-i3-r2.cnf.gz-plain.pb.metafix.opb.xz,3
DEC-LIN/normalized-PB15eval/ProofComplexity-Extracted-Cardinality-Constraints/ProofComplexity/normalized-tseitin-regular-n226-d3-i1-f.cnf.gz-plain.pb.metafix.opb.xz,3
DEC-LIN/normalized-PB15eval/ProofComplexity-Extracted-Cardinality-Constraints/ProofComplexity/normalized-tseitin-regular-n226-d3-i1-r1.cnf.gz-plain.pb.metafix.opb.xz,3
DEC-LIN/normalized-PB15eval/ProofComplexity-Extracted-Cardinality-Constraints/ProofComplexity/normalized-tseitin-regular-n226-d3-i1-r2.cnf.gz-plain.pb.metafix.opb.xz,3
DEC-LIN/normalized-PB15eval/ProofComplexity-Extracted-Cardinality-Constraints/ProofComplexity/normalized-tseitin-regular-n226-d3-i2-f.cnf.gz-plain.pb.metafix.opb.xz,3
DEC-LIN/normalized-PB15eval/ProofComplexity-Extracted-Cardinality-Constraints/ProofComplexity/normalized-tseitin-regular-n226-d3-i2-r2.cnf.gz-plain.pb.metafix.opb.xz,3
DEC-LIN/normalized-PB15eval/ProofComplexity-Extracted-Cardinality-Constraints/ProofComplexity/normalized-tseitin-regular-n226-d3-i3-f.cnf.gz-plain.pb.metafix.opb.xz,3
DEC-LIN/normalized-PB15eval/ProofComplexity-Extracted-Cardinality-Constraints/ProofComplexity/normalized-tseitin-regular-n226-d3-i3-r1.cnf.gz-plain.pb.metafix.opb.xz,3
DEC-LIN/normalized-PB15eval/ProofComplexity-Extracted-Cardinality-Constraints/ProofComplexity/normalized-tseitin-regular-n226-d3-i3-r2.cnf.gz-plain.pb.metafix.opb.xz,3
DEC-LIN/normalized-PB15eval/ProofComplexity-Extracted-Cardinality-Constraints/ProofComplexity/normalized-tseitin-regular-n228-d3-i1-f.cnf.gz-plain.pb.metafix.opb.xz,3
DEC-LIN/normalized-PB15eval/ProofComplexity-Extracted-Cardinality-Constraints/ProofComplexity/normalized-tseitin-regular-n228-d3-i1-r1.cnf.gz-plain.pb.metafix.opb.xz,3
DEC-LIN/normalized-PB15eval/ProofComplexity-Extracted-Cardinality-Constraints/ProofComplexity/normalized-tseitin-regular-n228-d3-i1-r2.cnf.gz-plain.pb.metafix.opb.xz,3
DEC-LIN/normalized-PB15eval/ProofComplexity-Extracted-Cardinality-Constraints/ProofComplexity/normalized-tseitin-regular-n228-d3-i2-f.cnf.gz-plain.pb.metafix.opb.xz,3
DEC-LIN/normalized-PB15eval/ProofComplexity-Extracted-Cardinality-Constraints/ProofComplexity/normalized-tseitin-regular-n228-d3-i2-r1.cnf.gz-plain.pb.metafix.opb.xz,3
DEC-LIN/normalized-PB15eval/ProofComplexity-Extracted-Cardinality-Constraints/ProofComplexity/normalized-tseitin-regular-n228-d3-i2-r2.cnf.gz-plain.pb.metafix.opb.xz,3
DEC-LIN/normalized-PB15eval/ProofComplexity-Extracted-Cardinality-Constraints/ProofComplexity/normalized-tseitin-regular-n228-d3-i3-f.cnf.gz-plain.pb.metafix.opb.xz,3
DEC-LIN/normalized-PB15eval/ProofComplexity-Extracted-Cardinality-Constraints/ProofComplexity/normalized-tseitin-regular-n228-d3-i3-r1.cnf.gz-plain.pb.metafix.opb.xz,3
DEC-LIN/normalized-PB15eval/ProofComplexity-Extracted-Cardinality-Constraints/ProofComplexity/normalized-tseitin-regular-n228-d3-i3-r2.cnf.gz-plain.pb.metafix.opb.xz,3
DEC-LIN/normalized-PB15eval/ProofComplexity-Extracted-Cardinality-Constraints/ProofComplexity/normalized-tseitin-regular-n230-d3-i1-f.cnf.gz-plain.pb.metafix.opb.xz,3
DEC-LIN/normalized-PB15eval/ProofComplexity-Extracted-Cardinality-Constraints/ProofComplexity/normalized-tseitin-regular-n230-d3-i1-r1.cnf.gz-plain.pb.metafix.opb.xz,3
DEC-LIN/normalized-PB15eval/ProofComplexity-Extracted-Cardinality-Constraints/ProofComplexity/normalized-tseitin-regular-n230-d3-i1-r2.cnf.gz-plain.pb.metafix.opb.xz,3
DEC-LIN/normalized-PB15eval/ProofComplexity-Extracted-Cardinality-Constraints/ProofComplexity/normalized-tseitin-regular-n230-d3-i2-f.cnf.gz-plain.pb.metafix.opb.xz,3
DEC-LIN/normalized-PB15eval/ProofComplexity-Extracted-Cardinality-Constraints/ProofComplexity/normalized-tseitin-regular-n230-d3-i2-r1.cnf.gz-plain.pb.metafix.opb.xz,3
DEC-LIN/normalized-PB15eval/ProofComplexity-Extracted-Cardinality-Constraints/ProofComplexity/normalized-tseitin-regular-n230-d3-i3-f.cnf.gz-plain.pb.metafix.opb.xz,3
DEC-LIN/normalized-PB15eval/ProofComplexity-Extracted-Cardinality-Constraints/ProofComplexity/normalized-tseitin-regular-n230-d3-i3-r1.cnf.gz-plain.pb.metafix.opb.xz,3
DEC-LIN/normalized-PB15eval/ProofComplexity-Extracted-Cardinality-Constraints/ProofComplexity/normalized-tseitin-regular-n230-d3-i3-r2.cnf.gz-plain.pb.metafix.opb.xz,3
DEC-LIN/normalized-PB15eval/ProofComplexity-Extracted-Cardinality-Constraints/ProofComplexity/normalized-tseitin-regular-n232-d3-i1-f.cnf.gz-plain.pb.metafix.opb.xz,3
DEC-LIN/normalized-PB15eval/ProofComplexity-Extracted-Cardinality-Constraints/ProofComplexity/normalized-tseitin-regular-n232-d3-i1-r1.cnf.gz-plain.pb.metafix.opb.xz,3
DEC-LIN/normalized-PB15eval/ProofComplexity-Extracted-Cardinality-Constraints/ProofComplexity/normalized-tseitin-regular-n232-d3-i2-f.cnf.gz-plain.pb.metafix.opb.xz,3
DEC-LIN/normalized-PB15eval/ProofComplexity-Extracted-Cardinality-Constraints/ProofComplexity/normalized-tseitin-regular-n232-d3-i2-r1.cnf.gz-plain.pb.metafix.opb.xz,3
DEC-LIN/normalized-PB15eval/ProofComplexity-Extracted-Cardinality-Constraints/ProofComplexity/normalized-tseitin-regular-n232-d3-i2-r2.cnf.gz-plain.pb.metafix.opb.xz,3
DEC-LIN/normalized-PB15eval/ProofComplexity-Extracted-Cardinality-Constraints/ProofComplexity/normalized-tseitin-regular-n232-d3-i3-f.cnf.gz-plain.pb.metafix.opb.xz,3
DEC-LIN/normalized-PB15eval/ProofComplexity-Extracted-Cardinality-Constraints/ProofComplexity/normalized-tseitin-regular-n232-d3-i3-r1.cnf.gz-plain.pb.metafix.opb.xz,3
DEC-LIN/normalized-PB15eval/ProofComplexity-Extracted-Cardinality-Constraints/ProofComplexity/normalized-tseitin-regular-n232-d3-i3-r2.cnf.gz-plain.pb.metafix.opb.xz,3
DEC-LIN/normalized-PB15eval/ProofComplexity-Extracted-Cardinality-Constraints/ProofComplexity/normalized-tseitin-regular-n234-d3-i1-r1.cnf.gz-plain.pb.metafix.opb.xz,3
DEC-LIN/normalized-PB15eval/ProofComplexity-Extracted-Cardinality-Constraints/ProofComplexity/normalized-tseitin-regular-n234-d3-i1-r2.cnf.gz-plain.pb.metafix.opb.xz,3
DEC-LIN/normalized-PB15eval/ProofComplexity-Extracted-Cardinality-Constraints/ProofComplexity/normalized-tseitin-regular-n234-d3-i2-f.cnf.gz-plain.pb.metafix.opb.xz,3
DEC-LIN/normalized-PB15eval/ProofComplexity-Extracted-Cardinality-Constraints/ProofComplexity/normalized-tseitin-regular-n234-d3-i2-r1.cnf.gz-plain.pb.metafix.opb.xz,3
DEC-LIN/normalized-PB15eval/ProofComplexity-Extracted-Cardinality-Constraints/ProofComplexity/normalized-tseitin-regular-n234-d3-i2-r2.cnf.gz-plain.pb.metafix.opb.xz,3
DEC-LIN/normalized-PB15eval/ProofComplexity-Extracted-Cardinality-Constraints/ProofComplexity/normalized-tseitin-regular-n234-d3-i3-f.cnf.gz-plain.pb.metafix.opb.xz,3
DEC-LIN/normalized-PB15eval/ProofComplexity-Extracted-Cardinality-Constraints/ProofComplexity/normalized-tseitin-regular-n234-d3-i3-r1.cnf.gz-plain.pb.metafix.opb.xz,3
DEC-LIN/normalized-PB15eval/ProofComplexity-Extracted-Cardinality-Constraints/ProofComplexity/normalized-tseitin-regular-n236-d3-i1-f.cnf.gz-plain.pb.metafix.opb.xz,3
DEC-LIN/normalized-PB15eval/ProofComplexity-Extracted-Cardinality-Constraints/ProofComplexity/normalized-tseitin-regular-n236-d3-i2-f.cnf.gz-plain.pb.metafix.opb.xz,3
DEC-LIN/normalized-PB15eval/ProofComplexity-Extracted-Cardinality-Constraints/ProofComplexity/normalized-tseitin-regular-n236-d3-i2-r1.cnf.gz-plain.pb.metafix.opb.xz,3
DEC-LIN/normalized-PB15eval/ProofComplexity-Extracted-Cardinality-Constraints/ProofComplexity/normalized-tseitin-regular-n236-d3-i2-r2.cnf.gz-plain.pb.metafix.opb.xz,3
DEC-LIN/normalized-PB15eval/ProofComplexity-Extracted-Cardinality-Constraints/ProofComplexity/normalized-tseitin-regular-n236-d3-i3-f.cnf.gz-plain.pb.metafix.opb.xz,3
DEC-LIN/normalized-PB15eval/ProofComplexity-Extracted-Cardinality-Constraints/ProofComplexity/normalized-tseitin-regular-n236-d3-i3-r1.cnf.gz-plain.pb.metafix.opb.xz,3
DEC-LIN/normalized-PB15eval/ProofComplexity-Extracted-Cardinality-Constraints/ProofComplexity/normalized-tseitin-regular-n236-d3-i3-r2.cnf.gz-plain.pb.metafix.opb.xz,3
DEC-LIN/normalized-PB15eval/ProofComplexity-Extracted-Cardinality-Constraints/ProofComplexity/normalized-tseitin-regular-n238-d3-i1-f.cnf.gz-plain.pb.metafix.opb.xz,3
DEC-LIN/normalized-PB15eval/ProofComplexity-Extracted-Cardinality-Constraints/ProofComplexity/normalized-tseitin-regular-n238-d3-i1-r1.cnf.gz-plain.pb.metafix.opb.xz,3
DEC-LIN/normalized-PB15eval/ProofComplexity-Extracted-Cardinality-Constraints/ProofComplexity/normalized-tseitin-regular-n238-d3-i1-r2.cnf.gz-plain.pb.metafix.opb.xz,3
DEC-LIN/normalized-PB15eval/ProofComplexity-Extracted-Cardinality-Constraints/ProofComplexity/normalized-tseitin-regular-n238-d3-i2-r1.cnf.gz-plain.pb.metafix.opb.xz,3
DEC-LIN/normalized-PB15eval/ProofComplexity-Extracted-Cardinality-Constraints/ProofComplexity/normalized-tseitin-regular-n238-d3-i2-r2.cnf.gz-plain.pb.metafix.opb.xz,3
DEC-LIN/normalized-PB15eval/ProofComplexity-Extracted-Cardinality-Constraints/ProofComplexity/normalized-tseitin-regular-n238-d3-i3-f.cnf.gz-plain.pb.metafix.opb.xz,3
DEC-LIN/normalized-PB15eval/ProofComplexity-Extracted-Cardinality-Constraints/ProofComplexity/normalized-tseitin-regular-n238-d3-i3-r1.cnf.gz-plain.pb.metafix.opb.xz,3
DEC-LIN/normalized-PB15eval/ProofComplexity-Extracted-Cardinality-Constraints/ProofComplexity/normalized-tseitin-regular-n238-d3-i3-r2.cnf.gz-plain.pb.metafix.opb.xz,3
DEC-LIN/normalized-PB15eval/ProofComplexity-Extracted-Cardinality-Constraints/ProofComplexity/normalized-tseitin-regular-n24-d3-i1-r1.cnf.gz-plain.pb.metafix.opb.xz,3
DEC-LIN/normalized-PB15eval/ProofComplexity-Extracted-Cardinality-Constraints/ProofComplexity/normalized-tseitin-regular-n24-d3-i1-r2.cnf.gz-plain.pb.metafix.opb.xz,3
DEC-LIN/normalized-PB15eval/ProofComplexity-Extracted-Cardinality-Constraints/ProofComplexity/normalized-tseitin-regular-n24-d3-i2-f.cnf.gz-plain.pb.metafix.opb.xz,3
DEC-LIN/normalized-PB15eval/ProofComplexity-Extracted-Cardinality-Constraints/ProofComplexity/normalized-tseitin-regular-n24-d3-i2-r1.cnf.gz-plain.pb.metafix.opb.xz,3
DEC-LIN/normalized-PB15eval/ProofComplexity-Extracted-Cardinality-Constraints/ProofComplexity/normalized-tseitin-regular-n24-d3-i2-r2.cnf.gz-plain.pb.metafix.opb.xz,3
DEC-LIN/normalized-PB15eval/ProofComplexity-Extracted-Cardinality-Constraints/ProofComplexity/normalized-tseitin-regular-n24-d3-i3-r1.cnf.gz-plain.pb.metafix.opb.xz,3
DEC-LIN/normalized-PB15eval/ProofComplexity-Extracted-Cardinality-Constraints/ProofComplexity/normalized-tseitin-regular-n24-d3-i3-r2.cnf.gz-plain.pb.metafix.opb.xz,3
DEC-LIN/normalized-PB15eval/ProofComplexity-Extracted-Cardinality-Constraints/ProofComplexity/normalized-tseitin-regular-n240-d3-i1-f.cnf.gz-plain.pb.metafix.opb.xz,3
DEC-LIN/normalized-PB15eval/ProofComplexity-Extracted-Cardinality-Constraints/ProofComplexity/normalized-tseitin-regular-n240-d3-i1-r1.cnf.gz-plain.pb.metafix.opb.xz,3
DEC-LIN/normalized-PB15eval/ProofComplexity-Extracted-Cardinality-Constraints/ProofComplexity/normalized-tseitin-regular-n240-d3-i1-r2.cnf.gz-plain.pb.metafix.opb.xz,3
DEC-LIN/normalized-PB15eval/ProofComplexity-Extracted-Cardinality-Constraints/ProofComplexity/normalized-tseitin-regular-n240-d3-i2-f.cnf.gz-plain.pb.metafix.opb.xz,3
DEC-LIN/normalized-PB15eval/ProofComplexity-Extracted-Cardinality-Constraints/ProofComplexity/normalized-tseitin-regular-n240-d3-i2-r1.cnf.gz-plain.pb.metafix.opb.xz,3
DEC-LIN/normalized-PB15eval/ProofComplexity-Extracted-Cardinality-Constraints/ProofComplexity/normalized-tseitin-regular-n240-d3-i2-r2.cnf.gz-plain.pb.metafix.opb.xz,3
DEC-LIN/normalized-PB15eval/ProofComplexity-Extracted-Cardinality-Constraints/ProofComplexity/normalized-tseitin-regular-n240-d3-i3-f.cnf.gz-plain.pb.metafix.opb.xz,3
DEC-LIN/normalized-PB15eval/ProofComplexity-Extracted-Cardinality-Constraints/ProofComplexity/normalized-tseitin-regular-n240-d3-i3-r1.cnf.gz-plain.pb.metafix.opb.xz,3
DEC-LIN/normalized-PB15eval/ProofComplexity-Extracted-Cardinality-Constraints/ProofComplexity/normalized-tseitin-regular-n240-d3-i3-r2.cnf.gz-plain.pb.metafix.opb.xz,3
DEC-LIN/normalized-PB15eval/ProofComplexity-Extracted-Cardinality-Constraints/ProofComplexity/normalized-tseitin-regular-n242-d3-i1-f.cnf.gz-plain.pb.metafix.opb.xz,3
DEC-LIN/normalized-PB15eval/ProofComplexity-Extracted-Cardinality-Constraints/ProofComplexity/normalized-tseitin-regular-n242-d3-i1-r1.cnf.gz-plain.pb.metafix.opb.xz,3
DEC-LIN/normalized-PB15eval/ProofComplexity-Extracted-Cardinality-Constraints/ProofComplexity/normalized-tseitin-regular-n242-d3-i1-r2.cnf.gz-plain.pb.metafix.opb.xz,3
DEC-LIN/normalized-PB15eval/ProofComplexity-Extracted-Cardinality-Constraints/ProofComplexity/normalized-tseitin-regular-n242-d3-i2-f.cnf.gz-plain.pb.metafix.opb.xz,3
DEC-LIN/normalized-PB15eval/ProofComplexity-Extracted-Cardinality-Constraints/ProofComplexity/normalized-tseitin-regular-n242-d3-i2-r1.cnf.gz-plain.pb.metafix.opb.xz,3
DEC-LIN/normalized-PB15eval/ProofComplexity-Extracted-Cardinality-Constraints/ProofComplexity/normalized-tseitin-regular-n242-d3-i2-r2.cnf.gz-plain.pb.metafix.opb.xz,3
DEC-LIN/normalized-PB15eval/ProofComplexity-Extracted-Cardinality-Constraints/ProofComplexity/normalized-tseitin-regular-n242-d3-i3-f.cnf.gz-plain.pb.metafix.opb.xz,3
DEC-LIN/normalized-PB15eval/ProofComplexity-Extracted-Cardinality-Constraints/ProofComplexity/normalized-tseitin-regular-n242-d3-i3-r1.cnf.gz-plain.pb.metafix.opb.xz,3
DEC-LIN/normalized-PB15eval/ProofComplexity-Extracted-Cardinality-Constraints/ProofComplexity/normalized-tseitin-regular-n244-d3-i1-f.cnf.gz-plain.pb.metafix.opb.xz,3
DEC-LIN/normalized-PB15eval/ProofComplexity-Extracted-Cardinality-Constraints/ProofComplexity/normalized-tseitin-regular-n244-d3-i1-r1.cnf.gz-plain.pb.metafix.opb.xz,3
DEC-LIN/normalized-PB15eval/ProofComplexity-Extracted-Cardinality-Constraints/ProofComplexity/normalized-tseitin-regular-n244-d3-i1-r2.cnf.gz-plain.pb.metafix.opb.xz,3
DEC-LIN/normalized-PB15eval/ProofComplexity-Extracted-Cardinality-Constraints/ProofComplexity/normalized-tseitin-regular-n244-d3-i2-r1.cnf.gz-plain.pb.metafix.opb.xz,3
DEC-LIN/normalized-PB15eval/ProofComplexity-Extracted-Cardinality-Constraints/ProofComplexity/normalized-tseitin-regular-n244-d3-i2-r2.cnf.gz-plain.pb.metafix.opb.xz,3
DEC-LIN/normalized-PB15eval/ProofComplexity-Extracted-Cardinality-Constraints/ProofComplexity/normalized-tseitin-regular-n244-d3-i3-f.cnf.gz-plain.pb.metafix.opb.xz,3
DEC-LIN/normalized-PB15eval/ProofComplexity-Extracted-Cardinality-Constraints/ProofComplexity/normalized-tseitin-regular-n244-d3-i3-r1.cnf.gz-plain.pb.metafix.opb.xz,3
DEC-LIN/normalized-PB15eval/ProofComplexity-Extracted-Cardinality-Constraints/ProofComplexity/normalized-tseitin-regular-n244-d3-i3-r2.cnf.gz-plain.pb.metafix.opb.xz,3
DEC-LIN/normalized-PB15eval/ProofComplexity-Extracted-Cardinality-Constraints/ProofComplexity/normalized-tseitin-regular-n246-d3-i1-r1.cnf.gz-plain.pb.metafix.opb.xz,3
DEC-LIN/normalized-PB15eval/ProofComplexity-Extracted-Cardinality-Constraints/ProofComplexity/normalized-tseitin-regular-n246-d3-i1-r2.cnf.gz-plain.pb.metafix.opb.xz,3
DEC-LIN/normalized-PB15eval/ProofComplexity-Extracted-Cardinality-Constraints/ProofComplexity/normalized-tseitin-regular-n246-d3-i2-f.cnf.gz-plain.pb.metafix.opb.xz,3
DEC-LIN/normalized-PB15eval/ProofComplexity-Extracted-Cardinality-Constraints/ProofComplexity/normalized-tseitin-regular-n246-d3-i2-r1.cnf.gz-plain.pb.metafix.opb.xz,3
DEC-LIN/normalized-PB15eval/ProofComplexity-Extracted-Cardinality-Constraints/ProofComplexity/normalized-tseitin-regular-n246-d3-i2-r2.cnf.gz-plain.pb.metafix.opb.xz,3
DEC-LIN/normalized-PB15eval/ProofComplexity-Extracted-Cardinality-Constraints/ProofComplexity/normalized-tseitin-regular-n246-d3-i3-f.cnf.gz-plain.pb.metafix.opb.xz,3
DEC-LIN/normalized-PB15eval/ProofComplexity-Extracted-Cardinality-Constraints/ProofComplexity/normalized-tseitin-regular-n246-d3-i3-r2.cnf.gz-plain.pb.metafix.opb.xz,3
DEC-LIN/normalized-PB15eval/ProofComplexity-Extracted-Cardinality-Constraints/ProofComplexity/normalized-tseitin-regular-n248-d3-i1-r1.cnf.gz-plain.pb.metafix.opb.xz,3
DEC-LIN/normalized-PB15eval/ProofComplexity-Extracted-Cardinality-Constraints/ProofComplexity/normalized-tseitin-regular-n248-d3-i1-r2.cnf.gz-plain.pb.metafix.opb.xz,3
DEC-LIN/normalized-PB15eval/ProofComplexity-Extracted-Cardinality-Constraints/ProofComplexity/normalized-tseitin-regular-n248-d3-i2-f.cnf.gz-plain.pb.metafix.opb.xz,3
DEC-LIN/normalized-PB15eval/ProofComplexity-Extracted-Cardinality-Constraints/ProofComplexity/normalized-tseitin-regular-n248-d3-i2-r1.cnf.gz-plain.pb.metafix.opb.xz,3
DEC-LIN/normalized-PB15eval/ProofComplexity-Extracted-Cardinality-Constraints/ProofComplexity/normalized-tseitin-regular-n248-d3-i2-r2.cnf.gz-plain.pb.metafix.opb.xz,3
DEC-LIN/normalized-PB15eval/ProofComplexity-Extracted-Cardinality-Constraints/ProofComplexity/normalized-tseitin-regular-n248-d3-i3-r2.cnf.gz-plain.pb.metafix.opb.xz,3
DEC-LIN/normalized-PB15eval/ProofComplexity-Extracted-Cardinality-Constraints/ProofComplexity/normalized-tseitin-regular-n250-d3-i1-r1.cnf.gz-plain.pb.metafix.opb.xz,3
DEC-LIN/normalized-PB15eval/ProofComplexity-Extracted-Cardinality-Constraints/ProofComplexity/normalized-tseitin-regular-n250-d3-i1-r2.cnf.gz-plain.pb.metafix.opb.xz,3
DEC-LIN/normalized-PB15eval/ProofComplexity-Extracted-Cardinality-Constraints/ProofComplexity/normalized-tseitin-regular-n250-d3-i2-f.cnf.gz-plain.pb.metafix.opb.xz,3
DEC-LIN/normalized-PB15eval/ProofComplexity-Extracted-Cardinality-Constraints/ProofComplexity/normalized-tseitin-regular-n250-d3-i2-r1.cnf.gz-plain.pb.metafix.opb.xz,3
DEC-LIN/normalized-PB15eval/ProofComplexity-Extracted-Cardinality-Constraints/ProofComplexity/normalized-tseitin-regular-n250-d3-i2-r2.cnf.gz-plain.pb.metafix.opb.xz,3
DEC-LIN/normalized-PB15eval/ProofComplexity-Extracted-Cardinality-Constraints/ProofComplexity/normalized-tseitin-regular-n250-d3-i3-f.cnf.gz-plain.pb.metafix.opb.xz,3
DEC-LIN/normalized-PB15eval/ProofComplexity-Extracted-Cardinality-Constraints/ProofComplexity/normalized-tseitin-regular-n250-d3-i3-r1.cnf.gz-plain.pb.metafix.opb.xz,3
DEC-LIN/normalized-PB15eval/ProofComplexity-Extracted-Cardinality-Constraints/ProofComplexity/normalized-tseitin-regular-n250-d3-i3-r2.cnf.gz-plain.pb.metafix.opb.xz,3
DEC-LIN/normalized-PB15eval/ProofComplexity-Extracted-Cardinality-Constraints/ProofComplexity/normalized-tseitin-regular-n252-d3-i1-f.cnf.gz-plain.pb.metafix.opb.xz,3
DEC-LIN/normalized-PB15eval/ProofComplexity-Extracted-Cardinality-Constraints/ProofComplexity/normalized-tseitin-regular-n252-d3-i1-r1.cnf.gz-plain.pb.metafix.opb.xz,3
DEC-LIN/normalized-PB15eval/ProofComplexity-Extracted-Cardinality-Constraints/ProofComplexity/normalized-tseitin-regular-n252-d3-i1-r2.cnf.gz-plain.pb.metafix.opb.xz,3
DEC-LIN/normalized-PB15eval/ProofComplexity-Extracted-Cardinality-Constraints/ProofComplexity/normalized-tseitin-regular-n252-d3-i2-f.cnf.gz-plain.pb.metafix.opb.xz,3
DEC-LIN/normalized-PB15eval/ProofComplexity-Extracted-Cardinality-Constraints/ProofComplexity/normalized-tseitin-regular-n252-d3-i2-r1.cnf.gz-plain.pb.metafix.opb.xz,3
DEC-LIN/normalized-PB15eval/ProofComplexity-Extracted-Cardinality-Constraints/ProofComplexity/normalized-tseitin-regular-n252-d3-i2-r2.cnf.gz-plain.pb.metafix.opb.xz,3
DEC-LIN/normalized-PB15eval/ProofComplexity-Extracted-Cardinality-Constraints/ProofComplexity/normalized-tseitin-regular-n252-d3-i3-f.cnf.gz-plain.pb.metafix.opb.xz,3
DEC-LIN/normalized-PB15eval/ProofComplexity-Extracted-Cardinality-Constraints/ProofComplexity/normalized-tseitin-regular-n252-d3-i3-r2.cnf.gz-plain.pb.metafix.opb.xz,3
DEC-LIN/normalized-PB15eval/ProofComplexity-Extracted-Cardinality-Constraints/ProofComplexity/normalized-tseitin-regular-n254-d3-i1-r2.cnf.gz-plain.pb.metafix.opb.xz,3
DEC-LIN/normalized-PB15eval/ProofComplexity-Extracted-Cardinality-Constraints/ProofComplexity/normalized-tseitin-regular-n254-d3-i2-f.cnf.gz-plain.pb.metafix.opb.xz,3
DEC-LIN/normalized-PB15eval/ProofComplexity-Extracted-Cardinality-Constraints/ProofComplexity/normalized-tseitin-regular-n254-d3-i2-r1.cnf.gz-plain.pb.metafix.opb.xz,3
DEC-LIN/normalized-PB15eval/ProofComplexity-Extracted-Cardinality-Constraints/ProofComplexity/normalized-tseitin-regular-n254-d3-i2-r2.cnf.gz-plain.pb.metafix.opb.xz,3
DEC-LIN/normalized-PB15eval/ProofComplexity-Extracted-Cardinality-Constraints/ProofComplexity/normalized-tseitin-regular-n254-d3-i3-f.cnf.gz-plain.pb.metafix.opb.xz,3
DEC-LIN/normalized-PB15eval/ProofComplexity-Extracted-Cardinality-Constraints/ProofComplexity/normalized-tseitin-regular-n254-d3-i3-r1.cnf.gz-plain.pb.metafix.opb.xz,3
DEC-LIN/normalized-PB15eval/ProofComplexity-Extracted-Cardinality-Constraints/ProofComplexity/normalized-tseitin-regular-n254-d3-i3-r2.cnf.gz-plain.pb.metafix.opb.xz,3
DEC-LIN/normalized-PB15eval/ProofComplexity-Extracted-Cardinality-Constraints/ProofComplexity/normalized-tseitin-regular-n256-d3-i1-f.cnf.gz-plain.pb.metafix.opb.xz,3
DEC-LIN/normalized-PB15eval/ProofComplexity-Extracted-Cardinality-Constraints/ProofComplexity/normalized-tseitin-regular-n256-d3-i1-r1.cnf.gz-plain.pb.metafix.opb.xz,3
DEC-LIN/normalized-PB15eval/ProofComplexity-Extracted-Cardinality-Constraints/ProofComplexity/normalized-tseitin-regular-n256-d3-i2-f.cnf.gz-plain.pb.metafix.opb.xz,3
DEC-LIN/normalized-PB15eval/ProofComplexity-Extracted-Cardinality-Constraints/ProofComplexity/normalized-tseitin-regular-n256-d3-i2-r1.cnf.gz-plain.pb.metafix.opb.xz,3
DEC-LIN/normalized-PB15eval/ProofComplexity-Extracted-Cardinality-Constraints/ProofComplexity/normalized-tseitin-regular-n256-d3-i3-r1.cnf.gz-plain.pb.metafix.opb.xz,3
DEC-LIN/normalized-PB15eval/ProofComplexity-Extracted-Cardinality-Constraints/ProofComplexity/normalized-tseitin-regular-n256-d3-i3-r2.cnf.gz-plain.pb.metafix.opb.xz,3
DEC-LIN/normalized-PB15eval/ProofComplexity-Extracted-Cardinality-Constraints/ProofComplexity/normalized-tseitin-regular-n258-d3-i1-f.cnf.gz-plain.pb.metafix.opb.xz,3
DEC-LIN/normalized-PB15eval/ProofComplexity-Extracted-Cardinality-Constraints/ProofComplexity/normalized-tseitin-regular-n258-d3-i1-r1.cnf.gz-plain.pb.metafix.opb.xz,3
DEC-LIN/normalized-PB15eval/ProofComplexity-Extracted-Cardinality-Constraints/ProofComplexity/normalized-tseitin-regular-n258-d3-i1-r2.cnf.gz-plain.pb.metafix.opb.xz,3
DEC-LIN/normalized-PB15eval/ProofComplexity-Extracted-Cardinality-Constraints/ProofComplexity/normalized-tseitin-regular-n258-d3-i2-r1.cnf.gz-plain.pb.metafix.opb.xz,3
DEC-LIN/normalized-PB15eval/ProofComplexity-Extracted-Cardinality-Constraints/ProofComplexity/normalized-tseitin-regular-n258-d3-i2-r2.cnf.gz-plain.pb.metafix.opb.xz,3
DEC-LIN/normalized-PB15eval/ProofComplexity-Extracted-Cardinality-Constraints/ProofComplexity/normalized-tseitin-regular-n258-d3-i3-r1.cnf.gz-plain.pb.metafix.opb.xz,3
DEC-LIN/normalized-PB15eval/ProofComplexity-Extracted-Cardinality-Constraints/ProofComplexity/normalized-tseitin-regular-n258-d3-i3-r2.cnf.gz-plain.pb.metafix.opb.xz,3
DEC-LIN/normalized-PB15eval/ProofComplexity-Extracted-Cardinality-Constraints/ProofComplexity/normalized-tseitin-regular-n26-d3-i1-f.cnf.gz-plain.pb.metafix.opb.xz,3
DEC-LIN/normalized-PB15eval/ProofComplexity-Extracted-Cardinality-Constraints/ProofComplexity/normalized-tseitin-regular-n26-d3-i1-r1.cnf.gz-plain.pb.metafix.opb.xz,3
DEC-LIN/normalized-PB15eval/ProofComplexity-Extracted-Cardinality-Constraints/ProofComplexity/normalized-tseitin-regular-n26-d3-i1-r2.cnf.gz-plain.pb.metafix.opb.xz,3
DEC-LIN/normalized-PB15eval/ProofComplexity-Extracted-Cardinality-Constraints/ProofComplexity/normalized-tseitin-regular-n26-d3-i2-f.cnf.gz-plain.pb.metafix.opb.xz,3
DEC-LIN/normalized-PB15eval/ProofComplexity-Extracted-Cardinality-Constraints/ProofComplexity/normalized-tseitin-regular-n26-d3-i2-r1.cnf.gz-plain.pb.metafix.opb.xz,3
DEC-LIN/normalized-PB15eval/ProofComplexity-Extracted-Cardinality-Constraints/ProofComplexity/normalized-tseitin-regular-n26-d3-i2-r2.cnf.gz-plain.pb.metafix.opb.xz,3
DEC-LIN/normalized-PB15eval/ProofComplexity-Extracted-Cardinality-Constraints/ProofComplexity/normalized-tseitin-regular-n26-d3-i3-r1.cnf.gz-plain.pb.metafix.opb.xz,3
DEC-LIN/normalized-PB15eval/ProofComplexity-Extracted-Cardinality-Constraints/ProofComplexity/normalized-tseitin-regular-n26-d3-i3-r2.cnf.gz-plain.pb.metafix.opb.xz,3
DEC-LIN/normalized-PB15eval/ProofComplexity-Extracted-Cardinality-Constraints/ProofComplexity/normalized-tseitin-regular-n260-d3-i1-f.cnf.gz-plain.pb.metafix.opb.xz,3
DEC-LIN/normalized-PB15eval/ProofComplexity-Extracted-Cardinality-Constraints/ProofComplexity/normalized-tseitin-regular-n260-d3-i1-r1.cnf.gz-plain.pb.metafix.opb.xz,3
DEC-LIN/normalized-PB15eval/ProofComplexity-Extracted-Cardinality-Constraints/ProofComplexity/normalized-tseitin-regular-n260-d3-i1-r2.cnf.gz-plain.pb.metafix.opb.xz,3
DEC-LIN/normalized-PB15eval/ProofComplexity-Extracted-Cardinality-Constraints/ProofComplexity/normalized-tseitin-regular-n260-d3-i2-f.cnf.gz-plain.pb.metafix.opb.xz,3
DEC-LIN/normalized-PB15eval/ProofComplexity-Extracted-Cardinality-Constraints/ProofComplexity/normalized-tseitin-regular-n260-d3-i2-r1.cnf.gz-plain.pb.metafix.opb.xz,3
DEC-LIN/normalized-PB15eval/ProofComplexity-Extracted-Cardinality-Constraints/ProofComplexity/normalized-tseitin-regular-n260-d3-i2-r2.cnf.gz-plain.pb.metafix.opb.xz,3
DEC-LIN/normalized-PB15eval/ProofComplexity-Extracted-Cardinality-Constraints/ProofComplexity/normalized-tseitin-regular-n260-d3-i3-f.cnf.gz-plain.pb.metafix.opb.xz,3
DEC-LIN/normalized-PB15eval/ProofComplexity-Extracted-Cardinality-Constraints/ProofComplexity/normalized-tseitin-regular-n260-d3-i3-r1.cnf.gz-plain.pb.metafix.opb.xz,3
DEC-LIN/normalized-PB15eval/ProofComplexity-Extracted-Cardinality-Constraints/ProofComplexity/normalized-tseitin-regular-n260-d3-i3-r2.cnf.gz-plain.pb.metafix.opb.xz,3
DEC-LIN/normalized-PB15eval/ProofComplexity-Extracted-Cardinality-Constraints/ProofComplexity/normalized-tseitin-regular-n262-d3-i1-f.cnf.gz-plain.pb.metafix.opb.xz,3
DEC-LIN/normalized-PB15eval/ProofComplexity-Extracted-Cardinality-Constraints/ProofComplexity/normalized-tseitin-regular-n262-d3-i1-r1.cnf.gz-plain.pb.metafix.opb.xz,3
DEC-LIN/normalized-PB15eval/ProofComplexity-Extracted-Cardinality-Constraints/ProofComplexity/normalized-tseitin-regular-n262-d3-i2-f.cnf.gz-plain.pb.metafix.opb.xz,3
DEC-LIN/normalized-PB15eval/ProofComplexity-Extracted-Cardinality-Constraints/ProofComplexity/normalized-tseitin-regular-n262-d3-i2-r1.cnf.gz-plain.pb.metafix.opb.xz,3
DEC-LIN/normalized-PB15eval/ProofComplexity-Extracted-Cardinality-Constraints/ProofComplexity/normalized-tseitin-regular-n262-d3-i3-f.cnf.gz-plain.pb.metafix.opb.xz,3
DEC-LIN/normalized-PB15eval/ProofComplexity-Extracted-Cardinality-Constraints/ProofComplexity/normalized-tseitin-regular-n262-d3-i3-r1.cnf.gz-plain.pb.metafix.opb.xz,3
DEC-LIN/normalized-PB15eval/ProofComplexity-Extracted-Cardinality-Constraints/ProofComplexity/normalized-tseitin-regular-n262-d3-i3-r2.cnf.gz-plain.pb.metafix.opb.xz,3
DEC-LIN/normalized-PB15eval/ProofComplexity-Extracted-Cardinality-Constraints/ProofComplexity/normalized-tseitin-regular-n264-d3-i1-f.cnf.gz-plain.pb.metafix.opb.xz,3
DEC-LIN/normalized-PB15eval/ProofComplexity-Extracted-Cardinality-Constraints/ProofComplexity/normalized-tseitin-regular-n264-d3-i1-r1.cnf.gz-plain.pb.metafix.opb.xz,3
DEC-LIN/normalized-PB15eval/ProofComplexity-Extracted-Cardinality-Constraints/ProofComplexity/normalized-tseitin-regular-n264-d3-i1-r2.cnf.gz-plain.pb.metafix.opb.xz,3
DEC-LIN/normalized-PB15eval/ProofComplexity-Extracted-Cardinality-Constraints/ProofComplexity/normalized-tseitin-regular-n264-d3-i2-r1.cnf.gz-plain.pb.metafix.opb.xz,3
DEC-LIN/normalized-PB15eval/ProofComplexity-Extracted-Cardinality-Constraints/ProofComplexity/normalized-tseitin-regular-n264-d3-i2-r2.cnf.gz-plain.pb.metafix.opb.xz,3
DEC-LIN/normalized-PB15eval/ProofComplexity-Extracted-Cardinality-Constraints/ProofComplexity/normalized-tseitin-regular-n264-d3-i3-f.cnf.gz-plain.pb.metafix.opb.xz,3
DEC-LIN/normalized-PB15eval/ProofComplexity-Extracted-Cardinality-Constraints/ProofComplexity/normalized-tseitin-regular-n264-d3-i3-r1.cnf.gz-plain.pb.metafix.opb.xz,3
DEC-LIN/normalized-PB15eval/ProofComplexity-Extracted-Cardinality-Constraints/ProofComplexity/normalized-tseitin-regular-n264-d3-i3-r2.cnf.gz-plain.pb.metafix.opb.xz,3
DEC-LIN/normalized-PB15eval/ProofComplexity-Extracted-Cardinality-Constraints/ProofComplexity/normalized-tseitin-regular-n266-d3-i1-r1.cnf.gz-plain.pb.metafix.opb.xz,3
DEC-LIN/normalized-PB15eval/ProofComplexity-Extracted-Cardinality-Constraints/ProofComplexity/normalized-tseitin-regular-n266-d3-i1-r2.cnf.gz-plain.pb.metafix.opb.xz,3
DEC-LIN/normalized-PB15eval/ProofComplexity-Extracted-Cardinality-Constraints/ProofComplexity/normalized-tseitin-regular-n266-d3-i2-f.cnf.gz-plain.pb.metafix.opb.xz,3
DEC-LIN/normalized-PB15eval/ProofComplexity-Extracted-Cardinality-Constraints/ProofComplexity/normalized-tseitin-regular-n266-d3-i2-r1.cnf.gz-plain.pb.metafix.opb.xz,3
DEC-LIN/normalized-PB15eval/ProofComplexity-Extracted-Cardinality-Constraints/ProofComplexity/normalized-tseitin-regular-n266-d3-i2-r2.cnf.gz-plain.pb.metafix.opb.xz,3
DEC-LIN/normalized-PB15eval/ProofComplexity-Extracted-Cardinality-Constraints/ProofComplexity/normalized-tseitin-regular-n266-d3-i3-f.cnf.gz-plain.pb.metafix.opb.xz,3
DEC-LIN/normalized-PB15eval/ProofComplexity-Extracted-Cardinality-Constraints/ProofComplexity/normalized-tseitin-regular-n266-d3-i3-r2.cnf.gz-plain.pb.metafix.opb.xz,3
DEC-LIN/normalized-PB15eval/ProofComplexity-Extracted-Cardinality-Constraints/ProofComplexity/normalized-tseitin-regular-n268-d3-i1-f.cnf.gz-plain.pb.metafix.opb.xz,3
DEC-LIN/normalized-PB15eval/ProofComplexity-Extracted-Cardinality-Constraints/ProofComplexity/normalized-tseitin-regular-n268-d3-i1-r1.cnf.gz-plain.pb.metafix.opb.xz,3
DEC-LIN/normalized-PB15eval/ProofComplexity-Extracted-Cardinality-Constraints/ProofComplexity/normalized-tseitin-regular-n268-d3-i2-f.cnf.gz-plain.pb.metafix.opb.xz,3
DEC-LIN/normalized-PB15eval/ProofComplexity-Extracted-Cardinality-Constraints/ProofComplexity/normalized-tseitin-regular-n268-d3-i2-r2.cnf.gz-plain.pb.metafix.opb.xz,3
DEC-LIN/normalized-PB15eval/ProofComplexity-Extracted-Cardinality-Constraints/ProofComplexity/normalized-tseitin-regular-n268-d3-i3-f.cnf.gz-plain.pb.metafix.opb.xz,3
DEC-LIN/normalized-PB15eval/ProofComplexity-Extracted-Cardinality-Constraints/ProofComplexity/normalized-tseitin-regular-n268-d3-i3-r1.cnf.gz-plain.pb.metafix.opb.xz,3
DEC-LIN/normalized-PB15eval/ProofComplexity-Extracted-Cardinality-Constraints/ProofComplexity/normalized-tseitin-regular-n270-d3-i1-f.cnf.gz-plain.pb.metafix.opb.xz,3
DEC-LIN/normalized-PB15eval/ProofComplexity-Extracted-Cardinality-Constraints/ProofComplexity/normalized-tseitin-regular-n270-d3-i1-r1.cnf.gz-plain.pb.metafix.opb.xz,3
DEC-LIN/normalized-PB15eval/ProofComplexity-Extracted-Cardinality-Constraints/ProofComplexity/normalized-tseitin-regular-n270-d3-i1-r2.cnf.gz-plain.pb.metafix.opb.xz,3
DEC-LIN/normalized-PB15eval/ProofComplexity-Extracted-Cardinality-Constraints/ProofComplexity/normalized-tseitin-regular-n270-d3-i2-r1.cnf.gz-plain.pb.metafix.opb.xz,3
DEC-LIN/normalized-PB15eval/ProofComplexity-Extracted-Cardinality-Constraints/ProofComplexity/normalized-tseitin-regular-n270-d3-i2-r2.cnf.gz-plain.pb.metafix.opb.xz,3
DEC-LIN/normalized-PB15eval/ProofComplexity-Extracted-Cardinality-Constraints/ProofComplexity/normalized-tseitin-regular-n270-d3-i3-f.cnf.gz-plain.pb.metafix.opb.xz,3
DEC-LIN/normalized-PB15eval/ProofComplexity-Extracted-Cardinality-Constraints/ProofComplexity/normalized-tseitin-regular-n270-d3-i3-r1.cnf.gz-plain.pb.metafix.opb.xz,3
DEC-LIN/normalized-PB15eval/ProofComplexity-Extracted-Cardinality-Constraints/ProofComplexity/normalized-tseitin-regular-n272-d3-i1-f.cnf.gz-plain.pb.metafix.opb.xz,3
DEC-LIN/normalized-PB15eval/ProofComplexity-Extracted-Cardinality-Constraints/ProofComplexity/normalized-tseitin-regular-n272-d3-i1-r1.cnf.gz-plain.pb.metafix.opb.xz,3
DEC-LIN/normalized-PB15eval/ProofComplexity-Extracted-Cardinality-Constraints/ProofComplexity/normalized-tseitin-regular-n272-d3-i1-r2.cnf.gz-plain.pb.metafix.opb.xz,3
DEC-LIN/normalized-PB15eval/ProofComplexity-Extracted-Cardinality-Constraints/ProofComplexity/normalized-tseitin-regular-n272-d3-i2-f.cnf.gz-plain.pb.metafix.opb.xz,3
DEC-LIN/normalized-PB15eval/ProofComplexity-Extracted-Cardinality-Constraints/ProofComplexity/normalized-tseitin-regular-n272-d3-i2-r2.cnf.gz-plain.pb.metafix.opb.xz,3
DEC-LIN/normalized-PB15eval/ProofComplexity-Extracted-Cardinality-Constraints/ProofComplexity/normalized-tseitin-regular-n272-d3-i3-f.cnf.gz-plain.pb.metafix.opb.xz,3
DEC-LIN/normalized-PB15eval/ProofComplexity-Extracted-Cardinality-Constraints/ProofComplexity/normalized-tseitin-regular-n272-d3-i3-r1.cnf.gz-plain.pb.metafix.opb.xz,3
DEC-LIN/normalized-PB15eval/ProofComplexity-Extracted-Cardinality-Constraints/ProofComplexity/normalized-tseitin-regular-n274-d3-i1-f.cnf.gz-plain.pb.metafix.opb.xz,3
DEC-LIN/normalized-PB15eval/ProofComplexity-Extracted-Cardinality-Constraints/ProofComplexity/normalized-tseitin-regular-n274-d3-i1-r1.cnf.gz-plain.pb.metafix.opb.xz,3
DEC-LIN/normalized-PB15eval/ProofComplexity-Extracted-Cardinality-Constraints/ProofComplexity/normalized-tseitin-regular-n274-d3-i2-r2.cnf.gz-plain.pb.metafix.opb.xz,3
DEC-LIN/normalized-PB15eval/ProofComplexity-Extracted-Cardinality-Constraints/ProofComplexity/normalized-tseitin-regular-n276-d3-i1-f.cnf.gz-plain.pb.metafix.opb.xz,3
DEC-LIN/normalized-PB15eval/ProofComplexity-Extracted-Cardinality-Constraints/ProofComplexity/normalized-tseitin-regular-n276-d3-i1-r2.cnf.gz-plain.pb.metafix.opb.xz,3
DEC-LIN/normalized-PB15eval/ProofComplexity-Extracted-Cardinality-Constraints/ProofComplexity/normalized-tseitin-regular-n276-d3-i2-f.cnf.gz-plain.pb.metafix.opb.xz,3
DEC-LIN/normalized-PB15eval/ProofComplexity-Extracted-Cardinality-Constraints/ProofComplexity/normalized-tseitin-regular-n276-d3-i2-r2.cnf.gz-plain.pb.metafix.opb.xz,3
DEC-LIN/normalized-PB15eval/ProofComplexity-Extracted-Cardinality-Constraints/ProofComplexity/normalized-tseitin-regular-n276-d3-i3-f.cnf.gz-plain.pb.metafix.opb.xz,3
DEC-LIN/normalized-PB15eval/ProofComplexity-Extracted-Cardinality-Constraints/ProofComplexity/normalized-tseitin-regular-n276-d3-i3-r1.cnf.gz-plain.pb.metafix.opb.xz,3
DEC-LIN/normalized-PB15eval/ProofComplexity-Extracted-Cardinality-Constraints/ProofComplexity/normalized-tseitin-regular-n276-d3-i3-r2.cnf.gz-plain.pb.metafix.opb.xz,3
DEC-LIN/normalized-PB15eval/ProofComplexity-Extracted-Cardinality-Constraints/ProofComplexity/normalized-tseitin-regular-n278-d3-i1-r2.cnf.gz-plain.pb.metafix.opb.xz,3
DEC-LIN/normalized-PB15eval/ProofComplexity-Extracted-Cardinality-Constraints/ProofComplexity/normalized-tseitin-regular-n278-d3-i2-f.cnf.gz-plain.pb.metafix.opb.xz,3
DEC-LIN/normalized-PB15eval/ProofComplexity-Extracted-Cardinality-Constraints/ProofComplexity/normalized-tseitin-regular-n278-d3-i2-r1.cnf.gz-plain.pb.metafix.opb.xz,3
DEC-LIN/normalized-PB15eval/ProofComplexity-Extracted-Cardinality-Constraints/ProofComplexity/normalized-tseitin-regular-n278-d3-i2-r2.cnf.gz-plain.pb.metafix.opb.xz,3
DEC-LIN/normalized-PB15eval/ProofComplexity-Extracted-Cardinality-Constraints/ProofComplexity/normalized-tseitin-regular-n278-d3-i3-f.cnf.gz-plain.pb.metafix.opb.xz,3
DEC-LIN/normalized-PB15eval/ProofComplexity-Extracted-Cardinality-Constraints/ProofComplexity/normalized-tseitin-regular-n278-d3-i3-r1.cnf.gz-plain.pb.metafix.opb.xz,3
DEC-LIN/normalized-PB15eval/ProofComplexity-Extracted-Cardinality-Constraints/ProofComplexity/normalized-tseitin-regular-n278-d3-i3-r2.cnf.gz-plain.pb.metafix.opb.xz,3
DEC-LIN/normalized-PB15eval/ProofComplexity-Extracted-Cardinality-Constraints/ProofComplexity/normalized-tseitin-regular-n28-d3-i1-f.cnf.gz-plain.pb.metafix.opb.xz,3
DEC-LIN/normalized-PB15eval/ProofComplexity-Extracted-Cardinality-Constraints/ProofComplexity/normalized-tseitin-regular-n28-d3-i1-r1.cnf.gz-plain.pb.metafix.opb.xz,3
DEC-LIN/normalized-PB15eval/ProofComplexity-Extracted-Cardinality-Constraints/ProofComplexity/normalized-tseitin-regular-n28-d3-i1-r2.cnf.gz-plain.pb.metafix.opb.xz,3
DEC-LIN/normalized-PB15eval/ProofComplexity-Extracted-Cardinality-Constraints/ProofComplexity/normalized-tseitin-regular-n28-d3-i2-f.cnf.gz-plain.pb.metafix.opb.xz,3
DEC-LIN/normalized-PB15eval/ProofComplexity-Extracted-Cardinality-Constraints/ProofComplexity/normalized-tseitin-regular-n28-d3-i3-f.cnf.gz-plain.pb.metafix.opb.xz,3
DEC-LIN/normalized-PB15eval/ProofComplexity-Extracted-Cardinality-Constraints/ProofComplexity/normalized-tseitin-regular-n280-d3-i1-f.cnf.gz-plain.pb.metafix.opb.xz,3
DEC-LIN/normalized-PB15eval/ProofComplexity-Extracted-Cardinality-Constraints/ProofComplexity/normalized-tseitin-regular-n280-d3-i1-r1.cnf.gz-plain.pb.metafix.opb.xz,3
DEC-LIN/normalized-PB15eval/ProofComplexity-Extracted-Cardinality-Constraints/ProofComplexity/normalized-tseitin-regular-n280-d3-i1-r2.cnf.gz-plain.pb.metafix.opb.xz,3
DEC-LIN/normalized-PB15eval/ProofComplexity-Extracted-Cardinality-Constraints/ProofComplexity/normalized-tseitin-regular-n280-d3-i2-f.cnf.gz-plain.pb.metafix.opb.xz,3
DEC-LIN/normalized-PB15eval/ProofComplexity-Extracted-Cardinality-Constraints/ProofComplexity/normalized-tseitin-regular-n280-d3-i2-r1.cnf.gz-plain.pb.metafix.opb.xz,3
DEC-LIN/normalized-PB15eval/ProofComplexity-Extracted-Cardinality-Constraints/ProofComplexity/normalized-tseitin-regular-n280-d3-i2-r2.cnf.gz-plain.pb.metafix.opb.xz,3
DEC-LIN/normalized-PB15eval/ProofComplexity-Extracted-Cardinality-Constraints/ProofComplexity/normalized-tseitin-regular-n280-d3-i3-r1.cnf.gz-plain.pb.metafix.opb.xz,3
DEC-LIN/normalized-PB15eval/ProofComplexity-Extracted-Cardinality-Constraints/ProofComplexity/normalized-tseitin-regular-n282-d3-i1-f.cnf.gz-plain.pb.metafix.opb.xz,3
DEC-LIN/normalized-PB15eval/ProofComplexity-Extracted-Cardinality-Constraints/ProofComplexity/normalized-tseitin-regular-n282-d3-i1-r1.cnf.gz-plain.pb.metafix.opb.xz,3
DEC-LIN/normalized-PB15eval/ProofComplexity-Extracted-Cardinality-Constraints/ProofComplexity/normalized-tseitin-regular-n282-d3-i1-r2.cnf.gz-plain.pb.metafix.opb.xz,3
DEC-LIN/normalized-PB15eval/ProofComplexity-Extracted-Cardinality-Constraints/ProofComplexity/normalized-tseitin-regular-n282-d3-i2-f.cnf.gz-plain.pb.metafix.opb.xz,3
DEC-LIN/normalized-PB15eval/ProofComplexity-Extracted-Cardinality-Constraints/ProofComplexity/normalized-tseitin-regular-n282-d3-i2-r1.cnf.gz-plain.pb.metafix.opb.xz,3
DEC-LIN/normalized-PB15eval/ProofComplexity-Extracted-Cardinality-Constraints/ProofComplexity/normalized-tseitin-regular-n282-d3-i2-r2.cnf.gz-plain.pb.metafix.opb.xz,3
DEC-LIN/normalized-PB15eval/ProofComplexity-Extracted-Cardinality-Constraints/ProofComplexity/normalized-tseitin-regular-n282-d3-i3-f.cnf.gz-plain.pb.metafix.opb.xz,3
DEC-LIN/normalized-PB15eval/ProofComplexity-Extracted-Cardinality-Constraints/ProofComplexity/normalized-tseitin-regular-n282-d3-i3-r1.cnf.gz-plain.pb.metafix.opb.xz,3
DEC-LIN/normalized-PB15eval/ProofComplexity-Extracted-Cardinality-Constraints/ProofComplexity/normalized-tseitin-regular-n282-d3-i3-r2.cnf.gz-plain.pb.metafix.opb.xz,3
DEC-LIN/normalized-PB15eval/ProofComplexity-Extracted-Cardinality-Constraints/ProofComplexity/normalized-tseitin-regular-n284-d3-i1-f.cnf.gz-plain.pb.metafix.opb.xz,3
DEC-LIN/normalized-PB15eval/ProofComplexity-Extracted-Cardinality-Constraints/ProofComplexity/normalized-tseitin-regular-n284-d3-i1-r1.cnf.gz-plain.pb.metafix.opb.xz,3
DEC-LIN/normalized-PB15eval/ProofComplexity-Extracted-Cardinality-Constraints/ProofComplexity/normalized-tseitin-regular-n284-d3-i3-f.cnf.gz-plain.pb.metafix.opb.xz,3
DEC-LIN/normalized-PB15eval/ProofComplexity-Extracted-Cardinality-Constraints/ProofComplexity/normalized-tseitin-regular-n284-d3-i3-r1.cnf.gz-plain.pb.metafix.opb.xz,3
DEC-LIN/normalized-PB15eval/ProofComplexity-Extracted-Cardinality-Constraints/ProofComplexity/normalized-tseitin-regular-n284-d3-i3-r2.cnf.gz-plain.pb.metafix.opb.xz,3
DEC-LIN/normalized-PB15eval/ProofComplexity-Extracted-Cardinality-Constraints/ProofComplexity/normalized-tseitin-regular-n286-d3-i1-f.cnf.gz-plain.pb.metafix.opb.xz,3
DEC-LIN/normalized-PB15eval/ProofComplexity-Extracted-Cardinality-Constraints/ProofComplexity/normalized-tseitin-regular-n286-d3-i1-r1.cnf.gz-plain.pb.metafix.opb.xz,3
DEC-LIN/normalized-PB15eval/ProofComplexity-Extracted-Cardinality-Constraints/ProofComplexity/normalized-tseitin-regular-n286-d3-i2-f.cnf.gz-plain.pb.metafix.opb.xz,3
DEC-LIN/normalized-PB15eval/ProofComplexity-Extracted-Cardinality-Constraints/ProofComplexity/normalized-tseitin-regular-n286-d3-i2-r1.cnf.gz-plain.pb.metafix.opb.xz,3
DEC-LIN/normalized-PB15eval/ProofComplexity-Extracted-Cardinality-Constraints/ProofComplexity/normalized-tseitin-regular-n286-d3-i2-r2.cnf.gz-plain.pb.metafix.opb.xz,3
DEC-LIN/normalized-PB15eval/ProofComplexity-Extracted-Cardinality-Constraints/ProofComplexity/normalized-tseitin-regular-n286-d3-i3-f.cnf.gz-plain.pb.metafix.opb.xz,3
DEC-LIN/normalized-PB15eval/ProofComplexity-Extracted-Cardinality-Constraints/ProofComplexity/normalized-tseitin-regular-n286-d3-i3-r1.cnf.gz-plain.pb.metafix.opb.xz,3
DEC-LIN/normalized-PB15eval/ProofComplexity-Extracted-Cardinality-Constraints/ProofComplexity/normalized-tseitin-regular-n286-d3-i3-r2.cnf.gz-plain.pb.metafix.opb.xz,3
DEC-LIN/normalized-PB15eval/ProofComplexity-Extracted-Cardinality-Constraints/ProofComplexity/normalized-tseitin-regular-n288-d3-i1-r1.cnf.gz-plain.pb.metafix.opb.xz,3
DEC-LIN/normalized-PB15eval/ProofComplexity-Extracted-Cardinality-Constraints/ProofComplexity/normalized-tseitin-regular-n288-d3-i1-r2.cnf.gz-plain.pb.metafix.opb.xz,3
DEC-LIN/normalized-PB15eval/ProofComplexity-Extracted-Cardinality-Constraints/ProofComplexity/normalized-tseitin-regular-n288-d3-i2-f.cnf.gz-plain.pb.metafix.opb.xz,3
DEC-LIN/normalized-PB15eval/ProofComplexity-Extracted-Cardinality-Constraints/ProofComplexity/normalized-tseitin-regular-n288-d3-i2-r1.cnf.gz-plain.pb.metafix.opb.xz,3
DEC-LIN/normalized-PB15eval/ProofComplexity-Extracted-Cardinality-Constraints/ProofComplexity/normalized-tseitin-regular-n288-d3-i2-r2.cnf.gz-plain.pb.metafix.opb.xz,3
DEC-LIN/normalized-PB15eval/ProofComplexity-Extracted-Cardinality-Constraints/ProofComplexity/normalized-tseitin-regular-n288-d3-i3-r1.cnf.gz-plain.pb.metafix.opb.xz,3
DEC-LIN/normalized-PB15eval/ProofComplexity-Extracted-Cardinality-Constraints/ProofComplexity/normalized-tseitin-regular-n288-d3-i3-r2.cnf.gz-plain.pb.metafix.opb.xz,3
DEC-LIN/normalized-PB15eval/ProofComplexity-Extracted-Cardinality-Constraints/ProofComplexity/normalized-tseitin-regular-n290-d3-i1-f.cnf.gz-plain.pb.metafix.opb.xz,3
DEC-LIN/normalized-PB15eval/ProofComplexity-Extracted-Cardinality-Constraints/ProofComplexity/normalized-tseitin-regular-n290-d3-i1-r1.cnf.gz-plain.pb.metafix.opb.xz,3
DEC-LIN/normalized-PB15eval/ProofComplexity-Extracted-Cardinality-Constraints/ProofComplexity/normalized-tseitin-regular-n290-d3-i1-r2.cnf.gz-plain.pb.metafix.opb.xz,3
DEC-LIN/normalized-PB15eval/ProofComplexity-Extracted-Cardinality-Constraints/ProofComplexity/normalized-tseitin-regular-n290-d3-i2-f.cnf.gz-plain.pb.metafix.opb.xz,3
DEC-LIN/normalized-PB15eval/ProofComplexity-Extracted-Cardinality-Constraints/ProofComplexity/normalized-tseitin-regular-n290-d3-i3-f.cnf.gz-plain.pb.metafix.opb.xz,3
DEC-LIN/normalized-PB15eval/ProofComplexity-Extracted-Cardinality-Constraints/ProofComplexity/normalized-tseitin-regular-n290-d3-i3-r2.cnf.gz-plain.pb.metafix.opb.xz,3
DEC-LIN/normalized-PB15eval/ProofComplexity-Extracted-Cardinality-Constraints/ProofComplexity/normalized-tseitin-regular-n292-d3-i1-f.cnf.gz-plain.pb.metafix.opb.xz,3
DEC-LIN/normalized-PB15eval/ProofComplexity-Extracted-Cardinality-Constraints/ProofComplexity/normalized-tseitin-regular-n292-d3-i1-r1.cnf.gz-plain.pb.metafix.opb.xz,3
DEC-LIN/normalized-PB15eval/ProofComplexity-Extracted-Cardinality-Constraints/ProofComplexity/normalized-tseitin-regular-n292-d3-i1-r2.cnf.gz-plain.pb.metafix.opb.xz,3
DEC-LIN/normalized-PB15eval/ProofComplexity-Extracted-Cardinality-Constraints/ProofComplexity/normalized-tseitin-regular-n292-d3-i2-f.cnf.gz-plain.pb.metafix.opb.xz,3
DEC-LIN/normalized-PB15eval/ProofComplexity-Extracted-Cardinality-Constraints/ProofComplexity/normalized-tseitin-regular-n292-d3-i2-r1.cnf.gz-plain.pb.metafix.opb.xz,3
DEC-LIN/normalized-PB15eval/ProofComplexity-Extracted-Cardinality-Constraints/ProofComplexity/normalized-tseitin-regular-n292-d3-i2-r2.cnf.gz-plain.pb.metafix.opb.xz,3
DEC-LIN/normalized-PB15eval/ProofComplexity-Extracted-Cardinality-Constraints/ProofComplexity/normalized-tseitin-regular-n292-d3-i3-f.cnf.gz-plain.pb.metafix.opb.xz,3
DEC-LIN/normalized-PB15eval/ProofComplexity-Extracted-Cardinality-Constraints/ProofComplexity/normalized-tseitin-regular-n292-d3-i3-r1.cnf.gz-plain.pb.metafix.opb.xz,3
DEC-LIN/normalized-PB15eval/ProofComplexity-Extracted-Cardinality-Constraints/ProofComplexity/normalized-tseitin-regular-n292-d3-i3-r2.cnf.gz-plain.pb.metafix.opb.xz,3
DEC-LIN/normalized-PB15eval/ProofComplexity-Extracted-Cardinality-Constraints/ProofComplexity/normalized-tseitin-regular-n294-d3-i1-f.cnf.gz-plain.pb.metafix.opb.xz,3
DEC-LIN/normalized-PB15eval/ProofComplexity-Extracted-Cardinality-Constraints/ProofComplexity/normalized-tseitin-regular-n294-d3-i2-f.cnf.gz-plain.pb.metafix.opb.xz,3
DEC-LIN/normalized-PB15eval/ProofComplexity-Extracted-Cardinality-Constraints/ProofComplexity/normalized-tseitin-regular-n294-d3-i2-r1.cnf.gz-plain.pb.metafix.opb.xz,3
DEC-LIN/normalized-PB15eval/ProofComplexity-Extracted-Cardinality-Constraints/ProofComplexity/normalized-tseitin-regular-n294-d3-i2-r2.cnf.gz-plain.pb.metafix.opb.xz,3
DEC-LIN/normalized-PB15eval/ProofComplexity-Extracted-Cardinality-Constraints/ProofComplexity/normalized-tseitin-regular-n294-d3-i3-f.cnf.gz-plain.pb.metafix.opb.xz,3
DEC-LIN/normalized-PB15eval/ProofComplexity-Extracted-Cardinality-Constraints/ProofComplexity/normalized-tseitin-regular-n294-d3-i3-r1.cnf.gz-plain.pb.metafix.opb.xz,3
DEC-LIN/normalized-PB15eval/ProofComplexity-Extracted-Cardinality-Constraints/ProofComplexity/normalized-tseitin-regular-n294-d3-i3-r2.cnf.gz-plain.pb.metafix.opb.xz,3
DEC-LIN/normalized-PB15eval/ProofComplexity-Extracted-Cardinality-Constraints/ProofComplexity/normalized-tseitin-regular-n296-d3-i1-r1.cnf.gz-plain.pb.metafix.opb.xz,3
DEC-LIN/normalized-PB15eval/ProofComplexity-Extracted-Cardinality-Constraints/ProofComplexity/normalized-tseitin-regular-n296-d3-i2-f.cnf.gz-plain.pb.metafix.opb.xz,3
DEC-LIN/normalized-PB15eval/ProofComplexity-Extracted-Cardinality-Constraints/ProofComplexity/normalized-tseitin-regular-n296-d3-i2-r2.cnf.gz-plain.pb.metafix.opb.xz,3
DEC-LIN/normalized-PB15eval/ProofComplexity-Extracted-Cardinality-Constraints/ProofComplexity/normalized-tseitin-regular-n296-d3-i3-f.cnf.gz-plain.pb.metafix.opb.xz,3
DEC-LIN/normalized-PB15eval/ProofComplexity-Extracted-Cardinality-Constraints/ProofComplexity/normalized-tseitin-regular-n296-d3-i3-r1.cnf.gz-plain.pb.metafix.opb.xz,3
DEC-LIN/normalized-PB15eval/ProofComplexity-Extracted-Cardinality-Constraints/ProofComplexity/normalized-tseitin-regular-n296-d3-i3-r2.cnf.gz-plain.pb.metafix.opb.xz,3
DEC-LIN/normalized-PB15eval/ProofComplexity-Extracted-Cardinality-Constraints/ProofComplexity/normalized-tseitin-regular-n298-d3-i1-f.cnf.gz-plain.pb.metafix.opb.xz,3
DEC-LIN/normalized-PB15eval/ProofComplexity-Extracted-Cardinality-Constraints/ProofComplexity/normalized-tseitin-regular-n298-d3-i1-r1.cnf.gz-plain.pb.metafix.opb.xz,3
DEC-LIN/normalized-PB15eval/ProofComplexity-Extracted-Cardinality-Constraints/ProofComplexity/normalized-tseitin-regular-n298-d3-i1-r2.cnf.gz-plain.pb.metafix.opb.xz,3
DEC-LIN/normalized-PB15eval/ProofComplexity-Extracted-Cardinality-Constraints/ProofComplexity/normalized-tseitin-regular-n298-d3-i2-r1.cnf.gz-plain.pb.metafix.opb.xz,3
DEC-LIN/normalized-PB15eval/ProofComplexity-Extracted-Cardinality-Constraints/ProofComplexity/normalized-tseitin-regular-n298-d3-i2-r2.cnf.gz-plain.pb.metafix.opb.xz,3
DEC-LIN/normalized-PB15eval/ProofComplexity-Extracted-Cardinality-Constraints/ProofComplexity/normalized-tseitin-regular-n298-d3-i3-f.cnf.gz-plain.pb.metafix.opb.xz,3
DEC-LIN/normalized-PB15eval/ProofComplexity-Extracted-Cardinality-Constraints/ProofComplexity/normalized-tseitin-regular-n298-d3-i3-r1.cnf.gz-plain.pb.metafix.opb.xz,3
DEC-LIN/normalized-PB15eval/ProofComplexity-Extracted-Cardinality-Constraints/ProofComplexity/normalized-tseitin-regular-n30-d3-i1-f.cnf.gz-plain.pb.metafix.opb.xz,3
DEC-LIN/normalized-PB15eval/ProofComplexity-Extracted-Cardinality-Constraints/ProofComplexity/normalized-tseitin-regular-n30-d3-i1-r1.cnf.gz-plain.pb.metafix.opb.xz,3
DEC-LIN/normalized-PB15eval/ProofComplexity-Extracted-Cardinality-Constraints/ProofComplexity/normalized-tseitin-regular-n30-d3-i1-r2.cnf.gz-plain.pb.metafix.opb.xz,3
DEC-LIN/normalized-PB15eval/ProofComplexity-Extracted-Cardinality-Constraints/ProofComplexity/normalized-tseitin-regular-n30-d3-i2-f.cnf.gz-plain.pb.metafix.opb.xz,3
DEC-LIN/normalized-PB15eval/ProofComplexity-Extracted-Cardinality-Constraints/ProofComplexity/normalized-tseitin-regular-n30-d3-i2-r1.cnf.gz-plain.pb.metafix.opb.xz,3
DEC-LIN/normalized-PB15eval/ProofComplexity-Extracted-Cardinality-Constraints/ProofComplexity/normalized-tseitin-regular-n30-d3-i2-r2.cnf.gz-plain.pb.metafix.opb.xz,3
DEC-LIN/normalized-PB15eval/ProofComplexity-Extracted-Cardinality-Constraints/ProofComplexity/normalized-tseitin-regular-n30-d3-i3-f.cnf.gz-plain.pb.metafix.opb.xz,3
DEC-LIN/normalized-PB15eval/ProofComplexity-Extracted-Cardinality-Constraints/ProofComplexity/normalized-tseitin-regular-n30-d3-i3-r1.cnf.gz-plain.pb.metafix.opb.xz,3
DEC-LIN/normalized-PB15eval/ProofComplexity-Extracted-Cardinality-Constraints/ProofComplexity/normalized-tseitin-regular-n30-d3-i3-r2.cnf.gz-plain.pb.metafix.opb.xz,3
DEC-LIN/normalized-PB15eval/ProofComplexity-Extracted-Cardinality-Constraints/ProofComplexity/normalized-tseitin-regular-n32-d3-i1-r1.cnf.gz-plain.pb.metafix.opb.xz,3
DEC-LIN/normalized-PB15eval/ProofComplexity-Extracted-Cardinality-Constraints/ProofComplexity/normalized-tseitin-regular-n32-d3-i1-r2.cnf.gz-plain.pb.metafix.opb.xz,3
DEC-LIN/normalized-PB15eval/ProofComplexity-Extracted-Cardinality-Constraints/ProofComplexity/normalized-tseitin-regular-n32-d3-i2-f.cnf.gz-plain.pb.metafix.opb.xz,3
DEC-LIN/normalized-PB15eval/ProofComplexity-Extracted-Cardinality-Constraints/ProofComplexity/normalized-tseitin-regular-n32-d3-i2-r1.cnf.gz-plain.pb.metafix.opb.xz,3
DEC-LIN/normalized-PB15eval/ProofComplexity-Extracted-Cardinality-Constraints/ProofComplexity/normalized-tseitin-regular-n32-d3-i2-r2.cnf.gz-plain.pb.metafix.opb.xz,3
DEC-LIN/normalized-PB15eval/ProofComplexity-Extracted-Cardinality-Constraints/ProofComplexity/normalized-tseitin-regular-n32-d3-i3-f.cnf.gz-plain.pb.metafix.opb.xz,3
DEC-LIN/normalized-PB15eval/ProofComplexity-Extracted-Cardinality-Constraints/ProofComplexity/normalized-tseitin-regular-n32-d3-i3-r1.cnf.gz-plain.pb.metafix.opb.xz,3
DEC-LIN/normalized-PB15eval/ProofComplexity-Extracted-Cardinality-Constraints/ProofComplexity/normalized-tseitin-regular-n32-d3-i3-r2.cnf.gz-plain.pb.metafix.opb.xz,3
DEC-LIN/normalized-PB15eval/ProofComplexity-Extracted-Cardinality-Constraints/ProofComplexity/normalized-tseitin-regular-n34-d3-i1-r1.cnf.gz-plain.pb.metafix.opb.xz,3
DEC-LIN/normalized-PB15eval/ProofComplexity-Extracted-Cardinality-Constraints/ProofComplexity/normalized-tseitin-regular-n34-d3-i1-r2.cnf.gz-plain.pb.metafix.opb.xz,3
DEC-LIN/normalized-PB15eval/ProofComplexity-Extracted-Cardinality-Constraints/ProofComplexity/normalized-tseitin-regular-n34-d3-i2-f.cnf.gz-plain.pb.metafix.opb.xz,3
DEC-LIN/normalized-PB15eval/ProofComplexity-Extracted-Cardinality-Constraints/ProofComplexity/normalized-tseitin-regular-n34-d3-i2-r1.cnf.gz-plain.pb.metafix.opb.xz,3
DEC-LIN/normalized-PB15eval/ProofComplexity-Extracted-Cardinality-Constraints/ProofComplexity/normalized-tseitin-regular-n34-d3-i2-r2.cnf.gz-plain.pb.metafix.opb.xz,3
DEC-LIN/normalized-PB15eval/ProofComplexity-Extracted-Cardinality-Constraints/ProofComplexity/normalized-tseitin-regular-n34-d3-i3-r1.cnf.gz-plain.pb.metafix.opb.xz,3
DEC-LIN/normalized-PB15eval/ProofComplexity-Extracted-Cardinality-Constraints/ProofComplexity/normalized-tseitin-regular-n34-d3-i3-r2.cnf.gz-plain.pb.metafix.opb.xz,3
DEC-LIN/normalized-PB15eval/ProofComplexity-Extracted-Cardinality-Constraints/ProofComplexity/normalized-tseitin-regular-n36-d3-i1-f.cnf.gz-plain.pb.metafix.opb.xz,3
DEC-LIN/normalized-PB15eval/ProofComplexity-Extracted-Cardinality-Constraints/ProofComplexity/normalized-tseitin-regular-n36-d3-i1-r1.cnf.gz-plain.pb.metafix.opb.xz,3
DEC-LIN/normalized-PB15eval/ProofComplexity-Extracted-Cardinality-Constraints/ProofComplexity/normalized-tseitin-regular-n36-d3-i1-r2.cnf.gz-plain.pb.metafix.opb.xz,3
DEC-LIN/normalized-PB15eval/ProofComplexity-Extracted-Cardinality-Constraints/ProofComplexity/normalized-tseitin-regular-n36-d3-i2-f.cnf.gz-plain.pb.metafix.opb.xz,3
DEC-LIN/normalized-PB15eval/ProofComplexity-Extracted-Cardinality-Constraints/ProofComplexity/normalized-tseitin-regular-n36-d3-i2-r1.cnf.gz-plain.pb.metafix.opb.xz,3
DEC-LIN/normalized-PB15eval/ProofComplexity-Extracted-Cardinality-Constraints/ProofComplexity/normalized-tseitin-regular-n36-d3-i2-r2.cnf.gz-plain.pb.metafix.opb.xz,3
DEC-LIN/normalized-PB15eval/ProofComplexity-Extracted-Cardinality-Constraints/ProofComplexity/normalized-tseitin-regular-n36-d3-i3-r2.cnf.gz-plain.pb.metafix.opb.xz,3
DEC-LIN/normalized-PB15eval/ProofComplexity-Extracted-Cardinality-Constraints/ProofComplexity/normalized-tseitin-regular-n38-d3-i1-f.cnf.gz-plain.pb.metafix.opb.xz,3
DEC-LIN/normalized-PB15eval/ProofComplexity-Extracted-Cardinality-Constraints/ProofComplexity/normalized-tseitin-regular-n38-d3-i1-r2.cnf.gz-plain.pb.metafix.opb.xz,3
DEC-LIN/normalized-PB15eval/ProofComplexity-Extracted-Cardinality-Constraints/ProofComplexity/normalized-tseitin-regular-n38-d3-i2-f.cnf.gz-plain.pb.metafix.opb.xz,3
DEC-LIN/normalized-PB15eval/ProofComplexity-Extracted-Cardinality-Constraints/ProofComplexity/normalized-tseitin-regular-n38-d3-i2-r1.cnf.gz-plain.pb.metafix.opb.xz,3
DEC-LIN/normalized-PB15eval/ProofComplexity-Extracted-Cardinality-Constraints/ProofComplexity/normalized-tseitin-regular-n38-d3-i3-f.cnf.gz-plain.pb.metafix.opb.xz,3
DEC-LIN/normalized-PB15eval/ProofComplexity-Extracted-Cardinality-Constraints/ProofComplexity/normalized-tseitin-regular-n38-d3-i3-r1.cnf.gz-plain.pb.metafix.opb.xz,3
DEC-LIN/normalized-PB15eval/ProofComplexity-Extracted-Cardinality-Constraints/ProofComplexity/normalized-tseitin-regular-n38-d3-i3-r2.cnf.gz-plain.pb.metafix.opb.xz,3
DEC-LIN/normalized-PB15eval/ProofComplexity-Extracted-Cardinality-Constraints/ProofComplexity/normalized-tseitin-regular-n40-d3-i1-f.cnf.gz-plain.pb.metafix.opb.xz,3
DEC-LIN/normalized-PB15eval/ProofComplexity-Extracted-Cardinality-Constraints/ProofComplexity/normalized-tseitin-regular-n40-d3-i1-r1.cnf.gz-plain.pb.metafix.opb.xz,3
DEC-LIN/normalized-PB15eval/ProofComplexity-Extracted-Cardinality-Constraints/ProofComplexity/normalized-tseitin-regular-n40-d3-i2-f.cnf.gz-plain.pb.metafix.opb.xz,3
DEC-LIN/normalized-PB15eval/ProofComplexity-Extracted-Cardinality-Constraints/ProofComplexity/normalized-tseitin-regular-n40-d3-i2-r1.cnf.gz-plain.pb.metafix.opb.xz,3
DEC-LIN/normalized-PB15eval/ProofComplexity-Extracted-Cardinality-Constraints/ProofComplexity/normalized-tseitin-regular-n40-d3-i2-r2.cnf.gz-plain.pb.metafix.opb.xz,3
DEC-LIN/normalized-PB15eval/ProofComplexity-Extracted-Cardinality-Constraints/ProofComplexity/normalized-tseitin-regular-n40-d3-i3-f.cnf.gz-plain.pb.metafix.opb.xz,3
DEC-LIN/normalized-PB15eval/ProofComplexity-Extracted-Cardinality-Constraints/ProofComplexity/normalized-tseitin-regular-n40-d3-i3-r1.cnf.gz-plain.pb.metafix.opb.xz,3
DEC-LIN/normalized-PB15eval/ProofComplexity-Extracted-Cardinality-Constraints/ProofComplexity/normalized-tseitin-regular-n40-d3-i3-r2.cnf.gz-plain.pb.metafix.opb.xz,3
DEC-LIN/normalized-PB15eval/ProofComplexity-Extracted-Cardinality-Constraints/ProofComplexity/normalized-tseitin-regular-n42-d3-i1-f.cnf.gz-plain.pb.metafix.opb.xz,3
DEC-LIN/normalized-PB15eval/ProofComplexity-Extracted-Cardinality-Constraints/ProofComplexity/normalized-tseitin-regular-n42-d3-i1-r1.cnf.gz-plain.pb.metafix.opb.xz,3
DEC-LIN/normalized-PB15eval/ProofComplexity-Extracted-Cardinality-Constraints/ProofComplexity/normalized-tseitin-regular-n42-d3-i1-r2.cnf.gz-plain.pb.metafix.opb.xz,3
DEC-LIN/normalized-PB15eval/ProofComplexity-Extracted-Cardinality-Constraints/ProofComplexity/normalized-tseitin-regular-n42-d3-i2-f.cnf.gz-plain.pb.metafix.opb.xz,3
DEC-LIN/normalized-PB15eval/ProofComplexity-Extracted-Cardinality-Constraints/ProofComplexity/normalized-tseitin-regular-n42-d3-i2-r1.cnf.gz-plain.pb.metafix.opb.xz,3
DEC-LIN/normalized-PB15eval/ProofComplexity-Extracted-Cardinality-Constraints/ProofComplexity/normalized-tseitin-regular-n42-d3-i2-r2.cnf.gz-plain.pb.metafix.opb.xz,3
DEC-LIN/normalized-PB15eval/ProofComplexity-Extracted-Cardinality-Constraints/ProofComplexity/normalized-tseitin-regular-n42-d3-i3-f.cnf.gz-plain.pb.metafix.opb.xz,3
DEC-LIN/normalized-PB15eval/ProofComplexity-Extracted-Cardinality-Constraints/ProofComplexity/normalized-tseitin-regular-n42-d3-i3-r1.cnf.gz-plain.pb.metafix.opb.xz,3
DEC-LIN/normalized-PB15eval/ProofComplexity-Extracted-Cardinality-Constraints/ProofComplexity/normalized-tseitin-regular-n44-d3-i1-f.cnf.gz-plain.pb.metafix.opb.xz,3
DEC-LIN/normalized-PB15eval/ProofComplexity-Extracted-Cardinality-Constraints/ProofComplexity/normalized-tseitin-regular-n44-d3-i1-r1.cnf.gz-plain.pb.metafix.opb.xz,3
DEC-LIN/normalized-PB15eval/ProofComplexity-Extracted-Cardinality-Constraints/ProofComplexity/normalized-tseitin-regular-n44-d3-i2-f.cnf.gz-plain.pb.metafix.opb.xz,3
DEC-LIN/normalized-PB15eval/ProofComplexity-Extracted-Cardinality-Constraints/ProofComplexity/normalized-tseitin-regular-n44-d3-i2-r2.cnf.gz-plain.pb.metafix.opb.xz,3
DEC-LIN/normalized-PB15eval/ProofComplexity-Extracted-Cardinality-Constraints/ProofComplexity/normalized-tseitin-regular-n44-d3-i3-f.cnf.gz-plain.pb.metafix.opb.xz,3
DEC-LIN/normalized-PB15eval/ProofComplexity-Extracted-Cardinality-Constraints/ProofComplexity/normalized-tseitin-regular-n44-d3-i3-r1.cnf.gz-plain.pb.metafix.opb.xz,3
DEC-LIN/normalized-PB15eval/ProofComplexity-Extracted-Cardinality-Constraints/ProofComplexity/normalized-tseitin-regular-n44-d3-i3-r2.cnf.gz-plain.pb.metafix.opb.xz,3
DEC-LIN/normalized-PB15eval/ProofComplexity-Extracted-Cardinality-Constraints/ProofComplexity/normalized-tseitin-regular-n46-d3-i1-f.cnf.gz-plain.pb.metafix.opb.xz,3
DEC-LIN/normalized-PB15eval/ProofComplexity-Extracted-Cardinality-Constraints/ProofComplexity/normalized-tseitin-regular-n46-d3-i1-r1.cnf.gz-plain.pb.metafix.opb.xz,3
DEC-LIN/normalized-PB15eval/ProofComplexity-Extracted-Cardinality-Constraints/ProofComplexity/normalized-tseitin-regular-n46-d3-i1-r2.cnf.gz-plain.pb.metafix.opb.xz,3
DEC-LIN/normalized-PB15eval/ProofComplexity-Extracted-Cardinality-Constraints/ProofComplexity/normalized-tseitin-regular-n46-d3-i2-r1.cnf.gz-plain.pb.metafix.opb.xz,3
DEC-LIN/normalized-PB15eval/ProofComplexity-Extracted-Cardinality-Constraints/ProofComplexity/normalized-tseitin-regular-n46-d3-i2-r2.cnf.gz-plain.pb.metafix.opb.xz,3
DEC-LIN/normalized-PB15eval/ProofComplexity-Extracted-Cardinality-Constraints/ProofComplexity/normalized-tseitin-regular-n46-d3-i3-f.cnf.gz-plain.pb.metafix.opb.xz,3
DEC-LIN/normalized-PB15eval/ProofComplexity-Extracted-Cardinality-Constraints/ProofComplexity/normalized-tseitin-regular-n46-d3-i3-r1.cnf.gz-plain.pb.metafix.opb.xz,3
DEC-LIN/normalized-PB15eval/ProofComplexity-Extracted-Cardinality-Constraints/ProofComplexity/normalized-tseitin-regular-n46-d3-i3-r2.cnf.gz-plain.pb.metafix.opb.xz,3
DEC-LIN/normalized-PB15eval/ProofComplexity-Extracted-Cardinality-Constraints/ProofComplexity/normalized-tseitin-regular-n48-d3-i1-f.cnf.gz-plain.pb.metafix.opb.xz,3
DEC-LIN/normalized-PB15eval/ProofComplexity-Extracted-Cardinality-Constraints/ProofComplexity/normalized-tseitin-regular-n48-d3-i1-r1.cnf.gz-plain.pb.metafix.opb.xz,3
DEC-LIN/normalized-PB15eval/ProofComplexity-Extracted-Cardinality-Constraints/ProofComplexity/normalized-tseitin-regular-n48-d3-i1-r2.cnf.gz-plain.pb.metafix.opb.xz,3
DEC-LIN/normalized-PB15eval/ProofComplexity-Extracted-Cardinality-Constraints/ProofComplexity/normalized-tseitin-regular-n48-d3-i2-f.cnf.gz-plain.pb.metafix.opb.xz,3
DEC-LIN/normalized-PB15eval/ProofComplexity-Extracted-Cardinality-Constraints/ProofComplexity/normalized-tseitin-regular-n48-d3-i2-r1.cnf.gz-plain.pb.metafix.opb.xz,3
DEC-LIN/normalized-PB15eval/ProofComplexity-Extracted-Cardinality-Constraints/ProofComplexity/normalized-tseitin-regular-n48-d3-i2-r2.cnf.gz-plain.pb.metafix.opb.xz,3
DEC-LIN/normalized-PB15eval/ProofComplexity-Extracted-Cardinality-Constraints/ProofComplexity/normalized-tseitin-regular-n48-d3-i3-f.cnf.gz-plain.pb.metafix.opb.xz,3
DEC-LIN/normalized-PB15eval/ProofComplexity-Extracted-Cardinality-Constraints/ProofComplexity/normalized-tseitin-regular-n48-d3-i3-r2.cnf.gz-plain.pb.metafix.opb.xz,3
DEC-LIN/normalized-PB15eval/ProofComplexity-Extracted-Cardinality-Constraints/ProofComplexity/normalized-tseitin-regular-n50-d3-i1-f.cnf.gz-plain.pb.metafix.opb.xz,3
DEC-LIN/normalized-PB15eval/ProofComplexity-Extracted-Cardinality-Constraints/ProofComplexity/normalized-tseitin-regular-n50-d3-i1-r1.cnf.gz-plain.pb.metafix.opb.xz,3
DEC-LIN/normalized-PB15eval/ProofComplexity-Extracted-Cardinality-Constraints/ProofComplexity/normalized-tseitin-regular-n50-d3-i1-r2.cnf.gz-plain.pb.metafix.opb.xz,3
DEC-LIN/normalized-PB15eval/ProofComplexity-Extracted-Cardinality-Constraints/ProofComplexity/normalized-tseitin-regular-n50-d3-i2-f.cnf.gz-plain.pb.metafix.opb.xz,3
DEC-LIN/normalized-PB15eval/ProofComplexity-Extracted-Cardinality-Constraints/ProofComplexity/normalized-tseitin-regular-n50-d3-i2-r1.cnf.gz-plain.pb.metafix.opb.xz,3
DEC-LIN/normalized-PB15eval/ProofComplexity-Extracted-Cardinality-Constraints/ProofComplexity/normalized-tseitin-regular-n50-d3-i2-r2.cnf.gz-plain.pb.metafix.opb.xz,3
DEC-LIN/normalized-PB15eval/ProofComplexity-Extracted-Cardinality-Constraints/ProofComplexity/normalized-tseitin-regular-n50-d3-i3-r2.cnf.gz-plain.pb.metafix.opb.xz,3
DEC-LIN/normalized-PB15eval/ProofComplexity-Extracted-Cardinality-Constraints/ProofComplexity/normalized-tseitin-regular-n52-d3-i1-f.cnf.gz-plain.pb.metafix.opb.xz,3
DEC-LIN/normalized-PB15eval/ProofComplexity-Extracted-Cardinality-Constraints/ProofComplexity/normalized-tseitin-regular-n52-d3-i1-r1.cnf.gz-plain.pb.metafix.opb.xz,3
DEC-LIN/normalized-PB15eval/ProofComplexity-Extracted-Cardinality-Constraints/ProofComplexity/normalized-tseitin-regular-n52-d3-i1-r2.cnf.gz-plain.pb.metafix.opb.xz,3
DEC-LIN/normalized-PB15eval/ProofComplexity-Extracted-Cardinality-Constraints/ProofComplexity/normalized-tseitin-regular-n52-d3-i2-f.cnf.gz-plain.pb.metafix.opb.xz,3
DEC-LIN/normalized-PB15eval/ProofComplexity-Extracted-Cardinality-Constraints/ProofComplexity/normalized-tseitin-regular-n52-d3-i2-r1.cnf.gz-plain.pb.metafix.opb.xz,3
DEC-LIN/normalized-PB15eval/ProofComplexity-Extracted-Cardinality-Constraints/ProofComplexity/normalized-tseitin-regular-n52-d3-i2-r2.cnf.gz-plain.pb.metafix.opb.xz,3
DEC-LIN/normalized-PB15eval/ProofComplexity-Extracted-Cardinality-Constraints/ProofComplexity/normalized-tseitin-regular-n52-d3-i3-f.cnf.gz-plain.pb.metafix.opb.xz,3
DEC-LIN/normalized-PB15eval/ProofComplexity-Extracted-Cardinality-Constraints/ProofComplexity/normalized-tseitin-regular-n52-d3-i3-r1.cnf.gz-plain.pb.metafix.opb.xz,3
DEC-LIN/normalized-PB15eval/ProofComplexity-Extracted-Cardinality-Constraints/ProofComplexity/normalized-tseitin-regular-n52-d3-i3-r2.cnf.gz-plain.pb.metafix.opb.xz,3
DEC-LIN/normalized-PB15eval/ProofComplexity-Extracted-Cardinality-Constraints/ProofComplexity/normalized-tseitin-regular-n54-d3-i1-r1.cnf.gz-plain.pb.metafix.opb.xz,3
DEC-LIN/normalized-PB15eval/ProofComplexity-Extracted-Cardinality-Constraints/ProofComplexity/normalized-tseitin-regular-n54-d3-i2-f.cnf.gz-plain.pb.metafix.opb.xz,3
DEC-LIN/normalized-PB15eval/ProofComplexity-Extracted-Cardinality-Constraints/ProofComplexity/normalized-tseitin-regular-n54-d3-i2-r1.cnf.gz-plain.pb.metafix.opb.xz,3
DEC-LIN/normalized-PB15eval/ProofComplexity-Extracted-Cardinality-Constraints/ProofComplexity/normalized-tseitin-regular-n54-d3-i2-r2.cnf.gz-plain.pb.metafix.opb.xz,3
DEC-LIN/normalized-PB15eval/ProofComplexity-Extracted-Cardinality-Constraints/ProofComplexity/normalized-tseitin-regular-n54-d3-i3-f.cnf.gz-plain.pb.metafix.opb.xz,3
DEC-LIN/normalized-PB15eval/ProofComplexity-Extracted-Cardinality-Constraints/ProofComplexity/normalized-tseitin-regular-n56-d3-i1-f.cnf.gz-plain.pb.metafix.opb.xz,3
DEC-LIN/normalized-PB15eval/ProofComplexity-Extracted-Cardinality-Constraints/ProofComplexity/normalized-tseitin-regular-n56-d3-i1-r1.cnf.gz-plain.pb.metafix.opb.xz,3
DEC-LIN/normalized-PB15eval/ProofComplexity-Extracted-Cardinality-Constraints/ProofComplexity/normalized-tseitin-regular-n56-d3-i1-r2.cnf.gz-plain.pb.metafix.opb.xz,3
DEC-LIN/normalized-PB15eval/ProofComplexity-Extracted-Cardinality-Constraints/ProofComplexity/normalized-tseitin-regular-n56-d3-i2-r1.cnf.gz-plain.pb.metafix.opb.xz,3
DEC-LIN/normalized-PB15eval/ProofComplexity-Extracted-Cardinality-Constraints/ProofComplexity/normalized-tseitin-regular-n56-d3-i2-r2.cnf.gz-plain.pb.metafix.opb.xz,3
DEC-LIN/normalized-PB15eval/ProofComplexity-Extracted-Cardinality-Constraints/ProofComplexity/normalized-tseitin-regular-n56-d3-i3-r1.cnf.gz-plain.pb.metafix.opb.xz,3
DEC-LIN/normalized-PB15eval/ProofComplexity-Extracted-Cardinality-Constraints/ProofComplexity/normalized-tseitin-regular-n56-d3-i3-r2.cnf.gz-plain.pb.metafix.opb.xz,3
DEC-LIN/normalized-PB15eval/ProofComplexity-Extracted-Cardinality-Constraints/ProofComplexity/normalized-tseitin-regular-n58-d3-i1-f.cnf.gz-plain.pb.metafix.opb.xz,3
DEC-LIN/normalized-PB15eval/ProofComplexity-Extracted-Cardinality-Constraints/ProofComplexity/normalized-tseitin-regular-n58-d3-i1-r1.cnf.gz-plain.pb.metafix.opb.xz,3
DEC-LIN/normalized-PB15eval/ProofComplexity-Extracted-Cardinality-Constraints/ProofComplexity/normalized-tseitin-regular-n58-d3-i1-r2.cnf.gz-plain.pb.metafix.opb.xz,3
DEC-LIN/normalized-PB15eval/ProofComplexity-Extracted-Cardinality-Constraints/ProofComplexity/normalized-tseitin-regular-n58-d3-i2-f.cnf.gz-plain.pb.metafix.opb.xz,3
DEC-LIN/normalized-PB15eval/ProofComplexity-Extracted-Cardinality-Constraints/ProofComplexity/normalized-tseitin-regular-n58-d3-i2-r1.cnf.gz-plain.pb.metafix.opb.xz,3
DEC-LIN/normalized-PB15eval/ProofComplexity-Extracted-Cardinality-Constraints/ProofComplexity/normalized-tseitin-regular-n58-d3-i3-f.cnf.gz-plain.pb.metafix.opb.xz,3
DEC-LIN/normalized-PB15eval/ProofComplexity-Extracted-Cardinality-Constraints/ProofComplexity/normalized-tseitin-regular-n58-d3-i3-r2.cnf.gz-plain.pb.metafix.opb.xz,3
DEC-LIN/normalized-PB15eval/ProofComplexity-Extracted-Cardinality-Constraints/ProofComplexity/normalized-tseitin-regular-n60-d3-i1-f.cnf.gz-plain.pb.metafix.opb.xz,3
DEC-LIN/normalized-PB15eval/ProofComplexity-Extracted-Cardinality-Constraints/ProofComplexity/normalized-tseitin-regular-n60-d3-i1-r2.cnf.gz-plain.pb.metafix.opb.xz,3
DEC-LIN/normalized-PB15eval/ProofComplexity-Extracted-Cardinality-Constraints/ProofComplexity/normalized-tseitin-regular-n60-d3-i2-f.cnf.gz-plain.pb.metafix.opb.xz,3
DEC-LIN/normalized-PB15eval/ProofComplexity-Extracted-Cardinality-Constraints/ProofComplexity/normalized-tseitin-regular-n60-d3-i2-r1.cnf.gz-plain.pb.metafix.opb.xz,3
DEC-LIN/normalized-PB15eval/ProofComplexity-Extracted-Cardinality-Constraints/ProofComplexity/normalized-tseitin-regular-n60-d3-i2-r2.cnf.gz-plain.pb.metafix.opb.xz,3
DEC-LIN/normalized-PB15eval/ProofComplexity-Extracted-Cardinality-Constraints/ProofComplexity/normalized-tseitin-regular-n60-d3-i3-f.cnf.gz-plain.pb.metafix.opb.xz,3
DEC-LIN/normalized-PB15eval/ProofComplexity-Extracted-Cardinality-Constraints/ProofComplexity/normalized-tseitin-regular-n60-d3-i3-r1.cnf.gz-plain.pb.metafix.opb.xz,3
DEC-LIN/normalized-PB15eval/ProofComplexity-Extracted-Cardinality-Constraints/ProofComplexity/normalized-tseitin-regular-n62-d3-i1-r2.cnf.gz-plain.pb.metafix.opb.xz,3
DEC-LIN/normalized-PB15eval/ProofComplexity-Extracted-Cardinality-Constraints/ProofComplexity/normalized-tseitin-regular-n62-d3-i2-r1.cnf.gz-plain.pb.metafix.opb.xz,3
DEC-LIN/normalized-PB15eval/ProofComplexity-Extracted-Cardinality-Constraints/ProofComplexity/normalized-tseitin-regular-n62-d3-i2-r2.cnf.gz-plain.pb.metafix.opb.xz,3
DEC-LIN/normalized-PB15eval/ProofComplexity-Extracted-Cardinality-Constraints/ProofComplexity/normalized-tseitin-regular-n62-d3-i3-f.cnf.gz-plain.pb.metafix.opb.xz,3
DEC-LIN/normalized-PB15eval/ProofComplexity-Extracted-Cardinality-Constraints/ProofComplexity/normalized-tseitin-regular-n62-d3-i3-r1.cnf.gz-plain.pb.metafix.opb.xz,3
DEC-LIN/normalized-PB15eval/ProofComplexity-Extracted-Cardinality-Constraints/ProofComplexity/normalized-tseitin-regular-n62-d3-i3-r2.cnf.gz-plain.pb.metafix.opb.xz,3
DEC-LIN/normalized-PB15eval/ProofComplexity-Extracted-Cardinality-Constraints/ProofComplexity/normalized-tseitin-regular-n64-d3-i1-f.cnf.gz-plain.pb.metafix.opb.xz,3
DEC-LIN/normalized-PB15eval/ProofComplexity-Extracted-Cardinality-Constraints/ProofComplexity/normalized-tseitin-regular-n64-d3-i1-r1.cnf.gz-plain.pb.metafix.opb.xz,3
DEC-LIN/normalized-PB15eval/ProofComplexity-Extracted-Cardinality-Constraints/ProofComplexity/normalized-tseitin-regular-n64-d3-i1-r2.cnf.gz-plain.pb.metafix.opb.xz,3
DEC-LIN/normalized-PB15eval/ProofComplexity-Extracted-Cardinality-Constraints/ProofComplexity/normalized-tseitin-regular-n64-d3-i2-f.cnf.gz-plain.pb.metafix.opb.xz,3
DEC-LIN/normalized-PB15eval/ProofComplexity-Extracted-Cardinality-Constraints/ProofComplexity/normalized-tseitin-regular-n64-d3-i2-r2.cnf.gz-plain.pb.metafix.opb.xz,3
DEC-LIN/normalized-PB15eval/ProofComplexity-Extracted-Cardinality-Constraints/ProofComplexity/normalized-tseitin-regular-n64-d3-i3-r1.cnf.gz-plain.pb.metafix.opb.xz,3
DEC-LIN/normalized-PB15eval/ProofComplexity-Extracted-Cardinality-Constraints/ProofComplexity/normalized-tseitin-regular-n64-d3-i3-r2.cnf.gz-plain.pb.metafix.opb.xz,3
DEC-LIN/normalized-PB15eval/ProofComplexity-Extracted-Cardinality-Constraints/ProofComplexity/normalized-tseitin-regular-n66-d3-i1-f.cnf.gz-plain.pb.metafix.opb.xz,3
DEC-LIN/normalized-PB15eval/ProofComplexity-Extracted-Cardinality-Constraints/ProofComplexity/normalized-tseitin-regular-n66-d3-i1-r1.cnf.gz-plain.pb.metafix.opb.xz,3
DEC-LIN/normalized-PB15eval/ProofComplexity-Extracted-Cardinality-Constraints/ProofComplexity/normalized-tseitin-regular-n66-d3-i2-f.cnf.gz-plain.pb.metafix.opb.xz,3
DEC-LIN/normalized-PB15eval/ProofComplexity-Extracted-Cardinality-Constraints/ProofComplexity/normalized-tseitin-regular-n66-d3-i2-r1.cnf.gz-plain.pb.metafix.opb.xz,3
DEC-LIN/normalized-PB15eval/ProofComplexity-Extracted-Cardinality-Constraints/ProofComplexity/normalized-tseitin-regular-n66-d3-i3-f.cnf.gz-plain.pb.metafix.opb.xz,3
DEC-LIN/normalized-PB15eval/ProofComplexity-Extracted-Cardinality-Constraints/ProofComplexity/normalized-tseitin-regular-n66-d3-i3-r1.cnf.gz-plain.pb.metafix.opb.xz,3
DEC-LIN/normalized-PB15eval/ProofComplexity-Extracted-Cardinality-Constraints/ProofComplexity/normalized-tseitin-regular-n68-d3-i1-f.cnf.gz-plain.pb.metafix.opb.xz,3
DEC-LIN/normalized-PB15eval/ProofComplexity-Extracted-Cardinality-Constraints/ProofComplexity/normalized-tseitin-regular-n68-d3-i1-r2.cnf.gz-plain.pb.metafix.opb.xz,3
DEC-LIN/normalized-PB15eval/ProofComplexity-Extracted-Cardinality-Constraints/ProofComplexity/normalized-tseitin-regular-n68-d3-i2-f.cnf.gz-plain.pb.metafix.opb.xz,3
DEC-LIN/normalized-PB15eval/ProofComplexity-Extracted-Cardinality-Constraints/ProofComplexity/normalized-tseitin-regular-n68-d3-i2-r1.cnf.gz-plain.pb.metafix.opb.xz,3
DEC-LIN/normalized-PB15eval/ProofComplexity-Extracted-Cardinality-Constraints/ProofComplexity/normalized-tseitin-regular-n68-d3-i2-r2.cnf.gz-plain.pb.metafix.opb.xz,3
DEC-LIN/normalized-PB15eval/ProofComplexity-Extracted-Cardinality-Constraints/ProofComplexity/normalized-tseitin-regular-n68-d3-i3-f.cnf.gz-plain.pb.metafix.opb.xz,3
DEC-LIN/normalized-PB15eval/ProofComplexity-Extracted-Cardinality-Constraints/ProofComplexity/normalized-tseitin-regular-n68-d3-i3-r1.cnf.gz-plain.pb.metafix.opb.xz,3
DEC-LIN/normalized-PB15eval/ProofComplexity-Extracted-Cardinality-Constraints/ProofComplexity/normalized-tseitin-regular-n68-d3-i3-r2.cnf.gz-plain.pb.metafix.opb.xz,3
DEC-LIN/normalized-PB15eval/ProofComplexity-Extracted-Cardinality-Constraints/ProofComplexity/normalized-tseitin-regular-n70-d3-i1-f.cnf.gz-plain.pb.metafix.opb.xz,3
DEC-LIN/normalized-PB15eval/ProofComplexity-Extracted-Cardinality-Constraints/ProofComplexity/normalized-tseitin-regular-n70-d3-i1-r1.cnf.gz-plain.pb.metafix.opb.xz,3
DEC-LIN/normalized-PB15eval/ProofComplexity-Extracted-Cardinality-Constraints/ProofComplexity/normalized-tseitin-regular-n70-d3-i1-r2.cnf.gz-plain.pb.metafix.opb.xz,3
DEC-LIN/normalized-PB15eval/ProofComplexity-Extracted-Cardinality-Constraints/ProofComplexity/normalized-tseitin-regular-n70-d3-i2-f.cnf.gz-plain.pb.metafix.opb.xz,3
DEC-LIN/normalized-PB15eval/ProofComplexity-Extracted-Cardinality-Constraints/ProofComplexity/normalized-tseitin-regular-n70-d3-i2-r1.cnf.gz-plain.pb.metafix.opb.xz,3
DEC-LIN/normalized-PB15eval/ProofComplexity-Extracted-Cardinality-Constraints/ProofComplexity/normalized-tseitin-regular-n70-d3-i2-r2.cnf.gz-plain.pb.metafix.opb.xz,3
DEC-LIN/normalized-PB15eval/ProofComplexity-Extracted-Cardinality-Constraints/ProofComplexity/normalized-tseitin-regular-n70-d3-i3-f.cnf.gz-plain.pb.metafix.opb.xz,3
DEC-LIN/normalized-PB15eval/ProofComplexity-Extracted-Cardinality-Constraints/ProofComplexity/normalized-tseitin-regular-n70-d3-i3-r1.cnf.gz-plain.pb.metafix.opb.xz,3
DEC-LIN/normalized-PB15eval/ProofComplexity-Extracted-Cardinality-Constraints/ProofComplexity/normalized-tseitin-regular-n70-d3-i3-r2.cnf.gz-plain.pb.metafix.opb.xz,3
DEC-LIN/normalized-PB15eval/ProofComplexity-Extracted-Cardinality-Constraints/ProofComplexity/normalized-tseitin-regular-n72-d3-i1-f.cnf.gz-plain.pb.metafix.opb.xz,3
DEC-LIN/normalized-PB15eval/ProofComplexity-Extracted-Cardinality-Constraints/ProofComplexity/normalized-tseitin-regular-n72-d3-i1-r1.cnf.gz-plain.pb.metafix.opb.xz,3
DEC-LIN/normalized-PB15eval/ProofComplexity-Extracted-Cardinality-Constraints/ProofComplexity/normalized-tseitin-regular-n72-d3-i1-r2.cnf.gz-plain.pb.metafix.opb.xz,3
DEC-LIN/normalized-PB15eval/ProofComplexity-Extracted-Cardinality-Constraints/ProofComplexity/normalized-tseitin-regular-n72-d3-i2-f.cnf.gz-plain.pb.metafix.opb.xz,3
DEC-LIN/normalized-PB15eval/ProofComplexity-Extracted-Cardinality-Constraints/ProofComplexity/normalized-tseitin-regular-n72-d3-i2-r1.cnf.gz-plain.pb.metafix.opb.xz,3
DEC-LIN/normalized-PB15eval/ProofComplexity-Extracted-Cardinality-Constraints/ProofComplexity/normalized-tseitin-regular-n72-d3-i3-f.cnf.gz-plain.pb.metafix.opb.xz,3
DEC-LIN/normalized-PB15eval/ProofComplexity-Extracted-Cardinality-Constraints/ProofComplexity/normalized-tseitin-regular-n72-d3-i3-r1.cnf.gz-plain.pb.metafix.opb.xz,3
DEC-LIN/normalized-PB15eval/ProofComplexity-Extracted-Cardinality-Constraints/ProofComplexity/normalized-tseitin-regular-n74-d3-i1-f.cnf.gz-plain.pb.metafix.opb.xz,3
DEC-LIN/normalized-PB15eval/ProofComplexity-Extracted-Cardinality-Constraints/ProofComplexity/normalized-tseitin-regular-n74-d3-i1-r1.cnf.gz-plain.pb.metafix.opb.xz,3
DEC-LIN/normalized-PB15eval/ProofComplexity-Extracted-Cardinality-Constraints/ProofComplexity/normalized-tseitin-regular-n74-d3-i1-r2.cnf.gz-plain.pb.metafix.opb.xz,3
DEC-LIN/normalized-PB15eval/ProofComplexity-Extracted-Cardinality-Constraints/ProofComplexity/normalized-tseitin-regular-n74-d3-i2-f.cnf.gz-plain.pb.metafix.opb.xz,3
DEC-LIN/normalized-PB15eval/ProofComplexity-Extracted-Cardinality-Constraints/ProofComplexity/normalized-tseitin-regular-n74-d3-i3-f.cnf.gz-plain.pb.metafix.opb.xz,3
DEC-LIN/normalized-PB15eval/ProofComplexity-Extracted-Cardinality-Constraints/ProofComplexity/normalized-tseitin-regular-n74-d3-i3-r1.cnf.gz-plain.pb.metafix.opb.xz,3
DEC-LIN/normalized-PB15eval/ProofComplexity-Extracted-Cardinality-Constraints/ProofComplexity/normalized-tseitin-regular-n74-d3-i3-r2.cnf.gz-plain.pb.metafix.opb.xz,3
DEC-LIN/normalized-PB15eval/ProofComplexity-Extracted-Cardinality-Constraints/ProofComplexity/normalized-tseitin-regular-n76-d3-i1-r1.cnf.gz-plain.pb.metafix.opb.xz,3
DEC-LIN/normalized-PB15eval/ProofComplexity-Extracted-Cardinality-Constraints/ProofComplexity/normalized-tseitin-regular-n76-d3-i1-r2.cnf.gz-plain.pb.metafix.opb.xz,3
DEC-LIN/normalized-PB15eval/ProofComplexity-Extracted-Cardinality-Constraints/ProofComplexity/normalized-tseitin-regular-n76-d3-i2-f.cnf.gz-plain.pb.metafix.opb.xz,3
DEC-LIN/normalized-PB15eval/ProofComplexity-Extracted-Cardinality-Constraints/ProofComplexity/normalized-tseitin-regular-n76-d3-i2-r1.cnf.gz-plain.pb.metafix.opb.xz,3
DEC-LIN/normalized-PB15eval/ProofComplexity-Extracted-Cardinality-Constraints/ProofComplexity/normalized-tseitin-regular-n76-d3-i2-r2.cnf.gz-plain.pb.metafix.opb.xz,3
DEC-LIN/normalized-PB15eval/ProofComplexity-Extracted-Cardinality-Constraints/ProofComplexity/normalized-tseitin-regular-n76-d3-i3-f.cnf.gz-plain.pb.metafix.opb.xz,3
DEC-LIN/normalized-PB15eval/ProofComplexity-Extracted-Cardinality-Constraints/ProofComplexity/normalized-tseitin-regular-n76-d3-i3-r2.cnf.gz-plain.pb.metafix.opb.xz,3
DEC-LIN/normalized-PB15eval/ProofComplexity-Extracted-Cardinality-Constraints/ProofComplexity/normalized-tseitin-regular-n78-d3-i1-f.cnf.gz-plain.pb.metafix.opb.xz,3
DEC-LIN/normalized-PB15eval/ProofComplexity-Extracted-Cardinality-Constraints/ProofComplexity/normalized-tseitin-regular-n78-d3-i1-r1.cnf.gz-plain.pb.metafix.opb.xz,3
DEC-LIN/normalized-PB15eval/ProofComplexity-Extracted-Cardinality-Constraints/ProofComplexity/normalized-tseitin-regular-n78-d3-i1-r2.cnf.gz-plain.pb.metafix.opb.xz,3
DEC-LIN/normalized-PB15eval/ProofComplexity-Extracted-Cardinality-Constraints/ProofComplexity/normalized-tseitin-regular-n78-d3-i2-f.cnf.gz-plain.pb.metafix.opb.xz,3
DEC-LIN/normalized-PB15eval/ProofComplexity-Extracted-Cardinality-Constraints/ProofComplexity/normalized-tseitin-regular-n78-d3-i2-r1.cnf.gz-plain.pb.metafix.opb.xz,3
DEC-LIN/normalized-PB15eval/ProofComplexity-Extracted-Cardinality-Constraints/ProofComplexity/normalized-tseitin-regular-n78-d3-i2-r2.cnf.gz-plain.pb.metafix.opb.xz,3
DEC-LIN/normalized-PB15eval/ProofComplexity-Extracted-Cardinality-Constraints/ProofComplexity/normalized-tseitin-regular-n78-d3-i3-f.cnf.gz-plain.pb.metafix.opb.xz,3
DEC-LIN/normalized-PB15eval/ProofComplexity-Extracted-Cardinality-Constraints/ProofComplexity/normalized-tseitin-regular-n78-d3-i3-r1.cnf.gz-plain.pb.metafix.opb.xz,3
DEC-LIN/normalized-PB15eval/ProofComplexity-Extracted-Cardinality-Constraints/ProofComplexity/normalized-tseitin-regular-n80-d3-i1-f.cnf.gz-plain.pb.metafix.opb.xz,3
DEC-LIN/normalized-PB15eval/ProofComplexity-Extracted-Cardinality-Constraints/ProofComplexity/normalized-tseitin-regular-n80-d3-i1-r1.cnf.gz-plain.pb.metafix.opb.xz,3
DEC-LIN/normalized-PB15eval/ProofComplexity-Extracted-Cardinality-Constraints/ProofComplexity/normalized-tseitin-regular-n80-d3-i1-r2.cnf.gz-plain.pb.metafix.opb.xz,3
DEC-LIN/normalized-PB15eval/ProofComplexity-Extracted-Cardinality-Constraints/ProofComplexity/normalized-tseitin-regular-n80-d3-i2-r1.cnf.gz-plain.pb.metafix.opb.xz,3
DEC-LIN/normalized-PB15eval/ProofComplexity-Extracted-Cardinality-Constraints/ProofComplexity/normalized-tseitin-regular-n80-d3-i2-r2.cnf.gz-plain.pb.metafix.opb.xz,3
DEC-LIN/normalized-PB15eval/ProofComplexity-Extracted-Cardinality-Constraints/ProofComplexity/normalized-tseitin-regular-n80-d3-i3-f.cnf.gz-plain.pb.metafix.opb.xz,3
DEC-LIN/normalized-PB15eval/ProofComplexity-Extracted-Cardinality-Constraints/ProofComplexity/normalized-tseitin-regular-n80-d3-i3-r1.cnf.gz-plain.pb.metafix.opb.xz,3
DEC-LIN/normalized-PB15eval/ProofComplexity-Extracted-Cardinality-Constraints/ProofComplexity/normalized-tseitin-regular-n80-d3-i3-r2.cnf.gz-plain.pb.metafix.opb.xz,3
DEC-LIN/normalized-PB15eval/ProofComplexity-Extracted-Cardinality-Constraints/ProofComplexity/normalized-tseitin-regular-n82-d3-i1-f.cnf.gz-plain.pb.metafix.opb.xz,3
DEC-LIN/normalized-PB15eval/ProofComplexity-Extracted-Cardinality-Constraints/ProofComplexity/normalized-tseitin-regular-n82-d3-i1-r1.cnf.gz-plain.pb.metafix.opb.xz,3
DEC-LIN/normalized-PB15eval/ProofComplexity-Extracted-Cardinality-Constraints/ProofComplexity/normalized-tseitin-regular-n82-d3-i2-f.cnf.gz-plain.pb.metafix.opb.xz,3
DEC-LIN/normalized-PB15eval/ProofComplexity-Extracted-Cardinality-Constraints/ProofComplexity/normalized-tseitin-regular-n82-d3-i2-r1.cnf.gz-plain.pb.metafix.opb.xz,3
DEC-LIN/normalized-PB15eval/ProofComplexity-Extracted-Cardinality-Constraints/ProofComplexity/normalized-tseitin-regular-n82-d3-i3-f.cnf.gz-plain.pb.metafix.opb.xz,3
DEC-LIN/normalized-PB15eval/ProofComplexity-Extracted-Cardinality-Constraints/ProofComplexity/normalized-tseitin-regular-n82-d3-i3-r2.cnf.gz-plain.pb.metafix.opb.xz,3
DEC-LIN/normalized-PB15eval/ProofComplexity-Extracted-Cardinality-Constraints/ProofComplexity/normalized-tseitin-regular-n84-d3-i1-r1.cnf.gz-plain.pb.metafix.opb.xz,3
DEC-LIN/normalized-PB15eval/ProofComplexity-Extracted-Cardinality-Constraints/ProofComplexity/normalized-tseitin-regular-n84-d3-i1-r2.cnf.gz-plain.pb.metafix.opb.xz,3
DEC-LIN/normalized-PB15eval/ProofComplexity-Extracted-Cardinality-Constraints/ProofComplexity/normalized-tseitin-regular-n84-d3-i2-f.cnf.gz-plain.pb.metafix.opb.xz,3
DEC-LIN/normalized-PB15eval/ProofComplexity-Extracted-Cardinality-Constraints/ProofComplexity/normalized-tseitin-regular-n84-d3-i2-r1.cnf.gz-plain.pb.metafix.opb.xz,3
DEC-LIN/normalized-PB15eval/ProofComplexity-Extracted-Cardinality-Constraints/ProofComplexity/normalized-tseitin-regular-n84-d3-i2-r2.cnf.gz-plain.pb.metafix.opb.xz,3
DEC-LIN/normalized-PB15eval/ProofComplexity-Extracted-Cardinality-Constraints/ProofComplexity/normalized-tseitin-regular-n84-d3-i3-f.cnf.gz-plain.pb.metafix.opb.xz,3
DEC-LIN/normalized-PB15eval/ProofComplexity-Extracted-Cardinality-Constraints/ProofComplexity/normalized-tseitin-regular-n84-d3-i3-r1.cnf.gz-plain.pb.metafix.opb.xz,3
DEC-LIN/normalized-PB15eval/ProofComplexity-Extracted-Cardinality-Constraints/ProofComplexity/normalized-tseitin-regular-n84-d3-i3-r2.cnf.gz-plain.pb.metafix.opb.xz,3
DEC-LIN/normalized-PB15eval/ProofComplexity-Extracted-Cardinality-Constraints/ProofComplexity/normalized-tseitin-regular-n86-d3-i1-f.cnf.gz-plain.pb.metafix.opb.xz,3
DEC-LIN/normalized-PB15eval/ProofComplexity-Extracted-Cardinality-Constraints/ProofComplexity/normalized-tseitin-regular-n86-d3-i1-r2.cnf.gz-plain.pb.metafix.opb.xz,3
DEC-LIN/normalized-PB15eval/ProofComplexity-Extracted-Cardinality-Constraints/ProofComplexity/normalized-tseitin-regular-n86-d3-i2-f.cnf.gz-plain.pb.metafix.opb.xz,3
DEC-LIN/normalized-PB15eval/ProofComplexity-Extracted-Cardinality-Constraints/ProofComplexity/normalized-tseitin-regular-n86-d3-i3-r1.cnf.gz-plain.pb.metafix.opb.xz,3
DEC-LIN/normalized-PB15eval/ProofComplexity-Extracted-Cardinality-Constraints/ProofComplexity/normalized-tseitin-regular-n86-d3-i3-r2.cnf.gz-plain.pb.metafix.opb.xz,3
DEC-LIN/normalized-PB15eval/ProofComplexity-Extracted-Cardinality-Constraints/ProofComplexity/normalized-tseitin-regular-n88-d3-i1-r1.cnf.gz-plain.pb.metafix.opb.xz,3
DEC-LIN/normalized-PB15eval/ProofComplexity-Extracted-Cardinality-Constraints/ProofComplexity/normalized-tseitin-regular-n88-d3-i1-r2.cnf.gz-plain.pb.metafix.opb.xz,3
DEC-LIN/normalized-PB15eval/ProofComplexity-Extracted-Cardinality-Constraints/ProofComplexity/normalized-tseitin-regular-n88-d3-i2-f.cnf.gz-plain.pb.metafix.opb.xz,3
DEC-LIN/normalized-PB15eval/ProofComplexity-Extracted-Cardinality-Constraints/ProofComplexity/normalized-tseitin-regular-n88-d3-i2-r1.cnf.gz-plain.pb.metafix.opb.xz,3
DEC-LIN/normalized-PB15eval/ProofComplexity-Extracted-Cardinality-Constraints/ProofComplexity/normalized-tseitin-regular-n88-d3-i2-r2.cnf.gz-plain.pb.metafix.opb.xz,3
DEC-LIN/normalized-PB15eval/ProofComplexity-Extracted-Cardinality-Constraints/ProofComplexity/normalized-tseitin-regular-n88-d3-i3-f.cnf.gz-plain.pb.metafix.opb.xz,3
DEC-LIN/normalized-PB15eval/ProofComplexity-Extracted-Cardinality-Constraints/ProofComplexity/normalized-tseitin-regular-n88-d3-i3-r1.cnf.gz-plain.pb.metafix.opb.xz,3
DEC-LIN/normalized-PB15eval/ProofComplexity-Extracted-Cardinality-Constraints/ProofComplexity/normalized-tseitin-regular-n90-d3-i1-f.cnf.gz-plain.pb.metafix.opb.xz,3
DEC-LIN/normalized-PB15eval/ProofComplexity-Extracted-Cardinality-Constraints/ProofComplexity/normalized-tseitin-regular-n90-d3-i1-r1.cnf.gz-plain.pb.metafix.opb.xz,3
DEC-LIN/normalized-PB15eval/ProofComplexity-Extracted-Cardinality-Constraints/ProofComplexity/normalized-tseitin-regular-n90-d3-i1-r2.cnf.gz-plain.pb.metafix.opb.xz,3
DEC-LIN/normalized-PB15eval/ProofComplexity-Extracted-Cardinality-Constraints/ProofComplexity/normalized-tseitin-regular-n90-d3-i2-r1.cnf.gz-plain.pb.metafix.opb.xz,3
DEC-LIN/normalized-PB15eval/ProofComplexity-Extracted-Cardinality-Constraints/ProofComplexity/normalized-tseitin-regular-n90-d3-i2-r2.cnf.gz-plain.pb.metafix.opb.xz,3
DEC-LIN/normalized-PB15eval/ProofComplexity-Extracted-Cardinality-Constraints/ProofComplexity/normalized-tseitin-regular-n90-d3-i3-r1.cnf.gz-plain.pb.metafix.opb.xz,3
DEC-LIN/normalized-PB15eval/ProofComplexity-Extracted-Cardinality-Constraints/ProofComplexity/normalized-tseitin-regular-n92-d3-i1-r1.cnf.gz-plain.pb.metafix.opb.xz,3
DEC-LIN/normalized-PB15eval/ProofComplexity-Extracted-Cardinality-Constraints/ProofComplexity/normalized-tseitin-regular-n92-d3-i1-r2.cnf.gz-plain.pb.metafix.opb.xz,3
DEC-LIN/normalized-PB15eval/ProofComplexity-Extracted-Cardinality-Constraints/ProofComplexity/normalized-tseitin-regular-n92-d3-i2-f.cnf.gz-plain.pb.metafix.opb.xz,3
DEC-LIN/normalized-PB15eval/ProofComplexity-Extracted-Cardinality-Constraints/ProofComplexity/normalized-tseitin-regular-n92-d3-i2-r1.cnf.gz-plain.pb.metafix.opb.xz,3
DEC-LIN/normalized-PB15eval/ProofComplexity-Extracted-Cardinality-Constraints/ProofComplexity/normalized-tseitin-regular-n92-d3-i2-r2.cnf.gz-plain.pb.metafix.opb.xz,3
DEC-LIN/normalized-PB15eval/ProofComplexity-Extracted-Cardinality-Constraints/ProofComplexity/normalized-tseitin-regular-n92-d3-i3-f.cnf.gz-plain.pb.metafix.opb.xz,3
DEC-LIN/normalized-PB15eval/ProofComplexity-Extracted-Cardinality-Constraints/ProofComplexity/normalized-tseitin-regular-n92-d3-i3-r1.cnf.gz-plain.pb.metafix.opb.xz,3
DEC-LIN/normalized-PB15eval/ProofComplexity-Extracted-Cardinality-Constraints/ProofComplexity/normalized-tseitin-regular-n92-d3-i3-r2.cnf.gz-plain.pb.metafix.opb.xz,3
DEC-LIN/normalized-PB15eval/ProofComplexity-Extracted-Cardinality-Constraints/ProofComplexity/normalized-tseitin-regular-n94-d3-i1-f.cnf.gz-plain.pb.metafix.opb.xz,3
DEC-LIN/normalized-PB15eval/ProofComplexity-Extracted-Cardinality-Constraints/ProofComplexity/normalized-tseitin-regular-n94-d3-i1-r1.cnf.gz-plain.pb.metafix.opb.xz,3
DEC-LIN/normalized-PB15eval/ProofComplexity-Extracted-Cardinality-Constraints/ProofComplexity/normalized-tseitin-regular-n94-d3-i2-f.cnf.gz-plain.pb.metafix.opb.xz,3
DEC-LIN/normalized-PB15eval/ProofComplexity-Extracted-Cardinality-Constraints/ProofComplexity/normalized-tseitin-regular-n94-d3-i2-r1.cnf.gz-plain.pb.metafix.opb.xz,3
DEC-LIN/normalized-PB15eval/ProofComplexity-Extracted-Cardinality-Constraints/ProofComplexity/normalized-tseitin-regular-n94-d3-i2-r2.cnf.gz-plain.pb.metafix.opb.xz,3
DEC-LIN/normalized-PB15eval/ProofComplexity-Extracted-Cardinality-Constraints/ProofComplexity/normalized-tseitin-regular-n94-d3-i3-f.cnf.gz-plain.pb.metafix.opb.xz,3
DEC-LIN/normalized-PB15eval/ProofComplexity-Extracted-Cardinality-Constraints/ProofComplexity/normalized-tseitin-regular-n94-d3-i3-r1.cnf.gz-plain.pb.metafix.opb.xz,3
DEC-LIN/normalized-PB15eval/ProofComplexity-Extracted-Cardinality-Constraints/ProofComplexity/normalized-tseitin-regular-n96-d3-i1-f.cnf.gz-plain.pb.metafix.opb.xz,3
DEC-LIN/normalized-PB15eval/ProofComplexity-Extracted-Cardinality-Constraints/ProofComplexity/normalized-tseitin-regular-n96-d3-i1-r2.cnf.gz-plain.pb.metafix.opb.xz,3
DEC-LIN/normalized-PB15eval/ProofComplexity-Extracted-Cardinality-Constraints/ProofComplexity/normalized-tseitin-regular-n96-d3-i2-r1.cnf.gz-plain.pb.metafix.opb.xz,3
DEC-LIN/normalized-PB15eval/ProofComplexity-Extracted-Cardinality-Constraints/ProofComplexity/normalized-tseitin-regular-n96-d3-i2-r2.cnf.gz-plain.pb.metafix.opb.xz,3
DEC-LIN/normalized-PB15eval/ProofComplexity-Extracted-Cardinality-Constraints/ProofComplexity/normalized-tseitin-regular-n96-d3-i3-f.cnf.gz-plain.pb.metafix.opb.xz,3
DEC-LIN/normalized-PB15eval/ProofComplexity-Extracted-Cardinality-Constraints/ProofComplexity/normalized-tseitin-regular-n96-d3-i3-r1.cnf.gz-plain.pb.metafix.opb.xz,3
DEC-LIN/normalized-PB15eval/ProofComplexity-Extracted-Cardinality-Constraints/ProofComplexity/normalized-tseitin-regular-n96-d3-i3-r2.cnf.gz-plain.pb.metafix.opb.xz,3
DEC-LIN/normalized-PB15eval/ProofComplexity-Extracted-Cardinality-Constraints/ProofComplexity/normalized-tseitin-regular-n98-d3-i1-f.cnf.gz-plain.pb.metafix.opb.xz,3
DEC-LIN/normalized-PB15eval/ProofComplexity-Extracted-Cardinality-Constraints/ProofComplexity/normalized-tseitin-regular-n98-d3-i1-r1.cnf.gz-plain.pb.metafix.opb.xz,3
DEC-LIN/normalized-PB15eval/ProofComplexity-Extracted-Cardinality-Constraints/ProofComplexity/normalized-tseitin-regular-n98-d3-i1-r2.cnf.gz-plain.pb.metafix.opb.xz,3
DEC-LIN/normalized-PB15eval/ProofComplexity-Extracted-Cardinality-Constraints/ProofComplexity/normalized-tseitin-regular-n98-d3-i2-f.cnf.gz-plain.pb.metafix.opb.xz,3
DEC-LIN/normalized-PB15eval/ProofComplexity-Extracted-Cardinality-Constraints/ProofComplexity/normalized-tseitin-regular-n98-d3-i2-r2.cnf.gz-plain.pb.metafix.opb.xz,3
DEC-LIN/normalized-PB15eval/ProofComplexity-Extracted-Cardinality-Constraints/ProofComplexity/normalized-tseitin-regular-n98-d3-i3-f.cnf.gz-plain.pb.metafix.opb.xz,3
DEC-LIN/normalized-PB15eval/ProofComplexity-Extracted-Cardinality-Constraints/ProofComplexity/normalized-tseitin-regular-n98-d3-i3-r1.cnf.gz-plain.pb.metafix.opb.xz,3
DEC-LIN/normalized-PB15eval/ProofComplexity-Extracted-Cardinality-Constraints/ProofComplexity/normalized-tseitin-regular-n98-d3-i3-r2.cnf.gz-plain.pb.metafix.opb.xz,3
DEC-LIN/normalized-PB15eval/SUMINEQ/normalized-sumineqArity3houseP016.opb.xz,4
DEC-LIN/normalized-PB15eval/SUMINEQ/normalized-sumineqArity3houseP032.opb.xz,4
DEC-LIN/normalized-PB15eval/SUMINEQ/normalized-sumineqArity3houseP064.opb.xz,4
DEC-LIN/normalized-PB15eval/SUMINEQ/normalized-sumineqArity3houseP128.opb.xz,4
DEC-LIN/normalized-PB15eval/SUMINEQ/normalized-sumineqArity3pyramidP0016.opb.xz,4
DEC-LIN/normalized-PB15eval/SUMINEQ/normalized-sumineqArity3pyramidP0032.opb.xz,4
DEC-LIN/normalized-PB15eval/SUMINEQ/normalized-sumineqArity3pyramidP0064.opb.xz,4
DEC-LIN/normalized-PB15eval/SUMINEQ/normalized-sumineqArity3pyramidP0125.opb.xz,4
DEC-LIN/normalized-PB15eval/SUMINEQ/normalized-sumineqArity4houseP016.opb.xz,5
DEC-LIN/normalized-PB15eval/SUMINEQ/normalized-sumineqArity4houseP032.opb.xz,5
DEC-LIN/normalized-PB15eval/SUMINEQ/normalized-sumineqArity4houseP064.opb.xz,5
DEC-LIN/normalized-PB15eval/SUMINEQ/normalized-sumineqArity4houseP128.opb.xz,5
DEC-LIN/normalized-PB15eval/SUMINEQ/normalized-sumineqArity4pyramidP0016.opb.xz,5
DEC-LIN/normalized-PB15eval/SUMINEQ/normalized-sumineqArity4pyramidP0032.opb.xz,5
DEC-LIN/normalized-PB15eval/SUMINEQ/normalized-sumineqArity4pyramidP0064.opb.xz,5
DEC-LIN/normalized-PB15eval/SUMINEQ/normalized-sumineqArity4pyramidP0125.opb.xz,5
DEC-LIN/normalized-PB15eval/SUMINEQ/normalized-sumineqArity5houseP016.opb.xz,5
DEC-LIN/normalized-PB15eval/SUMINEQ/normalized-sumineqArity5houseP032.opb.xz,5
DEC-LIN/normalized-PB15eval/SUMINEQ/normalized-sumineqArity5houseP064.opb.xz,5
DEC-LIN/normalized-PB15eval/SUMINEQ/normalized-sumineqArity5houseP128.opb.xz,5
DEC-LIN/normalized-PB15eval/SUMINEQ/normalized-sumineqArity5pyramidP0016.opb.xz,5
DEC-LIN/normalized-PB15eval/SUMINEQ/normalized-sumineqArity5pyramidP0032.opb.xz,5
DEC-LIN/normalized-PB15eval/SUMINEQ/normalized-sumineqArity5pyramidP0064.opb.xz,5
DEC-LIN/normalized-PB15eval/SUMINEQ/normalized-sumineqArity5pyramidP0125.opb.xz,5
DEC-LIN/normalized-PB15eval/pbfvmc-formulae/hw128/normalized-hw128-vm100p-dec.opb.negationfix.opb.xz,21
DEC-LIN/normalized-PB15eval/pbfvmc-formulae/hw128/normalized-hw128-vm25p-dec.opb.negationfix.opb.xz,20
DEC-LIN/normalized-PB15eval/pbfvmc-formulae/hw128/normalized-hw128-vm50p-dec.opb.negationfix.opb.xz,20
DEC-LIN/normalized-PB15eval/pbfvmc-formulae/hw128/normalized-hw128-vm75p-dec.opb.negationfix.opb.xz,20
DEC-LIN/normalized-PB15eval/pbfvmc-formulae/hw128/normalized-hw128-vm85p-dec.opb.negationfix.opb.xz,20
DEC-LIN/normalized-PB15eval/pbfvmc-formulae/hw128/normalized-hw128-vm90p-dec.opb.negationfix.opb.xz,21
DEC-LIN/normalized-PB15eval/pbfvmc-formulae/hw128/normalized-hw128-vm95p-dec.opb.negationfix.opb.xz,21
DEC-LIN/normalized-PB15eval/pbfvmc-formulae/hw128/normalized-hw128-vm98p-dec.opb.negationfix.opb.xz,21
DEC-LIN/normalized-PB15eval/pbfvmc-formulae/hw128/normalized-hw128-vm99p-dec.opb.negationfix.opb.xz,21
DEC-LIN/normalized-PB15eval/pbfvmc-formulae/hw256/normalized-hw256-vm100p-dec.opb.negationfix.opb.xz,22
DEC-LIN/normalized-PB15eval/pbfvmc-formulae/hw256/normalized-hw256-vm25p-dec.opb.negationfix.opb.xz,21
DEC-LIN/normalized-PB15eval/pbfvmc-formulae/hw256/normalized-hw256-vm50p-dec.opb.negationfix.opb.xz,21
DEC-LIN/normalized-PB15eval/pbfvmc-formulae/hw256/normalized-hw256-vm75p-dec.opb.negationfix.opb.xz,21
DEC-LIN/normalized-PB15eval/pbfvmc-formulae/hw256/normalized-hw256-vm85p-dec.opb.negationfix.opb.xz,21
DEC-LIN/normalized-PB15eval/pbfvmc-formulae/hw256/normalized-hw256-vm90p-dec.opb.negationfix.opb.xz,22
DEC-LIN/normalized-PB15eval/pbfvmc-formulae/hw256/normalized-hw256-vm95p-dec.opb.negationfix.opb.xz,22
DEC-LIN/normalized-PB15eval/pbfvmc-formulae/hw256/normalized-hw256-vm98p-dec.opb.negationfix.opb.xz,22
DEC-LIN/normalized-PB15eval/pbfvmc-formulae/hw256/normalized-hw256-vm99p-dec.opb.negationfix.opb.xz,22
DEC-LIN/normalized-PB15eval/pbfvmc-formulae/hw512/normalized-hw512-vm100p-dec.opb.negationfix.opb.xz,23
DEC-LIN/normalized-PB15eval/pbfvmc-formulae/hw512/normalized-hw512-vm25p-dec.opb.negationfix.opb.xz,22
DEC-LIN/normalized-PB15eval/pbfvmc-formulae/hw512/normalized-hw512-vm50p-dec.opb.negationfix.opb.xz,22
DEC-LIN/normalized-PB15eval/pbfvmc-formulae/hw512/normalized-hw512-vm75p-dec.opb.negationfix.opb.xz,22
DEC-LIN/normalized-PB15eval/pbfvmc-formulae/hw512/normalized-hw512-vm85p-dec.opb.negationfix.opb.xz,22
DEC-LIN/normalized-PB15eval/pbfvmc-formulae/hw512/normalized-hw512-vm90p-dec.opb.negationfix.opb.xz,23
DEC-LIN/normalized-PB15eval/pbfvmc-formulae/hw512/normalized-hw512-vm95p-dec.opb.negationfix.opb.xz,23
DEC-LIN/normalized-PB15eval/pbfvmc-formulae/hw512/normalized-hw512-vm98p-dec.opb.negationfix.opb.xz,23
DEC-LIN/normalized-PB15eval/pbfvmc-formulae/hw512/normalized-hw512-vm99p-dec.opb.negationfix.opb.xz,23
