path,intsize
OPT-LIN/normalized-extraPB12/sroussel/benchsMusee/opb_Equals1_cod2/normalized-BA_RDC4.dot_fibo_0null0mast_rapportOE1.0_TMAX120_K67_cod2_pbEq1_newVersion.opb.xz,19
OPT-LIN/normalized-extraPB12/sroussel/benchsMusee/opb_Equals1_cod2/normalized-BA_RDC4.dot_fibo_0null0mast_rapportOE1.0_TMAX15_K67_cod2_pbEq1_newVersion.opb.xz,19
OPT-LIN/normalized-extraPB12/sroussel/benchsMusee/opb_Equals1_cod2/normalized-BA_RDC4.dot_fibo_0null0mast_rapportOE1.0_TMAX180_K67_cod2_pbEq1_newVersion.opb.xz,19
OPT-LIN/normalized-extraPB12/sroussel/benchsMusee/opb_Equals1_cod2/normalized-BA_RDC4.dot_fibo_0null0mast_rapportOE1.0_TMAX300_K67_cod2_pbEq1_newVersion.opb.xz,19
OPT-LIN/normalized-extraPB12/sroussel/benchsMusee/opb_Equals1_cod2/normalized-BA_RDC4.dot_fibo_0null0mast_rapportOE1.0_TMAX60_K67_cod2_pbEq1_newVersion.opb.xz,19
OPT-LIN/normalized-extraPB12/sroussel/benchsMusee/opb_Equals1_cod2/normalized-BA_RDC4.dot_fibo_0null0mast_rapportOE2.0_TMAX120_K67_cod2_pbEq1_newVersion.opb.xz,19
OPT-LIN/normalized-extraPB12/sroussel/benchsMusee/opb_Equals1_cod2/normalized-BA_RDC4.dot_fibo_0null0mast_rapportOE2.0_TMAX15_K67_cod2_pbEq1_newVersion.opb.xz,19
OPT-LIN/normalized-extraPB12/sroussel/benchsMusee/opb_Equals1_cod2/normalized-BA_RDC4.dot_fibo_0null0mast_rapportOE2.0_TMAX180_K67_cod2_pbEq1_newVersion.opb.xz,19
OPT-LIN/normalized-extraPB12/sroussel/benchsMusee/opb_Equals1_cod2/normalized-BA_RDC4.dot_fibo_0null0mast_rapportOE2.0_TMAX300_K67_cod2_pbEq1_newVersion.opb.xz,19
OPT-LIN/normalized-extraPB12/sroussel/benchsMusee/opb_Equals1_cod2/normalized-BA_RDC4.dot_fibo_0null0mast_rapportOE2.0_TMAX60_K67_cod2_pbEq1_newVersion.opb.xz,19
OPT-LIN/normalized-extraPB12/sroussel/benchsMusee/opb_Equals1_cod2/normalized-BA_RDC4.dot_fibo_0null10mast_rapportOE1.0_TMAX120_K67_cod2_pbEq1_newVersion.opb.xz,20
OPT-LIN/normalized-extraPB12/sroussel/benchsMusee/opb_Equals1_cod2/normalized-BA_RDC4.dot_fibo_0null10mast_rapportOE1.0_TMAX15_K67_cod2_pbEq1_newVersion.opb.xz,20
OPT-LIN/normalized-extraPB12/sroussel/benchsMusee/opb_Equals1_cod2/normalized-BA_RDC4.dot_fibo_0null10mast_rapportOE1.0_TMAX180_K67_cod2_pbEq1_newVersion.opb.xz,20
OPT-LIN/normalized-extraPB12/sroussel/benchsMusee/opb_Equals1_cod2/normalized-BA_RDC4.dot_fibo_0null10mast_rapportOE1.0_TMAX300_K67_cod2_pbEq1_newVersion.opb.xz,20
OPT-LIN/normalized-extraPB12/sroussel/benchsMusee/opb_Equals1_cod2/normalized-BA_RDC4.dot_fibo_0null10mast_rapportOE1.0_TMAX60_K67_cod2_pbEq1_newVersion.opb.xz,20
OPT-LIN/normalized-extraPB12/sroussel/benchsMusee/opb_Equals1_cod2/normalized-BA_RDC4.dot_fibo_0null10mast_rapportOE2.0_TMAX120_K67_cod2_pbEq1_newVersion.opb.xz,20
OPT-LIN/normalized-extraPB12/sroussel/benchsMusee/opb_Equals1_cod2/normalized-BA_RDC4.dot_fibo_0null10mast_rapportOE2.0_TMAX15_K67_cod2_pbEq1_newVersion.opb.xz,20
OPT-LIN/normalized-extraPB12/sroussel/benchsMusee/opb_Equals1_cod2/normalized-BA_RDC4.dot_fibo_0null10mast_rapportOE2.0_TMAX180_K67_cod2_pbEq1_newVersion.opb.xz,20
OPT-LIN/normalized-extraPB12/sroussel/benchsMusee/opb_Equals1_cod2/normalized-BA_RDC4.dot_fibo_0null10mast_rapportOE2.0_TMAX300_K67_cod2_pbEq1_newVersion.opb.xz,20
OPT-LIN/normalized-extraPB12/sroussel/benchsMusee/opb_Equals1_cod2/normalized-BA_RDC4.dot_fibo_0null10mast_rapportOE2.0_TMAX60_K67_cod2_pbEq1_newVersion.opb.xz,20
OPT-LIN/normalized-extraPB12/sroussel/benchsMusee/opb_Equals1_cod2/normalized-BA_RDC4.dot_fibo_0null20mast_rapportOE1.0_TMAX120_K67_cod2_pbEq1_newVersion.opb.xz,21
OPT-LIN/normalized-extraPB12/sroussel/benchsMusee/opb_Equals1_cod2/normalized-BA_RDC4.dot_fibo_0null20mast_rapportOE1.0_TMAX15_K67_cod2_pbEq1_newVersion.opb.xz,21
OPT-LIN/normalized-extraPB12/sroussel/benchsMusee/opb_Equals1_cod2/normalized-BA_RDC4.dot_fibo_0null20mast_rapportOE1.0_TMAX180_K67_cod2_pbEq1_newVersion.opb.xz,21
OPT-LIN/normalized-extraPB12/sroussel/benchsMusee/opb_Equals1_cod2/normalized-BA_RDC4.dot_fibo_0null20mast_rapportOE1.0_TMAX300_K67_cod2_pbEq1_newVersion.opb.xz,21
OPT-LIN/normalized-extraPB12/sroussel/benchsMusee/opb_Equals1_cod2/normalized-BA_RDC4.dot_fibo_0null20mast_rapportOE1.0_TMAX60_K67_cod2_pbEq1_newVersion.opb.xz,21
OPT-LIN/normalized-extraPB12/sroussel/benchsMusee/opb_Equals1_cod2/normalized-BA_RDC4.dot_fibo_0null20mast_rapportOE2.0_TMAX120_K67_cod2_pbEq1_newVersion.opb.xz,21
OPT-LIN/normalized-extraPB12/sroussel/benchsMusee/opb_Equals1_cod2/normalized-BA_RDC4.dot_fibo_0null20mast_rapportOE2.0_TMAX15_K67_cod2_pbEq1_newVersion.opb.xz,21
OPT-LIN/normalized-extraPB12/sroussel/benchsMusee/opb_Equals1_cod2/normalized-BA_RDC4.dot_fibo_0null20mast_rapportOE2.0_TMAX180_K67_cod2_pbEq1_newVersion.opb.xz,21
OPT-LIN/normalized-extraPB12/sroussel/benchsMusee/opb_Equals1_cod2/normalized-BA_RDC4.dot_fibo_0null20mast_rapportOE2.0_TMAX300_K67_cod2_pbEq1_newVersion.opb.xz,21
OPT-LIN/normalized-extraPB12/sroussel/benchsMusee/opb_Equals1_cod2/normalized-BA_RDC4.dot_fibo_0null20mast_rapportOE2.0_TMAX60_K67_cod2_pbEq1_newVersion.opb.xz,21
OPT-LIN/normalized-extraPB12/sroussel/benchsMusee/opb_Equals1_cod2/normalized-BA_RDC4.dot_fibo_0null50mast_rapportOE1.0_TMAX120_K67_cod2_pbEq1_newVersion.opb.xz,22
OPT-LIN/normalized-extraPB12/sroussel/benchsMusee/opb_Equals1_cod2/normalized-BA_RDC4.dot_fibo_0null50mast_rapportOE1.0_TMAX15_K67_cod2_pbEq1_newVersion.opb.xz,22
OPT-LIN/normalized-extraPB12/sroussel/benchsMusee/opb_Equals1_cod2/normalized-BA_RDC4.dot_fibo_0null50mast_rapportOE1.0_TMAX180_K67_cod2_pbEq1_newVersion.opb.xz,22
OPT-LIN/normalized-extraPB12/sroussel/benchsMusee/opb_Equals1_cod2/normalized-BA_RDC4.dot_fibo_0null50mast_rapportOE1.0_TMAX300_K67_cod2_pbEq1_newVersion.opb.xz,22
OPT-LIN/normalized-extraPB12/sroussel/benchsMusee/opb_Equals1_cod2/normalized-BA_RDC4.dot_fibo_0null50mast_rapportOE1.0_TMAX60_K67_cod2_pbEq1_newVersion.opb.xz,22
OPT-LIN/normalized-extraPB12/sroussel/benchsMusee/opb_Equals1_cod2/normalized-BA_RDC4.dot_fibo_0null50mast_rapportOE2.0_TMAX120_K67_cod2_pbEq1_newVersion.opb.xz,22
OPT-LIN/normalized-extraPB12/sroussel/benchsMusee/opb_Equals1_cod2/normalized-BA_RDC4.dot_fibo_0null50mast_rapportOE2.0_TMAX15_K67_cod2_pbEq1_newVersion.opb.xz,22
OPT-LIN/normalized-extraPB12/sroussel/benchsMusee/opb_Equals1_cod2/normalized-BA_RDC4.dot_fibo_0null50mast_rapportOE2.0_TMAX180_K67_cod2_pbEq1_newVersion.opb.xz,22
OPT-LIN/normalized-extraPB12/sroussel/benchsMusee/opb_Equals1_cod2/normalized-BA_RDC4.dot_fibo_0null50mast_rapportOE2.0_TMAX300_K67_cod2_pbEq1_newVersion.opb.xz,22
OPT-LIN/normalized-extraPB12/sroussel/benchsMusee/opb_Equals1_cod2/normalized-BA_RDC4.dot_fibo_0null50mast_rapportOE2.0_TMAX60_K67_cod2_pbEq1_newVersion.opb.xz,22
OPT-LIN/normalized-extraPB12/sroussel/benchsMusee/opb_Equals1_cod2/normalized-BA_RDC4.dot_fibo_10null0mast_rapportOE1.0_TMAX120_K67_cod2_pbEq1_newVersion.opb.xz,19
OPT-LIN/normalized-extraPB12/sroussel/benchsMusee/opb_Equals1_cod2/normalized-BA_RDC4.dot_fibo_10null0mast_rapportOE1.0_TMAX15_K67_cod2_pbEq1_newVersion.opb.xz,19
OPT-LIN/normalized-extraPB12/sroussel/benchsMusee/opb_Equals1_cod2/normalized-BA_RDC4.dot_fibo_10null0mast_rapportOE1.0_TMAX180_K67_cod2_pbEq1_newVersion.opb.xz,19
OPT-LIN/normalized-extraPB12/sroussel/benchsMusee/opb_Equals1_cod2/normalized-BA_RDC4.dot_fibo_10null0mast_rapportOE1.0_TMAX300_K67_cod2_pbEq1_newVersion.opb.xz,19
OPT-LIN/normalized-extraPB12/sroussel/benchsMusee/opb_Equals1_cod2/normalized-BA_RDC4.dot_fibo_10null0mast_rapportOE1.0_TMAX60_K67_cod2_pbEq1_newVersion.opb.xz,19
OPT-LIN/normalized-extraPB12/sroussel/benchsMusee/opb_Equals1_cod2/normalized-BA_RDC4.dot_fibo_10null0mast_rapportOE2.0_TMAX120_K67_cod2_pbEq1_newVersion.opb.xz,19
OPT-LIN/normalized-extraPB12/sroussel/benchsMusee/opb_Equals1_cod2/normalized-BA_RDC4.dot_fibo_10null0mast_rapportOE2.0_TMAX15_K67_cod2_pbEq1_newVersion.opb.xz,19
OPT-LIN/normalized-extraPB12/sroussel/benchsMusee/opb_Equals1_cod2/normalized-BA_RDC4.dot_fibo_10null0mast_rapportOE2.0_TMAX180_K67_cod2_pbEq1_newVersion.opb.xz,19
OPT-LIN/normalized-extraPB12/sroussel/benchsMusee/opb_Equals1_cod2/normalized-BA_RDC4.dot_fibo_10null0mast_rapportOE2.0_TMAX300_K67_cod2_pbEq1_newVersion.opb.xz,19
OPT-LIN/normalized-extraPB12/sroussel/benchsMusee/opb_Equals1_cod2/normalized-BA_RDC4.dot_fibo_10null0mast_rapportOE2.0_TMAX60_K67_cod2_pbEq1_newVersion.opb.xz,19
OPT-LIN/normalized-extraPB12/sroussel/benchsMusee/opb_Equals1_cod2/normalized-BA_RDC4.dot_fibo_10null10mast_rapportOE1.0_TMAX120_K67_cod2_pbEq1_newVersion.opb.xz,20
OPT-LIN/normalized-extraPB12/sroussel/benchsMusee/opb_Equals1_cod2/normalized-BA_RDC4.dot_fibo_10null10mast_rapportOE1.0_TMAX15_K67_cod2_pbEq1_newVersion.opb.xz,20
OPT-LIN/normalized-extraPB12/sroussel/benchsMusee/opb_Equals1_cod2/normalized-BA_RDC4.dot_fibo_10null10mast_rapportOE1.0_TMAX180_K67_cod2_pbEq1_newVersion.opb.xz,20
OPT-LIN/normalized-extraPB12/sroussel/benchsMusee/opb_Equals1_cod2/normalized-BA_RDC4.dot_fibo_10null10mast_rapportOE1.0_TMAX300_K67_cod2_pbEq1_newVersion.opb.xz,20
OPT-LIN/normalized-extraPB12/sroussel/benchsMusee/opb_Equals1_cod2/normalized-BA_RDC4.dot_fibo_10null10mast_rapportOE1.0_TMAX60_K67_cod2_pbEq1_newVersion.opb.xz,20
OPT-LIN/normalized-extraPB12/sroussel/benchsMusee/opb_Equals1_cod2/normalized-BA_RDC4.dot_fibo_10null10mast_rapportOE2.0_TMAX120_K67_cod2_pbEq1_newVersion.opb.xz,20
OPT-LIN/normalized-extraPB12/sroussel/benchsMusee/opb_Equals1_cod2/normalized-BA_RDC4.dot_fibo_10null10mast_rapportOE2.0_TMAX15_K67_cod2_pbEq1_newVersion.opb.xz,20
OPT-LIN/normalized-extraPB12/sroussel/benchsMusee/opb_Equals1_cod2/normalized-BA_RDC4.dot_fibo_10null10mast_rapportOE2.0_TMAX180_K67_cod2_pbEq1_newVersion.opb.xz,20
OPT-LIN/normalized-extraPB12/sroussel/benchsMusee/opb_Equals1_cod2/normalized-BA_RDC4.dot_fibo_10null10mast_rapportOE2.0_TMAX300_K67_cod2_pbEq1_newVersion.opb.xz,20
OPT-LIN/normalized-extraPB12/sroussel/benchsMusee/opb_Equals1_cod2/normalized-BA_RDC4.dot_fibo_10null10mast_rapportOE2.0_TMAX60_K67_cod2_pbEq1_newVersion.opb.xz,20
OPT-LIN/normalized-extraPB12/sroussel/benchsMusee/opb_Equals1_cod2/normalized-BA_RDC4.dot_fibo_10null20mast_rapportOE1.0_TMAX120_K67_cod2_pbEq1_newVersion.opb.xz,21
OPT-LIN/normalized-extraPB12/sroussel/benchsMusee/opb_Equals1_cod2/normalized-BA_RDC4.dot_fibo_10null20mast_rapportOE1.0_TMAX15_K67_cod2_pbEq1_newVersion.opb.xz,21
OPT-LIN/normalized-extraPB12/sroussel/benchsMusee/opb_Equals1_cod2/normalized-BA_RDC4.dot_fibo_10null20mast_rapportOE1.0_TMAX180_K67_cod2_pbEq1_newVersion.opb.xz,21
OPT-LIN/normalized-extraPB12/sroussel/benchsMusee/opb_Equals1_cod2/normalized-BA_RDC4.dot_fibo_10null20mast_rapportOE1.0_TMAX300_K67_cod2_pbEq1_newVersion.opb.xz,21
OPT-LIN/normalized-extraPB12/sroussel/benchsMusee/opb_Equals1_cod2/normalized-BA_RDC4.dot_fibo_10null20mast_rapportOE1.0_TMAX60_K67_cod2_pbEq1_newVersion.opb.xz,21
OPT-LIN/normalized-extraPB12/sroussel/benchsMusee/opb_Equals1_cod2/normalized-BA_RDC4.dot_fibo_10null20mast_rapportOE2.0_TMAX120_K67_cod2_pbEq1_newVersion.opb.xz,21
OPT-LIN/normalized-extraPB12/sroussel/benchsMusee/opb_Equals1_cod2/normalized-BA_RDC4.dot_fibo_10null20mast_rapportOE2.0_TMAX15_K67_cod2_pbEq1_newVersion.opb.xz,21
OPT-LIN/normalized-extraPB12/sroussel/benchsMusee/opb_Equals1_cod2/normalized-BA_RDC4.dot_fibo_10null20mast_rapportOE2.0_TMAX180_K67_cod2_pbEq1_newVersion.opb.xz,21
OPT-LIN/normalized-extraPB12/sroussel/benchsMusee/opb_Equals1_cod2/normalized-BA_RDC4.dot_fibo_10null20mast_rapportOE2.0_TMAX300_K67_cod2_pbEq1_newVersion.opb.xz,21
OPT-LIN/normalized-extraPB12/sroussel/benchsMusee/opb_Equals1_cod2/normalized-BA_RDC4.dot_fibo_10null20mast_rapportOE2.0_TMAX60_K67_cod2_pbEq1_newVersion.opb.xz,21
OPT-LIN/normalized-extraPB12/sroussel/benchsMusee/opb_Equals1_cod2/normalized-BA_RDC4.dot_fibo_10null50mast_rapportOE1.0_TMAX120_K67_cod2_pbEq1_newVersion.opb.xz,22
OPT-LIN/normalized-extraPB12/sroussel/benchsMusee/opb_Equals1_cod2/normalized-BA_RDC4.dot_fibo_10null50mast_rapportOE1.0_TMAX15_K67_cod2_pbEq1_newVersion.opb.xz,22
OPT-LIN/normalized-extraPB12/sroussel/benchsMusee/opb_Equals1_cod2/normalized-BA_RDC4.dot_fibo_10null50mast_rapportOE1.0_TMAX180_K67_cod2_pbEq1_newVersion.opb.xz,22
OPT-LIN/normalized-extraPB12/sroussel/benchsMusee/opb_Equals1_cod2/normalized-BA_RDC4.dot_fibo_10null50mast_rapportOE1.0_TMAX300_K67_cod2_pbEq1_newVersion.opb.xz,22
OPT-LIN/normalized-extraPB12/sroussel/benchsMusee/opb_Equals1_cod2/normalized-BA_RDC4.dot_fibo_10null50mast_rapportOE1.0_TMAX60_K67_cod2_pbEq1_newVersion.opb.xz,22
OPT-LIN/normalized-extraPB12/sroussel/benchsMusee/opb_Equals1_cod2/normalized-BA_RDC4.dot_fibo_10null50mast_rapportOE2.0_TMAX120_K67_cod2_pbEq1_newVersion.opb.xz,22
OPT-LIN/normalized-extraPB12/sroussel/benchsMusee/opb_Equals1_cod2/normalized-BA_RDC4.dot_fibo_10null50mast_rapportOE2.0_TMAX15_K67_cod2_pbEq1_newVersion.opb.xz,22
OPT-LIN/normalized-extraPB12/sroussel/benchsMusee/opb_Equals1_cod2/normalized-BA_RDC4.dot_fibo_10null50mast_rapportOE2.0_TMAX180_K67_cod2_pbEq1_newVersion.opb.xz,22
OPT-LIN/normalized-extraPB12/sroussel/benchsMusee/opb_Equals1_cod2/normalized-BA_RDC4.dot_fibo_10null50mast_rapportOE2.0_TMAX300_K67_cod2_pbEq1_newVersion.opb.xz,22
OPT-LIN/normalized-extraPB12/sroussel/benchsMusee/opb_Equals1_cod2/normalized-BA_RDC4.dot_fibo_10null50mast_rapportOE2.0_TMAX60_K67_cod2_pbEq1_newVersion.opb.xz,22
OPT-LIN/normalized-extraPB12/sroussel/benchsMusee/opb_Equals1_cod2/normalized-BA_RDC4.dot_fibo_20null0mast_rapportOE1.0_TMAX120_K67_cod2_pbEq1_newVersion.opb.xz,19
OPT-LIN/normalized-extraPB12/sroussel/benchsMusee/opb_Equals1_cod2/normalized-BA_RDC4.dot_fibo_20null0mast_rapportOE1.0_TMAX15_K67_cod2_pbEq1_newVersion.opb.xz,19
OPT-LIN/normalized-extraPB12/sroussel/benchsMusee/opb_Equals1_cod2/normalized-BA_RDC4.dot_fibo_20null0mast_rapportOE1.0_TMAX180_K67_cod2_pbEq1_newVersion.opb.xz,19
OPT-LIN/normalized-extraPB12/sroussel/benchsMusee/opb_Equals1_cod2/normalized-BA_RDC4.dot_fibo_20null0mast_rapportOE1.0_TMAX300_K67_cod2_pbEq1_newVersion.opb.xz,19
OPT-LIN/normalized-extraPB12/sroussel/benchsMusee/opb_Equals1_cod2/normalized-BA_RDC4.dot_fibo_20null0mast_rapportOE1.0_TMAX60_K67_cod2_pbEq1_newVersion.opb.xz,19
OPT-LIN/normalized-extraPB12/sroussel/benchsMusee/opb_Equals1_cod2/normalized-BA_RDC4.dot_fibo_20null0mast_rapportOE2.0_TMAX120_K67_cod2_pbEq1_newVersion.opb.xz,19
OPT-LIN/normalized-extraPB12/sroussel/benchsMusee/opb_Equals1_cod2/normalized-BA_RDC4.dot_fibo_20null0mast_rapportOE2.0_TMAX15_K67_cod2_pbEq1_newVersion.opb.xz,19
OPT-LIN/normalized-extraPB12/sroussel/benchsMusee/opb_Equals1_cod2/normalized-BA_RDC4.dot_fibo_20null0mast_rapportOE2.0_TMAX180_K67_cod2_pbEq1_newVersion.opb.xz,19
OPT-LIN/normalized-extraPB12/sroussel/benchsMusee/opb_Equals1_cod2/normalized-BA_RDC4.dot_fibo_20null0mast_rapportOE2.0_TMAX300_K67_cod2_pbEq1_newVersion.opb.xz,19
OPT-LIN/normalized-extraPB12/sroussel/benchsMusee/opb_Equals1_cod2/normalized-BA_RDC4.dot_fibo_20null0mast_rapportOE2.0_TMAX60_K67_cod2_pbEq1_newVersion.opb.xz,19
OPT-LIN/normalized-extraPB12/sroussel/benchsMusee/opb_Equals1_cod2/normalized-BA_RDC4.dot_fibo_20null10mast_rapportOE1.0_TMAX120_K67_cod2_pbEq1_newVersion.opb.xz,20
OPT-LIN/normalized-extraPB12/sroussel/benchsMusee/opb_Equals1_cod2/normalized-BA_RDC4.dot_fibo_20null10mast_rapportOE1.0_TMAX15_K67_cod2_pbEq1_newVersion.opb.xz,20
OPT-LIN/normalized-extraPB12/sroussel/benchsMusee/opb_Equals1_cod2/normalized-BA_RDC4.dot_fibo_20null10mast_rapportOE1.0_TMAX180_K67_cod2_pbEq1_newVersion.opb.xz,20
OPT-LIN/normalized-extraPB12/sroussel/benchsMusee/opb_Equals1_cod2/normalized-BA_RDC4.dot_fibo_20null10mast_rapportOE1.0_TMAX300_K67_cod2_pbEq1_newVersion.opb.xz,20
OPT-LIN/normalized-extraPB12/sroussel/benchsMusee/opb_Equals1_cod2/normalized-BA_RDC4.dot_fibo_20null10mast_rapportOE1.0_TMAX60_K67_cod2_pbEq1_newVersion.opb.xz,20
OPT-LIN/normalized-extraPB12/sroussel/benchsMusee/opb_Equals1_cod2/normalized-BA_RDC4.dot_fibo_20null10mast_rapportOE2.0_TMAX120_K67_cod2_pbEq1_newVersion.opb.xz,20
OPT-LIN/normalized-extraPB12/sroussel/benchsMusee/opb_Equals1_cod2/normalized-BA_RDC4.dot_fibo_20null10mast_rapportOE2.0_TMAX15_K67_cod2_pbEq1_newVersion.opb.xz,20
OPT-LIN/normalized-extraPB12/sroussel/benchsMusee/opb_Equals1_cod2/normalized-BA_RDC4.dot_fibo_20null10mast_rapportOE2.0_TMAX180_K67_cod2_pbEq1_newVersion.opb.xz,20
OPT-LIN/normalized-extraPB12/sroussel/benchsMusee/opb_Equals1_cod2/normalized-BA_RDC4.dot_fibo_20null10mast_rapportOE2.0_TMAX300_K67_cod2_pbEq1_newVersion.opb.xz,20
OPT-LIN/normalized-extraPB12/sroussel/benchsMusee/opb_Equals1_cod2/normalized-BA_RDC4.dot_fibo_20null10mast_rapportOE2.0_TMAX60_K67_cod2_pbEq1_newVersion.opb.xz,20
OPT-LIN/normalized-extraPB12/sroussel/benchsMusee/opb_Equals1_cod2/normalized-BA_RDC4.dot_fibo_20null20mast_rapportOE1.0_TMAX120_K67_cod2_pbEq1_newVersion.opb.xz,21
OPT-LIN/normalized-extraPB12/sroussel/benchsMusee/opb_Equals1_cod2/normalized-BA_RDC4.dot_fibo_20null20mast_rapportOE1.0_TMAX15_K67_cod2_pbEq1_newVersion.opb.xz,21
OPT-LIN/normalized-extraPB12/sroussel/benchsMusee/opb_Equals1_cod2/normalized-BA_RDC4.dot_fibo_20null20mast_rapportOE1.0_TMAX180_K67_cod2_pbEq1_newVersion.opb.xz,21
OPT-LIN/normalized-extraPB12/sroussel/benchsMusee/opb_Equals1_cod2/normalized-BA_RDC4.dot_fibo_20null20mast_rapportOE1.0_TMAX300_K67_cod2_pbEq1_newVersion.opb.xz,21
OPT-LIN/normalized-extraPB12/sroussel/benchsMusee/opb_Equals1_cod2/normalized-BA_RDC4.dot_fibo_20null20mast_rapportOE1.0_TMAX60_K67_cod2_pbEq1_newVersion.opb.xz,21
OPT-LIN/normalized-extraPB12/sroussel/benchsMusee/opb_Equals1_cod2/normalized-BA_RDC4.dot_fibo_20null20mast_rapportOE2.0_TMAX120_K67_cod2_pbEq1_newVersion.opb.xz,21
OPT-LIN/normalized-extraPB12/sroussel/benchsMusee/opb_Equals1_cod2/normalized-BA_RDC4.dot_fibo_20null20mast_rapportOE2.0_TMAX15_K67_cod2_pbEq1_newVersion.opb.xz,21
OPT-LIN/normalized-extraPB12/sroussel/benchsMusee/opb_Equals1_cod2/normalized-BA_RDC4.dot_fibo_20null20mast_rapportOE2.0_TMAX180_K67_cod2_pbEq1_newVersion.opb.xz,21
OPT-LIN/normalized-extraPB12/sroussel/benchsMusee/opb_Equals1_cod2/normalized-BA_RDC4.dot_fibo_20null20mast_rapportOE2.0_TMAX300_K67_cod2_pbEq1_newVersion.opb.xz,21
OPT-LIN/normalized-extraPB12/sroussel/benchsMusee/opb_Equals1_cod2/normalized-BA_RDC4.dot_fibo_20null20mast_rapportOE2.0_TMAX60_K67_cod2_pbEq1_newVersion.opb.xz,21
OPT-LIN/normalized-extraPB12/sroussel/benchsMusee/opb_Equals1_cod2/normalized-BA_RDC4.dot_fibo_20null50mast_rapportOE1.0_TMAX120_K67_cod2_pbEq1_newVersion.opb.xz,22
OPT-LIN/normalized-extraPB12/sroussel/benchsMusee/opb_Equals1_cod2/normalized-BA_RDC4.dot_fibo_20null50mast_rapportOE1.0_TMAX15_K67_cod2_pbEq1_newVersion.opb.xz,22
OPT-LIN/normalized-extraPB12/sroussel/benchsMusee/opb_Equals1_cod2/normalized-BA_RDC4.dot_fibo_20null50mast_rapportOE1.0_TMAX180_K67_cod2_pbEq1_newVersion.opb.xz,22
OPT-LIN/normalized-extraPB12/sroussel/benchsMusee/opb_Equals1_cod2/normalized-BA_RDC4.dot_fibo_20null50mast_rapportOE1.0_TMAX300_K67_cod2_pbEq1_newVersion.opb.xz,22
OPT-LIN/normalized-extraPB12/sroussel/benchsMusee/opb_Equals1_cod2/normalized-BA_RDC4.dot_fibo_20null50mast_rapportOE1.0_TMAX60_K67_cod2_pbEq1_newVersion.opb.xz,22
OPT-LIN/normalized-extraPB12/sroussel/benchsMusee/opb_Equals1_cod2/normalized-BA_RDC4.dot_fibo_20null50mast_rapportOE2.0_TMAX120_K67_cod2_pbEq1_newVersion.opb.xz,22
OPT-LIN/normalized-extraPB12/sroussel/benchsMusee/opb_Equals1_cod2/normalized-BA_RDC4.dot_fibo_20null50mast_rapportOE2.0_TMAX15_K67_cod2_pbEq1_newVersion.opb.xz,22
OPT-LIN/normalized-extraPB12/sroussel/benchsMusee/opb_Equals1_cod2/normalized-BA_RDC4.dot_fibo_20null50mast_rapportOE2.0_TMAX180_K67_cod2_pbEq1_newVersion.opb.xz,22
OPT-LIN/normalized-extraPB12/sroussel/benchsMusee/opb_Equals1_cod2/normalized-BA_RDC4.dot_fibo_20null50mast_rapportOE2.0_TMAX300_K67_cod2_pbEq1_newVersion.opb.xz,22
OPT-LIN/normalized-extraPB12/sroussel/benchsMusee/opb_Equals1_cod2/normalized-BA_RDC4.dot_fibo_20null50mast_rapportOE2.0_TMAX60_K67_cod2_pbEq1_newVersion.opb.xz,22
OPT-LIN/normalized-extraPB12/sroussel/benchsMusee/opb_Equals1_cod2/normalized-BA_RDC4.dot_fibo_50null0mast_rapportOE1.0_TMAX120_K67_cod2_pbEq1_newVersion.opb.xz,18
OPT-LIN/normalized-extraPB12/sroussel/benchsMusee/opb_Equals1_cod2/normalized-BA_RDC4.dot_fibo_50null0mast_rapportOE1.0_TMAX15_K67_cod2_pbEq1_newVersion.opb.xz,18
OPT-LIN/normalized-extraPB12/sroussel/benchsMusee/opb_Equals1_cod2/normalized-BA_RDC4.dot_fibo_50null0mast_rapportOE1.0_TMAX180_K67_cod2_pbEq1_newVersion.opb.xz,18
OPT-LIN/normalized-extraPB12/sroussel/benchsMusee/opb_Equals1_cod2/normalized-BA_RDC4.dot_fibo_50null0mast_rapportOE1.0_TMAX300_K67_cod2_pbEq1_newVersion.opb.xz,18
OPT-LIN/normalized-extraPB12/sroussel/benchsMusee/opb_Equals1_cod2/normalized-BA_RDC4.dot_fibo_50null0mast_rapportOE1.0_TMAX60_K67_cod2_pbEq1_newVersion.opb.xz,18
OPT-LIN/normalized-extraPB12/sroussel/benchsMusee/opb_Equals1_cod2/normalized-BA_RDC4.dot_fibo_50null0mast_rapportOE2.0_TMAX120_K67_cod2_pbEq1_newVersion.opb.xz,18
OPT-LIN/normalized-extraPB12/sroussel/benchsMusee/opb_Equals1_cod2/normalized-BA_RDC4.dot_fibo_50null0mast_rapportOE2.0_TMAX15_K67_cod2_pbEq1_newVersion.opb.xz,18
OPT-LIN/normalized-extraPB12/sroussel/benchsMusee/opb_Equals1_cod2/normalized-BA_RDC4.dot_fibo_50null0mast_rapportOE2.0_TMAX180_K67_cod2_pbEq1_newVersion.opb.xz,18
OPT-LIN/normalized-extraPB12/sroussel/benchsMusee/opb_Equals1_cod2/normalized-BA_RDC4.dot_fibo_50null0mast_rapportOE2.0_TMAX300_K67_cod2_pbEq1_newVersion.opb.xz,18
OPT-LIN/normalized-extraPB12/sroussel/benchsMusee/opb_Equals1_cod2/normalized-BA_RDC4.dot_fibo_50null0mast_rapportOE2.0_TMAX60_K67_cod2_pbEq1_newVersion.opb.xz,18
OPT-LIN/normalized-extraPB12/sroussel/benchsMusee/opb_Equals1_cod2/normalized-BA_RDC4.dot_fibo_50null10mast_rapportOE1.0_TMAX120_K67_cod2_pbEq1_newVersion.opb.xz,20
OPT-LIN/normalized-extraPB12/sroussel/benchsMusee/opb_Equals1_cod2/normalized-BA_RDC4.dot_fibo_50null10mast_rapportOE1.0_TMAX15_K67_cod2_pbEq1_newVersion.opb.xz,20
OPT-LIN/normalized-extraPB12/sroussel/benchsMusee/opb_Equals1_cod2/normalized-BA_RDC4.dot_fibo_50null10mast_rapportOE1.0_TMAX180_K67_cod2_pbEq1_newVersion.opb.xz,20
OPT-LIN/normalized-extraPB12/sroussel/benchsMusee/opb_Equals1_cod2/normalized-BA_RDC4.dot_fibo_50null10mast_rapportOE1.0_TMAX300_K67_cod2_pbEq1_newVersion.opb.xz,20
OPT-LIN/normalized-extraPB12/sroussel/benchsMusee/opb_Equals1_cod2/normalized-BA_RDC4.dot_fibo_50null10mast_rapportOE1.0_TMAX60_K67_cod2_pbEq1_newVersion.opb.xz,20
OPT-LIN/normalized-extraPB12/sroussel/benchsMusee/opb_Equals1_cod2/normalized-BA_RDC4.dot_fibo_50null10mast_rapportOE2.0_TMAX120_K67_cod2_pbEq1_newVersion.opb.xz,20
OPT-LIN/normalized-extraPB12/sroussel/benchsMusee/opb_Equals1_cod2/normalized-BA_RDC4.dot_fibo_50null10mast_rapportOE2.0_TMAX15_K67_cod2_pbEq1_newVersion.opb.xz,20
OPT-LIN/normalized-extraPB12/sroussel/benchsMusee/opb_Equals1_cod2/normalized-BA_RDC4.dot_fibo_50null10mast_rapportOE2.0_TMAX180_K67_cod2_pbEq1_newVersion.opb.xz,20
OPT-LIN/normalized-extraPB12/sroussel/benchsMusee/opb_Equals1_cod2/normalized-BA_RDC4.dot_fibo_50null10mast_rapportOE2.0_TMAX300_K67_cod2_pbEq1_newVersion.opb.xz,20
OPT-LIN/normalized-extraPB12/sroussel/benchsMusee/opb_Equals1_cod2/normalized-BA_RDC4.dot_fibo_50null10mast_rapportOE2.0_TMAX60_K67_cod2_pbEq1_newVersion.opb.xz,20
OPT-LIN/normalized-extraPB12/sroussel/benchsMusee/opb_Equals1_cod2/normalized-BA_RDC4.dot_fibo_50null20mast_rapportOE1.0_TMAX120_K67_cod2_pbEq1_newVersion.opb.xz,21
OPT-LIN/normalized-extraPB12/sroussel/benchsMusee/opb_Equals1_cod2/normalized-BA_RDC4.dot_fibo_50null20mast_rapportOE1.0_TMAX15_K67_cod2_pbEq1_newVersion.opb.xz,21
OPT-LIN/normalized-extraPB12/sroussel/benchsMusee/opb_Equals1_cod2/normalized-BA_RDC4.dot_fibo_50null20mast_rapportOE1.0_TMAX180_K67_cod2_pbEq1_newVersion.opb.xz,21
OPT-LIN/normalized-extraPB12/sroussel/benchsMusee/opb_Equals1_cod2/normalized-BA_RDC4.dot_fibo_50null20mast_rapportOE1.0_TMAX300_K67_cod2_pbEq1_newVersion.opb.xz,21
OPT-LIN/normalized-extraPB12/sroussel/benchsMusee/opb_Equals1_cod2/normalized-BA_RDC4.dot_fibo_50null20mast_rapportOE1.0_TMAX60_K67_cod2_pbEq1_newVersion.opb.xz,21
OPT-LIN/normalized-extraPB12/sroussel/benchsMusee/opb_Equals1_cod2/normalized-BA_RDC4.dot_fibo_50null20mast_rapportOE2.0_TMAX120_K67_cod2_pbEq1_newVersion.opb.xz,21
OPT-LIN/normalized-extraPB12/sroussel/benchsMusee/opb_Equals1_cod2/normalized-BA_RDC4.dot_fibo_50null20mast_rapportOE2.0_TMAX15_K67_cod2_pbEq1_newVersion.opb.xz,21
OPT-LIN/normalized-extraPB12/sroussel/benchsMusee/opb_Equals1_cod2/normalized-BA_RDC4.dot_fibo_50null20mast_rapportOE2.0_TMAX180_K67_cod2_pbEq1_newVersion.opb.xz,21
OPT-LIN/normalized-extraPB12/sroussel/benchsMusee/opb_Equals1_cod2/normalized-BA_RDC4.dot_fibo_50null20mast_rapportOE2.0_TMAX300_K67_cod2_pbEq1_newVersion.opb.xz,21
OPT-LIN/normalized-extraPB12/sroussel/benchsMusee/opb_Equals1_cod2/normalized-BA_RDC4.dot_fibo_50null20mast_rapportOE2.0_TMAX60_K67_cod2_pbEq1_newVersion.opb.xz,21
OPT-LIN/normalized-extraPB12/sroussel/benchsMusee/opb_Equals1_cod2/normalized-BA_RDC4.dot_fibo_50null50mast_rapportOE1.0_TMAX120_K67_cod2_pbEq1_newVersion.opb.xz,14
OPT-LIN/normalized-extraPB12/sroussel/benchsMusee/opb_Equals1_cod2/normalized-BA_RDC4.dot_fibo_50null50mast_rapportOE1.0_TMAX15_K67_cod2_pbEq1_newVersion.opb.xz,14
OPT-LIN/normalized-extraPB12/sroussel/benchsMusee/opb_Equals1_cod2/normalized-BA_RDC4.dot_fibo_50null50mast_rapportOE1.0_TMAX180_K67_cod2_pbEq1_newVersion.opb.xz,14
OPT-LIN/normalized-extraPB12/sroussel/benchsMusee/opb_Equals1_cod2/normalized-BA_RDC4.dot_fibo_50null50mast_rapportOE1.0_TMAX300_K67_cod2_pbEq1_newVersion.opb.xz,14
OPT-LIN/normalized-extraPB12/sroussel/benchsMusee/opb_Equals1_cod2/normalized-BA_RDC4.dot_fibo_50null50mast_rapportOE1.0_TMAX60_K67_cod2_pbEq1_newVersion.opb.xz,14
OPT-LIN/normalized-extraPB12/sroussel/benchsMusee/opb_Equals1_cod2/normalized-BA_RDC4.dot_fibo_50null50mast_rapportOE2.0_TMAX120_K67_cod2_pbEq1_newVersion.opb.xz,14
OPT-LIN/normalized-extraPB12/sroussel/benchsMusee/opb_Equals1_cod2/normalized-BA_RDC4.dot_fibo_50null50mast_rapportOE2.0_TMAX15_K67_cod2_pbEq1_newVersion.opb.xz,14
OPT-LIN/normalized-extraPB12/sroussel/benchsMusee/opb_Equals1_cod2/normalized-BA_RDC4.dot_fibo_50null50mast_rapportOE2.0_TMAX180_K67_cod2_pbEq1_newVersion.opb.xz,14
OPT-LIN/normalized-extraPB12/sroussel/benchsMusee/opb_Equals1_cod2/normalized-BA_RDC4.dot_fibo_50null50mast_rapportOE2.0_TMAX300_K67_cod2_pbEq1_newVersion.opb.xz,14
OPT-LIN/normalized-extraPB12/sroussel/benchsMusee/opb_Equals1_cod2/normalized-BA_RDC4.dot_fibo_50null50mast_rapportOE2.0_TMAX60_K67_cod2_pbEq1_newVersion.opb.xz,14
OPT-LIN/normalized-extraPB12/sroussel/benchsMusee/opb_Equals1_cod2/normalized-BA_RDC4.dot_luby_0null0mast_rapportOE1.0_TMAX120_K67_cod2_pbEq1_newVersion.opb.xz,14
OPT-LIN/normalized-extraPB12/sroussel/benchsMusee/opb_Equals1_cod2/normalized-BA_RDC4.dot_luby_0null0mast_rapportOE1.0_TMAX15_K67_cod2_pbEq1_newVersion.opb.xz,14
OPT-LIN/normalized-extraPB12/sroussel/benchsMusee/opb_Equals1_cod2/normalized-BA_RDC4.dot_luby_0null0mast_rapportOE1.0_TMAX180_K67_cod2_pbEq1_newVersion.opb.xz,14
OPT-LIN/normalized-extraPB12/sroussel/benchsMusee/opb_Equals1_cod2/normalized-BA_RDC4.dot_luby_0null0mast_rapportOE1.0_TMAX300_K67_cod2_pbEq1_newVersion.opb.xz,14
OPT-LIN/normalized-extraPB12/sroussel/benchsMusee/opb_Equals1_cod2/normalized-BA_RDC4.dot_luby_0null0mast_rapportOE1.0_TMAX60_K67_cod2_pbEq1_newVersion.opb.xz,14
OPT-LIN/normalized-extraPB12/sroussel/benchsMusee/opb_Equals1_cod2/normalized-BA_RDC4.dot_luby_0null0mast_rapportOE2.0_TMAX120_K67_cod2_pbEq1_newVersion.opb.xz,14
OPT-LIN/normalized-extraPB12/sroussel/benchsMusee/opb_Equals1_cod2/normalized-BA_RDC4.dot_luby_0null0mast_rapportOE2.0_TMAX15_K67_cod2_pbEq1_newVersion.opb.xz,14
OPT-LIN/normalized-extraPB12/sroussel/benchsMusee/opb_Equals1_cod2/normalized-BA_RDC4.dot_luby_0null0mast_rapportOE2.0_TMAX180_K67_cod2_pbEq1_newVersion.opb.xz,14
OPT-LIN/normalized-extraPB12/sroussel/benchsMusee/opb_Equals1_cod2/normalized-BA_RDC4.dot_luby_0null0mast_rapportOE2.0_TMAX300_K67_cod2_pbEq1_newVersion.opb.xz,14
OPT-LIN/normalized-extraPB12/sroussel/benchsMusee/opb_Equals1_cod2/normalized-BA_RDC4.dot_luby_0null0mast_rapportOE2.0_TMAX60_K67_cod2_pbEq1_newVersion.opb.xz,14
OPT-LIN/normalized-extraPB12/sroussel/benchsMusee/opb_Equals1_cod2/normalized-BA_RDC4.dot_luby_0null10mast_rapportOE1.0_TMAX120_K67_cod2_pbEq1_newVersion.opb.xz,14
OPT-LIN/normalized-extraPB12/sroussel/benchsMusee/opb_Equals1_cod2/normalized-BA_RDC4.dot_luby_0null10mast_rapportOE1.0_TMAX15_K67_cod2_pbEq1_newVersion.opb.xz,14
OPT-LIN/normalized-extraPB12/sroussel/benchsMusee/opb_Equals1_cod2/normalized-BA_RDC4.dot_luby_0null10mast_rapportOE1.0_TMAX180_K67_cod2_pbEq1_newVersion.opb.xz,14
OPT-LIN/normalized-extraPB12/sroussel/benchsMusee/opb_Equals1_cod2/normalized-BA_RDC4.dot_luby_0null10mast_rapportOE1.0_TMAX300_K67_cod2_pbEq1_newVersion.opb.xz,14
OPT-LIN/normalized-extraPB12/sroussel/benchsMusee/opb_Equals1_cod2/normalized-BA_RDC4.dot_luby_0null10mast_rapportOE1.0_TMAX60_K67_cod2_pbEq1_newVersion.opb.xz,14
OPT-LIN/normalized-extraPB12/sroussel/benchsMusee/opb_Equals1_cod2/normalized-BA_RDC4.dot_luby_0null10mast_rapportOE2.0_TMAX120_K67_cod2_pbEq1_newVersion.opb.xz,14
OPT-LIN/normalized-extraPB12/sroussel/benchsMusee/opb_Equals1_cod2/normalized-BA_RDC4.dot_luby_0null10mast_rapportOE2.0_TMAX15_K67_cod2_pbEq1_newVersion.opb.xz,14
OPT-LIN/normalized-extraPB12/sroussel/benchsMusee/opb_Equals1_cod2/normalized-BA_RDC4.dot_luby_0null10mast_rapportOE2.0_TMAX180_K67_cod2_pbEq1_newVersion.opb.xz,14
OPT-LIN/normalized-extraPB12/sroussel/benchsMusee/opb_Equals1_cod2/normalized-BA_RDC4.dot_luby_0null10mast_rapportOE2.0_TMAX300_K67_cod2_pbEq1_newVersion.opb.xz,14
OPT-LIN/normalized-extraPB12/sroussel/benchsMusee/opb_Equals1_cod2/normalized-BA_RDC4.dot_luby_0null10mast_rapportOE2.0_TMAX60_K67_cod2_pbEq1_newVersion.opb.xz,14
OPT-LIN/normalized-extraPB12/sroussel/benchsMusee/opb_Equals1_cod2/normalized-BA_RDC4.dot_luby_0null20mast_rapportOE1.0_TMAX120_K67_cod2_pbEq1_newVersion.opb.xz,15
OPT-LIN/normalized-extraPB12/sroussel/benchsMusee/opb_Equals1_cod2/normalized-BA_RDC4.dot_luby_0null20mast_rapportOE1.0_TMAX15_K67_cod2_pbEq1_newVersion.opb.xz,15
OPT-LIN/normalized-extraPB12/sroussel/benchsMusee/opb_Equals1_cod2/normalized-BA_RDC4.dot_luby_0null20mast_rapportOE1.0_TMAX180_K67_cod2_pbEq1_newVersion.opb.xz,15
OPT-LIN/normalized-extraPB12/sroussel/benchsMusee/opb_Equals1_cod2/normalized-BA_RDC4.dot_luby_0null20mast_rapportOE1.0_TMAX300_K67_cod2_pbEq1_newVersion.opb.xz,15
OPT-LIN/normalized-extraPB12/sroussel/benchsMusee/opb_Equals1_cod2/normalized-BA_RDC4.dot_luby_0null20mast_rapportOE1.0_TMAX60_K67_cod2_pbEq1_newVersion.opb.xz,15
OPT-LIN/normalized-extraPB12/sroussel/benchsMusee/opb_Equals1_cod2/normalized-BA_RDC4.dot_luby_0null20mast_rapportOE2.0_TMAX120_K67_cod2_pbEq1_newVersion.opb.xz,15
OPT-LIN/normalized-extraPB12/sroussel/benchsMusee/opb_Equals1_cod2/normalized-BA_RDC4.dot_luby_0null20mast_rapportOE2.0_TMAX15_K67_cod2_pbEq1_newVersion.opb.xz,15
OPT-LIN/normalized-extraPB12/sroussel/benchsMusee/opb_Equals1_cod2/normalized-BA_RDC4.dot_luby_0null20mast_rapportOE2.0_TMAX180_K67_cod2_pbEq1_newVersion.opb.xz,15
OPT-LIN/normalized-extraPB12/sroussel/benchsMusee/opb_Equals1_cod2/normalized-BA_RDC4.dot_luby_0null20mast_rapportOE2.0_TMAX300_K67_cod2_pbEq1_newVersion.opb.xz,15
OPT-LIN/normalized-extraPB12/sroussel/benchsMusee/opb_Equals1_cod2/normalized-BA_RDC4.dot_luby_0null20mast_rapportOE2.0_TMAX60_K67_cod2_pbEq1_newVersion.opb.xz,15
OPT-LIN/normalized-extraPB12/sroussel/benchsMusee/opb_Equals1_cod2/normalized-BA_RDC4.dot_luby_0null50mast_rapportOE1.0_TMAX120_K67_cod2_pbEq1_newVersion.opb.xz,16
OPT-LIN/normalized-extraPB12/sroussel/benchsMusee/opb_Equals1_cod2/normalized-BA_RDC4.dot_luby_0null50mast_rapportOE1.0_TMAX15_K67_cod2_pbEq1_newVersion.opb.xz,16
OPT-LIN/normalized-extraPB12/sroussel/benchsMusee/opb_Equals1_cod2/normalized-BA_RDC4.dot_luby_0null50mast_rapportOE1.0_TMAX180_K67_cod2_pbEq1_newVersion.opb.xz,16
OPT-LIN/normalized-extraPB12/sroussel/benchsMusee/opb_Equals1_cod2/normalized-BA_RDC4.dot_luby_0null50mast_rapportOE1.0_TMAX300_K67_cod2_pbEq1_newVersion.opb.xz,16
OPT-LIN/normalized-extraPB12/sroussel/benchsMusee/opb_Equals1_cod2/normalized-BA_RDC4.dot_luby_0null50mast_rapportOE1.0_TMAX60_K67_cod2_pbEq1_newVersion.opb.xz,16
OPT-LIN/normalized-extraPB12/sroussel/benchsMusee/opb_Equals1_cod2/normalized-BA_RDC4.dot_luby_0null50mast_rapportOE2.0_TMAX120_K67_cod2_pbEq1_newVersion.opb.xz,16
OPT-LIN/normalized-extraPB12/sroussel/benchsMusee/opb_Equals1_cod2/normalized-BA_RDC4.dot_luby_0null50mast_rapportOE2.0_TMAX15_K67_cod2_pbEq1_newVersion.opb.xz,16
OPT-LIN/normalized-extraPB12/sroussel/benchsMusee/opb_Equals1_cod2/normalized-BA_RDC4.dot_luby_0null50mast_rapportOE2.0_TMAX180_K67_cod2_pbEq1_newVersion.opb.xz,16
OPT-LIN/normalized-extraPB12/sroussel/benchsMusee/opb_Equals1_cod2/normalized-BA_RDC4.dot_luby_0null50mast_rapportOE2.0_TMAX300_K67_cod2_pbEq1_newVersion.opb.xz,16
OPT-LIN/normalized-extraPB12/sroussel/benchsMusee/opb_Equals1_cod2/normalized-BA_RDC4.dot_luby_0null50mast_rapportOE2.0_TMAX60_K67_cod2_pbEq1_newVersion.opb.xz,16
OPT-LIN/normalized-extraPB12/sroussel/benchsMusee/opb_Equals1_cod2/normalized-BA_RDC4.dot_luby_10null0mast_rapportOE1.0_TMAX120_K67_cod2_pbEq1_newVersion.opb.xz,14
OPT-LIN/normalized-extraPB12/sroussel/benchsMusee/opb_Equals1_cod2/normalized-BA_RDC4.dot_luby_10null0mast_rapportOE1.0_TMAX15_K67_cod2_pbEq1_newVersion.opb.xz,14
OPT-LIN/normalized-extraPB12/sroussel/benchsMusee/opb_Equals1_cod2/normalized-BA_RDC4.dot_luby_10null0mast_rapportOE1.0_TMAX180_K67_cod2_pbEq1_newVersion.opb.xz,14
OPT-LIN/normalized-extraPB12/sroussel/benchsMusee/opb_Equals1_cod2/normalized-BA_RDC4.dot_luby_10null0mast_rapportOE1.0_TMAX300_K67_cod2_pbEq1_newVersion.opb.xz,14
OPT-LIN/normalized-extraPB12/sroussel/benchsMusee/opb_Equals1_cod2/normalized-BA_RDC4.dot_luby_10null0mast_rapportOE1.0_TMAX60_K67_cod2_pbEq1_newVersion.opb.xz,14
OPT-LIN/normalized-extraPB12/sroussel/benchsMusee/opb_Equals1_cod2/normalized-BA_RDC4.dot_luby_10null0mast_rapportOE2.0_TMAX120_K67_cod2_pbEq1_newVersion.opb.xz,14
OPT-LIN/normalized-extraPB12/sroussel/benchsMusee/opb_Equals1_cod2/normalized-BA_RDC4.dot_luby_10null0mast_rapportOE2.0_TMAX15_K67_cod2_pbEq1_newVersion.opb.xz,14
OPT-LIN/normalized-extraPB12/sroussel/benchsMusee/opb_Equals1_cod2/normalized-BA_RDC4.dot_luby_10null0mast_rapportOE2.0_TMAX180_K67_cod2_pbEq1_newVersion.opb.xz,14
OPT-LIN/normalized-extraPB12/sroussel/benchsMusee/opb_Equals1_cod2/normalized-BA_RDC4.dot_luby_10null0mast_rapportOE2.0_TMAX300_K67_cod2_pbEq1_newVersion.opb.xz,14
OPT-LIN/normalized-extraPB12/sroussel/benchsMusee/opb_Equals1_cod2/normalized-BA_RDC4.dot_luby_10null0mast_rapportOE2.0_TMAX60_K67_cod2_pbEq1_newVersion.opb.xz,14
OPT-LIN/normalized-extraPB12/sroussel/benchsMusee/opb_Equals1_cod2/normalized-BA_RDC4.dot_luby_10null10mast_rapportOE1.0_TMAX120_K67_cod2_pbEq1_newVersion.opb.xz,14
OPT-LIN/normalized-extraPB12/sroussel/benchsMusee/opb_Equals1_cod2/normalized-BA_RDC4.dot_luby_10null10mast_rapportOE1.0_TMAX15_K67_cod2_pbEq1_newVersion.opb.xz,14
OPT-LIN/normalized-extraPB12/sroussel/benchsMusee/opb_Equals1_cod2/normalized-BA_RDC4.dot_luby_10null10mast_rapportOE1.0_TMAX180_K67_cod2_pbEq1_newVersion.opb.xz,14
OPT-LIN/normalized-extraPB12/sroussel/benchsMusee/opb_Equals1_cod2/normalized-BA_RDC4.dot_luby_10null10mast_rapportOE1.0_TMAX300_K67_cod2_pbEq1_newVersion.opb.xz,14
OPT-LIN/normalized-extraPB12/sroussel/benchsMusee/opb_Equals1_cod2/normalized-BA_RDC4.dot_luby_10null10mast_rapportOE1.0_TMAX60_K67_cod2_pbEq1_newVersion.opb.xz,14
OPT-LIN/normalized-extraPB12/sroussel/benchsMusee/opb_Equals1_cod2/normalized-BA_RDC4.dot_luby_10null10mast_rapportOE2.0_TMAX120_K67_cod2_pbEq1_newVersion.opb.xz,14
OPT-LIN/normalized-extraPB12/sroussel/benchsMusee/opb_Equals1_cod2/normalized-BA_RDC4.dot_luby_10null10mast_rapportOE2.0_TMAX15_K67_cod2_pbEq1_newVersion.opb.xz,14
OPT-LIN/normalized-extraPB12/sroussel/benchsMusee/opb_Equals1_cod2/normalized-BA_RDC4.dot_luby_10null10mast_rapportOE2.0_TMAX180_K67_cod2_pbEq1_newVersion.opb.xz,14
OPT-LIN/normalized-extraPB12/sroussel/benchsMusee/opb_Equals1_cod2/normalized-BA_RDC4.dot_luby_10null10mast_rapportOE2.0_TMAX300_K67_cod2_pbEq1_newVersion.opb.xz,14
OPT-LIN/normalized-extraPB12/sroussel/benchsMusee/opb_Equals1_cod2/normalized-BA_RDC4.dot_luby_10null10mast_rapportOE2.0_TMAX60_K67_cod2_pbEq1_newVersion.opb.xz,14
OPT-LIN/normalized-extraPB12/sroussel/benchsMusee/opb_Equals1_cod2/normalized-BA_RDC4.dot_luby_10null20mast_rapportOE1.0_TMAX120_K67_cod2_pbEq1_newVersion.opb.xz,15
OPT-LIN/normalized-extraPB12/sroussel/benchsMusee/opb_Equals1_cod2/normalized-BA_RDC4.dot_luby_10null20mast_rapportOE1.0_TMAX15_K67_cod2_pbEq1_newVersion.opb.xz,15
OPT-LIN/normalized-extraPB12/sroussel/benchsMusee/opb_Equals1_cod2/normalized-BA_RDC4.dot_luby_10null20mast_rapportOE1.0_TMAX180_K67_cod2_pbEq1_newVersion.opb.xz,15
OPT-LIN/normalized-extraPB12/sroussel/benchsMusee/opb_Equals1_cod2/normalized-BA_RDC4.dot_luby_10null20mast_rapportOE1.0_TMAX300_K67_cod2_pbEq1_newVersion.opb.xz,15
OPT-LIN/normalized-extraPB12/sroussel/benchsMusee/opb_Equals1_cod2/normalized-BA_RDC4.dot_luby_10null20mast_rapportOE1.0_TMAX60_K67_cod2_pbEq1_newVersion.opb.xz,15
OPT-LIN/normalized-extraPB12/sroussel/benchsMusee/opb_Equals1_cod2/normalized-BA_RDC4.dot_luby_10null20mast_rapportOE2.0_TMAX120_K67_cod2_pbEq1_newVersion.opb.xz,15
OPT-LIN/normalized-extraPB12/sroussel/benchsMusee/opb_Equals1_cod2/normalized-BA_RDC4.dot_luby_10null20mast_rapportOE2.0_TMAX15_K67_cod2_pbEq1_newVersion.opb.xz,15
OPT-LIN/normalized-extraPB12/sroussel/benchsMusee/opb_Equals1_cod2/normalized-BA_RDC4.dot_luby_10null20mast_rapportOE2.0_TMAX180_K67_cod2_pbEq1_newVersion.opb.xz,15
OPT-LIN/normalized-extraPB12/sroussel/benchsMusee/opb_Equals1_cod2/normalized-BA_RDC4.dot_luby_10null20mast_rapportOE2.0_TMAX300_K67_cod2_pbEq1_newVersion.opb.xz,15
OPT-LIN/normalized-extraPB12/sroussel/benchsMusee/opb_Equals1_cod2/normalized-BA_RDC4.dot_luby_10null20mast_rapportOE2.0_TMAX60_K67_cod2_pbEq1_newVersion.opb.xz,15
OPT-LIN/normalized-extraPB12/sroussel/benchsMusee/opb_Equals1_cod2/normalized-BA_RDC4.dot_luby_10null50mast_rapportOE1.0_TMAX120_K67_cod2_pbEq1_newVersion.opb.xz,16
OPT-LIN/normalized-extraPB12/sroussel/benchsMusee/opb_Equals1_cod2/normalized-BA_RDC4.dot_luby_10null50mast_rapportOE1.0_TMAX15_K67_cod2_pbEq1_newVersion.opb.xz,16
OPT-LIN/normalized-extraPB12/sroussel/benchsMusee/opb_Equals1_cod2/normalized-BA_RDC4.dot_luby_10null50mast_rapportOE1.0_TMAX180_K67_cod2_pbEq1_newVersion.opb.xz,16
OPT-LIN/normalized-extraPB12/sroussel/benchsMusee/opb_Equals1_cod2/normalized-BA_RDC4.dot_luby_10null50mast_rapportOE1.0_TMAX300_K67_cod2_pbEq1_newVersion.opb.xz,16
OPT-LIN/normalized-extraPB12/sroussel/benchsMusee/opb_Equals1_cod2/normalized-BA_RDC4.dot_luby_10null50mast_rapportOE1.0_TMAX60_K67_cod2_pbEq1_newVersion.opb.xz,16
OPT-LIN/normalized-extraPB12/sroussel/benchsMusee/opb_Equals1_cod2/normalized-BA_RDC4.dot_luby_10null50mast_rapportOE2.0_TMAX120_K67_cod2_pbEq1_newVersion.opb.xz,16
OPT-LIN/normalized-extraPB12/sroussel/benchsMusee/opb_Equals1_cod2/normalized-BA_RDC4.dot_luby_10null50mast_rapportOE2.0_TMAX15_K67_cod2_pbEq1_newVersion.opb.xz,16
OPT-LIN/normalized-extraPB12/sroussel/benchsMusee/opb_Equals1_cod2/normalized-BA_RDC4.dot_luby_10null50mast_rapportOE2.0_TMAX180_K67_cod2_pbEq1_newVersion.opb.xz,16
OPT-LIN/normalized-extraPB12/sroussel/benchsMusee/opb_Equals1_cod2/normalized-BA_RDC4.dot_luby_10null50mast_rapportOE2.0_TMAX300_K67_cod2_pbEq1_newVersion.opb.xz,16
OPT-LIN/normalized-extraPB12/sroussel/benchsMusee/opb_Equals1_cod2/normalized-BA_RDC4.dot_luby_10null50mast_rapportOE2.0_TMAX60_K67_cod2_pbEq1_newVersion.opb.xz,16
OPT-LIN/normalized-extraPB12/sroussel/benchsMusee/opb_Equals1_cod2/normalized-BA_RDC4.dot_luby_20null0mast_rapportOE1.0_TMAX120_K67_cod2_pbEq1_newVersion.opb.xz,14
OPT-LIN/normalized-extraPB12/sroussel/benchsMusee/opb_Equals1_cod2/normalized-BA_RDC4.dot_luby_20null0mast_rapportOE1.0_TMAX15_K67_cod2_pbEq1_newVersion.opb.xz,14
OPT-LIN/normalized-extraPB12/sroussel/benchsMusee/opb_Equals1_cod2/normalized-BA_RDC4.dot_luby_20null0mast_rapportOE1.0_TMAX180_K67_cod2_pbEq1_newVersion.opb.xz,14
OPT-LIN/normalized-extraPB12/sroussel/benchsMusee/opb_Equals1_cod2/normalized-BA_RDC4.dot_luby_20null0mast_rapportOE1.0_TMAX300_K67_cod2_pbEq1_newVersion.opb.xz,14
OPT-LIN/normalized-extraPB12/sroussel/benchsMusee/opb_Equals1_cod2/normalized-BA_RDC4.dot_luby_20null0mast_rapportOE1.0_TMAX60_K67_cod2_pbEq1_newVersion.opb.xz,14
OPT-LIN/normalized-extraPB12/sroussel/benchsMusee/opb_Equals1_cod2/normalized-BA_RDC4.dot_luby_20null0mast_rapportOE2.0_TMAX120_K67_cod2_pbEq1_newVersion.opb.xz,14
OPT-LIN/normalized-extraPB12/sroussel/benchsMusee/opb_Equals1_cod2/normalized-BA_RDC4.dot_luby_20null0mast_rapportOE2.0_TMAX15_K67_cod2_pbEq1_newVersion.opb.xz,14
OPT-LIN/normalized-extraPB12/sroussel/benchsMusee/opb_Equals1_cod2/normalized-BA_RDC4.dot_luby_20null0mast_rapportOE2.0_TMAX180_K67_cod2_pbEq1_newVersion.opb.xz,14
OPT-LIN/normalized-extraPB12/sroussel/benchsMusee/opb_Equals1_cod2/normalized-BA_RDC4.dot_luby_20null0mast_rapportOE2.0_TMAX300_K67_cod2_pbEq1_newVersion.opb.xz,14
OPT-LIN/normalized-extraPB12/sroussel/benchsMusee/opb_Equals1_cod2/normalized-BA_RDC4.dot_luby_20null0mast_rapportOE2.0_TMAX60_K67_cod2_pbEq1_newVersion.opb.xz,14
OPT-LIN/normalized-extraPB12/sroussel/benchsMusee/opb_Equals1_cod2/normalized-BA_RDC4.dot_luby_20null10mast_rapportOE1.0_TMAX120_K67_cod2_pbEq1_newVersion.opb.xz,14
OPT-LIN/normalized-extraPB12/sroussel/benchsMusee/opb_Equals1_cod2/normalized-BA_RDC4.dot_luby_20null10mast_rapportOE1.0_TMAX15_K67_cod2_pbEq1_newVersion.opb.xz,14
OPT-LIN/normalized-extraPB12/sroussel/benchsMusee/opb_Equals1_cod2/normalized-BA_RDC4.dot_luby_20null10mast_rapportOE1.0_TMAX180_K67_cod2_pbEq1_newVersion.opb.xz,14
OPT-LIN/normalized-extraPB12/sroussel/benchsMusee/opb_Equals1_cod2/normalized-BA_RDC4.dot_luby_20null10mast_rapportOE1.0_TMAX300_K67_cod2_pbEq1_newVersion.opb.xz,14
OPT-LIN/normalized-extraPB12/sroussel/benchsMusee/opb_Equals1_cod2/normalized-BA_RDC4.dot_luby_20null10mast_rapportOE1.0_TMAX60_K67_cod2_pbEq1_newVersion.opb.xz,14
OPT-LIN/normalized-extraPB12/sroussel/benchsMusee/opb_Equals1_cod2/normalized-BA_RDC4.dot_luby_20null10mast_rapportOE2.0_TMAX120_K67_cod2_pbEq1_newVersion.opb.xz,14
OPT-LIN/normalized-extraPB12/sroussel/benchsMusee/opb_Equals1_cod2/normalized-BA_RDC4.dot_luby_20null10mast_rapportOE2.0_TMAX15_K67_cod2_pbEq1_newVersion.opb.xz,14
OPT-LIN/normalized-extraPB12/sroussel/benchsMusee/opb_Equals1_cod2/normalized-BA_RDC4.dot_luby_20null10mast_rapportOE2.0_TMAX180_K67_cod2_pbEq1_newVersion.opb.xz,14
OPT-LIN/normalized-extraPB12/sroussel/benchsMusee/opb_Equals1_cod2/normalized-BA_RDC4.dot_luby_20null10mast_rapportOE2.0_TMAX300_K67_cod2_pbEq1_newVersion.opb.xz,14
OPT-LIN/normalized-extraPB12/sroussel/benchsMusee/opb_Equals1_cod2/normalized-BA_RDC4.dot_luby_20null10mast_rapportOE2.0_TMAX60_K67_cod2_pbEq1_newVersion.opb.xz,14
OPT-LIN/normalized-extraPB12/sroussel/benchsMusee/opb_Equals1_cod2/normalized-BA_RDC4.dot_luby_20null20mast_rapportOE1.0_TMAX120_K67_cod2_pbEq1_newVersion.opb.xz,15
OPT-LIN/normalized-extraPB12/sroussel/benchsMusee/opb_Equals1_cod2/normalized-BA_RDC4.dot_luby_20null20mast_rapportOE1.0_TMAX15_K67_cod2_pbEq1_newVersion.opb.xz,15
OPT-LIN/normalized-extraPB12/sroussel/benchsMusee/opb_Equals1_cod2/normalized-BA_RDC4.dot_luby_20null20mast_rapportOE1.0_TMAX180_K67_cod2_pbEq1_newVersion.opb.xz,15
OPT-LIN/normalized-extraPB12/sroussel/benchsMusee/opb_Equals1_cod2/normalized-BA_RDC4.dot_luby_20null20mast_rapportOE1.0_TMAX300_K67_cod2_pbEq1_newVersion.opb.xz,15
OPT-LIN/normalized-extraPB12/sroussel/benchsMusee/opb_Equals1_cod2/normalized-BA_RDC4.dot_luby_20null20mast_rapportOE1.0_TMAX60_K67_cod2_pbEq1_newVersion.opb.xz,15
OPT-LIN/normalized-extraPB12/sroussel/benchsMusee/opb_Equals1_cod2/normalized-BA_RDC4.dot_luby_20null20mast_rapportOE2.0_TMAX120_K67_cod2_pbEq1_newVersion.opb.xz,15
OPT-LIN/normalized-extraPB12/sroussel/benchsMusee/opb_Equals1_cod2/normalized-BA_RDC4.dot_luby_20null20mast_rapportOE2.0_TMAX15_K67_cod2_pbEq1_newVersion.opb.xz,15
OPT-LIN/normalized-extraPB12/sroussel/benchsMusee/opb_Equals1_cod2/normalized-BA_RDC4.dot_luby_20null20mast_rapportOE2.0_TMAX180_K67_cod2_pbEq1_newVersion.opb.xz,15
OPT-LIN/normalized-extraPB12/sroussel/benchsMusee/opb_Equals1_cod2/normalized-BA_RDC4.dot_luby_20null20mast_rapportOE2.0_TMAX300_K67_cod2_pbEq1_newVersion.opb.xz,15
OPT-LIN/normalized-extraPB12/sroussel/benchsMusee/opb_Equals1_cod2/normalized-BA_RDC4.dot_luby_20null20mast_rapportOE2.0_TMAX60_K67_cod2_pbEq1_newVersion.opb.xz,15
OPT-LIN/normalized-extraPB12/sroussel/benchsMusee/opb_Equals1_cod2/normalized-BA_RDC4.dot_luby_20null50mast_rapportOE1.0_TMAX120_K67_cod2_pbEq1_newVersion.opb.xz,16
OPT-LIN/normalized-extraPB12/sroussel/benchsMusee/opb_Equals1_cod2/normalized-BA_RDC4.dot_luby_20null50mast_rapportOE1.0_TMAX15_K67_cod2_pbEq1_newVersion.opb.xz,16
OPT-LIN/normalized-extraPB12/sroussel/benchsMusee/opb_Equals1_cod2/normalized-BA_RDC4.dot_luby_20null50mast_rapportOE1.0_TMAX180_K67_cod2_pbEq1_newVersion.opb.xz,16
OPT-LIN/normalized-extraPB12/sroussel/benchsMusee/opb_Equals1_cod2/normalized-BA_RDC4.dot_luby_20null50mast_rapportOE1.0_TMAX300_K67_cod2_pbEq1_newVersion.opb.xz,16
OPT-LIN/normalized-extraPB12/sroussel/benchsMusee/opb_Equals1_cod2/normalized-BA_RDC4.dot_luby_20null50mast_rapportOE1.0_TMAX60_K67_cod2_pbEq1_newVersion.opb.xz,16
OPT-LIN/normalized-extraPB12/sroussel/benchsMusee/opb_Equals1_cod2/normalized-BA_RDC4.dot_luby_20null50mast_rapportOE2.0_TMAX120_K67_cod2_pbEq1_newVersion.opb.xz,16
OPT-LIN/normalized-extraPB12/sroussel/benchsMusee/opb_Equals1_cod2/normalized-BA_RDC4.dot_luby_20null50mast_rapportOE2.0_TMAX15_K67_cod2_pbEq1_newVersion.opb.xz,16
OPT-LIN/normalized-extraPB12/sroussel/benchsMusee/opb_Equals1_cod2/normalized-BA_RDC4.dot_luby_20null50mast_rapportOE2.0_TMAX180_K67_cod2_pbEq1_newVersion.opb.xz,16
OPT-LIN/normalized-extraPB12/sroussel/benchsMusee/opb_Equals1_cod2/normalized-BA_RDC4.dot_luby_20null50mast_rapportOE2.0_TMAX300_K67_cod2_pbEq1_newVersion.opb.xz,16
OPT-LIN/normalized-extraPB12/sroussel/benchsMusee/opb_Equals1_cod2/normalized-BA_RDC4.dot_luby_20null50mast_rapportOE2.0_TMAX60_K67_cod2_pbEq1_newVersion.opb.xz,16
OPT-LIN/normalized-extraPB12/sroussel/benchsMusee/opb_Equals1_cod2/normalized-BA_RDC4.dot_luby_50null0mast_rapportOE1.0_TMAX120_K67_cod2_pbEq1_newVersion.opb.xz,14
OPT-LIN/normalized-extraPB12/sroussel/benchsMusee/opb_Equals1_cod2/normalized-BA_RDC4.dot_luby_50null0mast_rapportOE1.0_TMAX15_K67_cod2_pbEq1_newVersion.opb.xz,14
OPT-LIN/normalized-extraPB12/sroussel/benchsMusee/opb_Equals1_cod2/normalized-BA_RDC4.dot_luby_50null0mast_rapportOE1.0_TMAX180_K67_cod2_pbEq1_newVersion.opb.xz,14
OPT-LIN/normalized-extraPB12/sroussel/benchsMusee/opb_Equals1_cod2/normalized-BA_RDC4.dot_luby_50null0mast_rapportOE1.0_TMAX300_K67_cod2_pbEq1_newVersion.opb.xz,14
OPT-LIN/normalized-extraPB12/sroussel/benchsMusee/opb_Equals1_cod2/normalized-BA_RDC4.dot_luby_50null0mast_rapportOE1.0_TMAX60_K67_cod2_pbEq1_newVersion.opb.xz,14
OPT-LIN/normalized-extraPB12/sroussel/benchsMusee/opb_Equals1_cod2/normalized-BA_RDC4.dot_luby_50null0mast_rapportOE2.0_TMAX120_K67_cod2_pbEq1_newVersion.opb.xz,14
OPT-LIN/normalized-extraPB12/sroussel/benchsMusee/opb_Equals1_cod2/normalized-BA_RDC4.dot_luby_50null0mast_rapportOE2.0_TMAX15_K67_cod2_pbEq1_newVersion.opb.xz,14
OPT-LIN/normalized-extraPB12/sroussel/benchsMusee/opb_Equals1_cod2/normalized-BA_RDC4.dot_luby_50null0mast_rapportOE2.0_TMAX180_K67_cod2_pbEq1_newVersion.opb.xz,14
OPT-LIN/normalized-extraPB12/sroussel/benchsMusee/opb_Equals1_cod2/normalized-BA_RDC4.dot_luby_50null0mast_rapportOE2.0_TMAX300_K67_cod2_pbEq1_newVersion.opb.xz,14
OPT-LIN/normalized-extraPB12/sroussel/benchsMusee/opb_Equals1_cod2/normalized-BA_RDC4.dot_luby_50null0mast_rapportOE2.0_TMAX60_K67_cod2_pbEq1_newVersion.opb.xz,14
OPT-LIN/normalized-extraPB12/sroussel/benchsMusee/opb_Equals1_cod2/normalized-BA_RDC4.dot_luby_50null10mast_rapportOE1.0_TMAX120_K67_cod2_pbEq1_newVersion.opb.xz,14
OPT-LIN/normalized-extraPB12/sroussel/benchsMusee/opb_Equals1_cod2/normalized-BA_RDC4.dot_luby_50null10mast_rapportOE1.0_TMAX15_K67_cod2_pbEq1_newVersion.opb.xz,14
OPT-LIN/normalized-extraPB12/sroussel/benchsMusee/opb_Equals1_cod2/normalized-BA_RDC4.dot_luby_50null10mast_rapportOE1.0_TMAX180_K67_cod2_pbEq1_newVersion.opb.xz,14
OPT-LIN/normalized-extraPB12/sroussel/benchsMusee/opb_Equals1_cod2/normalized-BA_RDC4.dot_luby_50null10mast_rapportOE1.0_TMAX300_K67_cod2_pbEq1_newVersion.opb.xz,14
OPT-LIN/normalized-extraPB12/sroussel/benchsMusee/opb_Equals1_cod2/normalized-BA_RDC4.dot_luby_50null10mast_rapportOE1.0_TMAX60_K67_cod2_pbEq1_newVersion.opb.xz,14
OPT-LIN/normalized-extraPB12/sroussel/benchsMusee/opb_Equals1_cod2/normalized-BA_RDC4.dot_luby_50null10mast_rapportOE2.0_TMAX120_K67_cod2_pbEq1_newVersion.opb.xz,14
OPT-LIN/normalized-extraPB12/sroussel/benchsMusee/opb_Equals1_cod2/normalized-BA_RDC4.dot_luby_50null10mast_rapportOE2.0_TMAX15_K67_cod2_pbEq1_newVersion.opb.xz,14
OPT-LIN/normalized-extraPB12/sroussel/benchsMusee/opb_Equals1_cod2/normalized-BA_RDC4.dot_luby_50null10mast_rapportOE2.0_TMAX180_K67_cod2_pbEq1_newVersion.opb.xz,14
OPT-LIN/normalized-extraPB12/sroussel/benchsMusee/opb_Equals1_cod2/normalized-BA_RDC4.dot_luby_50null10mast_rapportOE2.0_TMAX300_K67_cod2_pbEq1_newVersion.opb.xz,14
OPT-LIN/normalized-extraPB12/sroussel/benchsMusee/opb_Equals1_cod2/normalized-BA_RDC4.dot_luby_50null10mast_rapportOE2.0_TMAX60_K67_cod2_pbEq1_newVersion.opb.xz,14
OPT-LIN/normalized-extraPB12/sroussel/benchsMusee/opb_Equals1_cod2/normalized-BA_RDC4.dot_luby_50null20mast_rapportOE1.0_TMAX120_K67_cod2_pbEq1_newVersion.opb.xz,15
OPT-LIN/normalized-extraPB12/sroussel/benchsMusee/opb_Equals1_cod2/normalized-BA_RDC4.dot_luby_50null20mast_rapportOE1.0_TMAX15_K67_cod2_pbEq1_newVersion.opb.xz,15
OPT-LIN/normalized-extraPB12/sroussel/benchsMusee/opb_Equals1_cod2/normalized-BA_RDC4.dot_luby_50null20mast_rapportOE1.0_TMAX180_K67_cod2_pbEq1_newVersion.opb.xz,15
OPT-LIN/normalized-extraPB12/sroussel/benchsMusee/opb_Equals1_cod2/normalized-BA_RDC4.dot_luby_50null20mast_rapportOE1.0_TMAX300_K67_cod2_pbEq1_newVersion.opb.xz,15
OPT-LIN/normalized-extraPB12/sroussel/benchsMusee/opb_Equals1_cod2/normalized-BA_RDC4.dot_luby_50null20mast_rapportOE1.0_TMAX60_K67_cod2_pbEq1_newVersion.opb.xz,15
OPT-LIN/normalized-extraPB12/sroussel/benchsMusee/opb_Equals1_cod2/normalized-BA_RDC4.dot_luby_50null20mast_rapportOE2.0_TMAX120_K67_cod2_pbEq1_newVersion.opb.xz,15
OPT-LIN/normalized-extraPB12/sroussel/benchsMusee/opb_Equals1_cod2/normalized-BA_RDC4.dot_luby_50null20mast_rapportOE2.0_TMAX15_K67_cod2_pbEq1_newVersion.opb.xz,15
OPT-LIN/normalized-extraPB12/sroussel/benchsMusee/opb_Equals1_cod2/normalized-BA_RDC4.dot_luby_50null20mast_rapportOE2.0_TMAX180_K67_cod2_pbEq1_newVersion.opb.xz,15
OPT-LIN/normalized-extraPB12/sroussel/benchsMusee/opb_Equals1_cod2/normalized-BA_RDC4.dot_luby_50null20mast_rapportOE2.0_TMAX300_K67_cod2_pbEq1_newVersion.opb.xz,15
OPT-LIN/normalized-extraPB12/sroussel/benchsMusee/opb_Equals1_cod2/normalized-BA_RDC4.dot_luby_50null20mast_rapportOE2.0_TMAX60_K67_cod2_pbEq1_newVersion.opb.xz,15
OPT-LIN/normalized-extraPB12/sroussel/benchsMusee/opb_Equals1_cod2/normalized-BA_RDC4.dot_luby_50null50mast_rapportOE1.0_TMAX120_K67_cod2_pbEq1_newVersion.opb.xz,14
OPT-LIN/normalized-extraPB12/sroussel/benchsMusee/opb_Equals1_cod2/normalized-BA_RDC4.dot_luby_50null50mast_rapportOE1.0_TMAX15_K67_cod2_pbEq1_newVersion.opb.xz,14
OPT-LIN/normalized-extraPB12/sroussel/benchsMusee/opb_Equals1_cod2/normalized-BA_RDC4.dot_luby_50null50mast_rapportOE1.0_TMAX180_K67_cod2_pbEq1_newVersion.opb.xz,14
OPT-LIN/normalized-extraPB12/sroussel/benchsMusee/opb_Equals1_cod2/normalized-BA_RDC4.dot_luby_50null50mast_rapportOE1.0_TMAX300_K67_cod2_pbEq1_newVersion.opb.xz,14
OPT-LIN/normalized-extraPB12/sroussel/benchsMusee/opb_Equals1_cod2/normalized-BA_RDC4.dot_luby_50null50mast_rapportOE1.0_TMAX60_K67_cod2_pbEq1_newVersion.opb.xz,14
OPT-LIN/normalized-extraPB12/sroussel/benchsMusee/opb_Equals1_cod2/normalized-BA_RDC4.dot_luby_50null50mast_rapportOE2.0_TMAX120_K67_cod2_pbEq1_newVersion.opb.xz,14
OPT-LIN/normalized-extraPB12/sroussel/benchsMusee/opb_Equals1_cod2/normalized-BA_RDC4.dot_luby_50null50mast_rapportOE2.0_TMAX15_K67_cod2_pbEq1_newVersion.opb.xz,14
OPT-LIN/normalized-extraPB12/sroussel/benchsMusee/opb_Equals1_cod2/normalized-BA_RDC4.dot_luby_50null50mast_rapportOE2.0_TMAX180_K67_cod2_pbEq1_newVersion.opb.xz,14
OPT-LIN/normalized-extraPB12/sroussel/benchsMusee/opb_Equals1_cod2/normalized-BA_RDC4.dot_luby_50null50mast_rapportOE2.0_TMAX300_K67_cod2_pbEq1_newVersion.opb.xz,14
OPT-LIN/normalized-extraPB12/sroussel/benchsMusee/opb_Equals1_cod2/normalized-BA_RDC4.dot_luby_50null50mast_rapportOE2.0_TMAX60_K67_cod2_pbEq1_newVersion.opb.xz,14
OPT-LIN/normalized-extraPB12/sroussel/benchsMusee/opb_Equals1_cod2/normalized-BA_RDC4.dot_unif_0null0mast_rapportOE1.0_TMAX120_K67_cod2_pbEq1_newVersion.opb.xz,18
OPT-LIN/normalized-extraPB12/sroussel/benchsMusee/opb_Equals1_cod2/normalized-BA_RDC4.dot_unif_0null0mast_rapportOE1.0_TMAX15_K67_cod2_pbEq1_newVersion.opb.xz,18
OPT-LIN/normalized-extraPB12/sroussel/benchsMusee/opb_Equals1_cod2/normalized-BA_RDC4.dot_unif_0null0mast_rapportOE1.0_TMAX180_K67_cod2_pbEq1_newVersion.opb.xz,18
OPT-LIN/normalized-extraPB12/sroussel/benchsMusee/opb_Equals1_cod2/normalized-BA_RDC4.dot_unif_0null0mast_rapportOE1.0_TMAX300_K67_cod2_pbEq1_newVersion.opb.xz,18
OPT-LIN/normalized-extraPB12/sroussel/benchsMusee/opb_Equals1_cod2/normalized-BA_RDC4.dot_unif_0null0mast_rapportOE1.0_TMAX60_K67_cod2_pbEq1_newVersion.opb.xz,18
OPT-LIN/normalized-extraPB12/sroussel/benchsMusee/opb_Equals1_cod2/normalized-BA_RDC4.dot_unif_0null0mast_rapportOE2.0_TMAX120_K67_cod2_pbEq1_newVersion.opb.xz,18
OPT-LIN/normalized-extraPB12/sroussel/benchsMusee/opb_Equals1_cod2/normalized-BA_RDC4.dot_unif_0null0mast_rapportOE2.0_TMAX15_K67_cod2_pbEq1_newVersion.opb.xz,18
OPT-LIN/normalized-extraPB12/sroussel/benchsMusee/opb_Equals1_cod2/normalized-BA_RDC4.dot_unif_0null0mast_rapportOE2.0_TMAX180_K67_cod2_pbEq1_newVersion.opb.xz,18
OPT-LIN/normalized-extraPB12/sroussel/benchsMusee/opb_Equals1_cod2/normalized-BA_RDC4.dot_unif_0null0mast_rapportOE2.0_TMAX300_K67_cod2_pbEq1_newVersion.opb.xz,18
OPT-LIN/normalized-extraPB12/sroussel/benchsMusee/opb_Equals1_cod2/normalized-BA_RDC4.dot_unif_0null0mast_rapportOE2.0_TMAX60_K67_cod2_pbEq1_newVersion.opb.xz,18
OPT-LIN/normalized-extraPB12/sroussel/benchsMusee/opb_Equals1_cod2/normalized-BA_RDC4.dot_unif_0null10mast_rapportOE1.0_TMAX120_K67_cod2_pbEq1_newVersion.opb.xz,19
OPT-LIN/normalized-extraPB12/sroussel/benchsMusee/opb_Equals1_cod2/normalized-BA_RDC4.dot_unif_0null10mast_rapportOE1.0_TMAX15_K67_cod2_pbEq1_newVersion.opb.xz,19
OPT-LIN/normalized-extraPB12/sroussel/benchsMusee/opb_Equals1_cod2/normalized-BA_RDC4.dot_unif_0null10mast_rapportOE1.0_TMAX180_K67_cod2_pbEq1_newVersion.opb.xz,19
OPT-LIN/normalized-extraPB12/sroussel/benchsMusee/opb_Equals1_cod2/normalized-BA_RDC4.dot_unif_0null10mast_rapportOE1.0_TMAX300_K67_cod2_pbEq1_newVersion.opb.xz,19
OPT-LIN/normalized-extraPB12/sroussel/benchsMusee/opb_Equals1_cod2/normalized-BA_RDC4.dot_unif_0null10mast_rapportOE1.0_TMAX60_K67_cod2_pbEq1_newVersion.opb.xz,19
OPT-LIN/normalized-extraPB12/sroussel/benchsMusee/opb_Equals1_cod2/normalized-BA_RDC4.dot_unif_0null10mast_rapportOE2.0_TMAX120_K67_cod2_pbEq1_newVersion.opb.xz,18
OPT-LIN/normalized-extraPB12/sroussel/benchsMusee/opb_Equals1_cod2/normalized-BA_RDC4.dot_unif_0null10mast_rapportOE2.0_TMAX15_K67_cod2_pbEq1_newVersion.opb.xz,19
OPT-LIN/normalized-extraPB12/sroussel/benchsMusee/opb_Equals1_cod2/normalized-BA_RDC4.dot_unif_0null10mast_rapportOE2.0_TMAX180_K67_cod2_pbEq1_newVersion.opb.xz,19
OPT-LIN/normalized-extraPB12/sroussel/benchsMusee/opb_Equals1_cod2/normalized-BA_RDC4.dot_unif_0null10mast_rapportOE2.0_TMAX300_K67_cod2_pbEq1_newVersion.opb.xz,19
OPT-LIN/normalized-extraPB12/sroussel/benchsMusee/opb_Equals1_cod2/normalized-BA_RDC4.dot_unif_0null10mast_rapportOE2.0_TMAX60_K67_cod2_pbEq1_newVersion.opb.xz,19
OPT-LIN/normalized-extraPB12/sroussel/benchsMusee/opb_Equals1_cod2/normalized-BA_RDC4.dot_unif_0null20mast_rapportOE1.0_TMAX120_K67_cod2_pbEq1_newVersion.opb.xz,19
OPT-LIN/normalized-extraPB12/sroussel/benchsMusee/opb_Equals1_cod2/normalized-BA_RDC4.dot_unif_0null20mast_rapportOE1.0_TMAX15_K67_cod2_pbEq1_newVersion.opb.xz,19
OPT-LIN/normalized-extraPB12/sroussel/benchsMusee/opb_Equals1_cod2/normalized-BA_RDC4.dot_unif_0null20mast_rapportOE1.0_TMAX180_K67_cod2_pbEq1_newVersion.opb.xz,19
OPT-LIN/normalized-extraPB12/sroussel/benchsMusee/opb_Equals1_cod2/normalized-BA_RDC4.dot_unif_0null20mast_rapportOE1.0_TMAX300_K67_cod2_pbEq1_newVersion.opb.xz,19
OPT-LIN/normalized-extraPB12/sroussel/benchsMusee/opb_Equals1_cod2/normalized-BA_RDC4.dot_unif_0null20mast_rapportOE1.0_TMAX60_K67_cod2_pbEq1_newVersion.opb.xz,19
OPT-LIN/normalized-extraPB12/sroussel/benchsMusee/opb_Equals1_cod2/normalized-BA_RDC4.dot_unif_0null20mast_rapportOE2.0_TMAX120_K67_cod2_pbEq1_newVersion.opb.xz,19
OPT-LIN/normalized-extraPB12/sroussel/benchsMusee/opb_Equals1_cod2/normalized-BA_RDC4.dot_unif_0null20mast_rapportOE2.0_TMAX15_K67_cod2_pbEq1_newVersion.opb.xz,19
OPT-LIN/normalized-extraPB12/sroussel/benchsMusee/opb_Equals1_cod2/normalized-BA_RDC4.dot_unif_0null20mast_rapportOE2.0_TMAX180_K67_cod2_pbEq1_newVersion.opb.xz,19
OPT-LIN/normalized-extraPB12/sroussel/benchsMusee/opb_Equals1_cod2/normalized-BA_RDC4.dot_unif_0null20mast_rapportOE2.0_TMAX300_K67_cod2_pbEq1_newVersion.opb.xz,19
OPT-LIN/normalized-extraPB12/sroussel/benchsMusee/opb_Equals1_cod2/normalized-BA_RDC4.dot_unif_0null20mast_rapportOE2.0_TMAX60_K67_cod2_pbEq1_newVersion.opb.xz,19
OPT-LIN/normalized-extraPB12/sroussel/benchsMusee/opb_Equals1_cod2/normalized-BA_RDC4.dot_unif_0null50mast_rapportOE1.0_TMAX120_K67_cod2_pbEq1_newVersion.opb.xz,19
OPT-LIN/normalized-extraPB12/sroussel/benchsMusee/opb_Equals1_cod2/normalized-BA_RDC4.dot_unif_0null50mast_rapportOE1.0_TMAX15_K67_cod2_pbEq1_newVersion.opb.xz,19
OPT-LIN/normalized-extraPB12/sroussel/benchsMusee/opb_Equals1_cod2/normalized-BA_RDC4.dot_unif_0null50mast_rapportOE1.0_TMAX180_K67_cod2_pbEq1_newVersion.opb.xz,19
OPT-LIN/normalized-extraPB12/sroussel/benchsMusee/opb_Equals1_cod2/normalized-BA_RDC4.dot_unif_0null50mast_rapportOE1.0_TMAX300_K67_cod2_pbEq1_newVersion.opb.xz,19
OPT-LIN/normalized-extraPB12/sroussel/benchsMusee/opb_Equals1_cod2/normalized-BA_RDC4.dot_unif_0null50mast_rapportOE1.0_TMAX60_K67_cod2_pbEq1_newVersion.opb.xz,19
OPT-LIN/normalized-extraPB12/sroussel/benchsMusee/opb_Equals1_cod2/normalized-BA_RDC4.dot_unif_0null50mast_rapportOE2.0_TMAX120_K67_cod2_pbEq1_newVersion.opb.xz,19
OPT-LIN/normalized-extraPB12/sroussel/benchsMusee/opb_Equals1_cod2/normalized-BA_RDC4.dot_unif_0null50mast_rapportOE2.0_TMAX15_K67_cod2_pbEq1_newVersion.opb.xz,19
OPT-LIN/normalized-extraPB12/sroussel/benchsMusee/opb_Equals1_cod2/normalized-BA_RDC4.dot_unif_0null50mast_rapportOE2.0_TMAX180_K67_cod2_pbEq1_newVersion.opb.xz,19
OPT-LIN/normalized-extraPB12/sroussel/benchsMusee/opb_Equals1_cod2/normalized-BA_RDC4.dot_unif_0null50mast_rapportOE2.0_TMAX300_K67_cod2_pbEq1_newVersion.opb.xz,19
OPT-LIN/normalized-extraPB12/sroussel/benchsMusee/opb_Equals1_cod2/normalized-BA_RDC4.dot_unif_0null50mast_rapportOE2.0_TMAX60_K67_cod2_pbEq1_newVersion.opb.xz,19
OPT-LIN/normalized-extraPB12/sroussel/benchsMusee/opb_Equals1_cod2/normalized-BA_RDC4.dot_unif_10null0mast_rapportOE1.0_TMAX120_K67_cod2_pbEq1_newVersion.opb.xz,18
OPT-LIN/normalized-extraPB12/sroussel/benchsMusee/opb_Equals1_cod2/normalized-BA_RDC4.dot_unif_10null0mast_rapportOE1.0_TMAX15_K67_cod2_pbEq1_newVersion.opb.xz,18
OPT-LIN/normalized-extraPB12/sroussel/benchsMusee/opb_Equals1_cod2/normalized-BA_RDC4.dot_unif_10null0mast_rapportOE1.0_TMAX180_K67_cod2_pbEq1_newVersion.opb.xz,18
OPT-LIN/normalized-extraPB12/sroussel/benchsMusee/opb_Equals1_cod2/normalized-BA_RDC4.dot_unif_10null0mast_rapportOE1.0_TMAX300_K67_cod2_pbEq1_newVersion.opb.xz,18
OPT-LIN/normalized-extraPB12/sroussel/benchsMusee/opb_Equals1_cod2/normalized-BA_RDC4.dot_unif_10null0mast_rapportOE1.0_TMAX60_K67_cod2_pbEq1_newVersion.opb.xz,18
OPT-LIN/normalized-extraPB12/sroussel/benchsMusee/opb_Equals1_cod2/normalized-BA_RDC4.dot_unif_10null0mast_rapportOE2.0_TMAX120_K67_cod2_pbEq1_newVersion.opb.xz,18
OPT-LIN/normalized-extraPB12/sroussel/benchsMusee/opb_Equals1_cod2/normalized-BA_RDC4.dot_unif_10null0mast_rapportOE2.0_TMAX15_K67_cod2_pbEq1_newVersion.opb.xz,18
OPT-LIN/normalized-extraPB12/sroussel/benchsMusee/opb_Equals1_cod2/normalized-BA_RDC4.dot_unif_10null0mast_rapportOE2.0_TMAX180_K67_cod2_pbEq1_newVersion.opb.xz,18
OPT-LIN/normalized-extraPB12/sroussel/benchsMusee/opb_Equals1_cod2/normalized-BA_RDC4.dot_unif_10null0mast_rapportOE2.0_TMAX300_K67_cod2_pbEq1_newVersion.opb.xz,18
OPT-LIN/normalized-extraPB12/sroussel/benchsMusee/opb_Equals1_cod2/normalized-BA_RDC4.dot_unif_10null0mast_rapportOE2.0_TMAX60_K67_cod2_pbEq1_newVersion.opb.xz,18
OPT-LIN/normalized-extraPB12/sroussel/benchsMusee/opb_Equals1_cod2/normalized-BA_RDC4.dot_unif_10null10mast_rapportOE1.0_TMAX120_K67_cod2_pbEq1_newVersion.opb.xz,18
OPT-LIN/normalized-extraPB12/sroussel/benchsMusee/opb_Equals1_cod2/normalized-BA_RDC4.dot_unif_10null10mast_rapportOE1.0_TMAX15_K67_cod2_pbEq1_newVersion.opb.xz,18
OPT-LIN/normalized-extraPB12/sroussel/benchsMusee/opb_Equals1_cod2/normalized-BA_RDC4.dot_unif_10null10mast_rapportOE1.0_TMAX180_K67_cod2_pbEq1_newVersion.opb.xz,18
OPT-LIN/normalized-extraPB12/sroussel/benchsMusee/opb_Equals1_cod2/normalized-BA_RDC4.dot_unif_10null10mast_rapportOE1.0_TMAX300_K67_cod2_pbEq1_newVersion.opb.xz,18
OPT-LIN/normalized-extraPB12/sroussel/benchsMusee/opb_Equals1_cod2/normalized-BA_RDC4.dot_unif_10null10mast_rapportOE1.0_TMAX60_K67_cod2_pbEq1_newVersion.opb.xz,18
OPT-LIN/normalized-extraPB12/sroussel/benchsMusee/opb_Equals1_cod2/normalized-BA_RDC4.dot_unif_10null10mast_rapportOE2.0_TMAX120_K67_cod2_pbEq1_newVersion.opb.xz,18
OPT-LIN/normalized-extraPB12/sroussel/benchsMusee/opb_Equals1_cod2/normalized-BA_RDC4.dot_unif_10null10mast_rapportOE2.0_TMAX15_K67_cod2_pbEq1_newVersion.opb.xz,18
OPT-LIN/normalized-extraPB12/sroussel/benchsMusee/opb_Equals1_cod2/normalized-BA_RDC4.dot_unif_10null10mast_rapportOE2.0_TMAX180_K67_cod2_pbEq1_newVersion.opb.xz,18
OPT-LIN/normalized-extraPB12/sroussel/benchsMusee/opb_Equals1_cod2/normalized-BA_RDC4.dot_unif_10null10mast_rapportOE2.0_TMAX300_K67_cod2_pbEq1_newVersion.opb.xz,18
OPT-LIN/normalized-extraPB12/sroussel/benchsMusee/opb_Equals1_cod2/normalized-BA_RDC4.dot_unif_10null10mast_rapportOE2.0_TMAX60_K67_cod2_pbEq1_newVersion.opb.xz,18
OPT-LIN/normalized-extraPB12/sroussel/benchsMusee/opb_Equals1_cod2/normalized-BA_RDC4.dot_unif_10null20mast_rapportOE1.0_TMAX120_K67_cod2_pbEq1_newVersion.opb.xz,19
OPT-LIN/normalized-extraPB12/sroussel/benchsMusee/opb_Equals1_cod2/normalized-BA_RDC4.dot_unif_10null20mast_rapportOE1.0_TMAX15_K67_cod2_pbEq1_newVersion.opb.xz,18
OPT-LIN/normalized-extraPB12/sroussel/benchsMusee/opb_Equals1_cod2/normalized-BA_RDC4.dot_unif_10null20mast_rapportOE1.0_TMAX180_K67_cod2_pbEq1_newVersion.opb.xz,18
OPT-LIN/normalized-extraPB12/sroussel/benchsMusee/opb_Equals1_cod2/normalized-BA_RDC4.dot_unif_10null20mast_rapportOE1.0_TMAX300_K67_cod2_pbEq1_newVersion.opb.xz,19
OPT-LIN/normalized-extraPB12/sroussel/benchsMusee/opb_Equals1_cod2/normalized-BA_RDC4.dot_unif_10null20mast_rapportOE1.0_TMAX60_K67_cod2_pbEq1_newVersion.opb.xz,19
OPT-LIN/normalized-extraPB12/sroussel/benchsMusee/opb_Equals1_cod2/normalized-BA_RDC4.dot_unif_10null20mast_rapportOE2.0_TMAX120_K67_cod2_pbEq1_newVersion.opb.xz,19
OPT-LIN/normalized-extraPB12/sroussel/benchsMusee/opb_Equals1_cod2/normalized-BA_RDC4.dot_unif_10null20mast_rapportOE2.0_TMAX15_K67_cod2_pbEq1_newVersion.opb.xz,19
OPT-LIN/normalized-extraPB12/sroussel/benchsMusee/opb_Equals1_cod2/normalized-BA_RDC4.dot_unif_10null20mast_rapportOE2.0_TMAX180_K67_cod2_pbEq1_newVersion.opb.xz,19
OPT-LIN/normalized-extraPB12/sroussel/benchsMusee/opb_Equals1_cod2/normalized-BA_RDC4.dot_unif_10null20mast_rapportOE2.0_TMAX300_K67_cod2_pbEq1_newVersion.opb.xz,19
OPT-LIN/normalized-extraPB12/sroussel/benchsMusee/opb_Equals1_cod2/normalized-BA_RDC4.dot_unif_10null20mast_rapportOE2.0_TMAX60_K67_cod2_pbEq1_newVersion.opb.xz,19
OPT-LIN/normalized-extraPB12/sroussel/benchsMusee/opb_Equals1_cod2/normalized-BA_RDC4.dot_unif_10null50mast_rapportOE1.0_TMAX120_K67_cod2_pbEq1_newVersion.opb.xz,19
OPT-LIN/normalized-extraPB12/sroussel/benchsMusee/opb_Equals1_cod2/normalized-BA_RDC4.dot_unif_10null50mast_rapportOE1.0_TMAX15_K67_cod2_pbEq1_newVersion.opb.xz,19
OPT-LIN/normalized-extraPB12/sroussel/benchsMusee/opb_Equals1_cod2/normalized-BA_RDC4.dot_unif_10null50mast_rapportOE1.0_TMAX180_K67_cod2_pbEq1_newVersion.opb.xz,19
OPT-LIN/normalized-extraPB12/sroussel/benchsMusee/opb_Equals1_cod2/normalized-BA_RDC4.dot_unif_10null50mast_rapportOE1.0_TMAX300_K67_cod2_pbEq1_newVersion.opb.xz,19
OPT-LIN/normalized-extraPB12/sroussel/benchsMusee/opb_Equals1_cod2/normalized-BA_RDC4.dot_unif_10null50mast_rapportOE1.0_TMAX60_K67_cod2_pbEq1_newVersion.opb.xz,19
OPT-LIN/normalized-extraPB12/sroussel/benchsMusee/opb_Equals1_cod2/normalized-BA_RDC4.dot_unif_10null50mast_rapportOE2.0_TMAX120_K67_cod2_pbEq1_newVersion.opb.xz,19
OPT-LIN/normalized-extraPB12/sroussel/benchsMusee/opb_Equals1_cod2/normalized-BA_RDC4.dot_unif_10null50mast_rapportOE2.0_TMAX15_K67_cod2_pbEq1_newVersion.opb.xz,19
OPT-LIN/normalized-extraPB12/sroussel/benchsMusee/opb_Equals1_cod2/normalized-BA_RDC4.dot_unif_10null50mast_rapportOE2.0_TMAX180_K67_cod2_pbEq1_newVersion.opb.xz,19
OPT-LIN/normalized-extraPB12/sroussel/benchsMusee/opb_Equals1_cod2/normalized-BA_RDC4.dot_unif_10null50mast_rapportOE2.0_TMAX300_K67_cod2_pbEq1_newVersion.opb.xz,19
OPT-LIN/normalized-extraPB12/sroussel/benchsMusee/opb_Equals1_cod2/normalized-BA_RDC4.dot_unif_10null50mast_rapportOE2.0_TMAX60_K67_cod2_pbEq1_newVersion.opb.xz,19
OPT-LIN/normalized-extraPB12/sroussel/benchsMusee/opb_Equals1_cod2/normalized-BA_RDC4.dot_unif_20null0mast_rapportOE1.0_TMAX120_K67_cod2_pbEq1_newVersion.opb.xz,18
OPT-LIN/normalized-extraPB12/sroussel/benchsMusee/opb_Equals1_cod2/normalized-BA_RDC4.dot_unif_20null0mast_rapportOE1.0_TMAX15_K67_cod2_pbEq1_newVersion.opb.xz,18
OPT-LIN/normalized-extraPB12/sroussel/benchsMusee/opb_Equals1_cod2/normalized-BA_RDC4.dot_unif_20null0mast_rapportOE1.0_TMAX180_K67_cod2_pbEq1_newVersion.opb.xz,18
OPT-LIN/normalized-extraPB12/sroussel/benchsMusee/opb_Equals1_cod2/normalized-BA_RDC4.dot_unif_20null0mast_rapportOE1.0_TMAX300_K67_cod2_pbEq1_newVersion.opb.xz,18
OPT-LIN/normalized-extraPB12/sroussel/benchsMusee/opb_Equals1_cod2/normalized-BA_RDC4.dot_unif_20null0mast_rapportOE1.0_TMAX60_K67_cod2_pbEq1_newVersion.opb.xz,18
OPT-LIN/normalized-extraPB12/sroussel/benchsMusee/opb_Equals1_cod2/normalized-BA_RDC4.dot_unif_20null0mast_rapportOE2.0_TMAX120_K67_cod2_pbEq1_newVersion.opb.xz,18
OPT-LIN/normalized-extraPB12/sroussel/benchsMusee/opb_Equals1_cod2/normalized-BA_RDC4.dot_unif_20null0mast_rapportOE2.0_TMAX15_K67_cod2_pbEq1_newVersion.opb.xz,18
OPT-LIN/normalized-extraPB12/sroussel/benchsMusee/opb_Equals1_cod2/normalized-BA_RDC4.dot_unif_20null0mast_rapportOE2.0_TMAX180_K67_cod2_pbEq1_newVersion.opb.xz,18
OPT-LIN/normalized-extraPB12/sroussel/benchsMusee/opb_Equals1_cod2/normalized-BA_RDC4.dot_unif_20null0mast_rapportOE2.0_TMAX300_K67_cod2_pbEq1_newVersion.opb.xz,18
OPT-LIN/normalized-extraPB12/sroussel/benchsMusee/opb_Equals1_cod2/normalized-BA_RDC4.dot_unif_20null0mast_rapportOE2.0_TMAX60_K67_cod2_pbEq1_newVersion.opb.xz,18
OPT-LIN/normalized-extraPB12/sroussel/benchsMusee/opb_Equals1_cod2/normalized-BA_RDC4.dot_unif_20null10mast_rapportOE1.0_TMAX120_K67_cod2_pbEq1_newVersion.opb.xz,18
OPT-LIN/normalized-extraPB12/sroussel/benchsMusee/opb_Equals1_cod2/normalized-BA_RDC4.dot_unif_20null10mast_rapportOE1.0_TMAX15_K67_cod2_pbEq1_newVersion.opb.xz,18
OPT-LIN/normalized-extraPB12/sroussel/benchsMusee/opb_Equals1_cod2/normalized-BA_RDC4.dot_unif_20null10mast_rapportOE1.0_TMAX180_K67_cod2_pbEq1_newVersion.opb.xz,18
OPT-LIN/normalized-extraPB12/sroussel/benchsMusee/opb_Equals1_cod2/normalized-BA_RDC4.dot_unif_20null10mast_rapportOE1.0_TMAX300_K67_cod2_pbEq1_newVersion.opb.xz,18
OPT-LIN/normalized-extraPB12/sroussel/benchsMusee/opb_Equals1_cod2/normalized-BA_RDC4.dot_unif_20null10mast_rapportOE1.0_TMAX60_K67_cod2_pbEq1_newVersion.opb.xz,18
OPT-LIN/normalized-extraPB12/sroussel/benchsMusee/opb_Equals1_cod2/normalized-BA_RDC4.dot_unif_20null10mast_rapportOE2.0_TMAX120_K67_cod2_pbEq1_newVersion.opb.xz,18
OPT-LIN/normalized-extraPB12/sroussel/benchsMusee/opb_Equals1_cod2/normalized-BA_RDC4.dot_unif_20null10mast_rapportOE2.0_TMAX15_K67_cod2_pbEq1_newVersion.opb.xz,18
OPT-LIN/normalized-extraPB12/sroussel/benchsMusee/opb_Equals1_cod2/normalized-BA_RDC4.dot_unif_20null10mast_rapportOE2.0_TMAX180_K67_cod2_pbEq1_newVersion.opb.xz,18
OPT-LIN/normalized-extraPB12/sroussel/benchsMusee/opb_Equals1_cod2/normalized-BA_RDC4.dot_unif_20null10mast_rapportOE2.0_TMAX300_K67_cod2_pbEq1_newVersion.opb.xz,18
OPT-LIN/normalized-extraPB12/sroussel/benchsMusee/opb_Equals1_cod2/normalized-BA_RDC4.dot_unif_20null10mast_rapportOE2.0_TMAX60_K67_cod2_pbEq1_newVersion.opb.xz,18
OPT-LIN/normalized-extraPB12/sroussel/benchsMusee/opb_Equals1_cod2/normalized-BA_RDC4.dot_unif_20null20mast_rapportOE1.0_TMAX120_K67_cod2_pbEq1_newVersion.opb.xz,18
OPT-LIN/normalized-extraPB12/sroussel/benchsMusee/opb_Equals1_cod2/normalized-BA_RDC4.dot_unif_20null20mast_rapportOE1.0_TMAX15_K67_cod2_pbEq1_newVersion.opb.xz,18
OPT-LIN/normalized-extraPB12/sroussel/benchsMusee/opb_Equals1_cod2/normalized-BA_RDC4.dot_unif_20null20mast_rapportOE1.0_TMAX180_K67_cod2_pbEq1_newVersion.opb.xz,18
OPT-LIN/normalized-extraPB12/sroussel/benchsMusee/opb_Equals1_cod2/normalized-BA_RDC4.dot_unif_20null20mast_rapportOE1.0_TMAX300_K67_cod2_pbEq1_newVersion.opb.xz,18
OPT-LIN/normalized-extraPB12/sroussel/benchsMusee/opb_Equals1_cod2/normalized-BA_RDC4.dot_unif_20null20mast_rapportOE1.0_TMAX60_K67_cod2_pbEq1_newVersion.opb.xz,18
OPT-LIN/normalized-extraPB12/sroussel/benchsMusee/opb_Equals1_cod2/normalized-BA_RDC4.dot_unif_20null20mast_rapportOE2.0_TMAX120_K67_cod2_pbEq1_newVersion.opb.xz,18
OPT-LIN/normalized-extraPB12/sroussel/benchsMusee/opb_Equals1_cod2/normalized-BA_RDC4.dot_unif_20null20mast_rapportOE2.0_TMAX15_K67_cod2_pbEq1_newVersion.opb.xz,18
OPT-LIN/normalized-extraPB12/sroussel/benchsMusee/opb_Equals1_cod2/normalized-BA_RDC4.dot_unif_20null20mast_rapportOE2.0_TMAX180_K67_cod2_pbEq1_newVersion.opb.xz,18
OPT-LIN/normalized-extraPB12/sroussel/benchsMusee/opb_Equals1_cod2/normalized-BA_RDC4.dot_unif_20null20mast_rapportOE2.0_TMAX300_K67_cod2_pbEq1_newVersion.opb.xz,18
OPT-LIN/normalized-extraPB12/sroussel/benchsMusee/opb_Equals1_cod2/normalized-BA_RDC4.dot_unif_20null20mast_rapportOE2.0_TMAX60_K67_cod2_pbEq1_newVersion.opb.xz,18
OPT-LIN/normalized-extraPB12/sroussel/benchsMusee/opb_Equals1_cod2/normalized-BA_RDC4.dot_unif_20null50mast_rapportOE1.0_TMAX120_K67_cod2_pbEq1_newVersion.opb.xz,19
OPT-LIN/normalized-extraPB12/sroussel/benchsMusee/opb_Equals1_cod2/normalized-BA_RDC4.dot_unif_20null50mast_rapportOE1.0_TMAX15_K67_cod2_pbEq1_newVersion.opb.xz,19
OPT-LIN/normalized-extraPB12/sroussel/benchsMusee/opb_Equals1_cod2/normalized-BA_RDC4.dot_unif_20null50mast_rapportOE1.0_TMAX180_K67_cod2_pbEq1_newVersion.opb.xz,19
OPT-LIN/normalized-extraPB12/sroussel/benchsMusee/opb_Equals1_cod2/normalized-BA_RDC4.dot_unif_20null50mast_rapportOE1.0_TMAX300_K67_cod2_pbEq1_newVersion.opb.xz,19
OPT-LIN/normalized-extraPB12/sroussel/benchsMusee/opb_Equals1_cod2/normalized-BA_RDC4.dot_unif_20null50mast_rapportOE1.0_TMAX60_K67_cod2_pbEq1_newVersion.opb.xz,19
OPT-LIN/normalized-extraPB12/sroussel/benchsMusee/opb_Equals1_cod2/normalized-BA_RDC4.dot_unif_20null50mast_rapportOE2.0_TMAX120_K67_cod2_pbEq1_newVersion.opb.xz,19
OPT-LIN/normalized-extraPB12/sroussel/benchsMusee/opb_Equals1_cod2/normalized-BA_RDC4.dot_unif_20null50mast_rapportOE2.0_TMAX15_K67_cod2_pbEq1_newVersion.opb.xz,19
OPT-LIN/normalized-extraPB12/sroussel/benchsMusee/opb_Equals1_cod2/normalized-BA_RDC4.dot_unif_20null50mast_rapportOE2.0_TMAX180_K67_cod2_pbEq1_newVersion.opb.xz,19
OPT-LIN/normalized-extraPB12/sroussel/benchsMusee/opb_Equals1_cod2/normalized-BA_RDC4.dot_unif_20null50mast_rapportOE2.0_TMAX300_K67_cod2_pbEq1_newVersion.opb.xz,19
OPT-LIN/normalized-extraPB12/sroussel/benchsMusee/opb_Equals1_cod2/normalized-BA_RDC4.dot_unif_20null50mast_rapportOE2.0_TMAX60_K67_cod2_pbEq1_newVersion.opb.xz,19
OPT-LIN/normalized-extraPB12/sroussel/benchsMusee/opb_Equals1_cod2/normalized-BA_RDC4.dot_unif_50null0mast_rapportOE1.0_TMAX120_K67_cod2_pbEq1_newVersion.opb.xz,17
OPT-LIN/normalized-extraPB12/sroussel/benchsMusee/opb_Equals1_cod2/normalized-BA_RDC4.dot_unif_50null0mast_rapportOE1.0_TMAX15_K67_cod2_pbEq1_newVersion.opb.xz,17
OPT-LIN/normalized-extraPB12/sroussel/benchsMusee/opb_Equals1_cod2/normalized-BA_RDC4.dot_unif_50null0mast_rapportOE1.0_TMAX180_K67_cod2_pbEq1_newVersion.opb.xz,18
OPT-LIN/normalized-extraPB12/sroussel/benchsMusee/opb_Equals1_cod2/normalized-BA_RDC4.dot_unif_50null0mast_rapportOE1.0_TMAX300_K67_cod2_pbEq1_newVersion.opb.xz,17
OPT-LIN/normalized-extraPB12/sroussel/benchsMusee/opb_Equals1_cod2/normalized-BA_RDC4.dot_unif_50null0mast_rapportOE1.0_TMAX60_K67_cod2_pbEq1_newVersion.opb.xz,17
OPT-LIN/normalized-extraPB12/sroussel/benchsMusee/opb_Equals1_cod2/normalized-BA_RDC4.dot_unif_50null0mast_rapportOE2.0_TMAX120_K67_cod2_pbEq1_newVersion.opb.xz,17
OPT-LIN/normalized-extraPB12/sroussel/benchsMusee/opb_Equals1_cod2/normalized-BA_RDC4.dot_unif_50null0mast_rapportOE2.0_TMAX15_K67_cod2_pbEq1_newVersion.opb.xz,17
OPT-LIN/normalized-extraPB12/sroussel/benchsMusee/opb_Equals1_cod2/normalized-BA_RDC4.dot_unif_50null0mast_rapportOE2.0_TMAX180_K67_cod2_pbEq1_newVersion.opb.xz,17
OPT-LIN/normalized-extraPB12/sroussel/benchsMusee/opb_Equals1_cod2/normalized-BA_RDC4.dot_unif_50null0mast_rapportOE2.0_TMAX300_K67_cod2_pbEq1_newVersion.opb.xz,17
OPT-LIN/normalized-extraPB12/sroussel/benchsMusee/opb_Equals1_cod2/normalized-BA_RDC4.dot_unif_50null0mast_rapportOE2.0_TMAX60_K67_cod2_pbEq1_newVersion.opb.xz,17
OPT-LIN/normalized-extraPB12/sroussel/benchsMusee/opb_Equals1_cod2/normalized-BA_RDC4.dot_unif_50null10mast_rapportOE1.0_TMAX120_K67_cod2_pbEq1_newVersion.opb.xz,18
OPT-LIN/normalized-extraPB12/sroussel/benchsMusee/opb_Equals1_cod2/normalized-BA_RDC4.dot_unif_50null10mast_rapportOE1.0_TMAX15_K67_cod2_pbEq1_newVersion.opb.xz,18
OPT-LIN/normalized-extraPB12/sroussel/benchsMusee/opb_Equals1_cod2/normalized-BA_RDC4.dot_unif_50null10mast_rapportOE1.0_TMAX180_K67_cod2_pbEq1_newVersion.opb.xz,18
OPT-LIN/normalized-extraPB12/sroussel/benchsMusee/opb_Equals1_cod2/normalized-BA_RDC4.dot_unif_50null10mast_rapportOE1.0_TMAX300_K67_cod2_pbEq1_newVersion.opb.xz,18
OPT-LIN/normalized-extraPB12/sroussel/benchsMusee/opb_Equals1_cod2/normalized-BA_RDC4.dot_unif_50null10mast_rapportOE1.0_TMAX60_K67_cod2_pbEq1_newVersion.opb.xz,18
OPT-LIN/normalized-extraPB12/sroussel/benchsMusee/opb_Equals1_cod2/normalized-BA_RDC4.dot_unif_50null10mast_rapportOE2.0_TMAX120_K67_cod2_pbEq1_newVersion.opb.xz,18
OPT-LIN/normalized-extraPB12/sroussel/benchsMusee/opb_Equals1_cod2/normalized-BA_RDC4.dot_unif_50null10mast_rapportOE2.0_TMAX15_K67_cod2_pbEq1_newVersion.opb.xz,18
OPT-LIN/normalized-extraPB12/sroussel/benchsMusee/opb_Equals1_cod2/normalized-BA_RDC4.dot_unif_50null10mast_rapportOE2.0_TMAX180_K67_cod2_pbEq1_newVersion.opb.xz,18
OPT-LIN/normalized-extraPB12/sroussel/benchsMusee/opb_Equals1_cod2/normalized-BA_RDC4.dot_unif_50null10mast_rapportOE2.0_TMAX300_K67_cod2_pbEq1_newVersion.opb.xz,18
OPT-LIN/normalized-extraPB12/sroussel/benchsMusee/opb_Equals1_cod2/normalized-BA_RDC4.dot_unif_50null10mast_rapportOE2.0_TMAX60_K67_cod2_pbEq1_newVersion.opb.xz,18
OPT-LIN/normalized-extraPB12/sroussel/benchsMusee/opb_Equals1_cod2/normalized-BA_RDC4.dot_unif_50null20mast_rapportOE1.0_TMAX120_K67_cod2_pbEq1_newVersion.opb.xz,18
OPT-LIN/normalized-extraPB12/sroussel/benchsMusee/opb_Equals1_cod2/normalized-BA_RDC4.dot_unif_50null20mast_rapportOE1.0_TMAX15_K67_cod2_pbEq1_newVersion.opb.xz,18
OPT-LIN/normalized-extraPB12/sroussel/benchsMusee/opb_Equals1_cod2/normalized-BA_RDC4.dot_unif_50null20mast_rapportOE1.0_TMAX180_K67_cod2_pbEq1_newVersion.opb.xz,18
OPT-LIN/normalized-extraPB12/sroussel/benchsMusee/opb_Equals1_cod2/normalized-BA_RDC4.dot_unif_50null20mast_rapportOE1.0_TMAX300_K67_cod2_pbEq1_newVersion.opb.xz,18
OPT-LIN/normalized-extraPB12/sroussel/benchsMusee/opb_Equals1_cod2/normalized-BA_RDC4.dot_unif_50null20mast_rapportOE1.0_TMAX60_K67_cod2_pbEq1_newVersion.opb.xz,18
OPT-LIN/normalized-extraPB12/sroussel/benchsMusee/opb_Equals1_cod2/normalized-BA_RDC4.dot_unif_50null20mast_rapportOE2.0_TMAX120_K67_cod2_pbEq1_newVersion.opb.xz,18
OPT-LIN/normalized-extraPB12/sroussel/benchsMusee/opb_Equals1_cod2/normalized-BA_RDC4.dot_unif_50null20mast_rapportOE2.0_TMAX15_K67_cod2_pbEq1_newVersion.opb.xz,18
OPT-LIN/normalized-extraPB12/sroussel/benchsMusee/opb_Equals1_cod2/normalized-BA_RDC4.dot_unif_50null20mast_rapportOE2.0_TMAX180_K67_cod2_pbEq1_newVersion.opb.xz,18
OPT-LIN/normalized-extraPB12/sroussel/benchsMusee/opb_Equals1_cod2/normalized-BA_RDC4.dot_unif_50null20mast_rapportOE2.0_TMAX300_K67_cod2_pbEq1_newVersion.opb.xz,18
OPT-LIN/normalized-extraPB12/sroussel/benchsMusee/opb_Equals1_cod2/normalized-BA_RDC4.dot_unif_50null20mast_rapportOE2.0_TMAX60_K67_cod2_pbEq1_newVersion.opb.xz,18
OPT-LIN/normalized-extraPB12/sroussel/benchsMusee/opb_Equals1_cod2/normalized-BA_RDC4.dot_unif_50null50mast_rapportOE1.0_TMAX120_K67_cod2_pbEq1_newVersion.opb.xz,14
OPT-LIN/normalized-extraPB12/sroussel/benchsMusee/opb_Equals1_cod2/normalized-BA_RDC4.dot_unif_50null50mast_rapportOE1.0_TMAX15_K67_cod2_pbEq1_newVersion.opb.xz,14
OPT-LIN/normalized-extraPB12/sroussel/benchsMusee/opb_Equals1_cod2/normalized-BA_RDC4.dot_unif_50null50mast_rapportOE1.0_TMAX180_K67_cod2_pbEq1_newVersion.opb.xz,14
OPT-LIN/normalized-extraPB12/sroussel/benchsMusee/opb_Equals1_cod2/normalized-BA_RDC4.dot_unif_50null50mast_rapportOE1.0_TMAX300_K67_cod2_pbEq1_newVersion.opb.xz,14
OPT-LIN/normalized-extraPB12/sroussel/benchsMusee/opb_Equals1_cod2/normalized-BA_RDC4.dot_unif_50null50mast_rapportOE1.0_TMAX60_K67_cod2_pbEq1_newVersion.opb.xz,14
OPT-LIN/normalized-extraPB12/sroussel/benchsMusee/opb_Equals1_cod2/normalized-BA_RDC4.dot_unif_50null50mast_rapportOE2.0_TMAX120_K67_cod2_pbEq1_newVersion.opb.xz,14
OPT-LIN/normalized-extraPB12/sroussel/benchsMusee/opb_Equals1_cod2/normalized-BA_RDC4.dot_unif_50null50mast_rapportOE2.0_TMAX15_K67_cod2_pbEq1_newVersion.opb.xz,14
OPT-LIN/normalized-extraPB12/sroussel/benchsMusee/opb_Equals1_cod2/normalized-BA_RDC4.dot_unif_50null50mast_rapportOE2.0_TMAX180_K67_cod2_pbEq1_newVersion.opb.xz,14
OPT-LIN/normalized-extraPB12/sroussel/benchsMusee/opb_Equals1_cod2/normalized-BA_RDC4.dot_unif_50null50mast_rapportOE2.0_TMAX300_K67_cod2_pbEq1_newVersion.opb.xz,14
OPT-LIN/normalized-extraPB12/sroussel/benchsMusee/opb_Equals1_cod2/normalized-BA_RDC4.dot_unif_50null50mast_rapportOE2.0_TMAX60_K67_cod2_pbEq1_newVersion.opb.xz,14
OPT-LIN/normalized-extraPB12/sroussel/benchsMusee/opb_Equals1_cod2_binary/normalized-BA_RDC4.dot_fibo_0null0mast_rapportOE1.0_TMAX120_K67_cod2_pbEq1_newVersion_binary.opb.xz,19
OPT-LIN/normalized-extraPB12/sroussel/benchsMusee/opb_Equals1_cod2_binary/normalized-BA_RDC4.dot_fibo_0null0mast_rapportOE1.0_TMAX15_K67_cod2_pbEq1_newVersion_binary.opb.xz,19
OPT-LIN/normalized-extraPB12/sroussel/benchsMusee/opb_Equals1_cod2_binary/normalized-BA_RDC4.dot_fibo_0null0mast_rapportOE1.0_TMAX180_K67_cod2_pbEq1_newVersion_binary.opb.xz,19
OPT-LIN/normalized-extraPB12/sroussel/benchsMusee/opb_Equals1_cod2_binary/normalized-BA_RDC4.dot_fibo_0null0mast_rapportOE1.0_TMAX300_K67_cod2_pbEq1_newVersion_binary.opb.xz,19
OPT-LIN/normalized-extraPB12/sroussel/benchsMusee/opb_Equals1_cod2_binary/normalized-BA_RDC4.dot_fibo_0null0mast_rapportOE1.0_TMAX60_K67_cod2_pbEq1_newVersion_binary.opb.xz,19
OPT-LIN/normalized-extraPB12/sroussel/benchsMusee/opb_Equals1_cod2_binary/normalized-BA_RDC4.dot_fibo_0null0mast_rapportOE2.0_TMAX120_K67_cod2_pbEq1_newVersion_binary.opb.xz,19
OPT-LIN/normalized-extraPB12/sroussel/benchsMusee/opb_Equals1_cod2_binary/normalized-BA_RDC4.dot_fibo_0null0mast_rapportOE2.0_TMAX15_K67_cod2_pbEq1_newVersion_binary.opb.xz,19
OPT-LIN/normalized-extraPB12/sroussel/benchsMusee/opb_Equals1_cod2_binary/normalized-BA_RDC4.dot_fibo_0null0mast_rapportOE2.0_TMAX180_K67_cod2_pbEq1_newVersion_binary.opb.xz,19
OPT-LIN/normalized-extraPB12/sroussel/benchsMusee/opb_Equals1_cod2_binary/normalized-BA_RDC4.dot_fibo_0null0mast_rapportOE2.0_TMAX300_K67_cod2_pbEq1_newVersion_binary.opb.xz,19
OPT-LIN/normalized-extraPB12/sroussel/benchsMusee/opb_Equals1_cod2_binary/normalized-BA_RDC4.dot_fibo_0null0mast_rapportOE2.0_TMAX60_K67_cod2_pbEq1_newVersion_binary.opb.xz,19
OPT-LIN/normalized-extraPB12/sroussel/benchsMusee/opb_Equals1_cod2_binary/normalized-BA_RDC4.dot_fibo_0null10mast_rapportOE1.0_TMAX120_K67_cod2_pbEq1_newVersion_binary.opb.xz,20
OPT-LIN/normalized-extraPB12/sroussel/benchsMusee/opb_Equals1_cod2_binary/normalized-BA_RDC4.dot_fibo_0null10mast_rapportOE1.0_TMAX15_K67_cod2_pbEq1_newVersion_binary.opb.xz,20
OPT-LIN/normalized-extraPB12/sroussel/benchsMusee/opb_Equals1_cod2_binary/normalized-BA_RDC4.dot_fibo_0null10mast_rapportOE1.0_TMAX180_K67_cod2_pbEq1_newVersion_binary.opb.xz,20
OPT-LIN/normalized-extraPB12/sroussel/benchsMusee/opb_Equals1_cod2_binary/normalized-BA_RDC4.dot_fibo_0null10mast_rapportOE1.0_TMAX300_K67_cod2_pbEq1_newVersion_binary.opb.xz,20
OPT-LIN/normalized-extraPB12/sroussel/benchsMusee/opb_Equals1_cod2_binary/normalized-BA_RDC4.dot_fibo_0null10mast_rapportOE1.0_TMAX60_K67_cod2_pbEq1_newVersion_binary.opb.xz,20
OPT-LIN/normalized-extraPB12/sroussel/benchsMusee/opb_Equals1_cod2_binary/normalized-BA_RDC4.dot_fibo_0null10mast_rapportOE2.0_TMAX120_K67_cod2_pbEq1_newVersion_binary.opb.xz,20
OPT-LIN/normalized-extraPB12/sroussel/benchsMusee/opb_Equals1_cod2_binary/normalized-BA_RDC4.dot_fibo_0null10mast_rapportOE2.0_TMAX15_K67_cod2_pbEq1_newVersion_binary.opb.xz,20
OPT-LIN/normalized-extraPB12/sroussel/benchsMusee/opb_Equals1_cod2_binary/normalized-BA_RDC4.dot_fibo_0null10mast_rapportOE2.0_TMAX180_K67_cod2_pbEq1_newVersion_binary.opb.xz,20
OPT-LIN/normalized-extraPB12/sroussel/benchsMusee/opb_Equals1_cod2_binary/normalized-BA_RDC4.dot_fibo_0null10mast_rapportOE2.0_TMAX300_K67_cod2_pbEq1_newVersion_binary.opb.xz,20
OPT-LIN/normalized-extraPB12/sroussel/benchsMusee/opb_Equals1_cod2_binary/normalized-BA_RDC4.dot_fibo_0null10mast_rapportOE2.0_TMAX60_K67_cod2_pbEq1_newVersion_binary.opb.xz,20
OPT-LIN/normalized-extraPB12/sroussel/benchsMusee/opb_Equals1_cod2_binary/normalized-BA_RDC4.dot_fibo_0null20mast_rapportOE1.0_TMAX120_K67_cod2_pbEq1_newVersion_binary.opb.xz,21
OPT-LIN/normalized-extraPB12/sroussel/benchsMusee/opb_Equals1_cod2_binary/normalized-BA_RDC4.dot_fibo_0null20mast_rapportOE1.0_TMAX15_K67_cod2_pbEq1_newVersion_binary.opb.xz,21
OPT-LIN/normalized-extraPB12/sroussel/benchsMusee/opb_Equals1_cod2_binary/normalized-BA_RDC4.dot_fibo_0null20mast_rapportOE1.0_TMAX180_K67_cod2_pbEq1_newVersion_binary.opb.xz,21
OPT-LIN/normalized-extraPB12/sroussel/benchsMusee/opb_Equals1_cod2_binary/normalized-BA_RDC4.dot_fibo_0null20mast_rapportOE1.0_TMAX300_K67_cod2_pbEq1_newVersion_binary.opb.xz,21
OPT-LIN/normalized-extraPB12/sroussel/benchsMusee/opb_Equals1_cod2_binary/normalized-BA_RDC4.dot_fibo_0null20mast_rapportOE1.0_TMAX60_K67_cod2_pbEq1_newVersion_binary.opb.xz,21
OPT-LIN/normalized-extraPB12/sroussel/benchsMusee/opb_Equals1_cod2_binary/normalized-BA_RDC4.dot_fibo_0null20mast_rapportOE2.0_TMAX120_K67_cod2_pbEq1_newVersion_binary.opb.xz,21
OPT-LIN/normalized-extraPB12/sroussel/benchsMusee/opb_Equals1_cod2_binary/normalized-BA_RDC4.dot_fibo_0null20mast_rapportOE2.0_TMAX15_K67_cod2_pbEq1_newVersion_binary.opb.xz,21
OPT-LIN/normalized-extraPB12/sroussel/benchsMusee/opb_Equals1_cod2_binary/normalized-BA_RDC4.dot_fibo_0null20mast_rapportOE2.0_TMAX180_K67_cod2_pbEq1_newVersion_binary.opb.xz,21
OPT-LIN/normalized-extraPB12/sroussel/benchsMusee/opb_Equals1_cod2_binary/normalized-BA_RDC4.dot_fibo_0null20mast_rapportOE2.0_TMAX300_K67_cod2_pbEq1_newVersion_binary.opb.xz,21
OPT-LIN/normalized-extraPB12/sroussel/benchsMusee/opb_Equals1_cod2_binary/normalized-BA_RDC4.dot_fibo_0null20mast_rapportOE2.0_TMAX60_K67_cod2_pbEq1_newVersion_binary.opb.xz,21
OPT-LIN/normalized-extraPB12/sroussel/benchsMusee/opb_Equals1_cod2_binary/normalized-BA_RDC4.dot_fibo_0null50mast_rapportOE1.0_TMAX120_K67_cod2_pbEq1_newVersion_binary.opb.xz,22
OPT-LIN/normalized-extraPB12/sroussel/benchsMusee/opb_Equals1_cod2_binary/normalized-BA_RDC4.dot_fibo_0null50mast_rapportOE1.0_TMAX15_K67_cod2_pbEq1_newVersion_binary.opb.xz,22
OPT-LIN/normalized-extraPB12/sroussel/benchsMusee/opb_Equals1_cod2_binary/normalized-BA_RDC4.dot_fibo_0null50mast_rapportOE1.0_TMAX180_K67_cod2_pbEq1_newVersion_binary.opb.xz,22
OPT-LIN/normalized-extraPB12/sroussel/benchsMusee/opb_Equals1_cod2_binary/normalized-BA_RDC4.dot_fibo_0null50mast_rapportOE1.0_TMAX300_K67_cod2_pbEq1_newVersion_binary.opb.xz,22
OPT-LIN/normalized-extraPB12/sroussel/benchsMusee/opb_Equals1_cod2_binary/normalized-BA_RDC4.dot_fibo_0null50mast_rapportOE1.0_TMAX60_K67_cod2_pbEq1_newVersion_binary.opb.xz,22
OPT-LIN/normalized-extraPB12/sroussel/benchsMusee/opb_Equals1_cod2_binary/normalized-BA_RDC4.dot_fibo_0null50mast_rapportOE2.0_TMAX120_K67_cod2_pbEq1_newVersion_binary.opb.xz,22
OPT-LIN/normalized-extraPB12/sroussel/benchsMusee/opb_Equals1_cod2_binary/normalized-BA_RDC4.dot_fibo_0null50mast_rapportOE2.0_TMAX15_K67_cod2_pbEq1_newVersion_binary.opb.xz,22
OPT-LIN/normalized-extraPB12/sroussel/benchsMusee/opb_Equals1_cod2_binary/normalized-BA_RDC4.dot_fibo_0null50mast_rapportOE2.0_TMAX180_K67_cod2_pbEq1_newVersion_binary.opb.xz,22
OPT-LIN/normalized-extraPB12/sroussel/benchsMusee/opb_Equals1_cod2_binary/normalized-BA_RDC4.dot_fibo_0null50mast_rapportOE2.0_TMAX300_K67_cod2_pbEq1_newVersion_binary.opb.xz,22
OPT-LIN/normalized-extraPB12/sroussel/benchsMusee/opb_Equals1_cod2_binary/normalized-BA_RDC4.dot_fibo_0null50mast_rapportOE2.0_TMAX60_K67_cod2_pbEq1_newVersion_binary.opb.xz,22
OPT-LIN/normalized-extraPB12/sroussel/benchsMusee/opb_Equals1_cod2_binary/normalized-BA_RDC4.dot_fibo_10null0mast_rapportOE1.0_TMAX120_K67_cod2_pbEq1_newVersion_binary.opb.xz,19
OPT-LIN/normalized-extraPB12/sroussel/benchsMusee/opb_Equals1_cod2_binary/normalized-BA_RDC4.dot_fibo_10null0mast_rapportOE1.0_TMAX15_K67_cod2_pbEq1_newVersion_binary.opb.xz,19
OPT-LIN/normalized-extraPB12/sroussel/benchsMusee/opb_Equals1_cod2_binary/normalized-BA_RDC4.dot_fibo_10null0mast_rapportOE1.0_TMAX180_K67_cod2_pbEq1_newVersion_binary.opb.xz,19
OPT-LIN/normalized-extraPB12/sroussel/benchsMusee/opb_Equals1_cod2_binary/normalized-BA_RDC4.dot_fibo_10null0mast_rapportOE1.0_TMAX300_K67_cod2_pbEq1_newVersion_binary.opb.xz,19
OPT-LIN/normalized-extraPB12/sroussel/benchsMusee/opb_Equals1_cod2_binary/normalized-BA_RDC4.dot_fibo_10null0mast_rapportOE1.0_TMAX60_K67_cod2_pbEq1_newVersion_binary.opb.xz,19
OPT-LIN/normalized-extraPB12/sroussel/benchsMusee/opb_Equals1_cod2_binary/normalized-BA_RDC4.dot_fibo_10null0mast_rapportOE2.0_TMAX120_K67_cod2_pbEq1_newVersion_binary.opb.xz,19
OPT-LIN/normalized-extraPB12/sroussel/benchsMusee/opb_Equals1_cod2_binary/normalized-BA_RDC4.dot_fibo_10null0mast_rapportOE2.0_TMAX15_K67_cod2_pbEq1_newVersion_binary.opb.xz,19
OPT-LIN/normalized-extraPB12/sroussel/benchsMusee/opb_Equals1_cod2_binary/normalized-BA_RDC4.dot_fibo_10null0mast_rapportOE2.0_TMAX180_K67_cod2_pbEq1_newVersion_binary.opb.xz,19
OPT-LIN/normalized-extraPB12/sroussel/benchsMusee/opb_Equals1_cod2_binary/normalized-BA_RDC4.dot_fibo_10null0mast_rapportOE2.0_TMAX300_K67_cod2_pbEq1_newVersion_binary.opb.xz,19
OPT-LIN/normalized-extraPB12/sroussel/benchsMusee/opb_Equals1_cod2_binary/normalized-BA_RDC4.dot_fibo_10null0mast_rapportOE2.0_TMAX60_K67_cod2_pbEq1_newVersion_binary.opb.xz,19
OPT-LIN/normalized-extraPB12/sroussel/benchsMusee/opb_Equals1_cod2_binary/normalized-BA_RDC4.dot_fibo_10null10mast_rapportOE1.0_TMAX120_K67_cod2_pbEq1_newVersion_binary.opb.xz,20
OPT-LIN/normalized-extraPB12/sroussel/benchsMusee/opb_Equals1_cod2_binary/normalized-BA_RDC4.dot_fibo_10null10mast_rapportOE1.0_TMAX15_K67_cod2_pbEq1_newVersion_binary.opb.xz,20
OPT-LIN/normalized-extraPB12/sroussel/benchsMusee/opb_Equals1_cod2_binary/normalized-BA_RDC4.dot_fibo_10null10mast_rapportOE1.0_TMAX180_K67_cod2_pbEq1_newVersion_binary.opb.xz,20
OPT-LIN/normalized-extraPB12/sroussel/benchsMusee/opb_Equals1_cod2_binary/normalized-BA_RDC4.dot_fibo_10null10mast_rapportOE1.0_TMAX300_K67_cod2_pbEq1_newVersion_binary.opb.xz,20
OPT-LIN/normalized-extraPB12/sroussel/benchsMusee/opb_Equals1_cod2_binary/normalized-BA_RDC4.dot_fibo_10null10mast_rapportOE1.0_TMAX60_K67_cod2_pbEq1_newVersion_binary.opb.xz,20
OPT-LIN/normalized-extraPB12/sroussel/benchsMusee/opb_Equals1_cod2_binary/normalized-BA_RDC4.dot_fibo_10null10mast_rapportOE2.0_TMAX120_K67_cod2_pbEq1_newVersion_binary.opb.xz,20
OPT-LIN/normalized-extraPB12/sroussel/benchsMusee/opb_Equals1_cod2_binary/normalized-BA_RDC4.dot_fibo_10null10mast_rapportOE2.0_TMAX15_K67_cod2_pbEq1_newVersion_binary.opb.xz,20
OPT-LIN/normalized-extraPB12/sroussel/benchsMusee/opb_Equals1_cod2_binary/normalized-BA_RDC4.dot_fibo_10null10mast_rapportOE2.0_TMAX180_K67_cod2_pbEq1_newVersion_binary.opb.xz,20
OPT-LIN/normalized-extraPB12/sroussel/benchsMusee/opb_Equals1_cod2_binary/normalized-BA_RDC4.dot_fibo_10null10mast_rapportOE2.0_TMAX300_K67_cod2_pbEq1_newVersion_binary.opb.xz,20
OPT-LIN/normalized-extraPB12/sroussel/benchsMusee/opb_Equals1_cod2_binary/normalized-BA_RDC4.dot_fibo_10null10mast_rapportOE2.0_TMAX60_K67_cod2_pbEq1_newVersion_binary.opb.xz,20
OPT-LIN/normalized-extraPB12/sroussel/benchsMusee/opb_Equals1_cod2_binary/normalized-BA_RDC4.dot_fibo_10null20mast_rapportOE1.0_TMAX120_K67_cod2_pbEq1_newVersion_binary.opb.xz,21
OPT-LIN/normalized-extraPB12/sroussel/benchsMusee/opb_Equals1_cod2_binary/normalized-BA_RDC4.dot_fibo_10null20mast_rapportOE1.0_TMAX15_K67_cod2_pbEq1_newVersion_binary.opb.xz,21
OPT-LIN/normalized-extraPB12/sroussel/benchsMusee/opb_Equals1_cod2_binary/normalized-BA_RDC4.dot_fibo_10null20mast_rapportOE1.0_TMAX180_K67_cod2_pbEq1_newVersion_binary.opb.xz,21
OPT-LIN/normalized-extraPB12/sroussel/benchsMusee/opb_Equals1_cod2_binary/normalized-BA_RDC4.dot_fibo_10null20mast_rapportOE1.0_TMAX300_K67_cod2_pbEq1_newVersion_binary.opb.xz,21
OPT-LIN/normalized-extraPB12/sroussel/benchsMusee/opb_Equals1_cod2_binary/normalized-BA_RDC4.dot_fibo_10null20mast_rapportOE1.0_TMAX60_K67_cod2_pbEq1_newVersion_binary.opb.xz,21
OPT-LIN/normalized-extraPB12/sroussel/benchsMusee/opb_Equals1_cod2_binary/normalized-BA_RDC4.dot_fibo_10null20mast_rapportOE2.0_TMAX120_K67_cod2_pbEq1_newVersion_binary.opb.xz,21
OPT-LIN/normalized-extraPB12/sroussel/benchsMusee/opb_Equals1_cod2_binary/normalized-BA_RDC4.dot_fibo_10null20mast_rapportOE2.0_TMAX15_K67_cod2_pbEq1_newVersion_binary.opb.xz,21
OPT-LIN/normalized-extraPB12/sroussel/benchsMusee/opb_Equals1_cod2_binary/normalized-BA_RDC4.dot_fibo_10null20mast_rapportOE2.0_TMAX180_K67_cod2_pbEq1_newVersion_binary.opb.xz,21
OPT-LIN/normalized-extraPB12/sroussel/benchsMusee/opb_Equals1_cod2_binary/normalized-BA_RDC4.dot_fibo_10null20mast_rapportOE2.0_TMAX300_K67_cod2_pbEq1_newVersion_binary.opb.xz,21
OPT-LIN/normalized-extraPB12/sroussel/benchsMusee/opb_Equals1_cod2_binary/normalized-BA_RDC4.dot_fibo_10null20mast_rapportOE2.0_TMAX60_K67_cod2_pbEq1_newVersion_binary.opb.xz,21
OPT-LIN/normalized-extraPB12/sroussel/benchsMusee/opb_Equals1_cod2_binary/normalized-BA_RDC4.dot_fibo_10null50mast_rapportOE1.0_TMAX120_K67_cod2_pbEq1_newVersion_binary.opb.xz,22
OPT-LIN/normalized-extraPB12/sroussel/benchsMusee/opb_Equals1_cod2_binary/normalized-BA_RDC4.dot_fibo_10null50mast_rapportOE1.0_TMAX15_K67_cod2_pbEq1_newVersion_binary.opb.xz,22
OPT-LIN/normalized-extraPB12/sroussel/benchsMusee/opb_Equals1_cod2_binary/normalized-BA_RDC4.dot_fibo_10null50mast_rapportOE1.0_TMAX180_K67_cod2_pbEq1_newVersion_binary.opb.xz,22
OPT-LIN/normalized-extraPB12/sroussel/benchsMusee/opb_Equals1_cod2_binary/normalized-BA_RDC4.dot_fibo_10null50mast_rapportOE1.0_TMAX300_K67_cod2_pbEq1_newVersion_binary.opb.xz,22
OPT-LIN/normalized-extraPB12/sroussel/benchsMusee/opb_Equals1_cod2_binary/normalized-BA_RDC4.dot_fibo_10null50mast_rapportOE1.0_TMAX60_K67_cod2_pbEq1_newVersion_binary.opb.xz,22
OPT-LIN/normalized-extraPB12/sroussel/benchsMusee/opb_Equals1_cod2_binary/normalized-BA_RDC4.dot_fibo_10null50mast_rapportOE2.0_TMAX120_K67_cod2_pbEq1_newVersion_binary.opb.xz,22
OPT-LIN/normalized-extraPB12/sroussel/benchsMusee/opb_Equals1_cod2_binary/normalized-BA_RDC4.dot_fibo_10null50mast_rapportOE2.0_TMAX15_K67_cod2_pbEq1_newVersion_binary.opb.xz,22
OPT-LIN/normalized-extraPB12/sroussel/benchsMusee/opb_Equals1_cod2_binary/normalized-BA_RDC4.dot_fibo_10null50mast_rapportOE2.0_TMAX180_K67_cod2_pbEq1_newVersion_binary.opb.xz,22
OPT-LIN/normalized-extraPB12/sroussel/benchsMusee/opb_Equals1_cod2_binary/normalized-BA_RDC4.dot_fibo_10null50mast_rapportOE2.0_TMAX300_K67_cod2_pbEq1_newVersion_binary.opb.xz,22
OPT-LIN/normalized-extraPB12/sroussel/benchsMusee/opb_Equals1_cod2_binary/normalized-BA_RDC4.dot_fibo_10null50mast_rapportOE2.0_TMAX60_K67_cod2_pbEq1_newVersion_binary.opb.xz,22
OPT-LIN/normalized-extraPB12/sroussel/benchsMusee/opb_Equals1_cod2_binary/normalized-BA_RDC4.dot_fibo_20null0mast_rapportOE1.0_TMAX120_K67_cod2_pbEq1_newVersion_binary.opb.xz,19
OPT-LIN/normalized-extraPB12/sroussel/benchsMusee/opb_Equals1_cod2_binary/normalized-BA_RDC4.dot_fibo_20null0mast_rapportOE1.0_TMAX15_K67_cod2_pbEq1_newVersion_binary.opb.xz,19
OPT-LIN/normalized-extraPB12/sroussel/benchsMusee/opb_Equals1_cod2_binary/normalized-BA_RDC4.dot_fibo_20null0mast_rapportOE1.0_TMAX180_K67_cod2_pbEq1_newVersion_binary.opb.xz,19
OPT-LIN/normalized-extraPB12/sroussel/benchsMusee/opb_Equals1_cod2_binary/normalized-BA_RDC4.dot_fibo_20null0mast_rapportOE1.0_TMAX300_K67_cod2_pbEq1_newVersion_binary.opb.xz,19
OPT-LIN/normalized-extraPB12/sroussel/benchsMusee/opb_Equals1_cod2_binary/normalized-BA_RDC4.dot_fibo_20null0mast_rapportOE1.0_TMAX60_K67_cod2_pbEq1_newVersion_binary.opb.xz,19
OPT-LIN/normalized-extraPB12/sroussel/benchsMusee/opb_Equals1_cod2_binary/normalized-BA_RDC4.dot_fibo_20null0mast_rapportOE2.0_TMAX120_K67_cod2_pbEq1_newVersion_binary.opb.xz,19
OPT-LIN/normalized-extraPB12/sroussel/benchsMusee/opb_Equals1_cod2_binary/normalized-BA_RDC4.dot_fibo_20null0mast_rapportOE2.0_TMAX15_K67_cod2_pbEq1_newVersion_binary.opb.xz,19
OPT-LIN/normalized-extraPB12/sroussel/benchsMusee/opb_Equals1_cod2_binary/normalized-BA_RDC4.dot_fibo_20null0mast_rapportOE2.0_TMAX180_K67_cod2_pbEq1_newVersion_binary.opb.xz,19
OPT-LIN/normalized-extraPB12/sroussel/benchsMusee/opb_Equals1_cod2_binary/normalized-BA_RDC4.dot_fibo_20null0mast_rapportOE2.0_TMAX300_K67_cod2_pbEq1_newVersion_binary.opb.xz,19
OPT-LIN/normalized-extraPB12/sroussel/benchsMusee/opb_Equals1_cod2_binary/normalized-BA_RDC4.dot_fibo_20null0mast_rapportOE2.0_TMAX60_K67_cod2_pbEq1_newVersion_binary.opb.xz,19
OPT-LIN/normalized-extraPB12/sroussel/benchsMusee/opb_Equals1_cod2_binary/normalized-BA_RDC4.dot_fibo_20null10mast_rapportOE1.0_TMAX120_K67_cod2_pbEq1_newVersion_binary.opb.xz,20
OPT-LIN/normalized-extraPB12/sroussel/benchsMusee/opb_Equals1_cod2_binary/normalized-BA_RDC4.dot_fibo_20null10mast_rapportOE1.0_TMAX15_K67_cod2_pbEq1_newVersion_binary.opb.xz,20
OPT-LIN/normalized-extraPB12/sroussel/benchsMusee/opb_Equals1_cod2_binary/normalized-BA_RDC4.dot_fibo_20null10mast_rapportOE1.0_TMAX180_K67_cod2_pbEq1_newVersion_binary.opb.xz,20
OPT-LIN/normalized-extraPB12/sroussel/benchsMusee/opb_Equals1_cod2_binary/normalized-BA_RDC4.dot_fibo_20null10mast_rapportOE1.0_TMAX300_K67_cod2_pbEq1_newVersion_binary.opb.xz,20
OPT-LIN/normalized-extraPB12/sroussel/benchsMusee/opb_Equals1_cod2_binary/normalized-BA_RDC4.dot_fibo_20null10mast_rapportOE1.0_TMAX60_K67_cod2_pbEq1_newVersion_binary.opb.xz,20
OPT-LIN/normalized-extraPB12/sroussel/benchsMusee/opb_Equals1_cod2_binary/normalized-BA_RDC4.dot_fibo_20null10mast_rapportOE2.0_TMAX120_K67_cod2_pbEq1_newVersion_binary.opb.xz,20
OPT-LIN/normalized-extraPB12/sroussel/benchsMusee/opb_Equals1_cod2_binary/normalized-BA_RDC4.dot_fibo_20null10mast_rapportOE2.0_TMAX15_K67_cod2_pbEq1_newVersion_binary.opb.xz,20
OPT-LIN/normalized-extraPB12/sroussel/benchsMusee/opb_Equals1_cod2_binary/normalized-BA_RDC4.dot_fibo_20null10mast_rapportOE2.0_TMAX180_K67_cod2_pbEq1_newVersion_binary.opb.xz,20
OPT-LIN/normalized-extraPB12/sroussel/benchsMusee/opb_Equals1_cod2_binary/normalized-BA_RDC4.dot_fibo_20null10mast_rapportOE2.0_TMAX300_K67_cod2_pbEq1_newVersion_binary.opb.xz,20
OPT-LIN/normalized-extraPB12/sroussel/benchsMusee/opb_Equals1_cod2_binary/normalized-BA_RDC4.dot_fibo_20null10mast_rapportOE2.0_TMAX60_K67_cod2_pbEq1_newVersion_binary.opb.xz,20
OPT-LIN/normalized-extraPB12/sroussel/benchsMusee/opb_Equals1_cod2_binary/normalized-BA_RDC4.dot_fibo_20null20mast_rapportOE1.0_TMAX120_K67_cod2_pbEq1_newVersion_binary.opb.xz,21
OPT-LIN/normalized-extraPB12/sroussel/benchsMusee/opb_Equals1_cod2_binary/normalized-BA_RDC4.dot_fibo_20null20mast_rapportOE1.0_TMAX15_K67_cod2_pbEq1_newVersion_binary.opb.xz,21
OPT-LIN/normalized-extraPB12/sroussel/benchsMusee/opb_Equals1_cod2_binary/normalized-BA_RDC4.dot_fibo_20null20mast_rapportOE1.0_TMAX180_K67_cod2_pbEq1_newVersion_binary.opb.xz,21
OPT-LIN/normalized-extraPB12/sroussel/benchsMusee/opb_Equals1_cod2_binary/normalized-BA_RDC4.dot_fibo_20null20mast_rapportOE1.0_TMAX300_K67_cod2_pbEq1_newVersion_binary.opb.xz,21
OPT-LIN/normalized-extraPB12/sroussel/benchsMusee/opb_Equals1_cod2_binary/normalized-BA_RDC4.dot_fibo_20null20mast_rapportOE1.0_TMAX60_K67_cod2_pbEq1_newVersion_binary.opb.xz,21
OPT-LIN/normalized-extraPB12/sroussel/benchsMusee/opb_Equals1_cod2_binary/normalized-BA_RDC4.dot_fibo_20null20mast_rapportOE2.0_TMAX120_K67_cod2_pbEq1_newVersion_binary.opb.xz,21
OPT-LIN/normalized-extraPB12/sroussel/benchsMusee/opb_Equals1_cod2_binary/normalized-BA_RDC4.dot_fibo_20null20mast_rapportOE2.0_TMAX15_K67_cod2_pbEq1_newVersion_binary.opb.xz,21
OPT-LIN/normalized-extraPB12/sroussel/benchsMusee/opb_Equals1_cod2_binary/normalized-BA_RDC4.dot_fibo_20null20mast_rapportOE2.0_TMAX180_K67_cod2_pbEq1_newVersion_binary.opb.xz,21
OPT-LIN/normalized-extraPB12/sroussel/benchsMusee/opb_Equals1_cod2_binary/normalized-BA_RDC4.dot_fibo_20null20mast_rapportOE2.0_TMAX300_K67_cod2_pbEq1_newVersion_binary.opb.xz,21
OPT-LIN/normalized-extraPB12/sroussel/benchsMusee/opb_Equals1_cod2_binary/normalized-BA_RDC4.dot_fibo_20null20mast_rapportOE2.0_TMAX60_K67_cod2_pbEq1_newVersion_binary.opb.xz,21
OPT-LIN/normalized-extraPB12/sroussel/benchsMusee/opb_Equals1_cod2_binary/normalized-BA_RDC4.dot_fibo_20null50mast_rapportOE1.0_TMAX120_K67_cod2_pbEq1_newVersion_binary.opb.xz,22
OPT-LIN/normalized-extraPB12/sroussel/benchsMusee/opb_Equals1_cod2_binary/normalized-BA_RDC4.dot_fibo_20null50mast_rapportOE1.0_TMAX15_K67_cod2_pbEq1_newVersion_binary.opb.xz,22
OPT-LIN/normalized-extraPB12/sroussel/benchsMusee/opb_Equals1_cod2_binary/normalized-BA_RDC4.dot_fibo_20null50mast_rapportOE1.0_TMAX180_K67_cod2_pbEq1_newVersion_binary.opb.xz,22
OPT-LIN/normalized-extraPB12/sroussel/benchsMusee/opb_Equals1_cod2_binary/normalized-BA_RDC4.dot_fibo_20null50mast_rapportOE1.0_TMAX300_K67_cod2_pbEq1_newVersion_binary.opb.xz,22
OPT-LIN/normalized-extraPB12/sroussel/benchsMusee/opb_Equals1_cod2_binary/normalized-BA_RDC4.dot_fibo_20null50mast_rapportOE1.0_TMAX60_K67_cod2_pbEq1_newVersion_binary.opb.xz,22
OPT-LIN/normalized-extraPB12/sroussel/benchsMusee/opb_Equals1_cod2_binary/normalized-BA_RDC4.dot_fibo_20null50mast_rapportOE2.0_TMAX120_K67_cod2_pbEq1_newVersion_binary.opb.xz,22
OPT-LIN/normalized-extraPB12/sroussel/benchsMusee/opb_Equals1_cod2_binary/normalized-BA_RDC4.dot_fibo_20null50mast_rapportOE2.0_TMAX15_K67_cod2_pbEq1_newVersion_binary.opb.xz,22
OPT-LIN/normalized-extraPB12/sroussel/benchsMusee/opb_Equals1_cod2_binary/normalized-BA_RDC4.dot_fibo_20null50mast_rapportOE2.0_TMAX180_K67_cod2_pbEq1_newVersion_binary.opb.xz,22
OPT-LIN/normalized-extraPB12/sroussel/benchsMusee/opb_Equals1_cod2_binary/normalized-BA_RDC4.dot_fibo_20null50mast_rapportOE2.0_TMAX300_K67_cod2_pbEq1_newVersion_binary.opb.xz,22
OPT-LIN/normalized-extraPB12/sroussel/benchsMusee/opb_Equals1_cod2_binary/normalized-BA_RDC4.dot_fibo_20null50mast_rapportOE2.0_TMAX60_K67_cod2_pbEq1_newVersion_binary.opb.xz,22
OPT-LIN/normalized-extraPB12/sroussel/benchsMusee/opb_Equals1_cod2_binary/normalized-BA_RDC4.dot_fibo_50null0mast_rapportOE1.0_TMAX120_K67_cod2_pbEq1_newVersion_binary.opb.xz,18
OPT-LIN/normalized-extraPB12/sroussel/benchsMusee/opb_Equals1_cod2_binary/normalized-BA_RDC4.dot_fibo_50null0mast_rapportOE1.0_TMAX15_K67_cod2_pbEq1_newVersion_binary.opb.xz,18
OPT-LIN/normalized-extraPB12/sroussel/benchsMusee/opb_Equals1_cod2_binary/normalized-BA_RDC4.dot_fibo_50null0mast_rapportOE1.0_TMAX180_K67_cod2_pbEq1_newVersion_binary.opb.xz,18
OPT-LIN/normalized-extraPB12/sroussel/benchsMusee/opb_Equals1_cod2_binary/normalized-BA_RDC4.dot_fibo_50null0mast_rapportOE1.0_TMAX300_K67_cod2_pbEq1_newVersion_binary.opb.xz,18
OPT-LIN/normalized-extraPB12/sroussel/benchsMusee/opb_Equals1_cod2_binary/normalized-BA_RDC4.dot_fibo_50null0mast_rapportOE1.0_TMAX60_K67_cod2_pbEq1_newVersion_binary.opb.xz,18
OPT-LIN/normalized-extraPB12/sroussel/benchsMusee/opb_Equals1_cod2_binary/normalized-BA_RDC4.dot_fibo_50null0mast_rapportOE2.0_TMAX120_K67_cod2_pbEq1_newVersion_binary.opb.xz,18
OPT-LIN/normalized-extraPB12/sroussel/benchsMusee/opb_Equals1_cod2_binary/normalized-BA_RDC4.dot_fibo_50null0mast_rapportOE2.0_TMAX15_K67_cod2_pbEq1_newVersion_binary.opb.xz,18
OPT-LIN/normalized-extraPB12/sroussel/benchsMusee/opb_Equals1_cod2_binary/normalized-BA_RDC4.dot_fibo_50null0mast_rapportOE2.0_TMAX180_K67_cod2_pbEq1_newVersion_binary.opb.xz,18
OPT-LIN/normalized-extraPB12/sroussel/benchsMusee/opb_Equals1_cod2_binary/normalized-BA_RDC4.dot_fibo_50null0mast_rapportOE2.0_TMAX300_K67_cod2_pbEq1_newVersion_binary.opb.xz,18
OPT-LIN/normalized-extraPB12/sroussel/benchsMusee/opb_Equals1_cod2_binary/normalized-BA_RDC4.dot_fibo_50null0mast_rapportOE2.0_TMAX60_K67_cod2_pbEq1_newVersion_binary.opb.xz,18
OPT-LIN/normalized-extraPB12/sroussel/benchsMusee/opb_Equals1_cod2_binary/normalized-BA_RDC4.dot_fibo_50null10mast_rapportOE1.0_TMAX120_K67_cod2_pbEq1_newVersion_binary.opb.xz,20
OPT-LIN/normalized-extraPB12/sroussel/benchsMusee/opb_Equals1_cod2_binary/normalized-BA_RDC4.dot_fibo_50null10mast_rapportOE1.0_TMAX15_K67_cod2_pbEq1_newVersion_binary.opb.xz,20
OPT-LIN/normalized-extraPB12/sroussel/benchsMusee/opb_Equals1_cod2_binary/normalized-BA_RDC4.dot_fibo_50null10mast_rapportOE1.0_TMAX180_K67_cod2_pbEq1_newVersion_binary.opb.xz,20
OPT-LIN/normalized-extraPB12/sroussel/benchsMusee/opb_Equals1_cod2_binary/normalized-BA_RDC4.dot_fibo_50null10mast_rapportOE1.0_TMAX300_K67_cod2_pbEq1_newVersion_binary.opb.xz,20
OPT-LIN/normalized-extraPB12/sroussel/benchsMusee/opb_Equals1_cod2_binary/normalized-BA_RDC4.dot_fibo_50null10mast_rapportOE1.0_TMAX60_K67_cod2_pbEq1_newVersion_binary.opb.xz,20
OPT-LIN/normalized-extraPB12/sroussel/benchsMusee/opb_Equals1_cod2_binary/normalized-BA_RDC4.dot_fibo_50null10mast_rapportOE2.0_TMAX120_K67_cod2_pbEq1_newVersion_binary.opb.xz,20
OPT-LIN/normalized-extraPB12/sroussel/benchsMusee/opb_Equals1_cod2_binary/normalized-BA_RDC4.dot_fibo_50null10mast_rapportOE2.0_TMAX15_K67_cod2_pbEq1_newVersion_binary.opb.xz,20
OPT-LIN/normalized-extraPB12/sroussel/benchsMusee/opb_Equals1_cod2_binary/normalized-BA_RDC4.dot_fibo_50null10mast_rapportOE2.0_TMAX180_K67_cod2_pbEq1_newVersion_binary.opb.xz,20
OPT-LIN/normalized-extraPB12/sroussel/benchsMusee/opb_Equals1_cod2_binary/normalized-BA_RDC4.dot_fibo_50null10mast_rapportOE2.0_TMAX300_K67_cod2_pbEq1_newVersion_binary.opb.xz,20
OPT-LIN/normalized-extraPB12/sroussel/benchsMusee/opb_Equals1_cod2_binary/normalized-BA_RDC4.dot_fibo_50null10mast_rapportOE2.0_TMAX60_K67_cod2_pbEq1_newVersion_binary.opb.xz,20
OPT-LIN/normalized-extraPB12/sroussel/benchsMusee/opb_Equals1_cod2_binary/normalized-BA_RDC4.dot_fibo_50null20mast_rapportOE1.0_TMAX120_K67_cod2_pbEq1_newVersion_binary.opb.xz,21
OPT-LIN/normalized-extraPB12/sroussel/benchsMusee/opb_Equals1_cod2_binary/normalized-BA_RDC4.dot_fibo_50null20mast_rapportOE1.0_TMAX15_K67_cod2_pbEq1_newVersion_binary.opb.xz,21
OPT-LIN/normalized-extraPB12/sroussel/benchsMusee/opb_Equals1_cod2_binary/normalized-BA_RDC4.dot_fibo_50null20mast_rapportOE1.0_TMAX180_K67_cod2_pbEq1_newVersion_binary.opb.xz,21
OPT-LIN/normalized-extraPB12/sroussel/benchsMusee/opb_Equals1_cod2_binary/normalized-BA_RDC4.dot_fibo_50null20mast_rapportOE1.0_TMAX300_K67_cod2_pbEq1_newVersion_binary.opb.xz,21
OPT-LIN/normalized-extraPB12/sroussel/benchsMusee/opb_Equals1_cod2_binary/normalized-BA_RDC4.dot_fibo_50null20mast_rapportOE1.0_TMAX60_K67_cod2_pbEq1_newVersion_binary.opb.xz,21
OPT-LIN/normalized-extraPB12/sroussel/benchsMusee/opb_Equals1_cod2_binary/normalized-BA_RDC4.dot_fibo_50null20mast_rapportOE2.0_TMAX120_K67_cod2_pbEq1_newVersion_binary.opb.xz,21
OPT-LIN/normalized-extraPB12/sroussel/benchsMusee/opb_Equals1_cod2_binary/normalized-BA_RDC4.dot_fibo_50null20mast_rapportOE2.0_TMAX15_K67_cod2_pbEq1_newVersion_binary.opb.xz,21
OPT-LIN/normalized-extraPB12/sroussel/benchsMusee/opb_Equals1_cod2_binary/normalized-BA_RDC4.dot_fibo_50null20mast_rapportOE2.0_TMAX180_K67_cod2_pbEq1_newVersion_binary.opb.xz,21
OPT-LIN/normalized-extraPB12/sroussel/benchsMusee/opb_Equals1_cod2_binary/normalized-BA_RDC4.dot_fibo_50null20mast_rapportOE2.0_TMAX300_K67_cod2_pbEq1_newVersion_binary.opb.xz,21
OPT-LIN/normalized-extraPB12/sroussel/benchsMusee/opb_Equals1_cod2_binary/normalized-BA_RDC4.dot_fibo_50null20mast_rapportOE2.0_TMAX60_K67_cod2_pbEq1_newVersion_binary.opb.xz,21
OPT-LIN/normalized-extraPB12/sroussel/benchsMusee/opb_Equals1_cod2_binary/normalized-BA_RDC4.dot_fibo_50null50mast_rapportOE1.0_TMAX120_K67_cod2_pbEq1_newVersion_binary.opb.xz,14
OPT-LIN/normalized-extraPB12/sroussel/benchsMusee/opb_Equals1_cod2_binary/normalized-BA_RDC4.dot_fibo_50null50mast_rapportOE1.0_TMAX15_K67_cod2_pbEq1_newVersion_binary.opb.xz,14
OPT-LIN/normalized-extraPB12/sroussel/benchsMusee/opb_Equals1_cod2_binary/normalized-BA_RDC4.dot_fibo_50null50mast_rapportOE1.0_TMAX180_K67_cod2_pbEq1_newVersion_binary.opb.xz,14
OPT-LIN/normalized-extraPB12/sroussel/benchsMusee/opb_Equals1_cod2_binary/normalized-BA_RDC4.dot_fibo_50null50mast_rapportOE1.0_TMAX300_K67_cod2_pbEq1_newVersion_binary.opb.xz,14
OPT-LIN/normalized-extraPB12/sroussel/benchsMusee/opb_Equals1_cod2_binary/normalized-BA_RDC4.dot_fibo_50null50mast_rapportOE1.0_TMAX60_K67_cod2_pbEq1_newVersion_binary.opb.xz,14
OPT-LIN/normalized-extraPB12/sroussel/benchsMusee/opb_Equals1_cod2_binary/normalized-BA_RDC4.dot_fibo_50null50mast_rapportOE2.0_TMAX120_K67_cod2_pbEq1_newVersion_binary.opb.xz,14
OPT-LIN/normalized-extraPB12/sroussel/benchsMusee/opb_Equals1_cod2_binary/normalized-BA_RDC4.dot_fibo_50null50mast_rapportOE2.0_TMAX15_K67_cod2_pbEq1_newVersion_binary.opb.xz,14
OPT-LIN/normalized-extraPB12/sroussel/benchsMusee/opb_Equals1_cod2_binary/normalized-BA_RDC4.dot_fibo_50null50mast_rapportOE2.0_TMAX180_K67_cod2_pbEq1_newVersion_binary.opb.xz,14
OPT-LIN/normalized-extraPB12/sroussel/benchsMusee/opb_Equals1_cod2_binary/normalized-BA_RDC4.dot_fibo_50null50mast_rapportOE2.0_TMAX300_K67_cod2_pbEq1_newVersion_binary.opb.xz,14
OPT-LIN/normalized-extraPB12/sroussel/benchsMusee/opb_Equals1_cod2_binary/normalized-BA_RDC4.dot_fibo_50null50mast_rapportOE2.0_TMAX60_K67_cod2_pbEq1_newVersion_binary.opb.xz,14
OPT-LIN/normalized-extraPB12/sroussel/benchsMusee/opb_Equals1_cod2_binary/normalized-BA_RDC4.dot_luby_0null0mast_rapportOE1.0_TMAX120_K67_cod2_pbEq1_newVersion_binary.opb.xz,14
OPT-LIN/normalized-extraPB12/sroussel/benchsMusee/opb_Equals1_cod2_binary/normalized-BA_RDC4.dot_luby_0null0mast_rapportOE1.0_TMAX15_K67_cod2_pbEq1_newVersion_binary.opb.xz,14
OPT-LIN/normalized-extraPB12/sroussel/benchsMusee/opb_Equals1_cod2_binary/normalized-BA_RDC4.dot_luby_0null0mast_rapportOE1.0_TMAX180_K67_cod2_pbEq1_newVersion_binary.opb.xz,14
OPT-LIN/normalized-extraPB12/sroussel/benchsMusee/opb_Equals1_cod2_binary/normalized-BA_RDC4.dot_luby_0null0mast_rapportOE1.0_TMAX300_K67_cod2_pbEq1_newVersion_binary.opb.xz,14
OPT-LIN/normalized-extraPB12/sroussel/benchsMusee/opb_Equals1_cod2_binary/normalized-BA_RDC4.dot_luby_0null0mast_rapportOE1.0_TMAX60_K67_cod2_pbEq1_newVersion_binary.opb.xz,14
OPT-LIN/normalized-extraPB12/sroussel/benchsMusee/opb_Equals1_cod2_binary/normalized-BA_RDC4.dot_luby_0null0mast_rapportOE2.0_TMAX120_K67_cod2_pbEq1_newVersion_binary.opb.xz,14
OPT-LIN/normalized-extraPB12/sroussel/benchsMusee/opb_Equals1_cod2_binary/normalized-BA_RDC4.dot_luby_0null0mast_rapportOE2.0_TMAX15_K67_cod2_pbEq1_newVersion_binary.opb.xz,14
OPT-LIN/normalized-extraPB12/sroussel/benchsMusee/opb_Equals1_cod2_binary/normalized-BA_RDC4.dot_luby_0null0mast_rapportOE2.0_TMAX180_K67_cod2_pbEq1_newVersion_binary.opb.xz,14
OPT-LIN/normalized-extraPB12/sroussel/benchsMusee/opb_Equals1_cod2_binary/normalized-BA_RDC4.dot_luby_0null0mast_rapportOE2.0_TMAX300_K67_cod2_pbEq1_newVersion_binary.opb.xz,14
OPT-LIN/normalized-extraPB12/sroussel/benchsMusee/opb_Equals1_cod2_binary/normalized-BA_RDC4.dot_luby_0null0mast_rapportOE2.0_TMAX60_K67_cod2_pbEq1_newVersion_binary.opb.xz,14
OPT-LIN/normalized-extraPB12/sroussel/benchsMusee/opb_Equals1_cod2_binary/normalized-BA_RDC4.dot_luby_0null10mast_rapportOE1.0_TMAX120_K67_cod2_pbEq1_newVersion_binary.opb.xz,14
OPT-LIN/normalized-extraPB12/sroussel/benchsMusee/opb_Equals1_cod2_binary/normalized-BA_RDC4.dot_luby_0null10mast_rapportOE1.0_TMAX15_K67_cod2_pbEq1_newVersion_binary.opb.xz,14
OPT-LIN/normalized-extraPB12/sroussel/benchsMusee/opb_Equals1_cod2_binary/normalized-BA_RDC4.dot_luby_0null10mast_rapportOE1.0_TMAX180_K67_cod2_pbEq1_newVersion_binary.opb.xz,14
OPT-LIN/normalized-extraPB12/sroussel/benchsMusee/opb_Equals1_cod2_binary/normalized-BA_RDC4.dot_luby_0null10mast_rapportOE1.0_TMAX300_K67_cod2_pbEq1_newVersion_binary.opb.xz,14
OPT-LIN/normalized-extraPB12/sroussel/benchsMusee/opb_Equals1_cod2_binary/normalized-BA_RDC4.dot_luby_0null10mast_rapportOE1.0_TMAX60_K67_cod2_pbEq1_newVersion_binary.opb.xz,14
OPT-LIN/normalized-extraPB12/sroussel/benchsMusee/opb_Equals1_cod2_binary/normalized-BA_RDC4.dot_luby_0null10mast_rapportOE2.0_TMAX120_K67_cod2_pbEq1_newVersion_binary.opb.xz,14
OPT-LIN/normalized-extraPB12/sroussel/benchsMusee/opb_Equals1_cod2_binary/normalized-BA_RDC4.dot_luby_0null10mast_rapportOE2.0_TMAX15_K67_cod2_pbEq1_newVersion_binary.opb.xz,14
OPT-LIN/normalized-extraPB12/sroussel/benchsMusee/opb_Equals1_cod2_binary/normalized-BA_RDC4.dot_luby_0null10mast_rapportOE2.0_TMAX180_K67_cod2_pbEq1_newVersion_binary.opb.xz,14
OPT-LIN/normalized-extraPB12/sroussel/benchsMusee/opb_Equals1_cod2_binary/normalized-BA_RDC4.dot_luby_0null10mast_rapportOE2.0_TMAX300_K67_cod2_pbEq1_newVersion_binary.opb.xz,14
OPT-LIN/normalized-extraPB12/sroussel/benchsMusee/opb_Equals1_cod2_binary/normalized-BA_RDC4.dot_luby_0null10mast_rapportOE2.0_TMAX60_K67_cod2_pbEq1_newVersion_binary.opb.xz,14
OPT-LIN/normalized-extraPB12/sroussel/benchsMusee/opb_Equals1_cod2_binary/normalized-BA_RDC4.dot_luby_0null20mast_rapportOE1.0_TMAX120_K67_cod2_pbEq1_newVersion_binary.opb.xz,15
OPT-LIN/normalized-extraPB12/sroussel/benchsMusee/opb_Equals1_cod2_binary/normalized-BA_RDC4.dot_luby_0null20mast_rapportOE1.0_TMAX15_K67_cod2_pbEq1_newVersion_binary.opb.xz,15
OPT-LIN/normalized-extraPB12/sroussel/benchsMusee/opb_Equals1_cod2_binary/normalized-BA_RDC4.dot_luby_0null20mast_rapportOE1.0_TMAX180_K67_cod2_pbEq1_newVersion_binary.opb.xz,15
OPT-LIN/normalized-extraPB12/sroussel/benchsMusee/opb_Equals1_cod2_binary/normalized-BA_RDC4.dot_luby_0null20mast_rapportOE1.0_TMAX300_K67_cod2_pbEq1_newVersion_binary.opb.xz,15
OPT-LIN/normalized-extraPB12/sroussel/benchsMusee/opb_Equals1_cod2_binary/normalized-BA_RDC4.dot_luby_0null20mast_rapportOE1.0_TMAX60_K67_cod2_pbEq1_newVersion_binary.opb.xz,15
OPT-LIN/normalized-extraPB12/sroussel/benchsMusee/opb_Equals1_cod2_binary/normalized-BA_RDC4.dot_luby_0null20mast_rapportOE2.0_TMAX120_K67_cod2_pbEq1_newVersion_binary.opb.xz,15
OPT-LIN/normalized-extraPB12/sroussel/benchsMusee/opb_Equals1_cod2_binary/normalized-BA_RDC4.dot_luby_0null20mast_rapportOE2.0_TMAX15_K67_cod2_pbEq1_newVersion_binary.opb.xz,15
OPT-LIN/normalized-extraPB12/sroussel/benchsMusee/opb_Equals1_cod2_binary/normalized-BA_RDC4.dot_luby_0null20mast_rapportOE2.0_TMAX180_K67_cod2_pbEq1_newVersion_binary.opb.xz,15
OPT-LIN/normalized-extraPB12/sroussel/benchsMusee/opb_Equals1_cod2_binary/normalized-BA_RDC4.dot_luby_0null20mast_rapportOE2.0_TMAX300_K67_cod2_pbEq1_newVersion_binary.opb.xz,15
OPT-LIN/normalized-extraPB12/sroussel/benchsMusee/opb_Equals1_cod2_binary/normalized-BA_RDC4.dot_luby_0null20mast_rapportOE2.0_TMAX60_K67_cod2_pbEq1_newVersion_binary.opb.xz,15
OPT-LIN/normalized-extraPB12/sroussel/benchsMusee/opb_Equals1_cod2_binary/normalized-BA_RDC4.dot_luby_0null50mast_rapportOE1.0_TMAX120_K67_cod2_pbEq1_newVersion_binary.opb.xz,16
OPT-LIN/normalized-extraPB12/sroussel/benchsMusee/opb_Equals1_cod2_binary/normalized-BA_RDC4.dot_luby_0null50mast_rapportOE1.0_TMAX15_K67_cod2_pbEq1_newVersion_binary.opb.xz,16
OPT-LIN/normalized-extraPB12/sroussel/benchsMusee/opb_Equals1_cod2_binary/normalized-BA_RDC4.dot_luby_0null50mast_rapportOE1.0_TMAX180_K67_cod2_pbEq1_newVersion_binary.opb.xz,16
OPT-LIN/normalized-extraPB12/sroussel/benchsMusee/opb_Equals1_cod2_binary/normalized-BA_RDC4.dot_luby_0null50mast_rapportOE1.0_TMAX300_K67_cod2_pbEq1_newVersion_binary.opb.xz,16
OPT-LIN/normalized-extraPB12/sroussel/benchsMusee/opb_Equals1_cod2_binary/normalized-BA_RDC4.dot_luby_0null50mast_rapportOE1.0_TMAX60_K67_cod2_pbEq1_newVersion_binary.opb.xz,16
OPT-LIN/normalized-extraPB12/sroussel/benchsMusee/opb_Equals1_cod2_binary/normalized-BA_RDC4.dot_luby_0null50mast_rapportOE2.0_TMAX120_K67_cod2_pbEq1_newVersion_binary.opb.xz,16
OPT-LIN/normalized-extraPB12/sroussel/benchsMusee/opb_Equals1_cod2_binary/normalized-BA_RDC4.dot_luby_0null50mast_rapportOE2.0_TMAX15_K67_cod2_pbEq1_newVersion_binary.opb.xz,16
OPT-LIN/normalized-extraPB12/sroussel/benchsMusee/opb_Equals1_cod2_binary/normalized-BA_RDC4.dot_luby_0null50mast_rapportOE2.0_TMAX180_K67_cod2_pbEq1_newVersion_binary.opb.xz,16
OPT-LIN/normalized-extraPB12/sroussel/benchsMusee/opb_Equals1_cod2_binary/normalized-BA_RDC4.dot_luby_0null50mast_rapportOE2.0_TMAX300_K67_cod2_pbEq1_newVersion_binary.opb.xz,16
OPT-LIN/normalized-extraPB12/sroussel/benchsMusee/opb_Equals1_cod2_binary/normalized-BA_RDC4.dot_luby_0null50mast_rapportOE2.0_TMAX60_K67_cod2_pbEq1_newVersion_binary.opb.xz,16
OPT-LIN/normalized-extraPB12/sroussel/benchsMusee/opb_Equals1_cod2_binary/normalized-BA_RDC4.dot_luby_10null0mast_rapportOE1.0_TMAX120_K67_cod2_pbEq1_newVersion_binary.opb.xz,14
OPT-LIN/normalized-extraPB12/sroussel/benchsMusee/opb_Equals1_cod2_binary/normalized-BA_RDC4.dot_luby_10null0mast_rapportOE1.0_TMAX15_K67_cod2_pbEq1_newVersion_binary.opb.xz,14
OPT-LIN/normalized-extraPB12/sroussel/benchsMusee/opb_Equals1_cod2_binary/normalized-BA_RDC4.dot_luby_10null0mast_rapportOE1.0_TMAX180_K67_cod2_pbEq1_newVersion_binary.opb.xz,14
OPT-LIN/normalized-extraPB12/sroussel/benchsMusee/opb_Equals1_cod2_binary/normalized-BA_RDC4.dot_luby_10null0mast_rapportOE1.0_TMAX300_K67_cod2_pbEq1_newVersion_binary.opb.xz,14
OPT-LIN/normalized-extraPB12/sroussel/benchsMusee/opb_Equals1_cod2_binary/normalized-BA_RDC4.dot_luby_10null0mast_rapportOE1.0_TMAX60_K67_cod2_pbEq1_newVersion_binary.opb.xz,14
OPT-LIN/normalized-extraPB12/sroussel/benchsMusee/opb_Equals1_cod2_binary/normalized-BA_RDC4.dot_luby_10null0mast_rapportOE2.0_TMAX120_K67_cod2_pbEq1_newVersion_binary.opb.xz,14
OPT-LIN/normalized-extraPB12/sroussel/benchsMusee/opb_Equals1_cod2_binary/normalized-BA_RDC4.dot_luby_10null0mast_rapportOE2.0_TMAX15_K67_cod2_pbEq1_newVersion_binary.opb.xz,14
OPT-LIN/normalized-extraPB12/sroussel/benchsMusee/opb_Equals1_cod2_binary/normalized-BA_RDC4.dot_luby_10null0mast_rapportOE2.0_TMAX180_K67_cod2_pbEq1_newVersion_binary.opb.xz,14
OPT-LIN/normalized-extraPB12/sroussel/benchsMusee/opb_Equals1_cod2_binary/normalized-BA_RDC4.dot_luby_10null0mast_rapportOE2.0_TMAX300_K67_cod2_pbEq1_newVersion_binary.opb.xz,14
OPT-LIN/normalized-extraPB12/sroussel/benchsMusee/opb_Equals1_cod2_binary/normalized-BA_RDC4.dot_luby_10null0mast_rapportOE2.0_TMAX60_K67_cod2_pbEq1_newVersion_binary.opb.xz,14
OPT-LIN/normalized-extraPB12/sroussel/benchsMusee/opb_Equals1_cod2_binary/normalized-BA_RDC4.dot_luby_10null10mast_rapportOE1.0_TMAX120_K67_cod2_pbEq1_newVersion_binary.opb.xz,14
OPT-LIN/normalized-extraPB12/sroussel/benchsMusee/opb_Equals1_cod2_binary/normalized-BA_RDC4.dot_luby_10null10mast_rapportOE1.0_TMAX15_K67_cod2_pbEq1_newVersion_binary.opb.xz,14
OPT-LIN/normalized-extraPB12/sroussel/benchsMusee/opb_Equals1_cod2_binary/normalized-BA_RDC4.dot_luby_10null10mast_rapportOE1.0_TMAX180_K67_cod2_pbEq1_newVersion_binary.opb.xz,14
OPT-LIN/normalized-extraPB12/sroussel/benchsMusee/opb_Equals1_cod2_binary/normalized-BA_RDC4.dot_luby_10null10mast_rapportOE1.0_TMAX300_K67_cod2_pbEq1_newVersion_binary.opb.xz,14
OPT-LIN/normalized-extraPB12/sroussel/benchsMusee/opb_Equals1_cod2_binary/normalized-BA_RDC4.dot_luby_10null10mast_rapportOE1.0_TMAX60_K67_cod2_pbEq1_newVersion_binary.opb.xz,14
OPT-LIN/normalized-extraPB12/sroussel/benchsMusee/opb_Equals1_cod2_binary/normalized-BA_RDC4.dot_luby_10null10mast_rapportOE2.0_TMAX120_K67_cod2_pbEq1_newVersion_binary.opb.xz,14
OPT-LIN/normalized-extraPB12/sroussel/benchsMusee/opb_Equals1_cod2_binary/normalized-BA_RDC4.dot_luby_10null10mast_rapportOE2.0_TMAX15_K67_cod2_pbEq1_newVersion_binary.opb.xz,14
OPT-LIN/normalized-extraPB12/sroussel/benchsMusee/opb_Equals1_cod2_binary/normalized-BA_RDC4.dot_luby_10null10mast_rapportOE2.0_TMAX180_K67_cod2_pbEq1_newVersion_binary.opb.xz,14
OPT-LIN/normalized-extraPB12/sroussel/benchsMusee/opb_Equals1_cod2_binary/normalized-BA_RDC4.dot_luby_10null10mast_rapportOE2.0_TMAX300_K67_cod2_pbEq1_newVersion_binary.opb.xz,14
OPT-LIN/normalized-extraPB12/sroussel/benchsMusee/opb_Equals1_cod2_binary/normalized-BA_RDC4.dot_luby_10null10mast_rapportOE2.0_TMAX60_K67_cod2_pbEq1_newVersion_binary.opb.xz,14
OPT-LIN/normalized-extraPB12/sroussel/benchsMusee/opb_Equals1_cod2_binary/normalized-BA_RDC4.dot_luby_10null20mast_rapportOE1.0_TMAX120_K67_cod2_pbEq1_newVersion_binary.opb.xz,15
OPT-LIN/normalized-extraPB12/sroussel/benchsMusee/opb_Equals1_cod2_binary/normalized-BA_RDC4.dot_luby_10null20mast_rapportOE1.0_TMAX15_K67_cod2_pbEq1_newVersion_binary.opb.xz,15
OPT-LIN/normalized-extraPB12/sroussel/benchsMusee/opb_Equals1_cod2_binary/normalized-BA_RDC4.dot_luby_10null20mast_rapportOE1.0_TMAX180_K67_cod2_pbEq1_newVersion_binary.opb.xz,15
OPT-LIN/normalized-extraPB12/sroussel/benchsMusee/opb_Equals1_cod2_binary/normalized-BA_RDC4.dot_luby_10null20mast_rapportOE1.0_TMAX300_K67_cod2_pbEq1_newVersion_binary.opb.xz,15
OPT-LIN/normalized-extraPB12/sroussel/benchsMusee/opb_Equals1_cod2_binary/normalized-BA_RDC4.dot_luby_10null20mast_rapportOE1.0_TMAX60_K67_cod2_pbEq1_newVersion_binary.opb.xz,15
OPT-LIN/normalized-extraPB12/sroussel/benchsMusee/opb_Equals1_cod2_binary/normalized-BA_RDC4.dot_luby_10null20mast_rapportOE2.0_TMAX120_K67_cod2_pbEq1_newVersion_binary.opb.xz,15
OPT-LIN/normalized-extraPB12/sroussel/benchsMusee/opb_Equals1_cod2_binary/normalized-BA_RDC4.dot_luby_10null20mast_rapportOE2.0_TMAX15_K67_cod2_pbEq1_newVersion_binary.opb.xz,15
OPT-LIN/normalized-extraPB12/sroussel/benchsMusee/opb_Equals1_cod2_binary/normalized-BA_RDC4.dot_luby_10null20mast_rapportOE2.0_TMAX180_K67_cod2_pbEq1_newVersion_binary.opb.xz,15
OPT-LIN/normalized-extraPB12/sroussel/benchsMusee/opb_Equals1_cod2_binary/normalized-BA_RDC4.dot_luby_10null20mast_rapportOE2.0_TMAX300_K67_cod2_pbEq1_newVersion_binary.opb.xz,15
OPT-LIN/normalized-extraPB12/sroussel/benchsMusee/opb_Equals1_cod2_binary/normalized-BA_RDC4.dot_luby_10null20mast_rapportOE2.0_TMAX60_K67_cod2_pbEq1_newVersion_binary.opb.xz,15
OPT-LIN/normalized-extraPB12/sroussel/benchsMusee/opb_Equals1_cod2_binary/normalized-BA_RDC4.dot_luby_10null50mast_rapportOE1.0_TMAX120_K67_cod2_pbEq1_newVersion_binary.opb.xz,16
OPT-LIN/normalized-extraPB12/sroussel/benchsMusee/opb_Equals1_cod2_binary/normalized-BA_RDC4.dot_luby_10null50mast_rapportOE1.0_TMAX15_K67_cod2_pbEq1_newVersion_binary.opb.xz,16
OPT-LIN/normalized-extraPB12/sroussel/benchsMusee/opb_Equals1_cod2_binary/normalized-BA_RDC4.dot_luby_10null50mast_rapportOE1.0_TMAX180_K67_cod2_pbEq1_newVersion_binary.opb.xz,16
OPT-LIN/normalized-extraPB12/sroussel/benchsMusee/opb_Equals1_cod2_binary/normalized-BA_RDC4.dot_luby_10null50mast_rapportOE1.0_TMAX300_K67_cod2_pbEq1_newVersion_binary.opb.xz,16
OPT-LIN/normalized-extraPB12/sroussel/benchsMusee/opb_Equals1_cod2_binary/normalized-BA_RDC4.dot_luby_10null50mast_rapportOE1.0_TMAX60_K67_cod2_pbEq1_newVersion_binary.opb.xz,16
OPT-LIN/normalized-extraPB12/sroussel/benchsMusee/opb_Equals1_cod2_binary/normalized-BA_RDC4.dot_luby_10null50mast_rapportOE2.0_TMAX120_K67_cod2_pbEq1_newVersion_binary.opb.xz,16
OPT-LIN/normalized-extraPB12/sroussel/benchsMusee/opb_Equals1_cod2_binary/normalized-BA_RDC4.dot_luby_10null50mast_rapportOE2.0_TMAX15_K67_cod2_pbEq1_newVersion_binary.opb.xz,16
OPT-LIN/normalized-extraPB12/sroussel/benchsMusee/opb_Equals1_cod2_binary/normalized-BA_RDC4.dot_luby_10null50mast_rapportOE2.0_TMAX180_K67_cod2_pbEq1_newVersion_binary.opb.xz,16
OPT-LIN/normalized-extraPB12/sroussel/benchsMusee/opb_Equals1_cod2_binary/normalized-BA_RDC4.dot_luby_10null50mast_rapportOE2.0_TMAX300_K67_cod2_pbEq1_newVersion_binary.opb.xz,16
OPT-LIN/normalized-extraPB12/sroussel/benchsMusee/opb_Equals1_cod2_binary/normalized-BA_RDC4.dot_luby_10null50mast_rapportOE2.0_TMAX60_K67_cod2_pbEq1_newVersion_binary.opb.xz,16
OPT-LIN/normalized-extraPB12/sroussel/benchsMusee/opb_Equals1_cod2_binary/normalized-BA_RDC4.dot_luby_20null0mast_rapportOE1.0_TMAX120_K67_cod2_pbEq1_newVersion_binary.opb.xz,14
OPT-LIN/normalized-extraPB12/sroussel/benchsMusee/opb_Equals1_cod2_binary/normalized-BA_RDC4.dot_luby_20null0mast_rapportOE1.0_TMAX15_K67_cod2_pbEq1_newVersion_binary.opb.xz,14
OPT-LIN/normalized-extraPB12/sroussel/benchsMusee/opb_Equals1_cod2_binary/normalized-BA_RDC4.dot_luby_20null0mast_rapportOE1.0_TMAX180_K67_cod2_pbEq1_newVersion_binary.opb.xz,14
OPT-LIN/normalized-extraPB12/sroussel/benchsMusee/opb_Equals1_cod2_binary/normalized-BA_RDC4.dot_luby_20null0mast_rapportOE1.0_TMAX300_K67_cod2_pbEq1_newVersion_binary.opb.xz,14
OPT-LIN/normalized-extraPB12/sroussel/benchsMusee/opb_Equals1_cod2_binary/normalized-BA_RDC4.dot_luby_20null0mast_rapportOE1.0_TMAX60_K67_cod2_pbEq1_newVersion_binary.opb.xz,14
OPT-LIN/normalized-extraPB12/sroussel/benchsMusee/opb_Equals1_cod2_binary/normalized-BA_RDC4.dot_luby_20null0mast_rapportOE2.0_TMAX120_K67_cod2_pbEq1_newVersion_binary.opb.xz,14
OPT-LIN/normalized-extraPB12/sroussel/benchsMusee/opb_Equals1_cod2_binary/normalized-BA_RDC4.dot_luby_20null0mast_rapportOE2.0_TMAX15_K67_cod2_pbEq1_newVersion_binary.opb.xz,14
OPT-LIN/normalized-extraPB12/sroussel/benchsMusee/opb_Equals1_cod2_binary/normalized-BA_RDC4.dot_luby_20null0mast_rapportOE2.0_TMAX180_K67_cod2_pbEq1_newVersion_binary.opb.xz,14
OPT-LIN/normalized-extraPB12/sroussel/benchsMusee/opb_Equals1_cod2_binary/normalized-BA_RDC4.dot_luby_20null0mast_rapportOE2.0_TMAX300_K67_cod2_pbEq1_newVersion_binary.opb.xz,14
OPT-LIN/normalized-extraPB12/sroussel/benchsMusee/opb_Equals1_cod2_binary/normalized-BA_RDC4.dot_luby_20null0mast_rapportOE2.0_TMAX60_K67_cod2_pbEq1_newVersion_binary.opb.xz,14
OPT-LIN/normalized-extraPB12/sroussel/benchsMusee/opb_Equals1_cod2_binary/normalized-BA_RDC4.dot_luby_20null10mast_rapportOE1.0_TMAX120_K67_cod2_pbEq1_newVersion_binary.opb.xz,14
OPT-LIN/normalized-extraPB12/sroussel/benchsMusee/opb_Equals1_cod2_binary/normalized-BA_RDC4.dot_luby_20null10mast_rapportOE1.0_TMAX15_K67_cod2_pbEq1_newVersion_binary.opb.xz,14
OPT-LIN/normalized-extraPB12/sroussel/benchsMusee/opb_Equals1_cod2_binary/normalized-BA_RDC4.dot_luby_20null10mast_rapportOE1.0_TMAX180_K67_cod2_pbEq1_newVersion_binary.opb.xz,14
OPT-LIN/normalized-extraPB12/sroussel/benchsMusee/opb_Equals1_cod2_binary/normalized-BA_RDC4.dot_luby_20null10mast_rapportOE1.0_TMAX300_K67_cod2_pbEq1_newVersion_binary.opb.xz,14
OPT-LIN/normalized-extraPB12/sroussel/benchsMusee/opb_Equals1_cod2_binary/normalized-BA_RDC4.dot_luby_20null10mast_rapportOE1.0_TMAX60_K67_cod2_pbEq1_newVersion_binary.opb.xz,14
OPT-LIN/normalized-extraPB12/sroussel/benchsMusee/opb_Equals1_cod2_binary/normalized-BA_RDC4.dot_luby_20null10mast_rapportOE2.0_TMAX120_K67_cod2_pbEq1_newVersion_binary.opb.xz,14
OPT-LIN/normalized-extraPB12/sroussel/benchsMusee/opb_Equals1_cod2_binary/normalized-BA_RDC4.dot_luby_20null10mast_rapportOE2.0_TMAX15_K67_cod2_pbEq1_newVersion_binary.opb.xz,14
OPT-LIN/normalized-extraPB12/sroussel/benchsMusee/opb_Equals1_cod2_binary/normalized-BA_RDC4.dot_luby_20null10mast_rapportOE2.0_TMAX180_K67_cod2_pbEq1_newVersion_binary.opb.xz,14
OPT-LIN/normalized-extraPB12/sroussel/benchsMusee/opb_Equals1_cod2_binary/normalized-BA_RDC4.dot_luby_20null10mast_rapportOE2.0_TMAX300_K67_cod2_pbEq1_newVersion_binary.opb.xz,14
OPT-LIN/normalized-extraPB12/sroussel/benchsMusee/opb_Equals1_cod2_binary/normalized-BA_RDC4.dot_luby_20null10mast_rapportOE2.0_TMAX60_K67_cod2_pbEq1_newVersion_binary.opb.xz,14
OPT-LIN/normalized-extraPB12/sroussel/benchsMusee/opb_Equals1_cod2_binary/normalized-BA_RDC4.dot_luby_20null20mast_rapportOE1.0_TMAX120_K67_cod2_pbEq1_newVersion_binary.opb.xz,15
OPT-LIN/normalized-extraPB12/sroussel/benchsMusee/opb_Equals1_cod2_binary/normalized-BA_RDC4.dot_luby_20null20mast_rapportOE1.0_TMAX15_K67_cod2_pbEq1_newVersion_binary.opb.xz,15
OPT-LIN/normalized-extraPB12/sroussel/benchsMusee/opb_Equals1_cod2_binary/normalized-BA_RDC4.dot_luby_20null20mast_rapportOE1.0_TMAX180_K67_cod2_pbEq1_newVersion_binary.opb.xz,15
OPT-LIN/normalized-extraPB12/sroussel/benchsMusee/opb_Equals1_cod2_binary/normalized-BA_RDC4.dot_luby_20null20mast_rapportOE1.0_TMAX300_K67_cod2_pbEq1_newVersion_binary.opb.xz,15
OPT-LIN/normalized-extraPB12/sroussel/benchsMusee/opb_Equals1_cod2_binary/normalized-BA_RDC4.dot_luby_20null20mast_rapportOE1.0_TMAX60_K67_cod2_pbEq1_newVersion_binary.opb.xz,15
OPT-LIN/normalized-extraPB12/sroussel/benchsMusee/opb_Equals1_cod2_binary/normalized-BA_RDC4.dot_luby_20null20mast_rapportOE2.0_TMAX120_K67_cod2_pbEq1_newVersion_binary.opb.xz,15
OPT-LIN/normalized-extraPB12/sroussel/benchsMusee/opb_Equals1_cod2_binary/normalized-BA_RDC4.dot_luby_20null20mast_rapportOE2.0_TMAX15_K67_cod2_pbEq1_newVersion_binary.opb.xz,15
OPT-LIN/normalized-extraPB12/sroussel/benchsMusee/opb_Equals1_cod2_binary/normalized-BA_RDC4.dot_luby_20null20mast_rapportOE2.0_TMAX180_K67_cod2_pbEq1_newVersion_binary.opb.xz,15
OPT-LIN/normalized-extraPB12/sroussel/benchsMusee/opb_Equals1_cod2_binary/normalized-BA_RDC4.dot_luby_20null20mast_rapportOE2.0_TMAX300_K67_cod2_pbEq1_newVersion_binary.opb.xz,15
OPT-LIN/normalized-extraPB12/sroussel/benchsMusee/opb_Equals1_cod2_binary/normalized-BA_RDC4.dot_luby_20null20mast_rapportOE2.0_TMAX60_K67_cod2_pbEq1_newVersion_binary.opb.xz,15
OPT-LIN/normalized-extraPB12/sroussel/benchsMusee/opb_Equals1_cod2_binary/normalized-BA_RDC4.dot_luby_20null50mast_rapportOE1.0_TMAX120_K67_cod2_pbEq1_newVersion_binary.opb.xz,16
OPT-LIN/normalized-extraPB12/sroussel/benchsMusee/opb_Equals1_cod2_binary/normalized-BA_RDC4.dot_luby_20null50mast_rapportOE1.0_TMAX15_K67_cod2_pbEq1_newVersion_binary.opb.xz,16
OPT-LIN/normalized-extraPB12/sroussel/benchsMusee/opb_Equals1_cod2_binary/normalized-BA_RDC4.dot_luby_20null50mast_rapportOE1.0_TMAX180_K67_cod2_pbEq1_newVersion_binary.opb.xz,16
OPT-LIN/normalized-extraPB12/sroussel/benchsMusee/opb_Equals1_cod2_binary/normalized-BA_RDC4.dot_luby_20null50mast_rapportOE1.0_TMAX300_K67_cod2_pbEq1_newVersion_binary.opb.xz,16
OPT-LIN/normalized-extraPB12/sroussel/benchsMusee/opb_Equals1_cod2_binary/normalized-BA_RDC4.dot_luby_20null50mast_rapportOE1.0_TMAX60_K67_cod2_pbEq1_newVersion_binary.opb.xz,16
OPT-LIN/normalized-extraPB12/sroussel/benchsMusee/opb_Equals1_cod2_binary/normalized-BA_RDC4.dot_luby_20null50mast_rapportOE2.0_TMAX120_K67_cod2_pbEq1_newVersion_binary.opb.xz,16
OPT-LIN/normalized-extraPB12/sroussel/benchsMusee/opb_Equals1_cod2_binary/normalized-BA_RDC4.dot_luby_20null50mast_rapportOE2.0_TMAX15_K67_cod2_pbEq1_newVersion_binary.opb.xz,16
OPT-LIN/normalized-extraPB12/sroussel/benchsMusee/opb_Equals1_cod2_binary/normalized-BA_RDC4.dot_luby_20null50mast_rapportOE2.0_TMAX180_K67_cod2_pbEq1_newVersion_binary.opb.xz,16
OPT-LIN/normalized-extraPB12/sroussel/benchsMusee/opb_Equals1_cod2_binary/normalized-BA_RDC4.dot_luby_20null50mast_rapportOE2.0_TMAX300_K67_cod2_pbEq1_newVersion_binary.opb.xz,16
OPT-LIN/normalized-extraPB12/sroussel/benchsMusee/opb_Equals1_cod2_binary/normalized-BA_RDC4.dot_luby_20null50mast_rapportOE2.0_TMAX60_K67_cod2_pbEq1_newVersion_binary.opb.xz,16
OPT-LIN/normalized-extraPB12/sroussel/benchsMusee/opb_Equals1_cod2_binary/normalized-BA_RDC4.dot_luby_50null0mast_rapportOE1.0_TMAX120_K67_cod2_pbEq1_newVersion_binary.opb.xz,14
OPT-LIN/normalized-extraPB12/sroussel/benchsMusee/opb_Equals1_cod2_binary/normalized-BA_RDC4.dot_luby_50null0mast_rapportOE1.0_TMAX15_K67_cod2_pbEq1_newVersion_binary.opb.xz,14
OPT-LIN/normalized-extraPB12/sroussel/benchsMusee/opb_Equals1_cod2_binary/normalized-BA_RDC4.dot_luby_50null0mast_rapportOE1.0_TMAX180_K67_cod2_pbEq1_newVersion_binary.opb.xz,14
OPT-LIN/normalized-extraPB12/sroussel/benchsMusee/opb_Equals1_cod2_binary/normalized-BA_RDC4.dot_luby_50null0mast_rapportOE1.0_TMAX300_K67_cod2_pbEq1_newVersion_binary.opb.xz,14
OPT-LIN/normalized-extraPB12/sroussel/benchsMusee/opb_Equals1_cod2_binary/normalized-BA_RDC4.dot_luby_50null0mast_rapportOE1.0_TMAX60_K67_cod2_pbEq1_newVersion_binary.opb.xz,14
OPT-LIN/normalized-extraPB12/sroussel/benchsMusee/opb_Equals1_cod2_binary/normalized-BA_RDC4.dot_luby_50null0mast_rapportOE2.0_TMAX120_K67_cod2_pbEq1_newVersion_binary.opb.xz,14
OPT-LIN/normalized-extraPB12/sroussel/benchsMusee/opb_Equals1_cod2_binary/normalized-BA_RDC4.dot_luby_50null0mast_rapportOE2.0_TMAX15_K67_cod2_pbEq1_newVersion_binary.opb.xz,14
OPT-LIN/normalized-extraPB12/sroussel/benchsMusee/opb_Equals1_cod2_binary/normalized-BA_RDC4.dot_luby_50null0mast_rapportOE2.0_TMAX180_K67_cod2_pbEq1_newVersion_binary.opb.xz,14
OPT-LIN/normalized-extraPB12/sroussel/benchsMusee/opb_Equals1_cod2_binary/normalized-BA_RDC4.dot_luby_50null0mast_rapportOE2.0_TMAX300_K67_cod2_pbEq1_newVersion_binary.opb.xz,14
OPT-LIN/normalized-extraPB12/sroussel/benchsMusee/opb_Equals1_cod2_binary/normalized-BA_RDC4.dot_luby_50null0mast_rapportOE2.0_TMAX60_K67_cod2_pbEq1_newVersion_binary.opb.xz,14
OPT-LIN/normalized-extraPB12/sroussel/benchsMusee/opb_Equals1_cod2_binary/normalized-BA_RDC4.dot_luby_50null10mast_rapportOE1.0_TMAX120_K67_cod2_pbEq1_newVersion_binary.opb.xz,14
OPT-LIN/normalized-extraPB12/sroussel/benchsMusee/opb_Equals1_cod2_binary/normalized-BA_RDC4.dot_luby_50null10mast_rapportOE1.0_TMAX15_K67_cod2_pbEq1_newVersion_binary.opb.xz,14
OPT-LIN/normalized-extraPB12/sroussel/benchsMusee/opb_Equals1_cod2_binary/normalized-BA_RDC4.dot_luby_50null10mast_rapportOE1.0_TMAX180_K67_cod2_pbEq1_newVersion_binary.opb.xz,14
OPT-LIN/normalized-extraPB12/sroussel/benchsMusee/opb_Equals1_cod2_binary/normalized-BA_RDC4.dot_luby_50null10mast_rapportOE1.0_TMAX300_K67_cod2_pbEq1_newVersion_binary.opb.xz,14
OPT-LIN/normalized-extraPB12/sroussel/benchsMusee/opb_Equals1_cod2_binary/normalized-BA_RDC4.dot_luby_50null10mast_rapportOE1.0_TMAX60_K67_cod2_pbEq1_newVersion_binary.opb.xz,14
OPT-LIN/normalized-extraPB12/sroussel/benchsMusee/opb_Equals1_cod2_binary/normalized-BA_RDC4.dot_luby_50null10mast_rapportOE2.0_TMAX120_K67_cod2_pbEq1_newVersion_binary.opb.xz,14
OPT-LIN/normalized-extraPB12/sroussel/benchsMusee/opb_Equals1_cod2_binary/normalized-BA_RDC4.dot_luby_50null10mast_rapportOE2.0_TMAX15_K67_cod2_pbEq1_newVersion_binary.opb.xz,14
OPT-LIN/normalized-extraPB12/sroussel/benchsMusee/opb_Equals1_cod2_binary/normalized-BA_RDC4.dot_luby_50null10mast_rapportOE2.0_TMAX180_K67_cod2_pbEq1_newVersion_binary.opb.xz,14
OPT-LIN/normalized-extraPB12/sroussel/benchsMusee/opb_Equals1_cod2_binary/normalized-BA_RDC4.dot_luby_50null10mast_rapportOE2.0_TMAX300_K67_cod2_pbEq1_newVersion_binary.opb.xz,14
OPT-LIN/normalized-extraPB12/sroussel/benchsMusee/opb_Equals1_cod2_binary/normalized-BA_RDC4.dot_luby_50null10mast_rapportOE2.0_TMAX60_K67_cod2_pbEq1_newVersion_binary.opb.xz,14
OPT-LIN/normalized-extraPB12/sroussel/benchsMusee/opb_Equals1_cod2_binary/normalized-BA_RDC4.dot_luby_50null20mast_rapportOE1.0_TMAX120_K67_cod2_pbEq1_newVersion_binary.opb.xz,15
OPT-LIN/normalized-extraPB12/sroussel/benchsMusee/opb_Equals1_cod2_binary/normalized-BA_RDC4.dot_luby_50null20mast_rapportOE1.0_TMAX15_K67_cod2_pbEq1_newVersion_binary.opb.xz,15
OPT-LIN/normalized-extraPB12/sroussel/benchsMusee/opb_Equals1_cod2_binary/normalized-BA_RDC4.dot_luby_50null20mast_rapportOE1.0_TMAX180_K67_cod2_pbEq1_newVersion_binary.opb.xz,15
OPT-LIN/normalized-extraPB12/sroussel/benchsMusee/opb_Equals1_cod2_binary/normalized-BA_RDC4.dot_luby_50null20mast_rapportOE1.0_TMAX300_K67_cod2_pbEq1_newVersion_binary.opb.xz,15
OPT-LIN/normalized-extraPB12/sroussel/benchsMusee/opb_Equals1_cod2_binary/normalized-BA_RDC4.dot_luby_50null20mast_rapportOE1.0_TMAX60_K67_cod2_pbEq1_newVersion_binary.opb.xz,15
OPT-LIN/normalized-extraPB12/sroussel/benchsMusee/opb_Equals1_cod2_binary/normalized-BA_RDC4.dot_luby_50null20mast_rapportOE2.0_TMAX120_K67_cod2_pbEq1_newVersion_binary.opb.xz,15
OPT-LIN/normalized-extraPB12/sroussel/benchsMusee/opb_Equals1_cod2_binary/normalized-BA_RDC4.dot_luby_50null20mast_rapportOE2.0_TMAX15_K67_cod2_pbEq1_newVersion_binary.opb.xz,15
OPT-LIN/normalized-extraPB12/sroussel/benchsMusee/opb_Equals1_cod2_binary/normalized-BA_RDC4.dot_luby_50null20mast_rapportOE2.0_TMAX180_K67_cod2_pbEq1_newVersion_binary.opb.xz,15
OPT-LIN/normalized-extraPB12/sroussel/benchsMusee/opb_Equals1_cod2_binary/normalized-BA_RDC4.dot_luby_50null20mast_rapportOE2.0_TMAX300_K67_cod2_pbEq1_newVersion_binary.opb.xz,15
OPT-LIN/normalized-extraPB12/sroussel/benchsMusee/opb_Equals1_cod2_binary/normalized-BA_RDC4.dot_luby_50null20mast_rapportOE2.0_TMAX60_K67_cod2_pbEq1_newVersion_binary.opb.xz,15
OPT-LIN/normalized-extraPB12/sroussel/benchsMusee/opb_Equals1_cod2_binary/normalized-BA_RDC4.dot_luby_50null50mast_rapportOE1.0_TMAX120_K67_cod2_pbEq1_newVersion_binary.opb.xz,14
OPT-LIN/normalized-extraPB12/sroussel/benchsMusee/opb_Equals1_cod2_binary/normalized-BA_RDC4.dot_luby_50null50mast_rapportOE1.0_TMAX15_K67_cod2_pbEq1_newVersion_binary.opb.xz,14
OPT-LIN/normalized-extraPB12/sroussel/benchsMusee/opb_Equals1_cod2_binary/normalized-BA_RDC4.dot_luby_50null50mast_rapportOE1.0_TMAX180_K67_cod2_pbEq1_newVersion_binary.opb.xz,14
OPT-LIN/normalized-extraPB12/sroussel/benchsMusee/opb_Equals1_cod2_binary/normalized-BA_RDC4.dot_luby_50null50mast_rapportOE1.0_TMAX300_K67_cod2_pbEq1_newVersion_binary.opb.xz,14
OPT-LIN/normalized-extraPB12/sroussel/benchsMusee/opb_Equals1_cod2_binary/normalized-BA_RDC4.dot_luby_50null50mast_rapportOE1.0_TMAX60_K67_cod2_pbEq1_newVersion_binary.opb.xz,14
OPT-LIN/normalized-extraPB12/sroussel/benchsMusee/opb_Equals1_cod2_binary/normalized-BA_RDC4.dot_luby_50null50mast_rapportOE2.0_TMAX120_K67_cod2_pbEq1_newVersion_binary.opb.xz,14
OPT-LIN/normalized-extraPB12/sroussel/benchsMusee/opb_Equals1_cod2_binary/normalized-BA_RDC4.dot_luby_50null50mast_rapportOE2.0_TMAX15_K67_cod2_pbEq1_newVersion_binary.opb.xz,14
OPT-LIN/normalized-extraPB12/sroussel/benchsMusee/opb_Equals1_cod2_binary/normalized-BA_RDC4.dot_luby_50null50mast_rapportOE2.0_TMAX180_K67_cod2_pbEq1_newVersion_binary.opb.xz,14
OPT-LIN/normalized-extraPB12/sroussel/benchsMusee/opb_Equals1_cod2_binary/normalized-BA_RDC4.dot_luby_50null50mast_rapportOE2.0_TMAX300_K67_cod2_pbEq1_newVersion_binary.opb.xz,14
OPT-LIN/normalized-extraPB12/sroussel/benchsMusee/opb_Equals1_cod2_binary/normalized-BA_RDC4.dot_luby_50null50mast_rapportOE2.0_TMAX60_K67_cod2_pbEq1_newVersion_binary.opb.xz,14
OPT-LIN/normalized-extraPB12/sroussel/benchsMusee/opb_Equals1_cod2_binary/normalized-BA_RDC4.dot_unif_0null0mast_rapportOE1.0_TMAX120_K67_cod2_pbEq1_newVersion_binary.opb.xz,18
OPT-LIN/normalized-extraPB12/sroussel/benchsMusee/opb_Equals1_cod2_binary/normalized-BA_RDC4.dot_unif_0null0mast_rapportOE1.0_TMAX15_K67_cod2_pbEq1_newVersion_binary.opb.xz,18
OPT-LIN/normalized-extraPB12/sroussel/benchsMusee/opb_Equals1_cod2_binary/normalized-BA_RDC4.dot_unif_0null0mast_rapportOE1.0_TMAX180_K67_cod2_pbEq1_newVersion_binary.opb.xz,18
OPT-LIN/normalized-extraPB12/sroussel/benchsMusee/opb_Equals1_cod2_binary/normalized-BA_RDC4.dot_unif_0null0mast_rapportOE1.0_TMAX300_K67_cod2_pbEq1_newVersion_binary.opb.xz,18
OPT-LIN/normalized-extraPB12/sroussel/benchsMusee/opb_Equals1_cod2_binary/normalized-BA_RDC4.dot_unif_0null0mast_rapportOE1.0_TMAX60_K67_cod2_pbEq1_newVersion_binary.opb.xz,18
OPT-LIN/normalized-extraPB12/sroussel/benchsMusee/opb_Equals1_cod2_binary/normalized-BA_RDC4.dot_unif_0null0mast_rapportOE2.0_TMAX120_K67_cod2_pbEq1_newVersion_binary.opb.xz,18
OPT-LIN/normalized-extraPB12/sroussel/benchsMusee/opb_Equals1_cod2_binary/normalized-BA_RDC4.dot_unif_0null0mast_rapportOE2.0_TMAX15_K67_cod2_pbEq1_newVersion_binary.opb.xz,18
OPT-LIN/normalized-extraPB12/sroussel/benchsMusee/opb_Equals1_cod2_binary/normalized-BA_RDC4.dot_unif_0null0mast_rapportOE2.0_TMAX180_K67_cod2_pbEq1_newVersion_binary.opb.xz,18
OPT-LIN/normalized-extraPB12/sroussel/benchsMusee/opb_Equals1_cod2_binary/normalized-BA_RDC4.dot_unif_0null0mast_rapportOE2.0_TMAX300_K67_cod2_pbEq1_newVersion_binary.opb.xz,18
OPT-LIN/normalized-extraPB12/sroussel/benchsMusee/opb_Equals1_cod2_binary/normalized-BA_RDC4.dot_unif_0null0mast_rapportOE2.0_TMAX60_K67_cod2_pbEq1_newVersion_binary.opb.xz,18
OPT-LIN/normalized-extraPB12/sroussel/benchsMusee/opb_Equals1_cod2_binary/normalized-BA_RDC4.dot_unif_0null10mast_rapportOE1.0_TMAX120_K67_cod2_pbEq1_newVersion_binary.opb.xz,19
OPT-LIN/normalized-extraPB12/sroussel/benchsMusee/opb_Equals1_cod2_binary/normalized-BA_RDC4.dot_unif_0null10mast_rapportOE1.0_TMAX15_K67_cod2_pbEq1_newVersion_binary.opb.xz,19
OPT-LIN/normalized-extraPB12/sroussel/benchsMusee/opb_Equals1_cod2_binary/normalized-BA_RDC4.dot_unif_0null10mast_rapportOE1.0_TMAX180_K67_cod2_pbEq1_newVersion_binary.opb.xz,19
OPT-LIN/normalized-extraPB12/sroussel/benchsMusee/opb_Equals1_cod2_binary/normalized-BA_RDC4.dot_unif_0null10mast_rapportOE1.0_TMAX300_K67_cod2_pbEq1_newVersion_binary.opb.xz,19
OPT-LIN/normalized-extraPB12/sroussel/benchsMusee/opb_Equals1_cod2_binary/normalized-BA_RDC4.dot_unif_0null10mast_rapportOE1.0_TMAX60_K67_cod2_pbEq1_newVersion_binary.opb.xz,19
OPT-LIN/normalized-extraPB12/sroussel/benchsMusee/opb_Equals1_cod2_binary/normalized-BA_RDC4.dot_unif_0null10mast_rapportOE2.0_TMAX120_K67_cod2_pbEq1_newVersion_binary.opb.xz,18
OPT-LIN/normalized-extraPB12/sroussel/benchsMusee/opb_Equals1_cod2_binary/normalized-BA_RDC4.dot_unif_0null10mast_rapportOE2.0_TMAX15_K67_cod2_pbEq1_newVersion_binary.opb.xz,19
OPT-LIN/normalized-extraPB12/sroussel/benchsMusee/opb_Equals1_cod2_binary/normalized-BA_RDC4.dot_unif_0null10mast_rapportOE2.0_TMAX180_K67_cod2_pbEq1_newVersion_binary.opb.xz,19
OPT-LIN/normalized-extraPB12/sroussel/benchsMusee/opb_Equals1_cod2_binary/normalized-BA_RDC4.dot_unif_0null10mast_rapportOE2.0_TMAX300_K67_cod2_pbEq1_newVersion_binary.opb.xz,19
OPT-LIN/normalized-extraPB12/sroussel/benchsMusee/opb_Equals1_cod2_binary/normalized-BA_RDC4.dot_unif_0null10mast_rapportOE2.0_TMAX60_K67_cod2_pbEq1_newVersion_binary.opb.xz,19
OPT-LIN/normalized-extraPB12/sroussel/benchsMusee/opb_Equals1_cod2_binary/normalized-BA_RDC4.dot_unif_0null20mast_rapportOE1.0_TMAX120_K67_cod2_pbEq1_newVersion_binary.opb.xz,19
OPT-LIN/normalized-extraPB12/sroussel/benchsMusee/opb_Equals1_cod2_binary/normalized-BA_RDC4.dot_unif_0null20mast_rapportOE1.0_TMAX15_K67_cod2_pbEq1_newVersion_binary.opb.xz,19
OPT-LIN/normalized-extraPB12/sroussel/benchsMusee/opb_Equals1_cod2_binary/normalized-BA_RDC4.dot_unif_0null20mast_rapportOE1.0_TMAX180_K67_cod2_pbEq1_newVersion_binary.opb.xz,19
OPT-LIN/normalized-extraPB12/sroussel/benchsMusee/opb_Equals1_cod2_binary/normalized-BA_RDC4.dot_unif_0null20mast_rapportOE1.0_TMAX300_K67_cod2_pbEq1_newVersion_binary.opb.xz,19
OPT-LIN/normalized-extraPB12/sroussel/benchsMusee/opb_Equals1_cod2_binary/normalized-BA_RDC4.dot_unif_0null20mast_rapportOE1.0_TMAX60_K67_cod2_pbEq1_newVersion_binary.opb.xz,19
OPT-LIN/normalized-extraPB12/sroussel/benchsMusee/opb_Equals1_cod2_binary/normalized-BA_RDC4.dot_unif_0null20mast_rapportOE2.0_TMAX120_K67_cod2_pbEq1_newVersion_binary.opb.xz,19
OPT-LIN/normalized-extraPB12/sroussel/benchsMusee/opb_Equals1_cod2_binary/normalized-BA_RDC4.dot_unif_0null20mast_rapportOE2.0_TMAX15_K67_cod2_pbEq1_newVersion_binary.opb.xz,19
OPT-LIN/normalized-extraPB12/sroussel/benchsMusee/opb_Equals1_cod2_binary/normalized-BA_RDC4.dot_unif_0null20mast_rapportOE2.0_TMAX180_K67_cod2_pbEq1_newVersion_binary.opb.xz,19
OPT-LIN/normalized-extraPB12/sroussel/benchsMusee/opb_Equals1_cod2_binary/normalized-BA_RDC4.dot_unif_0null20mast_rapportOE2.0_TMAX300_K67_cod2_pbEq1_newVersion_binary.opb.xz,19
OPT-LIN/normalized-extraPB12/sroussel/benchsMusee/opb_Equals1_cod2_binary/normalized-BA_RDC4.dot_unif_0null20mast_rapportOE2.0_TMAX60_K67_cod2_pbEq1_newVersion_binary.opb.xz,19
OPT-LIN/normalized-extraPB12/sroussel/benchsMusee/opb_Equals1_cod2_binary/normalized-BA_RDC4.dot_unif_0null50mast_rapportOE1.0_TMAX120_K67_cod2_pbEq1_newVersion_binary.opb.xz,19
OPT-LIN/normalized-extraPB12/sroussel/benchsMusee/opb_Equals1_cod2_binary/normalized-BA_RDC4.dot_unif_0null50mast_rapportOE1.0_TMAX15_K67_cod2_pbEq1_newVersion_binary.opb.xz,19
OPT-LIN/normalized-extraPB12/sroussel/benchsMusee/opb_Equals1_cod2_binary/normalized-BA_RDC4.dot_unif_0null50mast_rapportOE1.0_TMAX180_K67_cod2_pbEq1_newVersion_binary.opb.xz,19
OPT-LIN/normalized-extraPB12/sroussel/benchsMusee/opb_Equals1_cod2_binary/normalized-BA_RDC4.dot_unif_0null50mast_rapportOE1.0_TMAX300_K67_cod2_pbEq1_newVersion_binary.opb.xz,19
OPT-LIN/normalized-extraPB12/sroussel/benchsMusee/opb_Equals1_cod2_binary/normalized-BA_RDC4.dot_unif_0null50mast_rapportOE1.0_TMAX60_K67_cod2_pbEq1_newVersion_binary.opb.xz,19
OPT-LIN/normalized-extraPB12/sroussel/benchsMusee/opb_Equals1_cod2_binary/normalized-BA_RDC4.dot_unif_0null50mast_rapportOE2.0_TMAX120_K67_cod2_pbEq1_newVersion_binary.opb.xz,19
OPT-LIN/normalized-extraPB12/sroussel/benchsMusee/opb_Equals1_cod2_binary/normalized-BA_RDC4.dot_unif_0null50mast_rapportOE2.0_TMAX15_K67_cod2_pbEq1_newVersion_binary.opb.xz,19
OPT-LIN/normalized-extraPB12/sroussel/benchsMusee/opb_Equals1_cod2_binary/normalized-BA_RDC4.dot_unif_0null50mast_rapportOE2.0_TMAX180_K67_cod2_pbEq1_newVersion_binary.opb.xz,19
OPT-LIN/normalized-extraPB12/sroussel/benchsMusee/opb_Equals1_cod2_binary/normalized-BA_RDC4.dot_unif_0null50mast_rapportOE2.0_TMAX300_K67_cod2_pbEq1_newVersion_binary.opb.xz,19
OPT-LIN/normalized-extraPB12/sroussel/benchsMusee/opb_Equals1_cod2_binary/normalized-BA_RDC4.dot_unif_0null50mast_rapportOE2.0_TMAX60_K67_cod2_pbEq1_newVersion_binary.opb.xz,19
OPT-LIN/normalized-extraPB12/sroussel/benchsMusee/opb_Equals1_cod2_binary/normalized-BA_RDC4.dot_unif_10null0mast_rapportOE1.0_TMAX120_K67_cod2_pbEq1_newVersion_binary.opb.xz,18
OPT-LIN/normalized-extraPB12/sroussel/benchsMusee/opb_Equals1_cod2_binary/normalized-BA_RDC4.dot_unif_10null0mast_rapportOE1.0_TMAX15_K67_cod2_pbEq1_newVersion_binary.opb.xz,18
OPT-LIN/normalized-extraPB12/sroussel/benchsMusee/opb_Equals1_cod2_binary/normalized-BA_RDC4.dot_unif_10null0mast_rapportOE1.0_TMAX180_K67_cod2_pbEq1_newVersion_binary.opb.xz,18
OPT-LIN/normalized-extraPB12/sroussel/benchsMusee/opb_Equals1_cod2_binary/normalized-BA_RDC4.dot_unif_10null0mast_rapportOE1.0_TMAX300_K67_cod2_pbEq1_newVersion_binary.opb.xz,18
OPT-LIN/normalized-extraPB12/sroussel/benchsMusee/opb_Equals1_cod2_binary/normalized-BA_RDC4.dot_unif_10null0mast_rapportOE1.0_TMAX60_K67_cod2_pbEq1_newVersion_binary.opb.xz,18
OPT-LIN/normalized-extraPB12/sroussel/benchsMusee/opb_Equals1_cod2_binary/normalized-BA_RDC4.dot_unif_10null0mast_rapportOE2.0_TMAX120_K67_cod2_pbEq1_newVersion_binary.opb.xz,18
OPT-LIN/normalized-extraPB12/sroussel/benchsMusee/opb_Equals1_cod2_binary/normalized-BA_RDC4.dot_unif_10null0mast_rapportOE2.0_TMAX15_K67_cod2_pbEq1_newVersion_binary.opb.xz,18
OPT-LIN/normalized-extraPB12/sroussel/benchsMusee/opb_Equals1_cod2_binary/normalized-BA_RDC4.dot_unif_10null0mast_rapportOE2.0_TMAX180_K67_cod2_pbEq1_newVersion_binary.opb.xz,18
OPT-LIN/normalized-extraPB12/sroussel/benchsMusee/opb_Equals1_cod2_binary/normalized-BA_RDC4.dot_unif_10null0mast_rapportOE2.0_TMAX300_K67_cod2_pbEq1_newVersion_binary.opb.xz,18
OPT-LIN/normalized-extraPB12/sroussel/benchsMusee/opb_Equals1_cod2_binary/normalized-BA_RDC4.dot_unif_10null0mast_rapportOE2.0_TMAX60_K67_cod2_pbEq1_newVersion_binary.opb.xz,18
OPT-LIN/normalized-extraPB12/sroussel/benchsMusee/opb_Equals1_cod2_binary/normalized-BA_RDC4.dot_unif_10null10mast_rapportOE1.0_TMAX120_K67_cod2_pbEq1_newVersion_binary.opb.xz,18
OPT-LIN/normalized-extraPB12/sroussel/benchsMusee/opb_Equals1_cod2_binary/normalized-BA_RDC4.dot_unif_10null10mast_rapportOE1.0_TMAX15_K67_cod2_pbEq1_newVersion_binary.opb.xz,18
OPT-LIN/normalized-extraPB12/sroussel/benchsMusee/opb_Equals1_cod2_binary/normalized-BA_RDC4.dot_unif_10null10mast_rapportOE1.0_TMAX180_K67_cod2_pbEq1_newVersion_binary.opb.xz,18
OPT-LIN/normalized-extraPB12/sroussel/benchsMusee/opb_Equals1_cod2_binary/normalized-BA_RDC4.dot_unif_10null10mast_rapportOE1.0_TMAX300_K67_cod2_pbEq1_newVersion_binary.opb.xz,18
OPT-LIN/normalized-extraPB12/sroussel/benchsMusee/opb_Equals1_cod2_binary/normalized-BA_RDC4.dot_unif_10null10mast_rapportOE1.0_TMAX60_K67_cod2_pbEq1_newVersion_binary.opb.xz,18
OPT-LIN/normalized-extraPB12/sroussel/benchsMusee/opb_Equals1_cod2_binary/normalized-BA_RDC4.dot_unif_10null10mast_rapportOE2.0_TMAX120_K67_cod2_pbEq1_newVersion_binary.opb.xz,18
OPT-LIN/normalized-extraPB12/sroussel/benchsMusee/opb_Equals1_cod2_binary/normalized-BA_RDC4.dot_unif_10null10mast_rapportOE2.0_TMAX15_K67_cod2_pbEq1_newVersion_binary.opb.xz,18
OPT-LIN/normalized-extraPB12/sroussel/benchsMusee/opb_Equals1_cod2_binary/normalized-BA_RDC4.dot_unif_10null10mast_rapportOE2.0_TMAX180_K67_cod2_pbEq1_newVersion_binary.opb.xz,18
OPT-LIN/normalized-extraPB12/sroussel/benchsMusee/opb_Equals1_cod2_binary/normalized-BA_RDC4.dot_unif_10null10mast_rapportOE2.0_TMAX300_K67_cod2_pbEq1_newVersion_binary.opb.xz,18
OPT-LIN/normalized-extraPB12/sroussel/benchsMusee/opb_Equals1_cod2_binary/normalized-BA_RDC4.dot_unif_10null10mast_rapportOE2.0_TMAX60_K67_cod2_pbEq1_newVersion_binary.opb.xz,18
OPT-LIN/normalized-extraPB12/sroussel/benchsMusee/opb_Equals1_cod2_binary/normalized-BA_RDC4.dot_unif_10null20mast_rapportOE1.0_TMAX120_K67_cod2_pbEq1_newVersion_binary.opb.xz,19
OPT-LIN/normalized-extraPB12/sroussel/benchsMusee/opb_Equals1_cod2_binary/normalized-BA_RDC4.dot_unif_10null20mast_rapportOE1.0_TMAX15_K67_cod2_pbEq1_newVersion_binary.opb.xz,18
OPT-LIN/normalized-extraPB12/sroussel/benchsMusee/opb_Equals1_cod2_binary/normalized-BA_RDC4.dot_unif_10null20mast_rapportOE1.0_TMAX180_K67_cod2_pbEq1_newVersion_binary.opb.xz,18
OPT-LIN/normalized-extraPB12/sroussel/benchsMusee/opb_Equals1_cod2_binary/normalized-BA_RDC4.dot_unif_10null20mast_rapportOE1.0_TMAX300_K67_cod2_pbEq1_newVersion_binary.opb.xz,19
OPT-LIN/normalized-extraPB12/sroussel/benchsMusee/opb_Equals1_cod2_binary/normalized-BA_RDC4.dot_unif_10null20mast_rapportOE1.0_TMAX60_K67_cod2_pbEq1_newVersion_binary.opb.xz,19
OPT-LIN/normalized-extraPB12/sroussel/benchsMusee/opb_Equals1_cod2_binary/normalized-BA_RDC4.dot_unif_10null20mast_rapportOE2.0_TMAX120_K67_cod2_pbEq1_newVersion_binary.opb.xz,19
OPT-LIN/normalized-extraPB12/sroussel/benchsMusee/opb_Equals1_cod2_binary/normalized-BA_RDC4.dot_unif_10null20mast_rapportOE2.0_TMAX15_K67_cod2_pbEq1_newVersion_binary.opb.xz,19
OPT-LIN/normalized-extraPB12/sroussel/benchsMusee/opb_Equals1_cod2_binary/normalized-BA_RDC4.dot_unif_10null20mast_rapportOE2.0_TMAX180_K67_cod2_pbEq1_newVersion_binary.opb.xz,19
OPT-LIN/normalized-extraPB12/sroussel/benchsMusee/opb_Equals1_cod2_binary/normalized-BA_RDC4.dot_unif_10null20mast_rapportOE2.0_TMAX300_K67_cod2_pbEq1_newVersion_binary.opb.xz,19
OPT-LIN/normalized-extraPB12/sroussel/benchsMusee/opb_Equals1_cod2_binary/normalized-BA_RDC4.dot_unif_10null20mast_rapportOE2.0_TMAX60_K67_cod2_pbEq1_newVersion_binary.opb.xz,19
OPT-LIN/normalized-extraPB12/sroussel/benchsMusee/opb_Equals1_cod2_binary/normalized-BA_RDC4.dot_unif_10null50mast_rapportOE1.0_TMAX120_K67_cod2_pbEq1_newVersion_binary.opb.xz,19
OPT-LIN/normalized-extraPB12/sroussel/benchsMusee/opb_Equals1_cod2_binary/normalized-BA_RDC4.dot_unif_10null50mast_rapportOE1.0_TMAX15_K67_cod2_pbEq1_newVersion_binary.opb.xz,19
OPT-LIN/normalized-extraPB12/sroussel/benchsMusee/opb_Equals1_cod2_binary/normalized-BA_RDC4.dot_unif_10null50mast_rapportOE1.0_TMAX180_K67_cod2_pbEq1_newVersion_binary.opb.xz,19
OPT-LIN/normalized-extraPB12/sroussel/benchsMusee/opb_Equals1_cod2_binary/normalized-BA_RDC4.dot_unif_10null50mast_rapportOE1.0_TMAX300_K67_cod2_pbEq1_newVersion_binary.opb.xz,19
OPT-LIN/normalized-extraPB12/sroussel/benchsMusee/opb_Equals1_cod2_binary/normalized-BA_RDC4.dot_unif_10null50mast_rapportOE1.0_TMAX60_K67_cod2_pbEq1_newVersion_binary.opb.xz,19
OPT-LIN/normalized-extraPB12/sroussel/benchsMusee/opb_Equals1_cod2_binary/normalized-BA_RDC4.dot_unif_10null50mast_rapportOE2.0_TMAX120_K67_cod2_pbEq1_newVersion_binary.opb.xz,19
OPT-LIN/normalized-extraPB12/sroussel/benchsMusee/opb_Equals1_cod2_binary/normalized-BA_RDC4.dot_unif_10null50mast_rapportOE2.0_TMAX15_K67_cod2_pbEq1_newVersion_binary.opb.xz,19
OPT-LIN/normalized-extraPB12/sroussel/benchsMusee/opb_Equals1_cod2_binary/normalized-BA_RDC4.dot_unif_10null50mast_rapportOE2.0_TMAX180_K67_cod2_pbEq1_newVersion_binary.opb.xz,19
OPT-LIN/normalized-extraPB12/sroussel/benchsMusee/opb_Equals1_cod2_binary/normalized-BA_RDC4.dot_unif_10null50mast_rapportOE2.0_TMAX300_K67_cod2_pbEq1_newVersion_binary.opb.xz,19
OPT-LIN/normalized-extraPB12/sroussel/benchsMusee/opb_Equals1_cod2_binary/normalized-BA_RDC4.dot_unif_10null50mast_rapportOE2.0_TMAX60_K67_cod2_pbEq1_newVersion_binary.opb.xz,19
OPT-LIN/normalized-extraPB12/sroussel/benchsMusee/opb_Equals1_cod2_binary/normalized-BA_RDC4.dot_unif_20null0mast_rapportOE1.0_TMAX120_K67_cod2_pbEq1_newVersion_binary.opb.xz,18
OPT-LIN/normalized-extraPB12/sroussel/benchsMusee/opb_Equals1_cod2_binary/normalized-BA_RDC4.dot_unif_20null0mast_rapportOE1.0_TMAX15_K67_cod2_pbEq1_newVersion_binary.opb.xz,18
OPT-LIN/normalized-extraPB12/sroussel/benchsMusee/opb_Equals1_cod2_binary/normalized-BA_RDC4.dot_unif_20null0mast_rapportOE1.0_TMAX180_K67_cod2_pbEq1_newVersion_binary.opb.xz,18
OPT-LIN/normalized-extraPB12/sroussel/benchsMusee/opb_Equals1_cod2_binary/normalized-BA_RDC4.dot_unif_20null0mast_rapportOE1.0_TMAX300_K67_cod2_pbEq1_newVersion_binary.opb.xz,18
OPT-LIN/normalized-extraPB12/sroussel/benchsMusee/opb_Equals1_cod2_binary/normalized-BA_RDC4.dot_unif_20null0mast_rapportOE1.0_TMAX60_K67_cod2_pbEq1_newVersion_binary.opb.xz,18
OPT-LIN/normalized-extraPB12/sroussel/benchsMusee/opb_Equals1_cod2_binary/normalized-BA_RDC4.dot_unif_20null0mast_rapportOE2.0_TMAX120_K67_cod2_pbEq1_newVersion_binary.opb.xz,18
OPT-LIN/normalized-extraPB12/sroussel/benchsMusee/opb_Equals1_cod2_binary/normalized-BA_RDC4.dot_unif_20null0mast_rapportOE2.0_TMAX15_K67_cod2_pbEq1_newVersion_binary.opb.xz,18
OPT-LIN/normalized-extraPB12/sroussel/benchsMusee/opb_Equals1_cod2_binary/normalized-BA_RDC4.dot_unif_20null0mast_rapportOE2.0_TMAX180_K67_cod2_pbEq1_newVersion_binary.opb.xz,18
OPT-LIN/normalized-extraPB12/sroussel/benchsMusee/opb_Equals1_cod2_binary/normalized-BA_RDC4.dot_unif_20null0mast_rapportOE2.0_TMAX300_K67_cod2_pbEq1_newVersion_binary.opb.xz,18
OPT-LIN/normalized-extraPB12/sroussel/benchsMusee/opb_Equals1_cod2_binary/normalized-BA_RDC4.dot_unif_20null0mast_rapportOE2.0_TMAX60_K67_cod2_pbEq1_newVersion_binary.opb.xz,18
OPT-LIN/normalized-extraPB12/sroussel/benchsMusee/opb_Equals1_cod2_binary/normalized-BA_RDC4.dot_unif_20null10mast_rapportOE1.0_TMAX120_K67_cod2_pbEq1_newVersion_binary.opb.xz,18
OPT-LIN/normalized-extraPB12/sroussel/benchsMusee/opb_Equals1_cod2_binary/normalized-BA_RDC4.dot_unif_20null10mast_rapportOE1.0_TMAX15_K67_cod2_pbEq1_newVersion_binary.opb.xz,18
OPT-LIN/normalized-extraPB12/sroussel/benchsMusee/opb_Equals1_cod2_binary/normalized-BA_RDC4.dot_unif_20null10mast_rapportOE1.0_TMAX180_K67_cod2_pbEq1_newVersion_binary.opb.xz,18
OPT-LIN/normalized-extraPB12/sroussel/benchsMusee/opb_Equals1_cod2_binary/normalized-BA_RDC4.dot_unif_20null10mast_rapportOE1.0_TMAX300_K67_cod2_pbEq1_newVersion_binary.opb.xz,18
OPT-LIN/normalized-extraPB12/sroussel/benchsMusee/opb_Equals1_cod2_binary/normalized-BA_RDC4.dot_unif_20null10mast_rapportOE1.0_TMAX60_K67_cod2_pbEq1_newVersion_binary.opb.xz,18
OPT-LIN/normalized-extraPB12/sroussel/benchsMusee/opb_Equals1_cod2_binary/normalized-BA_RDC4.dot_unif_20null10mast_rapportOE2.0_TMAX120_K67_cod2_pbEq1_newVersion_binary.opb.xz,18
OPT-LIN/normalized-extraPB12/sroussel/benchsMusee/opb_Equals1_cod2_binary/normalized-BA_RDC4.dot_unif_20null10mast_rapportOE2.0_TMAX15_K67_cod2_pbEq1_newVersion_binary.opb.xz,18
OPT-LIN/normalized-extraPB12/sroussel/benchsMusee/opb_Equals1_cod2_binary/normalized-BA_RDC4.dot_unif_20null10mast_rapportOE2.0_TMAX180_K67_cod2_pbEq1_newVersion_binary.opb.xz,18
OPT-LIN/normalized-extraPB12/sroussel/benchsMusee/opb_Equals1_cod2_binary/normalized-BA_RDC4.dot_unif_20null10mast_rapportOE2.0_TMAX300_K67_cod2_pbEq1_newVersion_binary.opb.xz,18
OPT-LIN/normalized-extraPB12/sroussel/benchsMusee/opb_Equals1_cod2_binary/normalized-BA_RDC4.dot_unif_20null10mast_rapportOE2.0_TMAX60_K67_cod2_pbEq1_newVersion_binary.opb.xz,18
OPT-LIN/normalized-extraPB12/sroussel/benchsMusee/opb_Equals1_cod2_binary/normalized-BA_RDC4.dot_unif_20null20mast_rapportOE1.0_TMAX120_K67_cod2_pbEq1_newVersion_binary.opb.xz,18
OPT-LIN/normalized-extraPB12/sroussel/benchsMusee/opb_Equals1_cod2_binary/normalized-BA_RDC4.dot_unif_20null20mast_rapportOE1.0_TMAX15_K67_cod2_pbEq1_newVersion_binary.opb.xz,18
OPT-LIN/normalized-extraPB12/sroussel/benchsMusee/opb_Equals1_cod2_binary/normalized-BA_RDC4.dot_unif_20null20mast_rapportOE1.0_TMAX180_K67_cod2_pbEq1_newVersion_binary.opb.xz,18
OPT-LIN/normalized-extraPB12/sroussel/benchsMusee/opb_Equals1_cod2_binary/normalized-BA_RDC4.dot_unif_20null20mast_rapportOE1.0_TMAX300_K67_cod2_pbEq1_newVersion_binary.opb.xz,18
OPT-LIN/normalized-extraPB12/sroussel/benchsMusee/opb_Equals1_cod2_binary/normalized-BA_RDC4.dot_unif_20null20mast_rapportOE1.0_TMAX60_K67_cod2_pbEq1_newVersion_binary.opb.xz,18
OPT-LIN/normalized-extraPB12/sroussel/benchsMusee/opb_Equals1_cod2_binary/normalized-BA_RDC4.dot_unif_20null20mast_rapportOE2.0_TMAX120_K67_cod2_pbEq1_newVersion_binary.opb.xz,18
OPT-LIN/normalized-extraPB12/sroussel/benchsMusee/opb_Equals1_cod2_binary/normalized-BA_RDC4.dot_unif_20null20mast_rapportOE2.0_TMAX15_K67_cod2_pbEq1_newVersion_binary.opb.xz,18
OPT-LIN/normalized-extraPB12/sroussel/benchsMusee/opb_Equals1_cod2_binary/normalized-BA_RDC4.dot_unif_20null20mast_rapportOE2.0_TMAX180_K67_cod2_pbEq1_newVersion_binary.opb.xz,18
OPT-LIN/normalized-extraPB12/sroussel/benchsMusee/opb_Equals1_cod2_binary/normalized-BA_RDC4.dot_unif_20null20mast_rapportOE2.0_TMAX300_K67_cod2_pbEq1_newVersion_binary.opb.xz,18
OPT-LIN/normalized-extraPB12/sroussel/benchsMusee/opb_Equals1_cod2_binary/normalized-BA_RDC4.dot_unif_20null20mast_rapportOE2.0_TMAX60_K67_cod2_pbEq1_newVersion_binary.opb.xz,18
OPT-LIN/normalized-extraPB12/sroussel/benchsMusee/opb_Equals1_cod2_binary/normalized-BA_RDC4.dot_unif_20null50mast_rapportOE1.0_TMAX120_K67_cod2_pbEq1_newVersion_binary.opb.xz,19
OPT-LIN/normalized-extraPB12/sroussel/benchsMusee/opb_Equals1_cod2_binary/normalized-BA_RDC4.dot_unif_20null50mast_rapportOE1.0_TMAX15_K67_cod2_pbEq1_newVersion_binary.opb.xz,19
OPT-LIN/normalized-extraPB12/sroussel/benchsMusee/opb_Equals1_cod2_binary/normalized-BA_RDC4.dot_unif_20null50mast_rapportOE1.0_TMAX180_K67_cod2_pbEq1_newVersion_binary.opb.xz,19
OPT-LIN/normalized-extraPB12/sroussel/benchsMusee/opb_Equals1_cod2_binary/normalized-BA_RDC4.dot_unif_20null50mast_rapportOE1.0_TMAX300_K67_cod2_pbEq1_newVersion_binary.opb.xz,19
OPT-LIN/normalized-extraPB12/sroussel/benchsMusee/opb_Equals1_cod2_binary/normalized-BA_RDC4.dot_unif_20null50mast_rapportOE1.0_TMAX60_K67_cod2_pbEq1_newVersion_binary.opb.xz,19
OPT-LIN/normalized-extraPB12/sroussel/benchsMusee/opb_Equals1_cod2_binary/normalized-BA_RDC4.dot_unif_20null50mast_rapportOE2.0_TMAX120_K67_cod2_pbEq1_newVersion_binary.opb.xz,19
OPT-LIN/normalized-extraPB12/sroussel/benchsMusee/opb_Equals1_cod2_binary/normalized-BA_RDC4.dot_unif_20null50mast_rapportOE2.0_TMAX15_K67_cod2_pbEq1_newVersion_binary.opb.xz,19
OPT-LIN/normalized-extraPB12/sroussel/benchsMusee/opb_Equals1_cod2_binary/normalized-BA_RDC4.dot_unif_20null50mast_rapportOE2.0_TMAX180_K67_cod2_pbEq1_newVersion_binary.opb.xz,19
OPT-LIN/normalized-extraPB12/sroussel/benchsMusee/opb_Equals1_cod2_binary/normalized-BA_RDC4.dot_unif_20null50mast_rapportOE2.0_TMAX300_K67_cod2_pbEq1_newVersion_binary.opb.xz,19
OPT-LIN/normalized-extraPB12/sroussel/benchsMusee/opb_Equals1_cod2_binary/normalized-BA_RDC4.dot_unif_20null50mast_rapportOE2.0_TMAX60_K67_cod2_pbEq1_newVersion_binary.opb.xz,19
OPT-LIN/normalized-extraPB12/sroussel/benchsMusee/opb_Equals1_cod2_binary/normalized-BA_RDC4.dot_unif_50null0mast_rapportOE1.0_TMAX120_K67_cod2_pbEq1_newVersion_binary.opb.xz,17
OPT-LIN/normalized-extraPB12/sroussel/benchsMusee/opb_Equals1_cod2_binary/normalized-BA_RDC4.dot_unif_50null0mast_rapportOE1.0_TMAX15_K67_cod2_pbEq1_newVersion_binary.opb.xz,17
OPT-LIN/normalized-extraPB12/sroussel/benchsMusee/opb_Equals1_cod2_binary/normalized-BA_RDC4.dot_unif_50null0mast_rapportOE1.0_TMAX180_K67_cod2_pbEq1_newVersion_binary.opb.xz,18
OPT-LIN/normalized-extraPB12/sroussel/benchsMusee/opb_Equals1_cod2_binary/normalized-BA_RDC4.dot_unif_50null0mast_rapportOE1.0_TMAX300_K67_cod2_pbEq1_newVersion_binary.opb.xz,17
OPT-LIN/normalized-extraPB12/sroussel/benchsMusee/opb_Equals1_cod2_binary/normalized-BA_RDC4.dot_unif_50null0mast_rapportOE1.0_TMAX60_K67_cod2_pbEq1_newVersion_binary.opb.xz,17
OPT-LIN/normalized-extraPB12/sroussel/benchsMusee/opb_Equals1_cod2_binary/normalized-BA_RDC4.dot_unif_50null0mast_rapportOE2.0_TMAX120_K67_cod2_pbEq1_newVersion_binary.opb.xz,17
OPT-LIN/normalized-extraPB12/sroussel/benchsMusee/opb_Equals1_cod2_binary/normalized-BA_RDC4.dot_unif_50null0mast_rapportOE2.0_TMAX15_K67_cod2_pbEq1_newVersion_binary.opb.xz,17
OPT-LIN/normalized-extraPB12/sroussel/benchsMusee/opb_Equals1_cod2_binary/normalized-BA_RDC4.dot_unif_50null0mast_rapportOE2.0_TMAX180_K67_cod2_pbEq1_newVersion_binary.opb.xz,17
OPT-LIN/normalized-extraPB12/sroussel/benchsMusee/opb_Equals1_cod2_binary/normalized-BA_RDC4.dot_unif_50null0mast_rapportOE2.0_TMAX300_K67_cod2_pbEq1_newVersion_binary.opb.xz,17
OPT-LIN/normalized-extraPB12/sroussel/benchsMusee/opb_Equals1_cod2_binary/normalized-BA_RDC4.dot_unif_50null0mast_rapportOE2.0_TMAX60_K67_cod2_pbEq1_newVersion_binary.opb.xz,17
OPT-LIN/normalized-extraPB12/sroussel/benchsMusee/opb_Equals1_cod2_binary/normalized-BA_RDC4.dot_unif_50null10mast_rapportOE1.0_TMAX120_K67_cod2_pbEq1_newVersion_binary.opb.xz,18
OPT-LIN/normalized-extraPB12/sroussel/benchsMusee/opb_Equals1_cod2_binary/normalized-BA_RDC4.dot_unif_50null10mast_rapportOE1.0_TMAX15_K67_cod2_pbEq1_newVersion_binary.opb.xz,18
OPT-LIN/normalized-extraPB12/sroussel/benchsMusee/opb_Equals1_cod2_binary/normalized-BA_RDC4.dot_unif_50null10mast_rapportOE1.0_TMAX180_K67_cod2_pbEq1_newVersion_binary.opb.xz,18
OPT-LIN/normalized-extraPB12/sroussel/benchsMusee/opb_Equals1_cod2_binary/normalized-BA_RDC4.dot_unif_50null10mast_rapportOE1.0_TMAX300_K67_cod2_pbEq1_newVersion_binary.opb.xz,18
OPT-LIN/normalized-extraPB12/sroussel/benchsMusee/opb_Equals1_cod2_binary/normalized-BA_RDC4.dot_unif_50null10mast_rapportOE1.0_TMAX60_K67_cod2_pbEq1_newVersion_binary.opb.xz,18
OPT-LIN/normalized-extraPB12/sroussel/benchsMusee/opb_Equals1_cod2_binary/normalized-BA_RDC4.dot_unif_50null10mast_rapportOE2.0_TMAX120_K67_cod2_pbEq1_newVersion_binary.opb.xz,18
OPT-LIN/normalized-extraPB12/sroussel/benchsMusee/opb_Equals1_cod2_binary/normalized-BA_RDC4.dot_unif_50null10mast_rapportOE2.0_TMAX15_K67_cod2_pbEq1_newVersion_binary.opb.xz,18
OPT-LIN/normalized-extraPB12/sroussel/benchsMusee/opb_Equals1_cod2_binary/normalized-BA_RDC4.dot_unif_50null10mast_rapportOE2.0_TMAX180_K67_cod2_pbEq1_newVersion_binary.opb.xz,18
OPT-LIN/normalized-extraPB12/sroussel/benchsMusee/opb_Equals1_cod2_binary/normalized-BA_RDC4.dot_unif_50null10mast_rapportOE2.0_TMAX300_K67_cod2_pbEq1_newVersion_binary.opb.xz,18
OPT-LIN/normalized-extraPB12/sroussel/benchsMusee/opb_Equals1_cod2_binary/normalized-BA_RDC4.dot_unif_50null10mast_rapportOE2.0_TMAX60_K67_cod2_pbEq1_newVersion_binary.opb.xz,18
OPT-LIN/normalized-extraPB12/sroussel/benchsMusee/opb_Equals1_cod2_binary/normalized-BA_RDC4.dot_unif_50null20mast_rapportOE1.0_TMAX120_K67_cod2_pbEq1_newVersion_binary.opb.xz,18
OPT-LIN/normalized-extraPB12/sroussel/benchsMusee/opb_Equals1_cod2_binary/normalized-BA_RDC4.dot_unif_50null20mast_rapportOE1.0_TMAX15_K67_cod2_pbEq1_newVersion_binary.opb.xz,18
OPT-LIN/normalized-extraPB12/sroussel/benchsMusee/opb_Equals1_cod2_binary/normalized-BA_RDC4.dot_unif_50null20mast_rapportOE1.0_TMAX180_K67_cod2_pbEq1_newVersion_binary.opb.xz,18
OPT-LIN/normalized-extraPB12/sroussel/benchsMusee/opb_Equals1_cod2_binary/normalized-BA_RDC4.dot_unif_50null20mast_rapportOE1.0_TMAX300_K67_cod2_pbEq1_newVersion_binary.opb.xz,18
OPT-LIN/normalized-extraPB12/sroussel/benchsMusee/opb_Equals1_cod2_binary/normalized-BA_RDC4.dot_unif_50null20mast_rapportOE1.0_TMAX60_K67_cod2_pbEq1_newVersion_binary.opb.xz,18
OPT-LIN/normalized-extraPB12/sroussel/benchsMusee/opb_Equals1_cod2_binary/normalized-BA_RDC4.dot_unif_50null20mast_rapportOE2.0_TMAX120_K67_cod2_pbEq1_newVersion_binary.opb.xz,18
OPT-LIN/normalized-extraPB12/sroussel/benchsMusee/opb_Equals1_cod2_binary/normalized-BA_RDC4.dot_unif_50null20mast_rapportOE2.0_TMAX15_K67_cod2_pbEq1_newVersion_binary.opb.xz,18
OPT-LIN/normalized-extraPB12/sroussel/benchsMusee/opb_Equals1_cod2_binary/normalized-BA_RDC4.dot_unif_50null20mast_rapportOE2.0_TMAX180_K67_cod2_pbEq1_newVersion_binary.opb.xz,18
OPT-LIN/normalized-extraPB12/sroussel/benchsMusee/opb_Equals1_cod2_binary/normalized-BA_RDC4.dot_unif_50null20mast_rapportOE2.0_TMAX300_K67_cod2_pbEq1_newVersion_binary.opb.xz,18
OPT-LIN/normalized-extraPB12/sroussel/benchsMusee/opb_Equals1_cod2_binary/normalized-BA_RDC4.dot_unif_50null20mast_rapportOE2.0_TMAX60_K67_cod2_pbEq1_newVersion_binary.opb.xz,18
OPT-LIN/normalized-extraPB12/sroussel/benchsMusee/opb_Equals1_cod2_binary/normalized-BA_RDC4.dot_unif_50null50mast_rapportOE1.0_TMAX120_K67_cod2_pbEq1_newVersion_binary.opb.xz,14
OPT-LIN/normalized-extraPB12/sroussel/benchsMusee/opb_Equals1_cod2_binary/normalized-BA_RDC4.dot_unif_50null50mast_rapportOE1.0_TMAX15_K67_cod2_pbEq1_newVersion_binary.opb.xz,14
OPT-LIN/normalized-extraPB12/sroussel/benchsMusee/opb_Equals1_cod2_binary/normalized-BA_RDC4.dot_unif_50null50mast_rapportOE1.0_TMAX180_K67_cod2_pbEq1_newVersion_binary.opb.xz,14
OPT-LIN/normalized-extraPB12/sroussel/benchsMusee/opb_Equals1_cod2_binary/normalized-BA_RDC4.dot_unif_50null50mast_rapportOE1.0_TMAX300_K67_cod2_pbEq1_newVersion_binary.opb.xz,14
OPT-LIN/normalized-extraPB12/sroussel/benchsMusee/opb_Equals1_cod2_binary/normalized-BA_RDC4.dot_unif_50null50mast_rapportOE1.0_TMAX60_K67_cod2_pbEq1_newVersion_binary.opb.xz,14
OPT-LIN/normalized-extraPB12/sroussel/benchsMusee/opb_Equals1_cod2_binary/normalized-BA_RDC4.dot_unif_50null50mast_rapportOE2.0_TMAX120_K67_cod2_pbEq1_newVersion_binary.opb.xz,14
OPT-LIN/normalized-extraPB12/sroussel/benchsMusee/opb_Equals1_cod2_binary/normalized-BA_RDC4.dot_unif_50null50mast_rapportOE2.0_TMAX15_K67_cod2_pbEq1_newVersion_binary.opb.xz,14
OPT-LIN/normalized-extraPB12/sroussel/benchsMusee/opb_Equals1_cod2_binary/normalized-BA_RDC4.dot_unif_50null50mast_rapportOE2.0_TMAX180_K67_cod2_pbEq1_newVersion_binary.opb.xz,14
OPT-LIN/normalized-extraPB12/sroussel/benchsMusee/opb_Equals1_cod2_binary/normalized-BA_RDC4.dot_unif_50null50mast_rapportOE2.0_TMAX300_K67_cod2_pbEq1_newVersion_binary.opb.xz,14
OPT-LIN/normalized-extraPB12/sroussel/benchsMusee/opb_Equals1_cod2_binary/normalized-BA_RDC4.dot_unif_50null50mast_rapportOE2.0_TMAX60_K67_cod2_pbEq1_newVersion_binary.opb.xz,14
OPT-LIN/normalized-extraPB12/sroussel/benchsMusee/opb_Equals1_cod2_ladder/normalized-BA_RDC4.dot_fibo_0null0mast_rapportOE1.0_TMAX120_K67_cod2_pbEq1_newVersion_ladder.opb.xz,19
OPT-LIN/normalized-extraPB12/sroussel/benchsMusee/opb_Equals1_cod2_ladder/normalized-BA_RDC4.dot_fibo_0null0mast_rapportOE1.0_TMAX15_K67_cod2_pbEq1_newVersion_ladder.opb.xz,19
OPT-LIN/normalized-extraPB12/sroussel/benchsMusee/opb_Equals1_cod2_ladder/normalized-BA_RDC4.dot_fibo_0null0mast_rapportOE1.0_TMAX180_K67_cod2_pbEq1_newVersion_ladder.opb.xz,19
OPT-LIN/normalized-extraPB12/sroussel/benchsMusee/opb_Equals1_cod2_ladder/normalized-BA_RDC4.dot_fibo_0null0mast_rapportOE1.0_TMAX300_K67_cod2_pbEq1_newVersion_ladder.opb.xz,19
OPT-LIN/normalized-extraPB12/sroussel/benchsMusee/opb_Equals1_cod2_ladder/normalized-BA_RDC4.dot_fibo_0null0mast_rapportOE1.0_TMAX60_K67_cod2_pbEq1_newVersion_ladder.opb.xz,19
OPT-LIN/normalized-extraPB12/sroussel/benchsMusee/opb_Equals1_cod2_ladder/normalized-BA_RDC4.dot_fibo_0null0mast_rapportOE2.0_TMAX120_K67_cod2_pbEq1_newVersion_ladder.opb.xz,19
OPT-LIN/normalized-extraPB12/sroussel/benchsMusee/opb_Equals1_cod2_ladder/normalized-BA_RDC4.dot_fibo_0null0mast_rapportOE2.0_TMAX15_K67_cod2_pbEq1_newVersion_ladder.opb.xz,19
OPT-LIN/normalized-extraPB12/sroussel/benchsMusee/opb_Equals1_cod2_ladder/normalized-BA_RDC4.dot_fibo_0null0mast_rapportOE2.0_TMAX180_K67_cod2_pbEq1_newVersion_ladder.opb.xz,19
OPT-LIN/normalized-extraPB12/sroussel/benchsMusee/opb_Equals1_cod2_ladder/normalized-BA_RDC4.dot_fibo_0null0mast_rapportOE2.0_TMAX300_K67_cod2_pbEq1_newVersion_ladder.opb.xz,19
OPT-LIN/normalized-extraPB12/sroussel/benchsMusee/opb_Equals1_cod2_ladder/normalized-BA_RDC4.dot_fibo_0null0mast_rapportOE2.0_TMAX60_K67_cod2_pbEq1_newVersion_ladder.opb.xz,19
OPT-LIN/normalized-extraPB12/sroussel/benchsMusee/opb_Equals1_cod2_ladder/normalized-BA_RDC4.dot_fibo_0null10mast_rapportOE1.0_TMAX120_K67_cod2_pbEq1_newVersion_ladder.opb.xz,20
OPT-LIN/normalized-extraPB12/sroussel/benchsMusee/opb_Equals1_cod2_ladder/normalized-BA_RDC4.dot_fibo_0null10mast_rapportOE1.0_TMAX15_K67_cod2_pbEq1_newVersion_ladder.opb.xz,20
OPT-LIN/normalized-extraPB12/sroussel/benchsMusee/opb_Equals1_cod2_ladder/normalized-BA_RDC4.dot_fibo_0null10mast_rapportOE1.0_TMAX180_K67_cod2_pbEq1_newVersion_ladder.opb.xz,20
OPT-LIN/normalized-extraPB12/sroussel/benchsMusee/opb_Equals1_cod2_ladder/normalized-BA_RDC4.dot_fibo_0null10mast_rapportOE1.0_TMAX300_K67_cod2_pbEq1_newVersion_ladder.opb.xz,20
OPT-LIN/normalized-extraPB12/sroussel/benchsMusee/opb_Equals1_cod2_ladder/normalized-BA_RDC4.dot_fibo_0null10mast_rapportOE1.0_TMAX60_K67_cod2_pbEq1_newVersion_ladder.opb.xz,20
OPT-LIN/normalized-extraPB12/sroussel/benchsMusee/opb_Equals1_cod2_ladder/normalized-BA_RDC4.dot_fibo_0null10mast_rapportOE2.0_TMAX120_K67_cod2_pbEq1_newVersion_ladder.opb.xz,20
OPT-LIN/normalized-extraPB12/sroussel/benchsMusee/opb_Equals1_cod2_ladder/normalized-BA_RDC4.dot_fibo_0null10mast_rapportOE2.0_TMAX15_K67_cod2_pbEq1_newVersion_ladder.opb.xz,20
OPT-LIN/normalized-extraPB12/sroussel/benchsMusee/opb_Equals1_cod2_ladder/normalized-BA_RDC4.dot_fibo_0null10mast_rapportOE2.0_TMAX180_K67_cod2_pbEq1_newVersion_ladder.opb.xz,20
OPT-LIN/normalized-extraPB12/sroussel/benchsMusee/opb_Equals1_cod2_ladder/normalized-BA_RDC4.dot_fibo_0null10mast_rapportOE2.0_TMAX300_K67_cod2_pbEq1_newVersion_ladder.opb.xz,20
OPT-LIN/normalized-extraPB12/sroussel/benchsMusee/opb_Equals1_cod2_ladder/normalized-BA_RDC4.dot_fibo_0null10mast_rapportOE2.0_TMAX60_K67_cod2_pbEq1_newVersion_ladder.opb.xz,20
OPT-LIN/normalized-extraPB12/sroussel/benchsMusee/opb_Equals1_cod2_ladder/normalized-BA_RDC4.dot_fibo_0null20mast_rapportOE1.0_TMAX120_K67_cod2_pbEq1_newVersion_ladder.opb.xz,21
OPT-LIN/normalized-extraPB12/sroussel/benchsMusee/opb_Equals1_cod2_ladder/normalized-BA_RDC4.dot_fibo_0null20mast_rapportOE1.0_TMAX15_K67_cod2_pbEq1_newVersion_ladder.opb.xz,21
OPT-LIN/normalized-extraPB12/sroussel/benchsMusee/opb_Equals1_cod2_ladder/normalized-BA_RDC4.dot_fibo_0null20mast_rapportOE1.0_TMAX180_K67_cod2_pbEq1_newVersion_ladder.opb.xz,21
OPT-LIN/normalized-extraPB12/sroussel/benchsMusee/opb_Equals1_cod2_ladder/normalized-BA_RDC4.dot_fibo_0null20mast_rapportOE1.0_TMAX300_K67_cod2_pbEq1_newVersion_ladder.opb.xz,21
OPT-LIN/normalized-extraPB12/sroussel/benchsMusee/opb_Equals1_cod2_ladder/normalized-BA_RDC4.dot_fibo_0null20mast_rapportOE1.0_TMAX60_K67_cod2_pbEq1_newVersion_ladder.opb.xz,21
OPT-LIN/normalized-extraPB12/sroussel/benchsMusee/opb_Equals1_cod2_ladder/normalized-BA_RDC4.dot_fibo_0null20mast_rapportOE2.0_TMAX120_K67_cod2_pbEq1_newVersion_ladder.opb.xz,21
OPT-LIN/normalized-extraPB12/sroussel/benchsMusee/opb_Equals1_cod2_ladder/normalized-BA_RDC4.dot_fibo_0null20mast_rapportOE2.0_TMAX15_K67_cod2_pbEq1_newVersion_ladder.opb.xz,21
OPT-LIN/normalized-extraPB12/sroussel/benchsMusee/opb_Equals1_cod2_ladder/normalized-BA_RDC4.dot_fibo_0null20mast_rapportOE2.0_TMAX180_K67_cod2_pbEq1_newVersion_ladder.opb.xz,21
OPT-LIN/normalized-extraPB12/sroussel/benchsMusee/opb_Equals1_cod2_ladder/normalized-BA_RDC4.dot_fibo_0null20mast_rapportOE2.0_TMAX300_K67_cod2_pbEq1_newVersion_ladder.opb.xz,21
OPT-LIN/normalized-extraPB12/sroussel/benchsMusee/opb_Equals1_cod2_ladder/normalized-BA_RDC4.dot_fibo_0null20mast_rapportOE2.0_TMAX60_K67_cod2_pbEq1_newVersion_ladder.opb.xz,21
OPT-LIN/normalized-extraPB12/sroussel/benchsMusee/opb_Equals1_cod2_ladder/normalized-BA_RDC4.dot_fibo_0null50mast_rapportOE1.0_TMAX120_K67_cod2_pbEq1_newVersion_ladder.opb.xz,22
OPT-LIN/normalized-extraPB12/sroussel/benchsMusee/opb_Equals1_cod2_ladder/normalized-BA_RDC4.dot_fibo_0null50mast_rapportOE1.0_TMAX15_K67_cod2_pbEq1_newVersion_ladder.opb.xz,22
OPT-LIN/normalized-extraPB12/sroussel/benchsMusee/opb_Equals1_cod2_ladder/normalized-BA_RDC4.dot_fibo_0null50mast_rapportOE1.0_TMAX180_K67_cod2_pbEq1_newVersion_ladder.opb.xz,22
OPT-LIN/normalized-extraPB12/sroussel/benchsMusee/opb_Equals1_cod2_ladder/normalized-BA_RDC4.dot_fibo_0null50mast_rapportOE1.0_TMAX300_K67_cod2_pbEq1_newVersion_ladder.opb.xz,22
OPT-LIN/normalized-extraPB12/sroussel/benchsMusee/opb_Equals1_cod2_ladder/normalized-BA_RDC4.dot_fibo_0null50mast_rapportOE1.0_TMAX60_K67_cod2_pbEq1_newVersion_ladder.opb.xz,22
OPT-LIN/normalized-extraPB12/sroussel/benchsMusee/opb_Equals1_cod2_ladder/normalized-BA_RDC4.dot_fibo_0null50mast_rapportOE2.0_TMAX120_K67_cod2_pbEq1_newVersion_ladder.opb.xz,22
OPT-LIN/normalized-extraPB12/sroussel/benchsMusee/opb_Equals1_cod2_ladder/normalized-BA_RDC4.dot_fibo_0null50mast_rapportOE2.0_TMAX15_K67_cod2_pbEq1_newVersion_ladder.opb.xz,22
OPT-LIN/normalized-extraPB12/sroussel/benchsMusee/opb_Equals1_cod2_ladder/normalized-BA_RDC4.dot_fibo_0null50mast_rapportOE2.0_TMAX180_K67_cod2_pbEq1_newVersion_ladder.opb.xz,22
OPT-LIN/normalized-extraPB12/sroussel/benchsMusee/opb_Equals1_cod2_ladder/normalized-BA_RDC4.dot_fibo_0null50mast_rapportOE2.0_TMAX300_K67_cod2_pbEq1_newVersion_ladder.opb.xz,22
OPT-LIN/normalized-extraPB12/sroussel/benchsMusee/opb_Equals1_cod2_ladder/normalized-BA_RDC4.dot_fibo_0null50mast_rapportOE2.0_TMAX60_K67_cod2_pbEq1_newVersion_ladder.opb.xz,22
OPT-LIN/normalized-extraPB12/sroussel/benchsMusee/opb_Equals1_cod2_ladder/normalized-BA_RDC4.dot_fibo_10null0mast_rapportOE1.0_TMAX120_K67_cod2_pbEq1_newVersion_ladder.opb.xz,19
OPT-LIN/normalized-extraPB12/sroussel/benchsMusee/opb_Equals1_cod2_ladder/normalized-BA_RDC4.dot_fibo_10null0mast_rapportOE1.0_TMAX15_K67_cod2_pbEq1_newVersion_ladder.opb.xz,19
OPT-LIN/normalized-extraPB12/sroussel/benchsMusee/opb_Equals1_cod2_ladder/normalized-BA_RDC4.dot_fibo_10null0mast_rapportOE1.0_TMAX180_K67_cod2_pbEq1_newVersion_ladder.opb.xz,19
OPT-LIN/normalized-extraPB12/sroussel/benchsMusee/opb_Equals1_cod2_ladder/normalized-BA_RDC4.dot_fibo_10null0mast_rapportOE1.0_TMAX300_K67_cod2_pbEq1_newVersion_ladder.opb.xz,19
OPT-LIN/normalized-extraPB12/sroussel/benchsMusee/opb_Equals1_cod2_ladder/normalized-BA_RDC4.dot_fibo_10null0mast_rapportOE1.0_TMAX60_K67_cod2_pbEq1_newVersion_ladder.opb.xz,19
OPT-LIN/normalized-extraPB12/sroussel/benchsMusee/opb_Equals1_cod2_ladder/normalized-BA_RDC4.dot_fibo_10null0mast_rapportOE2.0_TMAX120_K67_cod2_pbEq1_newVersion_ladder.opb.xz,19
OPT-LIN/normalized-extraPB12/sroussel/benchsMusee/opb_Equals1_cod2_ladder/normalized-BA_RDC4.dot_fibo_10null0mast_rapportOE2.0_TMAX15_K67_cod2_pbEq1_newVersion_ladder.opb.xz,19
OPT-LIN/normalized-extraPB12/sroussel/benchsMusee/opb_Equals1_cod2_ladder/normalized-BA_RDC4.dot_fibo_10null0mast_rapportOE2.0_TMAX180_K67_cod2_pbEq1_newVersion_ladder.opb.xz,19
OPT-LIN/normalized-extraPB12/sroussel/benchsMusee/opb_Equals1_cod2_ladder/normalized-BA_RDC4.dot_fibo_10null0mast_rapportOE2.0_TMAX300_K67_cod2_pbEq1_newVersion_ladder.opb.xz,19
OPT-LIN/normalized-extraPB12/sroussel/benchsMusee/opb_Equals1_cod2_ladder/normalized-BA_RDC4.dot_fibo_10null0mast_rapportOE2.0_TMAX60_K67_cod2_pbEq1_newVersion_ladder.opb.xz,19
OPT-LIN/normalized-extraPB12/sroussel/benchsMusee/opb_Equals1_cod2_ladder/normalized-BA_RDC4.dot_fibo_10null10mast_rapportOE1.0_TMAX120_K67_cod2_pbEq1_newVersion_ladder.opb.xz,20
OPT-LIN/normalized-extraPB12/sroussel/benchsMusee/opb_Equals1_cod2_ladder/normalized-BA_RDC4.dot_fibo_10null10mast_rapportOE1.0_TMAX15_K67_cod2_pbEq1_newVersion_ladder.opb.xz,20
OPT-LIN/normalized-extraPB12/sroussel/benchsMusee/opb_Equals1_cod2_ladder/normalized-BA_RDC4.dot_fibo_10null10mast_rapportOE1.0_TMAX180_K67_cod2_pbEq1_newVersion_ladder.opb.xz,20
OPT-LIN/normalized-extraPB12/sroussel/benchsMusee/opb_Equals1_cod2_ladder/normalized-BA_RDC4.dot_fibo_10null10mast_rapportOE1.0_TMAX300_K67_cod2_pbEq1_newVersion_ladder.opb.xz,20
OPT-LIN/normalized-extraPB12/sroussel/benchsMusee/opb_Equals1_cod2_ladder/normalized-BA_RDC4.dot_fibo_10null10mast_rapportOE1.0_TMAX60_K67_cod2_pbEq1_newVersion_ladder.opb.xz,20
OPT-LIN/normalized-extraPB12/sroussel/benchsMusee/opb_Equals1_cod2_ladder/normalized-BA_RDC4.dot_fibo_10null10mast_rapportOE2.0_TMAX120_K67_cod2_pbEq1_newVersion_ladder.opb.xz,20
OPT-LIN/normalized-extraPB12/sroussel/benchsMusee/opb_Equals1_cod2_ladder/normalized-BA_RDC4.dot_fibo_10null10mast_rapportOE2.0_TMAX15_K67_cod2_pbEq1_newVersion_ladder.opb.xz,20
OPT-LIN/normalized-extraPB12/sroussel/benchsMusee/opb_Equals1_cod2_ladder/normalized-BA_RDC4.dot_fibo_10null10mast_rapportOE2.0_TMAX180_K67_cod2_pbEq1_newVersion_ladder.opb.xz,20
OPT-LIN/normalized-extraPB12/sroussel/benchsMusee/opb_Equals1_cod2_ladder/normalized-BA_RDC4.dot_fibo_10null10mast_rapportOE2.0_TMAX300_K67_cod2_pbEq1_newVersion_ladder.opb.xz,20
OPT-LIN/normalized-extraPB12/sroussel/benchsMusee/opb_Equals1_cod2_ladder/normalized-BA_RDC4.dot_fibo_10null10mast_rapportOE2.0_TMAX60_K67_cod2_pbEq1_newVersion_ladder.opb.xz,20
OPT-LIN/normalized-extraPB12/sroussel/benchsMusee/opb_Equals1_cod2_ladder/normalized-BA_RDC4.dot_fibo_10null20mast_rapportOE1.0_TMAX120_K67_cod2_pbEq1_newVersion_ladder.opb.xz,21
OPT-LIN/normalized-extraPB12/sroussel/benchsMusee/opb_Equals1_cod2_ladder/normalized-BA_RDC4.dot_fibo_10null20mast_rapportOE1.0_TMAX15_K67_cod2_pbEq1_newVersion_ladder.opb.xz,21
OPT-LIN/normalized-extraPB12/sroussel/benchsMusee/opb_Equals1_cod2_ladder/normalized-BA_RDC4.dot_fibo_10null20mast_rapportOE1.0_TMAX180_K67_cod2_pbEq1_newVersion_ladder.opb.xz,21
OPT-LIN/normalized-extraPB12/sroussel/benchsMusee/opb_Equals1_cod2_ladder/normalized-BA_RDC4.dot_fibo_10null20mast_rapportOE1.0_TMAX300_K67_cod2_pbEq1_newVersion_ladder.opb.xz,21
OPT-LIN/normalized-extraPB12/sroussel/benchsMusee/opb_Equals1_cod2_ladder/normalized-BA_RDC4.dot_fibo_10null20mast_rapportOE1.0_TMAX60_K67_cod2_pbEq1_newVersion_ladder.opb.xz,21
OPT-LIN/normalized-extraPB12/sroussel/benchsMusee/opb_Equals1_cod2_ladder/normalized-BA_RDC4.dot_fibo_10null20mast_rapportOE2.0_TMAX120_K67_cod2_pbEq1_newVersion_ladder.opb.xz,21
OPT-LIN/normalized-extraPB12/sroussel/benchsMusee/opb_Equals1_cod2_ladder/normalized-BA_RDC4.dot_fibo_10null20mast_rapportOE2.0_TMAX15_K67_cod2_pbEq1_newVersion_ladder.opb.xz,21
OPT-LIN/normalized-extraPB12/sroussel/benchsMusee/opb_Equals1_cod2_ladder/normalized-BA_RDC4.dot_fibo_10null20mast_rapportOE2.0_TMAX180_K67_cod2_pbEq1_newVersion_ladder.opb.xz,21
OPT-LIN/normalized-extraPB12/sroussel/benchsMusee/opb_Equals1_cod2_ladder/normalized-BA_RDC4.dot_fibo_10null20mast_rapportOE2.0_TMAX300_K67_cod2_pbEq1_newVersion_ladder.opb.xz,21
OPT-LIN/normalized-extraPB12/sroussel/benchsMusee/opb_Equals1_cod2_ladder/normalized-BA_RDC4.dot_fibo_10null20mast_rapportOE2.0_TMAX60_K67_cod2_pbEq1_newVersion_ladder.opb.xz,21
OPT-LIN/normalized-extraPB12/sroussel/benchsMusee/opb_Equals1_cod2_ladder/normalized-BA_RDC4.dot_fibo_10null50mast_rapportOE1.0_TMAX120_K67_cod2_pbEq1_newVersion_ladder.opb.xz,22
OPT-LIN/normalized-extraPB12/sroussel/benchsMusee/opb_Equals1_cod2_ladder/normalized-BA_RDC4.dot_fibo_10null50mast_rapportOE1.0_TMAX15_K67_cod2_pbEq1_newVersion_ladder.opb.xz,22
OPT-LIN/normalized-extraPB12/sroussel/benchsMusee/opb_Equals1_cod2_ladder/normalized-BA_RDC4.dot_fibo_10null50mast_rapportOE1.0_TMAX180_K67_cod2_pbEq1_newVersion_ladder.opb.xz,22
OPT-LIN/normalized-extraPB12/sroussel/benchsMusee/opb_Equals1_cod2_ladder/normalized-BA_RDC4.dot_fibo_10null50mast_rapportOE1.0_TMAX300_K67_cod2_pbEq1_newVersion_ladder.opb.xz,22
OPT-LIN/normalized-extraPB12/sroussel/benchsMusee/opb_Equals1_cod2_ladder/normalized-BA_RDC4.dot_fibo_10null50mast_rapportOE1.0_TMAX60_K67_cod2_pbEq1_newVersion_ladder.opb.xz,22
OPT-LIN/normalized-extraPB12/sroussel/benchsMusee/opb_Equals1_cod2_ladder/normalized-BA_RDC4.dot_fibo_10null50mast_rapportOE2.0_TMAX120_K67_cod2_pbEq1_newVersion_ladder.opb.xz,22
OPT-LIN/normalized-extraPB12/sroussel/benchsMusee/opb_Equals1_cod2_ladder/normalized-BA_RDC4.dot_fibo_10null50mast_rapportOE2.0_TMAX15_K67_cod2_pbEq1_newVersion_ladder.opb.xz,22
OPT-LIN/normalized-extraPB12/sroussel/benchsMusee/opb_Equals1_cod2_ladder/normalized-BA_RDC4.dot_fibo_10null50mast_rapportOE2.0_TMAX180_K67_cod2_pbEq1_newVersion_ladder.opb.xz,22
OPT-LIN/normalized-extraPB12/sroussel/benchsMusee/opb_Equals1_cod2_ladder/normalized-BA_RDC4.dot_fibo_10null50mast_rapportOE2.0_TMAX300_K67_cod2_pbEq1_newVersion_ladder.opb.xz,22
OPT-LIN/normalized-extraPB12/sroussel/benchsMusee/opb_Equals1_cod2_ladder/normalized-BA_RDC4.dot_fibo_10null50mast_rapportOE2.0_TMAX60_K67_cod2_pbEq1_newVersion_ladder.opb.xz,22
OPT-LIN/normalized-extraPB12/sroussel/benchsMusee/opb_Equals1_cod2_ladder/normalized-BA_RDC4.dot_fibo_20null0mast_rapportOE1.0_TMAX120_K67_cod2_pbEq1_newVersion_ladder.opb.xz,19
OPT-LIN/normalized-extraPB12/sroussel/benchsMusee/opb_Equals1_cod2_ladder/normalized-BA_RDC4.dot_fibo_20null0mast_rapportOE1.0_TMAX15_K67_cod2_pbEq1_newVersion_ladder.opb.xz,19
OPT-LIN/normalized-extraPB12/sroussel/benchsMusee/opb_Equals1_cod2_ladder/normalized-BA_RDC4.dot_fibo_20null0mast_rapportOE1.0_TMAX180_K67_cod2_pbEq1_newVersion_ladder.opb.xz,19
OPT-LIN/normalized-extraPB12/sroussel/benchsMusee/opb_Equals1_cod2_ladder/normalized-BA_RDC4.dot_fibo_20null0mast_rapportOE1.0_TMAX300_K67_cod2_pbEq1_newVersion_ladder.opb.xz,19
OPT-LIN/normalized-extraPB12/sroussel/benchsMusee/opb_Equals1_cod2_ladder/normalized-BA_RDC4.dot_fibo_20null0mast_rapportOE1.0_TMAX60_K67_cod2_pbEq1_newVersion_ladder.opb.xz,19
OPT-LIN/normalized-extraPB12/sroussel/benchsMusee/opb_Equals1_cod2_ladder/normalized-BA_RDC4.dot_fibo_20null0mast_rapportOE2.0_TMAX120_K67_cod2_pbEq1_newVersion_ladder.opb.xz,19
OPT-LIN/normalized-extraPB12/sroussel/benchsMusee/opb_Equals1_cod2_ladder/normalized-BA_RDC4.dot_fibo_20null0mast_rapportOE2.0_TMAX15_K67_cod2_pbEq1_newVersion_ladder.opb.xz,19
OPT-LIN/normalized-extraPB12/sroussel/benchsMusee/opb_Equals1_cod2_ladder/normalized-BA_RDC4.dot_fibo_20null0mast_rapportOE2.0_TMAX180_K67_cod2_pbEq1_newVersion_ladder.opb.xz,19
OPT-LIN/normalized-extraPB12/sroussel/benchsMusee/opb_Equals1_cod2_ladder/normalized-BA_RDC4.dot_fibo_20null0mast_rapportOE2.0_TMAX300_K67_cod2_pbEq1_newVersion_ladder.opb.xz,19
OPT-LIN/normalized-extraPB12/sroussel/benchsMusee/opb_Equals1_cod2_ladder/normalized-BA_RDC4.dot_fibo_20null0mast_rapportOE2.0_TMAX60_K67_cod2_pbEq1_newVersion_ladder.opb.xz,19
OPT-LIN/normalized-extraPB12/sroussel/benchsMusee/opb_Equals1_cod2_ladder/normalized-BA_RDC4.dot_fibo_20null10mast_rapportOE1.0_TMAX120_K67_cod2_pbEq1_newVersion_ladder.opb.xz,20
OPT-LIN/normalized-extraPB12/sroussel/benchsMusee/opb_Equals1_cod2_ladder/normalized-BA_RDC4.dot_fibo_20null10mast_rapportOE1.0_TMAX15_K67_cod2_pbEq1_newVersion_ladder.opb.xz,20
OPT-LIN/normalized-extraPB12/sroussel/benchsMusee/opb_Equals1_cod2_ladder/normalized-BA_RDC4.dot_fibo_20null10mast_rapportOE1.0_TMAX180_K67_cod2_pbEq1_newVersion_ladder.opb.xz,20
OPT-LIN/normalized-extraPB12/sroussel/benchsMusee/opb_Equals1_cod2_ladder/normalized-BA_RDC4.dot_fibo_20null10mast_rapportOE1.0_TMAX300_K67_cod2_pbEq1_newVersion_ladder.opb.xz,20
OPT-LIN/normalized-extraPB12/sroussel/benchsMusee/opb_Equals1_cod2_ladder/normalized-BA_RDC4.dot_fibo_20null10mast_rapportOE1.0_TMAX60_K67_cod2_pbEq1_newVersion_ladder.opb.xz,20
OPT-LIN/normalized-extraPB12/sroussel/benchsMusee/opb_Equals1_cod2_ladder/normalized-BA_RDC4.dot_fibo_20null10mast_rapportOE2.0_TMAX120_K67_cod2_pbEq1_newVersion_ladder.opb.xz,20
OPT-LIN/normalized-extraPB12/sroussel/benchsMusee/opb_Equals1_cod2_ladder/normalized-BA_RDC4.dot_fibo_20null10mast_rapportOE2.0_TMAX15_K67_cod2_pbEq1_newVersion_ladder.opb.xz,20
OPT-LIN/normalized-extraPB12/sroussel/benchsMusee/opb_Equals1_cod2_ladder/normalized-BA_RDC4.dot_fibo_20null10mast_rapportOE2.0_TMAX180_K67_cod2_pbEq1_newVersion_ladder.opb.xz,20
OPT-LIN/normalized-extraPB12/sroussel/benchsMusee/opb_Equals1_cod2_ladder/normalized-BA_RDC4.dot_fibo_20null10mast_rapportOE2.0_TMAX300_K67_cod2_pbEq1_newVersion_ladder.opb.xz,20
OPT-LIN/normalized-extraPB12/sroussel/benchsMusee/opb_Equals1_cod2_ladder/normalized-BA_RDC4.dot_fibo_20null10mast_rapportOE2.0_TMAX60_K67_cod2_pbEq1_newVersion_ladder.opb.xz,20
OPT-LIN/normalized-extraPB12/sroussel/benchsMusee/opb_Equals1_cod2_ladder/normalized-BA_RDC4.dot_fibo_20null20mast_rapportOE1.0_TMAX120_K67_cod2_pbEq1_newVersion_ladder.opb.xz,21
OPT-LIN/normalized-extraPB12/sroussel/benchsMusee/opb_Equals1_cod2_ladder/normalized-BA_RDC4.dot_fibo_20null20mast_rapportOE1.0_TMAX15_K67_cod2_pbEq1_newVersion_ladder.opb.xz,21
OPT-LIN/normalized-extraPB12/sroussel/benchsMusee/opb_Equals1_cod2_ladder/normalized-BA_RDC4.dot_fibo_20null20mast_rapportOE1.0_TMAX180_K67_cod2_pbEq1_newVersion_ladder.opb.xz,21
OPT-LIN/normalized-extraPB12/sroussel/benchsMusee/opb_Equals1_cod2_ladder/normalized-BA_RDC4.dot_fibo_20null20mast_rapportOE1.0_TMAX300_K67_cod2_pbEq1_newVersion_ladder.opb.xz,21
OPT-LIN/normalized-extraPB12/sroussel/benchsMusee/opb_Equals1_cod2_ladder/normalized-BA_RDC4.dot_fibo_20null20mast_rapportOE1.0_TMAX60_K67_cod2_pbEq1_newVersion_ladder.opb.xz,21
OPT-LIN/normalized-extraPB12/sroussel/benchsMusee/opb_Equals1_cod2_ladder/normalized-BA_RDC4.dot_fibo_20null20mast_rapportOE2.0_TMAX120_K67_cod2_pbEq1_newVersion_ladder.opb.xz,21
OPT-LIN/normalized-extraPB12/sroussel/benchsMusee/opb_Equals1_cod2_ladder/normalized-BA_RDC4.dot_fibo_20null20mast_rapportOE2.0_TMAX15_K67_cod2_pbEq1_newVersion_ladder.opb.xz,21
OPT-LIN/normalized-extraPB12/sroussel/benchsMusee/opb_Equals1_cod2_ladder/normalized-BA_RDC4.dot_fibo_20null20mast_rapportOE2.0_TMAX180_K67_cod2_pbEq1_newVersion_ladder.opb.xz,21
OPT-LIN/normalized-extraPB12/sroussel/benchsMusee/opb_Equals1_cod2_ladder/normalized-BA_RDC4.dot_fibo_20null20mast_rapportOE2.0_TMAX300_K67_cod2_pbEq1_newVersion_ladder.opb.xz,21
OPT-LIN/normalized-extraPB12/sroussel/benchsMusee/opb_Equals1_cod2_ladder/normalized-BA_RDC4.dot_fibo_20null20mast_rapportOE2.0_TMAX60_K67_cod2_pbEq1_newVersion_ladder.opb.xz,21
OPT-LIN/normalized-extraPB12/sroussel/benchsMusee/opb_Equals1_cod2_ladder/normalized-BA_RDC4.dot_fibo_20null50mast_rapportOE1.0_TMAX120_K67_cod2_pbEq1_newVersion_ladder.opb.xz,22
OPT-LIN/normalized-extraPB12/sroussel/benchsMusee/opb_Equals1_cod2_ladder/normalized-BA_RDC4.dot_fibo_20null50mast_rapportOE1.0_TMAX15_K67_cod2_pbEq1_newVersion_ladder.opb.xz,22
OPT-LIN/normalized-extraPB12/sroussel/benchsMusee/opb_Equals1_cod2_ladder/normalized-BA_RDC4.dot_fibo_20null50mast_rapportOE1.0_TMAX180_K67_cod2_pbEq1_newVersion_ladder.opb.xz,22
OPT-LIN/normalized-extraPB12/sroussel/benchsMusee/opb_Equals1_cod2_ladder/normalized-BA_RDC4.dot_fibo_20null50mast_rapportOE1.0_TMAX300_K67_cod2_pbEq1_newVersion_ladder.opb.xz,22
OPT-LIN/normalized-extraPB12/sroussel/benchsMusee/opb_Equals1_cod2_ladder/normalized-BA_RDC4.dot_fibo_20null50mast_rapportOE1.0_TMAX60_K67_cod2_pbEq1_newVersion_ladder.opb.xz,22
OPT-LIN/normalized-extraPB12/sroussel/benchsMusee/opb_Equals1_cod2_ladder/normalized-BA_RDC4.dot_fibo_20null50mast_rapportOE2.0_TMAX120_K67_cod2_pbEq1_newVersion_ladder.opb.xz,22
OPT-LIN/normalized-extraPB12/sroussel/benchsMusee/opb_Equals1_cod2_ladder/normalized-BA_RDC4.dot_fibo_20null50mast_rapportOE2.0_TMAX15_K67_cod2_pbEq1_newVersion_ladder.opb.xz,22
OPT-LIN/normalized-extraPB12/sroussel/benchsMusee/opb_Equals1_cod2_ladder/normalized-BA_RDC4.dot_fibo_20null50mast_rapportOE2.0_TMAX180_K67_cod2_pbEq1_newVersion_ladder.opb.xz,22
OPT-LIN/normalized-extraPB12/sroussel/benchsMusee/opb_Equals1_cod2_ladder/normalized-BA_RDC4.dot_fibo_20null50mast_rapportOE2.0_TMAX300_K67_cod2_pbEq1_newVersion_ladder.opb.xz,22
OPT-LIN/normalized-extraPB12/sroussel/benchsMusee/opb_Equals1_cod2_ladder/normalized-BA_RDC4.dot_fibo_20null50mast_rapportOE2.0_TMAX60_K67_cod2_pbEq1_newVersion_ladder.opb.xz,22
OPT-LIN/normalized-extraPB12/sroussel/benchsMusee/opb_Equals1_cod2_ladder/normalized-BA_RDC4.dot_fibo_50null0mast_rapportOE1.0_TMAX120_K67_cod2_pbEq1_newVersion_ladder.opb.xz,18
OPT-LIN/normalized-extraPB12/sroussel/benchsMusee/opb_Equals1_cod2_ladder/normalized-BA_RDC4.dot_fibo_50null0mast_rapportOE1.0_TMAX15_K67_cod2_pbEq1_newVersion_ladder.opb.xz,18
OPT-LIN/normalized-extraPB12/sroussel/benchsMusee/opb_Equals1_cod2_ladder/normalized-BA_RDC4.dot_fibo_50null0mast_rapportOE1.0_TMAX180_K67_cod2_pbEq1_newVersion_ladder.opb.xz,18
OPT-LIN/normalized-extraPB12/sroussel/benchsMusee/opb_Equals1_cod2_ladder/normalized-BA_RDC4.dot_fibo_50null0mast_rapportOE1.0_TMAX300_K67_cod2_pbEq1_newVersion_ladder.opb.xz,18
OPT-LIN/normalized-extraPB12/sroussel/benchsMusee/opb_Equals1_cod2_ladder/normalized-BA_RDC4.dot_fibo_50null0mast_rapportOE1.0_TMAX60_K67_cod2_pbEq1_newVersion_ladder.opb.xz,18
OPT-LIN/normalized-extraPB12/sroussel/benchsMusee/opb_Equals1_cod2_ladder/normalized-BA_RDC4.dot_fibo_50null0mast_rapportOE2.0_TMAX120_K67_cod2_pbEq1_newVersion_ladder.opb.xz,18
OPT-LIN/normalized-extraPB12/sroussel/benchsMusee/opb_Equals1_cod2_ladder/normalized-BA_RDC4.dot_fibo_50null0mast_rapportOE2.0_TMAX15_K67_cod2_pbEq1_newVersion_ladder.opb.xz,18
OPT-LIN/normalized-extraPB12/sroussel/benchsMusee/opb_Equals1_cod2_ladder/normalized-BA_RDC4.dot_fibo_50null0mast_rapportOE2.0_TMAX180_K67_cod2_pbEq1_newVersion_ladder.opb.xz,18
OPT-LIN/normalized-extraPB12/sroussel/benchsMusee/opb_Equals1_cod2_ladder/normalized-BA_RDC4.dot_fibo_50null0mast_rapportOE2.0_TMAX300_K67_cod2_pbEq1_newVersion_ladder.opb.xz,18
OPT-LIN/normalized-extraPB12/sroussel/benchsMusee/opb_Equals1_cod2_ladder/normalized-BA_RDC4.dot_fibo_50null0mast_rapportOE2.0_TMAX60_K67_cod2_pbEq1_newVersion_ladder.opb.xz,18
OPT-LIN/normalized-extraPB12/sroussel/benchsMusee/opb_Equals1_cod2_ladder/normalized-BA_RDC4.dot_fibo_50null10mast_rapportOE1.0_TMAX120_K67_cod2_pbEq1_newVersion_ladder.opb.xz,20
OPT-LIN/normalized-extraPB12/sroussel/benchsMusee/opb_Equals1_cod2_ladder/normalized-BA_RDC4.dot_fibo_50null10mast_rapportOE1.0_TMAX15_K67_cod2_pbEq1_newVersion_ladder.opb.xz,20
OPT-LIN/normalized-extraPB12/sroussel/benchsMusee/opb_Equals1_cod2_ladder/normalized-BA_RDC4.dot_fibo_50null10mast_rapportOE1.0_TMAX180_K67_cod2_pbEq1_newVersion_ladder.opb.xz,20
OPT-LIN/normalized-extraPB12/sroussel/benchsMusee/opb_Equals1_cod2_ladder/normalized-BA_RDC4.dot_fibo_50null10mast_rapportOE1.0_TMAX300_K67_cod2_pbEq1_newVersion_ladder.opb.xz,20
OPT-LIN/normalized-extraPB12/sroussel/benchsMusee/opb_Equals1_cod2_ladder/normalized-BA_RDC4.dot_fibo_50null10mast_rapportOE1.0_TMAX60_K67_cod2_pbEq1_newVersion_ladder.opb.xz,20
OPT-LIN/normalized-extraPB12/sroussel/benchsMusee/opb_Equals1_cod2_ladder/normalized-BA_RDC4.dot_fibo_50null10mast_rapportOE2.0_TMAX120_K67_cod2_pbEq1_newVersion_ladder.opb.xz,20
OPT-LIN/normalized-extraPB12/sroussel/benchsMusee/opb_Equals1_cod2_ladder/normalized-BA_RDC4.dot_fibo_50null10mast_rapportOE2.0_TMAX15_K67_cod2_pbEq1_newVersion_ladder.opb.xz,20
OPT-LIN/normalized-extraPB12/sroussel/benchsMusee/opb_Equals1_cod2_ladder/normalized-BA_RDC4.dot_fibo_50null10mast_rapportOE2.0_TMAX180_K67_cod2_pbEq1_newVersion_ladder.opb.xz,20
OPT-LIN/normalized-extraPB12/sroussel/benchsMusee/opb_Equals1_cod2_ladder/normalized-BA_RDC4.dot_fibo_50null10mast_rapportOE2.0_TMAX300_K67_cod2_pbEq1_newVersion_ladder.opb.xz,20
OPT-LIN/normalized-extraPB12/sroussel/benchsMusee/opb_Equals1_cod2_ladder/normalized-BA_RDC4.dot_fibo_50null10mast_rapportOE2.0_TMAX60_K67_cod2_pbEq1_newVersion_ladder.opb.xz,20
OPT-LIN/normalized-extraPB12/sroussel/benchsMusee/opb_Equals1_cod2_ladder/normalized-BA_RDC4.dot_fibo_50null20mast_rapportOE1.0_TMAX120_K67_cod2_pbEq1_newVersion_ladder.opb.xz,21
OPT-LIN/normalized-extraPB12/sroussel/benchsMusee/opb_Equals1_cod2_ladder/normalized-BA_RDC4.dot_fibo_50null20mast_rapportOE1.0_TMAX15_K67_cod2_pbEq1_newVersion_ladder.opb.xz,21
OPT-LIN/normalized-extraPB12/sroussel/benchsMusee/opb_Equals1_cod2_ladder/normalized-BA_RDC4.dot_fibo_50null20mast_rapportOE1.0_TMAX180_K67_cod2_pbEq1_newVersion_ladder.opb.xz,21
OPT-LIN/normalized-extraPB12/sroussel/benchsMusee/opb_Equals1_cod2_ladder/normalized-BA_RDC4.dot_fibo_50null20mast_rapportOE1.0_TMAX300_K67_cod2_pbEq1_newVersion_ladder.opb.xz,21
OPT-LIN/normalized-extraPB12/sroussel/benchsMusee/opb_Equals1_cod2_ladder/normalized-BA_RDC4.dot_fibo_50null20mast_rapportOE1.0_TMAX60_K67_cod2_pbEq1_newVersion_ladder.opb.xz,21
OPT-LIN/normalized-extraPB12/sroussel/benchsMusee/opb_Equals1_cod2_ladder/normalized-BA_RDC4.dot_fibo_50null20mast_rapportOE2.0_TMAX120_K67_cod2_pbEq1_newVersion_ladder.opb.xz,21
OPT-LIN/normalized-extraPB12/sroussel/benchsMusee/opb_Equals1_cod2_ladder/normalized-BA_RDC4.dot_fibo_50null20mast_rapportOE2.0_TMAX15_K67_cod2_pbEq1_newVersion_ladder.opb.xz,21
OPT-LIN/normalized-extraPB12/sroussel/benchsMusee/opb_Equals1_cod2_ladder/normalized-BA_RDC4.dot_fibo_50null20mast_rapportOE2.0_TMAX180_K67_cod2_pbEq1_newVersion_ladder.opb.xz,21
OPT-LIN/normalized-extraPB12/sroussel/benchsMusee/opb_Equals1_cod2_ladder/normalized-BA_RDC4.dot_fibo_50null20mast_rapportOE2.0_TMAX300_K67_cod2_pbEq1_newVersion_ladder.opb.xz,21
OPT-LIN/normalized-extraPB12/sroussel/benchsMusee/opb_Equals1_cod2_ladder/normalized-BA_RDC4.dot_fibo_50null20mast_rapportOE2.0_TMAX60_K67_cod2_pbEq1_newVersion_ladder.opb.xz,21
OPT-LIN/normalized-extraPB12/sroussel/benchsMusee/opb_Equals1_cod2_ladder/normalized-BA_RDC4.dot_fibo_50null50mast_rapportOE1.0_TMAX120_K67_cod2_pbEq1_newVersion_ladder.opb.xz,14
OPT-LIN/normalized-extraPB12/sroussel/benchsMusee/opb_Equals1_cod2_ladder/normalized-BA_RDC4.dot_fibo_50null50mast_rapportOE1.0_TMAX15_K67_cod2_pbEq1_newVersion_ladder.opb.xz,14
OPT-LIN/normalized-extraPB12/sroussel/benchsMusee/opb_Equals1_cod2_ladder/normalized-BA_RDC4.dot_fibo_50null50mast_rapportOE1.0_TMAX180_K67_cod2_pbEq1_newVersion_ladder.opb.xz,14
OPT-LIN/normalized-extraPB12/sroussel/benchsMusee/opb_Equals1_cod2_ladder/normalized-BA_RDC4.dot_fibo_50null50mast_rapportOE1.0_TMAX300_K67_cod2_pbEq1_newVersion_ladder.opb.xz,14
OPT-LIN/normalized-extraPB12/sroussel/benchsMusee/opb_Equals1_cod2_ladder/normalized-BA_RDC4.dot_fibo_50null50mast_rapportOE1.0_TMAX60_K67_cod2_pbEq1_newVersion_ladder.opb.xz,14
OPT-LIN/normalized-extraPB12/sroussel/benchsMusee/opb_Equals1_cod2_ladder/normalized-BA_RDC4.dot_fibo_50null50mast_rapportOE2.0_TMAX120_K67_cod2_pbEq1_newVersion_ladder.opb.xz,14
OPT-LIN/normalized-extraPB12/sroussel/benchsMusee/opb_Equals1_cod2_ladder/normalized-BA_RDC4.dot_fibo_50null50mast_rapportOE2.0_TMAX15_K67_cod2_pbEq1_newVersion_ladder.opb.xz,14
OPT-LIN/normalized-extraPB12/sroussel/benchsMusee/opb_Equals1_cod2_ladder/normalized-BA_RDC4.dot_fibo_50null50mast_rapportOE2.0_TMAX180_K67_cod2_pbEq1_newVersion_ladder.opb.xz,14
OPT-LIN/normalized-extraPB12/sroussel/benchsMusee/opb_Equals1_cod2_ladder/normalized-BA_RDC4.dot_fibo_50null50mast_rapportOE2.0_TMAX300_K67_cod2_pbEq1_newVersion_ladder.opb.xz,14
OPT-LIN/normalized-extraPB12/sroussel/benchsMusee/opb_Equals1_cod2_ladder/normalized-BA_RDC4.dot_fibo_50null50mast_rapportOE2.0_TMAX60_K67_cod2_pbEq1_newVersion_ladder.opb.xz,14
OPT-LIN/normalized-extraPB12/sroussel/benchsMusee/opb_Equals1_cod2_ladder/normalized-BA_RDC4.dot_luby_0null0mast_rapportOE1.0_TMAX120_K67_cod2_pbEq1_newVersion_ladder.opb.xz,14
OPT-LIN/normalized-extraPB12/sroussel/benchsMusee/opb_Equals1_cod2_ladder/normalized-BA_RDC4.dot_luby_0null0mast_rapportOE1.0_TMAX15_K67_cod2_pbEq1_newVersion_ladder.opb.xz,14
OPT-LIN/normalized-extraPB12/sroussel/benchsMusee/opb_Equals1_cod2_ladder/normalized-BA_RDC4.dot_luby_0null0mast_rapportOE1.0_TMAX180_K67_cod2_pbEq1_newVersion_ladder.opb.xz,14
OPT-LIN/normalized-extraPB12/sroussel/benchsMusee/opb_Equals1_cod2_ladder/normalized-BA_RDC4.dot_luby_0null0mast_rapportOE1.0_TMAX300_K67_cod2_pbEq1_newVersion_ladder.opb.xz,14
OPT-LIN/normalized-extraPB12/sroussel/benchsMusee/opb_Equals1_cod2_ladder/normalized-BA_RDC4.dot_luby_0null0mast_rapportOE1.0_TMAX60_K67_cod2_pbEq1_newVersion_ladder.opb.xz,14
OPT-LIN/normalized-extraPB12/sroussel/benchsMusee/opb_Equals1_cod2_ladder/normalized-BA_RDC4.dot_luby_0null0mast_rapportOE2.0_TMAX120_K67_cod2_pbEq1_newVersion_ladder.opb.xz,14
OPT-LIN/normalized-extraPB12/sroussel/benchsMusee/opb_Equals1_cod2_ladder/normalized-BA_RDC4.dot_luby_0null0mast_rapportOE2.0_TMAX15_K67_cod2_pbEq1_newVersion_ladder.opb.xz,14
OPT-LIN/normalized-extraPB12/sroussel/benchsMusee/opb_Equals1_cod2_ladder/normalized-BA_RDC4.dot_luby_0null0mast_rapportOE2.0_TMAX180_K67_cod2_pbEq1_newVersion_ladder.opb.xz,14
OPT-LIN/normalized-extraPB12/sroussel/benchsMusee/opb_Equals1_cod2_ladder/normalized-BA_RDC4.dot_luby_0null0mast_rapportOE2.0_TMAX300_K67_cod2_pbEq1_newVersion_ladder.opb.xz,14
OPT-LIN/normalized-extraPB12/sroussel/benchsMusee/opb_Equals1_cod2_ladder/normalized-BA_RDC4.dot_luby_0null0mast_rapportOE2.0_TMAX60_K67_cod2_pbEq1_newVersion_ladder.opb.xz,14
OPT-LIN/normalized-extraPB12/sroussel/benchsMusee/opb_Equals1_cod2_ladder/normalized-BA_RDC4.dot_luby_0null10mast_rapportOE1.0_TMAX120_K67_cod2_pbEq1_newVersion_ladder.opb.xz,14
OPT-LIN/normalized-extraPB12/sroussel/benchsMusee/opb_Equals1_cod2_ladder/normalized-BA_RDC4.dot_luby_0null10mast_rapportOE1.0_TMAX15_K67_cod2_pbEq1_newVersion_ladder.opb.xz,14
OPT-LIN/normalized-extraPB12/sroussel/benchsMusee/opb_Equals1_cod2_ladder/normalized-BA_RDC4.dot_luby_0null10mast_rapportOE1.0_TMAX180_K67_cod2_pbEq1_newVersion_ladder.opb.xz,14
OPT-LIN/normalized-extraPB12/sroussel/benchsMusee/opb_Equals1_cod2_ladder/normalized-BA_RDC4.dot_luby_0null10mast_rapportOE1.0_TMAX300_K67_cod2_pbEq1_newVersion_ladder.opb.xz,14
OPT-LIN/normalized-extraPB12/sroussel/benchsMusee/opb_Equals1_cod2_ladder/normalized-BA_RDC4.dot_luby_0null10mast_rapportOE1.0_TMAX60_K67_cod2_pbEq1_newVersion_ladder.opb.xz,14
OPT-LIN/normalized-extraPB12/sroussel/benchsMusee/opb_Equals1_cod2_ladder/normalized-BA_RDC4.dot_luby_0null10mast_rapportOE2.0_TMAX120_K67_cod2_pbEq1_newVersion_ladder.opb.xz,14
OPT-LIN/normalized-extraPB12/sroussel/benchsMusee/opb_Equals1_cod2_ladder/normalized-BA_RDC4.dot_luby_0null10mast_rapportOE2.0_TMAX15_K67_cod2_pbEq1_newVersion_ladder.opb.xz,14
OPT-LIN/normalized-extraPB12/sroussel/benchsMusee/opb_Equals1_cod2_ladder/normalized-BA_RDC4.dot_luby_0null10mast_rapportOE2.0_TMAX180_K67_cod2_pbEq1_newVersion_ladder.opb.xz,14
OPT-LIN/normalized-extraPB12/sroussel/benchsMusee/opb_Equals1_cod2_ladder/normalized-BA_RDC4.dot_luby_0null10mast_rapportOE2.0_TMAX300_K67_cod2_pbEq1_newVersion_ladder.opb.xz,14
OPT-LIN/normalized-extraPB12/sroussel/benchsMusee/opb_Equals1_cod2_ladder/normalized-BA_RDC4.dot_luby_0null10mast_rapportOE2.0_TMAX60_K67_cod2_pbEq1_newVersion_ladder.opb.xz,14
OPT-LIN/normalized-extraPB12/sroussel/benchsMusee/opb_Equals1_cod2_ladder/normalized-BA_RDC4.dot_luby_0null20mast_rapportOE1.0_TMAX120_K67_cod2_pbEq1_newVersion_ladder.opb.xz,15
OPT-LIN/normalized-extraPB12/sroussel/benchsMusee/opb_Equals1_cod2_ladder/normalized-BA_RDC4.dot_luby_0null20mast_rapportOE1.0_TMAX15_K67_cod2_pbEq1_newVersion_ladder.opb.xz,15
OPT-LIN/normalized-extraPB12/sroussel/benchsMusee/opb_Equals1_cod2_ladder/normalized-BA_RDC4.dot_luby_0null20mast_rapportOE1.0_TMAX180_K67_cod2_pbEq1_newVersion_ladder.opb.xz,15
OPT-LIN/normalized-extraPB12/sroussel/benchsMusee/opb_Equals1_cod2_ladder/normalized-BA_RDC4.dot_luby_0null20mast_rapportOE1.0_TMAX300_K67_cod2_pbEq1_newVersion_ladder.opb.xz,15
OPT-LIN/normalized-extraPB12/sroussel/benchsMusee/opb_Equals1_cod2_ladder/normalized-BA_RDC4.dot_luby_0null20mast_rapportOE1.0_TMAX60_K67_cod2_pbEq1_newVersion_ladder.opb.xz,15
OPT-LIN/normalized-extraPB12/sroussel/benchsMusee/opb_Equals1_cod2_ladder/normalized-BA_RDC4.dot_luby_0null20mast_rapportOE2.0_TMAX120_K67_cod2_pbEq1_newVersion_ladder.opb.xz,15
OPT-LIN/normalized-extraPB12/sroussel/benchsMusee/opb_Equals1_cod2_ladder/normalized-BA_RDC4.dot_luby_0null20mast_rapportOE2.0_TMAX15_K67_cod2_pbEq1_newVersion_ladder.opb.xz,15
OPT-LIN/normalized-extraPB12/sroussel/benchsMusee/opb_Equals1_cod2_ladder/normalized-BA_RDC4.dot_luby_0null20mast_rapportOE2.0_TMAX180_K67_cod2_pbEq1_newVersion_ladder.opb.xz,15
OPT-LIN/normalized-extraPB12/sroussel/benchsMusee/opb_Equals1_cod2_ladder/normalized-BA_RDC4.dot_luby_0null20mast_rapportOE2.0_TMAX300_K67_cod2_pbEq1_newVersion_ladder.opb.xz,15
OPT-LIN/normalized-extraPB12/sroussel/benchsMusee/opb_Equals1_cod2_ladder/normalized-BA_RDC4.dot_luby_0null20mast_rapportOE2.0_TMAX60_K67_cod2_pbEq1_newVersion_ladder.opb.xz,15
OPT-LIN/normalized-extraPB12/sroussel/benchsMusee/opb_Equals1_cod2_ladder/normalized-BA_RDC4.dot_luby_0null50mast_rapportOE1.0_TMAX120_K67_cod2_pbEq1_newVersion_ladder.opb.xz,16
OPT-LIN/normalized-extraPB12/sroussel/benchsMusee/opb_Equals1_cod2_ladder/normalized-BA_RDC4.dot_luby_0null50mast_rapportOE1.0_TMAX15_K67_cod2_pbEq1_newVersion_ladder.opb.xz,16
OPT-LIN/normalized-extraPB12/sroussel/benchsMusee/opb_Equals1_cod2_ladder/normalized-BA_RDC4.dot_luby_0null50mast_rapportOE1.0_TMAX180_K67_cod2_pbEq1_newVersion_ladder.opb.xz,16
OPT-LIN/normalized-extraPB12/sroussel/benchsMusee/opb_Equals1_cod2_ladder/normalized-BA_RDC4.dot_luby_0null50mast_rapportOE1.0_TMAX300_K67_cod2_pbEq1_newVersion_ladder.opb.xz,16
OPT-LIN/normalized-extraPB12/sroussel/benchsMusee/opb_Equals1_cod2_ladder/normalized-BA_RDC4.dot_luby_0null50mast_rapportOE1.0_TMAX60_K67_cod2_pbEq1_newVersion_ladder.opb.xz,16
OPT-LIN/normalized-extraPB12/sroussel/benchsMusee/opb_Equals1_cod2_ladder/normalized-BA_RDC4.dot_luby_0null50mast_rapportOE2.0_TMAX120_K67_cod2_pbEq1_newVersion_ladder.opb.xz,16
OPT-LIN/normalized-extraPB12/sroussel/benchsMusee/opb_Equals1_cod2_ladder/normalized-BA_RDC4.dot_luby_0null50mast_rapportOE2.0_TMAX15_K67_cod2_pbEq1_newVersion_ladder.opb.xz,16
OPT-LIN/normalized-extraPB12/sroussel/benchsMusee/opb_Equals1_cod2_ladder/normalized-BA_RDC4.dot_luby_0null50mast_rapportOE2.0_TMAX180_K67_cod2_pbEq1_newVersion_ladder.opb.xz,16
OPT-LIN/normalized-extraPB12/sroussel/benchsMusee/opb_Equals1_cod2_ladder/normalized-BA_RDC4.dot_luby_0null50mast_rapportOE2.0_TMAX300_K67_cod2_pbEq1_newVersion_ladder.opb.xz,16
OPT-LIN/normalized-extraPB12/sroussel/benchsMusee/opb_Equals1_cod2_ladder/normalized-BA_RDC4.dot_luby_0null50mast_rapportOE2.0_TMAX60_K67_cod2_pbEq1_newVersion_ladder.opb.xz,16
OPT-LIN/normalized-extraPB12/sroussel/benchsMusee/opb_Equals1_cod2_ladder/normalized-BA_RDC4.dot_luby_10null0mast_rapportOE1.0_TMAX120_K67_cod2_pbEq1_newVersion_ladder.opb.xz,14
OPT-LIN/normalized-extraPB12/sroussel/benchsMusee/opb_Equals1_cod2_ladder/normalized-BA_RDC4.dot_luby_10null0mast_rapportOE1.0_TMAX15_K67_cod2_pbEq1_newVersion_ladder.opb.xz,14
OPT-LIN/normalized-extraPB12/sroussel/benchsMusee/opb_Equals1_cod2_ladder/normalized-BA_RDC4.dot_luby_10null0mast_rapportOE1.0_TMAX180_K67_cod2_pbEq1_newVersion_ladder.opb.xz,14
OPT-LIN/normalized-extraPB12/sroussel/benchsMusee/opb_Equals1_cod2_ladder/normalized-BA_RDC4.dot_luby_10null0mast_rapportOE1.0_TMAX300_K67_cod2_pbEq1_newVersion_ladder.opb.xz,14
OPT-LIN/normalized-extraPB12/sroussel/benchsMusee/opb_Equals1_cod2_ladder/normalized-BA_RDC4.dot_luby_10null0mast_rapportOE1.0_TMAX60_K67_cod2_pbEq1_newVersion_ladder.opb.xz,14
OPT-LIN/normalized-extraPB12/sroussel/benchsMusee/opb_Equals1_cod2_ladder/normalized-BA_RDC4.dot_luby_10null0mast_rapportOE2.0_TMAX120_K67_cod2_pbEq1_newVersion_ladder.opb.xz,14
OPT-LIN/normalized-extraPB12/sroussel/benchsMusee/opb_Equals1_cod2_ladder/normalized-BA_RDC4.dot_luby_10null0mast_rapportOE2.0_TMAX15_K67_cod2_pbEq1_newVersion_ladder.opb.xz,14
OPT-LIN/normalized-extraPB12/sroussel/benchsMusee/opb_Equals1_cod2_ladder/normalized-BA_RDC4.dot_luby_10null0mast_rapportOE2.0_TMAX180_K67_cod2_pbEq1_newVersion_ladder.opb.xz,14
OPT-LIN/normalized-extraPB12/sroussel/benchsMusee/opb_Equals1_cod2_ladder/normalized-BA_RDC4.dot_luby_10null0mast_rapportOE2.0_TMAX300_K67_cod2_pbEq1_newVersion_ladder.opb.xz,14
OPT-LIN/normalized-extraPB12/sroussel/benchsMusee/opb_Equals1_cod2_ladder/normalized-BA_RDC4.dot_luby_10null0mast_rapportOE2.0_TMAX60_K67_cod2_pbEq1_newVersion_ladder.opb.xz,14
OPT-LIN/normalized-extraPB12/sroussel/benchsMusee/opb_Equals1_cod2_ladder/normalized-BA_RDC4.dot_luby_10null10mast_rapportOE1.0_TMAX120_K67_cod2_pbEq1_newVersion_ladder.opb.xz,14
OPT-LIN/normalized-extraPB12/sroussel/benchsMusee/opb_Equals1_cod2_ladder/normalized-BA_RDC4.dot_luby_10null10mast_rapportOE1.0_TMAX15_K67_cod2_pbEq1_newVersion_ladder.opb.xz,14
OPT-LIN/normalized-extraPB12/sroussel/benchsMusee/opb_Equals1_cod2_ladder/normalized-BA_RDC4.dot_luby_10null10mast_rapportOE1.0_TMAX180_K67_cod2_pbEq1_newVersion_ladder.opb.xz,14
OPT-LIN/normalized-extraPB12/sroussel/benchsMusee/opb_Equals1_cod2_ladder/normalized-BA_RDC4.dot_luby_10null10mast_rapportOE1.0_TMAX300_K67_cod2_pbEq1_newVersion_ladder.opb.xz,14
OPT-LIN/normalized-extraPB12/sroussel/benchsMusee/opb_Equals1_cod2_ladder/normalized-BA_RDC4.dot_luby_10null10mast_rapportOE1.0_TMAX60_K67_cod2_pbEq1_newVersion_ladder.opb.xz,14
OPT-LIN/normalized-extraPB12/sroussel/benchsMusee/opb_Equals1_cod2_ladder/normalized-BA_RDC4.dot_luby_10null10mast_rapportOE2.0_TMAX120_K67_cod2_pbEq1_newVersion_ladder.opb.xz,14
OPT-LIN/normalized-extraPB12/sroussel/benchsMusee/opb_Equals1_cod2_ladder/normalized-BA_RDC4.dot_luby_10null10mast_rapportOE2.0_TMAX15_K67_cod2_pbEq1_newVersion_ladder.opb.xz,14
OPT-LIN/normalized-extraPB12/sroussel/benchsMusee/opb_Equals1_cod2_ladder/normalized-BA_RDC4.dot_luby_10null10mast_rapportOE2.0_TMAX180_K67_cod2_pbEq1_newVersion_ladder.opb.xz,14
OPT-LIN/normalized-extraPB12/sroussel/benchsMusee/opb_Equals1_cod2_ladder/normalized-BA_RDC4.dot_luby_10null10mast_rapportOE2.0_TMAX300_K67_cod2_pbEq1_newVersion_ladder.opb.xz,14
OPT-LIN/normalized-extraPB12/sroussel/benchsMusee/opb_Equals1_cod2_ladder/normalized-BA_RDC4.dot_luby_10null10mast_rapportOE2.0_TMAX60_K67_cod2_pbEq1_newVersion_ladder.opb.xz,14
OPT-LIN/normalized-extraPB12/sroussel/benchsMusee/opb_Equals1_cod2_ladder/normalized-BA_RDC4.dot_luby_10null20mast_rapportOE1.0_TMAX120_K67_cod2_pbEq1_newVersion_ladder.opb.xz,15
OPT-LIN/normalized-extraPB12/sroussel/benchsMusee/opb_Equals1_cod2_ladder/normalized-BA_RDC4.dot_luby_10null20mast_rapportOE1.0_TMAX15_K67_cod2_pbEq1_newVersion_ladder.opb.xz,15
OPT-LIN/normalized-extraPB12/sroussel/benchsMusee/opb_Equals1_cod2_ladder/normalized-BA_RDC4.dot_luby_10null20mast_rapportOE1.0_TMAX180_K67_cod2_pbEq1_newVersion_ladder.opb.xz,15
OPT-LIN/normalized-extraPB12/sroussel/benchsMusee/opb_Equals1_cod2_ladder/normalized-BA_RDC4.dot_luby_10null20mast_rapportOE1.0_TMAX300_K67_cod2_pbEq1_newVersion_ladder.opb.xz,15
OPT-LIN/normalized-extraPB12/sroussel/benchsMusee/opb_Equals1_cod2_ladder/normalized-BA_RDC4.dot_luby_10null20mast_rapportOE1.0_TMAX60_K67_cod2_pbEq1_newVersion_ladder.opb.xz,15
OPT-LIN/normalized-extraPB12/sroussel/benchsMusee/opb_Equals1_cod2_ladder/normalized-BA_RDC4.dot_luby_10null20mast_rapportOE2.0_TMAX120_K67_cod2_pbEq1_newVersion_ladder.opb.xz,15
OPT-LIN/normalized-extraPB12/sroussel/benchsMusee/opb_Equals1_cod2_ladder/normalized-BA_RDC4.dot_luby_10null20mast_rapportOE2.0_TMAX15_K67_cod2_pbEq1_newVersion_ladder.opb.xz,15
OPT-LIN/normalized-extraPB12/sroussel/benchsMusee/opb_Equals1_cod2_ladder/normalized-BA_RDC4.dot_luby_10null20mast_rapportOE2.0_TMAX180_K67_cod2_pbEq1_newVersion_ladder.opb.xz,15
OPT-LIN/normalized-extraPB12/sroussel/benchsMusee/opb_Equals1_cod2_ladder/normalized-BA_RDC4.dot_luby_10null20mast_rapportOE2.0_TMAX300_K67_cod2_pbEq1_newVersion_ladder.opb.xz,15
OPT-LIN/normalized-extraPB12/sroussel/benchsMusee/opb_Equals1_cod2_ladder/normalized-BA_RDC4.dot_luby_10null20mast_rapportOE2.0_TMAX60_K67_cod2_pbEq1_newVersion_ladder.opb.xz,15
OPT-LIN/normalized-extraPB12/sroussel/benchsMusee/opb_Equals1_cod2_ladder/normalized-BA_RDC4.dot_luby_10null50mast_rapportOE1.0_TMAX120_K67_cod2_pbEq1_newVersion_ladder.opb.xz,16
OPT-LIN/normalized-extraPB12/sroussel/benchsMusee/opb_Equals1_cod2_ladder/normalized-BA_RDC4.dot_luby_10null50mast_rapportOE1.0_TMAX15_K67_cod2_pbEq1_newVersion_ladder.opb.xz,16
OPT-LIN/normalized-extraPB12/sroussel/benchsMusee/opb_Equals1_cod2_ladder/normalized-BA_RDC4.dot_luby_10null50mast_rapportOE1.0_TMAX180_K67_cod2_pbEq1_newVersion_ladder.opb.xz,16
OPT-LIN/normalized-extraPB12/sroussel/benchsMusee/opb_Equals1_cod2_ladder/normalized-BA_RDC4.dot_luby_10null50mast_rapportOE1.0_TMAX300_K67_cod2_pbEq1_newVersion_ladder.opb.xz,16
OPT-LIN/normalized-extraPB12/sroussel/benchsMusee/opb_Equals1_cod2_ladder/normalized-BA_RDC4.dot_luby_10null50mast_rapportOE1.0_TMAX60_K67_cod2_pbEq1_newVersion_ladder.opb.xz,16
OPT-LIN/normalized-extraPB12/sroussel/benchsMusee/opb_Equals1_cod2_ladder/normalized-BA_RDC4.dot_luby_10null50mast_rapportOE2.0_TMAX120_K67_cod2_pbEq1_newVersion_ladder.opb.xz,16
OPT-LIN/normalized-extraPB12/sroussel/benchsMusee/opb_Equals1_cod2_ladder/normalized-BA_RDC4.dot_luby_10null50mast_rapportOE2.0_TMAX15_K67_cod2_pbEq1_newVersion_ladder.opb.xz,16
OPT-LIN/normalized-extraPB12/sroussel/benchsMusee/opb_Equals1_cod2_ladder/normalized-BA_RDC4.dot_luby_10null50mast_rapportOE2.0_TMAX180_K67_cod2_pbEq1_newVersion_ladder.opb.xz,16
OPT-LIN/normalized-extraPB12/sroussel/benchsMusee/opb_Equals1_cod2_ladder/normalized-BA_RDC4.dot_luby_10null50mast_rapportOE2.0_TMAX300_K67_cod2_pbEq1_newVersion_ladder.opb.xz,16
OPT-LIN/normalized-extraPB12/sroussel/benchsMusee/opb_Equals1_cod2_ladder/normalized-BA_RDC4.dot_luby_10null50mast_rapportOE2.0_TMAX60_K67_cod2_pbEq1_newVersion_ladder.opb.xz,16
OPT-LIN/normalized-extraPB12/sroussel/benchsMusee/opb_Equals1_cod2_ladder/normalized-BA_RDC4.dot_luby_20null0mast_rapportOE1.0_TMAX120_K67_cod2_pbEq1_newVersion_ladder.opb.xz,14
OPT-LIN/normalized-extraPB12/sroussel/benchsMusee/opb_Equals1_cod2_ladder/normalized-BA_RDC4.dot_luby_20null0mast_rapportOE1.0_TMAX15_K67_cod2_pbEq1_newVersion_ladder.opb.xz,14
OPT-LIN/normalized-extraPB12/sroussel/benchsMusee/opb_Equals1_cod2_ladder/normalized-BA_RDC4.dot_luby_20null0mast_rapportOE1.0_TMAX180_K67_cod2_pbEq1_newVersion_ladder.opb.xz,14
OPT-LIN/normalized-extraPB12/sroussel/benchsMusee/opb_Equals1_cod2_ladder/normalized-BA_RDC4.dot_luby_20null0mast_rapportOE1.0_TMAX300_K67_cod2_pbEq1_newVersion_ladder.opb.xz,14
OPT-LIN/normalized-extraPB12/sroussel/benchsMusee/opb_Equals1_cod2_ladder/normalized-BA_RDC4.dot_luby_20null0mast_rapportOE1.0_TMAX60_K67_cod2_pbEq1_newVersion_ladder.opb.xz,14
OPT-LIN/normalized-extraPB12/sroussel/benchsMusee/opb_Equals1_cod2_ladder/normalized-BA_RDC4.dot_luby_20null0mast_rapportOE2.0_TMAX120_K67_cod2_pbEq1_newVersion_ladder.opb.xz,14
OPT-LIN/normalized-extraPB12/sroussel/benchsMusee/opb_Equals1_cod2_ladder/normalized-BA_RDC4.dot_luby_20null0mast_rapportOE2.0_TMAX15_K67_cod2_pbEq1_newVersion_ladder.opb.xz,14
OPT-LIN/normalized-extraPB12/sroussel/benchsMusee/opb_Equals1_cod2_ladder/normalized-BA_RDC4.dot_luby_20null0mast_rapportOE2.0_TMAX180_K67_cod2_pbEq1_newVersion_ladder.opb.xz,14
OPT-LIN/normalized-extraPB12/sroussel/benchsMusee/opb_Equals1_cod2_ladder/normalized-BA_RDC4.dot_luby_20null0mast_rapportOE2.0_TMAX300_K67_cod2_pbEq1_newVersion_ladder.opb.xz,14
OPT-LIN/normalized-extraPB12/sroussel/benchsMusee/opb_Equals1_cod2_ladder/normalized-BA_RDC4.dot_luby_20null0mast_rapportOE2.0_TMAX60_K67_cod2_pbEq1_newVersion_ladder.opb.xz,14
OPT-LIN/normalized-extraPB12/sroussel/benchsMusee/opb_Equals1_cod2_ladder/normalized-BA_RDC4.dot_luby_20null10mast_rapportOE1.0_TMAX120_K67_cod2_pbEq1_newVersion_ladder.opb.xz,14
OPT-LIN/normalized-extraPB12/sroussel/benchsMusee/opb_Equals1_cod2_ladder/normalized-BA_RDC4.dot_luby_20null10mast_rapportOE1.0_TMAX15_K67_cod2_pbEq1_newVersion_ladder.opb.xz,14
OPT-LIN/normalized-extraPB12/sroussel/benchsMusee/opb_Equals1_cod2_ladder/normalized-BA_RDC4.dot_luby_20null10mast_rapportOE1.0_TMAX180_K67_cod2_pbEq1_newVersion_ladder.opb.xz,14
OPT-LIN/normalized-extraPB12/sroussel/benchsMusee/opb_Equals1_cod2_ladder/normalized-BA_RDC4.dot_luby_20null10mast_rapportOE1.0_TMAX300_K67_cod2_pbEq1_newVersion_ladder.opb.xz,14
OPT-LIN/normalized-extraPB12/sroussel/benchsMusee/opb_Equals1_cod2_ladder/normalized-BA_RDC4.dot_luby_20null10mast_rapportOE1.0_TMAX60_K67_cod2_pbEq1_newVersion_ladder.opb.xz,14
OPT-LIN/normalized-extraPB12/sroussel/benchsMusee/opb_Equals1_cod2_ladder/normalized-BA_RDC4.dot_luby_20null10mast_rapportOE2.0_TMAX120_K67_cod2_pbEq1_newVersion_ladder.opb.xz,14
OPT-LIN/normalized-extraPB12/sroussel/benchsMusee/opb_Equals1_cod2_ladder/normalized-BA_RDC4.dot_luby_20null10mast_rapportOE2.0_TMAX15_K67_cod2_pbEq1_newVersion_ladder.opb.xz,14
OPT-LIN/normalized-extraPB12/sroussel/benchsMusee/opb_Equals1_cod2_ladder/normalized-BA_RDC4.dot_luby_20null10mast_rapportOE2.0_TMAX180_K67_cod2_pbEq1_newVersion_ladder.opb.xz,14
OPT-LIN/normalized-extraPB12/sroussel/benchsMusee/opb_Equals1_cod2_ladder/normalized-BA_RDC4.dot_luby_20null10mast_rapportOE2.0_TMAX300_K67_cod2_pbEq1_newVersion_ladder.opb.xz,14
OPT-LIN/normalized-extraPB12/sroussel/benchsMusee/opb_Equals1_cod2_ladder/normalized-BA_RDC4.dot_luby_20null10mast_rapportOE2.0_TMAX60_K67_cod2_pbEq1_newVersion_ladder.opb.xz,14
OPT-LIN/normalized-extraPB12/sroussel/benchsMusee/opb_Equals1_cod2_ladder/normalized-BA_RDC4.dot_luby_20null20mast_rapportOE1.0_TMAX120_K67_cod2_pbEq1_newVersion_ladder.opb.xz,15
OPT-LIN/normalized-extraPB12/sroussel/benchsMusee/opb_Equals1_cod2_ladder/normalized-BA_RDC4.dot_luby_20null20mast_rapportOE1.0_TMAX15_K67_cod2_pbEq1_newVersion_ladder.opb.xz,15
OPT-LIN/normalized-extraPB12/sroussel/benchsMusee/opb_Equals1_cod2_ladder/normalized-BA_RDC4.dot_luby_20null20mast_rapportOE1.0_TMAX180_K67_cod2_pbEq1_newVersion_ladder.opb.xz,15
OPT-LIN/normalized-extraPB12/sroussel/benchsMusee/opb_Equals1_cod2_ladder/normalized-BA_RDC4.dot_luby_20null20mast_rapportOE1.0_TMAX300_K67_cod2_pbEq1_newVersion_ladder.opb.xz,15
OPT-LIN/normalized-extraPB12/sroussel/benchsMusee/opb_Equals1_cod2_ladder/normalized-BA_RDC4.dot_luby_20null20mast_rapportOE1.0_TMAX60_K67_cod2_pbEq1_newVersion_ladder.opb.xz,15
OPT-LIN/normalized-extraPB12/sroussel/benchsMusee/opb_Equals1_cod2_ladder/normalized-BA_RDC4.dot_luby_20null20mast_rapportOE2.0_TMAX120_K67_cod2_pbEq1_newVersion_ladder.opb.xz,15
OPT-LIN/normalized-extraPB12/sroussel/benchsMusee/opb_Equals1_cod2_ladder/normalized-BA_RDC4.dot_luby_20null20mast_rapportOE2.0_TMAX15_K67_cod2_pbEq1_newVersion_ladder.opb.xz,15
OPT-LIN/normalized-extraPB12/sroussel/benchsMusee/opb_Equals1_cod2_ladder/normalized-BA_RDC4.dot_luby_20null20mast_rapportOE2.0_TMAX180_K67_cod2_pbEq1_newVersion_ladder.opb.xz,15
OPT-LIN/normalized-extraPB12/sroussel/benchsMusee/opb_Equals1_cod2_ladder/normalized-BA_RDC4.dot_luby_20null20mast_rapportOE2.0_TMAX300_K67_cod2_pbEq1_newVersion_ladder.opb.xz,15
OPT-LIN/normalized-extraPB12/sroussel/benchsMusee/opb_Equals1_cod2_ladder/normalized-BA_RDC4.dot_luby_20null20mast_rapportOE2.0_TMAX60_K67_cod2_pbEq1_newVersion_ladder.opb.xz,15
OPT-LIN/normalized-extraPB12/sroussel/benchsMusee/opb_Equals1_cod2_ladder/normalized-BA_RDC4.dot_luby_20null50mast_rapportOE1.0_TMAX120_K67_cod2_pbEq1_newVersion_ladder.opb.xz,16
OPT-LIN/normalized-extraPB12/sroussel/benchsMusee/opb_Equals1_cod2_ladder/normalized-BA_RDC4.dot_luby_20null50mast_rapportOE1.0_TMAX15_K67_cod2_pbEq1_newVersion_ladder.opb.xz,16
OPT-LIN/normalized-extraPB12/sroussel/benchsMusee/opb_Equals1_cod2_ladder/normalized-BA_RDC4.dot_luby_20null50mast_rapportOE1.0_TMAX180_K67_cod2_pbEq1_newVersion_ladder.opb.xz,16
OPT-LIN/normalized-extraPB12/sroussel/benchsMusee/opb_Equals1_cod2_ladder/normalized-BA_RDC4.dot_luby_20null50mast_rapportOE1.0_TMAX300_K67_cod2_pbEq1_newVersion_ladder.opb.xz,16
OPT-LIN/normalized-extraPB12/sroussel/benchsMusee/opb_Equals1_cod2_ladder/normalized-BA_RDC4.dot_luby_20null50mast_rapportOE1.0_TMAX60_K67_cod2_pbEq1_newVersion_ladder.opb.xz,16
OPT-LIN/normalized-extraPB12/sroussel/benchsMusee/opb_Equals1_cod2_ladder/normalized-BA_RDC4.dot_luby_20null50mast_rapportOE2.0_TMAX120_K67_cod2_pbEq1_newVersion_ladder.opb.xz,16
OPT-LIN/normalized-extraPB12/sroussel/benchsMusee/opb_Equals1_cod2_ladder/normalized-BA_RDC4.dot_luby_20null50mast_rapportOE2.0_TMAX15_K67_cod2_pbEq1_newVersion_ladder.opb.xz,16
OPT-LIN/normalized-extraPB12/sroussel/benchsMusee/opb_Equals1_cod2_ladder/normalized-BA_RDC4.dot_luby_20null50mast_rapportOE2.0_TMAX180_K67_cod2_pbEq1_newVersion_ladder.opb.xz,16
OPT-LIN/normalized-extraPB12/sroussel/benchsMusee/opb_Equals1_cod2_ladder/normalized-BA_RDC4.dot_luby_20null50mast_rapportOE2.0_TMAX300_K67_cod2_pbEq1_newVersion_ladder.opb.xz,16
OPT-LIN/normalized-extraPB12/sroussel/benchsMusee/opb_Equals1_cod2_ladder/normalized-BA_RDC4.dot_luby_20null50mast_rapportOE2.0_TMAX60_K67_cod2_pbEq1_newVersion_ladder.opb.xz,16
OPT-LIN/normalized-extraPB12/sroussel/benchsMusee/opb_Equals1_cod2_ladder/normalized-BA_RDC4.dot_luby_50null0mast_rapportOE1.0_TMAX120_K67_cod2_pbEq1_newVersion_ladder.opb.xz,14
OPT-LIN/normalized-extraPB12/sroussel/benchsMusee/opb_Equals1_cod2_ladder/normalized-BA_RDC4.dot_luby_50null0mast_rapportOE1.0_TMAX15_K67_cod2_pbEq1_newVersion_ladder.opb.xz,14
OPT-LIN/normalized-extraPB12/sroussel/benchsMusee/opb_Equals1_cod2_ladder/normalized-BA_RDC4.dot_luby_50null0mast_rapportOE1.0_TMAX180_K67_cod2_pbEq1_newVersion_ladder.opb.xz,14
OPT-LIN/normalized-extraPB12/sroussel/benchsMusee/opb_Equals1_cod2_ladder/normalized-BA_RDC4.dot_luby_50null0mast_rapportOE1.0_TMAX300_K67_cod2_pbEq1_newVersion_ladder.opb.xz,14
OPT-LIN/normalized-extraPB12/sroussel/benchsMusee/opb_Equals1_cod2_ladder/normalized-BA_RDC4.dot_luby_50null0mast_rapportOE1.0_TMAX60_K67_cod2_pbEq1_newVersion_ladder.opb.xz,14
OPT-LIN/normalized-extraPB12/sroussel/benchsMusee/opb_Equals1_cod2_ladder/normalized-BA_RDC4.dot_luby_50null0mast_rapportOE2.0_TMAX120_K67_cod2_pbEq1_newVersion_ladder.opb.xz,14
OPT-LIN/normalized-extraPB12/sroussel/benchsMusee/opb_Equals1_cod2_ladder/normalized-BA_RDC4.dot_luby_50null0mast_rapportOE2.0_TMAX15_K67_cod2_pbEq1_newVersion_ladder.opb.xz,14
OPT-LIN/normalized-extraPB12/sroussel/benchsMusee/opb_Equals1_cod2_ladder/normalized-BA_RDC4.dot_luby_50null0mast_rapportOE2.0_TMAX180_K67_cod2_pbEq1_newVersion_ladder.opb.xz,14
OPT-LIN/normalized-extraPB12/sroussel/benchsMusee/opb_Equals1_cod2_ladder/normalized-BA_RDC4.dot_luby_50null0mast_rapportOE2.0_TMAX300_K67_cod2_pbEq1_newVersion_ladder.opb.xz,14
OPT-LIN/normalized-extraPB12/sroussel/benchsMusee/opb_Equals1_cod2_ladder/normalized-BA_RDC4.dot_luby_50null0mast_rapportOE2.0_TMAX60_K67_cod2_pbEq1_newVersion_ladder.opb.xz,14
OPT-LIN/normalized-extraPB12/sroussel/benchsMusee/opb_Equals1_cod2_ladder/normalized-BA_RDC4.dot_luby_50null10mast_rapportOE1.0_TMAX120_K67_cod2_pbEq1_newVersion_ladder.opb.xz,14
OPT-LIN/normalized-extraPB12/sroussel/benchsMusee/opb_Equals1_cod2_ladder/normalized-BA_RDC4.dot_luby_50null10mast_rapportOE1.0_TMAX15_K67_cod2_pbEq1_newVersion_ladder.opb.xz,14
OPT-LIN/normalized-extraPB12/sroussel/benchsMusee/opb_Equals1_cod2_ladder/normalized-BA_RDC4.dot_luby_50null10mast_rapportOE1.0_TMAX180_K67_cod2_pbEq1_newVersion_ladder.opb.xz,14
OPT-LIN/normalized-extraPB12/sroussel/benchsMusee/opb_Equals1_cod2_ladder/normalized-BA_RDC4.dot_luby_50null10mast_rapportOE1.0_TMAX300_K67_cod2_pbEq1_newVersion_ladder.opb.xz,14
OPT-LIN/normalized-extraPB12/sroussel/benchsMusee/opb_Equals1_cod2_ladder/normalized-BA_RDC4.dot_luby_50null10mast_rapportOE1.0_TMAX60_K67_cod2_pbEq1_newVersion_ladder.opb.xz,14
OPT-LIN/normalized-extraPB12/sroussel/benchsMusee/opb_Equals1_cod2_ladder/normalized-BA_RDC4.dot_luby_50null10mast_rapportOE2.0_TMAX120_K67_cod2_pbEq1_newVersion_ladder.opb.xz,14
OPT-LIN/normalized-extraPB12/sroussel/benchsMusee/opb_Equals1_cod2_ladder/normalized-BA_RDC4.dot_luby_50null10mast_rapportOE2.0_TMAX15_K67_cod2_pbEq1_newVersion_ladder.opb.xz,14
OPT-LIN/normalized-extraPB12/sroussel/benchsMusee/opb_Equals1_cod2_ladder/normalized-BA_RDC4.dot_luby_50null10mast_rapportOE2.0_TMAX180_K67_cod2_pbEq1_newVersion_ladder.opb.xz,14
OPT-LIN/normalized-extraPB12/sroussel/benchsMusee/opb_Equals1_cod2_ladder/normalized-BA_RDC4.dot_luby_50null10mast_rapportOE2.0_TMAX300_K67_cod2_pbEq1_newVersion_ladder.opb.xz,14
OPT-LIN/normalized-extraPB12/sroussel/benchsMusee/opb_Equals1_cod2_ladder/normalized-BA_RDC4.dot_luby_50null10mast_rapportOE2.0_TMAX60_K67_cod2_pbEq1_newVersion_ladder.opb.xz,14
OPT-LIN/normalized-extraPB12/sroussel/benchsMusee/opb_Equals1_cod2_ladder/normalized-BA_RDC4.dot_luby_50null20mast_rapportOE1.0_TMAX120_K67_cod2_pbEq1_newVersion_ladder.opb.xz,15
OPT-LIN/normalized-extraPB12/sroussel/benchsMusee/opb_Equals1_cod2_ladder/normalized-BA_RDC4.dot_luby_50null20mast_rapportOE1.0_TMAX15_K67_cod2_pbEq1_newVersion_ladder.opb.xz,15
OPT-LIN/normalized-extraPB12/sroussel/benchsMusee/opb_Equals1_cod2_ladder/normalized-BA_RDC4.dot_luby_50null20mast_rapportOE1.0_TMAX180_K67_cod2_pbEq1_newVersion_ladder.opb.xz,15
OPT-LIN/normalized-extraPB12/sroussel/benchsMusee/opb_Equals1_cod2_ladder/normalized-BA_RDC4.dot_luby_50null20mast_rapportOE1.0_TMAX300_K67_cod2_pbEq1_newVersion_ladder.opb.xz,15
OPT-LIN/normalized-extraPB12/sroussel/benchsMusee/opb_Equals1_cod2_ladder/normalized-BA_RDC4.dot_luby_50null20mast_rapportOE1.0_TMAX60_K67_cod2_pbEq1_newVersion_ladder.opb.xz,15
OPT-LIN/normalized-extraPB12/sroussel/benchsMusee/opb_Equals1_cod2_ladder/normalized-BA_RDC4.dot_luby_50null20mast_rapportOE2.0_TMAX120_K67_cod2_pbEq1_newVersion_ladder.opb.xz,15
OPT-LIN/normalized-extraPB12/sroussel/benchsMusee/opb_Equals1_cod2_ladder/normalized-BA_RDC4.dot_luby_50null20mast_rapportOE2.0_TMAX15_K67_cod2_pbEq1_newVersion_ladder.opb.xz,15
OPT-LIN/normalized-extraPB12/sroussel/benchsMusee/opb_Equals1_cod2_ladder/normalized-BA_RDC4.dot_luby_50null20mast_rapportOE2.0_TMAX180_K67_cod2_pbEq1_newVersion_ladder.opb.xz,15
OPT-LIN/normalized-extraPB12/sroussel/benchsMusee/opb_Equals1_cod2_ladder/normalized-BA_RDC4.dot_luby_50null20mast_rapportOE2.0_TMAX300_K67_cod2_pbEq1_newVersion_ladder.opb.xz,15
OPT-LIN/normalized-extraPB12/sroussel/benchsMusee/opb_Equals1_cod2_ladder/normalized-BA_RDC4.dot_luby_50null20mast_rapportOE2.0_TMAX60_K67_cod2_pbEq1_newVersion_ladder.opb.xz,15
OPT-LIN/normalized-extraPB12/sroussel/benchsMusee/opb_Equals1_cod2_ladder/normalized-BA_RDC4.dot_luby_50null50mast_rapportOE1.0_TMAX120_K67_cod2_pbEq1_newVersion_ladder.opb.xz,14
OPT-LIN/normalized-extraPB12/sroussel/benchsMusee/opb_Equals1_cod2_ladder/normalized-BA_RDC4.dot_luby_50null50mast_rapportOE1.0_TMAX15_K67_cod2_pbEq1_newVersion_ladder.opb.xz,14
OPT-LIN/normalized-extraPB12/sroussel/benchsMusee/opb_Equals1_cod2_ladder/normalized-BA_RDC4.dot_luby_50null50mast_rapportOE1.0_TMAX180_K67_cod2_pbEq1_newVersion_ladder.opb.xz,14
OPT-LIN/normalized-extraPB12/sroussel/benchsMusee/opb_Equals1_cod2_ladder/normalized-BA_RDC4.dot_luby_50null50mast_rapportOE1.0_TMAX300_K67_cod2_pbEq1_newVersion_ladder.opb.xz,14
OPT-LIN/normalized-extraPB12/sroussel/benchsMusee/opb_Equals1_cod2_ladder/normalized-BA_RDC4.dot_luby_50null50mast_rapportOE1.0_TMAX60_K67_cod2_pbEq1_newVersion_ladder.opb.xz,14
OPT-LIN/normalized-extraPB12/sroussel/benchsMusee/opb_Equals1_cod2_ladder/normalized-BA_RDC4.dot_luby_50null50mast_rapportOE2.0_TMAX120_K67_cod2_pbEq1_newVersion_ladder.opb.xz,14
OPT-LIN/normalized-extraPB12/sroussel/benchsMusee/opb_Equals1_cod2_ladder/normalized-BA_RDC4.dot_luby_50null50mast_rapportOE2.0_TMAX15_K67_cod2_pbEq1_newVersion_ladder.opb.xz,14
OPT-LIN/normalized-extraPB12/sroussel/benchsMusee/opb_Equals1_cod2_ladder/normalized-BA_RDC4.dot_luby_50null50mast_rapportOE2.0_TMAX180_K67_cod2_pbEq1_newVersion_ladder.opb.xz,14
OPT-LIN/normalized-extraPB12/sroussel/benchsMusee/opb_Equals1_cod2_ladder/normalized-BA_RDC4.dot_luby_50null50mast_rapportOE2.0_TMAX300_K67_cod2_pbEq1_newVersion_ladder.opb.xz,14
OPT-LIN/normalized-extraPB12/sroussel/benchsMusee/opb_Equals1_cod2_ladder/normalized-BA_RDC4.dot_luby_50null50mast_rapportOE2.0_TMAX60_K67_cod2_pbEq1_newVersion_ladder.opb.xz,14
OPT-LIN/normalized-extraPB12/sroussel/benchsMusee/opb_Equals1_cod2_ladder/normalized-BA_RDC4.dot_unif_0null0mast_rapportOE1.0_TMAX120_K67_cod2_pbEq1_newVersion_ladder.opb.xz,18
OPT-LIN/normalized-extraPB12/sroussel/benchsMusee/opb_Equals1_cod2_ladder/normalized-BA_RDC4.dot_unif_0null0mast_rapportOE1.0_TMAX15_K67_cod2_pbEq1_newVersion_ladder.opb.xz,18
OPT-LIN/normalized-extraPB12/sroussel/benchsMusee/opb_Equals1_cod2_ladder/normalized-BA_RDC4.dot_unif_0null0mast_rapportOE1.0_TMAX180_K67_cod2_pbEq1_newVersion_ladder.opb.xz,18
OPT-LIN/normalized-extraPB12/sroussel/benchsMusee/opb_Equals1_cod2_ladder/normalized-BA_RDC4.dot_unif_0null0mast_rapportOE1.0_TMAX300_K67_cod2_pbEq1_newVersion_ladder.opb.xz,18
OPT-LIN/normalized-extraPB12/sroussel/benchsMusee/opb_Equals1_cod2_ladder/normalized-BA_RDC4.dot_unif_0null0mast_rapportOE1.0_TMAX60_K67_cod2_pbEq1_newVersion_ladder.opb.xz,18
OPT-LIN/normalized-extraPB12/sroussel/benchsMusee/opb_Equals1_cod2_ladder/normalized-BA_RDC4.dot_unif_0null0mast_rapportOE2.0_TMAX120_K67_cod2_pbEq1_newVersion_ladder.opb.xz,18
OPT-LIN/normalized-extraPB12/sroussel/benchsMusee/opb_Equals1_cod2_ladder/normalized-BA_RDC4.dot_unif_0null0mast_rapportOE2.0_TMAX15_K67_cod2_pbEq1_newVersion_ladder.opb.xz,18
OPT-LIN/normalized-extraPB12/sroussel/benchsMusee/opb_Equals1_cod2_ladder/normalized-BA_RDC4.dot_unif_0null0mast_rapportOE2.0_TMAX180_K67_cod2_pbEq1_newVersion_ladder.opb.xz,18
OPT-LIN/normalized-extraPB12/sroussel/benchsMusee/opb_Equals1_cod2_ladder/normalized-BA_RDC4.dot_unif_0null0mast_rapportOE2.0_TMAX300_K67_cod2_pbEq1_newVersion_ladder.opb.xz,18
OPT-LIN/normalized-extraPB12/sroussel/benchsMusee/opb_Equals1_cod2_ladder/normalized-BA_RDC4.dot_unif_0null0mast_rapportOE2.0_TMAX60_K67_cod2_pbEq1_newVersion_ladder.opb.xz,18
OPT-LIN/normalized-extraPB12/sroussel/benchsMusee/opb_Equals1_cod2_ladder/normalized-BA_RDC4.dot_unif_0null10mast_rapportOE1.0_TMAX120_K67_cod2_pbEq1_newVersion_ladder.opb.xz,19
OPT-LIN/normalized-extraPB12/sroussel/benchsMusee/opb_Equals1_cod2_ladder/normalized-BA_RDC4.dot_unif_0null10mast_rapportOE1.0_TMAX15_K67_cod2_pbEq1_newVersion_ladder.opb.xz,19
OPT-LIN/normalized-extraPB12/sroussel/benchsMusee/opb_Equals1_cod2_ladder/normalized-BA_RDC4.dot_unif_0null10mast_rapportOE1.0_TMAX180_K67_cod2_pbEq1_newVersion_ladder.opb.xz,19
OPT-LIN/normalized-extraPB12/sroussel/benchsMusee/opb_Equals1_cod2_ladder/normalized-BA_RDC4.dot_unif_0null10mast_rapportOE1.0_TMAX300_K67_cod2_pbEq1_newVersion_ladder.opb.xz,19
OPT-LIN/normalized-extraPB12/sroussel/benchsMusee/opb_Equals1_cod2_ladder/normalized-BA_RDC4.dot_unif_0null10mast_rapportOE1.0_TMAX60_K67_cod2_pbEq1_newVersion_ladder.opb.xz,19
OPT-LIN/normalized-extraPB12/sroussel/benchsMusee/opb_Equals1_cod2_ladder/normalized-BA_RDC4.dot_unif_0null10mast_rapportOE2.0_TMAX120_K67_cod2_pbEq1_newVersion_ladder.opb.xz,18
OPT-LIN/normalized-extraPB12/sroussel/benchsMusee/opb_Equals1_cod2_ladder/normalized-BA_RDC4.dot_unif_0null10mast_rapportOE2.0_TMAX15_K67_cod2_pbEq1_newVersion_ladder.opb.xz,19
OPT-LIN/normalized-extraPB12/sroussel/benchsMusee/opb_Equals1_cod2_ladder/normalized-BA_RDC4.dot_unif_0null10mast_rapportOE2.0_TMAX180_K67_cod2_pbEq1_newVersion_ladder.opb.xz,19
OPT-LIN/normalized-extraPB12/sroussel/benchsMusee/opb_Equals1_cod2_ladder/normalized-BA_RDC4.dot_unif_0null10mast_rapportOE2.0_TMAX300_K67_cod2_pbEq1_newVersion_ladder.opb.xz,19
OPT-LIN/normalized-extraPB12/sroussel/benchsMusee/opb_Equals1_cod2_ladder/normalized-BA_RDC4.dot_unif_0null10mast_rapportOE2.0_TMAX60_K67_cod2_pbEq1_newVersion_ladder.opb.xz,19
OPT-LIN/normalized-extraPB12/sroussel/benchsMusee/opb_Equals1_cod2_ladder/normalized-BA_RDC4.dot_unif_0null20mast_rapportOE1.0_TMAX120_K67_cod2_pbEq1_newVersion_ladder.opb.xz,19
OPT-LIN/normalized-extraPB12/sroussel/benchsMusee/opb_Equals1_cod2_ladder/normalized-BA_RDC4.dot_unif_0null20mast_rapportOE1.0_TMAX15_K67_cod2_pbEq1_newVersion_ladder.opb.xz,19
OPT-LIN/normalized-extraPB12/sroussel/benchsMusee/opb_Equals1_cod2_ladder/normalized-BA_RDC4.dot_unif_0null20mast_rapportOE1.0_TMAX180_K67_cod2_pbEq1_newVersion_ladder.opb.xz,19
OPT-LIN/normalized-extraPB12/sroussel/benchsMusee/opb_Equals1_cod2_ladder/normalized-BA_RDC4.dot_unif_0null20mast_rapportOE1.0_TMAX300_K67_cod2_pbEq1_newVersion_ladder.opb.xz,19
OPT-LIN/normalized-extraPB12/sroussel/benchsMusee/opb_Equals1_cod2_ladder/normalized-BA_RDC4.dot_unif_0null20mast_rapportOE1.0_TMAX60_K67_cod2_pbEq1_newVersion_ladder.opb.xz,19
OPT-LIN/normalized-extraPB12/sroussel/benchsMusee/opb_Equals1_cod2_ladder/normalized-BA_RDC4.dot_unif_0null20mast_rapportOE2.0_TMAX120_K67_cod2_pbEq1_newVersion_ladder.opb.xz,19
OPT-LIN/normalized-extraPB12/sroussel/benchsMusee/opb_Equals1_cod2_ladder/normalized-BA_RDC4.dot_unif_0null20mast_rapportOE2.0_TMAX15_K67_cod2_pbEq1_newVersion_ladder.opb.xz,19
OPT-LIN/normalized-extraPB12/sroussel/benchsMusee/opb_Equals1_cod2_ladder/normalized-BA_RDC4.dot_unif_0null20mast_rapportOE2.0_TMAX180_K67_cod2_pbEq1_newVersion_ladder.opb.xz,19
OPT-LIN/normalized-extraPB12/sroussel/benchsMusee/opb_Equals1_cod2_ladder/normalized-BA_RDC4.dot_unif_0null20mast_rapportOE2.0_TMAX300_K67_cod2_pbEq1_newVersion_ladder.opb.xz,19
OPT-LIN/normalized-extraPB12/sroussel/benchsMusee/opb_Equals1_cod2_ladder/normalized-BA_RDC4.dot_unif_0null20mast_rapportOE2.0_TMAX60_K67_cod2_pbEq1_newVersion_ladder.opb.xz,19
OPT-LIN/normalized-extraPB12/sroussel/benchsMusee/opb_Equals1_cod2_ladder/normalized-BA_RDC4.dot_unif_0null50mast_rapportOE1.0_TMAX120_K67_cod2_pbEq1_newVersion_ladder.opb.xz,19
OPT-LIN/normalized-extraPB12/sroussel/benchsMusee/opb_Equals1_cod2_ladder/normalized-BA_RDC4.dot_unif_0null50mast_rapportOE1.0_TMAX15_K67_cod2_pbEq1_newVersion_ladder.opb.xz,19
OPT-LIN/normalized-extraPB12/sroussel/benchsMusee/opb_Equals1_cod2_ladder/normalized-BA_RDC4.dot_unif_0null50mast_rapportOE1.0_TMAX180_K67_cod2_pbEq1_newVersion_ladder.opb.xz,19
OPT-LIN/normalized-extraPB12/sroussel/benchsMusee/opb_Equals1_cod2_ladder/normalized-BA_RDC4.dot_unif_0null50mast_rapportOE1.0_TMAX300_K67_cod2_pbEq1_newVersion_ladder.opb.xz,19
OPT-LIN/normalized-extraPB12/sroussel/benchsMusee/opb_Equals1_cod2_ladder/normalized-BA_RDC4.dot_unif_0null50mast_rapportOE1.0_TMAX60_K67_cod2_pbEq1_newVersion_ladder.opb.xz,19
OPT-LIN/normalized-extraPB12/sroussel/benchsMusee/opb_Equals1_cod2_ladder/normalized-BA_RDC4.dot_unif_0null50mast_rapportOE2.0_TMAX120_K67_cod2_pbEq1_newVersion_ladder.opb.xz,19
OPT-LIN/normalized-extraPB12/sroussel/benchsMusee/opb_Equals1_cod2_ladder/normalized-BA_RDC4.dot_unif_0null50mast_rapportOE2.0_TMAX15_K67_cod2_pbEq1_newVersion_ladder.opb.xz,19
OPT-LIN/normalized-extraPB12/sroussel/benchsMusee/opb_Equals1_cod2_ladder/normalized-BA_RDC4.dot_unif_0null50mast_rapportOE2.0_TMAX180_K67_cod2_pbEq1_newVersion_ladder.opb.xz,19
OPT-LIN/normalized-extraPB12/sroussel/benchsMusee/opb_Equals1_cod2_ladder/normalized-BA_RDC4.dot_unif_0null50mast_rapportOE2.0_TMAX300_K67_cod2_pbEq1_newVersion_ladder.opb.xz,19
OPT-LIN/normalized-extraPB12/sroussel/benchsMusee/opb_Equals1_cod2_ladder/normalized-BA_RDC4.dot_unif_0null50mast_rapportOE2.0_TMAX60_K67_cod2_pbEq1_newVersion_ladder.opb.xz,19
OPT-LIN/normalized-extraPB12/sroussel/benchsMusee/opb_Equals1_cod2_ladder/normalized-BA_RDC4.dot_unif_10null0mast_rapportOE1.0_TMAX120_K67_cod2_pbEq1_newVersion_ladder.opb.xz,18
OPT-LIN/normalized-extraPB12/sroussel/benchsMusee/opb_Equals1_cod2_ladder/normalized-BA_RDC4.dot_unif_10null0mast_rapportOE1.0_TMAX15_K67_cod2_pbEq1_newVersion_ladder.opb.xz,18
OPT-LIN/normalized-extraPB12/sroussel/benchsMusee/opb_Equals1_cod2_ladder/normalized-BA_RDC4.dot_unif_10null0mast_rapportOE1.0_TMAX180_K67_cod2_pbEq1_newVersion_ladder.opb.xz,18
OPT-LIN/normalized-extraPB12/sroussel/benchsMusee/opb_Equals1_cod2_ladder/normalized-BA_RDC4.dot_unif_10null0mast_rapportOE1.0_TMAX300_K67_cod2_pbEq1_newVersion_ladder.opb.xz,18
OPT-LIN/normalized-extraPB12/sroussel/benchsMusee/opb_Equals1_cod2_ladder/normalized-BA_RDC4.dot_unif_10null0mast_rapportOE1.0_TMAX60_K67_cod2_pbEq1_newVersion_ladder.opb.xz,18
OPT-LIN/normalized-extraPB12/sroussel/benchsMusee/opb_Equals1_cod2_ladder/normalized-BA_RDC4.dot_unif_10null0mast_rapportOE2.0_TMAX120_K67_cod2_pbEq1_newVersion_ladder.opb.xz,18
OPT-LIN/normalized-extraPB12/sroussel/benchsMusee/opb_Equals1_cod2_ladder/normalized-BA_RDC4.dot_unif_10null0mast_rapportOE2.0_TMAX15_K67_cod2_pbEq1_newVersion_ladder.opb.xz,18
OPT-LIN/normalized-extraPB12/sroussel/benchsMusee/opb_Equals1_cod2_ladder/normalized-BA_RDC4.dot_unif_10null0mast_rapportOE2.0_TMAX180_K67_cod2_pbEq1_newVersion_ladder.opb.xz,18
OPT-LIN/normalized-extraPB12/sroussel/benchsMusee/opb_Equals1_cod2_ladder/normalized-BA_RDC4.dot_unif_10null0mast_rapportOE2.0_TMAX300_K67_cod2_pbEq1_newVersion_ladder.opb.xz,18
OPT-LIN/normalized-extraPB12/sroussel/benchsMusee/opb_Equals1_cod2_ladder/normalized-BA_RDC4.dot_unif_10null0mast_rapportOE2.0_TMAX60_K67_cod2_pbEq1_newVersion_ladder.opb.xz,18
OPT-LIN/normalized-extraPB12/sroussel/benchsMusee/opb_Equals1_cod2_ladder/normalized-BA_RDC4.dot_unif_10null10mast_rapportOE1.0_TMAX120_K67_cod2_pbEq1_newVersion_ladder.opb.xz,18
OPT-LIN/normalized-extraPB12/sroussel/benchsMusee/opb_Equals1_cod2_ladder/normalized-BA_RDC4.dot_unif_10null10mast_rapportOE1.0_TMAX15_K67_cod2_pbEq1_newVersion_ladder.opb.xz,18
OPT-LIN/normalized-extraPB12/sroussel/benchsMusee/opb_Equals1_cod2_ladder/normalized-BA_RDC4.dot_unif_10null10mast_rapportOE1.0_TMAX180_K67_cod2_pbEq1_newVersion_ladder.opb.xz,18
OPT-LIN/normalized-extraPB12/sroussel/benchsMusee/opb_Equals1_cod2_ladder/normalized-BA_RDC4.dot_unif_10null10mast_rapportOE1.0_TMAX300_K67_cod2_pbEq1_newVersion_ladder.opb.xz,18
OPT-LIN/normalized-extraPB12/sroussel/benchsMusee/opb_Equals1_cod2_ladder/normalized-BA_RDC4.dot_unif_10null10mast_rapportOE1.0_TMAX60_K67_cod2_pbEq1_newVersion_ladder.opb.xz,18
OPT-LIN/normalized-extraPB12/sroussel/benchsMusee/opb_Equals1_cod2_ladder/normalized-BA_RDC4.dot_unif_10null10mast_rapportOE2.0_TMAX120_K67_cod2_pbEq1_newVersion_ladder.opb.xz,18
OPT-LIN/normalized-extraPB12/sroussel/benchsMusee/opb_Equals1_cod2_ladder/normalized-BA_RDC4.dot_unif_10null10mast_rapportOE2.0_TMAX15_K67_cod2_pbEq1_newVersion_ladder.opb.xz,18
OPT-LIN/normalized-extraPB12/sroussel/benchsMusee/opb_Equals1_cod2_ladder/normalized-BA_RDC4.dot_unif_10null10mast_rapportOE2.0_TMAX180_K67_cod2_pbEq1_newVersion_ladder.opb.xz,18
OPT-LIN/normalized-extraPB12/sroussel/benchsMusee/opb_Equals1_cod2_ladder/normalized-BA_RDC4.dot_unif_10null10mast_rapportOE2.0_TMAX300_K67_cod2_pbEq1_newVersion_ladder.opb.xz,18
OPT-LIN/normalized-extraPB12/sroussel/benchsMusee/opb_Equals1_cod2_ladder/normalized-BA_RDC4.dot_unif_10null10mast_rapportOE2.0_TMAX60_K67_cod2_pbEq1_newVersion_ladder.opb.xz,18
OPT-LIN/normalized-extraPB12/sroussel/benchsMusee/opb_Equals1_cod2_ladder/normalized-BA_RDC4.dot_unif_10null20mast_rapportOE1.0_TMAX120_K67_cod2_pbEq1_newVersion_ladder.opb.xz,19
OPT-LIN/normalized-extraPB12/sroussel/benchsMusee/opb_Equals1_cod2_ladder/normalized-BA_RDC4.dot_unif_10null20mast_rapportOE1.0_TMAX15_K67_cod2_pbEq1_newVersion_ladder.opb.xz,18
OPT-LIN/normalized-extraPB12/sroussel/benchsMusee/opb_Equals1_cod2_ladder/normalized-BA_RDC4.dot_unif_10null20mast_rapportOE1.0_TMAX180_K67_cod2_pbEq1_newVersion_ladder.opb.xz,18
OPT-LIN/normalized-extraPB12/sroussel/benchsMusee/opb_Equals1_cod2_ladder/normalized-BA_RDC4.dot_unif_10null20mast_rapportOE1.0_TMAX300_K67_cod2_pbEq1_newVersion_ladder.opb.xz,19
OPT-LIN/normalized-extraPB12/sroussel/benchsMusee/opb_Equals1_cod2_ladder/normalized-BA_RDC4.dot_unif_10null20mast_rapportOE1.0_TMAX60_K67_cod2_pbEq1_newVersion_ladder.opb.xz,19
OPT-LIN/normalized-extraPB12/sroussel/benchsMusee/opb_Equals1_cod2_ladder/normalized-BA_RDC4.dot_unif_10null20mast_rapportOE2.0_TMAX120_K67_cod2_pbEq1_newVersion_ladder.opb.xz,19
OPT-LIN/normalized-extraPB12/sroussel/benchsMusee/opb_Equals1_cod2_ladder/normalized-BA_RDC4.dot_unif_10null20mast_rapportOE2.0_TMAX15_K67_cod2_pbEq1_newVersion_ladder.opb.xz,19
OPT-LIN/normalized-extraPB12/sroussel/benchsMusee/opb_Equals1_cod2_ladder/normalized-BA_RDC4.dot_unif_10null20mast_rapportOE2.0_TMAX180_K67_cod2_pbEq1_newVersion_ladder.opb.xz,19
OPT-LIN/normalized-extraPB12/sroussel/benchsMusee/opb_Equals1_cod2_ladder/normalized-BA_RDC4.dot_unif_10null20mast_rapportOE2.0_TMAX300_K67_cod2_pbEq1_newVersion_ladder.opb.xz,19
OPT-LIN/normalized-extraPB12/sroussel/benchsMusee/opb_Equals1_cod2_ladder/normalized-BA_RDC4.dot_unif_10null20mast_rapportOE2.0_TMAX60_K67_cod2_pbEq1_newVersion_ladder.opb.xz,19
OPT-LIN/normalized-extraPB12/sroussel/benchsMusee/opb_Equals1_cod2_ladder/normalized-BA_RDC4.dot_unif_10null50mast_rapportOE1.0_TMAX120_K67_cod2_pbEq1_newVersion_ladder.opb.xz,19
OPT-LIN/normalized-extraPB12/sroussel/benchsMusee/opb_Equals1_cod2_ladder/normalized-BA_RDC4.dot_unif_10null50mast_rapportOE1.0_TMAX15_K67_cod2_pbEq1_newVersion_ladder.opb.xz,19
OPT-LIN/normalized-extraPB12/sroussel/benchsMusee/opb_Equals1_cod2_ladder/normalized-BA_RDC4.dot_unif_10null50mast_rapportOE1.0_TMAX180_K67_cod2_pbEq1_newVersion_ladder.opb.xz,19
OPT-LIN/normalized-extraPB12/sroussel/benchsMusee/opb_Equals1_cod2_ladder/normalized-BA_RDC4.dot_unif_10null50mast_rapportOE1.0_TMAX300_K67_cod2_pbEq1_newVersion_ladder.opb.xz,19
OPT-LIN/normalized-extraPB12/sroussel/benchsMusee/opb_Equals1_cod2_ladder/normalized-BA_RDC4.dot_unif_10null50mast_rapportOE1.0_TMAX60_K67_cod2_pbEq1_newVersion_ladder.opb.xz,19
OPT-LIN/normalized-extraPB12/sroussel/benchsMusee/opb_Equals1_cod2_ladder/normalized-BA_RDC4.dot_unif_10null50mast_rapportOE2.0_TMAX120_K67_cod2_pbEq1_newVersion_ladder.opb.xz,19
OPT-LIN/normalized-extraPB12/sroussel/benchsMusee/opb_Equals1_cod2_ladder/normalized-BA_RDC4.dot_unif_10null50mast_rapportOE2.0_TMAX15_K67_cod2_pbEq1_newVersion_ladder.opb.xz,19
OPT-LIN/normalized-extraPB12/sroussel/benchsMusee/opb_Equals1_cod2_ladder/normalized-BA_RDC4.dot_unif_10null50mast_rapportOE2.0_TMAX180_K67_cod2_pbEq1_newVersion_ladder.opb.xz,19
OPT-LIN/normalized-extraPB12/sroussel/benchsMusee/opb_Equals1_cod2_ladder/normalized-BA_RDC4.dot_unif_10null50mast_rapportOE2.0_TMAX300_K67_cod2_pbEq1_newVersion_ladder.opb.xz,19
OPT-LIN/normalized-extraPB12/sroussel/benchsMusee/opb_Equals1_cod2_ladder/normalized-BA_RDC4.dot_unif_10null50mast_rapportOE2.0_TMAX60_K67_cod2_pbEq1_newVersion_ladder.opb.xz,19
OPT-LIN/normalized-extraPB12/sroussel/benchsMusee/opb_Equals1_cod2_ladder/normalized-BA_RDC4.dot_unif_20null0mast_rapportOE1.0_TMAX120_K67_cod2_pbEq1_newVersion_ladder.opb.xz,18
OPT-LIN/normalized-extraPB12/sroussel/benchsMusee/opb_Equals1_cod2_ladder/normalized-BA_RDC4.dot_unif_20null0mast_rapportOE1.0_TMAX15_K67_cod2_pbEq1_newVersion_ladder.opb.xz,18
OPT-LIN/normalized-extraPB12/sroussel/benchsMusee/opb_Equals1_cod2_ladder/normalized-BA_RDC4.dot_unif_20null0mast_rapportOE1.0_TMAX180_K67_cod2_pbEq1_newVersion_ladder.opb.xz,18
OPT-LIN/normalized-extraPB12/sroussel/benchsMusee/opb_Equals1_cod2_ladder/normalized-BA_RDC4.dot_unif_20null0mast_rapportOE1.0_TMAX300_K67_cod2_pbEq1_newVersion_ladder.opb.xz,18
OPT-LIN/normalized-extraPB12/sroussel/benchsMusee/opb_Equals1_cod2_ladder/normalized-BA_RDC4.dot_unif_20null0mast_rapportOE1.0_TMAX60_K67_cod2_pbEq1_newVersion_ladder.opb.xz,18
OPT-LIN/normalized-extraPB12/sroussel/benchsMusee/opb_Equals1_cod2_ladder/normalized-BA_RDC4.dot_unif_20null0mast_rapportOE2.0_TMAX120_K67_cod2_pbEq1_newVersion_ladder.opb.xz,18
OPT-LIN/normalized-extraPB12/sroussel/benchsMusee/opb_Equals1_cod2_ladder/normalized-BA_RDC4.dot_unif_20null0mast_rapportOE2.0_TMAX15_K67_cod2_pbEq1_newVersion_ladder.opb.xz,18
OPT-LIN/normalized-extraPB12/sroussel/benchsMusee/opb_Equals1_cod2_ladder/normalized-BA_RDC4.dot_unif_20null0mast_rapportOE2.0_TMAX180_K67_cod2_pbEq1_newVersion_ladder.opb.xz,18
OPT-LIN/normalized-extraPB12/sroussel/benchsMusee/opb_Equals1_cod2_ladder/normalized-BA_RDC4.dot_unif_20null0mast_rapportOE2.0_TMAX300_K67_cod2_pbEq1_newVersion_ladder.opb.xz,18
OPT-LIN/normalized-extraPB12/sroussel/benchsMusee/opb_Equals1_cod2_ladder/normalized-BA_RDC4.dot_unif_20null0mast_rapportOE2.0_TMAX60_K67_cod2_pbEq1_newVersion_ladder.opb.xz,18
OPT-LIN/normalized-extraPB12/sroussel/benchsMusee/opb_Equals1_cod2_ladder/normalized-BA_RDC4.dot_unif_20null10mast_rapportOE1.0_TMAX120_K67_cod2_pbEq1_newVersion_ladder.opb.xz,18
OPT-LIN/normalized-extraPB12/sroussel/benchsMusee/opb_Equals1_cod2_ladder/normalized-BA_RDC4.dot_unif_20null10mast_rapportOE1.0_TMAX15_K67_cod2_pbEq1_newVersion_ladder.opb.xz,18
OPT-LIN/normalized-extraPB12/sroussel/benchsMusee/opb_Equals1_cod2_ladder/normalized-BA_RDC4.dot_unif_20null10mast_rapportOE1.0_TMAX180_K67_cod2_pbEq1_newVersion_ladder.opb.xz,18
OPT-LIN/normalized-extraPB12/sroussel/benchsMusee/opb_Equals1_cod2_ladder/normalized-BA_RDC4.dot_unif_20null10mast_rapportOE1.0_TMAX300_K67_cod2_pbEq1_newVersion_ladder.opb.xz,18
OPT-LIN/normalized-extraPB12/sroussel/benchsMusee/opb_Equals1_cod2_ladder/normalized-BA_RDC4.dot_unif_20null10mast_rapportOE1.0_TMAX60_K67_cod2_pbEq1_newVersion_ladder.opb.xz,18
OPT-LIN/normalized-extraPB12/sroussel/benchsMusee/opb_Equals1_cod2_ladder/normalized-BA_RDC4.dot_unif_20null10mast_rapportOE2.0_TMAX120_K67_cod2_pbEq1_newVersion_ladder.opb.xz,18
OPT-LIN/normalized-extraPB12/sroussel/benchsMusee/opb_Equals1_cod2_ladder/normalized-BA_RDC4.dot_unif_20null10mast_rapportOE2.0_TMAX15_K67_cod2_pbEq1_newVersion_ladder.opb.xz,18
OPT-LIN/normalized-extraPB12/sroussel/benchsMusee/opb_Equals1_cod2_ladder/normalized-BA_RDC4.dot_unif_20null10mast_rapportOE2.0_TMAX180_K67_cod2_pbEq1_newVersion_ladder.opb.xz,18
OPT-LIN/normalized-extraPB12/sroussel/benchsMusee/opb_Equals1_cod2_ladder/normalized-BA_RDC4.dot_unif_20null10mast_rapportOE2.0_TMAX300_K67_cod2_pbEq1_newVersion_ladder.opb.xz,18
OPT-LIN/normalized-extraPB12/sroussel/benchsMusee/opb_Equals1_cod2_ladder/normalized-BA_RDC4.dot_unif_20null10mast_rapportOE2.0_TMAX60_K67_cod2_pbEq1_newVersion_ladder.opb.xz,18
OPT-LIN/normalized-extraPB12/sroussel/benchsMusee/opb_Equals1_cod2_ladder/normalized-BA_RDC4.dot_unif_20null20mast_rapportOE1.0_TMAX120_K67_cod2_pbEq1_newVersion_ladder.opb.xz,18
OPT-LIN/normalized-extraPB12/sroussel/benchsMusee/opb_Equals1_cod2_ladder/normalized-BA_RDC4.dot_unif_20null20mast_rapportOE1.0_TMAX15_K67_cod2_pbEq1_newVersion_ladder.opb.xz,18
OPT-LIN/normalized-extraPB12/sroussel/benchsMusee/opb_Equals1_cod2_ladder/normalized-BA_RDC4.dot_unif_20null20mast_rapportOE1.0_TMAX180_K67_cod2_pbEq1_newVersion_ladder.opb.xz,18
OPT-LIN/normalized-extraPB12/sroussel/benchsMusee/opb_Equals1_cod2_ladder/normalized-BA_RDC4.dot_unif_20null20mast_rapportOE1.0_TMAX300_K67_cod2_pbEq1_newVersion_ladder.opb.xz,18
OPT-LIN/normalized-extraPB12/sroussel/benchsMusee/opb_Equals1_cod2_ladder/normalized-BA_RDC4.dot_unif_20null20mast_rapportOE1.0_TMAX60_K67_cod2_pbEq1_newVersion_ladder.opb.xz,18
OPT-LIN/normalized-extraPB12/sroussel/benchsMusee/opb_Equals1_cod2_ladder/normalized-BA_RDC4.dot_unif_20null20mast_rapportOE2.0_TMAX120_K67_cod2_pbEq1_newVersion_ladder.opb.xz,18
OPT-LIN/normalized-extraPB12/sroussel/benchsMusee/opb_Equals1_cod2_ladder/normalized-BA_RDC4.dot_unif_20null20mast_rapportOE2.0_TMAX15_K67_cod2_pbEq1_newVersion_ladder.opb.xz,18
OPT-LIN/normalized-extraPB12/sroussel/benchsMusee/opb_Equals1_cod2_ladder/normalized-BA_RDC4.dot_unif_20null20mast_rapportOE2.0_TMAX180_K67_cod2_pbEq1_newVersion_ladder.opb.xz,18
OPT-LIN/normalized-extraPB12/sroussel/benchsMusee/opb_Equals1_cod2_ladder/normalized-BA_RDC4.dot_unif_20null20mast_rapportOE2.0_TMAX300_K67_cod2_pbEq1_newVersion_ladder.opb.xz,18
OPT-LIN/normalized-extraPB12/sroussel/benchsMusee/opb_Equals1_cod2_ladder/normalized-BA_RDC4.dot_unif_20null20mast_rapportOE2.0_TMAX60_K67_cod2_pbEq1_newVersion_ladder.opb.xz,18
OPT-LIN/normalized-extraPB12/sroussel/benchsMusee/opb_Equals1_cod2_ladder/normalized-BA_RDC4.dot_unif_20null50mast_rapportOE1.0_TMAX120_K67_cod2_pbEq1_newVersion_ladder.opb.xz,19
OPT-LIN/normalized-extraPB12/sroussel/benchsMusee/opb_Equals1_cod2_ladder/normalized-BA_RDC4.dot_unif_20null50mast_rapportOE1.0_TMAX15_K67_cod2_pbEq1_newVersion_ladder.opb.xz,19
OPT-LIN/normalized-extraPB12/sroussel/benchsMusee/opb_Equals1_cod2_ladder/normalized-BA_RDC4.dot_unif_20null50mast_rapportOE1.0_TMAX180_K67_cod2_pbEq1_newVersion_ladder.opb.xz,19
OPT-LIN/normalized-extraPB12/sroussel/benchsMusee/opb_Equals1_cod2_ladder/normalized-BA_RDC4.dot_unif_20null50mast_rapportOE1.0_TMAX300_K67_cod2_pbEq1_newVersion_ladder.opb.xz,19
OPT-LIN/normalized-extraPB12/sroussel/benchsMusee/opb_Equals1_cod2_ladder/normalized-BA_RDC4.dot_unif_20null50mast_rapportOE1.0_TMAX60_K67_cod2_pbEq1_newVersion_ladder.opb.xz,19
OPT-LIN/normalized-extraPB12/sroussel/benchsMusee/opb_Equals1_cod2_ladder/normalized-BA_RDC4.dot_unif_20null50mast_rapportOE2.0_TMAX120_K67_cod2_pbEq1_newVersion_ladder.opb.xz,19
OPT-LIN/normalized-extraPB12/sroussel/benchsMusee/opb_Equals1_cod2_ladder/normalized-BA_RDC4.dot_unif_20null50mast_rapportOE2.0_TMAX15_K67_cod2_pbEq1_newVersion_ladder.opb.xz,19
OPT-LIN/normalized-extraPB12/sroussel/benchsMusee/opb_Equals1_cod2_ladder/normalized-BA_RDC4.dot_unif_20null50mast_rapportOE2.0_TMAX180_K67_cod2_pbEq1_newVersion_ladder.opb.xz,19
OPT-LIN/normalized-extraPB12/sroussel/benchsMusee/opb_Equals1_cod2_ladder/normalized-BA_RDC4.dot_unif_20null50mast_rapportOE2.0_TMAX300_K67_cod2_pbEq1_newVersion_ladder.opb.xz,19
OPT-LIN/normalized-extraPB12/sroussel/benchsMusee/opb_Equals1_cod2_ladder/normalized-BA_RDC4.dot_unif_20null50mast_rapportOE2.0_TMAX60_K67_cod2_pbEq1_newVersion_ladder.opb.xz,19
OPT-LIN/normalized-extraPB12/sroussel/benchsMusee/opb_Equals1_cod2_ladder/normalized-BA_RDC4.dot_unif_50null0mast_rapportOE1.0_TMAX120_K67_cod2_pbEq1_newVersion_ladder.opb.xz,17
OPT-LIN/normalized-extraPB12/sroussel/benchsMusee/opb_Equals1_cod2_ladder/normalized-BA_RDC4.dot_unif_50null0mast_rapportOE1.0_TMAX15_K67_cod2_pbEq1_newVersion_ladder.opb.xz,17
OPT-LIN/normalized-extraPB12/sroussel/benchsMusee/opb_Equals1_cod2_ladder/normalized-BA_RDC4.dot_unif_50null0mast_rapportOE1.0_TMAX180_K67_cod2_pbEq1_newVersion_ladder.opb.xz,18
OPT-LIN/normalized-extraPB12/sroussel/benchsMusee/opb_Equals1_cod2_ladder/normalized-BA_RDC4.dot_unif_50null0mast_rapportOE1.0_TMAX300_K67_cod2_pbEq1_newVersion_ladder.opb.xz,17
OPT-LIN/normalized-extraPB12/sroussel/benchsMusee/opb_Equals1_cod2_ladder/normalized-BA_RDC4.dot_unif_50null0mast_rapportOE1.0_TMAX60_K67_cod2_pbEq1_newVersion_ladder.opb.xz,17
OPT-LIN/normalized-extraPB12/sroussel/benchsMusee/opb_Equals1_cod2_ladder/normalized-BA_RDC4.dot_unif_50null0mast_rapportOE2.0_TMAX120_K67_cod2_pbEq1_newVersion_ladder.opb.xz,17
OPT-LIN/normalized-extraPB12/sroussel/benchsMusee/opb_Equals1_cod2_ladder/normalized-BA_RDC4.dot_unif_50null0mast_rapportOE2.0_TMAX15_K67_cod2_pbEq1_newVersion_ladder.opb.xz,17
OPT-LIN/normalized-extraPB12/sroussel/benchsMusee/opb_Equals1_cod2_ladder/normalized-BA_RDC4.dot_unif_50null0mast_rapportOE2.0_TMAX180_K67_cod2_pbEq1_newVersion_ladder.opb.xz,17
OPT-LIN/normalized-extraPB12/sroussel/benchsMusee/opb_Equals1_cod2_ladder/normalized-BA_RDC4.dot_unif_50null0mast_rapportOE2.0_TMAX300_K67_cod2_pbEq1_newVersion_ladder.opb.xz,17
OPT-LIN/normalized-extraPB12/sroussel/benchsMusee/opb_Equals1_cod2_ladder/normalized-BA_RDC4.dot_unif_50null0mast_rapportOE2.0_TMAX60_K67_cod2_pbEq1_newVersion_ladder.opb.xz,17
OPT-LIN/normalized-extraPB12/sroussel/benchsMusee/opb_Equals1_cod2_ladder/normalized-BA_RDC4.dot_unif_50null10mast_rapportOE1.0_TMAX120_K67_cod2_pbEq1_newVersion_ladder.opb.xz,18
OPT-LIN/normalized-extraPB12/sroussel/benchsMusee/opb_Equals1_cod2_ladder/normalized-BA_RDC4.dot_unif_50null10mast_rapportOE1.0_TMAX15_K67_cod2_pbEq1_newVersion_ladder.opb.xz,18
OPT-LIN/normalized-extraPB12/sroussel/benchsMusee/opb_Equals1_cod2_ladder/normalized-BA_RDC4.dot_unif_50null10mast_rapportOE1.0_TMAX180_K67_cod2_pbEq1_newVersion_ladder.opb.xz,18
OPT-LIN/normalized-extraPB12/sroussel/benchsMusee/opb_Equals1_cod2_ladder/normalized-BA_RDC4.dot_unif_50null10mast_rapportOE1.0_TMAX300_K67_cod2_pbEq1_newVersion_ladder.opb.xz,18
OPT-LIN/normalized-extraPB12/sroussel/benchsMusee/opb_Equals1_cod2_ladder/normalized-BA_RDC4.dot_unif_50null10mast_rapportOE1.0_TMAX60_K67_cod2_pbEq1_newVersion_ladder.opb.xz,18
OPT-LIN/normalized-extraPB12/sroussel/benchsMusee/opb_Equals1_cod2_ladder/normalized-BA_RDC4.dot_unif_50null10mast_rapportOE2.0_TMAX120_K67_cod2_pbEq1_newVersion_ladder.opb.xz,18
OPT-LIN/normalized-extraPB12/sroussel/benchsMusee/opb_Equals1_cod2_ladder/normalized-BA_RDC4.dot_unif_50null10mast_rapportOE2.0_TMAX15_K67_cod2_pbEq1_newVersion_ladder.opb.xz,18
OPT-LIN/normalized-extraPB12/sroussel/benchsMusee/opb_Equals1_cod2_ladder/normalized-BA_RDC4.dot_unif_50null10mast_rapportOE2.0_TMAX180_K67_cod2_pbEq1_newVersion_ladder.opb.xz,18
OPT-LIN/normalized-extraPB12/sroussel/benchsMusee/opb_Equals1_cod2_ladder/normalized-BA_RDC4.dot_unif_50null10mast_rapportOE2.0_TMAX300_K67_cod2_pbEq1_newVersion_ladder.opb.xz,18
OPT-LIN/normalized-extraPB12/sroussel/benchsMusee/opb_Equals1_cod2_ladder/normalized-BA_RDC4.dot_unif_50null10mast_rapportOE2.0_TMAX60_K67_cod2_pbEq1_newVersion_ladder.opb.xz,18
OPT-LIN/normalized-extraPB12/sroussel/benchsMusee/opb_Equals1_cod2_ladder/normalized-BA_RDC4.dot_unif_50null20mast_rapportOE1.0_TMAX120_K67_cod2_pbEq1_newVersion_ladder.opb.xz,18
OPT-LIN/normalized-extraPB12/sroussel/benchsMusee/opb_Equals1_cod2_ladder/normalized-BA_RDC4.dot_unif_50null20mast_rapportOE1.0_TMAX15_K67_cod2_pbEq1_newVersion_ladder.opb.xz,18
OPT-LIN/normalized-extraPB12/sroussel/benchsMusee/opb_Equals1_cod2_ladder/normalized-BA_RDC4.dot_unif_50null20mast_rapportOE1.0_TMAX180_K67_cod2_pbEq1_newVersion_ladder.opb.xz,18
OPT-LIN/normalized-extraPB12/sroussel/benchsMusee/opb_Equals1_cod2_ladder/normalized-BA_RDC4.dot_unif_50null20mast_rapportOE1.0_TMAX300_K67_cod2_pbEq1_newVersion_ladder.opb.xz,18
OPT-LIN/normalized-extraPB12/sroussel/benchsMusee/opb_Equals1_cod2_ladder/normalized-BA_RDC4.dot_unif_50null20mast_rapportOE1.0_TMAX60_K67_cod2_pbEq1_newVersion_ladder.opb.xz,18
OPT-LIN/normalized-extraPB12/sroussel/benchsMusee/opb_Equals1_cod2_ladder/normalized-BA_RDC4.dot_unif_50null20mast_rapportOE2.0_TMAX120_K67_cod2_pbEq1_newVersion_ladder.opb.xz,18
OPT-LIN/normalized-extraPB12/sroussel/benchsMusee/opb_Equals1_cod2_ladder/normalized-BA_RDC4.dot_unif_50null20mast_rapportOE2.0_TMAX15_K67_cod2_pbEq1_newVersion_ladder.opb.xz,18
OPT-LIN/normalized-extraPB12/sroussel/benchsMusee/opb_Equals1_cod2_ladder/normalized-BA_RDC4.dot_unif_50null20mast_rapportOE2.0_TMAX180_K67_cod2_pbEq1_newVersion_ladder.opb.xz,18
OPT-LIN/normalized-extraPB12/sroussel/benchsMusee/opb_Equals1_cod2_ladder/normalized-BA_RDC4.dot_unif_50null20mast_rapportOE2.0_TMAX300_K67_cod2_pbEq1_newVersion_ladder.opb.xz,18
OPT-LIN/normalized-extraPB12/sroussel/benchsMusee/opb_Equals1_cod2_ladder/normalized-BA_RDC4.dot_unif_50null20mast_rapportOE2.0_TMAX60_K67_cod2_pbEq1_newVersion_ladder.opb.xz,18
OPT-LIN/normalized-extraPB12/sroussel/benchsMusee/opb_Equals1_cod2_ladder/normalized-BA_RDC4.dot_unif_50null50mast_rapportOE1.0_TMAX120_K67_cod2_pbEq1_newVersion_ladder.opb.xz,14
OPT-LIN/normalized-extraPB12/sroussel/benchsMusee/opb_Equals1_cod2_ladder/normalized-BA_RDC4.dot_unif_50null50mast_rapportOE1.0_TMAX15_K67_cod2_pbEq1_newVersion_ladder.opb.xz,14
OPT-LIN/normalized-extraPB12/sroussel/benchsMusee/opb_Equals1_cod2_ladder/normalized-BA_RDC4.dot_unif_50null50mast_rapportOE1.0_TMAX180_K67_cod2_pbEq1_newVersion_ladder.opb.xz,14
OPT-LIN/normalized-extraPB12/sroussel/benchsMusee/opb_Equals1_cod2_ladder/normalized-BA_RDC4.dot_unif_50null50mast_rapportOE1.0_TMAX300_K67_cod2_pbEq1_newVersion_ladder.opb.xz,14
OPT-LIN/normalized-extraPB12/sroussel/benchsMusee/opb_Equals1_cod2_ladder/normalized-BA_RDC4.dot_unif_50null50mast_rapportOE1.0_TMAX60_K67_cod2_pbEq1_newVersion_ladder.opb.xz,14
OPT-LIN/normalized-extraPB12/sroussel/benchsMusee/opb_Equals1_cod2_ladder/normalized-BA_RDC4.dot_unif_50null50mast_rapportOE2.0_TMAX120_K67_cod2_pbEq1_newVersion_ladder.opb.xz,14
OPT-LIN/normalized-extraPB12/sroussel/benchsMusee/opb_Equals1_cod2_ladder/normalized-BA_RDC4.dot_unif_50null50mast_rapportOE2.0_TMAX15_K67_cod2_pbEq1_newVersion_ladder.opb.xz,14
OPT-LIN/normalized-extraPB12/sroussel/benchsMusee/opb_Equals1_cod2_ladder/normalized-BA_RDC4.dot_unif_50null50mast_rapportOE2.0_TMAX180_K67_cod2_pbEq1_newVersion_ladder.opb.xz,14
OPT-LIN/normalized-extraPB12/sroussel/benchsMusee/opb_Equals1_cod2_ladder/normalized-BA_RDC4.dot_unif_50null50mast_rapportOE2.0_TMAX300_K67_cod2_pbEq1_newVersion_ladder.opb.xz,14
OPT-LIN/normalized-extraPB12/sroussel/benchsMusee/opb_Equals1_cod2_ladder/normalized-BA_RDC4.dot_unif_50null50mast_rapportOE2.0_TMAX60_K67_cod2_pbEq1_newVersion_ladder.opb.xz,14
OPT-LIN/normalized-extraPB12/sroussel/benchsMusee/opb_Equals1_cod2_product/normalized-BA_RDC4.dot_fibo_0null0mast_rapportOE1.0_TMAX120_K67_cod2_pbEq1_newVersion_product.opb.xz,19
OPT-LIN/normalized-extraPB12/sroussel/benchsMusee/opb_Equals1_cod2_product/normalized-BA_RDC4.dot_fibo_0null0mast_rapportOE1.0_TMAX15_K67_cod2_pbEq1_newVersion_product.opb.xz,19
OPT-LIN/normalized-extraPB12/sroussel/benchsMusee/opb_Equals1_cod2_product/normalized-BA_RDC4.dot_fibo_0null0mast_rapportOE1.0_TMAX180_K67_cod2_pbEq1_newVersion_product.opb.xz,19
OPT-LIN/normalized-extraPB12/sroussel/benchsMusee/opb_Equals1_cod2_product/normalized-BA_RDC4.dot_fibo_0null0mast_rapportOE1.0_TMAX300_K67_cod2_pbEq1_newVersion_product.opb.xz,19
OPT-LIN/normalized-extraPB12/sroussel/benchsMusee/opb_Equals1_cod2_product/normalized-BA_RDC4.dot_fibo_0null0mast_rapportOE1.0_TMAX60_K67_cod2_pbEq1_newVersion_product.opb.xz,19
OPT-LIN/normalized-extraPB12/sroussel/benchsMusee/opb_Equals1_cod2_product/normalized-BA_RDC4.dot_fibo_0null0mast_rapportOE2.0_TMAX120_K67_cod2_pbEq1_newVersion_product.opb.xz,19
OPT-LIN/normalized-extraPB12/sroussel/benchsMusee/opb_Equals1_cod2_product/normalized-BA_RDC4.dot_fibo_0null0mast_rapportOE2.0_TMAX15_K67_cod2_pbEq1_newVersion_product.opb.xz,19
OPT-LIN/normalized-extraPB12/sroussel/benchsMusee/opb_Equals1_cod2_product/normalized-BA_RDC4.dot_fibo_0null0mast_rapportOE2.0_TMAX180_K67_cod2_pbEq1_newVersion_product.opb.xz,19
OPT-LIN/normalized-extraPB12/sroussel/benchsMusee/opb_Equals1_cod2_product/normalized-BA_RDC4.dot_fibo_0null0mast_rapportOE2.0_TMAX300_K67_cod2_pbEq1_newVersion_product.opb.xz,19
OPT-LIN/normalized-extraPB12/sroussel/benchsMusee/opb_Equals1_cod2_product/normalized-BA_RDC4.dot_fibo_0null0mast_rapportOE2.0_TMAX60_K67_cod2_pbEq1_newVersion_product.opb.xz,19
OPT-LIN/normalized-extraPB12/sroussel/benchsMusee/opb_Equals1_cod2_product/normalized-BA_RDC4.dot_fibo_0null10mast_rapportOE1.0_TMAX120_K67_cod2_pbEq1_newVersion_product.opb.xz,20
OPT-LIN/normalized-extraPB12/sroussel/benchsMusee/opb_Equals1_cod2_product/normalized-BA_RDC4.dot_fibo_0null10mast_rapportOE1.0_TMAX15_K67_cod2_pbEq1_newVersion_product.opb.xz,20
OPT-LIN/normalized-extraPB12/sroussel/benchsMusee/opb_Equals1_cod2_product/normalized-BA_RDC4.dot_fibo_0null10mast_rapportOE1.0_TMAX180_K67_cod2_pbEq1_newVersion_product.opb.xz,20
OPT-LIN/normalized-extraPB12/sroussel/benchsMusee/opb_Equals1_cod2_product/normalized-BA_RDC4.dot_fibo_0null10mast_rapportOE1.0_TMAX300_K67_cod2_pbEq1_newVersion_product.opb.xz,20
OPT-LIN/normalized-extraPB12/sroussel/benchsMusee/opb_Equals1_cod2_product/normalized-BA_RDC4.dot_fibo_0null10mast_rapportOE1.0_TMAX60_K67_cod2_pbEq1_newVersion_product.opb.xz,20
OPT-LIN/normalized-extraPB12/sroussel/benchsMusee/opb_Equals1_cod2_product/normalized-BA_RDC4.dot_fibo_0null10mast_rapportOE2.0_TMAX120_K67_cod2_pbEq1_newVersion_product.opb.xz,20
OPT-LIN/normalized-extraPB12/sroussel/benchsMusee/opb_Equals1_cod2_product/normalized-BA_RDC4.dot_fibo_0null10mast_rapportOE2.0_TMAX15_K67_cod2_pbEq1_newVersion_product.opb.xz,20
OPT-LIN/normalized-extraPB12/sroussel/benchsMusee/opb_Equals1_cod2_product/normalized-BA_RDC4.dot_fibo_0null10mast_rapportOE2.0_TMAX180_K67_cod2_pbEq1_newVersion_product.opb.xz,20
OPT-LIN/normalized-extraPB12/sroussel/benchsMusee/opb_Equals1_cod2_product/normalized-BA_RDC4.dot_fibo_0null10mast_rapportOE2.0_TMAX300_K67_cod2_pbEq1_newVersion_product.opb.xz,20
OPT-LIN/normalized-extraPB12/sroussel/benchsMusee/opb_Equals1_cod2_product/normalized-BA_RDC4.dot_fibo_0null10mast_rapportOE2.0_TMAX60_K67_cod2_pbEq1_newVersion_product.opb.xz,20
OPT-LIN/normalized-extraPB12/sroussel/benchsMusee/opb_Equals1_cod2_product/normalized-BA_RDC4.dot_fibo_0null20mast_rapportOE1.0_TMAX120_K67_cod2_pbEq1_newVersion_product.opb.xz,21
OPT-LIN/normalized-extraPB12/sroussel/benchsMusee/opb_Equals1_cod2_product/normalized-BA_RDC4.dot_fibo_0null20mast_rapportOE1.0_TMAX15_K67_cod2_pbEq1_newVersion_product.opb.xz,21
OPT-LIN/normalized-extraPB12/sroussel/benchsMusee/opb_Equals1_cod2_product/normalized-BA_RDC4.dot_fibo_0null20mast_rapportOE1.0_TMAX180_K67_cod2_pbEq1_newVersion_product.opb.xz,21
OPT-LIN/normalized-extraPB12/sroussel/benchsMusee/opb_Equals1_cod2_product/normalized-BA_RDC4.dot_fibo_0null20mast_rapportOE1.0_TMAX300_K67_cod2_pbEq1_newVersion_product.opb.xz,21
OPT-LIN/normalized-extraPB12/sroussel/benchsMusee/opb_Equals1_cod2_product/normalized-BA_RDC4.dot_fibo_0null20mast_rapportOE1.0_TMAX60_K67_cod2_pbEq1_newVersion_product.opb.xz,21
OPT-LIN/normalized-extraPB12/sroussel/benchsMusee/opb_Equals1_cod2_product/normalized-BA_RDC4.dot_fibo_0null20mast_rapportOE2.0_TMAX120_K67_cod2_pbEq1_newVersion_product.opb.xz,21
OPT-LIN/normalized-extraPB12/sroussel/benchsMusee/opb_Equals1_cod2_product/normalized-BA_RDC4.dot_fibo_0null20mast_rapportOE2.0_TMAX15_K67_cod2_pbEq1_newVersion_product.opb.xz,21
OPT-LIN/normalized-extraPB12/sroussel/benchsMusee/opb_Equals1_cod2_product/normalized-BA_RDC4.dot_fibo_0null20mast_rapportOE2.0_TMAX180_K67_cod2_pbEq1_newVersion_product.opb.xz,21
OPT-LIN/normalized-extraPB12/sroussel/benchsMusee/opb_Equals1_cod2_product/normalized-BA_RDC4.dot_fibo_0null20mast_rapportOE2.0_TMAX300_K67_cod2_pbEq1_newVersion_product.opb.xz,21
OPT-LIN/normalized-extraPB12/sroussel/benchsMusee/opb_Equals1_cod2_product/normalized-BA_RDC4.dot_fibo_0null20mast_rapportOE2.0_TMAX60_K67_cod2_pbEq1_newVersion_product.opb.xz,21
OPT-LIN/normalized-extraPB12/sroussel/benchsMusee/opb_Equals1_cod2_product/normalized-BA_RDC4.dot_fibo_0null50mast_rapportOE1.0_TMAX120_K67_cod2_pbEq1_newVersion_product.opb.xz,22
OPT-LIN/normalized-extraPB12/sroussel/benchsMusee/opb_Equals1_cod2_product/normalized-BA_RDC4.dot_fibo_0null50mast_rapportOE1.0_TMAX15_K67_cod2_pbEq1_newVersion_product.opb.xz,22
OPT-LIN/normalized-extraPB12/sroussel/benchsMusee/opb_Equals1_cod2_product/normalized-BA_RDC4.dot_fibo_0null50mast_rapportOE1.0_TMAX180_K67_cod2_pbEq1_newVersion_product.opb.xz,22
OPT-LIN/normalized-extraPB12/sroussel/benchsMusee/opb_Equals1_cod2_product/normalized-BA_RDC4.dot_fibo_0null50mast_rapportOE1.0_TMAX300_K67_cod2_pbEq1_newVersion_product.opb.xz,22
OPT-LIN/normalized-extraPB12/sroussel/benchsMusee/opb_Equals1_cod2_product/normalized-BA_RDC4.dot_fibo_0null50mast_rapportOE1.0_TMAX60_K67_cod2_pbEq1_newVersion_product.opb.xz,22
OPT-LIN/normalized-extraPB12/sroussel/benchsMusee/opb_Equals1_cod2_product/normalized-BA_RDC4.dot_fibo_0null50mast_rapportOE2.0_TMAX120_K67_cod2_pbEq1_newVersion_product.opb.xz,22
OPT-LIN/normalized-extraPB12/sroussel/benchsMusee/opb_Equals1_cod2_product/normalized-BA_RDC4.dot_fibo_0null50mast_rapportOE2.0_TMAX15_K67_cod2_pbEq1_newVersion_product.opb.xz,22
OPT-LIN/normalized-extraPB12/sroussel/benchsMusee/opb_Equals1_cod2_product/normalized-BA_RDC4.dot_fibo_0null50mast_rapportOE2.0_TMAX180_K67_cod2_pbEq1_newVersion_product.opb.xz,22
OPT-LIN/normalized-extraPB12/sroussel/benchsMusee/opb_Equals1_cod2_product/normalized-BA_RDC4.dot_fibo_0null50mast_rapportOE2.0_TMAX300_K67_cod2_pbEq1_newVersion_product.opb.xz,22
OPT-LIN/normalized-extraPB12/sroussel/benchsMusee/opb_Equals1_cod2_product/normalized-BA_RDC4.dot_fibo_0null50mast_rapportOE2.0_TMAX60_K67_cod2_pbEq1_newVersion_product.opb.xz,22
OPT-LIN/normalized-extraPB12/sroussel/benchsMusee/opb_Equals1_cod2_product/normalized-BA_RDC4.dot_fibo_10null0mast_rapportOE1.0_TMAX120_K67_cod2_pbEq1_newVersion_product.opb.xz,19
OPT-LIN/normalized-extraPB12/sroussel/benchsMusee/opb_Equals1_cod2_product/normalized-BA_RDC4.dot_fibo_10null0mast_rapportOE1.0_TMAX15_K67_cod2_pbEq1_newVersion_product.opb.xz,19
OPT-LIN/normalized-extraPB12/sroussel/benchsMusee/opb_Equals1_cod2_product/normalized-BA_RDC4.dot_fibo_10null0mast_rapportOE1.0_TMAX180_K67_cod2_pbEq1_newVersion_product.opb.xz,19
OPT-LIN/normalized-extraPB12/sroussel/benchsMusee/opb_Equals1_cod2_product/normalized-BA_RDC4.dot_fibo_10null0mast_rapportOE1.0_TMAX300_K67_cod2_pbEq1_newVersion_product.opb.xz,19
OPT-LIN/normalized-extraPB12/sroussel/benchsMusee/opb_Equals1_cod2_product/normalized-BA_RDC4.dot_fibo_10null0mast_rapportOE1.0_TMAX60_K67_cod2_pbEq1_newVersion_product.opb.xz,19
OPT-LIN/normalized-extraPB12/sroussel/benchsMusee/opb_Equals1_cod2_product/normalized-BA_RDC4.dot_fibo_10null0mast_rapportOE2.0_TMAX120_K67_cod2_pbEq1_newVersion_product.opb.xz,19
OPT-LIN/normalized-extraPB12/sroussel/benchsMusee/opb_Equals1_cod2_product/normalized-BA_RDC4.dot_fibo_10null0mast_rapportOE2.0_TMAX15_K67_cod2_pbEq1_newVersion_product.opb.xz,19
OPT-LIN/normalized-extraPB12/sroussel/benchsMusee/opb_Equals1_cod2_product/normalized-BA_RDC4.dot_fibo_10null0mast_rapportOE2.0_TMAX180_K67_cod2_pbEq1_newVersion_product.opb.xz,19
OPT-LIN/normalized-extraPB12/sroussel/benchsMusee/opb_Equals1_cod2_product/normalized-BA_RDC4.dot_fibo_10null0mast_rapportOE2.0_TMAX300_K67_cod2_pbEq1_newVersion_product.opb.xz,19
OPT-LIN/normalized-extraPB12/sroussel/benchsMusee/opb_Equals1_cod2_product/normalized-BA_RDC4.dot_fibo_10null0mast_rapportOE2.0_TMAX60_K67_cod2_pbEq1_newVersion_product.opb.xz,19
OPT-LIN/normalized-extraPB12/sroussel/benchsMusee/opb_Equals1_cod2_product/normalized-BA_RDC4.dot_fibo_10null10mast_rapportOE1.0_TMAX120_K67_cod2_pbEq1_newVersion_product.opb.xz,20
OPT-LIN/normalized-extraPB12/sroussel/benchsMusee/opb_Equals1_cod2_product/normalized-BA_RDC4.dot_fibo_10null10mast_rapportOE1.0_TMAX15_K67_cod2_pbEq1_newVersion_product.opb.xz,20
OPT-LIN/normalized-extraPB12/sroussel/benchsMusee/opb_Equals1_cod2_product/normalized-BA_RDC4.dot_fibo_10null10mast_rapportOE1.0_TMAX180_K67_cod2_pbEq1_newVersion_product.opb.xz,20
OPT-LIN/normalized-extraPB12/sroussel/benchsMusee/opb_Equals1_cod2_product/normalized-BA_RDC4.dot_fibo_10null10mast_rapportOE1.0_TMAX300_K67_cod2_pbEq1_newVersion_product.opb.xz,20
OPT-LIN/normalized-extraPB12/sroussel/benchsMusee/opb_Equals1_cod2_product/normalized-BA_RDC4.dot_fibo_10null10mast_rapportOE1.0_TMAX60_K67_cod2_pbEq1_newVersion_product.opb.xz,20
OPT-LIN/normalized-extraPB12/sroussel/benchsMusee/opb_Equals1_cod2_product/normalized-BA_RDC4.dot_fibo_10null10mast_rapportOE2.0_TMAX120_K67_cod2_pbEq1_newVersion_product.opb.xz,20
OPT-LIN/normalized-extraPB12/sroussel/benchsMusee/opb_Equals1_cod2_product/normalized-BA_RDC4.dot_fibo_10null10mast_rapportOE2.0_TMAX15_K67_cod2_pbEq1_newVersion_product.opb.xz,20
OPT-LIN/normalized-extraPB12/sroussel/benchsMusee/opb_Equals1_cod2_product/normalized-BA_RDC4.dot_fibo_10null10mast_rapportOE2.0_TMAX180_K67_cod2_pbEq1_newVersion_product.opb.xz,20
OPT-LIN/normalized-extraPB12/sroussel/benchsMusee/opb_Equals1_cod2_product/normalized-BA_RDC4.dot_fibo_10null10mast_rapportOE2.0_TMAX300_K67_cod2_pbEq1_newVersion_product.opb.xz,20
OPT-LIN/normalized-extraPB12/sroussel/benchsMusee/opb_Equals1_cod2_product/normalized-BA_RDC4.dot_fibo_10null10mast_rapportOE2.0_TMAX60_K67_cod2_pbEq1_newVersion_product.opb.xz,20
OPT-LIN/normalized-extraPB12/sroussel/benchsMusee/opb_Equals1_cod2_product/normalized-BA_RDC4.dot_fibo_10null20mast_rapportOE1.0_TMAX120_K67_cod2_pbEq1_newVersion_product.opb.xz,21
OPT-LIN/normalized-extraPB12/sroussel/benchsMusee/opb_Equals1_cod2_product/normalized-BA_RDC4.dot_fibo_10null20mast_rapportOE1.0_TMAX15_K67_cod2_pbEq1_newVersion_product.opb.xz,21
OPT-LIN/normalized-extraPB12/sroussel/benchsMusee/opb_Equals1_cod2_product/normalized-BA_RDC4.dot_fibo_10null20mast_rapportOE1.0_TMAX180_K67_cod2_pbEq1_newVersion_product.opb.xz,21
OPT-LIN/normalized-extraPB12/sroussel/benchsMusee/opb_Equals1_cod2_product/normalized-BA_RDC4.dot_fibo_10null20mast_rapportOE1.0_TMAX300_K67_cod2_pbEq1_newVersion_product.opb.xz,21
OPT-LIN/normalized-extraPB12/sroussel/benchsMusee/opb_Equals1_cod2_product/normalized-BA_RDC4.dot_fibo_10null20mast_rapportOE1.0_TMAX60_K67_cod2_pbEq1_newVersion_product.opb.xz,21
OPT-LIN/normalized-extraPB12/sroussel/benchsMusee/opb_Equals1_cod2_product/normalized-BA_RDC4.dot_fibo_10null20mast_rapportOE2.0_TMAX120_K67_cod2_pbEq1_newVersion_product.opb.xz,21
OPT-LIN/normalized-extraPB12/sroussel/benchsMusee/opb_Equals1_cod2_product/normalized-BA_RDC4.dot_fibo_10null20mast_rapportOE2.0_TMAX15_K67_cod2_pbEq1_newVersion_product.opb.xz,21
OPT-LIN/normalized-extraPB12/sroussel/benchsMusee/opb_Equals1_cod2_product/normalized-BA_RDC4.dot_fibo_10null20mast_rapportOE2.0_TMAX180_K67_cod2_pbEq1_newVersion_product.opb.xz,21
OPT-LIN/normalized-extraPB12/sroussel/benchsMusee/opb_Equals1_cod2_product/normalized-BA_RDC4.dot_fibo_10null20mast_rapportOE2.0_TMAX300_K67_cod2_pbEq1_newVersion_product.opb.xz,21
OPT-LIN/normalized-extraPB12/sroussel/benchsMusee/opb_Equals1_cod2_product/normalized-BA_RDC4.dot_fibo_10null20mast_rapportOE2.0_TMAX60_K67_cod2_pbEq1_newVersion_product.opb.xz,21
OPT-LIN/normalized-extraPB12/sroussel/benchsMusee/opb_Equals1_cod2_product/normalized-BA_RDC4.dot_fibo_10null50mast_rapportOE1.0_TMAX120_K67_cod2_pbEq1_newVersion_product.opb.xz,22
OPT-LIN/normalized-extraPB12/sroussel/benchsMusee/opb_Equals1_cod2_product/normalized-BA_RDC4.dot_fibo_10null50mast_rapportOE1.0_TMAX15_K67_cod2_pbEq1_newVersion_product.opb.xz,22
OPT-LIN/normalized-extraPB12/sroussel/benchsMusee/opb_Equals1_cod2_product/normalized-BA_RDC4.dot_fibo_10null50mast_rapportOE1.0_TMAX180_K67_cod2_pbEq1_newVersion_product.opb.xz,22
OPT-LIN/normalized-extraPB12/sroussel/benchsMusee/opb_Equals1_cod2_product/normalized-BA_RDC4.dot_fibo_10null50mast_rapportOE1.0_TMAX300_K67_cod2_pbEq1_newVersion_product.opb.xz,22
OPT-LIN/normalized-extraPB12/sroussel/benchsMusee/opb_Equals1_cod2_product/normalized-BA_RDC4.dot_fibo_10null50mast_rapportOE1.0_TMAX60_K67_cod2_pbEq1_newVersion_product.opb.xz,22
OPT-LIN/normalized-extraPB12/sroussel/benchsMusee/opb_Equals1_cod2_product/normalized-BA_RDC4.dot_fibo_10null50mast_rapportOE2.0_TMAX120_K67_cod2_pbEq1_newVersion_product.opb.xz,22
OPT-LIN/normalized-extraPB12/sroussel/benchsMusee/opb_Equals1_cod2_product/normalized-BA_RDC4.dot_fibo_10null50mast_rapportOE2.0_TMAX15_K67_cod2_pbEq1_newVersion_product.opb.xz,22
OPT-LIN/normalized-extraPB12/sroussel/benchsMusee/opb_Equals1_cod2_product/normalized-BA_RDC4.dot_fibo_10null50mast_rapportOE2.0_TMAX180_K67_cod2_pbEq1_newVersion_product.opb.xz,22
OPT-LIN/normalized-extraPB12/sroussel/benchsMusee/opb_Equals1_cod2_product/normalized-BA_RDC4.dot_fibo_10null50mast_rapportOE2.0_TMAX300_K67_cod2_pbEq1_newVersion_product.opb.xz,22
OPT-LIN/normalized-extraPB12/sroussel/benchsMusee/opb_Equals1_cod2_product/normalized-BA_RDC4.dot_fibo_10null50mast_rapportOE2.0_TMAX60_K67_cod2_pbEq1_newVersion_product.opb.xz,22
OPT-LIN/normalized-extraPB12/sroussel/benchsMusee/opb_Equals1_cod2_product/normalized-BA_RDC4.dot_fibo_20null0mast_rapportOE1.0_TMAX120_K67_cod2_pbEq1_newVersion_product.opb.xz,19
OPT-LIN/normalized-extraPB12/sroussel/benchsMusee/opb_Equals1_cod2_product/normalized-BA_RDC4.dot_fibo_20null0mast_rapportOE1.0_TMAX15_K67_cod2_pbEq1_newVersion_product.opb.xz,19
OPT-LIN/normalized-extraPB12/sroussel/benchsMusee/opb_Equals1_cod2_product/normalized-BA_RDC4.dot_fibo_20null0mast_rapportOE1.0_TMAX180_K67_cod2_pbEq1_newVersion_product.opb.xz,19
OPT-LIN/normalized-extraPB12/sroussel/benchsMusee/opb_Equals1_cod2_product/normalized-BA_RDC4.dot_fibo_20null0mast_rapportOE1.0_TMAX300_K67_cod2_pbEq1_newVersion_product.opb.xz,19
OPT-LIN/normalized-extraPB12/sroussel/benchsMusee/opb_Equals1_cod2_product/normalized-BA_RDC4.dot_fibo_20null0mast_rapportOE1.0_TMAX60_K67_cod2_pbEq1_newVersion_product.opb.xz,19
OPT-LIN/normalized-extraPB12/sroussel/benchsMusee/opb_Equals1_cod2_product/normalized-BA_RDC4.dot_fibo_20null0mast_rapportOE2.0_TMAX120_K67_cod2_pbEq1_newVersion_product.opb.xz,19
OPT-LIN/normalized-extraPB12/sroussel/benchsMusee/opb_Equals1_cod2_product/normalized-BA_RDC4.dot_fibo_20null0mast_rapportOE2.0_TMAX15_K67_cod2_pbEq1_newVersion_product.opb.xz,19
OPT-LIN/normalized-extraPB12/sroussel/benchsMusee/opb_Equals1_cod2_product/normalized-BA_RDC4.dot_fibo_20null0mast_rapportOE2.0_TMAX180_K67_cod2_pbEq1_newVersion_product.opb.xz,19
OPT-LIN/normalized-extraPB12/sroussel/benchsMusee/opb_Equals1_cod2_product/normalized-BA_RDC4.dot_fibo_20null0mast_rapportOE2.0_TMAX300_K67_cod2_pbEq1_newVersion_product.opb.xz,19
OPT-LIN/normalized-extraPB12/sroussel/benchsMusee/opb_Equals1_cod2_product/normalized-BA_RDC4.dot_fibo_20null0mast_rapportOE2.0_TMAX60_K67_cod2_pbEq1_newVersion_product.opb.xz,19
OPT-LIN/normalized-extraPB12/sroussel/benchsMusee/opb_Equals1_cod2_product/normalized-BA_RDC4.dot_fibo_20null10mast_rapportOE1.0_TMAX120_K67_cod2_pbEq1_newVersion_product.opb.xz,20
OPT-LIN/normalized-extraPB12/sroussel/benchsMusee/opb_Equals1_cod2_product/normalized-BA_RDC4.dot_fibo_20null10mast_rapportOE1.0_TMAX15_K67_cod2_pbEq1_newVersion_product.opb.xz,20
OPT-LIN/normalized-extraPB12/sroussel/benchsMusee/opb_Equals1_cod2_product/normalized-BA_RDC4.dot_fibo_20null10mast_rapportOE1.0_TMAX180_K67_cod2_pbEq1_newVersion_product.opb.xz,20
OPT-LIN/normalized-extraPB12/sroussel/benchsMusee/opb_Equals1_cod2_product/normalized-BA_RDC4.dot_fibo_20null10mast_rapportOE1.0_TMAX300_K67_cod2_pbEq1_newVersion_product.opb.xz,20
OPT-LIN/normalized-extraPB12/sroussel/benchsMusee/opb_Equals1_cod2_product/normalized-BA_RDC4.dot_fibo_20null10mast_rapportOE1.0_TMAX60_K67_cod2_pbEq1_newVersion_product.opb.xz,20
OPT-LIN/normalized-extraPB12/sroussel/benchsMusee/opb_Equals1_cod2_product/normalized-BA_RDC4.dot_fibo_20null10mast_rapportOE2.0_TMAX120_K67_cod2_pbEq1_newVersion_product.opb.xz,20
OPT-LIN/normalized-extraPB12/sroussel/benchsMusee/opb_Equals1_cod2_product/normalized-BA_RDC4.dot_fibo_20null10mast_rapportOE2.0_TMAX15_K67_cod2_pbEq1_newVersion_product.opb.xz,20
OPT-LIN/normalized-extraPB12/sroussel/benchsMusee/opb_Equals1_cod2_product/normalized-BA_RDC4.dot_fibo_20null10mast_rapportOE2.0_TMAX180_K67_cod2_pbEq1_newVersion_product.opb.xz,20
OPT-LIN/normalized-extraPB12/sroussel/benchsMusee/opb_Equals1_cod2_product/normalized-BA_RDC4.dot_fibo_20null10mast_rapportOE2.0_TMAX300_K67_cod2_pbEq1_newVersion_product.opb.xz,20
OPT-LIN/normalized-extraPB12/sroussel/benchsMusee/opb_Equals1_cod2_product/normalized-BA_RDC4.dot_fibo_20null10mast_rapportOE2.0_TMAX60_K67_cod2_pbEq1_newVersion_product.opb.xz,20
OPT-LIN/normalized-extraPB12/sroussel/benchsMusee/opb_Equals1_cod2_product/normalized-BA_RDC4.dot_fibo_20null20mast_rapportOE1.0_TMAX120_K67_cod2_pbEq1_newVersion_product.opb.xz,21
OPT-LIN/normalized-extraPB12/sroussel/benchsMusee/opb_Equals1_cod2_product/normalized-BA_RDC4.dot_fibo_20null20mast_rapportOE1.0_TMAX15_K67_cod2_pbEq1_newVersion_product.opb.xz,21
OPT-LIN/normalized-extraPB12/sroussel/benchsMusee/opb_Equals1_cod2_product/normalized-BA_RDC4.dot_fibo_20null20mast_rapportOE1.0_TMAX180_K67_cod2_pbEq1_newVersion_product.opb.xz,21
OPT-LIN/normalized-extraPB12/sroussel/benchsMusee/opb_Equals1_cod2_product/normalized-BA_RDC4.dot_fibo_20null20mast_rapportOE1.0_TMAX300_K67_cod2_pbEq1_newVersion_product.opb.xz,21
OPT-LIN/normalized-extraPB12/sroussel/benchsMusee/opb_Equals1_cod2_product/normalized-BA_RDC4.dot_fibo_20null20mast_rapportOE1.0_TMAX60_K67_cod2_pbEq1_newVersion_product.opb.xz,21
OPT-LIN/normalized-extraPB12/sroussel/benchsMusee/opb_Equals1_cod2_product/normalized-BA_RDC4.dot_fibo_20null20mast_rapportOE2.0_TMAX120_K67_cod2_pbEq1_newVersion_product.opb.xz,21
OPT-LIN/normalized-extraPB12/sroussel/benchsMusee/opb_Equals1_cod2_product/normalized-BA_RDC4.dot_fibo_20null20mast_rapportOE2.0_TMAX15_K67_cod2_pbEq1_newVersion_product.opb.xz,21
OPT-LIN/normalized-extraPB12/sroussel/benchsMusee/opb_Equals1_cod2_product/normalized-BA_RDC4.dot_fibo_20null20mast_rapportOE2.0_TMAX180_K67_cod2_pbEq1_newVersion_product.opb.xz,21
OPT-LIN/normalized-extraPB12/sroussel/benchsMusee/opb_Equals1_cod2_product/normalized-BA_RDC4.dot_fibo_20null20mast_rapportOE2.0_TMAX300_K67_cod2_pbEq1_newVersion_product.opb.xz,21
OPT-LIN/normalized-extraPB12/sroussel/benchsMusee/opb_Equals1_cod2_product/normalized-BA_RDC4.dot_fibo_20null20mast_rapportOE2.0_TMAX60_K67_cod2_pbEq1_newVersion_product.opb.xz,21
OPT-LIN/normalized-extraPB12/sroussel/benchsMusee/opb_Equals1_cod2_product/normalized-BA_RDC4.dot_fibo_20null50mast_rapportOE1.0_TMAX120_K67_cod2_pbEq1_newVersion_product.opb.xz,22
OPT-LIN/normalized-extraPB12/sroussel/benchsMusee/opb_Equals1_cod2_product/normalized-BA_RDC4.dot_fibo_20null50mast_rapportOE1.0_TMAX15_K67_cod2_pbEq1_newVersion_product.opb.xz,22
OPT-LIN/normalized-extraPB12/sroussel/benchsMusee/opb_Equals1_cod2_product/normalized-BA_RDC4.dot_fibo_20null50mast_rapportOE1.0_TMAX180_K67_cod2_pbEq1_newVersion_product.opb.xz,22
OPT-LIN/normalized-extraPB12/sroussel/benchsMusee/opb_Equals1_cod2_product/normalized-BA_RDC4.dot_fibo_20null50mast_rapportOE1.0_TMAX300_K67_cod2_pbEq1_newVersion_product.opb.xz,22
OPT-LIN/normalized-extraPB12/sroussel/benchsMusee/opb_Equals1_cod2_product/normalized-BA_RDC4.dot_fibo_20null50mast_rapportOE1.0_TMAX60_K67_cod2_pbEq1_newVersion_product.opb.xz,22
OPT-LIN/normalized-extraPB12/sroussel/benchsMusee/opb_Equals1_cod2_product/normalized-BA_RDC4.dot_fibo_20null50mast_rapportOE2.0_TMAX120_K67_cod2_pbEq1_newVersion_product.opb.xz,22
OPT-LIN/normalized-extraPB12/sroussel/benchsMusee/opb_Equals1_cod2_product/normalized-BA_RDC4.dot_fibo_20null50mast_rapportOE2.0_TMAX15_K67_cod2_pbEq1_newVersion_product.opb.xz,22
OPT-LIN/normalized-extraPB12/sroussel/benchsMusee/opb_Equals1_cod2_product/normalized-BA_RDC4.dot_fibo_20null50mast_rapportOE2.0_TMAX180_K67_cod2_pbEq1_newVersion_product.opb.xz,22
OPT-LIN/normalized-extraPB12/sroussel/benchsMusee/opb_Equals1_cod2_product/normalized-BA_RDC4.dot_fibo_20null50mast_rapportOE2.0_TMAX300_K67_cod2_pbEq1_newVersion_product.opb.xz,22
OPT-LIN/normalized-extraPB12/sroussel/benchsMusee/opb_Equals1_cod2_product/normalized-BA_RDC4.dot_fibo_20null50mast_rapportOE2.0_TMAX60_K67_cod2_pbEq1_newVersion_product.opb.xz,22
OPT-LIN/normalized-extraPB12/sroussel/benchsMusee/opb_Equals1_cod2_product/normalized-BA_RDC4.dot_fibo_50null0mast_rapportOE1.0_TMAX120_K67_cod2_pbEq1_newVersion_product.opb.xz,18
OPT-LIN/normalized-extraPB12/sroussel/benchsMusee/opb_Equals1_cod2_product/normalized-BA_RDC4.dot_fibo_50null0mast_rapportOE1.0_TMAX15_K67_cod2_pbEq1_newVersion_product.opb.xz,18
OPT-LIN/normalized-extraPB12/sroussel/benchsMusee/opb_Equals1_cod2_product/normalized-BA_RDC4.dot_fibo_50null0mast_rapportOE1.0_TMAX180_K67_cod2_pbEq1_newVersion_product.opb.xz,18
OPT-LIN/normalized-extraPB12/sroussel/benchsMusee/opb_Equals1_cod2_product/normalized-BA_RDC4.dot_fibo_50null0mast_rapportOE1.0_TMAX300_K67_cod2_pbEq1_newVersion_product.opb.xz,18
OPT-LIN/normalized-extraPB12/sroussel/benchsMusee/opb_Equals1_cod2_product/normalized-BA_RDC4.dot_fibo_50null0mast_rapportOE1.0_TMAX60_K67_cod2_pbEq1_newVersion_product.opb.xz,18
OPT-LIN/normalized-extraPB12/sroussel/benchsMusee/opb_Equals1_cod2_product/normalized-BA_RDC4.dot_fibo_50null0mast_rapportOE2.0_TMAX120_K67_cod2_pbEq1_newVersion_product.opb.xz,18
OPT-LIN/normalized-extraPB12/sroussel/benchsMusee/opb_Equals1_cod2_product/normalized-BA_RDC4.dot_fibo_50null0mast_rapportOE2.0_TMAX15_K67_cod2_pbEq1_newVersion_product.opb.xz,18
OPT-LIN/normalized-extraPB12/sroussel/benchsMusee/opb_Equals1_cod2_product/normalized-BA_RDC4.dot_fibo_50null0mast_rapportOE2.0_TMAX180_K67_cod2_pbEq1_newVersion_product.opb.xz,18
OPT-LIN/normalized-extraPB12/sroussel/benchsMusee/opb_Equals1_cod2_product/normalized-BA_RDC4.dot_fibo_50null0mast_rapportOE2.0_TMAX300_K67_cod2_pbEq1_newVersion_product.opb.xz,18
OPT-LIN/normalized-extraPB12/sroussel/benchsMusee/opb_Equals1_cod2_product/normalized-BA_RDC4.dot_fibo_50null0mast_rapportOE2.0_TMAX60_K67_cod2_pbEq1_newVersion_product.opb.xz,18
OPT-LIN/normalized-extraPB12/sroussel/benchsMusee/opb_Equals1_cod2_product/normalized-BA_RDC4.dot_fibo_50null10mast_rapportOE1.0_TMAX120_K67_cod2_pbEq1_newVersion_product.opb.xz,20
OPT-LIN/normalized-extraPB12/sroussel/benchsMusee/opb_Equals1_cod2_product/normalized-BA_RDC4.dot_fibo_50null10mast_rapportOE1.0_TMAX15_K67_cod2_pbEq1_newVersion_product.opb.xz,20
OPT-LIN/normalized-extraPB12/sroussel/benchsMusee/opb_Equals1_cod2_product/normalized-BA_RDC4.dot_fibo_50null10mast_rapportOE1.0_TMAX180_K67_cod2_pbEq1_newVersion_product.opb.xz,20
OPT-LIN/normalized-extraPB12/sroussel/benchsMusee/opb_Equals1_cod2_product/normalized-BA_RDC4.dot_fibo_50null10mast_rapportOE1.0_TMAX300_K67_cod2_pbEq1_newVersion_product.opb.xz,20
OPT-LIN/normalized-extraPB12/sroussel/benchsMusee/opb_Equals1_cod2_product/normalized-BA_RDC4.dot_fibo_50null10mast_rapportOE1.0_TMAX60_K67_cod2_pbEq1_newVersion_product.opb.xz,20
OPT-LIN/normalized-extraPB12/sroussel/benchsMusee/opb_Equals1_cod2_product/normalized-BA_RDC4.dot_fibo_50null10mast_rapportOE2.0_TMAX120_K67_cod2_pbEq1_newVersion_product.opb.xz,20
OPT-LIN/normalized-extraPB12/sroussel/benchsMusee/opb_Equals1_cod2_product/normalized-BA_RDC4.dot_fibo_50null10mast_rapportOE2.0_TMAX15_K67_cod2_pbEq1_newVersion_product.opb.xz,20
OPT-LIN/normalized-extraPB12/sroussel/benchsMusee/opb_Equals1_cod2_product/normalized-BA_RDC4.dot_fibo_50null10mast_rapportOE2.0_TMAX180_K67_cod2_pbEq1_newVersion_product.opb.xz,20
OPT-LIN/normalized-extraPB12/sroussel/benchsMusee/opb_Equals1_cod2_product/normalized-BA_RDC4.dot_fibo_50null10mast_rapportOE2.0_TMAX300_K67_cod2_pbEq1_newVersion_product.opb.xz,20
OPT-LIN/normalized-extraPB12/sroussel/benchsMusee/opb_Equals1_cod2_product/normalized-BA_RDC4.dot_fibo_50null10mast_rapportOE2.0_TMAX60_K67_cod2_pbEq1_newVersion_product.opb.xz,20
OPT-LIN/normalized-extraPB12/sroussel/benchsMusee/opb_Equals1_cod2_product/normalized-BA_RDC4.dot_fibo_50null20mast_rapportOE1.0_TMAX120_K67_cod2_pbEq1_newVersion_product.opb.xz,21
OPT-LIN/normalized-extraPB12/sroussel/benchsMusee/opb_Equals1_cod2_product/normalized-BA_RDC4.dot_fibo_50null20mast_rapportOE1.0_TMAX15_K67_cod2_pbEq1_newVersion_product.opb.xz,21
OPT-LIN/normalized-extraPB12/sroussel/benchsMusee/opb_Equals1_cod2_product/normalized-BA_RDC4.dot_fibo_50null20mast_rapportOE1.0_TMAX180_K67_cod2_pbEq1_newVersion_product.opb.xz,21
OPT-LIN/normalized-extraPB12/sroussel/benchsMusee/opb_Equals1_cod2_product/normalized-BA_RDC4.dot_fibo_50null20mast_rapportOE1.0_TMAX300_K67_cod2_pbEq1_newVersion_product.opb.xz,21
OPT-LIN/normalized-extraPB12/sroussel/benchsMusee/opb_Equals1_cod2_product/normalized-BA_RDC4.dot_fibo_50null20mast_rapportOE1.0_TMAX60_K67_cod2_pbEq1_newVersion_product.opb.xz,21
OPT-LIN/normalized-extraPB12/sroussel/benchsMusee/opb_Equals1_cod2_product/normalized-BA_RDC4.dot_fibo_50null20mast_rapportOE2.0_TMAX120_K67_cod2_pbEq1_newVersion_product.opb.xz,21
OPT-LIN/normalized-extraPB12/sroussel/benchsMusee/opb_Equals1_cod2_product/normalized-BA_RDC4.dot_fibo_50null20mast_rapportOE2.0_TMAX15_K67_cod2_pbEq1_newVersion_product.opb.xz,21
OPT-LIN/normalized-extraPB12/sroussel/benchsMusee/opb_Equals1_cod2_product/normalized-BA_RDC4.dot_fibo_50null20mast_rapportOE2.0_TMAX180_K67_cod2_pbEq1_newVersion_product.opb.xz,21
OPT-LIN/normalized-extraPB12/sroussel/benchsMusee/opb_Equals1_cod2_product/normalized-BA_RDC4.dot_fibo_50null20mast_rapportOE2.0_TMAX300_K67_cod2_pbEq1_newVersion_product.opb.xz,21
OPT-LIN/normalized-extraPB12/sroussel/benchsMusee/opb_Equals1_cod2_product/normalized-BA_RDC4.dot_fibo_50null20mast_rapportOE2.0_TMAX60_K67_cod2_pbEq1_newVersion_product.opb.xz,21
OPT-LIN/normalized-extraPB12/sroussel/benchsMusee/opb_Equals1_cod2_product/normalized-BA_RDC4.dot_fibo_50null50mast_rapportOE1.0_TMAX120_K67_cod2_pbEq1_newVersion_product.opb.xz,14
OPT-LIN/normalized-extraPB12/sroussel/benchsMusee/opb_Equals1_cod2_product/normalized-BA_RDC4.dot_fibo_50null50mast_rapportOE1.0_TMAX15_K67_cod2_pbEq1_newVersion_product.opb.xz,14
OPT-LIN/normalized-extraPB12/sroussel/benchsMusee/opb_Equals1_cod2_product/normalized-BA_RDC4.dot_fibo_50null50mast_rapportOE1.0_TMAX180_K67_cod2_pbEq1_newVersion_product.opb.xz,14
OPT-LIN/normalized-extraPB12/sroussel/benchsMusee/opb_Equals1_cod2_product/normalized-BA_RDC4.dot_fibo_50null50mast_rapportOE1.0_TMAX300_K67_cod2_pbEq1_newVersion_product.opb.xz,14
OPT-LIN/normalized-extraPB12/sroussel/benchsMusee/opb_Equals1_cod2_product/normalized-BA_RDC4.dot_fibo_50null50mast_rapportOE1.0_TMAX60_K67_cod2_pbEq1_newVersion_product.opb.xz,14
OPT-LIN/normalized-extraPB12/sroussel/benchsMusee/opb_Equals1_cod2_product/normalized-BA_RDC4.dot_fibo_50null50mast_rapportOE2.0_TMAX120_K67_cod2_pbEq1_newVersion_product.opb.xz,14
OPT-LIN/normalized-extraPB12/sroussel/benchsMusee/opb_Equals1_cod2_product/normalized-BA_RDC4.dot_fibo_50null50mast_rapportOE2.0_TMAX15_K67_cod2_pbEq1_newVersion_product.opb.xz,14
OPT-LIN/normalized-extraPB12/sroussel/benchsMusee/opb_Equals1_cod2_product/normalized-BA_RDC4.dot_fibo_50null50mast_rapportOE2.0_TMAX180_K67_cod2_pbEq1_newVersion_product.opb.xz,14
OPT-LIN/normalized-extraPB12/sroussel/benchsMusee/opb_Equals1_cod2_product/normalized-BA_RDC4.dot_fibo_50null50mast_rapportOE2.0_TMAX300_K67_cod2_pbEq1_newVersion_product.opb.xz,14
OPT-LIN/normalized-extraPB12/sroussel/benchsMusee/opb_Equals1_cod2_product/normalized-BA_RDC4.dot_fibo_50null50mast_rapportOE2.0_TMAX60_K67_cod2_pbEq1_newVersion_product.opb.xz,14
OPT-LIN/normalized-extraPB12/sroussel/benchsMusee/opb_Equals1_cod2_product/normalized-BA_RDC4.dot_luby_0null0mast_rapportOE1.0_TMAX120_K67_cod2_pbEq1_newVersion_product.opb.xz,14
OPT-LIN/normalized-extraPB12/sroussel/benchsMusee/opb_Equals1_cod2_product/normalized-BA_RDC4.dot_luby_0null0mast_rapportOE1.0_TMAX15_K67_cod2_pbEq1_newVersion_product.opb.xz,14
OPT-LIN/normalized-extraPB12/sroussel/benchsMusee/opb_Equals1_cod2_product/normalized-BA_RDC4.dot_luby_0null0mast_rapportOE1.0_TMAX180_K67_cod2_pbEq1_newVersion_product.opb.xz,14
OPT-LIN/normalized-extraPB12/sroussel/benchsMusee/opb_Equals1_cod2_product/normalized-BA_RDC4.dot_luby_0null0mast_rapportOE1.0_TMAX300_K67_cod2_pbEq1_newVersion_product.opb.xz,14
OPT-LIN/normalized-extraPB12/sroussel/benchsMusee/opb_Equals1_cod2_product/normalized-BA_RDC4.dot_luby_0null0mast_rapportOE1.0_TMAX60_K67_cod2_pbEq1_newVersion_product.opb.xz,14
OPT-LIN/normalized-extraPB12/sroussel/benchsMusee/opb_Equals1_cod2_product/normalized-BA_RDC4.dot_luby_0null0mast_rapportOE2.0_TMAX120_K67_cod2_pbEq1_newVersion_product.opb.xz,14
OPT-LIN/normalized-extraPB12/sroussel/benchsMusee/opb_Equals1_cod2_product/normalized-BA_RDC4.dot_luby_0null0mast_rapportOE2.0_TMAX15_K67_cod2_pbEq1_newVersion_product.opb.xz,14
OPT-LIN/normalized-extraPB12/sroussel/benchsMusee/opb_Equals1_cod2_product/normalized-BA_RDC4.dot_luby_0null0mast_rapportOE2.0_TMAX180_K67_cod2_pbEq1_newVersion_product.opb.xz,14
OPT-LIN/normalized-extraPB12/sroussel/benchsMusee/opb_Equals1_cod2_product/normalized-BA_RDC4.dot_luby_0null0mast_rapportOE2.0_TMAX300_K67_cod2_pbEq1_newVersion_product.opb.xz,14
OPT-LIN/normalized-extraPB12/sroussel/benchsMusee/opb_Equals1_cod2_product/normalized-BA_RDC4.dot_luby_0null0mast_rapportOE2.0_TMAX60_K67_cod2_pbEq1_newVersion_product.opb.xz,14
OPT-LIN/normalized-extraPB12/sroussel/benchsMusee/opb_Equals1_cod2_product/normalized-BA_RDC4.dot_luby_0null10mast_rapportOE1.0_TMAX120_K67_cod2_pbEq1_newVersion_product.opb.xz,14
OPT-LIN/normalized-extraPB12/sroussel/benchsMusee/opb_Equals1_cod2_product/normalized-BA_RDC4.dot_luby_0null10mast_rapportOE1.0_TMAX15_K67_cod2_pbEq1_newVersion_product.opb.xz,14
OPT-LIN/normalized-extraPB12/sroussel/benchsMusee/opb_Equals1_cod2_product/normalized-BA_RDC4.dot_luby_0null10mast_rapportOE1.0_TMAX180_K67_cod2_pbEq1_newVersion_product.opb.xz,14
OPT-LIN/normalized-extraPB12/sroussel/benchsMusee/opb_Equals1_cod2_product/normalized-BA_RDC4.dot_luby_0null10mast_rapportOE1.0_TMAX300_K67_cod2_pbEq1_newVersion_product.opb.xz,14
OPT-LIN/normalized-extraPB12/sroussel/benchsMusee/opb_Equals1_cod2_product/normalized-BA_RDC4.dot_luby_0null10mast_rapportOE1.0_TMAX60_K67_cod2_pbEq1_newVersion_product.opb.xz,14
OPT-LIN/normalized-extraPB12/sroussel/benchsMusee/opb_Equals1_cod2_product/normalized-BA_RDC4.dot_luby_0null10mast_rapportOE2.0_TMAX120_K67_cod2_pbEq1_newVersion_product.opb.xz,14
OPT-LIN/normalized-extraPB12/sroussel/benchsMusee/opb_Equals1_cod2_product/normalized-BA_RDC4.dot_luby_0null10mast_rapportOE2.0_TMAX15_K67_cod2_pbEq1_newVersion_product.opb.xz,14
OPT-LIN/normalized-extraPB12/sroussel/benchsMusee/opb_Equals1_cod2_product/normalized-BA_RDC4.dot_luby_0null10mast_rapportOE2.0_TMAX180_K67_cod2_pbEq1_newVersion_product.opb.xz,14
OPT-LIN/normalized-extraPB12/sroussel/benchsMusee/opb_Equals1_cod2_product/normalized-BA_RDC4.dot_luby_0null10mast_rapportOE2.0_TMAX300_K67_cod2_pbEq1_newVersion_product.opb.xz,14
OPT-LIN/normalized-extraPB12/sroussel/benchsMusee/opb_Equals1_cod2_product/normalized-BA_RDC4.dot_luby_0null10mast_rapportOE2.0_TMAX60_K67_cod2_pbEq1_newVersion_product.opb.xz,14
OPT-LIN/normalized-extraPB12/sroussel/benchsMusee/opb_Equals1_cod2_product/normalized-BA_RDC4.dot_luby_0null20mast_rapportOE1.0_TMAX120_K67_cod2_pbEq1_newVersion_product.opb.xz,15
OPT-LIN/normalized-extraPB12/sroussel/benchsMusee/opb_Equals1_cod2_product/normalized-BA_RDC4.dot_luby_0null20mast_rapportOE1.0_TMAX15_K67_cod2_pbEq1_newVersion_product.opb.xz,15
OPT-LIN/normalized-extraPB12/sroussel/benchsMusee/opb_Equals1_cod2_product/normalized-BA_RDC4.dot_luby_0null20mast_rapportOE1.0_TMAX180_K67_cod2_pbEq1_newVersion_product.opb.xz,15
OPT-LIN/normalized-extraPB12/sroussel/benchsMusee/opb_Equals1_cod2_product/normalized-BA_RDC4.dot_luby_0null20mast_rapportOE1.0_TMAX300_K67_cod2_pbEq1_newVersion_product.opb.xz,15
OPT-LIN/normalized-extraPB12/sroussel/benchsMusee/opb_Equals1_cod2_product/normalized-BA_RDC4.dot_luby_0null20mast_rapportOE1.0_TMAX60_K67_cod2_pbEq1_newVersion_product.opb.xz,15
OPT-LIN/normalized-extraPB12/sroussel/benchsMusee/opb_Equals1_cod2_product/normalized-BA_RDC4.dot_luby_0null20mast_rapportOE2.0_TMAX120_K67_cod2_pbEq1_newVersion_product.opb.xz,15
OPT-LIN/normalized-extraPB12/sroussel/benchsMusee/opb_Equals1_cod2_product/normalized-BA_RDC4.dot_luby_0null20mast_rapportOE2.0_TMAX15_K67_cod2_pbEq1_newVersion_product.opb.xz,15
OPT-LIN/normalized-extraPB12/sroussel/benchsMusee/opb_Equals1_cod2_product/normalized-BA_RDC4.dot_luby_0null20mast_rapportOE2.0_TMAX180_K67_cod2_pbEq1_newVersion_product.opb.xz,15
OPT-LIN/normalized-extraPB12/sroussel/benchsMusee/opb_Equals1_cod2_product/normalized-BA_RDC4.dot_luby_0null20mast_rapportOE2.0_TMAX300_K67_cod2_pbEq1_newVersion_product.opb.xz,15
OPT-LIN/normalized-extraPB12/sroussel/benchsMusee/opb_Equals1_cod2_product/normalized-BA_RDC4.dot_luby_0null20mast_rapportOE2.0_TMAX60_K67_cod2_pbEq1_newVersion_product.opb.xz,15
OPT-LIN/normalized-extraPB12/sroussel/benchsMusee/opb_Equals1_cod2_product/normalized-BA_RDC4.dot_luby_0null50mast_rapportOE1.0_TMAX120_K67_cod2_pbEq1_newVersion_product.opb.xz,16
OPT-LIN/normalized-extraPB12/sroussel/benchsMusee/opb_Equals1_cod2_product/normalized-BA_RDC4.dot_luby_0null50mast_rapportOE1.0_TMAX15_K67_cod2_pbEq1_newVersion_product.opb.xz,16
OPT-LIN/normalized-extraPB12/sroussel/benchsMusee/opb_Equals1_cod2_product/normalized-BA_RDC4.dot_luby_0null50mast_rapportOE1.0_TMAX180_K67_cod2_pbEq1_newVersion_product.opb.xz,16
OPT-LIN/normalized-extraPB12/sroussel/benchsMusee/opb_Equals1_cod2_product/normalized-BA_RDC4.dot_luby_0null50mast_rapportOE1.0_TMAX300_K67_cod2_pbEq1_newVersion_product.opb.xz,16
OPT-LIN/normalized-extraPB12/sroussel/benchsMusee/opb_Equals1_cod2_product/normalized-BA_RDC4.dot_luby_0null50mast_rapportOE1.0_TMAX60_K67_cod2_pbEq1_newVersion_product.opb.xz,16
OPT-LIN/normalized-extraPB12/sroussel/benchsMusee/opb_Equals1_cod2_product/normalized-BA_RDC4.dot_luby_0null50mast_rapportOE2.0_TMAX120_K67_cod2_pbEq1_newVersion_product.opb.xz,16
OPT-LIN/normalized-extraPB12/sroussel/benchsMusee/opb_Equals1_cod2_product/normalized-BA_RDC4.dot_luby_0null50mast_rapportOE2.0_TMAX15_K67_cod2_pbEq1_newVersion_product.opb.xz,16
OPT-LIN/normalized-extraPB12/sroussel/benchsMusee/opb_Equals1_cod2_product/normalized-BA_RDC4.dot_luby_0null50mast_rapportOE2.0_TMAX180_K67_cod2_pbEq1_newVersion_product.opb.xz,16
OPT-LIN/normalized-extraPB12/sroussel/benchsMusee/opb_Equals1_cod2_product/normalized-BA_RDC4.dot_luby_0null50mast_rapportOE2.0_TMAX300_K67_cod2_pbEq1_newVersion_product.opb.xz,16
OPT-LIN/normalized-extraPB12/sroussel/benchsMusee/opb_Equals1_cod2_product/normalized-BA_RDC4.dot_luby_0null50mast_rapportOE2.0_TMAX60_K67_cod2_pbEq1_newVersion_product.opb.xz,16
OPT-LIN/normalized-extraPB12/sroussel/benchsMusee/opb_Equals1_cod2_product/normalized-BA_RDC4.dot_luby_10null0mast_rapportOE1.0_TMAX120_K67_cod2_pbEq1_newVersion_product.opb.xz,14
OPT-LIN/normalized-extraPB12/sroussel/benchsMusee/opb_Equals1_cod2_product/normalized-BA_RDC4.dot_luby_10null0mast_rapportOE1.0_TMAX15_K67_cod2_pbEq1_newVersion_product.opb.xz,14
OPT-LIN/normalized-extraPB12/sroussel/benchsMusee/opb_Equals1_cod2_product/normalized-BA_RDC4.dot_luby_10null0mast_rapportOE1.0_TMAX180_K67_cod2_pbEq1_newVersion_product.opb.xz,14
OPT-LIN/normalized-extraPB12/sroussel/benchsMusee/opb_Equals1_cod2_product/normalized-BA_RDC4.dot_luby_10null0mast_rapportOE1.0_TMAX300_K67_cod2_pbEq1_newVersion_product.opb.xz,14
OPT-LIN/normalized-extraPB12/sroussel/benchsMusee/opb_Equals1_cod2_product/normalized-BA_RDC4.dot_luby_10null0mast_rapportOE1.0_TMAX60_K67_cod2_pbEq1_newVersion_product.opb.xz,14
OPT-LIN/normalized-extraPB12/sroussel/benchsMusee/opb_Equals1_cod2_product/normalized-BA_RDC4.dot_luby_10null0mast_rapportOE2.0_TMAX120_K67_cod2_pbEq1_newVersion_product.opb.xz,14
OPT-LIN/normalized-extraPB12/sroussel/benchsMusee/opb_Equals1_cod2_product/normalized-BA_RDC4.dot_luby_10null0mast_rapportOE2.0_TMAX15_K67_cod2_pbEq1_newVersion_product.opb.xz,14
OPT-LIN/normalized-extraPB12/sroussel/benchsMusee/opb_Equals1_cod2_product/normalized-BA_RDC4.dot_luby_10null0mast_rapportOE2.0_TMAX180_K67_cod2_pbEq1_newVersion_product.opb.xz,14
OPT-LIN/normalized-extraPB12/sroussel/benchsMusee/opb_Equals1_cod2_product/normalized-BA_RDC4.dot_luby_10null0mast_rapportOE2.0_TMAX300_K67_cod2_pbEq1_newVersion_product.opb.xz,14
OPT-LIN/normalized-extraPB12/sroussel/benchsMusee/opb_Equals1_cod2_product/normalized-BA_RDC4.dot_luby_10null0mast_rapportOE2.0_TMAX60_K67_cod2_pbEq1_newVersion_product.opb.xz,14
OPT-LIN/normalized-extraPB12/sroussel/benchsMusee/opb_Equals1_cod2_product/normalized-BA_RDC4.dot_luby_10null10mast_rapportOE1.0_TMAX120_K67_cod2_pbEq1_newVersion_product.opb.xz,14
OPT-LIN/normalized-extraPB12/sroussel/benchsMusee/opb_Equals1_cod2_product/normalized-BA_RDC4.dot_luby_10null10mast_rapportOE1.0_TMAX15_K67_cod2_pbEq1_newVersion_product.opb.xz,14
OPT-LIN/normalized-extraPB12/sroussel/benchsMusee/opb_Equals1_cod2_product/normalized-BA_RDC4.dot_luby_10null10mast_rapportOE1.0_TMAX180_K67_cod2_pbEq1_newVersion_product.opb.xz,14
OPT-LIN/normalized-extraPB12/sroussel/benchsMusee/opb_Equals1_cod2_product/normalized-BA_RDC4.dot_luby_10null10mast_rapportOE1.0_TMAX300_K67_cod2_pbEq1_newVersion_product.opb.xz,14
OPT-LIN/normalized-extraPB12/sroussel/benchsMusee/opb_Equals1_cod2_product/normalized-BA_RDC4.dot_luby_10null10mast_rapportOE1.0_TMAX60_K67_cod2_pbEq1_newVersion_product.opb.xz,14
OPT-LIN/normalized-extraPB12/sroussel/benchsMusee/opb_Equals1_cod2_product/normalized-BA_RDC4.dot_luby_10null10mast_rapportOE2.0_TMAX120_K67_cod2_pbEq1_newVersion_product.opb.xz,14
OPT-LIN/normalized-extraPB12/sroussel/benchsMusee/opb_Equals1_cod2_product/normalized-BA_RDC4.dot_luby_10null10mast_rapportOE2.0_TMAX15_K67_cod2_pbEq1_newVersion_product.opb.xz,14
OPT-LIN/normalized-extraPB12/sroussel/benchsMusee/opb_Equals1_cod2_product/normalized-BA_RDC4.dot_luby_10null10mast_rapportOE2.0_TMAX180_K67_cod2_pbEq1_newVersion_product.opb.xz,14
OPT-LIN/normalized-extraPB12/sroussel/benchsMusee/opb_Equals1_cod2_product/normalized-BA_RDC4.dot_luby_10null10mast_rapportOE2.0_TMAX300_K67_cod2_pbEq1_newVersion_product.opb.xz,14
OPT-LIN/normalized-extraPB12/sroussel/benchsMusee/opb_Equals1_cod2_product/normalized-BA_RDC4.dot_luby_10null10mast_rapportOE2.0_TMAX60_K67_cod2_pbEq1_newVersion_product.opb.xz,14
OPT-LIN/normalized-extraPB12/sroussel/benchsMusee/opb_Equals1_cod2_product/normalized-BA_RDC4.dot_luby_10null20mast_rapportOE1.0_TMAX120_K67_cod2_pbEq1_newVersion_product.opb.xz,15
OPT-LIN/normalized-extraPB12/sroussel/benchsMusee/opb_Equals1_cod2_product/normalized-BA_RDC4.dot_luby_10null20mast_rapportOE1.0_TMAX15_K67_cod2_pbEq1_newVersion_product.opb.xz,15
OPT-LIN/normalized-extraPB12/sroussel/benchsMusee/opb_Equals1_cod2_product/normalized-BA_RDC4.dot_luby_10null20mast_rapportOE1.0_TMAX180_K67_cod2_pbEq1_newVersion_product.opb.xz,15
OPT-LIN/normalized-extraPB12/sroussel/benchsMusee/opb_Equals1_cod2_product/normalized-BA_RDC4.dot_luby_10null20mast_rapportOE1.0_TMAX300_K67_cod2_pbEq1_newVersion_product.opb.xz,15
OPT-LIN/normalized-extraPB12/sroussel/benchsMusee/opb_Equals1_cod2_product/normalized-BA_RDC4.dot_luby_10null20mast_rapportOE1.0_TMAX60_K67_cod2_pbEq1_newVersion_product.opb.xz,15
OPT-LIN/normalized-extraPB12/sroussel/benchsMusee/opb_Equals1_cod2_product/normalized-BA_RDC4.dot_luby_10null20mast_rapportOE2.0_TMAX120_K67_cod2_pbEq1_newVersion_product.opb.xz,15
OPT-LIN/normalized-extraPB12/sroussel/benchsMusee/opb_Equals1_cod2_product/normalized-BA_RDC4.dot_luby_10null20mast_rapportOE2.0_TMAX15_K67_cod2_pbEq1_newVersion_product.opb.xz,15
OPT-LIN/normalized-extraPB12/sroussel/benchsMusee/opb_Equals1_cod2_product/normalized-BA_RDC4.dot_luby_10null20mast_rapportOE2.0_TMAX180_K67_cod2_pbEq1_newVersion_product.opb.xz,15
OPT-LIN/normalized-extraPB12/sroussel/benchsMusee/opb_Equals1_cod2_product/normalized-BA_RDC4.dot_luby_10null20mast_rapportOE2.0_TMAX300_K67_cod2_pbEq1_newVersion_product.opb.xz,15
OPT-LIN/normalized-extraPB12/sroussel/benchsMusee/opb_Equals1_cod2_product/normalized-BA_RDC4.dot_luby_10null20mast_rapportOE2.0_TMAX60_K67_cod2_pbEq1_newVersion_product.opb.xz,15
OPT-LIN/normalized-extraPB12/sroussel/benchsMusee/opb_Equals1_cod2_product/normalized-BA_RDC4.dot_luby_10null50mast_rapportOE1.0_TMAX120_K67_cod2_pbEq1_newVersion_product.opb.xz,16
OPT-LIN/normalized-extraPB12/sroussel/benchsMusee/opb_Equals1_cod2_product/normalized-BA_RDC4.dot_luby_10null50mast_rapportOE1.0_TMAX15_K67_cod2_pbEq1_newVersion_product.opb.xz,16
OPT-LIN/normalized-extraPB12/sroussel/benchsMusee/opb_Equals1_cod2_product/normalized-BA_RDC4.dot_luby_10null50mast_rapportOE1.0_TMAX180_K67_cod2_pbEq1_newVersion_product.opb.xz,16
OPT-LIN/normalized-extraPB12/sroussel/benchsMusee/opb_Equals1_cod2_product/normalized-BA_RDC4.dot_luby_10null50mast_rapportOE1.0_TMAX300_K67_cod2_pbEq1_newVersion_product.opb.xz,16
OPT-LIN/normalized-extraPB12/sroussel/benchsMusee/opb_Equals1_cod2_product/normalized-BA_RDC4.dot_luby_10null50mast_rapportOE1.0_TMAX60_K67_cod2_pbEq1_newVersion_product.opb.xz,16
OPT-LIN/normalized-extraPB12/sroussel/benchsMusee/opb_Equals1_cod2_product/normalized-BA_RDC4.dot_luby_10null50mast_rapportOE2.0_TMAX120_K67_cod2_pbEq1_newVersion_product.opb.xz,16
OPT-LIN/normalized-extraPB12/sroussel/benchsMusee/opb_Equals1_cod2_product/normalized-BA_RDC4.dot_luby_10null50mast_rapportOE2.0_TMAX15_K67_cod2_pbEq1_newVersion_product.opb.xz,16
OPT-LIN/normalized-extraPB12/sroussel/benchsMusee/opb_Equals1_cod2_product/normalized-BA_RDC4.dot_luby_10null50mast_rapportOE2.0_TMAX180_K67_cod2_pbEq1_newVersion_product.opb.xz,16
OPT-LIN/normalized-extraPB12/sroussel/benchsMusee/opb_Equals1_cod2_product/normalized-BA_RDC4.dot_luby_10null50mast_rapportOE2.0_TMAX300_K67_cod2_pbEq1_newVersion_product.opb.xz,16
OPT-LIN/normalized-extraPB12/sroussel/benchsMusee/opb_Equals1_cod2_product/normalized-BA_RDC4.dot_luby_10null50mast_rapportOE2.0_TMAX60_K67_cod2_pbEq1_newVersion_product.opb.xz,16
OPT-LIN/normalized-extraPB12/sroussel/benchsMusee/opb_Equals1_cod2_product/normalized-BA_RDC4.dot_luby_20null0mast_rapportOE1.0_TMAX120_K67_cod2_pbEq1_newVersion_product.opb.xz,14
OPT-LIN/normalized-extraPB12/sroussel/benchsMusee/opb_Equals1_cod2_product/normalized-BA_RDC4.dot_luby_20null0mast_rapportOE1.0_TMAX15_K67_cod2_pbEq1_newVersion_product.opb.xz,14
OPT-LIN/normalized-extraPB12/sroussel/benchsMusee/opb_Equals1_cod2_product/normalized-BA_RDC4.dot_luby_20null0mast_rapportOE1.0_TMAX180_K67_cod2_pbEq1_newVersion_product.opb.xz,14
OPT-LIN/normalized-extraPB12/sroussel/benchsMusee/opb_Equals1_cod2_product/normalized-BA_RDC4.dot_luby_20null0mast_rapportOE1.0_TMAX300_K67_cod2_pbEq1_newVersion_product.opb.xz,14
OPT-LIN/normalized-extraPB12/sroussel/benchsMusee/opb_Equals1_cod2_product/normalized-BA_RDC4.dot_luby_20null0mast_rapportOE1.0_TMAX60_K67_cod2_pbEq1_newVersion_product.opb.xz,14
OPT-LIN/normalized-extraPB12/sroussel/benchsMusee/opb_Equals1_cod2_product/normalized-BA_RDC4.dot_luby_20null0mast_rapportOE2.0_TMAX120_K67_cod2_pbEq1_newVersion_product.opb.xz,14
OPT-LIN/normalized-extraPB12/sroussel/benchsMusee/opb_Equals1_cod2_product/normalized-BA_RDC4.dot_luby_20null0mast_rapportOE2.0_TMAX15_K67_cod2_pbEq1_newVersion_product.opb.xz,14
OPT-LIN/normalized-extraPB12/sroussel/benchsMusee/opb_Equals1_cod2_product/normalized-BA_RDC4.dot_luby_20null0mast_rapportOE2.0_TMAX180_K67_cod2_pbEq1_newVersion_product.opb.xz,14
OPT-LIN/normalized-extraPB12/sroussel/benchsMusee/opb_Equals1_cod2_product/normalized-BA_RDC4.dot_luby_20null0mast_rapportOE2.0_TMAX300_K67_cod2_pbEq1_newVersion_product.opb.xz,14
OPT-LIN/normalized-extraPB12/sroussel/benchsMusee/opb_Equals1_cod2_product/normalized-BA_RDC4.dot_luby_20null0mast_rapportOE2.0_TMAX60_K67_cod2_pbEq1_newVersion_product.opb.xz,14
OPT-LIN/normalized-extraPB12/sroussel/benchsMusee/opb_Equals1_cod2_product/normalized-BA_RDC4.dot_luby_20null10mast_rapportOE1.0_TMAX120_K67_cod2_pbEq1_newVersion_product.opb.xz,14
OPT-LIN/normalized-extraPB12/sroussel/benchsMusee/opb_Equals1_cod2_product/normalized-BA_RDC4.dot_luby_20null10mast_rapportOE1.0_TMAX15_K67_cod2_pbEq1_newVersion_product.opb.xz,14
OPT-LIN/normalized-extraPB12/sroussel/benchsMusee/opb_Equals1_cod2_product/normalized-BA_RDC4.dot_luby_20null10mast_rapportOE1.0_TMAX180_K67_cod2_pbEq1_newVersion_product.opb.xz,14
OPT-LIN/normalized-extraPB12/sroussel/benchsMusee/opb_Equals1_cod2_product/normalized-BA_RDC4.dot_luby_20null10mast_rapportOE1.0_TMAX300_K67_cod2_pbEq1_newVersion_product.opb.xz,14
OPT-LIN/normalized-extraPB12/sroussel/benchsMusee/opb_Equals1_cod2_product/normalized-BA_RDC4.dot_luby_20null10mast_rapportOE1.0_TMAX60_K67_cod2_pbEq1_newVersion_product.opb.xz,14
OPT-LIN/normalized-extraPB12/sroussel/benchsMusee/opb_Equals1_cod2_product/normalized-BA_RDC4.dot_luby_20null10mast_rapportOE2.0_TMAX120_K67_cod2_pbEq1_newVersion_product.opb.xz,14
OPT-LIN/normalized-extraPB12/sroussel/benchsMusee/opb_Equals1_cod2_product/normalized-BA_RDC4.dot_luby_20null10mast_rapportOE2.0_TMAX15_K67_cod2_pbEq1_newVersion_product.opb.xz,14
OPT-LIN/normalized-extraPB12/sroussel/benchsMusee/opb_Equals1_cod2_product/normalized-BA_RDC4.dot_luby_20null10mast_rapportOE2.0_TMAX180_K67_cod2_pbEq1_newVersion_product.opb.xz,14
OPT-LIN/normalized-extraPB12/sroussel/benchsMusee/opb_Equals1_cod2_product/normalized-BA_RDC4.dot_luby_20null10mast_rapportOE2.0_TMAX300_K67_cod2_pbEq1_newVersion_product.opb.xz,14
OPT-LIN/normalized-extraPB12/sroussel/benchsMusee/opb_Equals1_cod2_product/normalized-BA_RDC4.dot_luby_20null10mast_rapportOE2.0_TMAX60_K67_cod2_pbEq1_newVersion_product.opb.xz,14
OPT-LIN/normalized-extraPB12/sroussel/benchsMusee/opb_Equals1_cod2_product/normalized-BA_RDC4.dot_luby_20null20mast_rapportOE1.0_TMAX120_K67_cod2_pbEq1_newVersion_product.opb.xz,15
OPT-LIN/normalized-extraPB12/sroussel/benchsMusee/opb_Equals1_cod2_product/normalized-BA_RDC4.dot_luby_20null20mast_rapportOE1.0_TMAX15_K67_cod2_pbEq1_newVersion_product.opb.xz,15
OPT-LIN/normalized-extraPB12/sroussel/benchsMusee/opb_Equals1_cod2_product/normalized-BA_RDC4.dot_luby_20null20mast_rapportOE1.0_TMAX180_K67_cod2_pbEq1_newVersion_product.opb.xz,15
OPT-LIN/normalized-extraPB12/sroussel/benchsMusee/opb_Equals1_cod2_product/normalized-BA_RDC4.dot_luby_20null20mast_rapportOE1.0_TMAX300_K67_cod2_pbEq1_newVersion_product.opb.xz,15
OPT-LIN/normalized-extraPB12/sroussel/benchsMusee/opb_Equals1_cod2_product/normalized-BA_RDC4.dot_luby_20null20mast_rapportOE1.0_TMAX60_K67_cod2_pbEq1_newVersion_product.opb.xz,15
OPT-LIN/normalized-extraPB12/sroussel/benchsMusee/opb_Equals1_cod2_product/normalized-BA_RDC4.dot_luby_20null20mast_rapportOE2.0_TMAX120_K67_cod2_pbEq1_newVersion_product.opb.xz,15
OPT-LIN/normalized-extraPB12/sroussel/benchsMusee/opb_Equals1_cod2_product/normalized-BA_RDC4.dot_luby_20null20mast_rapportOE2.0_TMAX15_K67_cod2_pbEq1_newVersion_product.opb.xz,15
OPT-LIN/normalized-extraPB12/sroussel/benchsMusee/opb_Equals1_cod2_product/normalized-BA_RDC4.dot_luby_20null20mast_rapportOE2.0_TMAX180_K67_cod2_pbEq1_newVersion_product.opb.xz,15
OPT-LIN/normalized-extraPB12/sroussel/benchsMusee/opb_Equals1_cod2_product/normalized-BA_RDC4.dot_luby_20null20mast_rapportOE2.0_TMAX300_K67_cod2_pbEq1_newVersion_product.opb.xz,15
OPT-LIN/normalized-extraPB12/sroussel/benchsMusee/opb_Equals1_cod2_product/normalized-BA_RDC4.dot_luby_20null20mast_rapportOE2.0_TMAX60_K67_cod2_pbEq1_newVersion_product.opb.xz,15
OPT-LIN/normalized-extraPB12/sroussel/benchsMusee/opb_Equals1_cod2_product/normalized-BA_RDC4.dot_luby_20null50mast_rapportOE1.0_TMAX120_K67_cod2_pbEq1_newVersion_product.opb.xz,16
OPT-LIN/normalized-extraPB12/sroussel/benchsMusee/opb_Equals1_cod2_product/normalized-BA_RDC4.dot_luby_20null50mast_rapportOE1.0_TMAX15_K67_cod2_pbEq1_newVersion_product.opb.xz,16
OPT-LIN/normalized-extraPB12/sroussel/benchsMusee/opb_Equals1_cod2_product/normalized-BA_RDC4.dot_luby_20null50mast_rapportOE1.0_TMAX180_K67_cod2_pbEq1_newVersion_product.opb.xz,16
OPT-LIN/normalized-extraPB12/sroussel/benchsMusee/opb_Equals1_cod2_product/normalized-BA_RDC4.dot_luby_20null50mast_rapportOE1.0_TMAX300_K67_cod2_pbEq1_newVersion_product.opb.xz,16
OPT-LIN/normalized-extraPB12/sroussel/benchsMusee/opb_Equals1_cod2_product/normalized-BA_RDC4.dot_luby_20null50mast_rapportOE1.0_TMAX60_K67_cod2_pbEq1_newVersion_product.opb.xz,16
OPT-LIN/normalized-extraPB12/sroussel/benchsMusee/opb_Equals1_cod2_product/normalized-BA_RDC4.dot_luby_20null50mast_rapportOE2.0_TMAX120_K67_cod2_pbEq1_newVersion_product.opb.xz,16
OPT-LIN/normalized-extraPB12/sroussel/benchsMusee/opb_Equals1_cod2_product/normalized-BA_RDC4.dot_luby_20null50mast_rapportOE2.0_TMAX15_K67_cod2_pbEq1_newVersion_product.opb.xz,16
OPT-LIN/normalized-extraPB12/sroussel/benchsMusee/opb_Equals1_cod2_product/normalized-BA_RDC4.dot_luby_20null50mast_rapportOE2.0_TMAX180_K67_cod2_pbEq1_newVersion_product.opb.xz,16
OPT-LIN/normalized-extraPB12/sroussel/benchsMusee/opb_Equals1_cod2_product/normalized-BA_RDC4.dot_luby_20null50mast_rapportOE2.0_TMAX300_K67_cod2_pbEq1_newVersion_product.opb.xz,16
OPT-LIN/normalized-extraPB12/sroussel/benchsMusee/opb_Equals1_cod2_product/normalized-BA_RDC4.dot_luby_20null50mast_rapportOE2.0_TMAX60_K67_cod2_pbEq1_newVersion_product.opb.xz,16
OPT-LIN/normalized-extraPB12/sroussel/benchsMusee/opb_Equals1_cod2_product/normalized-BA_RDC4.dot_luby_50null0mast_rapportOE1.0_TMAX120_K67_cod2_pbEq1_newVersion_product.opb.xz,14
OPT-LIN/normalized-extraPB12/sroussel/benchsMusee/opb_Equals1_cod2_product/normalized-BA_RDC4.dot_luby_50null0mast_rapportOE1.0_TMAX15_K67_cod2_pbEq1_newVersion_product.opb.xz,14
OPT-LIN/normalized-extraPB12/sroussel/benchsMusee/opb_Equals1_cod2_product/normalized-BA_RDC4.dot_luby_50null0mast_rapportOE1.0_TMAX180_K67_cod2_pbEq1_newVersion_product.opb.xz,14
OPT-LIN/normalized-extraPB12/sroussel/benchsMusee/opb_Equals1_cod2_product/normalized-BA_RDC4.dot_luby_50null0mast_rapportOE1.0_TMAX300_K67_cod2_pbEq1_newVersion_product.opb.xz,14
OPT-LIN/normalized-extraPB12/sroussel/benchsMusee/opb_Equals1_cod2_product/normalized-BA_RDC4.dot_luby_50null0mast_rapportOE1.0_TMAX60_K67_cod2_pbEq1_newVersion_product.opb.xz,14
OPT-LIN/normalized-extraPB12/sroussel/benchsMusee/opb_Equals1_cod2_product/normalized-BA_RDC4.dot_luby_50null0mast_rapportOE2.0_TMAX120_K67_cod2_pbEq1_newVersion_product.opb.xz,14
OPT-LIN/normalized-extraPB12/sroussel/benchsMusee/opb_Equals1_cod2_product/normalized-BA_RDC4.dot_luby_50null0mast_rapportOE2.0_TMAX15_K67_cod2_pbEq1_newVersion_product.opb.xz,14
OPT-LIN/normalized-extraPB12/sroussel/benchsMusee/opb_Equals1_cod2_product/normalized-BA_RDC4.dot_luby_50null0mast_rapportOE2.0_TMAX180_K67_cod2_pbEq1_newVersion_product.opb.xz,14
OPT-LIN/normalized-extraPB12/sroussel/benchsMusee/opb_Equals1_cod2_product/normalized-BA_RDC4.dot_luby_50null0mast_rapportOE2.0_TMAX300_K67_cod2_pbEq1_newVersion_product.opb.xz,14
OPT-LIN/normalized-extraPB12/sroussel/benchsMusee/opb_Equals1_cod2_product/normalized-BA_RDC4.dot_luby_50null0mast_rapportOE2.0_TMAX60_K67_cod2_pbEq1_newVersion_product.opb.xz,14
OPT-LIN/normalized-extraPB12/sroussel/benchsMusee/opb_Equals1_cod2_product/normalized-BA_RDC4.dot_luby_50null10mast_rapportOE1.0_TMAX120_K67_cod2_pbEq1_newVersion_product.opb.xz,14
OPT-LIN/normalized-extraPB12/sroussel/benchsMusee/opb_Equals1_cod2_product/normalized-BA_RDC4.dot_luby_50null10mast_rapportOE1.0_TMAX15_K67_cod2_pbEq1_newVersion_product.opb.xz,14
OPT-LIN/normalized-extraPB12/sroussel/benchsMusee/opb_Equals1_cod2_product/normalized-BA_RDC4.dot_luby_50null10mast_rapportOE1.0_TMAX180_K67_cod2_pbEq1_newVersion_product.opb.xz,14
OPT-LIN/normalized-extraPB12/sroussel/benchsMusee/opb_Equals1_cod2_product/normalized-BA_RDC4.dot_luby_50null10mast_rapportOE1.0_TMAX300_K67_cod2_pbEq1_newVersion_product.opb.xz,14
OPT-LIN/normalized-extraPB12/sroussel/benchsMusee/opb_Equals1_cod2_product/normalized-BA_RDC4.dot_luby_50null10mast_rapportOE1.0_TMAX60_K67_cod2_pbEq1_newVersion_product.opb.xz,14
OPT-LIN/normalized-extraPB12/sroussel/benchsMusee/opb_Equals1_cod2_product/normalized-BA_RDC4.dot_luby_50null10mast_rapportOE2.0_TMAX120_K67_cod2_pbEq1_newVersion_product.opb.xz,14
OPT-LIN/normalized-extraPB12/sroussel/benchsMusee/opb_Equals1_cod2_product/normalized-BA_RDC4.dot_luby_50null10mast_rapportOE2.0_TMAX15_K67_cod2_pbEq1_newVersion_product.opb.xz,14
OPT-LIN/normalized-extraPB12/sroussel/benchsMusee/opb_Equals1_cod2_product/normalized-BA_RDC4.dot_luby_50null10mast_rapportOE2.0_TMAX180_K67_cod2_pbEq1_newVersion_product.opb.xz,14
OPT-LIN/normalized-extraPB12/sroussel/benchsMusee/opb_Equals1_cod2_product/normalized-BA_RDC4.dot_luby_50null10mast_rapportOE2.0_TMAX300_K67_cod2_pbEq1_newVersion_product.opb.xz,14
OPT-LIN/normalized-extraPB12/sroussel/benchsMusee/opb_Equals1_cod2_product/normalized-BA_RDC4.dot_luby_50null10mast_rapportOE2.0_TMAX60_K67_cod2_pbEq1_newVersion_product.opb.xz,14
OPT-LIN/normalized-extraPB12/sroussel/benchsMusee/opb_Equals1_cod2_product/normalized-BA_RDC4.dot_luby_50null20mast_rapportOE1.0_TMAX120_K67_cod2_pbEq1_newVersion_product.opb.xz,15
OPT-LIN/normalized-extraPB12/sroussel/benchsMusee/opb_Equals1_cod2_product/normalized-BA_RDC4.dot_luby_50null20mast_rapportOE1.0_TMAX15_K67_cod2_pbEq1_newVersion_product.opb.xz,15
OPT-LIN/normalized-extraPB12/sroussel/benchsMusee/opb_Equals1_cod2_product/normalized-BA_RDC4.dot_luby_50null20mast_rapportOE1.0_TMAX180_K67_cod2_pbEq1_newVersion_product.opb.xz,15
OPT-LIN/normalized-extraPB12/sroussel/benchsMusee/opb_Equals1_cod2_product/normalized-BA_RDC4.dot_luby_50null20mast_rapportOE1.0_TMAX300_K67_cod2_pbEq1_newVersion_product.opb.xz,15
OPT-LIN/normalized-extraPB12/sroussel/benchsMusee/opb_Equals1_cod2_product/normalized-BA_RDC4.dot_luby_50null20mast_rapportOE1.0_TMAX60_K67_cod2_pbEq1_newVersion_product.opb.xz,15
OPT-LIN/normalized-extraPB12/sroussel/benchsMusee/opb_Equals1_cod2_product/normalized-BA_RDC4.dot_luby_50null20mast_rapportOE2.0_TMAX120_K67_cod2_pbEq1_newVersion_product.opb.xz,15
OPT-LIN/normalized-extraPB12/sroussel/benchsMusee/opb_Equals1_cod2_product/normalized-BA_RDC4.dot_luby_50null20mast_rapportOE2.0_TMAX15_K67_cod2_pbEq1_newVersion_product.opb.xz,15
OPT-LIN/normalized-extraPB12/sroussel/benchsMusee/opb_Equals1_cod2_product/normalized-BA_RDC4.dot_luby_50null20mast_rapportOE2.0_TMAX180_K67_cod2_pbEq1_newVersion_product.opb.xz,15
OPT-LIN/normalized-extraPB12/sroussel/benchsMusee/opb_Equals1_cod2_product/normalized-BA_RDC4.dot_luby_50null20mast_rapportOE2.0_TMAX300_K67_cod2_pbEq1_newVersion_product.opb.xz,15
OPT-LIN/normalized-extraPB12/sroussel/benchsMusee/opb_Equals1_cod2_product/normalized-BA_RDC4.dot_luby_50null20mast_rapportOE2.0_TMAX60_K67_cod2_pbEq1_newVersion_product.opb.xz,15
OPT-LIN/normalized-extraPB12/sroussel/benchsMusee/opb_Equals1_cod2_product/normalized-BA_RDC4.dot_luby_50null50mast_rapportOE1.0_TMAX120_K67_cod2_pbEq1_newVersion_product.opb.xz,14
OPT-LIN/normalized-extraPB12/sroussel/benchsMusee/opb_Equals1_cod2_product/normalized-BA_RDC4.dot_luby_50null50mast_rapportOE1.0_TMAX15_K67_cod2_pbEq1_newVersion_product.opb.xz,14
OPT-LIN/normalized-extraPB12/sroussel/benchsMusee/opb_Equals1_cod2_product/normalized-BA_RDC4.dot_luby_50null50mast_rapportOE1.0_TMAX180_K67_cod2_pbEq1_newVersion_product.opb.xz,14
OPT-LIN/normalized-extraPB12/sroussel/benchsMusee/opb_Equals1_cod2_product/normalized-BA_RDC4.dot_luby_50null50mast_rapportOE1.0_TMAX300_K67_cod2_pbEq1_newVersion_product.opb.xz,14
OPT-LIN/normalized-extraPB12/sroussel/benchsMusee/opb_Equals1_cod2_product/normalized-BA_RDC4.dot_luby_50null50mast_rapportOE1.0_TMAX60_K67_cod2_pbEq1_newVersion_product.opb.xz,14
OPT-LIN/normalized-extraPB12/sroussel/benchsMusee/opb_Equals1_cod2_product/normalized-BA_RDC4.dot_luby_50null50mast_rapportOE2.0_TMAX120_K67_cod2_pbEq1_newVersion_product.opb.xz,14
OPT-LIN/normalized-extraPB12/sroussel/benchsMusee/opb_Equals1_cod2_product/normalized-BA_RDC4.dot_luby_50null50mast_rapportOE2.0_TMAX15_K67_cod2_pbEq1_newVersion_product.opb.xz,14
OPT-LIN/normalized-extraPB12/sroussel/benchsMusee/opb_Equals1_cod2_product/normalized-BA_RDC4.dot_luby_50null50mast_rapportOE2.0_TMAX180_K67_cod2_pbEq1_newVersion_product.opb.xz,14
OPT-LIN/normalized-extraPB12/sroussel/benchsMusee/opb_Equals1_cod2_product/normalized-BA_RDC4.dot_luby_50null50mast_rapportOE2.0_TMAX300_K67_cod2_pbEq1_newVersion_product.opb.xz,14
OPT-LIN/normalized-extraPB12/sroussel/benchsMusee/opb_Equals1_cod2_product/normalized-BA_RDC4.dot_luby_50null50mast_rapportOE2.0_TMAX60_K67_cod2_pbEq1_newVersion_product.opb.xz,14
OPT-LIN/normalized-extraPB12/sroussel/benchsMusee/opb_Equals1_cod2_product/normalized-BA_RDC4.dot_unif_0null0mast_rapportOE1.0_TMAX120_K67_cod2_pbEq1_newVersion_product.opb.xz,18
OPT-LIN/normalized-extraPB12/sroussel/benchsMusee/opb_Equals1_cod2_product/normalized-BA_RDC4.dot_unif_0null0mast_rapportOE1.0_TMAX15_K67_cod2_pbEq1_newVersion_product.opb.xz,18
OPT-LIN/normalized-extraPB12/sroussel/benchsMusee/opb_Equals1_cod2_product/normalized-BA_RDC4.dot_unif_0null0mast_rapportOE1.0_TMAX180_K67_cod2_pbEq1_newVersion_product.opb.xz,18
OPT-LIN/normalized-extraPB12/sroussel/benchsMusee/opb_Equals1_cod2_product/normalized-BA_RDC4.dot_unif_0null0mast_rapportOE1.0_TMAX300_K67_cod2_pbEq1_newVersion_product.opb.xz,18
OPT-LIN/normalized-extraPB12/sroussel/benchsMusee/opb_Equals1_cod2_product/normalized-BA_RDC4.dot_unif_0null0mast_rapportOE1.0_TMAX60_K67_cod2_pbEq1_newVersion_product.opb.xz,18
OPT-LIN/normalized-extraPB12/sroussel/benchsMusee/opb_Equals1_cod2_product/normalized-BA_RDC4.dot_unif_0null0mast_rapportOE2.0_TMAX120_K67_cod2_pbEq1_newVersion_product.opb.xz,18
OPT-LIN/normalized-extraPB12/sroussel/benchsMusee/opb_Equals1_cod2_product/normalized-BA_RDC4.dot_unif_0null0mast_rapportOE2.0_TMAX15_K67_cod2_pbEq1_newVersion_product.opb.xz,18
OPT-LIN/normalized-extraPB12/sroussel/benchsMusee/opb_Equals1_cod2_product/normalized-BA_RDC4.dot_unif_0null0mast_rapportOE2.0_TMAX180_K67_cod2_pbEq1_newVersion_product.opb.xz,18
OPT-LIN/normalized-extraPB12/sroussel/benchsMusee/opb_Equals1_cod2_product/normalized-BA_RDC4.dot_unif_0null0mast_rapportOE2.0_TMAX300_K67_cod2_pbEq1_newVersion_product.opb.xz,18
OPT-LIN/normalized-extraPB12/sroussel/benchsMusee/opb_Equals1_cod2_product/normalized-BA_RDC4.dot_unif_0null0mast_rapportOE2.0_TMAX60_K67_cod2_pbEq1_newVersion_product.opb.xz,18
OPT-LIN/normalized-extraPB12/sroussel/benchsMusee/opb_Equals1_cod2_product/normalized-BA_RDC4.dot_unif_0null10mast_rapportOE1.0_TMAX120_K67_cod2_pbEq1_newVersion_product.opb.xz,19
OPT-LIN/normalized-extraPB12/sroussel/benchsMusee/opb_Equals1_cod2_product/normalized-BA_RDC4.dot_unif_0null10mast_rapportOE1.0_TMAX15_K67_cod2_pbEq1_newVersion_product.opb.xz,19
OPT-LIN/normalized-extraPB12/sroussel/benchsMusee/opb_Equals1_cod2_product/normalized-BA_RDC4.dot_unif_0null10mast_rapportOE1.0_TMAX180_K67_cod2_pbEq1_newVersion_product.opb.xz,19
OPT-LIN/normalized-extraPB12/sroussel/benchsMusee/opb_Equals1_cod2_product/normalized-BA_RDC4.dot_unif_0null10mast_rapportOE1.0_TMAX300_K67_cod2_pbEq1_newVersion_product.opb.xz,19
OPT-LIN/normalized-extraPB12/sroussel/benchsMusee/opb_Equals1_cod2_product/normalized-BA_RDC4.dot_unif_0null10mast_rapportOE1.0_TMAX60_K67_cod2_pbEq1_newVersion_product.opb.xz,19
OPT-LIN/normalized-extraPB12/sroussel/benchsMusee/opb_Equals1_cod2_product/normalized-BA_RDC4.dot_unif_0null10mast_rapportOE2.0_TMAX120_K67_cod2_pbEq1_newVersion_product.opb.xz,18
OPT-LIN/normalized-extraPB12/sroussel/benchsMusee/opb_Equals1_cod2_product/normalized-BA_RDC4.dot_unif_0null10mast_rapportOE2.0_TMAX15_K67_cod2_pbEq1_newVersion_product.opb.xz,19
OPT-LIN/normalized-extraPB12/sroussel/benchsMusee/opb_Equals1_cod2_product/normalized-BA_RDC4.dot_unif_0null10mast_rapportOE2.0_TMAX180_K67_cod2_pbEq1_newVersion_product.opb.xz,19
OPT-LIN/normalized-extraPB12/sroussel/benchsMusee/opb_Equals1_cod2_product/normalized-BA_RDC4.dot_unif_0null10mast_rapportOE2.0_TMAX300_K67_cod2_pbEq1_newVersion_product.opb.xz,19
OPT-LIN/normalized-extraPB12/sroussel/benchsMusee/opb_Equals1_cod2_product/normalized-BA_RDC4.dot_unif_0null10mast_rapportOE2.0_TMAX60_K67_cod2_pbEq1_newVersion_product.opb.xz,19
OPT-LIN/normalized-extraPB12/sroussel/benchsMusee/opb_Equals1_cod2_product/normalized-BA_RDC4.dot_unif_0null20mast_rapportOE1.0_TMAX120_K67_cod2_pbEq1_newVersion_product.opb.xz,19
OPT-LIN/normalized-extraPB12/sroussel/benchsMusee/opb_Equals1_cod2_product/normalized-BA_RDC4.dot_unif_0null20mast_rapportOE1.0_TMAX15_K67_cod2_pbEq1_newVersion_product.opb.xz,19
OPT-LIN/normalized-extraPB12/sroussel/benchsMusee/opb_Equals1_cod2_product/normalized-BA_RDC4.dot_unif_0null20mast_rapportOE1.0_TMAX180_K67_cod2_pbEq1_newVersion_product.opb.xz,19
OPT-LIN/normalized-extraPB12/sroussel/benchsMusee/opb_Equals1_cod2_product/normalized-BA_RDC4.dot_unif_0null20mast_rapportOE1.0_TMAX300_K67_cod2_pbEq1_newVersion_product.opb.xz,19
OPT-LIN/normalized-extraPB12/sroussel/benchsMusee/opb_Equals1_cod2_product/normalized-BA_RDC4.dot_unif_0null20mast_rapportOE1.0_TMAX60_K67_cod2_pbEq1_newVersion_product.opb.xz,19
OPT-LIN/normalized-extraPB12/sroussel/benchsMusee/opb_Equals1_cod2_product/normalized-BA_RDC4.dot_unif_0null20mast_rapportOE2.0_TMAX120_K67_cod2_pbEq1_newVersion_product.opb.xz,19
OPT-LIN/normalized-extraPB12/sroussel/benchsMusee/opb_Equals1_cod2_product/normalized-BA_RDC4.dot_unif_0null20mast_rapportOE2.0_TMAX15_K67_cod2_pbEq1_newVersion_product.opb.xz,19
OPT-LIN/normalized-extraPB12/sroussel/benchsMusee/opb_Equals1_cod2_product/normalized-BA_RDC4.dot_unif_0null20mast_rapportOE2.0_TMAX180_K67_cod2_pbEq1_newVersion_product.opb.xz,19
OPT-LIN/normalized-extraPB12/sroussel/benchsMusee/opb_Equals1_cod2_product/normalized-BA_RDC4.dot_unif_0null20mast_rapportOE2.0_TMAX300_K67_cod2_pbEq1_newVersion_product.opb.xz,19
OPT-LIN/normalized-extraPB12/sroussel/benchsMusee/opb_Equals1_cod2_product/normalized-BA_RDC4.dot_unif_0null20mast_rapportOE2.0_TMAX60_K67_cod2_pbEq1_newVersion_product.opb.xz,19
OPT-LIN/normalized-extraPB12/sroussel/benchsMusee/opb_Equals1_cod2_product/normalized-BA_RDC4.dot_unif_0null50mast_rapportOE1.0_TMAX120_K67_cod2_pbEq1_newVersion_product.opb.xz,19
OPT-LIN/normalized-extraPB12/sroussel/benchsMusee/opb_Equals1_cod2_product/normalized-BA_RDC4.dot_unif_0null50mast_rapportOE1.0_TMAX15_K67_cod2_pbEq1_newVersion_product.opb.xz,19
OPT-LIN/normalized-extraPB12/sroussel/benchsMusee/opb_Equals1_cod2_product/normalized-BA_RDC4.dot_unif_0null50mast_rapportOE1.0_TMAX180_K67_cod2_pbEq1_newVersion_product.opb.xz,19
OPT-LIN/normalized-extraPB12/sroussel/benchsMusee/opb_Equals1_cod2_product/normalized-BA_RDC4.dot_unif_0null50mast_rapportOE1.0_TMAX300_K67_cod2_pbEq1_newVersion_product.opb.xz,19
OPT-LIN/normalized-extraPB12/sroussel/benchsMusee/opb_Equals1_cod2_product/normalized-BA_RDC4.dot_unif_0null50mast_rapportOE1.0_TMAX60_K67_cod2_pbEq1_newVersion_product.opb.xz,19
OPT-LIN/normalized-extraPB12/sroussel/benchsMusee/opb_Equals1_cod2_product/normalized-BA_RDC4.dot_unif_0null50mast_rapportOE2.0_TMAX120_K67_cod2_pbEq1_newVersion_product.opb.xz,19
OPT-LIN/normalized-extraPB12/sroussel/benchsMusee/opb_Equals1_cod2_product/normalized-BA_RDC4.dot_unif_0null50mast_rapportOE2.0_TMAX15_K67_cod2_pbEq1_newVersion_product.opb.xz,19
OPT-LIN/normalized-extraPB12/sroussel/benchsMusee/opb_Equals1_cod2_product/normalized-BA_RDC4.dot_unif_0null50mast_rapportOE2.0_TMAX180_K67_cod2_pbEq1_newVersion_product.opb.xz,19
OPT-LIN/normalized-extraPB12/sroussel/benchsMusee/opb_Equals1_cod2_product/normalized-BA_RDC4.dot_unif_0null50mast_rapportOE2.0_TMAX300_K67_cod2_pbEq1_newVersion_product.opb.xz,19
OPT-LIN/normalized-extraPB12/sroussel/benchsMusee/opb_Equals1_cod2_product/normalized-BA_RDC4.dot_unif_0null50mast_rapportOE2.0_TMAX60_K67_cod2_pbEq1_newVersion_product.opb.xz,19
OPT-LIN/normalized-extraPB12/sroussel/benchsMusee/opb_Equals1_cod2_product/normalized-BA_RDC4.dot_unif_10null0mast_rapportOE1.0_TMAX120_K67_cod2_pbEq1_newVersion_product.opb.xz,18
OPT-LIN/normalized-extraPB12/sroussel/benchsMusee/opb_Equals1_cod2_product/normalized-BA_RDC4.dot_unif_10null0mast_rapportOE1.0_TMAX15_K67_cod2_pbEq1_newVersion_product.opb.xz,18
OPT-LIN/normalized-extraPB12/sroussel/benchsMusee/opb_Equals1_cod2_product/normalized-BA_RDC4.dot_unif_10null0mast_rapportOE1.0_TMAX180_K67_cod2_pbEq1_newVersion_product.opb.xz,18
OPT-LIN/normalized-extraPB12/sroussel/benchsMusee/opb_Equals1_cod2_product/normalized-BA_RDC4.dot_unif_10null0mast_rapportOE1.0_TMAX300_K67_cod2_pbEq1_newVersion_product.opb.xz,18
OPT-LIN/normalized-extraPB12/sroussel/benchsMusee/opb_Equals1_cod2_product/normalized-BA_RDC4.dot_unif_10null0mast_rapportOE1.0_TMAX60_K67_cod2_pbEq1_newVersion_product.opb.xz,18
OPT-LIN/normalized-extraPB12/sroussel/benchsMusee/opb_Equals1_cod2_product/normalized-BA_RDC4.dot_unif_10null0mast_rapportOE2.0_TMAX120_K67_cod2_pbEq1_newVersion_product.opb.xz,18
OPT-LIN/normalized-extraPB12/sroussel/benchsMusee/opb_Equals1_cod2_product/normalized-BA_RDC4.dot_unif_10null0mast_rapportOE2.0_TMAX15_K67_cod2_pbEq1_newVersion_product.opb.xz,18
OPT-LIN/normalized-extraPB12/sroussel/benchsMusee/opb_Equals1_cod2_product/normalized-BA_RDC4.dot_unif_10null0mast_rapportOE2.0_TMAX180_K67_cod2_pbEq1_newVersion_product.opb.xz,18
OPT-LIN/normalized-extraPB12/sroussel/benchsMusee/opb_Equals1_cod2_product/normalized-BA_RDC4.dot_unif_10null0mast_rapportOE2.0_TMAX300_K67_cod2_pbEq1_newVersion_product.opb.xz,18
OPT-LIN/normalized-extraPB12/sroussel/benchsMusee/opb_Equals1_cod2_product/normalized-BA_RDC4.dot_unif_10null0mast_rapportOE2.0_TMAX60_K67_cod2_pbEq1_newVersion_product.opb.xz,18
OPT-LIN/normalized-extraPB12/sroussel/benchsMusee/opb_Equals1_cod2_product/normalized-BA_RDC4.dot_unif_10null10mast_rapportOE1.0_TMAX120_K67_cod2_pbEq1_newVersion_product.opb.xz,18
OPT-LIN/normalized-extraPB12/sroussel/benchsMusee/opb_Equals1_cod2_product/normalized-BA_RDC4.dot_unif_10null10mast_rapportOE1.0_TMAX15_K67_cod2_pbEq1_newVersion_product.opb.xz,18
OPT-LIN/normalized-extraPB12/sroussel/benchsMusee/opb_Equals1_cod2_product/normalized-BA_RDC4.dot_unif_10null10mast_rapportOE1.0_TMAX180_K67_cod2_pbEq1_newVersion_product.opb.xz,18
OPT-LIN/normalized-extraPB12/sroussel/benchsMusee/opb_Equals1_cod2_product/normalized-BA_RDC4.dot_unif_10null10mast_rapportOE1.0_TMAX300_K67_cod2_pbEq1_newVersion_product.opb.xz,18
OPT-LIN/normalized-extraPB12/sroussel/benchsMusee/opb_Equals1_cod2_product/normalized-BA_RDC4.dot_unif_10null10mast_rapportOE1.0_TMAX60_K67_cod2_pbEq1_newVersion_product.opb.xz,18
OPT-LIN/normalized-extraPB12/sroussel/benchsMusee/opb_Equals1_cod2_product/normalized-BA_RDC4.dot_unif_10null10mast_rapportOE2.0_TMAX120_K67_cod2_pbEq1_newVersion_product.opb.xz,18
OPT-LIN/normalized-extraPB12/sroussel/benchsMusee/opb_Equals1_cod2_product/normalized-BA_RDC4.dot_unif_10null10mast_rapportOE2.0_TMAX15_K67_cod2_pbEq1_newVersion_product.opb.xz,18
OPT-LIN/normalized-extraPB12/sroussel/benchsMusee/opb_Equals1_cod2_product/normalized-BA_RDC4.dot_unif_10null10mast_rapportOE2.0_TMAX180_K67_cod2_pbEq1_newVersion_product.opb.xz,18
OPT-LIN/normalized-extraPB12/sroussel/benchsMusee/opb_Equals1_cod2_product/normalized-BA_RDC4.dot_unif_10null10mast_rapportOE2.0_TMAX300_K67_cod2_pbEq1_newVersion_product.opb.xz,18
OPT-LIN/normalized-extraPB12/sroussel/benchsMusee/opb_Equals1_cod2_product/normalized-BA_RDC4.dot_unif_10null10mast_rapportOE2.0_TMAX60_K67_cod2_pbEq1_newVersion_product.opb.xz,18
OPT-LIN/normalized-extraPB12/sroussel/benchsMusee/opb_Equals1_cod2_product/normalized-BA_RDC4.dot_unif_10null20mast_rapportOE1.0_TMAX120_K67_cod2_pbEq1_newVersion_product.opb.xz,19
OPT-LIN/normalized-extraPB12/sroussel/benchsMusee/opb_Equals1_cod2_product/normalized-BA_RDC4.dot_unif_10null20mast_rapportOE1.0_TMAX15_K67_cod2_pbEq1_newVersion_product.opb.xz,18
OPT-LIN/normalized-extraPB12/sroussel/benchsMusee/opb_Equals1_cod2_product/normalized-BA_RDC4.dot_unif_10null20mast_rapportOE1.0_TMAX180_K67_cod2_pbEq1_newVersion_product.opb.xz,18
OPT-LIN/normalized-extraPB12/sroussel/benchsMusee/opb_Equals1_cod2_product/normalized-BA_RDC4.dot_unif_10null20mast_rapportOE1.0_TMAX300_K67_cod2_pbEq1_newVersion_product.opb.xz,19
OPT-LIN/normalized-extraPB12/sroussel/benchsMusee/opb_Equals1_cod2_product/normalized-BA_RDC4.dot_unif_10null20mast_rapportOE1.0_TMAX60_K67_cod2_pbEq1_newVersion_product.opb.xz,19
OPT-LIN/normalized-extraPB12/sroussel/benchsMusee/opb_Equals1_cod2_product/normalized-BA_RDC4.dot_unif_10null20mast_rapportOE2.0_TMAX120_K67_cod2_pbEq1_newVersion_product.opb.xz,19
OPT-LIN/normalized-extraPB12/sroussel/benchsMusee/opb_Equals1_cod2_product/normalized-BA_RDC4.dot_unif_10null20mast_rapportOE2.0_TMAX15_K67_cod2_pbEq1_newVersion_product.opb.xz,19
OPT-LIN/normalized-extraPB12/sroussel/benchsMusee/opb_Equals1_cod2_product/normalized-BA_RDC4.dot_unif_10null20mast_rapportOE2.0_TMAX180_K67_cod2_pbEq1_newVersion_product.opb.xz,19
OPT-LIN/normalized-extraPB12/sroussel/benchsMusee/opb_Equals1_cod2_product/normalized-BA_RDC4.dot_unif_10null20mast_rapportOE2.0_TMAX300_K67_cod2_pbEq1_newVersion_product.opb.xz,19
OPT-LIN/normalized-extraPB12/sroussel/benchsMusee/opb_Equals1_cod2_product/normalized-BA_RDC4.dot_unif_10null20mast_rapportOE2.0_TMAX60_K67_cod2_pbEq1_newVersion_product.opb.xz,19
OPT-LIN/normalized-extraPB12/sroussel/benchsMusee/opb_Equals1_cod2_product/normalized-BA_RDC4.dot_unif_10null50mast_rapportOE1.0_TMAX120_K67_cod2_pbEq1_newVersion_product.opb.xz,19
OPT-LIN/normalized-extraPB12/sroussel/benchsMusee/opb_Equals1_cod2_product/normalized-BA_RDC4.dot_unif_10null50mast_rapportOE1.0_TMAX15_K67_cod2_pbEq1_newVersion_product.opb.xz,19
OPT-LIN/normalized-extraPB12/sroussel/benchsMusee/opb_Equals1_cod2_product/normalized-BA_RDC4.dot_unif_10null50mast_rapportOE1.0_TMAX180_K67_cod2_pbEq1_newVersion_product.opb.xz,19
OPT-LIN/normalized-extraPB12/sroussel/benchsMusee/opb_Equals1_cod2_product/normalized-BA_RDC4.dot_unif_10null50mast_rapportOE1.0_TMAX300_K67_cod2_pbEq1_newVersion_product.opb.xz,19
OPT-LIN/normalized-extraPB12/sroussel/benchsMusee/opb_Equals1_cod2_product/normalized-BA_RDC4.dot_unif_10null50mast_rapportOE1.0_TMAX60_K67_cod2_pbEq1_newVersion_product.opb.xz,19
OPT-LIN/normalized-extraPB12/sroussel/benchsMusee/opb_Equals1_cod2_product/normalized-BA_RDC4.dot_unif_10null50mast_rapportOE2.0_TMAX120_K67_cod2_pbEq1_newVersion_product.opb.xz,19
OPT-LIN/normalized-extraPB12/sroussel/benchsMusee/opb_Equals1_cod2_product/normalized-BA_RDC4.dot_unif_10null50mast_rapportOE2.0_TMAX15_K67_cod2_pbEq1_newVersion_product.opb.xz,19
OPT-LIN/normalized-extraPB12/sroussel/benchsMusee/opb_Equals1_cod2_product/normalized-BA_RDC4.dot_unif_10null50mast_rapportOE2.0_TMAX180_K67_cod2_pbEq1_newVersion_product.opb.xz,19
OPT-LIN/normalized-extraPB12/sroussel/benchsMusee/opb_Equals1_cod2_product/normalized-BA_RDC4.dot_unif_10null50mast_rapportOE2.0_TMAX300_K67_cod2_pbEq1_newVersion_product.opb.xz,19
OPT-LIN/normalized-extraPB12/sroussel/benchsMusee/opb_Equals1_cod2_product/normalized-BA_RDC4.dot_unif_10null50mast_rapportOE2.0_TMAX60_K67_cod2_pbEq1_newVersion_product.opb.xz,19
OPT-LIN/normalized-extraPB12/sroussel/benchsMusee/opb_Equals1_cod2_product/normalized-BA_RDC4.dot_unif_20null0mast_rapportOE1.0_TMAX120_K67_cod2_pbEq1_newVersion_product.opb.xz,18
OPT-LIN/normalized-extraPB12/sroussel/benchsMusee/opb_Equals1_cod2_product/normalized-BA_RDC4.dot_unif_20null0mast_rapportOE1.0_TMAX15_K67_cod2_pbEq1_newVersion_product.opb.xz,18
OPT-LIN/normalized-extraPB12/sroussel/benchsMusee/opb_Equals1_cod2_product/normalized-BA_RDC4.dot_unif_20null0mast_rapportOE1.0_TMAX180_K67_cod2_pbEq1_newVersion_product.opb.xz,18
OPT-LIN/normalized-extraPB12/sroussel/benchsMusee/opb_Equals1_cod2_product/normalized-BA_RDC4.dot_unif_20null0mast_rapportOE1.0_TMAX300_K67_cod2_pbEq1_newVersion_product.opb.xz,18
OPT-LIN/normalized-extraPB12/sroussel/benchsMusee/opb_Equals1_cod2_product/normalized-BA_RDC4.dot_unif_20null0mast_rapportOE1.0_TMAX60_K67_cod2_pbEq1_newVersion_product.opb.xz,18
OPT-LIN/normalized-extraPB12/sroussel/benchsMusee/opb_Equals1_cod2_product/normalized-BA_RDC4.dot_unif_20null0mast_rapportOE2.0_TMAX120_K67_cod2_pbEq1_newVersion_product.opb.xz,18
OPT-LIN/normalized-extraPB12/sroussel/benchsMusee/opb_Equals1_cod2_product/normalized-BA_RDC4.dot_unif_20null0mast_rapportOE2.0_TMAX15_K67_cod2_pbEq1_newVersion_product.opb.xz,18
OPT-LIN/normalized-extraPB12/sroussel/benchsMusee/opb_Equals1_cod2_product/normalized-BA_RDC4.dot_unif_20null0mast_rapportOE2.0_TMAX180_K67_cod2_pbEq1_newVersion_product.opb.xz,18
OPT-LIN/normalized-extraPB12/sroussel/benchsMusee/opb_Equals1_cod2_product/normalized-BA_RDC4.dot_unif_20null0mast_rapportOE2.0_TMAX300_K67_cod2_pbEq1_newVersion_product.opb.xz,18
OPT-LIN/normalized-extraPB12/sroussel/benchsMusee/opb_Equals1_cod2_product/normalized-BA_RDC4.dot_unif_20null0mast_rapportOE2.0_TMAX60_K67_cod2_pbEq1_newVersion_product.opb.xz,18
OPT-LIN/normalized-extraPB12/sroussel/benchsMusee/opb_Equals1_cod2_product/normalized-BA_RDC4.dot_unif_20null10mast_rapportOE1.0_TMAX120_K67_cod2_pbEq1_newVersion_product.opb.xz,18
OPT-LIN/normalized-extraPB12/sroussel/benchsMusee/opb_Equals1_cod2_product/normalized-BA_RDC4.dot_unif_20null10mast_rapportOE1.0_TMAX15_K67_cod2_pbEq1_newVersion_product.opb.xz,18
OPT-LIN/normalized-extraPB12/sroussel/benchsMusee/opb_Equals1_cod2_product/normalized-BA_RDC4.dot_unif_20null10mast_rapportOE1.0_TMAX180_K67_cod2_pbEq1_newVersion_product.opb.xz,18
OPT-LIN/normalized-extraPB12/sroussel/benchsMusee/opb_Equals1_cod2_product/normalized-BA_RDC4.dot_unif_20null10mast_rapportOE1.0_TMAX300_K67_cod2_pbEq1_newVersion_product.opb.xz,18
OPT-LIN/normalized-extraPB12/sroussel/benchsMusee/opb_Equals1_cod2_product/normalized-BA_RDC4.dot_unif_20null10mast_rapportOE1.0_TMAX60_K67_cod2_pbEq1_newVersion_product.opb.xz,18
OPT-LIN/normalized-extraPB12/sroussel/benchsMusee/opb_Equals1_cod2_product/normalized-BA_RDC4.dot_unif_20null10mast_rapportOE2.0_TMAX120_K67_cod2_pbEq1_newVersion_product.opb.xz,18
OPT-LIN/normalized-extraPB12/sroussel/benchsMusee/opb_Equals1_cod2_product/normalized-BA_RDC4.dot_unif_20null10mast_rapportOE2.0_TMAX15_K67_cod2_pbEq1_newVersion_product.opb.xz,18
OPT-LIN/normalized-extraPB12/sroussel/benchsMusee/opb_Equals1_cod2_product/normalized-BA_RDC4.dot_unif_20null10mast_rapportOE2.0_TMAX180_K67_cod2_pbEq1_newVersion_product.opb.xz,18
OPT-LIN/normalized-extraPB12/sroussel/benchsMusee/opb_Equals1_cod2_product/normalized-BA_RDC4.dot_unif_20null10mast_rapportOE2.0_TMAX300_K67_cod2_pbEq1_newVersion_product.opb.xz,18
OPT-LIN/normalized-extraPB12/sroussel/benchsMusee/opb_Equals1_cod2_product/normalized-BA_RDC4.dot_unif_20null10mast_rapportOE2.0_TMAX60_K67_cod2_pbEq1_newVersion_product.opb.xz,18
OPT-LIN/normalized-extraPB12/sroussel/benchsMusee/opb_Equals1_cod2_product/normalized-BA_RDC4.dot_unif_20null20mast_rapportOE1.0_TMAX120_K67_cod2_pbEq1_newVersion_product.opb.xz,18
OPT-LIN/normalized-extraPB12/sroussel/benchsMusee/opb_Equals1_cod2_product/normalized-BA_RDC4.dot_unif_20null20mast_rapportOE1.0_TMAX15_K67_cod2_pbEq1_newVersion_product.opb.xz,18
OPT-LIN/normalized-extraPB12/sroussel/benchsMusee/opb_Equals1_cod2_product/normalized-BA_RDC4.dot_unif_20null20mast_rapportOE1.0_TMAX180_K67_cod2_pbEq1_newVersion_product.opb.xz,18
OPT-LIN/normalized-extraPB12/sroussel/benchsMusee/opb_Equals1_cod2_product/normalized-BA_RDC4.dot_unif_20null20mast_rapportOE1.0_TMAX300_K67_cod2_pbEq1_newVersion_product.opb.xz,18
OPT-LIN/normalized-extraPB12/sroussel/benchsMusee/opb_Equals1_cod2_product/normalized-BA_RDC4.dot_unif_20null20mast_rapportOE1.0_TMAX60_K67_cod2_pbEq1_newVersion_product.opb.xz,18
OPT-LIN/normalized-extraPB12/sroussel/benchsMusee/opb_Equals1_cod2_product/normalized-BA_RDC4.dot_unif_20null20mast_rapportOE2.0_TMAX120_K67_cod2_pbEq1_newVersion_product.opb.xz,18
OPT-LIN/normalized-extraPB12/sroussel/benchsMusee/opb_Equals1_cod2_product/normalized-BA_RDC4.dot_unif_20null20mast_rapportOE2.0_TMAX15_K67_cod2_pbEq1_newVersion_product.opb.xz,18
OPT-LIN/normalized-extraPB12/sroussel/benchsMusee/opb_Equals1_cod2_product/normalized-BA_RDC4.dot_unif_20null20mast_rapportOE2.0_TMAX180_K67_cod2_pbEq1_newVersion_product.opb.xz,18
OPT-LIN/normalized-extraPB12/sroussel/benchsMusee/opb_Equals1_cod2_product/normalized-BA_RDC4.dot_unif_20null20mast_rapportOE2.0_TMAX300_K67_cod2_pbEq1_newVersion_product.opb.xz,18
OPT-LIN/normalized-extraPB12/sroussel/benchsMusee/opb_Equals1_cod2_product/normalized-BA_RDC4.dot_unif_20null20mast_rapportOE2.0_TMAX60_K67_cod2_pbEq1_newVersion_product.opb.xz,18
OPT-LIN/normalized-extraPB12/sroussel/benchsMusee/opb_Equals1_cod2_product/normalized-BA_RDC4.dot_unif_20null50mast_rapportOE1.0_TMAX120_K67_cod2_pbEq1_newVersion_product.opb.xz,19
OPT-LIN/normalized-extraPB12/sroussel/benchsMusee/opb_Equals1_cod2_product/normalized-BA_RDC4.dot_unif_20null50mast_rapportOE1.0_TMAX15_K67_cod2_pbEq1_newVersion_product.opb.xz,19
OPT-LIN/normalized-extraPB12/sroussel/benchsMusee/opb_Equals1_cod2_product/normalized-BA_RDC4.dot_unif_20null50mast_rapportOE1.0_TMAX180_K67_cod2_pbEq1_newVersion_product.opb.xz,19
OPT-LIN/normalized-extraPB12/sroussel/benchsMusee/opb_Equals1_cod2_product/normalized-BA_RDC4.dot_unif_20null50mast_rapportOE1.0_TMAX300_K67_cod2_pbEq1_newVersion_product.opb.xz,19
OPT-LIN/normalized-extraPB12/sroussel/benchsMusee/opb_Equals1_cod2_product/normalized-BA_RDC4.dot_unif_20null50mast_rapportOE1.0_TMAX60_K67_cod2_pbEq1_newVersion_product.opb.xz,19
OPT-LIN/normalized-extraPB12/sroussel/benchsMusee/opb_Equals1_cod2_product/normalized-BA_RDC4.dot_unif_20null50mast_rapportOE2.0_TMAX120_K67_cod2_pbEq1_newVersion_product.opb.xz,19
OPT-LIN/normalized-extraPB12/sroussel/benchsMusee/opb_Equals1_cod2_product/normalized-BA_RDC4.dot_unif_20null50mast_rapportOE2.0_TMAX15_K67_cod2_pbEq1_newVersion_product.opb.xz,19
OPT-LIN/normalized-extraPB12/sroussel/benchsMusee/opb_Equals1_cod2_product/normalized-BA_RDC4.dot_unif_20null50mast_rapportOE2.0_TMAX180_K67_cod2_pbEq1_newVersion_product.opb.xz,19
OPT-LIN/normalized-extraPB12/sroussel/benchsMusee/opb_Equals1_cod2_product/normalized-BA_RDC4.dot_unif_20null50mast_rapportOE2.0_TMAX300_K67_cod2_pbEq1_newVersion_product.opb.xz,19
OPT-LIN/normalized-extraPB12/sroussel/benchsMusee/opb_Equals1_cod2_product/normalized-BA_RDC4.dot_unif_20null50mast_rapportOE2.0_TMAX60_K67_cod2_pbEq1_newVersion_product.opb.xz,19
OPT-LIN/normalized-extraPB12/sroussel/benchsMusee/opb_Equals1_cod2_product/normalized-BA_RDC4.dot_unif_50null0mast_rapportOE1.0_TMAX120_K67_cod2_pbEq1_newVersion_product.opb.xz,17
OPT-LIN/normalized-extraPB12/sroussel/benchsMusee/opb_Equals1_cod2_product/normalized-BA_RDC4.dot_unif_50null0mast_rapportOE1.0_TMAX15_K67_cod2_pbEq1_newVersion_product.opb.xz,17
OPT-LIN/normalized-extraPB12/sroussel/benchsMusee/opb_Equals1_cod2_product/normalized-BA_RDC4.dot_unif_50null0mast_rapportOE1.0_TMAX180_K67_cod2_pbEq1_newVersion_product.opb.xz,18
OPT-LIN/normalized-extraPB12/sroussel/benchsMusee/opb_Equals1_cod2_product/normalized-BA_RDC4.dot_unif_50null0mast_rapportOE1.0_TMAX300_K67_cod2_pbEq1_newVersion_product.opb.xz,17
OPT-LIN/normalized-extraPB12/sroussel/benchsMusee/opb_Equals1_cod2_product/normalized-BA_RDC4.dot_unif_50null0mast_rapportOE1.0_TMAX60_K67_cod2_pbEq1_newVersion_product.opb.xz,17
OPT-LIN/normalized-extraPB12/sroussel/benchsMusee/opb_Equals1_cod2_product/normalized-BA_RDC4.dot_unif_50null0mast_rapportOE2.0_TMAX120_K67_cod2_pbEq1_newVersion_product.opb.xz,17
OPT-LIN/normalized-extraPB12/sroussel/benchsMusee/opb_Equals1_cod2_product/normalized-BA_RDC4.dot_unif_50null0mast_rapportOE2.0_TMAX15_K67_cod2_pbEq1_newVersion_product.opb.xz,17
OPT-LIN/normalized-extraPB12/sroussel/benchsMusee/opb_Equals1_cod2_product/normalized-BA_RDC4.dot_unif_50null0mast_rapportOE2.0_TMAX180_K67_cod2_pbEq1_newVersion_product.opb.xz,17
OPT-LIN/normalized-extraPB12/sroussel/benchsMusee/opb_Equals1_cod2_product/normalized-BA_RDC4.dot_unif_50null0mast_rapportOE2.0_TMAX300_K67_cod2_pbEq1_newVersion_product.opb.xz,17
OPT-LIN/normalized-extraPB12/sroussel/benchsMusee/opb_Equals1_cod2_product/normalized-BA_RDC4.dot_unif_50null0mast_rapportOE2.0_TMAX60_K67_cod2_pbEq1_newVersion_product.opb.xz,17
OPT-LIN/normalized-extraPB12/sroussel/benchsMusee/opb_Equals1_cod2_product/normalized-BA_RDC4.dot_unif_50null10mast_rapportOE1.0_TMAX120_K67_cod2_pbEq1_newVersion_product.opb.xz,18
OPT-LIN/normalized-extraPB12/sroussel/benchsMusee/opb_Equals1_cod2_product/normalized-BA_RDC4.dot_unif_50null10mast_rapportOE1.0_TMAX15_K67_cod2_pbEq1_newVersion_product.opb.xz,18
OPT-LIN/normalized-extraPB12/sroussel/benchsMusee/opb_Equals1_cod2_product/normalized-BA_RDC4.dot_unif_50null10mast_rapportOE1.0_TMAX180_K67_cod2_pbEq1_newVersion_product.opb.xz,18
OPT-LIN/normalized-extraPB12/sroussel/benchsMusee/opb_Equals1_cod2_product/normalized-BA_RDC4.dot_unif_50null10mast_rapportOE1.0_TMAX300_K67_cod2_pbEq1_newVersion_product.opb.xz,18
OPT-LIN/normalized-extraPB12/sroussel/benchsMusee/opb_Equals1_cod2_product/normalized-BA_RDC4.dot_unif_50null10mast_rapportOE1.0_TMAX60_K67_cod2_pbEq1_newVersion_product.opb.xz,18
OPT-LIN/normalized-extraPB12/sroussel/benchsMusee/opb_Equals1_cod2_product/normalized-BA_RDC4.dot_unif_50null10mast_rapportOE2.0_TMAX120_K67_cod2_pbEq1_newVersion_product.opb.xz,18
OPT-LIN/normalized-extraPB12/sroussel/benchsMusee/opb_Equals1_cod2_product/normalized-BA_RDC4.dot_unif_50null10mast_rapportOE2.0_TMAX15_K67_cod2_pbEq1_newVersion_product.opb.xz,18
OPT-LIN/normalized-extraPB12/sroussel/benchsMusee/opb_Equals1_cod2_product/normalized-BA_RDC4.dot_unif_50null10mast_rapportOE2.0_TMAX180_K67_cod2_pbEq1_newVersion_product.opb.xz,18
OPT-LIN/normalized-extraPB12/sroussel/benchsMusee/opb_Equals1_cod2_product/normalized-BA_RDC4.dot_unif_50null10mast_rapportOE2.0_TMAX300_K67_cod2_pbEq1_newVersion_product.opb.xz,18
OPT-LIN/normalized-extraPB12/sroussel/benchsMusee/opb_Equals1_cod2_product/normalized-BA_RDC4.dot_unif_50null10mast_rapportOE2.0_TMAX60_K67_cod2_pbEq1_newVersion_product.opb.xz,18
OPT-LIN/normalized-extraPB12/sroussel/benchsMusee/opb_Equals1_cod2_product/normalized-BA_RDC4.dot_unif_50null20mast_rapportOE1.0_TMAX120_K67_cod2_pbEq1_newVersion_product.opb.xz,18
OPT-LIN/normalized-extraPB12/sroussel/benchsMusee/opb_Equals1_cod2_product/normalized-BA_RDC4.dot_unif_50null20mast_rapportOE1.0_TMAX15_K67_cod2_pbEq1_newVersion_product.opb.xz,18
OPT-LIN/normalized-extraPB12/sroussel/benchsMusee/opb_Equals1_cod2_product/normalized-BA_RDC4.dot_unif_50null20mast_rapportOE1.0_TMAX180_K67_cod2_pbEq1_newVersion_product.opb.xz,18
OPT-LIN/normalized-extraPB12/sroussel/benchsMusee/opb_Equals1_cod2_product/normalized-BA_RDC4.dot_unif_50null20mast_rapportOE1.0_TMAX300_K67_cod2_pbEq1_newVersion_product.opb.xz,18
OPT-LIN/normalized-extraPB12/sroussel/benchsMusee/opb_Equals1_cod2_product/normalized-BA_RDC4.dot_unif_50null20mast_rapportOE1.0_TMAX60_K67_cod2_pbEq1_newVersion_product.opb.xz,18
OPT-LIN/normalized-extraPB12/sroussel/benchsMusee/opb_Equals1_cod2_product/normalized-BA_RDC4.dot_unif_50null20mast_rapportOE2.0_TMAX120_K67_cod2_pbEq1_newVersion_product.opb.xz,18
OPT-LIN/normalized-extraPB12/sroussel/benchsMusee/opb_Equals1_cod2_product/normalized-BA_RDC4.dot_unif_50null20mast_rapportOE2.0_TMAX15_K67_cod2_pbEq1_newVersion_product.opb.xz,18
OPT-LIN/normalized-extraPB12/sroussel/benchsMusee/opb_Equals1_cod2_product/normalized-BA_RDC4.dot_unif_50null20mast_rapportOE2.0_TMAX180_K67_cod2_pbEq1_newVersion_product.opb.xz,18
OPT-LIN/normalized-extraPB12/sroussel/benchsMusee/opb_Equals1_cod2_product/normalized-BA_RDC4.dot_unif_50null20mast_rapportOE2.0_TMAX300_K67_cod2_pbEq1_newVersion_product.opb.xz,18
OPT-LIN/normalized-extraPB12/sroussel/benchsMusee/opb_Equals1_cod2_product/normalized-BA_RDC4.dot_unif_50null20mast_rapportOE2.0_TMAX60_K67_cod2_pbEq1_newVersion_product.opb.xz,18
OPT-LIN/normalized-extraPB12/sroussel/benchsMusee/opb_Equals1_cod2_product/normalized-BA_RDC4.dot_unif_50null50mast_rapportOE1.0_TMAX120_K67_cod2_pbEq1_newVersion_product.opb.xz,14
OPT-LIN/normalized-extraPB12/sroussel/benchsMusee/opb_Equals1_cod2_product/normalized-BA_RDC4.dot_unif_50null50mast_rapportOE1.0_TMAX15_K67_cod2_pbEq1_newVersion_product.opb.xz,14
OPT-LIN/normalized-extraPB12/sroussel/benchsMusee/opb_Equals1_cod2_product/normalized-BA_RDC4.dot_unif_50null50mast_rapportOE1.0_TMAX180_K67_cod2_pbEq1_newVersion_product.opb.xz,14
OPT-LIN/normalized-extraPB12/sroussel/benchsMusee/opb_Equals1_cod2_product/normalized-BA_RDC4.dot_unif_50null50mast_rapportOE1.0_TMAX300_K67_cod2_pbEq1_newVersion_product.opb.xz,14
OPT-LIN/normalized-extraPB12/sroussel/benchsMusee/opb_Equals1_cod2_product/normalized-BA_RDC4.dot_unif_50null50mast_rapportOE1.0_TMAX60_K67_cod2_pbEq1_newVersion_product.opb.xz,14
OPT-LIN/normalized-extraPB12/sroussel/benchsMusee/opb_Equals1_cod2_product/normalized-BA_RDC4.dot_unif_50null50mast_rapportOE2.0_TMAX120_K67_cod2_pbEq1_newVersion_product.opb.xz,14
OPT-LIN/normalized-extraPB12/sroussel/benchsMusee/opb_Equals1_cod2_product/normalized-BA_RDC4.dot_unif_50null50mast_rapportOE2.0_TMAX15_K67_cod2_pbEq1_newVersion_product.opb.xz,14
OPT-LIN/normalized-extraPB12/sroussel/benchsMusee/opb_Equals1_cod2_product/normalized-BA_RDC4.dot_unif_50null50mast_rapportOE2.0_TMAX180_K67_cod2_pbEq1_newVersion_product.opb.xz,14
OPT-LIN/normalized-extraPB12/sroussel/benchsMusee/opb_Equals1_cod2_product/normalized-BA_RDC4.dot_unif_50null50mast_rapportOE2.0_TMAX300_K67_cod2_pbEq1_newVersion_product.opb.xz,14
OPT-LIN/normalized-extraPB12/sroussel/benchsMusee/opb_Equals1_cod2_product/normalized-BA_RDC4.dot_unif_50null50mast_rapportOE2.0_TMAX60_K67_cod2_pbEq1_newVersion_product.opb.xz,14
OPT-LIN/normalized-extraPB12/sroussel/benchsMusee/opb_Equals1_cod2_seq/normalized-BA_RDC4.dot_fibo_0null0mast_rapportOE1.0_TMAX120_K67_cod2_pbEq1_newVersion_sequential.opb.xz,19
OPT-LIN/normalized-extraPB12/sroussel/benchsMusee/opb_Equals1_cod2_seq/normalized-BA_RDC4.dot_fibo_0null0mast_rapportOE1.0_TMAX15_K67_cod2_pbEq1_newVersion_sequential.opb.xz,19
OPT-LIN/normalized-extraPB12/sroussel/benchsMusee/opb_Equals1_cod2_seq/normalized-BA_RDC4.dot_fibo_0null0mast_rapportOE1.0_TMAX180_K67_cod2_pbEq1_newVersion_sequential.opb.xz,19
OPT-LIN/normalized-extraPB12/sroussel/benchsMusee/opb_Equals1_cod2_seq/normalized-BA_RDC4.dot_fibo_0null0mast_rapportOE1.0_TMAX300_K67_cod2_pbEq1_newVersion_sequential.opb.xz,19
OPT-LIN/normalized-extraPB12/sroussel/benchsMusee/opb_Equals1_cod2_seq/normalized-BA_RDC4.dot_fibo_0null0mast_rapportOE1.0_TMAX60_K67_cod2_pbEq1_newVersion_sequential.opb.xz,19
OPT-LIN/normalized-extraPB12/sroussel/benchsMusee/opb_Equals1_cod2_seq/normalized-BA_RDC4.dot_fibo_0null0mast_rapportOE2.0_TMAX120_K67_cod2_pbEq1_newVersion_sequential.opb.xz,19
OPT-LIN/normalized-extraPB12/sroussel/benchsMusee/opb_Equals1_cod2_seq/normalized-BA_RDC4.dot_fibo_0null0mast_rapportOE2.0_TMAX15_K67_cod2_pbEq1_newVersion_sequential.opb.xz,19
OPT-LIN/normalized-extraPB12/sroussel/benchsMusee/opb_Equals1_cod2_seq/normalized-BA_RDC4.dot_fibo_0null0mast_rapportOE2.0_TMAX180_K67_cod2_pbEq1_newVersion_sequential.opb.xz,19
OPT-LIN/normalized-extraPB12/sroussel/benchsMusee/opb_Equals1_cod2_seq/normalized-BA_RDC4.dot_fibo_0null0mast_rapportOE2.0_TMAX300_K67_cod2_pbEq1_newVersion_sequential.opb.xz,19
OPT-LIN/normalized-extraPB12/sroussel/benchsMusee/opb_Equals1_cod2_seq/normalized-BA_RDC4.dot_fibo_0null0mast_rapportOE2.0_TMAX60_K67_cod2_pbEq1_newVersion_sequential.opb.xz,19
OPT-LIN/normalized-extraPB12/sroussel/benchsMusee/opb_Equals1_cod2_seq/normalized-BA_RDC4.dot_fibo_0null10mast_rapportOE1.0_TMAX120_K67_cod2_pbEq1_newVersion_sequential.opb.xz,20
OPT-LIN/normalized-extraPB12/sroussel/benchsMusee/opb_Equals1_cod2_seq/normalized-BA_RDC4.dot_fibo_0null10mast_rapportOE1.0_TMAX15_K67_cod2_pbEq1_newVersion_sequential.opb.xz,20
OPT-LIN/normalized-extraPB12/sroussel/benchsMusee/opb_Equals1_cod2_seq/normalized-BA_RDC4.dot_fibo_0null10mast_rapportOE1.0_TMAX180_K67_cod2_pbEq1_newVersion_sequential.opb.xz,20
OPT-LIN/normalized-extraPB12/sroussel/benchsMusee/opb_Equals1_cod2_seq/normalized-BA_RDC4.dot_fibo_0null10mast_rapportOE1.0_TMAX300_K67_cod2_pbEq1_newVersion_sequential.opb.xz,20
OPT-LIN/normalized-extraPB12/sroussel/benchsMusee/opb_Equals1_cod2_seq/normalized-BA_RDC4.dot_fibo_0null10mast_rapportOE1.0_TMAX60_K67_cod2_pbEq1_newVersion_sequential.opb.xz,20
OPT-LIN/normalized-extraPB12/sroussel/benchsMusee/opb_Equals1_cod2_seq/normalized-BA_RDC4.dot_fibo_0null10mast_rapportOE2.0_TMAX120_K67_cod2_pbEq1_newVersion_sequential.opb.xz,20
OPT-LIN/normalized-extraPB12/sroussel/benchsMusee/opb_Equals1_cod2_seq/normalized-BA_RDC4.dot_fibo_0null10mast_rapportOE2.0_TMAX15_K67_cod2_pbEq1_newVersion_sequential.opb.xz,20
OPT-LIN/normalized-extraPB12/sroussel/benchsMusee/opb_Equals1_cod2_seq/normalized-BA_RDC4.dot_fibo_0null10mast_rapportOE2.0_TMAX180_K67_cod2_pbEq1_newVersion_sequential.opb.xz,20
OPT-LIN/normalized-extraPB12/sroussel/benchsMusee/opb_Equals1_cod2_seq/normalized-BA_RDC4.dot_fibo_0null10mast_rapportOE2.0_TMAX300_K67_cod2_pbEq1_newVersion_sequential.opb.xz,20
OPT-LIN/normalized-extraPB12/sroussel/benchsMusee/opb_Equals1_cod2_seq/normalized-BA_RDC4.dot_fibo_0null10mast_rapportOE2.0_TMAX60_K67_cod2_pbEq1_newVersion_sequential.opb.xz,20
OPT-LIN/normalized-extraPB12/sroussel/benchsMusee/opb_Equals1_cod2_seq/normalized-BA_RDC4.dot_fibo_0null20mast_rapportOE1.0_TMAX120_K67_cod2_pbEq1_newVersion_sequential.opb.xz,21
OPT-LIN/normalized-extraPB12/sroussel/benchsMusee/opb_Equals1_cod2_seq/normalized-BA_RDC4.dot_fibo_0null20mast_rapportOE1.0_TMAX15_K67_cod2_pbEq1_newVersion_sequential.opb.xz,21
OPT-LIN/normalized-extraPB12/sroussel/benchsMusee/opb_Equals1_cod2_seq/normalized-BA_RDC4.dot_fibo_0null20mast_rapportOE1.0_TMAX180_K67_cod2_pbEq1_newVersion_sequential.opb.xz,21
OPT-LIN/normalized-extraPB12/sroussel/benchsMusee/opb_Equals1_cod2_seq/normalized-BA_RDC4.dot_fibo_0null20mast_rapportOE1.0_TMAX300_K67_cod2_pbEq1_newVersion_sequential.opb.xz,21
OPT-LIN/normalized-extraPB12/sroussel/benchsMusee/opb_Equals1_cod2_seq/normalized-BA_RDC4.dot_fibo_0null20mast_rapportOE1.0_TMAX60_K67_cod2_pbEq1_newVersion_sequential.opb.xz,21
OPT-LIN/normalized-extraPB12/sroussel/benchsMusee/opb_Equals1_cod2_seq/normalized-BA_RDC4.dot_fibo_0null20mast_rapportOE2.0_TMAX120_K67_cod2_pbEq1_newVersion_sequential.opb.xz,21
OPT-LIN/normalized-extraPB12/sroussel/benchsMusee/opb_Equals1_cod2_seq/normalized-BA_RDC4.dot_fibo_0null20mast_rapportOE2.0_TMAX15_K67_cod2_pbEq1_newVersion_sequential.opb.xz,21
OPT-LIN/normalized-extraPB12/sroussel/benchsMusee/opb_Equals1_cod2_seq/normalized-BA_RDC4.dot_fibo_0null20mast_rapportOE2.0_TMAX180_K67_cod2_pbEq1_newVersion_sequential.opb.xz,21
OPT-LIN/normalized-extraPB12/sroussel/benchsMusee/opb_Equals1_cod2_seq/normalized-BA_RDC4.dot_fibo_0null20mast_rapportOE2.0_TMAX300_K67_cod2_pbEq1_newVersion_sequential.opb.xz,21
OPT-LIN/normalized-extraPB12/sroussel/benchsMusee/opb_Equals1_cod2_seq/normalized-BA_RDC4.dot_fibo_0null20mast_rapportOE2.0_TMAX60_K67_cod2_pbEq1_newVersion_sequential.opb.xz,21
OPT-LIN/normalized-extraPB12/sroussel/benchsMusee/opb_Equals1_cod2_seq/normalized-BA_RDC4.dot_fibo_0null50mast_rapportOE1.0_TMAX120_K67_cod2_pbEq1_newVersion_sequential.opb.xz,22
OPT-LIN/normalized-extraPB12/sroussel/benchsMusee/opb_Equals1_cod2_seq/normalized-BA_RDC4.dot_fibo_0null50mast_rapportOE1.0_TMAX15_K67_cod2_pbEq1_newVersion_sequential.opb.xz,22
OPT-LIN/normalized-extraPB12/sroussel/benchsMusee/opb_Equals1_cod2_seq/normalized-BA_RDC4.dot_fibo_0null50mast_rapportOE1.0_TMAX180_K67_cod2_pbEq1_newVersion_sequential.opb.xz,22
OPT-LIN/normalized-extraPB12/sroussel/benchsMusee/opb_Equals1_cod2_seq/normalized-BA_RDC4.dot_fibo_0null50mast_rapportOE1.0_TMAX300_K67_cod2_pbEq1_newVersion_sequential.opb.xz,22
OPT-LIN/normalized-extraPB12/sroussel/benchsMusee/opb_Equals1_cod2_seq/normalized-BA_RDC4.dot_fibo_0null50mast_rapportOE1.0_TMAX60_K67_cod2_pbEq1_newVersion_sequential.opb.xz,22
OPT-LIN/normalized-extraPB12/sroussel/benchsMusee/opb_Equals1_cod2_seq/normalized-BA_RDC4.dot_fibo_0null50mast_rapportOE2.0_TMAX120_K67_cod2_pbEq1_newVersion_sequential.opb.xz,22
OPT-LIN/normalized-extraPB12/sroussel/benchsMusee/opb_Equals1_cod2_seq/normalized-BA_RDC4.dot_fibo_0null50mast_rapportOE2.0_TMAX15_K67_cod2_pbEq1_newVersion_sequential.opb.xz,22
OPT-LIN/normalized-extraPB12/sroussel/benchsMusee/opb_Equals1_cod2_seq/normalized-BA_RDC4.dot_fibo_0null50mast_rapportOE2.0_TMAX180_K67_cod2_pbEq1_newVersion_sequential.opb.xz,22
OPT-LIN/normalized-extraPB12/sroussel/benchsMusee/opb_Equals1_cod2_seq/normalized-BA_RDC4.dot_fibo_0null50mast_rapportOE2.0_TMAX300_K67_cod2_pbEq1_newVersion_sequential.opb.xz,22
OPT-LIN/normalized-extraPB12/sroussel/benchsMusee/opb_Equals1_cod2_seq/normalized-BA_RDC4.dot_fibo_0null50mast_rapportOE2.0_TMAX60_K67_cod2_pbEq1_newVersion_sequential.opb.xz,22
OPT-LIN/normalized-extraPB12/sroussel/benchsMusee/opb_Equals1_cod2_seq/normalized-BA_RDC4.dot_fibo_10null0mast_rapportOE1.0_TMAX120_K67_cod2_pbEq1_newVersion_sequential.opb.xz,19
OPT-LIN/normalized-extraPB12/sroussel/benchsMusee/opb_Equals1_cod2_seq/normalized-BA_RDC4.dot_fibo_10null0mast_rapportOE1.0_TMAX15_K67_cod2_pbEq1_newVersion_sequential.opb.xz,19
OPT-LIN/normalized-extraPB12/sroussel/benchsMusee/opb_Equals1_cod2_seq/normalized-BA_RDC4.dot_fibo_10null0mast_rapportOE1.0_TMAX180_K67_cod2_pbEq1_newVersion_sequential.opb.xz,19
OPT-LIN/normalized-extraPB12/sroussel/benchsMusee/opb_Equals1_cod2_seq/normalized-BA_RDC4.dot_fibo_10null0mast_rapportOE1.0_TMAX300_K67_cod2_pbEq1_newVersion_sequential.opb.xz,19
OPT-LIN/normalized-extraPB12/sroussel/benchsMusee/opb_Equals1_cod2_seq/normalized-BA_RDC4.dot_fibo_10null0mast_rapportOE1.0_TMAX60_K67_cod2_pbEq1_newVersion_sequential.opb.xz,19
OPT-LIN/normalized-extraPB12/sroussel/benchsMusee/opb_Equals1_cod2_seq/normalized-BA_RDC4.dot_fibo_10null0mast_rapportOE2.0_TMAX120_K67_cod2_pbEq1_newVersion_sequential.opb.xz,19
OPT-LIN/normalized-extraPB12/sroussel/benchsMusee/opb_Equals1_cod2_seq/normalized-BA_RDC4.dot_fibo_10null0mast_rapportOE2.0_TMAX15_K67_cod2_pbEq1_newVersion_sequential.opb.xz,19
OPT-LIN/normalized-extraPB12/sroussel/benchsMusee/opb_Equals1_cod2_seq/normalized-BA_RDC4.dot_fibo_10null0mast_rapportOE2.0_TMAX180_K67_cod2_pbEq1_newVersion_sequential.opb.xz,19
OPT-LIN/normalized-extraPB12/sroussel/benchsMusee/opb_Equals1_cod2_seq/normalized-BA_RDC4.dot_fibo_10null0mast_rapportOE2.0_TMAX300_K67_cod2_pbEq1_newVersion_sequential.opb.xz,19
OPT-LIN/normalized-extraPB12/sroussel/benchsMusee/opb_Equals1_cod2_seq/normalized-BA_RDC4.dot_fibo_10null0mast_rapportOE2.0_TMAX60_K67_cod2_pbEq1_newVersion_sequential.opb.xz,19
OPT-LIN/normalized-extraPB12/sroussel/benchsMusee/opb_Equals1_cod2_seq/normalized-BA_RDC4.dot_fibo_10null10mast_rapportOE1.0_TMAX120_K67_cod2_pbEq1_newVersion_sequential.opb.xz,20
OPT-LIN/normalized-extraPB12/sroussel/benchsMusee/opb_Equals1_cod2_seq/normalized-BA_RDC4.dot_fibo_10null10mast_rapportOE1.0_TMAX15_K67_cod2_pbEq1_newVersion_sequential.opb.xz,20
OPT-LIN/normalized-extraPB12/sroussel/benchsMusee/opb_Equals1_cod2_seq/normalized-BA_RDC4.dot_fibo_10null10mast_rapportOE1.0_TMAX180_K67_cod2_pbEq1_newVersion_sequential.opb.xz,20
OPT-LIN/normalized-extraPB12/sroussel/benchsMusee/opb_Equals1_cod2_seq/normalized-BA_RDC4.dot_fibo_10null10mast_rapportOE1.0_TMAX300_K67_cod2_pbEq1_newVersion_sequential.opb.xz,20
OPT-LIN/normalized-extraPB12/sroussel/benchsMusee/opb_Equals1_cod2_seq/normalized-BA_RDC4.dot_fibo_10null10mast_rapportOE1.0_TMAX60_K67_cod2_pbEq1_newVersion_sequential.opb.xz,20
OPT-LIN/normalized-extraPB12/sroussel/benchsMusee/opb_Equals1_cod2_seq/normalized-BA_RDC4.dot_fibo_10null10mast_rapportOE2.0_TMAX120_K67_cod2_pbEq1_newVersion_sequential.opb.xz,20
OPT-LIN/normalized-extraPB12/sroussel/benchsMusee/opb_Equals1_cod2_seq/normalized-BA_RDC4.dot_fibo_10null10mast_rapportOE2.0_TMAX15_K67_cod2_pbEq1_newVersion_sequential.opb.xz,20
OPT-LIN/normalized-extraPB12/sroussel/benchsMusee/opb_Equals1_cod2_seq/normalized-BA_RDC4.dot_fibo_10null10mast_rapportOE2.0_TMAX180_K67_cod2_pbEq1_newVersion_sequential.opb.xz,20
OPT-LIN/normalized-extraPB12/sroussel/benchsMusee/opb_Equals1_cod2_seq/normalized-BA_RDC4.dot_fibo_10null10mast_rapportOE2.0_TMAX300_K67_cod2_pbEq1_newVersion_sequential.opb.xz,20
OPT-LIN/normalized-extraPB12/sroussel/benchsMusee/opb_Equals1_cod2_seq/normalized-BA_RDC4.dot_fibo_10null10mast_rapportOE2.0_TMAX60_K67_cod2_pbEq1_newVersion_sequential.opb.xz,20
OPT-LIN/normalized-extraPB12/sroussel/benchsMusee/opb_Equals1_cod2_seq/normalized-BA_RDC4.dot_fibo_10null20mast_rapportOE1.0_TMAX120_K67_cod2_pbEq1_newVersion_sequential.opb.xz,21
OPT-LIN/normalized-extraPB12/sroussel/benchsMusee/opb_Equals1_cod2_seq/normalized-BA_RDC4.dot_fibo_10null20mast_rapportOE1.0_TMAX15_K67_cod2_pbEq1_newVersion_sequential.opb.xz,21
OPT-LIN/normalized-extraPB12/sroussel/benchsMusee/opb_Equals1_cod2_seq/normalized-BA_RDC4.dot_fibo_10null20mast_rapportOE1.0_TMAX180_K67_cod2_pbEq1_newVersion_sequential.opb.xz,21
OPT-LIN/normalized-extraPB12/sroussel/benchsMusee/opb_Equals1_cod2_seq/normalized-BA_RDC4.dot_fibo_10null20mast_rapportOE1.0_TMAX300_K67_cod2_pbEq1_newVersion_sequential.opb.xz,21
OPT-LIN/normalized-extraPB12/sroussel/benchsMusee/opb_Equals1_cod2_seq/normalized-BA_RDC4.dot_fibo_10null20mast_rapportOE1.0_TMAX60_K67_cod2_pbEq1_newVersion_sequential.opb.xz,21
OPT-LIN/normalized-extraPB12/sroussel/benchsMusee/opb_Equals1_cod2_seq/normalized-BA_RDC4.dot_fibo_10null20mast_rapportOE2.0_TMAX120_K67_cod2_pbEq1_newVersion_sequential.opb.xz,21
OPT-LIN/normalized-extraPB12/sroussel/benchsMusee/opb_Equals1_cod2_seq/normalized-BA_RDC4.dot_fibo_10null20mast_rapportOE2.0_TMAX15_K67_cod2_pbEq1_newVersion_sequential.opb.xz,21
OPT-LIN/normalized-extraPB12/sroussel/benchsMusee/opb_Equals1_cod2_seq/normalized-BA_RDC4.dot_fibo_10null20mast_rapportOE2.0_TMAX180_K67_cod2_pbEq1_newVersion_sequential.opb.xz,21
OPT-LIN/normalized-extraPB12/sroussel/benchsMusee/opb_Equals1_cod2_seq/normalized-BA_RDC4.dot_fibo_10null20mast_rapportOE2.0_TMAX300_K67_cod2_pbEq1_newVersion_sequential.opb.xz,21
OPT-LIN/normalized-extraPB12/sroussel/benchsMusee/opb_Equals1_cod2_seq/normalized-BA_RDC4.dot_fibo_10null20mast_rapportOE2.0_TMAX60_K67_cod2_pbEq1_newVersion_sequential.opb.xz,21
OPT-LIN/normalized-extraPB12/sroussel/benchsMusee/opb_Equals1_cod2_seq/normalized-BA_RDC4.dot_fibo_10null50mast_rapportOE1.0_TMAX120_K67_cod2_pbEq1_newVersion_sequential.opb.xz,22
OPT-LIN/normalized-extraPB12/sroussel/benchsMusee/opb_Equals1_cod2_seq/normalized-BA_RDC4.dot_fibo_10null50mast_rapportOE1.0_TMAX15_K67_cod2_pbEq1_newVersion_sequential.opb.xz,22
OPT-LIN/normalized-extraPB12/sroussel/benchsMusee/opb_Equals1_cod2_seq/normalized-BA_RDC4.dot_fibo_10null50mast_rapportOE1.0_TMAX180_K67_cod2_pbEq1_newVersion_sequential.opb.xz,22
OPT-LIN/normalized-extraPB12/sroussel/benchsMusee/opb_Equals1_cod2_seq/normalized-BA_RDC4.dot_fibo_10null50mast_rapportOE1.0_TMAX300_K67_cod2_pbEq1_newVersion_sequential.opb.xz,22
OPT-LIN/normalized-extraPB12/sroussel/benchsMusee/opb_Equals1_cod2_seq/normalized-BA_RDC4.dot_fibo_10null50mast_rapportOE1.0_TMAX60_K67_cod2_pbEq1_newVersion_sequential.opb.xz,22
OPT-LIN/normalized-extraPB12/sroussel/benchsMusee/opb_Equals1_cod2_seq/normalized-BA_RDC4.dot_fibo_10null50mast_rapportOE2.0_TMAX120_K67_cod2_pbEq1_newVersion_sequential.opb.xz,22
OPT-LIN/normalized-extraPB12/sroussel/benchsMusee/opb_Equals1_cod2_seq/normalized-BA_RDC4.dot_fibo_10null50mast_rapportOE2.0_TMAX15_K67_cod2_pbEq1_newVersion_sequential.opb.xz,22
OPT-LIN/normalized-extraPB12/sroussel/benchsMusee/opb_Equals1_cod2_seq/normalized-BA_RDC4.dot_fibo_10null50mast_rapportOE2.0_TMAX180_K67_cod2_pbEq1_newVersion_sequential.opb.xz,22
OPT-LIN/normalized-extraPB12/sroussel/benchsMusee/opb_Equals1_cod2_seq/normalized-BA_RDC4.dot_fibo_10null50mast_rapportOE2.0_TMAX300_K67_cod2_pbEq1_newVersion_sequential.opb.xz,22
OPT-LIN/normalized-extraPB12/sroussel/benchsMusee/opb_Equals1_cod2_seq/normalized-BA_RDC4.dot_fibo_10null50mast_rapportOE2.0_TMAX60_K67_cod2_pbEq1_newVersion_sequential.opb.xz,22
OPT-LIN/normalized-extraPB12/sroussel/benchsMusee/opb_Equals1_cod2_seq/normalized-BA_RDC4.dot_fibo_20null0mast_rapportOE1.0_TMAX120_K67_cod2_pbEq1_newVersion_sequential.opb.xz,19
OPT-LIN/normalized-extraPB12/sroussel/benchsMusee/opb_Equals1_cod2_seq/normalized-BA_RDC4.dot_fibo_20null0mast_rapportOE1.0_TMAX15_K67_cod2_pbEq1_newVersion_sequential.opb.xz,19
OPT-LIN/normalized-extraPB12/sroussel/benchsMusee/opb_Equals1_cod2_seq/normalized-BA_RDC4.dot_fibo_20null0mast_rapportOE1.0_TMAX180_K67_cod2_pbEq1_newVersion_sequential.opb.xz,19
OPT-LIN/normalized-extraPB12/sroussel/benchsMusee/opb_Equals1_cod2_seq/normalized-BA_RDC4.dot_fibo_20null0mast_rapportOE1.0_TMAX300_K67_cod2_pbEq1_newVersion_sequential.opb.xz,19
OPT-LIN/normalized-extraPB12/sroussel/benchsMusee/opb_Equals1_cod2_seq/normalized-BA_RDC4.dot_fibo_20null0mast_rapportOE1.0_TMAX60_K67_cod2_pbEq1_newVersion_sequential.opb.xz,19
OPT-LIN/normalized-extraPB12/sroussel/benchsMusee/opb_Equals1_cod2_seq/normalized-BA_RDC4.dot_fibo_20null0mast_rapportOE2.0_TMAX120_K67_cod2_pbEq1_newVersion_sequential.opb.xz,19
OPT-LIN/normalized-extraPB12/sroussel/benchsMusee/opb_Equals1_cod2_seq/normalized-BA_RDC4.dot_fibo_20null0mast_rapportOE2.0_TMAX15_K67_cod2_pbEq1_newVersion_sequential.opb.xz,19
OPT-LIN/normalized-extraPB12/sroussel/benchsMusee/opb_Equals1_cod2_seq/normalized-BA_RDC4.dot_fibo_20null0mast_rapportOE2.0_TMAX180_K67_cod2_pbEq1_newVersion_sequential.opb.xz,19
OPT-LIN/normalized-extraPB12/sroussel/benchsMusee/opb_Equals1_cod2_seq/normalized-BA_RDC4.dot_fibo_20null0mast_rapportOE2.0_TMAX300_K67_cod2_pbEq1_newVersion_sequential.opb.xz,19
OPT-LIN/normalized-extraPB12/sroussel/benchsMusee/opb_Equals1_cod2_seq/normalized-BA_RDC4.dot_fibo_20null0mast_rapportOE2.0_TMAX60_K67_cod2_pbEq1_newVersion_sequential.opb.xz,19
OPT-LIN/normalized-extraPB12/sroussel/benchsMusee/opb_Equals1_cod2_seq/normalized-BA_RDC4.dot_fibo_20null10mast_rapportOE1.0_TMAX120_K67_cod2_pbEq1_newVersion_sequential.opb.xz,20
OPT-LIN/normalized-extraPB12/sroussel/benchsMusee/opb_Equals1_cod2_seq/normalized-BA_RDC4.dot_fibo_20null10mast_rapportOE1.0_TMAX15_K67_cod2_pbEq1_newVersion_sequential.opb.xz,20
OPT-LIN/normalized-extraPB12/sroussel/benchsMusee/opb_Equals1_cod2_seq/normalized-BA_RDC4.dot_fibo_20null10mast_rapportOE1.0_TMAX180_K67_cod2_pbEq1_newVersion_sequential.opb.xz,20
OPT-LIN/normalized-extraPB12/sroussel/benchsMusee/opb_Equals1_cod2_seq/normalized-BA_RDC4.dot_fibo_20null10mast_rapportOE1.0_TMAX300_K67_cod2_pbEq1_newVersion_sequential.opb.xz,20
OPT-LIN/normalized-extraPB12/sroussel/benchsMusee/opb_Equals1_cod2_seq/normalized-BA_RDC4.dot_fibo_20null10mast_rapportOE1.0_TMAX60_K67_cod2_pbEq1_newVersion_sequential.opb.xz,20
OPT-LIN/normalized-extraPB12/sroussel/benchsMusee/opb_Equals1_cod2_seq/normalized-BA_RDC4.dot_fibo_20null10mast_rapportOE2.0_TMAX120_K67_cod2_pbEq1_newVersion_sequential.opb.xz,20
OPT-LIN/normalized-extraPB12/sroussel/benchsMusee/opb_Equals1_cod2_seq/normalized-BA_RDC4.dot_fibo_20null10mast_rapportOE2.0_TMAX15_K67_cod2_pbEq1_newVersion_sequential.opb.xz,20
OPT-LIN/normalized-extraPB12/sroussel/benchsMusee/opb_Equals1_cod2_seq/normalized-BA_RDC4.dot_fibo_20null10mast_rapportOE2.0_TMAX180_K67_cod2_pbEq1_newVersion_sequential.opb.xz,20
OPT-LIN/normalized-extraPB12/sroussel/benchsMusee/opb_Equals1_cod2_seq/normalized-BA_RDC4.dot_fibo_20null10mast_rapportOE2.0_TMAX300_K67_cod2_pbEq1_newVersion_sequential.opb.xz,20
OPT-LIN/normalized-extraPB12/sroussel/benchsMusee/opb_Equals1_cod2_seq/normalized-BA_RDC4.dot_fibo_20null10mast_rapportOE2.0_TMAX60_K67_cod2_pbEq1_newVersion_sequential.opb.xz,20
OPT-LIN/normalized-extraPB12/sroussel/benchsMusee/opb_Equals1_cod2_seq/normalized-BA_RDC4.dot_fibo_20null20mast_rapportOE1.0_TMAX120_K67_cod2_pbEq1_newVersion_sequential.opb.xz,21
OPT-LIN/normalized-extraPB12/sroussel/benchsMusee/opb_Equals1_cod2_seq/normalized-BA_RDC4.dot_fibo_20null20mast_rapportOE1.0_TMAX15_K67_cod2_pbEq1_newVersion_sequential.opb.xz,21
OPT-LIN/normalized-extraPB12/sroussel/benchsMusee/opb_Equals1_cod2_seq/normalized-BA_RDC4.dot_fibo_20null20mast_rapportOE1.0_TMAX180_K67_cod2_pbEq1_newVersion_sequential.opb.xz,21
OPT-LIN/normalized-extraPB12/sroussel/benchsMusee/opb_Equals1_cod2_seq/normalized-BA_RDC4.dot_fibo_20null20mast_rapportOE1.0_TMAX300_K67_cod2_pbEq1_newVersion_sequential.opb.xz,21
OPT-LIN/normalized-extraPB12/sroussel/benchsMusee/opb_Equals1_cod2_seq/normalized-BA_RDC4.dot_fibo_20null20mast_rapportOE1.0_TMAX60_K67_cod2_pbEq1_newVersion_sequential.opb.xz,21
OPT-LIN/normalized-extraPB12/sroussel/benchsMusee/opb_Equals1_cod2_seq/normalized-BA_RDC4.dot_fibo_20null20mast_rapportOE2.0_TMAX120_K67_cod2_pbEq1_newVersion_sequential.opb.xz,21
OPT-LIN/normalized-extraPB12/sroussel/benchsMusee/opb_Equals1_cod2_seq/normalized-BA_RDC4.dot_fibo_20null20mast_rapportOE2.0_TMAX15_K67_cod2_pbEq1_newVersion_sequential.opb.xz,21
OPT-LIN/normalized-extraPB12/sroussel/benchsMusee/opb_Equals1_cod2_seq/normalized-BA_RDC4.dot_fibo_20null20mast_rapportOE2.0_TMAX180_K67_cod2_pbEq1_newVersion_sequential.opb.xz,21
OPT-LIN/normalized-extraPB12/sroussel/benchsMusee/opb_Equals1_cod2_seq/normalized-BA_RDC4.dot_fibo_20null20mast_rapportOE2.0_TMAX300_K67_cod2_pbEq1_newVersion_sequential.opb.xz,21
OPT-LIN/normalized-extraPB12/sroussel/benchsMusee/opb_Equals1_cod2_seq/normalized-BA_RDC4.dot_fibo_20null20mast_rapportOE2.0_TMAX60_K67_cod2_pbEq1_newVersion_sequential.opb.xz,21
OPT-LIN/normalized-extraPB12/sroussel/benchsMusee/opb_Equals1_cod2_seq/normalized-BA_RDC4.dot_fibo_20null50mast_rapportOE1.0_TMAX120_K67_cod2_pbEq1_newVersion_sequential.opb.xz,22
OPT-LIN/normalized-extraPB12/sroussel/benchsMusee/opb_Equals1_cod2_seq/normalized-BA_RDC4.dot_fibo_20null50mast_rapportOE1.0_TMAX15_K67_cod2_pbEq1_newVersion_sequential.opb.xz,22
OPT-LIN/normalized-extraPB12/sroussel/benchsMusee/opb_Equals1_cod2_seq/normalized-BA_RDC4.dot_fibo_20null50mast_rapportOE1.0_TMAX180_K67_cod2_pbEq1_newVersion_sequential.opb.xz,22
OPT-LIN/normalized-extraPB12/sroussel/benchsMusee/opb_Equals1_cod2_seq/normalized-BA_RDC4.dot_fibo_20null50mast_rapportOE1.0_TMAX300_K67_cod2_pbEq1_newVersion_sequential.opb.xz,22
OPT-LIN/normalized-extraPB12/sroussel/benchsMusee/opb_Equals1_cod2_seq/normalized-BA_RDC4.dot_fibo_20null50mast_rapportOE1.0_TMAX60_K67_cod2_pbEq1_newVersion_sequential.opb.xz,22
OPT-LIN/normalized-extraPB12/sroussel/benchsMusee/opb_Equals1_cod2_seq/normalized-BA_RDC4.dot_fibo_20null50mast_rapportOE2.0_TMAX120_K67_cod2_pbEq1_newVersion_sequential.opb.xz,22
OPT-LIN/normalized-extraPB12/sroussel/benchsMusee/opb_Equals1_cod2_seq/normalized-BA_RDC4.dot_fibo_20null50mast_rapportOE2.0_TMAX15_K67_cod2_pbEq1_newVersion_sequential.opb.xz,22
OPT-LIN/normalized-extraPB12/sroussel/benchsMusee/opb_Equals1_cod2_seq/normalized-BA_RDC4.dot_fibo_20null50mast_rapportOE2.0_TMAX180_K67_cod2_pbEq1_newVersion_sequential.opb.xz,22
OPT-LIN/normalized-extraPB12/sroussel/benchsMusee/opb_Equals1_cod2_seq/normalized-BA_RDC4.dot_fibo_20null50mast_rapportOE2.0_TMAX300_K67_cod2_pbEq1_newVersion_sequential.opb.xz,22
OPT-LIN/normalized-extraPB12/sroussel/benchsMusee/opb_Equals1_cod2_seq/normalized-BA_RDC4.dot_fibo_20null50mast_rapportOE2.0_TMAX60_K67_cod2_pbEq1_newVersion_sequential.opb.xz,22
OPT-LIN/normalized-extraPB12/sroussel/benchsMusee/opb_Equals1_cod2_seq/normalized-BA_RDC4.dot_fibo_50null0mast_rapportOE1.0_TMAX120_K67_cod2_pbEq1_newVersion_sequential.opb.xz,18
OPT-LIN/normalized-extraPB12/sroussel/benchsMusee/opb_Equals1_cod2_seq/normalized-BA_RDC4.dot_fibo_50null0mast_rapportOE1.0_TMAX15_K67_cod2_pbEq1_newVersion_sequential.opb.xz,18
OPT-LIN/normalized-extraPB12/sroussel/benchsMusee/opb_Equals1_cod2_seq/normalized-BA_RDC4.dot_fibo_50null0mast_rapportOE1.0_TMAX180_K67_cod2_pbEq1_newVersion_sequential.opb.xz,18
OPT-LIN/normalized-extraPB12/sroussel/benchsMusee/opb_Equals1_cod2_seq/normalized-BA_RDC4.dot_fibo_50null0mast_rapportOE1.0_TMAX300_K67_cod2_pbEq1_newVersion_sequential.opb.xz,18
OPT-LIN/normalized-extraPB12/sroussel/benchsMusee/opb_Equals1_cod2_seq/normalized-BA_RDC4.dot_fibo_50null0mast_rapportOE1.0_TMAX60_K67_cod2_pbEq1_newVersion_sequential.opb.xz,18
OPT-LIN/normalized-extraPB12/sroussel/benchsMusee/opb_Equals1_cod2_seq/normalized-BA_RDC4.dot_fibo_50null0mast_rapportOE2.0_TMAX120_K67_cod2_pbEq1_newVersion_sequential.opb.xz,18
OPT-LIN/normalized-extraPB12/sroussel/benchsMusee/opb_Equals1_cod2_seq/normalized-BA_RDC4.dot_fibo_50null0mast_rapportOE2.0_TMAX15_K67_cod2_pbEq1_newVersion_sequential.opb.xz,18
OPT-LIN/normalized-extraPB12/sroussel/benchsMusee/opb_Equals1_cod2_seq/normalized-BA_RDC4.dot_fibo_50null0mast_rapportOE2.0_TMAX180_K67_cod2_pbEq1_newVersion_sequential.opb.xz,18
OPT-LIN/normalized-extraPB12/sroussel/benchsMusee/opb_Equals1_cod2_seq/normalized-BA_RDC4.dot_fibo_50null0mast_rapportOE2.0_TMAX300_K67_cod2_pbEq1_newVersion_sequential.opb.xz,18
OPT-LIN/normalized-extraPB12/sroussel/benchsMusee/opb_Equals1_cod2_seq/normalized-BA_RDC4.dot_fibo_50null0mast_rapportOE2.0_TMAX60_K67_cod2_pbEq1_newVersion_sequential.opb.xz,18
OPT-LIN/normalized-extraPB12/sroussel/benchsMusee/opb_Equals1_cod2_seq/normalized-BA_RDC4.dot_fibo_50null10mast_rapportOE1.0_TMAX120_K67_cod2_pbEq1_newVersion_sequential.opb.xz,20
OPT-LIN/normalized-extraPB12/sroussel/benchsMusee/opb_Equals1_cod2_seq/normalized-BA_RDC4.dot_fibo_50null10mast_rapportOE1.0_TMAX15_K67_cod2_pbEq1_newVersion_sequential.opb.xz,20
OPT-LIN/normalized-extraPB12/sroussel/benchsMusee/opb_Equals1_cod2_seq/normalized-BA_RDC4.dot_fibo_50null10mast_rapportOE1.0_TMAX180_K67_cod2_pbEq1_newVersion_sequential.opb.xz,20
OPT-LIN/normalized-extraPB12/sroussel/benchsMusee/opb_Equals1_cod2_seq/normalized-BA_RDC4.dot_fibo_50null10mast_rapportOE1.0_TMAX300_K67_cod2_pbEq1_newVersion_sequential.opb.xz,20
OPT-LIN/normalized-extraPB12/sroussel/benchsMusee/opb_Equals1_cod2_seq/normalized-BA_RDC4.dot_fibo_50null10mast_rapportOE1.0_TMAX60_K67_cod2_pbEq1_newVersion_sequential.opb.xz,20
OPT-LIN/normalized-extraPB12/sroussel/benchsMusee/opb_Equals1_cod2_seq/normalized-BA_RDC4.dot_fibo_50null10mast_rapportOE2.0_TMAX120_K67_cod2_pbEq1_newVersion_sequential.opb.xz,20
OPT-LIN/normalized-extraPB12/sroussel/benchsMusee/opb_Equals1_cod2_seq/normalized-BA_RDC4.dot_fibo_50null10mast_rapportOE2.0_TMAX15_K67_cod2_pbEq1_newVersion_sequential.opb.xz,20
OPT-LIN/normalized-extraPB12/sroussel/benchsMusee/opb_Equals1_cod2_seq/normalized-BA_RDC4.dot_fibo_50null10mast_rapportOE2.0_TMAX180_K67_cod2_pbEq1_newVersion_sequential.opb.xz,20
OPT-LIN/normalized-extraPB12/sroussel/benchsMusee/opb_Equals1_cod2_seq/normalized-BA_RDC4.dot_fibo_50null10mast_rapportOE2.0_TMAX300_K67_cod2_pbEq1_newVersion_sequential.opb.xz,20
OPT-LIN/normalized-extraPB12/sroussel/benchsMusee/opb_Equals1_cod2_seq/normalized-BA_RDC4.dot_fibo_50null10mast_rapportOE2.0_TMAX60_K67_cod2_pbEq1_newVersion_sequential.opb.xz,20
OPT-LIN/normalized-extraPB12/sroussel/benchsMusee/opb_Equals1_cod2_seq/normalized-BA_RDC4.dot_fibo_50null20mast_rapportOE1.0_TMAX120_K67_cod2_pbEq1_newVersion_sequential.opb.xz,21
OPT-LIN/normalized-extraPB12/sroussel/benchsMusee/opb_Equals1_cod2_seq/normalized-BA_RDC4.dot_fibo_50null20mast_rapportOE1.0_TMAX15_K67_cod2_pbEq1_newVersion_sequential.opb.xz,21
OPT-LIN/normalized-extraPB12/sroussel/benchsMusee/opb_Equals1_cod2_seq/normalized-BA_RDC4.dot_fibo_50null20mast_rapportOE1.0_TMAX180_K67_cod2_pbEq1_newVersion_sequential.opb.xz,21
OPT-LIN/normalized-extraPB12/sroussel/benchsMusee/opb_Equals1_cod2_seq/normalized-BA_RDC4.dot_fibo_50null20mast_rapportOE1.0_TMAX300_K67_cod2_pbEq1_newVersion_sequential.opb.xz,21
OPT-LIN/normalized-extraPB12/sroussel/benchsMusee/opb_Equals1_cod2_seq/normalized-BA_RDC4.dot_fibo_50null20mast_rapportOE1.0_TMAX60_K67_cod2_pbEq1_newVersion_sequential.opb.xz,21
OPT-LIN/normalized-extraPB12/sroussel/benchsMusee/opb_Equals1_cod2_seq/normalized-BA_RDC4.dot_fibo_50null20mast_rapportOE2.0_TMAX120_K67_cod2_pbEq1_newVersion_sequential.opb.xz,21
OPT-LIN/normalized-extraPB12/sroussel/benchsMusee/opb_Equals1_cod2_seq/normalized-BA_RDC4.dot_fibo_50null20mast_rapportOE2.0_TMAX15_K67_cod2_pbEq1_newVersion_sequential.opb.xz,21
OPT-LIN/normalized-extraPB12/sroussel/benchsMusee/opb_Equals1_cod2_seq/normalized-BA_RDC4.dot_fibo_50null20mast_rapportOE2.0_TMAX180_K67_cod2_pbEq1_newVersion_sequential.opb.xz,21
OPT-LIN/normalized-extraPB12/sroussel/benchsMusee/opb_Equals1_cod2_seq/normalized-BA_RDC4.dot_fibo_50null20mast_rapportOE2.0_TMAX300_K67_cod2_pbEq1_newVersion_sequential.opb.xz,21
OPT-LIN/normalized-extraPB12/sroussel/benchsMusee/opb_Equals1_cod2_seq/normalized-BA_RDC4.dot_fibo_50null20mast_rapportOE2.0_TMAX60_K67_cod2_pbEq1_newVersion_sequential.opb.xz,21
OPT-LIN/normalized-extraPB12/sroussel/benchsMusee/opb_Equals1_cod2_seq/normalized-BA_RDC4.dot_fibo_50null50mast_rapportOE1.0_TMAX120_K67_cod2_pbEq1_newVersion_sequential.opb.xz,14
OPT-LIN/normalized-extraPB12/sroussel/benchsMusee/opb_Equals1_cod2_seq/normalized-BA_RDC4.dot_fibo_50null50mast_rapportOE1.0_TMAX15_K67_cod2_pbEq1_newVersion_sequential.opb.xz,14
OPT-LIN/normalized-extraPB12/sroussel/benchsMusee/opb_Equals1_cod2_seq/normalized-BA_RDC4.dot_fibo_50null50mast_rapportOE1.0_TMAX180_K67_cod2_pbEq1_newVersion_sequential.opb.xz,14
OPT-LIN/normalized-extraPB12/sroussel/benchsMusee/opb_Equals1_cod2_seq/normalized-BA_RDC4.dot_fibo_50null50mast_rapportOE1.0_TMAX300_K67_cod2_pbEq1_newVersion_sequential.opb.xz,14
OPT-LIN/normalized-extraPB12/sroussel/benchsMusee/opb_Equals1_cod2_seq/normalized-BA_RDC4.dot_fibo_50null50mast_rapportOE1.0_TMAX60_K67_cod2_pbEq1_newVersion_sequential.opb.xz,14
OPT-LIN/normalized-extraPB12/sroussel/benchsMusee/opb_Equals1_cod2_seq/normalized-BA_RDC4.dot_fibo_50null50mast_rapportOE2.0_TMAX120_K67_cod2_pbEq1_newVersion_sequential.opb.xz,14
OPT-LIN/normalized-extraPB12/sroussel/benchsMusee/opb_Equals1_cod2_seq/normalized-BA_RDC4.dot_fibo_50null50mast_rapportOE2.0_TMAX15_K67_cod2_pbEq1_newVersion_sequential.opb.xz,14
OPT-LIN/normalized-extraPB12/sroussel/benchsMusee/opb_Equals1_cod2_seq/normalized-BA_RDC4.dot_fibo_50null50mast_rapportOE2.0_TMAX180_K67_cod2_pbEq1_newVersion_sequential.opb.xz,14
OPT-LIN/normalized-extraPB12/sroussel/benchsMusee/opb_Equals1_cod2_seq/normalized-BA_RDC4.dot_fibo_50null50mast_rapportOE2.0_TMAX300_K67_cod2_pbEq1_newVersion_sequential.opb.xz,14
OPT-LIN/normalized-extraPB12/sroussel/benchsMusee/opb_Equals1_cod2_seq/normalized-BA_RDC4.dot_fibo_50null50mast_rapportOE2.0_TMAX60_K67_cod2_pbEq1_newVersion_sequential.opb.xz,14
OPT-LIN/normalized-extraPB12/sroussel/benchsMusee/opb_Equals1_cod2_seq/normalized-BA_RDC4.dot_luby_0null0mast_rapportOE1.0_TMAX120_K67_cod2_pbEq1_newVersion_sequential.opb.xz,14
OPT-LIN/normalized-extraPB12/sroussel/benchsMusee/opb_Equals1_cod2_seq/normalized-BA_RDC4.dot_luby_0null0mast_rapportOE1.0_TMAX15_K67_cod2_pbEq1_newVersion_sequential.opb.xz,14
OPT-LIN/normalized-extraPB12/sroussel/benchsMusee/opb_Equals1_cod2_seq/normalized-BA_RDC4.dot_luby_0null0mast_rapportOE1.0_TMAX180_K67_cod2_pbEq1_newVersion_sequential.opb.xz,14
OPT-LIN/normalized-extraPB12/sroussel/benchsMusee/opb_Equals1_cod2_seq/normalized-BA_RDC4.dot_luby_0null0mast_rapportOE1.0_TMAX300_K67_cod2_pbEq1_newVersion_sequential.opb.xz,14
OPT-LIN/normalized-extraPB12/sroussel/benchsMusee/opb_Equals1_cod2_seq/normalized-BA_RDC4.dot_luby_0null0mast_rapportOE1.0_TMAX60_K67_cod2_pbEq1_newVersion_sequential.opb.xz,14
OPT-LIN/normalized-extraPB12/sroussel/benchsMusee/opb_Equals1_cod2_seq/normalized-BA_RDC4.dot_luby_0null0mast_rapportOE2.0_TMAX120_K67_cod2_pbEq1_newVersion_sequential.opb.xz,14
OPT-LIN/normalized-extraPB12/sroussel/benchsMusee/opb_Equals1_cod2_seq/normalized-BA_RDC4.dot_luby_0null0mast_rapportOE2.0_TMAX15_K67_cod2_pbEq1_newVersion_sequential.opb.xz,14
OPT-LIN/normalized-extraPB12/sroussel/benchsMusee/opb_Equals1_cod2_seq/normalized-BA_RDC4.dot_luby_0null0mast_rapportOE2.0_TMAX180_K67_cod2_pbEq1_newVersion_sequential.opb.xz,14
OPT-LIN/normalized-extraPB12/sroussel/benchsMusee/opb_Equals1_cod2_seq/normalized-BA_RDC4.dot_luby_0null0mast_rapportOE2.0_TMAX300_K67_cod2_pbEq1_newVersion_sequential.opb.xz,14
OPT-LIN/normalized-extraPB12/sroussel/benchsMusee/opb_Equals1_cod2_seq/normalized-BA_RDC4.dot_luby_0null0mast_rapportOE2.0_TMAX60_K67_cod2_pbEq1_newVersion_sequential.opb.xz,14
OPT-LIN/normalized-extraPB12/sroussel/benchsMusee/opb_Equals1_cod2_seq/normalized-BA_RDC4.dot_luby_0null10mast_rapportOE1.0_TMAX120_K67_cod2_pbEq1_newVersion_sequential.opb.xz,14
OPT-LIN/normalized-extraPB12/sroussel/benchsMusee/opb_Equals1_cod2_seq/normalized-BA_RDC4.dot_luby_0null10mast_rapportOE1.0_TMAX15_K67_cod2_pbEq1_newVersion_sequential.opb.xz,14
OPT-LIN/normalized-extraPB12/sroussel/benchsMusee/opb_Equals1_cod2_seq/normalized-BA_RDC4.dot_luby_0null10mast_rapportOE1.0_TMAX180_K67_cod2_pbEq1_newVersion_sequential.opb.xz,14
OPT-LIN/normalized-extraPB12/sroussel/benchsMusee/opb_Equals1_cod2_seq/normalized-BA_RDC4.dot_luby_0null10mast_rapportOE1.0_TMAX300_K67_cod2_pbEq1_newVersion_sequential.opb.xz,14
OPT-LIN/normalized-extraPB12/sroussel/benchsMusee/opb_Equals1_cod2_seq/normalized-BA_RDC4.dot_luby_0null10mast_rapportOE1.0_TMAX60_K67_cod2_pbEq1_newVersion_sequential.opb.xz,14
OPT-LIN/normalized-extraPB12/sroussel/benchsMusee/opb_Equals1_cod2_seq/normalized-BA_RDC4.dot_luby_0null10mast_rapportOE2.0_TMAX120_K67_cod2_pbEq1_newVersion_sequential.opb.xz,14
OPT-LIN/normalized-extraPB12/sroussel/benchsMusee/opb_Equals1_cod2_seq/normalized-BA_RDC4.dot_luby_0null10mast_rapportOE2.0_TMAX15_K67_cod2_pbEq1_newVersion_sequential.opb.xz,14
OPT-LIN/normalized-extraPB12/sroussel/benchsMusee/opb_Equals1_cod2_seq/normalized-BA_RDC4.dot_luby_0null10mast_rapportOE2.0_TMAX180_K67_cod2_pbEq1_newVersion_sequential.opb.xz,14
OPT-LIN/normalized-extraPB12/sroussel/benchsMusee/opb_Equals1_cod2_seq/normalized-BA_RDC4.dot_luby_0null10mast_rapportOE2.0_TMAX300_K67_cod2_pbEq1_newVersion_sequential.opb.xz,14
OPT-LIN/normalized-extraPB12/sroussel/benchsMusee/opb_Equals1_cod2_seq/normalized-BA_RDC4.dot_luby_0null10mast_rapportOE2.0_TMAX60_K67_cod2_pbEq1_newVersion_sequential.opb.xz,14
OPT-LIN/normalized-extraPB12/sroussel/benchsMusee/opb_Equals1_cod2_seq/normalized-BA_RDC4.dot_luby_0null20mast_rapportOE1.0_TMAX120_K67_cod2_pbEq1_newVersion_sequential.opb.xz,15
OPT-LIN/normalized-extraPB12/sroussel/benchsMusee/opb_Equals1_cod2_seq/normalized-BA_RDC4.dot_luby_0null20mast_rapportOE1.0_TMAX15_K67_cod2_pbEq1_newVersion_sequential.opb.xz,15
OPT-LIN/normalized-extraPB12/sroussel/benchsMusee/opb_Equals1_cod2_seq/normalized-BA_RDC4.dot_luby_0null20mast_rapportOE1.0_TMAX180_K67_cod2_pbEq1_newVersion_sequential.opb.xz,15
OPT-LIN/normalized-extraPB12/sroussel/benchsMusee/opb_Equals1_cod2_seq/normalized-BA_RDC4.dot_luby_0null20mast_rapportOE1.0_TMAX300_K67_cod2_pbEq1_newVersion_sequential.opb.xz,15
OPT-LIN/normalized-extraPB12/sroussel/benchsMusee/opb_Equals1_cod2_seq/normalized-BA_RDC4.dot_luby_0null20mast_rapportOE1.0_TMAX60_K67_cod2_pbEq1_newVersion_sequential.opb.xz,15
OPT-LIN/normalized-extraPB12/sroussel/benchsMusee/opb_Equals1_cod2_seq/normalized-BA_RDC4.dot_luby_0null20mast_rapportOE2.0_TMAX120_K67_cod2_pbEq1_newVersion_sequential.opb.xz,15
OPT-LIN/normalized-extraPB12/sroussel/benchsMusee/opb_Equals1_cod2_seq/normalized-BA_RDC4.dot_luby_0null20mast_rapportOE2.0_TMAX15_K67_cod2_pbEq1_newVersion_sequential.opb.xz,15
OPT-LIN/normalized-extraPB12/sroussel/benchsMusee/opb_Equals1_cod2_seq/normalized-BA_RDC4.dot_luby_0null20mast_rapportOE2.0_TMAX180_K67_cod2_pbEq1_newVersion_sequential.opb.xz,15
OPT-LIN/normalized-extraPB12/sroussel/benchsMusee/opb_Equals1_cod2_seq/normalized-BA_RDC4.dot_luby_0null20mast_rapportOE2.0_TMAX300_K67_cod2_pbEq1_newVersion_sequential.opb.xz,15
OPT-LIN/normalized-extraPB12/sroussel/benchsMusee/opb_Equals1_cod2_seq/normalized-BA_RDC4.dot_luby_0null20mast_rapportOE2.0_TMAX60_K67_cod2_pbEq1_newVersion_sequential.opb.xz,15
OPT-LIN/normalized-extraPB12/sroussel/benchsMusee/opb_Equals1_cod2_seq/normalized-BA_RDC4.dot_luby_0null50mast_rapportOE1.0_TMAX120_K67_cod2_pbEq1_newVersion_sequential.opb.xz,16
OPT-LIN/normalized-extraPB12/sroussel/benchsMusee/opb_Equals1_cod2_seq/normalized-BA_RDC4.dot_luby_0null50mast_rapportOE1.0_TMAX15_K67_cod2_pbEq1_newVersion_sequential.opb.xz,16
OPT-LIN/normalized-extraPB12/sroussel/benchsMusee/opb_Equals1_cod2_seq/normalized-BA_RDC4.dot_luby_0null50mast_rapportOE1.0_TMAX180_K67_cod2_pbEq1_newVersion_sequential.opb.xz,16
OPT-LIN/normalized-extraPB12/sroussel/benchsMusee/opb_Equals1_cod2_seq/normalized-BA_RDC4.dot_luby_0null50mast_rapportOE1.0_TMAX300_K67_cod2_pbEq1_newVersion_sequential.opb.xz,16
OPT-LIN/normalized-extraPB12/sroussel/benchsMusee/opb_Equals1_cod2_seq/normalized-BA_RDC4.dot_luby_0null50mast_rapportOE1.0_TMAX60_K67_cod2_pbEq1_newVersion_sequential.opb.xz,16
OPT-LIN/normalized-extraPB12/sroussel/benchsMusee/opb_Equals1_cod2_seq/normalized-BA_RDC4.dot_luby_0null50mast_rapportOE2.0_TMAX120_K67_cod2_pbEq1_newVersion_sequential.opb.xz,16
OPT-LIN/normalized-extraPB12/sroussel/benchsMusee/opb_Equals1_cod2_seq/normalized-BA_RDC4.dot_luby_0null50mast_rapportOE2.0_TMAX15_K67_cod2_pbEq1_newVersion_sequential.opb.xz,16
OPT-LIN/normalized-extraPB12/sroussel/benchsMusee/opb_Equals1_cod2_seq/normalized-BA_RDC4.dot_luby_0null50mast_rapportOE2.0_TMAX180_K67_cod2_pbEq1_newVersion_sequential.opb.xz,16
OPT-LIN/normalized-extraPB12/sroussel/benchsMusee/opb_Equals1_cod2_seq/normalized-BA_RDC4.dot_luby_0null50mast_rapportOE2.0_TMAX300_K67_cod2_pbEq1_newVersion_sequential.opb.xz,16
OPT-LIN/normalized-extraPB12/sroussel/benchsMusee/opb_Equals1_cod2_seq/normalized-BA_RDC4.dot_luby_0null50mast_rapportOE2.0_TMAX60_K67_cod2_pbEq1_newVersion_sequential.opb.xz,16
OPT-LIN/normalized-extraPB12/sroussel/benchsMusee/opb_Equals1_cod2_seq/normalized-BA_RDC4.dot_luby_10null0mast_rapportOE1.0_TMAX120_K67_cod2_pbEq1_newVersion_sequential.opb.xz,14
OPT-LIN/normalized-extraPB12/sroussel/benchsMusee/opb_Equals1_cod2_seq/normalized-BA_RDC4.dot_luby_10null0mast_rapportOE1.0_TMAX15_K67_cod2_pbEq1_newVersion_sequential.opb.xz,14
OPT-LIN/normalized-extraPB12/sroussel/benchsMusee/opb_Equals1_cod2_seq/normalized-BA_RDC4.dot_luby_10null0mast_rapportOE1.0_TMAX180_K67_cod2_pbEq1_newVersion_sequential.opb.xz,14
OPT-LIN/normalized-extraPB12/sroussel/benchsMusee/opb_Equals1_cod2_seq/normalized-BA_RDC4.dot_luby_10null0mast_rapportOE1.0_TMAX300_K67_cod2_pbEq1_newVersion_sequential.opb.xz,14
OPT-LIN/normalized-extraPB12/sroussel/benchsMusee/opb_Equals1_cod2_seq/normalized-BA_RDC4.dot_luby_10null0mast_rapportOE1.0_TMAX60_K67_cod2_pbEq1_newVersion_sequential.opb.xz,14
OPT-LIN/normalized-extraPB12/sroussel/benchsMusee/opb_Equals1_cod2_seq/normalized-BA_RDC4.dot_luby_10null0mast_rapportOE2.0_TMAX120_K67_cod2_pbEq1_newVersion_sequential.opb.xz,14
OPT-LIN/normalized-extraPB12/sroussel/benchsMusee/opb_Equals1_cod2_seq/normalized-BA_RDC4.dot_luby_10null0mast_rapportOE2.0_TMAX15_K67_cod2_pbEq1_newVersion_sequential.opb.xz,14
OPT-LIN/normalized-extraPB12/sroussel/benchsMusee/opb_Equals1_cod2_seq/normalized-BA_RDC4.dot_luby_10null0mast_rapportOE2.0_TMAX180_K67_cod2_pbEq1_newVersion_sequential.opb.xz,14
OPT-LIN/normalized-extraPB12/sroussel/benchsMusee/opb_Equals1_cod2_seq/normalized-BA_RDC4.dot_luby_10null0mast_rapportOE2.0_TMAX300_K67_cod2_pbEq1_newVersion_sequential.opb.xz,14
OPT-LIN/normalized-extraPB12/sroussel/benchsMusee/opb_Equals1_cod2_seq/normalized-BA_RDC4.dot_luby_10null0mast_rapportOE2.0_TMAX60_K67_cod2_pbEq1_newVersion_sequential.opb.xz,14
OPT-LIN/normalized-extraPB12/sroussel/benchsMusee/opb_Equals1_cod2_seq/normalized-BA_RDC4.dot_luby_10null10mast_rapportOE1.0_TMAX120_K67_cod2_pbEq1_newVersion_sequential.opb.xz,14
OPT-LIN/normalized-extraPB12/sroussel/benchsMusee/opb_Equals1_cod2_seq/normalized-BA_RDC4.dot_luby_10null10mast_rapportOE1.0_TMAX15_K67_cod2_pbEq1_newVersion_sequential.opb.xz,14
OPT-LIN/normalized-extraPB12/sroussel/benchsMusee/opb_Equals1_cod2_seq/normalized-BA_RDC4.dot_luby_10null10mast_rapportOE1.0_TMAX180_K67_cod2_pbEq1_newVersion_sequential.opb.xz,14
OPT-LIN/normalized-extraPB12/sroussel/benchsMusee/opb_Equals1_cod2_seq/normalized-BA_RDC4.dot_luby_10null10mast_rapportOE1.0_TMAX300_K67_cod2_pbEq1_newVersion_sequential.opb.xz,14
OPT-LIN/normalized-extraPB12/sroussel/benchsMusee/opb_Equals1_cod2_seq/normalized-BA_RDC4.dot_luby_10null10mast_rapportOE1.0_TMAX60_K67_cod2_pbEq1_newVersion_sequential.opb.xz,14
OPT-LIN/normalized-extraPB12/sroussel/benchsMusee/opb_Equals1_cod2_seq/normalized-BA_RDC4.dot_luby_10null10mast_rapportOE2.0_TMAX120_K67_cod2_pbEq1_newVersion_sequential.opb.xz,14
OPT-LIN/normalized-extraPB12/sroussel/benchsMusee/opb_Equals1_cod2_seq/normalized-BA_RDC4.dot_luby_10null10mast_rapportOE2.0_TMAX15_K67_cod2_pbEq1_newVersion_sequential.opb.xz,14
OPT-LIN/normalized-extraPB12/sroussel/benchsMusee/opb_Equals1_cod2_seq/normalized-BA_RDC4.dot_luby_10null10mast_rapportOE2.0_TMAX180_K67_cod2_pbEq1_newVersion_sequential.opb.xz,14
OPT-LIN/normalized-extraPB12/sroussel/benchsMusee/opb_Equals1_cod2_seq/normalized-BA_RDC4.dot_luby_10null10mast_rapportOE2.0_TMAX300_K67_cod2_pbEq1_newVersion_sequential.opb.xz,14
OPT-LIN/normalized-extraPB12/sroussel/benchsMusee/opb_Equals1_cod2_seq/normalized-BA_RDC4.dot_luby_10null10mast_rapportOE2.0_TMAX60_K67_cod2_pbEq1_newVersion_sequential.opb.xz,14
OPT-LIN/normalized-extraPB12/sroussel/benchsMusee/opb_Equals1_cod2_seq/normalized-BA_RDC4.dot_luby_10null20mast_rapportOE1.0_TMAX120_K67_cod2_pbEq1_newVersion_sequential.opb.xz,15
OPT-LIN/normalized-extraPB12/sroussel/benchsMusee/opb_Equals1_cod2_seq/normalized-BA_RDC4.dot_luby_10null20mast_rapportOE1.0_TMAX15_K67_cod2_pbEq1_newVersion_sequential.opb.xz,15
OPT-LIN/normalized-extraPB12/sroussel/benchsMusee/opb_Equals1_cod2_seq/normalized-BA_RDC4.dot_luby_10null20mast_rapportOE1.0_TMAX180_K67_cod2_pbEq1_newVersion_sequential.opb.xz,15
OPT-LIN/normalized-extraPB12/sroussel/benchsMusee/opb_Equals1_cod2_seq/normalized-BA_RDC4.dot_luby_10null20mast_rapportOE1.0_TMAX300_K67_cod2_pbEq1_newVersion_sequential.opb.xz,15
OPT-LIN/normalized-extraPB12/sroussel/benchsMusee/opb_Equals1_cod2_seq/normalized-BA_RDC4.dot_luby_10null20mast_rapportOE1.0_TMAX60_K67_cod2_pbEq1_newVersion_sequential.opb.xz,15
OPT-LIN/normalized-extraPB12/sroussel/benchsMusee/opb_Equals1_cod2_seq/normalized-BA_RDC4.dot_luby_10null20mast_rapportOE2.0_TMAX120_K67_cod2_pbEq1_newVersion_sequential.opb.xz,15
OPT-LIN/normalized-extraPB12/sroussel/benchsMusee/opb_Equals1_cod2_seq/normalized-BA_RDC4.dot_luby_10null20mast_rapportOE2.0_TMAX15_K67_cod2_pbEq1_newVersion_sequential.opb.xz,15
OPT-LIN/normalized-extraPB12/sroussel/benchsMusee/opb_Equals1_cod2_seq/normalized-BA_RDC4.dot_luby_10null20mast_rapportOE2.0_TMAX180_K67_cod2_pbEq1_newVersion_sequential.opb.xz,15
OPT-LIN/normalized-extraPB12/sroussel/benchsMusee/opb_Equals1_cod2_seq/normalized-BA_RDC4.dot_luby_10null20mast_rapportOE2.0_TMAX300_K67_cod2_pbEq1_newVersion_sequential.opb.xz,15
OPT-LIN/normalized-extraPB12/sroussel/benchsMusee/opb_Equals1_cod2_seq/normalized-BA_RDC4.dot_luby_10null20mast_rapportOE2.0_TMAX60_K67_cod2_pbEq1_newVersion_sequential.opb.xz,15
OPT-LIN/normalized-extraPB12/sroussel/benchsMusee/opb_Equals1_cod2_seq/normalized-BA_RDC4.dot_luby_10null50mast_rapportOE1.0_TMAX120_K67_cod2_pbEq1_newVersion_sequential.opb.xz,16
OPT-LIN/normalized-extraPB12/sroussel/benchsMusee/opb_Equals1_cod2_seq/normalized-BA_RDC4.dot_luby_10null50mast_rapportOE1.0_TMAX15_K67_cod2_pbEq1_newVersion_sequential.opb.xz,16
OPT-LIN/normalized-extraPB12/sroussel/benchsMusee/opb_Equals1_cod2_seq/normalized-BA_RDC4.dot_luby_10null50mast_rapportOE1.0_TMAX180_K67_cod2_pbEq1_newVersion_sequential.opb.xz,16
OPT-LIN/normalized-extraPB12/sroussel/benchsMusee/opb_Equals1_cod2_seq/normalized-BA_RDC4.dot_luby_10null50mast_rapportOE1.0_TMAX300_K67_cod2_pbEq1_newVersion_sequential.opb.xz,16
OPT-LIN/normalized-extraPB12/sroussel/benchsMusee/opb_Equals1_cod2_seq/normalized-BA_RDC4.dot_luby_10null50mast_rapportOE1.0_TMAX60_K67_cod2_pbEq1_newVersion_sequential.opb.xz,16
OPT-LIN/normalized-extraPB12/sroussel/benchsMusee/opb_Equals1_cod2_seq/normalized-BA_RDC4.dot_luby_10null50mast_rapportOE2.0_TMAX120_K67_cod2_pbEq1_newVersion_sequential.opb.xz,16
OPT-LIN/normalized-extraPB12/sroussel/benchsMusee/opb_Equals1_cod2_seq/normalized-BA_RDC4.dot_luby_10null50mast_rapportOE2.0_TMAX15_K67_cod2_pbEq1_newVersion_sequential.opb.xz,16
OPT-LIN/normalized-extraPB12/sroussel/benchsMusee/opb_Equals1_cod2_seq/normalized-BA_RDC4.dot_luby_10null50mast_rapportOE2.0_TMAX180_K67_cod2_pbEq1_newVersion_sequential.opb.xz,16
OPT-LIN/normalized-extraPB12/sroussel/benchsMusee/opb_Equals1_cod2_seq/normalized-BA_RDC4.dot_luby_10null50mast_rapportOE2.0_TMAX300_K67_cod2_pbEq1_newVersion_sequential.opb.xz,16
OPT-LIN/normalized-extraPB12/sroussel/benchsMusee/opb_Equals1_cod2_seq/normalized-BA_RDC4.dot_luby_10null50mast_rapportOE2.0_TMAX60_K67_cod2_pbEq1_newVersion_sequential.opb.xz,16
OPT-LIN/normalized-extraPB12/sroussel/benchsMusee/opb_Equals1_cod2_seq/normalized-BA_RDC4.dot_luby_20null0mast_rapportOE1.0_TMAX120_K67_cod2_pbEq1_newVersion_sequential.opb.xz,14
OPT-LIN/normalized-extraPB12/sroussel/benchsMusee/opb_Equals1_cod2_seq/normalized-BA_RDC4.dot_luby_20null0mast_rapportOE1.0_TMAX15_K67_cod2_pbEq1_newVersion_sequential.opb.xz,14
OPT-LIN/normalized-extraPB12/sroussel/benchsMusee/opb_Equals1_cod2_seq/normalized-BA_RDC4.dot_luby_20null0mast_rapportOE1.0_TMAX180_K67_cod2_pbEq1_newVersion_sequential.opb.xz,14
OPT-LIN/normalized-extraPB12/sroussel/benchsMusee/opb_Equals1_cod2_seq/normalized-BA_RDC4.dot_luby_20null0mast_rapportOE1.0_TMAX300_K67_cod2_pbEq1_newVersion_sequential.opb.xz,14
OPT-LIN/normalized-extraPB12/sroussel/benchsMusee/opb_Equals1_cod2_seq/normalized-BA_RDC4.dot_luby_20null0mast_rapportOE1.0_TMAX60_K67_cod2_pbEq1_newVersion_sequential.opb.xz,14
OPT-LIN/normalized-extraPB12/sroussel/benchsMusee/opb_Equals1_cod2_seq/normalized-BA_RDC4.dot_luby_20null0mast_rapportOE2.0_TMAX120_K67_cod2_pbEq1_newVersion_sequential.opb.xz,14
OPT-LIN/normalized-extraPB12/sroussel/benchsMusee/opb_Equals1_cod2_seq/normalized-BA_RDC4.dot_luby_20null0mast_rapportOE2.0_TMAX15_K67_cod2_pbEq1_newVersion_sequential.opb.xz,14
OPT-LIN/normalized-extraPB12/sroussel/benchsMusee/opb_Equals1_cod2_seq/normalized-BA_RDC4.dot_luby_20null0mast_rapportOE2.0_TMAX180_K67_cod2_pbEq1_newVersion_sequential.opb.xz,14
OPT-LIN/normalized-extraPB12/sroussel/benchsMusee/opb_Equals1_cod2_seq/normalized-BA_RDC4.dot_luby_20null0mast_rapportOE2.0_TMAX300_K67_cod2_pbEq1_newVersion_sequential.opb.xz,14
OPT-LIN/normalized-extraPB12/sroussel/benchsMusee/opb_Equals1_cod2_seq/normalized-BA_RDC4.dot_luby_20null0mast_rapportOE2.0_TMAX60_K67_cod2_pbEq1_newVersion_sequential.opb.xz,14
OPT-LIN/normalized-extraPB12/sroussel/benchsMusee/opb_Equals1_cod2_seq/normalized-BA_RDC4.dot_luby_20null10mast_rapportOE1.0_TMAX120_K67_cod2_pbEq1_newVersion_sequential.opb.xz,14
OPT-LIN/normalized-extraPB12/sroussel/benchsMusee/opb_Equals1_cod2_seq/normalized-BA_RDC4.dot_luby_20null10mast_rapportOE1.0_TMAX15_K67_cod2_pbEq1_newVersion_sequential.opb.xz,14
OPT-LIN/normalized-extraPB12/sroussel/benchsMusee/opb_Equals1_cod2_seq/normalized-BA_RDC4.dot_luby_20null10mast_rapportOE1.0_TMAX180_K67_cod2_pbEq1_newVersion_sequential.opb.xz,14
OPT-LIN/normalized-extraPB12/sroussel/benchsMusee/opb_Equals1_cod2_seq/normalized-BA_RDC4.dot_luby_20null10mast_rapportOE1.0_TMAX300_K67_cod2_pbEq1_newVersion_sequential.opb.xz,14
OPT-LIN/normalized-extraPB12/sroussel/benchsMusee/opb_Equals1_cod2_seq/normalized-BA_RDC4.dot_luby_20null10mast_rapportOE1.0_TMAX60_K67_cod2_pbEq1_newVersion_sequential.opb.xz,14
OPT-LIN/normalized-extraPB12/sroussel/benchsMusee/opb_Equals1_cod2_seq/normalized-BA_RDC4.dot_luby_20null10mast_rapportOE2.0_TMAX120_K67_cod2_pbEq1_newVersion_sequential.opb.xz,14
OPT-LIN/normalized-extraPB12/sroussel/benchsMusee/opb_Equals1_cod2_seq/normalized-BA_RDC4.dot_luby_20null10mast_rapportOE2.0_TMAX15_K67_cod2_pbEq1_newVersion_sequential.opb.xz,14
OPT-LIN/normalized-extraPB12/sroussel/benchsMusee/opb_Equals1_cod2_seq/normalized-BA_RDC4.dot_luby_20null10mast_rapportOE2.0_TMAX180_K67_cod2_pbEq1_newVersion_sequential.opb.xz,14
OPT-LIN/normalized-extraPB12/sroussel/benchsMusee/opb_Equals1_cod2_seq/normalized-BA_RDC4.dot_luby_20null10mast_rapportOE2.0_TMAX300_K67_cod2_pbEq1_newVersion_sequential.opb.xz,14
OPT-LIN/normalized-extraPB12/sroussel/benchsMusee/opb_Equals1_cod2_seq/normalized-BA_RDC4.dot_luby_20null10mast_rapportOE2.0_TMAX60_K67_cod2_pbEq1_newVersion_sequential.opb.xz,14
OPT-LIN/normalized-extraPB12/sroussel/benchsMusee/opb_Equals1_cod2_seq/normalized-BA_RDC4.dot_luby_20null20mast_rapportOE1.0_TMAX120_K67_cod2_pbEq1_newVersion_sequential.opb.xz,15
OPT-LIN/normalized-extraPB12/sroussel/benchsMusee/opb_Equals1_cod2_seq/normalized-BA_RDC4.dot_luby_20null20mast_rapportOE1.0_TMAX15_K67_cod2_pbEq1_newVersion_sequential.opb.xz,15
OPT-LIN/normalized-extraPB12/sroussel/benchsMusee/opb_Equals1_cod2_seq/normalized-BA_RDC4.dot_luby_20null20mast_rapportOE1.0_TMAX180_K67_cod2_pbEq1_newVersion_sequential.opb.xz,15
OPT-LIN/normalized-extraPB12/sroussel/benchsMusee/opb_Equals1_cod2_seq/normalized-BA_RDC4.dot_luby_20null20mast_rapportOE1.0_TMAX300_K67_cod2_pbEq1_newVersion_sequential.opb.xz,15
OPT-LIN/normalized-extraPB12/sroussel/benchsMusee/opb_Equals1_cod2_seq/normalized-BA_RDC4.dot_luby_20null20mast_rapportOE1.0_TMAX60_K67_cod2_pbEq1_newVersion_sequential.opb.xz,15
OPT-LIN/normalized-extraPB12/sroussel/benchsMusee/opb_Equals1_cod2_seq/normalized-BA_RDC4.dot_luby_20null20mast_rapportOE2.0_TMAX120_K67_cod2_pbEq1_newVersion_sequential.opb.xz,15
OPT-LIN/normalized-extraPB12/sroussel/benchsMusee/opb_Equals1_cod2_seq/normalized-BA_RDC4.dot_luby_20null20mast_rapportOE2.0_TMAX15_K67_cod2_pbEq1_newVersion_sequential.opb.xz,15
OPT-LIN/normalized-extraPB12/sroussel/benchsMusee/opb_Equals1_cod2_seq/normalized-BA_RDC4.dot_luby_20null20mast_rapportOE2.0_TMAX180_K67_cod2_pbEq1_newVersion_sequential.opb.xz,15
OPT-LIN/normalized-extraPB12/sroussel/benchsMusee/opb_Equals1_cod2_seq/normalized-BA_RDC4.dot_luby_20null20mast_rapportOE2.0_TMAX300_K67_cod2_pbEq1_newVersion_sequential.opb.xz,15
OPT-LIN/normalized-extraPB12/sroussel/benchsMusee/opb_Equals1_cod2_seq/normalized-BA_RDC4.dot_luby_20null20mast_rapportOE2.0_TMAX60_K67_cod2_pbEq1_newVersion_sequential.opb.xz,15
OPT-LIN/normalized-extraPB12/sroussel/benchsMusee/opb_Equals1_cod2_seq/normalized-BA_RDC4.dot_luby_20null50mast_rapportOE1.0_TMAX120_K67_cod2_pbEq1_newVersion_sequential.opb.xz,16
OPT-LIN/normalized-extraPB12/sroussel/benchsMusee/opb_Equals1_cod2_seq/normalized-BA_RDC4.dot_luby_20null50mast_rapportOE1.0_TMAX15_K67_cod2_pbEq1_newVersion_sequential.opb.xz,16
OPT-LIN/normalized-extraPB12/sroussel/benchsMusee/opb_Equals1_cod2_seq/normalized-BA_RDC4.dot_luby_20null50mast_rapportOE1.0_TMAX180_K67_cod2_pbEq1_newVersion_sequential.opb.xz,16
OPT-LIN/normalized-extraPB12/sroussel/benchsMusee/opb_Equals1_cod2_seq/normalized-BA_RDC4.dot_luby_20null50mast_rapportOE1.0_TMAX300_K67_cod2_pbEq1_newVersion_sequential.opb.xz,16
OPT-LIN/normalized-extraPB12/sroussel/benchsMusee/opb_Equals1_cod2_seq/normalized-BA_RDC4.dot_luby_20null50mast_rapportOE1.0_TMAX60_K67_cod2_pbEq1_newVersion_sequential.opb.xz,16
OPT-LIN/normalized-extraPB12/sroussel/benchsMusee/opb_Equals1_cod2_seq/normalized-BA_RDC4.dot_luby_20null50mast_rapportOE2.0_TMAX120_K67_cod2_pbEq1_newVersion_sequential.opb.xz,16
OPT-LIN/normalized-extraPB12/sroussel/benchsMusee/opb_Equals1_cod2_seq/normalized-BA_RDC4.dot_luby_20null50mast_rapportOE2.0_TMAX15_K67_cod2_pbEq1_newVersion_sequential.opb.xz,16
OPT-LIN/normalized-extraPB12/sroussel/benchsMusee/opb_Equals1_cod2_seq/normalized-BA_RDC4.dot_luby_20null50mast_rapportOE2.0_TMAX180_K67_cod2_pbEq1_newVersion_sequential.opb.xz,16
OPT-LIN/normalized-extraPB12/sroussel/benchsMusee/opb_Equals1_cod2_seq/normalized-BA_RDC4.dot_luby_20null50mast_rapportOE2.0_TMAX300_K67_cod2_pbEq1_newVersion_sequential.opb.xz,16
OPT-LIN/normalized-extraPB12/sroussel/benchsMusee/opb_Equals1_cod2_seq/normalized-BA_RDC4.dot_luby_20null50mast_rapportOE2.0_TMAX60_K67_cod2_pbEq1_newVersion_sequential.opb.xz,16
OPT-LIN/normalized-extraPB12/sroussel/benchsMusee/opb_Equals1_cod2_seq/normalized-BA_RDC4.dot_luby_50null0mast_rapportOE1.0_TMAX120_K67_cod2_pbEq1_newVersion_sequential.opb.xz,14
OPT-LIN/normalized-extraPB12/sroussel/benchsMusee/opb_Equals1_cod2_seq/normalized-BA_RDC4.dot_luby_50null0mast_rapportOE1.0_TMAX15_K67_cod2_pbEq1_newVersion_sequential.opb.xz,14
OPT-LIN/normalized-extraPB12/sroussel/benchsMusee/opb_Equals1_cod2_seq/normalized-BA_RDC4.dot_luby_50null0mast_rapportOE1.0_TMAX180_K67_cod2_pbEq1_newVersion_sequential.opb.xz,14
OPT-LIN/normalized-extraPB12/sroussel/benchsMusee/opb_Equals1_cod2_seq/normalized-BA_RDC4.dot_luby_50null0mast_rapportOE1.0_TMAX300_K67_cod2_pbEq1_newVersion_sequential.opb.xz,14
OPT-LIN/normalized-extraPB12/sroussel/benchsMusee/opb_Equals1_cod2_seq/normalized-BA_RDC4.dot_luby_50null0mast_rapportOE1.0_TMAX60_K67_cod2_pbEq1_newVersion_sequential.opb.xz,14
OPT-LIN/normalized-extraPB12/sroussel/benchsMusee/opb_Equals1_cod2_seq/normalized-BA_RDC4.dot_luby_50null0mast_rapportOE2.0_TMAX120_K67_cod2_pbEq1_newVersion_sequential.opb.xz,14
OPT-LIN/normalized-extraPB12/sroussel/benchsMusee/opb_Equals1_cod2_seq/normalized-BA_RDC4.dot_luby_50null0mast_rapportOE2.0_TMAX15_K67_cod2_pbEq1_newVersion_sequential.opb.xz,14
OPT-LIN/normalized-extraPB12/sroussel/benchsMusee/opb_Equals1_cod2_seq/normalized-BA_RDC4.dot_luby_50null0mast_rapportOE2.0_TMAX180_K67_cod2_pbEq1_newVersion_sequential.opb.xz,14
OPT-LIN/normalized-extraPB12/sroussel/benchsMusee/opb_Equals1_cod2_seq/normalized-BA_RDC4.dot_luby_50null0mast_rapportOE2.0_TMAX300_K67_cod2_pbEq1_newVersion_sequential.opb.xz,14
OPT-LIN/normalized-extraPB12/sroussel/benchsMusee/opb_Equals1_cod2_seq/normalized-BA_RDC4.dot_luby_50null0mast_rapportOE2.0_TMAX60_K67_cod2_pbEq1_newVersion_sequential.opb.xz,14
OPT-LIN/normalized-extraPB12/sroussel/benchsMusee/opb_Equals1_cod2_seq/normalized-BA_RDC4.dot_luby_50null10mast_rapportOE1.0_TMAX120_K67_cod2_pbEq1_newVersion_sequential.opb.xz,14
OPT-LIN/normalized-extraPB12/sroussel/benchsMusee/opb_Equals1_cod2_seq/normalized-BA_RDC4.dot_luby_50null10mast_rapportOE1.0_TMAX15_K67_cod2_pbEq1_newVersion_sequential.opb.xz,14
OPT-LIN/normalized-extraPB12/sroussel/benchsMusee/opb_Equals1_cod2_seq/normalized-BA_RDC4.dot_luby_50null10mast_rapportOE1.0_TMAX180_K67_cod2_pbEq1_newVersion_sequential.opb.xz,14
OPT-LIN/normalized-extraPB12/sroussel/benchsMusee/opb_Equals1_cod2_seq/normalized-BA_RDC4.dot_luby_50null10mast_rapportOE1.0_TMAX300_K67_cod2_pbEq1_newVersion_sequential.opb.xz,14
OPT-LIN/normalized-extraPB12/sroussel/benchsMusee/opb_Equals1_cod2_seq/normalized-BA_RDC4.dot_luby_50null10mast_rapportOE1.0_TMAX60_K67_cod2_pbEq1_newVersion_sequential.opb.xz,14
OPT-LIN/normalized-extraPB12/sroussel/benchsMusee/opb_Equals1_cod2_seq/normalized-BA_RDC4.dot_luby_50null10mast_rapportOE2.0_TMAX120_K67_cod2_pbEq1_newVersion_sequential.opb.xz,14
OPT-LIN/normalized-extraPB12/sroussel/benchsMusee/opb_Equals1_cod2_seq/normalized-BA_RDC4.dot_luby_50null10mast_rapportOE2.0_TMAX15_K67_cod2_pbEq1_newVersion_sequential.opb.xz,14
OPT-LIN/normalized-extraPB12/sroussel/benchsMusee/opb_Equals1_cod2_seq/normalized-BA_RDC4.dot_luby_50null10mast_rapportOE2.0_TMAX180_K67_cod2_pbEq1_newVersion_sequential.opb.xz,14
OPT-LIN/normalized-extraPB12/sroussel/benchsMusee/opb_Equals1_cod2_seq/normalized-BA_RDC4.dot_luby_50null10mast_rapportOE2.0_TMAX300_K67_cod2_pbEq1_newVersion_sequential.opb.xz,14
OPT-LIN/normalized-extraPB12/sroussel/benchsMusee/opb_Equals1_cod2_seq/normalized-BA_RDC4.dot_luby_50null10mast_rapportOE2.0_TMAX60_K67_cod2_pbEq1_newVersion_sequential.opb.xz,14
OPT-LIN/normalized-extraPB12/sroussel/benchsMusee/opb_Equals1_cod2_seq/normalized-BA_RDC4.dot_luby_50null20mast_rapportOE1.0_TMAX120_K67_cod2_pbEq1_newVersion_sequential.opb.xz,15
OPT-LIN/normalized-extraPB12/sroussel/benchsMusee/opb_Equals1_cod2_seq/normalized-BA_RDC4.dot_luby_50null20mast_rapportOE1.0_TMAX15_K67_cod2_pbEq1_newVersion_sequential.opb.xz,15
OPT-LIN/normalized-extraPB12/sroussel/benchsMusee/opb_Equals1_cod2_seq/normalized-BA_RDC4.dot_luby_50null20mast_rapportOE1.0_TMAX180_K67_cod2_pbEq1_newVersion_sequential.opb.xz,15
OPT-LIN/normalized-extraPB12/sroussel/benchsMusee/opb_Equals1_cod2_seq/normalized-BA_RDC4.dot_luby_50null20mast_rapportOE1.0_TMAX300_K67_cod2_pbEq1_newVersion_sequential.opb.xz,15
OPT-LIN/normalized-extraPB12/sroussel/benchsMusee/opb_Equals1_cod2_seq/normalized-BA_RDC4.dot_luby_50null20mast_rapportOE1.0_TMAX60_K67_cod2_pbEq1_newVersion_sequential.opb.xz,15
OPT-LIN/normalized-extraPB12/sroussel/benchsMusee/opb_Equals1_cod2_seq/normalized-BA_RDC4.dot_luby_50null20mast_rapportOE2.0_TMAX120_K67_cod2_pbEq1_newVersion_sequential.opb.xz,15
OPT-LIN/normalized-extraPB12/sroussel/benchsMusee/opb_Equals1_cod2_seq/normalized-BA_RDC4.dot_luby_50null20mast_rapportOE2.0_TMAX15_K67_cod2_pbEq1_newVersion_sequential.opb.xz,15
OPT-LIN/normalized-extraPB12/sroussel/benchsMusee/opb_Equals1_cod2_seq/normalized-BA_RDC4.dot_luby_50null20mast_rapportOE2.0_TMAX180_K67_cod2_pbEq1_newVersion_sequential.opb.xz,15
OPT-LIN/normalized-extraPB12/sroussel/benchsMusee/opb_Equals1_cod2_seq/normalized-BA_RDC4.dot_luby_50null20mast_rapportOE2.0_TMAX300_K67_cod2_pbEq1_newVersion_sequential.opb.xz,15
OPT-LIN/normalized-extraPB12/sroussel/benchsMusee/opb_Equals1_cod2_seq/normalized-BA_RDC4.dot_luby_50null20mast_rapportOE2.0_TMAX60_K67_cod2_pbEq1_newVersion_sequential.opb.xz,15
OPT-LIN/normalized-extraPB12/sroussel/benchsMusee/opb_Equals1_cod2_seq/normalized-BA_RDC4.dot_luby_50null50mast_rapportOE1.0_TMAX120_K67_cod2_pbEq1_newVersion_sequential.opb.xz,14
OPT-LIN/normalized-extraPB12/sroussel/benchsMusee/opb_Equals1_cod2_seq/normalized-BA_RDC4.dot_luby_50null50mast_rapportOE1.0_TMAX15_K67_cod2_pbEq1_newVersion_sequential.opb.xz,14
OPT-LIN/normalized-extraPB12/sroussel/benchsMusee/opb_Equals1_cod2_seq/normalized-BA_RDC4.dot_luby_50null50mast_rapportOE1.0_TMAX180_K67_cod2_pbEq1_newVersion_sequential.opb.xz,14
OPT-LIN/normalized-extraPB12/sroussel/benchsMusee/opb_Equals1_cod2_seq/normalized-BA_RDC4.dot_luby_50null50mast_rapportOE1.0_TMAX300_K67_cod2_pbEq1_newVersion_sequential.opb.xz,14
OPT-LIN/normalized-extraPB12/sroussel/benchsMusee/opb_Equals1_cod2_seq/normalized-BA_RDC4.dot_luby_50null50mast_rapportOE1.0_TMAX60_K67_cod2_pbEq1_newVersion_sequential.opb.xz,14
OPT-LIN/normalized-extraPB12/sroussel/benchsMusee/opb_Equals1_cod2_seq/normalized-BA_RDC4.dot_luby_50null50mast_rapportOE2.0_TMAX120_K67_cod2_pbEq1_newVersion_sequential.opb.xz,14
OPT-LIN/normalized-extraPB12/sroussel/benchsMusee/opb_Equals1_cod2_seq/normalized-BA_RDC4.dot_luby_50null50mast_rapportOE2.0_TMAX15_K67_cod2_pbEq1_newVersion_sequential.opb.xz,14
OPT-LIN/normalized-extraPB12/sroussel/benchsMusee/opb_Equals1_cod2_seq/normalized-BA_RDC4.dot_luby_50null50mast_rapportOE2.0_TMAX180_K67_cod2_pbEq1_newVersion_sequential.opb.xz,14
OPT-LIN/normalized-extraPB12/sroussel/benchsMusee/opb_Equals1_cod2_seq/normalized-BA_RDC4.dot_luby_50null50mast_rapportOE2.0_TMAX300_K67_cod2_pbEq1_newVersion_sequential.opb.xz,14
OPT-LIN/normalized-extraPB12/sroussel/benchsMusee/opb_Equals1_cod2_seq/normalized-BA_RDC4.dot_luby_50null50mast_rapportOE2.0_TMAX60_K67_cod2_pbEq1_newVersion_sequential.opb.xz,14
OPT-LIN/normalized-extraPB12/sroussel/benchsMusee/opb_Equals1_cod2_seq/normalized-BA_RDC4.dot_unif_0null0mast_rapportOE1.0_TMAX120_K67_cod2_pbEq1_newVersion_sequential.opb.xz,18
OPT-LIN/normalized-extraPB12/sroussel/benchsMusee/opb_Equals1_cod2_seq/normalized-BA_RDC4.dot_unif_0null0mast_rapportOE1.0_TMAX15_K67_cod2_pbEq1_newVersion_sequential.opb.xz,18
OPT-LIN/normalized-extraPB12/sroussel/benchsMusee/opb_Equals1_cod2_seq/normalized-BA_RDC4.dot_unif_0null0mast_rapportOE1.0_TMAX180_K67_cod2_pbEq1_newVersion_sequential.opb.xz,18
OPT-LIN/normalized-extraPB12/sroussel/benchsMusee/opb_Equals1_cod2_seq/normalized-BA_RDC4.dot_unif_0null0mast_rapportOE1.0_TMAX300_K67_cod2_pbEq1_newVersion_sequential.opb.xz,18
OPT-LIN/normalized-extraPB12/sroussel/benchsMusee/opb_Equals1_cod2_seq/normalized-BA_RDC4.dot_unif_0null0mast_rapportOE1.0_TMAX60_K67_cod2_pbEq1_newVersion_sequential.opb.xz,18
OPT-LIN/normalized-extraPB12/sroussel/benchsMusee/opb_Equals1_cod2_seq/normalized-BA_RDC4.dot_unif_0null0mast_rapportOE2.0_TMAX120_K67_cod2_pbEq1_newVersion_sequential.opb.xz,18
OPT-LIN/normalized-extraPB12/sroussel/benchsMusee/opb_Equals1_cod2_seq/normalized-BA_RDC4.dot_unif_0null0mast_rapportOE2.0_TMAX15_K67_cod2_pbEq1_newVersion_sequential.opb.xz,18
OPT-LIN/normalized-extraPB12/sroussel/benchsMusee/opb_Equals1_cod2_seq/normalized-BA_RDC4.dot_unif_0null0mast_rapportOE2.0_TMAX180_K67_cod2_pbEq1_newVersion_sequential.opb.xz,18
OPT-LIN/normalized-extraPB12/sroussel/benchsMusee/opb_Equals1_cod2_seq/normalized-BA_RDC4.dot_unif_0null0mast_rapportOE2.0_TMAX300_K67_cod2_pbEq1_newVersion_sequential.opb.xz,18
OPT-LIN/normalized-extraPB12/sroussel/benchsMusee/opb_Equals1_cod2_seq/normalized-BA_RDC4.dot_unif_0null0mast_rapportOE2.0_TMAX60_K67_cod2_pbEq1_newVersion_sequential.opb.xz,18
OPT-LIN/normalized-extraPB12/sroussel/benchsMusee/opb_Equals1_cod2_seq/normalized-BA_RDC4.dot_unif_0null10mast_rapportOE1.0_TMAX120_K67_cod2_pbEq1_newVersion_sequential.opb.xz,19
OPT-LIN/normalized-extraPB12/sroussel/benchsMusee/opb_Equals1_cod2_seq/normalized-BA_RDC4.dot_unif_0null10mast_rapportOE1.0_TMAX15_K67_cod2_pbEq1_newVersion_sequential.opb.xz,19
OPT-LIN/normalized-extraPB12/sroussel/benchsMusee/opb_Equals1_cod2_seq/normalized-BA_RDC4.dot_unif_0null10mast_rapportOE1.0_TMAX180_K67_cod2_pbEq1_newVersion_sequential.opb.xz,19
OPT-LIN/normalized-extraPB12/sroussel/benchsMusee/opb_Equals1_cod2_seq/normalized-BA_RDC4.dot_unif_0null10mast_rapportOE1.0_TMAX300_K67_cod2_pbEq1_newVersion_sequential.opb.xz,19
OPT-LIN/normalized-extraPB12/sroussel/benchsMusee/opb_Equals1_cod2_seq/normalized-BA_RDC4.dot_unif_0null10mast_rapportOE1.0_TMAX60_K67_cod2_pbEq1_newVersion_sequential.opb.xz,19
OPT-LIN/normalized-extraPB12/sroussel/benchsMusee/opb_Equals1_cod2_seq/normalized-BA_RDC4.dot_unif_0null10mast_rapportOE2.0_TMAX120_K67_cod2_pbEq1_newVersion_sequential.opb.xz,18
OPT-LIN/normalized-extraPB12/sroussel/benchsMusee/opb_Equals1_cod2_seq/normalized-BA_RDC4.dot_unif_0null10mast_rapportOE2.0_TMAX15_K67_cod2_pbEq1_newVersion_sequential.opb.xz,19
OPT-LIN/normalized-extraPB12/sroussel/benchsMusee/opb_Equals1_cod2_seq/normalized-BA_RDC4.dot_unif_0null10mast_rapportOE2.0_TMAX180_K67_cod2_pbEq1_newVersion_sequential.opb.xz,19
OPT-LIN/normalized-extraPB12/sroussel/benchsMusee/opb_Equals1_cod2_seq/normalized-BA_RDC4.dot_unif_0null10mast_rapportOE2.0_TMAX300_K67_cod2_pbEq1_newVersion_sequential.opb.xz,19
OPT-LIN/normalized-extraPB12/sroussel/benchsMusee/opb_Equals1_cod2_seq/normalized-BA_RDC4.dot_unif_0null10mast_rapportOE2.0_TMAX60_K67_cod2_pbEq1_newVersion_sequential.opb.xz,19
OPT-LIN/normalized-extraPB12/sroussel/benchsMusee/opb_Equals1_cod2_seq/normalized-BA_RDC4.dot_unif_0null20mast_rapportOE1.0_TMAX120_K67_cod2_pbEq1_newVersion_sequential.opb.xz,19
OPT-LIN/normalized-extraPB12/sroussel/benchsMusee/opb_Equals1_cod2_seq/normalized-BA_RDC4.dot_unif_0null20mast_rapportOE1.0_TMAX15_K67_cod2_pbEq1_newVersion_sequential.opb.xz,19
OPT-LIN/normalized-extraPB12/sroussel/benchsMusee/opb_Equals1_cod2_seq/normalized-BA_RDC4.dot_unif_0null20mast_rapportOE1.0_TMAX180_K67_cod2_pbEq1_newVersion_sequential.opb.xz,19
OPT-LIN/normalized-extraPB12/sroussel/benchsMusee/opb_Equals1_cod2_seq/normalized-BA_RDC4.dot_unif_0null20mast_rapportOE1.0_TMAX300_K67_cod2_pbEq1_newVersion_sequential.opb.xz,19
OPT-LIN/normalized-extraPB12/sroussel/benchsMusee/opb_Equals1_cod2_seq/normalized-BA_RDC4.dot_unif_0null20mast_rapportOE1.0_TMAX60_K67_cod2_pbEq1_newVersion_sequential.opb.xz,19
OPT-LIN/normalized-extraPB12/sroussel/benchsMusee/opb_Equals1_cod2_seq/normalized-BA_RDC4.dot_unif_0null20mast_rapportOE2.0_TMAX120_K67_cod2_pbEq1_newVersion_sequential.opb.xz,19
OPT-LIN/normalized-extraPB12/sroussel/benchsMusee/opb_Equals1_cod2_seq/normalized-BA_RDC4.dot_unif_0null20mast_rapportOE2.0_TMAX15_K67_cod2_pbEq1_newVersion_sequential.opb.xz,19
OPT-LIN/normalized-extraPB12/sroussel/benchsMusee/opb_Equals1_cod2_seq/normalized-BA_RDC4.dot_unif_0null20mast_rapportOE2.0_TMAX180_K67_cod2_pbEq1_newVersion_sequential.opb.xz,19
OPT-LIN/normalized-extraPB12/sroussel/benchsMusee/opb_Equals1_cod2_seq/normalized-BA_RDC4.dot_unif_0null20mast_rapportOE2.0_TMAX300_K67_cod2_pbEq1_newVersion_sequential.opb.xz,19
OPT-LIN/normalized-extraPB12/sroussel/benchsMusee/opb_Equals1_cod2_seq/normalized-BA_RDC4.dot_unif_0null20mast_rapportOE2.0_TMAX60_K67_cod2_pbEq1_newVersion_sequential.opb.xz,19
OPT-LIN/normalized-extraPB12/sroussel/benchsMusee/opb_Equals1_cod2_seq/normalized-BA_RDC4.dot_unif_0null50mast_rapportOE1.0_TMAX120_K67_cod2_pbEq1_newVersion_sequential.opb.xz,19
OPT-LIN/normalized-extraPB12/sroussel/benchsMusee/opb_Equals1_cod2_seq/normalized-BA_RDC4.dot_unif_0null50mast_rapportOE1.0_TMAX15_K67_cod2_pbEq1_newVersion_sequential.opb.xz,19
OPT-LIN/normalized-extraPB12/sroussel/benchsMusee/opb_Equals1_cod2_seq/normalized-BA_RDC4.dot_unif_0null50mast_rapportOE1.0_TMAX180_K67_cod2_pbEq1_newVersion_sequential.opb.xz,19
OPT-LIN/normalized-extraPB12/sroussel/benchsMusee/opb_Equals1_cod2_seq/normalized-BA_RDC4.dot_unif_0null50mast_rapportOE1.0_TMAX300_K67_cod2_pbEq1_newVersion_sequential.opb.xz,19
OPT-LIN/normalized-extraPB12/sroussel/benchsMusee/opb_Equals1_cod2_seq/normalized-BA_RDC4.dot_unif_0null50mast_rapportOE1.0_TMAX60_K67_cod2_pbEq1_newVersion_sequential.opb.xz,19
OPT-LIN/normalized-extraPB12/sroussel/benchsMusee/opb_Equals1_cod2_seq/normalized-BA_RDC4.dot_unif_0null50mast_rapportOE2.0_TMAX120_K67_cod2_pbEq1_newVersion_sequential.opb.xz,19
OPT-LIN/normalized-extraPB12/sroussel/benchsMusee/opb_Equals1_cod2_seq/normalized-BA_RDC4.dot_unif_0null50mast_rapportOE2.0_TMAX15_K67_cod2_pbEq1_newVersion_sequential.opb.xz,19
OPT-LIN/normalized-extraPB12/sroussel/benchsMusee/opb_Equals1_cod2_seq/normalized-BA_RDC4.dot_unif_0null50mast_rapportOE2.0_TMAX180_K67_cod2_pbEq1_newVersion_sequential.opb.xz,19
OPT-LIN/normalized-extraPB12/sroussel/benchsMusee/opb_Equals1_cod2_seq/normalized-BA_RDC4.dot_unif_0null50mast_rapportOE2.0_TMAX300_K67_cod2_pbEq1_newVersion_sequential.opb.xz,19
OPT-LIN/normalized-extraPB12/sroussel/benchsMusee/opb_Equals1_cod2_seq/normalized-BA_RDC4.dot_unif_0null50mast_rapportOE2.0_TMAX60_K67_cod2_pbEq1_newVersion_sequential.opb.xz,19
OPT-LIN/normalized-extraPB12/sroussel/benchsMusee/opb_Equals1_cod2_seq/normalized-BA_RDC4.dot_unif_10null0mast_rapportOE1.0_TMAX120_K67_cod2_pbEq1_newVersion_sequential.opb.xz,18
OPT-LIN/normalized-extraPB12/sroussel/benchsMusee/opb_Equals1_cod2_seq/normalized-BA_RDC4.dot_unif_10null0mast_rapportOE1.0_TMAX15_K67_cod2_pbEq1_newVersion_sequential.opb.xz,18
OPT-LIN/normalized-extraPB12/sroussel/benchsMusee/opb_Equals1_cod2_seq/normalized-BA_RDC4.dot_unif_10null0mast_rapportOE1.0_TMAX180_K67_cod2_pbEq1_newVersion_sequential.opb.xz,18
OPT-LIN/normalized-extraPB12/sroussel/benchsMusee/opb_Equals1_cod2_seq/normalized-BA_RDC4.dot_unif_10null0mast_rapportOE1.0_TMAX300_K67_cod2_pbEq1_newVersion_sequential.opb.xz,18
OPT-LIN/normalized-extraPB12/sroussel/benchsMusee/opb_Equals1_cod2_seq/normalized-BA_RDC4.dot_unif_10null0mast_rapportOE1.0_TMAX60_K67_cod2_pbEq1_newVersion_sequential.opb.xz,18
OPT-LIN/normalized-extraPB12/sroussel/benchsMusee/opb_Equals1_cod2_seq/normalized-BA_RDC4.dot_unif_10null0mast_rapportOE2.0_TMAX120_K67_cod2_pbEq1_newVersion_sequential.opb.xz,18
OPT-LIN/normalized-extraPB12/sroussel/benchsMusee/opb_Equals1_cod2_seq/normalized-BA_RDC4.dot_unif_10null0mast_rapportOE2.0_TMAX15_K67_cod2_pbEq1_newVersion_sequential.opb.xz,18
OPT-LIN/normalized-extraPB12/sroussel/benchsMusee/opb_Equals1_cod2_seq/normalized-BA_RDC4.dot_unif_10null0mast_rapportOE2.0_TMAX180_K67_cod2_pbEq1_newVersion_sequential.opb.xz,18
OPT-LIN/normalized-extraPB12/sroussel/benchsMusee/opb_Equals1_cod2_seq/normalized-BA_RDC4.dot_unif_10null0mast_rapportOE2.0_TMAX300_K67_cod2_pbEq1_newVersion_sequential.opb.xz,18
OPT-LIN/normalized-extraPB12/sroussel/benchsMusee/opb_Equals1_cod2_seq/normalized-BA_RDC4.dot_unif_10null0mast_rapportOE2.0_TMAX60_K67_cod2_pbEq1_newVersion_sequential.opb.xz,18
OPT-LIN/normalized-extraPB12/sroussel/benchsMusee/opb_Equals1_cod2_seq/normalized-BA_RDC4.dot_unif_10null10mast_rapportOE1.0_TMAX120_K67_cod2_pbEq1_newVersion_sequential.opb.xz,18
OPT-LIN/normalized-extraPB12/sroussel/benchsMusee/opb_Equals1_cod2_seq/normalized-BA_RDC4.dot_unif_10null10mast_rapportOE1.0_TMAX15_K67_cod2_pbEq1_newVersion_sequential.opb.xz,18
OPT-LIN/normalized-extraPB12/sroussel/benchsMusee/opb_Equals1_cod2_seq/normalized-BA_RDC4.dot_unif_10null10mast_rapportOE1.0_TMAX180_K67_cod2_pbEq1_newVersion_sequential.opb.xz,18
OPT-LIN/normalized-extraPB12/sroussel/benchsMusee/opb_Equals1_cod2_seq/normalized-BA_RDC4.dot_unif_10null10mast_rapportOE1.0_TMAX300_K67_cod2_pbEq1_newVersion_sequential.opb.xz,18
OPT-LIN/normalized-extraPB12/sroussel/benchsMusee/opb_Equals1_cod2_seq/normalized-BA_RDC4.dot_unif_10null10mast_rapportOE1.0_TMAX60_K67_cod2_pbEq1_newVersion_sequential.opb.xz,18
OPT-LIN/normalized-extraPB12/sroussel/benchsMusee/opb_Equals1_cod2_seq/normalized-BA_RDC4.dot_unif_10null10mast_rapportOE2.0_TMAX120_K67_cod2_pbEq1_newVersion_sequential.opb.xz,18
OPT-LIN/normalized-extraPB12/sroussel/benchsMusee/opb_Equals1_cod2_seq/normalized-BA_RDC4.dot_unif_10null10mast_rapportOE2.0_TMAX15_K67_cod2_pbEq1_newVersion_sequential.opb.xz,18
OPT-LIN/normalized-extraPB12/sroussel/benchsMusee/opb_Equals1_cod2_seq/normalized-BA_RDC4.dot_unif_10null10mast_rapportOE2.0_TMAX180_K67_cod2_pbEq1_newVersion_sequential.opb.xz,18
OPT-LIN/normalized-extraPB12/sroussel/benchsMusee/opb_Equals1_cod2_seq/normalized-BA_RDC4.dot_unif_10null10mast_rapportOE2.0_TMAX300_K67_cod2_pbEq1_newVersion_sequential.opb.xz,18
OPT-LIN/normalized-extraPB12/sroussel/benchsMusee/opb_Equals1_cod2_seq/normalized-BA_RDC4.dot_unif_10null10mast_rapportOE2.0_TMAX60_K67_cod2_pbEq1_newVersion_sequential.opb.xz,18
OPT-LIN/normalized-extraPB12/sroussel/benchsMusee/opb_Equals1_cod2_seq/normalized-BA_RDC4.dot_unif_10null20mast_rapportOE1.0_TMAX120_K67_cod2_pbEq1_newVersion_sequential.opb.xz,19
OPT-LIN/normalized-extraPB12/sroussel/benchsMusee/opb_Equals1_cod2_seq/normalized-BA_RDC4.dot_unif_10null20mast_rapportOE1.0_TMAX15_K67_cod2_pbEq1_newVersion_sequential.opb.xz,18
OPT-LIN/normalized-extraPB12/sroussel/benchsMusee/opb_Equals1_cod2_seq/normalized-BA_RDC4.dot_unif_10null20mast_rapportOE1.0_TMAX180_K67_cod2_pbEq1_newVersion_sequential.opb.xz,18
OPT-LIN/normalized-extraPB12/sroussel/benchsMusee/opb_Equals1_cod2_seq/normalized-BA_RDC4.dot_unif_10null20mast_rapportOE1.0_TMAX300_K67_cod2_pbEq1_newVersion_sequential.opb.xz,19
OPT-LIN/normalized-extraPB12/sroussel/benchsMusee/opb_Equals1_cod2_seq/normalized-BA_RDC4.dot_unif_10null20mast_rapportOE1.0_TMAX60_K67_cod2_pbEq1_newVersion_sequential.opb.xz,19
OPT-LIN/normalized-extraPB12/sroussel/benchsMusee/opb_Equals1_cod2_seq/normalized-BA_RDC4.dot_unif_10null20mast_rapportOE2.0_TMAX120_K67_cod2_pbEq1_newVersion_sequential.opb.xz,19
OPT-LIN/normalized-extraPB12/sroussel/benchsMusee/opb_Equals1_cod2_seq/normalized-BA_RDC4.dot_unif_10null20mast_rapportOE2.0_TMAX15_K67_cod2_pbEq1_newVersion_sequential.opb.xz,19
OPT-LIN/normalized-extraPB12/sroussel/benchsMusee/opb_Equals1_cod2_seq/normalized-BA_RDC4.dot_unif_10null20mast_rapportOE2.0_TMAX180_K67_cod2_pbEq1_newVersion_sequential.opb.xz,19
OPT-LIN/normalized-extraPB12/sroussel/benchsMusee/opb_Equals1_cod2_seq/normalized-BA_RDC4.dot_unif_10null20mast_rapportOE2.0_TMAX300_K67_cod2_pbEq1_newVersion_sequential.opb.xz,19
OPT-LIN/normalized-extraPB12/sroussel/benchsMusee/opb_Equals1_cod2_seq/normalized-BA_RDC4.dot_unif_10null20mast_rapportOE2.0_TMAX60_K67_cod2_pbEq1_newVersion_sequential.opb.xz,19
OPT-LIN/normalized-extraPB12/sroussel/benchsMusee/opb_Equals1_cod2_seq/normalized-BA_RDC4.dot_unif_10null50mast_rapportOE1.0_TMAX120_K67_cod2_pbEq1_newVersion_sequential.opb.xz,19
OPT-LIN/normalized-extraPB12/sroussel/benchsMusee/opb_Equals1_cod2_seq/normalized-BA_RDC4.dot_unif_10null50mast_rapportOE1.0_TMAX15_K67_cod2_pbEq1_newVersion_sequential.opb.xz,19
OPT-LIN/normalized-extraPB12/sroussel/benchsMusee/opb_Equals1_cod2_seq/normalized-BA_RDC4.dot_unif_10null50mast_rapportOE1.0_TMAX180_K67_cod2_pbEq1_newVersion_sequential.opb.xz,19
OPT-LIN/normalized-extraPB12/sroussel/benchsMusee/opb_Equals1_cod2_seq/normalized-BA_RDC4.dot_unif_10null50mast_rapportOE1.0_TMAX300_K67_cod2_pbEq1_newVersion_sequential.opb.xz,19
OPT-LIN/normalized-extraPB12/sroussel/benchsMusee/opb_Equals1_cod2_seq/normalized-BA_RDC4.dot_unif_10null50mast_rapportOE1.0_TMAX60_K67_cod2_pbEq1_newVersion_sequential.opb.xz,19
OPT-LIN/normalized-extraPB12/sroussel/benchsMusee/opb_Equals1_cod2_seq/normalized-BA_RDC4.dot_unif_10null50mast_rapportOE2.0_TMAX120_K67_cod2_pbEq1_newVersion_sequential.opb.xz,19
OPT-LIN/normalized-extraPB12/sroussel/benchsMusee/opb_Equals1_cod2_seq/normalized-BA_RDC4.dot_unif_10null50mast_rapportOE2.0_TMAX15_K67_cod2_pbEq1_newVersion_sequential.opb.xz,19
OPT-LIN/normalized-extraPB12/sroussel/benchsMusee/opb_Equals1_cod2_seq/normalized-BA_RDC4.dot_unif_10null50mast_rapportOE2.0_TMAX180_K67_cod2_pbEq1_newVersion_sequential.opb.xz,19
OPT-LIN/normalized-extraPB12/sroussel/benchsMusee/opb_Equals1_cod2_seq/normalized-BA_RDC4.dot_unif_10null50mast_rapportOE2.0_TMAX300_K67_cod2_pbEq1_newVersion_sequential.opb.xz,19
OPT-LIN/normalized-extraPB12/sroussel/benchsMusee/opb_Equals1_cod2_seq/normalized-BA_RDC4.dot_unif_10null50mast_rapportOE2.0_TMAX60_K67_cod2_pbEq1_newVersion_sequential.opb.xz,19
OPT-LIN/normalized-extraPB12/sroussel/benchsMusee/opb_Equals1_cod2_seq/normalized-BA_RDC4.dot_unif_20null0mast_rapportOE1.0_TMAX120_K67_cod2_pbEq1_newVersion_sequential.opb.xz,18
OPT-LIN/normalized-extraPB12/sroussel/benchsMusee/opb_Equals1_cod2_seq/normalized-BA_RDC4.dot_unif_20null0mast_rapportOE1.0_TMAX15_K67_cod2_pbEq1_newVersion_sequential.opb.xz,18
OPT-LIN/normalized-extraPB12/sroussel/benchsMusee/opb_Equals1_cod2_seq/normalized-BA_RDC4.dot_unif_20null0mast_rapportOE1.0_TMAX180_K67_cod2_pbEq1_newVersion_sequential.opb.xz,18
OPT-LIN/normalized-extraPB12/sroussel/benchsMusee/opb_Equals1_cod2_seq/normalized-BA_RDC4.dot_unif_20null0mast_rapportOE1.0_TMAX300_K67_cod2_pbEq1_newVersion_sequential.opb.xz,18
OPT-LIN/normalized-extraPB12/sroussel/benchsMusee/opb_Equals1_cod2_seq/normalized-BA_RDC4.dot_unif_20null0mast_rapportOE1.0_TMAX60_K67_cod2_pbEq1_newVersion_sequential.opb.xz,18
OPT-LIN/normalized-extraPB12/sroussel/benchsMusee/opb_Equals1_cod2_seq/normalized-BA_RDC4.dot_unif_20null0mast_rapportOE2.0_TMAX120_K67_cod2_pbEq1_newVersion_sequential.opb.xz,18
OPT-LIN/normalized-extraPB12/sroussel/benchsMusee/opb_Equals1_cod2_seq/normalized-BA_RDC4.dot_unif_20null0mast_rapportOE2.0_TMAX15_K67_cod2_pbEq1_newVersion_sequential.opb.xz,18
OPT-LIN/normalized-extraPB12/sroussel/benchsMusee/opb_Equals1_cod2_seq/normalized-BA_RDC4.dot_unif_20null0mast_rapportOE2.0_TMAX180_K67_cod2_pbEq1_newVersion_sequential.opb.xz,18
OPT-LIN/normalized-extraPB12/sroussel/benchsMusee/opb_Equals1_cod2_seq/normalized-BA_RDC4.dot_unif_20null0mast_rapportOE2.0_TMAX300_K67_cod2_pbEq1_newVersion_sequential.opb.xz,18
OPT-LIN/normalized-extraPB12/sroussel/benchsMusee/opb_Equals1_cod2_seq/normalized-BA_RDC4.dot_unif_20null0mast_rapportOE2.0_TMAX60_K67_cod2_pbEq1_newVersion_sequential.opb.xz,18
OPT-LIN/normalized-extraPB12/sroussel/benchsMusee/opb_Equals1_cod2_seq/normalized-BA_RDC4.dot_unif_20null10mast_rapportOE1.0_TMAX120_K67_cod2_pbEq1_newVersion_sequential.opb.xz,18
OPT-LIN/normalized-extraPB12/sroussel/benchsMusee/opb_Equals1_cod2_seq/normalized-BA_RDC4.dot_unif_20null10mast_rapportOE1.0_TMAX15_K67_cod2_pbEq1_newVersion_sequential.opb.xz,18
OPT-LIN/normalized-extraPB12/sroussel/benchsMusee/opb_Equals1_cod2_seq/normalized-BA_RDC4.dot_unif_20null10mast_rapportOE1.0_TMAX180_K67_cod2_pbEq1_newVersion_sequential.opb.xz,18
OPT-LIN/normalized-extraPB12/sroussel/benchsMusee/opb_Equals1_cod2_seq/normalized-BA_RDC4.dot_unif_20null10mast_rapportOE1.0_TMAX300_K67_cod2_pbEq1_newVersion_sequential.opb.xz,18
OPT-LIN/normalized-extraPB12/sroussel/benchsMusee/opb_Equals1_cod2_seq/normalized-BA_RDC4.dot_unif_20null10mast_rapportOE1.0_TMAX60_K67_cod2_pbEq1_newVersion_sequential.opb.xz,18
OPT-LIN/normalized-extraPB12/sroussel/benchsMusee/opb_Equals1_cod2_seq/normalized-BA_RDC4.dot_unif_20null10mast_rapportOE2.0_TMAX120_K67_cod2_pbEq1_newVersion_sequential.opb.xz,18
OPT-LIN/normalized-extraPB12/sroussel/benchsMusee/opb_Equals1_cod2_seq/normalized-BA_RDC4.dot_unif_20null10mast_rapportOE2.0_TMAX15_K67_cod2_pbEq1_newVersion_sequential.opb.xz,18
OPT-LIN/normalized-extraPB12/sroussel/benchsMusee/opb_Equals1_cod2_seq/normalized-BA_RDC4.dot_unif_20null10mast_rapportOE2.0_TMAX180_K67_cod2_pbEq1_newVersion_sequential.opb.xz,18
OPT-LIN/normalized-extraPB12/sroussel/benchsMusee/opb_Equals1_cod2_seq/normalized-BA_RDC4.dot_unif_20null10mast_rapportOE2.0_TMAX300_K67_cod2_pbEq1_newVersion_sequential.opb.xz,18
OPT-LIN/normalized-extraPB12/sroussel/benchsMusee/opb_Equals1_cod2_seq/normalized-BA_RDC4.dot_unif_20null10mast_rapportOE2.0_TMAX60_K67_cod2_pbEq1_newVersion_sequential.opb.xz,18
OPT-LIN/normalized-extraPB12/sroussel/benchsMusee/opb_Equals1_cod2_seq/normalized-BA_RDC4.dot_unif_20null20mast_rapportOE1.0_TMAX120_K67_cod2_pbEq1_newVersion_sequential.opb.xz,18
OPT-LIN/normalized-extraPB12/sroussel/benchsMusee/opb_Equals1_cod2_seq/normalized-BA_RDC4.dot_unif_20null20mast_rapportOE1.0_TMAX15_K67_cod2_pbEq1_newVersion_sequential.opb.xz,18
OPT-LIN/normalized-extraPB12/sroussel/benchsMusee/opb_Equals1_cod2_seq/normalized-BA_RDC4.dot_unif_20null20mast_rapportOE1.0_TMAX180_K67_cod2_pbEq1_newVersion_sequential.opb.xz,18
OPT-LIN/normalized-extraPB12/sroussel/benchsMusee/opb_Equals1_cod2_seq/normalized-BA_RDC4.dot_unif_20null20mast_rapportOE1.0_TMAX300_K67_cod2_pbEq1_newVersion_sequential.opb.xz,18
OPT-LIN/normalized-extraPB12/sroussel/benchsMusee/opb_Equals1_cod2_seq/normalized-BA_RDC4.dot_unif_20null20mast_rapportOE1.0_TMAX60_K67_cod2_pbEq1_newVersion_sequential.opb.xz,18
OPT-LIN/normalized-extraPB12/sroussel/benchsMusee/opb_Equals1_cod2_seq/normalized-BA_RDC4.dot_unif_20null20mast_rapportOE2.0_TMAX120_K67_cod2_pbEq1_newVersion_sequential.opb.xz,18
OPT-LIN/normalized-extraPB12/sroussel/benchsMusee/opb_Equals1_cod2_seq/normalized-BA_RDC4.dot_unif_20null20mast_rapportOE2.0_TMAX15_K67_cod2_pbEq1_newVersion_sequential.opb.xz,18
OPT-LIN/normalized-extraPB12/sroussel/benchsMusee/opb_Equals1_cod2_seq/normalized-BA_RDC4.dot_unif_20null20mast_rapportOE2.0_TMAX180_K67_cod2_pbEq1_newVersion_sequential.opb.xz,18
OPT-LIN/normalized-extraPB12/sroussel/benchsMusee/opb_Equals1_cod2_seq/normalized-BA_RDC4.dot_unif_20null20mast_rapportOE2.0_TMAX300_K67_cod2_pbEq1_newVersion_sequential.opb.xz,18
OPT-LIN/normalized-extraPB12/sroussel/benchsMusee/opb_Equals1_cod2_seq/normalized-BA_RDC4.dot_unif_20null20mast_rapportOE2.0_TMAX60_K67_cod2_pbEq1_newVersion_sequential.opb.xz,18
OPT-LIN/normalized-extraPB12/sroussel/benchsMusee/opb_Equals1_cod2_seq/normalized-BA_RDC4.dot_unif_20null50mast_rapportOE1.0_TMAX120_K67_cod2_pbEq1_newVersion_sequential.opb.xz,19
OPT-LIN/normalized-extraPB12/sroussel/benchsMusee/opb_Equals1_cod2_seq/normalized-BA_RDC4.dot_unif_20null50mast_rapportOE1.0_TMAX15_K67_cod2_pbEq1_newVersion_sequential.opb.xz,19
OPT-LIN/normalized-extraPB12/sroussel/benchsMusee/opb_Equals1_cod2_seq/normalized-BA_RDC4.dot_unif_20null50mast_rapportOE1.0_TMAX180_K67_cod2_pbEq1_newVersion_sequential.opb.xz,19
OPT-LIN/normalized-extraPB12/sroussel/benchsMusee/opb_Equals1_cod2_seq/normalized-BA_RDC4.dot_unif_20null50mast_rapportOE1.0_TMAX300_K67_cod2_pbEq1_newVersion_sequential.opb.xz,19
OPT-LIN/normalized-extraPB12/sroussel/benchsMusee/opb_Equals1_cod2_seq/normalized-BA_RDC4.dot_unif_20null50mast_rapportOE1.0_TMAX60_K67_cod2_pbEq1_newVersion_sequential.opb.xz,19
OPT-LIN/normalized-extraPB12/sroussel/benchsMusee/opb_Equals1_cod2_seq/normalized-BA_RDC4.dot_unif_20null50mast_rapportOE2.0_TMAX120_K67_cod2_pbEq1_newVersion_sequential.opb.xz,19
OPT-LIN/normalized-extraPB12/sroussel/benchsMusee/opb_Equals1_cod2_seq/normalized-BA_RDC4.dot_unif_20null50mast_rapportOE2.0_TMAX15_K67_cod2_pbEq1_newVersion_sequential.opb.xz,19
OPT-LIN/normalized-extraPB12/sroussel/benchsMusee/opb_Equals1_cod2_seq/normalized-BA_RDC4.dot_unif_20null50mast_rapportOE2.0_TMAX180_K67_cod2_pbEq1_newVersion_sequential.opb.xz,19
OPT-LIN/normalized-extraPB12/sroussel/benchsMusee/opb_Equals1_cod2_seq/normalized-BA_RDC4.dot_unif_20null50mast_rapportOE2.0_TMAX300_K67_cod2_pbEq1_newVersion_sequential.opb.xz,19
OPT-LIN/normalized-extraPB12/sroussel/benchsMusee/opb_Equals1_cod2_seq/normalized-BA_RDC4.dot_unif_20null50mast_rapportOE2.0_TMAX60_K67_cod2_pbEq1_newVersion_sequential.opb.xz,19
OPT-LIN/normalized-extraPB12/sroussel/benchsMusee/opb_Equals1_cod2_seq/normalized-BA_RDC4.dot_unif_50null0mast_rapportOE1.0_TMAX120_K67_cod2_pbEq1_newVersion_sequential.opb.xz,17
OPT-LIN/normalized-extraPB12/sroussel/benchsMusee/opb_Equals1_cod2_seq/normalized-BA_RDC4.dot_unif_50null0mast_rapportOE1.0_TMAX15_K67_cod2_pbEq1_newVersion_sequential.opb.xz,17
OPT-LIN/normalized-extraPB12/sroussel/benchsMusee/opb_Equals1_cod2_seq/normalized-BA_RDC4.dot_unif_50null0mast_rapportOE1.0_TMAX180_K67_cod2_pbEq1_newVersion_sequential.opb.xz,18
OPT-LIN/normalized-extraPB12/sroussel/benchsMusee/opb_Equals1_cod2_seq/normalized-BA_RDC4.dot_unif_50null0mast_rapportOE1.0_TMAX300_K67_cod2_pbEq1_newVersion_sequential.opb.xz,17
OPT-LIN/normalized-extraPB12/sroussel/benchsMusee/opb_Equals1_cod2_seq/normalized-BA_RDC4.dot_unif_50null0mast_rapportOE1.0_TMAX60_K67_cod2_pbEq1_newVersion_sequential.opb.xz,17
OPT-LIN/normalized-extraPB12/sroussel/benchsMusee/opb_Equals1_cod2_seq/normalized-BA_RDC4.dot_unif_50null0mast_rapportOE2.0_TMAX120_K67_cod2_pbEq1_newVersion_sequential.opb.xz,17
OPT-LIN/normalized-extraPB12/sroussel/benchsMusee/opb_Equals1_cod2_seq/normalized-BA_RDC4.dot_unif_50null0mast_rapportOE2.0_TMAX15_K67_cod2_pbEq1_newVersion_sequential.opb.xz,17
OPT-LIN/normalized-extraPB12/sroussel/benchsMusee/opb_Equals1_cod2_seq/normalized-BA_RDC4.dot_unif_50null0mast_rapportOE2.0_TMAX180_K67_cod2_pbEq1_newVersion_sequential.opb.xz,17
OPT-LIN/normalized-extraPB12/sroussel/benchsMusee/opb_Equals1_cod2_seq/normalized-BA_RDC4.dot_unif_50null0mast_rapportOE2.0_TMAX300_K67_cod2_pbEq1_newVersion_sequential.opb.xz,17
OPT-LIN/normalized-extraPB12/sroussel/benchsMusee/opb_Equals1_cod2_seq/normalized-BA_RDC4.dot_unif_50null0mast_rapportOE2.0_TMAX60_K67_cod2_pbEq1_newVersion_sequential.opb.xz,17
OPT-LIN/normalized-extraPB12/sroussel/benchsMusee/opb_Equals1_cod2_seq/normalized-BA_RDC4.dot_unif_50null10mast_rapportOE1.0_TMAX120_K67_cod2_pbEq1_newVersion_sequential.opb.xz,18
OPT-LIN/normalized-extraPB12/sroussel/benchsMusee/opb_Equals1_cod2_seq/normalized-BA_RDC4.dot_unif_50null10mast_rapportOE1.0_TMAX15_K67_cod2_pbEq1_newVersion_sequential.opb.xz,18
OPT-LIN/normalized-extraPB12/sroussel/benchsMusee/opb_Equals1_cod2_seq/normalized-BA_RDC4.dot_unif_50null10mast_rapportOE1.0_TMAX180_K67_cod2_pbEq1_newVersion_sequential.opb.xz,18
OPT-LIN/normalized-extraPB12/sroussel/benchsMusee/opb_Equals1_cod2_seq/normalized-BA_RDC4.dot_unif_50null10mast_rapportOE1.0_TMAX300_K67_cod2_pbEq1_newVersion_sequential.opb.xz,18
OPT-LIN/normalized-extraPB12/sroussel/benchsMusee/opb_Equals1_cod2_seq/normalized-BA_RDC4.dot_unif_50null10mast_rapportOE1.0_TMAX60_K67_cod2_pbEq1_newVersion_sequential.opb.xz,18
OPT-LIN/normalized-extraPB12/sroussel/benchsMusee/opb_Equals1_cod2_seq/normalized-BA_RDC4.dot_unif_50null10mast_rapportOE2.0_TMAX120_K67_cod2_pbEq1_newVersion_sequential.opb.xz,18
OPT-LIN/normalized-extraPB12/sroussel/benchsMusee/opb_Equals1_cod2_seq/normalized-BA_RDC4.dot_unif_50null10mast_rapportOE2.0_TMAX15_K67_cod2_pbEq1_newVersion_sequential.opb.xz,18
OPT-LIN/normalized-extraPB12/sroussel/benchsMusee/opb_Equals1_cod2_seq/normalized-BA_RDC4.dot_unif_50null10mast_rapportOE2.0_TMAX180_K67_cod2_pbEq1_newVersion_sequential.opb.xz,18
OPT-LIN/normalized-extraPB12/sroussel/benchsMusee/opb_Equals1_cod2_seq/normalized-BA_RDC4.dot_unif_50null10mast_rapportOE2.0_TMAX300_K67_cod2_pbEq1_newVersion_sequential.opb.xz,18
OPT-LIN/normalized-extraPB12/sroussel/benchsMusee/opb_Equals1_cod2_seq/normalized-BA_RDC4.dot_unif_50null10mast_rapportOE2.0_TMAX60_K67_cod2_pbEq1_newVersion_sequential.opb.xz,18
OPT-LIN/normalized-extraPB12/sroussel/benchsMusee/opb_Equals1_cod2_seq/normalized-BA_RDC4.dot_unif_50null20mast_rapportOE1.0_TMAX120_K67_cod2_pbEq1_newVersion_sequential.opb.xz,18
OPT-LIN/normalized-extraPB12/sroussel/benchsMusee/opb_Equals1_cod2_seq/normalized-BA_RDC4.dot_unif_50null20mast_rapportOE1.0_TMAX15_K67_cod2_pbEq1_newVersion_sequential.opb.xz,18
OPT-LIN/normalized-extraPB12/sroussel/benchsMusee/opb_Equals1_cod2_seq/normalized-BA_RDC4.dot_unif_50null20mast_rapportOE1.0_TMAX180_K67_cod2_pbEq1_newVersion_sequential.opb.xz,18
OPT-LIN/normalized-extraPB12/sroussel/benchsMusee/opb_Equals1_cod2_seq/normalized-BA_RDC4.dot_unif_50null20mast_rapportOE1.0_TMAX300_K67_cod2_pbEq1_newVersion_sequential.opb.xz,18
OPT-LIN/normalized-extraPB12/sroussel/benchsMusee/opb_Equals1_cod2_seq/normalized-BA_RDC4.dot_unif_50null20mast_rapportOE1.0_TMAX60_K67_cod2_pbEq1_newVersion_sequential.opb.xz,18
OPT-LIN/normalized-extraPB12/sroussel/benchsMusee/opb_Equals1_cod2_seq/normalized-BA_RDC4.dot_unif_50null20mast_rapportOE2.0_TMAX120_K67_cod2_pbEq1_newVersion_sequential.opb.xz,18
OPT-LIN/normalized-extraPB12/sroussel/benchsMusee/opb_Equals1_cod2_seq/normalized-BA_RDC4.dot_unif_50null20mast_rapportOE2.0_TMAX15_K67_cod2_pbEq1_newVersion_sequential.opb.xz,18
OPT-LIN/normalized-extraPB12/sroussel/benchsMusee/opb_Equals1_cod2_seq/normalized-BA_RDC4.dot_unif_50null20mast_rapportOE2.0_TMAX180_K67_cod2_pbEq1_newVersion_sequential.opb.xz,18
OPT-LIN/normalized-extraPB12/sroussel/benchsMusee/opb_Equals1_cod2_seq/normalized-BA_RDC4.dot_unif_50null20mast_rapportOE2.0_TMAX300_K67_cod2_pbEq1_newVersion_sequential.opb.xz,18
OPT-LIN/normalized-extraPB12/sroussel/benchsMusee/opb_Equals1_cod2_seq/normalized-BA_RDC4.dot_unif_50null20mast_rapportOE2.0_TMAX60_K67_cod2_pbEq1_newVersion_sequential.opb.xz,18
OPT-LIN/normalized-extraPB12/sroussel/benchsMusee/opb_Equals1_cod2_seq/normalized-BA_RDC4.dot_unif_50null50mast_rapportOE1.0_TMAX120_K67_cod2_pbEq1_newVersion_sequential.opb.xz,14
OPT-LIN/normalized-extraPB12/sroussel/benchsMusee/opb_Equals1_cod2_seq/normalized-BA_RDC4.dot_unif_50null50mast_rapportOE1.0_TMAX15_K67_cod2_pbEq1_newVersion_sequential.opb.xz,14
OPT-LIN/normalized-extraPB12/sroussel/benchsMusee/opb_Equals1_cod2_seq/normalized-BA_RDC4.dot_unif_50null50mast_rapportOE1.0_TMAX180_K67_cod2_pbEq1_newVersion_sequential.opb.xz,14
OPT-LIN/normalized-extraPB12/sroussel/benchsMusee/opb_Equals1_cod2_seq/normalized-BA_RDC4.dot_unif_50null50mast_rapportOE1.0_TMAX300_K67_cod2_pbEq1_newVersion_sequential.opb.xz,14
OPT-LIN/normalized-extraPB12/sroussel/benchsMusee/opb_Equals1_cod2_seq/normalized-BA_RDC4.dot_unif_50null50mast_rapportOE1.0_TMAX60_K67_cod2_pbEq1_newVersion_sequential.opb.xz,14
OPT-LIN/normalized-extraPB12/sroussel/benchsMusee/opb_Equals1_cod2_seq/normalized-BA_RDC4.dot_unif_50null50mast_rapportOE2.0_TMAX120_K67_cod2_pbEq1_newVersion_sequential.opb.xz,14
OPT-LIN/normalized-extraPB12/sroussel/benchsMusee/opb_Equals1_cod2_seq/normalized-BA_RDC4.dot_unif_50null50mast_rapportOE2.0_TMAX15_K67_cod2_pbEq1_newVersion_sequential.opb.xz,14
OPT-LIN/normalized-extraPB12/sroussel/benchsMusee/opb_Equals1_cod2_seq/normalized-BA_RDC4.dot_unif_50null50mast_rapportOE2.0_TMAX180_K67_cod2_pbEq1_newVersion_sequential.opb.xz,14
OPT-LIN/normalized-extraPB12/sroussel/benchsMusee/opb_Equals1_cod2_seq/normalized-BA_RDC4.dot_unif_50null50mast_rapportOE2.0_TMAX300_K67_cod2_pbEq1_newVersion_sequential.opb.xz,14
OPT-LIN/normalized-extraPB12/sroussel/benchsMusee/opb_Equals1_cod2_seq/normalized-BA_RDC4.dot_unif_50null50mast_rapportOE2.0_TMAX60_K67_cod2_pbEq1_newVersion_sequential.opb.xz,14
