path,intsize
OPT-LIN/normalized-PB24/ihalainen/PBO-clique-coloring/normalized-clique-coloring-max-clique-n=10-t=10.opb.xz,4
OPT-LIN/normalized-PB24/ihalainen/PBO-clique-coloring/normalized-clique-coloring-max-clique-n=10-t=2.opb.xz,4
OPT-LIN/normalized-PB24/ihalainen/PBO-clique-coloring/normalized-clique-coloring-max-clique-n=10-t=3.opb.xz,4
OPT-LIN/normalized-PB24/ihalainen/PBO-clique-coloring/normalized-clique-coloring-max-clique-n=10-t=4.opb.xz,4
OPT-LIN/normalized-PB24/ihalainen/PBO-clique-coloring/normalized-clique-coloring-max-clique-n=10-t=5.opb.xz,4
OPT-LIN/normalized-PB24/ihalainen/PBO-clique-coloring/normalized-clique-coloring-max-clique-n=10-t=6.opb.xz,4
OPT-LIN/normalized-PB24/ihalainen/PBO-clique-coloring/normalized-clique-coloring-max-clique-n=10-t=7.opb.xz,4
OPT-LIN/normalized-PB24/ihalainen/PBO-clique-coloring/normalized-clique-coloring-max-clique-n=10-t=8.opb.xz,4
OPT-LIN/normalized-PB24/ihalainen/PBO-clique-coloring/normalized-clique-coloring-max-clique-n=10-t=9.opb.xz,4
OPT-LIN/normalized-PB24/ihalainen/PBO-clique-coloring/normalized-clique-coloring-max-clique-n=11-t=10.opb.xz,4
OPT-LIN/normalized-PB24/ihalainen/PBO-clique-coloring/normalized-clique-coloring-max-clique-n=11-t=11.opb.xz,4
OPT-LIN/normalized-PB24/ihalainen/PBO-clique-coloring/normalized-clique-coloring-max-clique-n=11-t=2.opb.xz,4
OPT-LIN/normalized-PB24/ihalainen/PBO-clique-coloring/normalized-clique-coloring-max-clique-n=11-t=3.opb.xz,4
OPT-LIN/normalized-PB24/ihalainen/PBO-clique-coloring/normalized-clique-coloring-max-clique-n=11-t=4.opb.xz,4
OPT-LIN/normalized-PB24/ihalainen/PBO-clique-coloring/normalized-clique-coloring-max-clique-n=11-t=5.opb.xz,4
OPT-LIN/normalized-PB24/ihalainen/PBO-clique-coloring/normalized-clique-coloring-max-clique-n=11-t=6.opb.xz,4
OPT-LIN/normalized-PB24/ihalainen/PBO-clique-coloring/normalized-clique-coloring-max-clique-n=11-t=7.opb.xz,4
OPT-LIN/normalized-PB24/ihalainen/PBO-clique-coloring/normalized-clique-coloring-max-clique-n=11-t=8.opb.xz,4
OPT-LIN/normalized-PB24/ihalainen/PBO-clique-coloring/normalized-clique-coloring-max-clique-n=11-t=9.opb.xz,4
OPT-LIN/normalized-PB24/ihalainen/PBO-clique-coloring/normalized-clique-coloring-max-clique-n=12-t=10.opb.xz,4
OPT-LIN/normalized-PB24/ihalainen/PBO-clique-coloring/normalized-clique-coloring-max-clique-n=12-t=11.opb.xz,4
OPT-LIN/normalized-PB24/ihalainen/PBO-clique-coloring/normalized-clique-coloring-max-clique-n=12-t=12.opb.xz,4
OPT-LIN/normalized-PB24/ihalainen/PBO-clique-coloring/normalized-clique-coloring-max-clique-n=12-t=2.opb.xz,4
OPT-LIN/normalized-PB24/ihalainen/PBO-clique-coloring/normalized-clique-coloring-max-clique-n=12-t=3.opb.xz,4
OPT-LIN/normalized-PB24/ihalainen/PBO-clique-coloring/normalized-clique-coloring-max-clique-n=12-t=4.opb.xz,4
OPT-LIN/normalized-PB24/ihalainen/PBO-clique-coloring/normalized-clique-coloring-max-clique-n=12-t=5.opb.xz,4
OPT-LIN/normalized-PB24/ihalainen/PBO-clique-coloring/normalized-clique-coloring-max-clique-n=12-t=6.opb.xz,4
OPT-LIN/normalized-PB24/ihalainen/PBO-clique-coloring/normalized-clique-coloring-max-clique-n=12-t=7.opb.xz,4
OPT-LIN/normalized-PB24/ihalainen/PBO-clique-coloring/normalized-clique-coloring-max-clique-n=12-t=8.opb.xz,4
OPT-LIN/normalized-PB24/ihalainen/PBO-clique-coloring/normalized-clique-coloring-max-clique-n=12-t=9.opb.xz,4
OPT-LIN/normalized-PB24/ihalainen/PBO-clique-coloring/normalized-clique-coloring-max-clique-n=13-t=10.opb.xz,4
OPT-LIN/normalized-PB24/ihalainen/PBO-clique-coloring/normalized-clique-coloring-max-clique-n=13-t=11.opb.xz,4
OPT-LIN/normalized-PB24/ihalainen/PBO-clique-coloring/normalized-clique-coloring-max-clique-n=13-t=12.opb.xz,4
OPT-LIN/normalized-PB24/ihalainen/PBO-clique-coloring/normalized-clique-coloring-max-clique-n=13-t=13.opb.xz,4
OPT-LIN/normalized-PB24/ihalainen/PBO-clique-coloring/normalized-clique-coloring-max-clique-n=13-t=2.opb.xz,4
OPT-LIN/normalized-PB24/ihalainen/PBO-clique-coloring/normalized-clique-coloring-max-clique-n=13-t=3.opb.xz,4
OPT-LIN/normalized-PB24/ihalainen/PBO-clique-coloring/normalized-clique-coloring-max-clique-n=13-t=4.opb.xz,4
OPT-LIN/normalized-PB24/ihalainen/PBO-clique-coloring/normalized-clique-coloring-max-clique-n=13-t=5.opb.xz,4
OPT-LIN/normalized-PB24/ihalainen/PBO-clique-coloring/normalized-clique-coloring-max-clique-n=13-t=6.opb.xz,4
OPT-LIN/normalized-PB24/ihalainen/PBO-clique-coloring/normalized-clique-coloring-max-clique-n=13-t=7.opb.xz,4
OPT-LIN/normalized-PB24/ihalainen/PBO-clique-coloring/normalized-clique-coloring-max-clique-n=13-t=8.opb.xz,4
OPT-LIN/normalized-PB24/ihalainen/PBO-clique-coloring/normalized-clique-coloring-max-clique-n=13-t=9.opb.xz,4
OPT-LIN/normalized-PB24/ihalainen/PBO-clique-coloring/normalized-clique-coloring-max-clique-n=14-t=10.opb.xz,5
OPT-LIN/normalized-PB24/ihalainen/PBO-clique-coloring/normalized-clique-coloring-max-clique-n=14-t=11.opb.xz,5
OPT-LIN/normalized-PB24/ihalainen/PBO-clique-coloring/normalized-clique-coloring-max-clique-n=14-t=12.opb.xz,5
OPT-LIN/normalized-PB24/ihalainen/PBO-clique-coloring/normalized-clique-coloring-max-clique-n=14-t=13.opb.xz,5
OPT-LIN/normalized-PB24/ihalainen/PBO-clique-coloring/normalized-clique-coloring-max-clique-n=14-t=14.opb.xz,5
OPT-LIN/normalized-PB24/ihalainen/PBO-clique-coloring/normalized-clique-coloring-max-clique-n=14-t=2.opb.xz,5
OPT-LIN/normalized-PB24/ihalainen/PBO-clique-coloring/normalized-clique-coloring-max-clique-n=14-t=3.opb.xz,5
OPT-LIN/normalized-PB24/ihalainen/PBO-clique-coloring/normalized-clique-coloring-max-clique-n=14-t=4.opb.xz,5
OPT-LIN/normalized-PB24/ihalainen/PBO-clique-coloring/normalized-clique-coloring-max-clique-n=14-t=5.opb.xz,5
OPT-LIN/normalized-PB24/ihalainen/PBO-clique-coloring/normalized-clique-coloring-max-clique-n=14-t=6.opb.xz,5
OPT-LIN/normalized-PB24/ihalainen/PBO-clique-coloring/normalized-clique-coloring-max-clique-n=14-t=7.opb.xz,5
OPT-LIN/normalized-PB24/ihalainen/PBO-clique-coloring/normalized-clique-coloring-max-clique-n=14-t=8.opb.xz,5
OPT-LIN/normalized-PB24/ihalainen/PBO-clique-coloring/normalized-clique-coloring-max-clique-n=14-t=9.opb.xz,5
OPT-LIN/normalized-PB24/ihalainen/PBO-clique-coloring/normalized-clique-coloring-max-clique-n=15-t=2.opb.xz,5
OPT-LIN/normalized-PB24/ihalainen/PBO-clique-coloring/normalized-clique-coloring-max-clique-n=15-t=3.opb.xz,5
OPT-LIN/normalized-PB24/ihalainen/PBO-clique-coloring/normalized-clique-coloring-max-clique-n=15-t=4.opb.xz,5
OPT-LIN/normalized-PB24/ihalainen/PBO-clique-coloring/normalized-clique-coloring-max-clique-n=16-t=2.opb.xz,5
OPT-LIN/normalized-PB24/ihalainen/PBO-clique-coloring/normalized-clique-coloring-max-clique-n=16-t=3.opb.xz,5
OPT-LIN/normalized-PB24/ihalainen/PBO-clique-coloring/normalized-clique-coloring-max-clique-n=16-t=4.opb.xz,5
OPT-LIN/normalized-PB24/ihalainen/PBO-clique-coloring/normalized-clique-coloring-max-clique-n=17-t=2.opb.xz,5
OPT-LIN/normalized-PB24/ihalainen/PBO-clique-coloring/normalized-clique-coloring-max-clique-n=17-t=3.opb.xz,5
OPT-LIN/normalized-PB24/ihalainen/PBO-clique-coloring/normalized-clique-coloring-max-clique-n=17-t=4.opb.xz,5
OPT-LIN/normalized-PB24/ihalainen/PBO-clique-coloring/normalized-clique-coloring-max-clique-n=18-t=2.opb.xz,5
OPT-LIN/normalized-PB24/ihalainen/PBO-clique-coloring/normalized-clique-coloring-max-clique-n=18-t=3.opb.xz,5
OPT-LIN/normalized-PB24/ihalainen/PBO-clique-coloring/normalized-clique-coloring-max-clique-n=18-t=4.opb.xz,5
OPT-LIN/normalized-PB24/ihalainen/PBO-clique-coloring/normalized-clique-coloring-max-clique-n=19-t=2.opb.xz,5
OPT-LIN/normalized-PB24/ihalainen/PBO-clique-coloring/normalized-clique-coloring-max-clique-n=19-t=3.opb.xz,5
OPT-LIN/normalized-PB24/ihalainen/PBO-clique-coloring/normalized-clique-coloring-max-clique-n=19-t=4.opb.xz,5
OPT-LIN/normalized-PB24/ihalainen/PBO-clique-coloring/normalized-clique-coloring-max-clique-n=20-t=2.opb.xz,5
OPT-LIN/normalized-PB24/ihalainen/PBO-clique-coloring/normalized-clique-coloring-max-clique-n=21-t=2.opb.xz,5
OPT-LIN/normalized-PB24/ihalainen/PBO-clique-coloring/normalized-clique-coloring-max-clique-n=22-t=2.opb.xz,5
OPT-LIN/normalized-PB24/ihalainen/PBO-clique-coloring/normalized-clique-coloring-max-clique-n=23-t=2.opb.xz,5
OPT-LIN/normalized-PB24/ihalainen/PBO-clique-coloring/normalized-clique-coloring-max-clique-n=24-t=2.opb.xz,5
OPT-LIN/normalized-PB24/ihalainen/PBO-clique-coloring/normalized-clique-coloring-max-clique-n=25-t=2.opb.xz,5
OPT-LIN/normalized-PB24/ihalainen/PBO-clique-coloring/normalized-clique-coloring-max-clique-n=26-t=2.opb.xz,5
OPT-LIN/normalized-PB24/ihalainen/PBO-clique-coloring/normalized-clique-coloring-max-clique-n=27-t=2.opb.xz,5
OPT-LIN/normalized-PB24/ihalainen/PBO-clique-coloring/normalized-clique-coloring-max-clique-n=28-t=2.opb.xz,5
OPT-LIN/normalized-PB24/ihalainen/PBO-clique-coloring/normalized-clique-coloring-max-clique-n=29-t=2.opb.xz,5
OPT-LIN/normalized-PB24/ihalainen/PBO-clique-coloring/normalized-clique-coloring-max-clique-n=5-t=2.opb.xz,3
OPT-LIN/normalized-PB24/ihalainen/PBO-clique-coloring/normalized-clique-coloring-max-clique-n=5-t=3.opb.xz,3
OPT-LIN/normalized-PB24/ihalainen/PBO-clique-coloring/normalized-clique-coloring-max-clique-n=5-t=4.opb.xz,3
OPT-LIN/normalized-PB24/ihalainen/PBO-clique-coloring/normalized-clique-coloring-max-clique-n=5-t=5.opb.xz,3
OPT-LIN/normalized-PB24/ihalainen/PBO-clique-coloring/normalized-clique-coloring-max-clique-n=6-t=2.opb.xz,4
OPT-LIN/normalized-PB24/ihalainen/PBO-clique-coloring/normalized-clique-coloring-max-clique-n=6-t=3.opb.xz,4
OPT-LIN/normalized-PB24/ihalainen/PBO-clique-coloring/normalized-clique-coloring-max-clique-n=6-t=4.opb.xz,4
OPT-LIN/normalized-PB24/ihalainen/PBO-clique-coloring/normalized-clique-coloring-max-clique-n=6-t=5.opb.xz,4
OPT-LIN/normalized-PB24/ihalainen/PBO-clique-coloring/normalized-clique-coloring-max-clique-n=6-t=6.opb.xz,4
OPT-LIN/normalized-PB24/ihalainen/PBO-clique-coloring/normalized-clique-coloring-max-clique-n=7-t=2.opb.xz,4
OPT-LIN/normalized-PB24/ihalainen/PBO-clique-coloring/normalized-clique-coloring-max-clique-n=7-t=3.opb.xz,4
OPT-LIN/normalized-PB24/ihalainen/PBO-clique-coloring/normalized-clique-coloring-max-clique-n=7-t=4.opb.xz,4
OPT-LIN/normalized-PB24/ihalainen/PBO-clique-coloring/normalized-clique-coloring-max-clique-n=7-t=5.opb.xz,4
OPT-LIN/normalized-PB24/ihalainen/PBO-clique-coloring/normalized-clique-coloring-max-clique-n=7-t=6.opb.xz,4
OPT-LIN/normalized-PB24/ihalainen/PBO-clique-coloring/normalized-clique-coloring-max-clique-n=7-t=7.opb.xz,4
OPT-LIN/normalized-PB24/ihalainen/PBO-clique-coloring/normalized-clique-coloring-max-clique-n=8-t=2.opb.xz,4
OPT-LIN/normalized-PB24/ihalainen/PBO-clique-coloring/normalized-clique-coloring-max-clique-n=8-t=3.opb.xz,4
OPT-LIN/normalized-PB24/ihalainen/PBO-clique-coloring/normalized-clique-coloring-max-clique-n=8-t=4.opb.xz,4
OPT-LIN/normalized-PB24/ihalainen/PBO-clique-coloring/normalized-clique-coloring-max-clique-n=8-t=5.opb.xz,4
OPT-LIN/normalized-PB24/ihalainen/PBO-clique-coloring/normalized-clique-coloring-max-clique-n=8-t=6.opb.xz,4
OPT-LIN/normalized-PB24/ihalainen/PBO-clique-coloring/normalized-clique-coloring-max-clique-n=8-t=7.opb.xz,4
OPT-LIN/normalized-PB24/ihalainen/PBO-clique-coloring/normalized-clique-coloring-max-clique-n=8-t=8.opb.xz,4
OPT-LIN/normalized-PB24/ihalainen/PBO-clique-coloring/normalized-clique-coloring-max-clique-n=9-t=2.opb.xz,4
OPT-LIN/normalized-PB24/ihalainen/PBO-clique-coloring/normalized-clique-coloring-max-clique-n=9-t=3.opb.xz,4
OPT-LIN/normalized-PB24/ihalainen/PBO-clique-coloring/normalized-clique-coloring-max-clique-n=9-t=4.opb.xz,4
OPT-LIN/normalized-PB24/ihalainen/PBO-clique-coloring/normalized-clique-coloring-max-clique-n=9-t=5.opb.xz,4
OPT-LIN/normalized-PB24/ihalainen/PBO-clique-coloring/normalized-clique-coloring-max-clique-n=9-t=6.opb.xz,4
OPT-LIN/normalized-PB24/ihalainen/PBO-clique-coloring/normalized-clique-coloring-max-clique-n=9-t=7.opb.xz,4
OPT-LIN/normalized-PB24/ihalainen/PBO-clique-coloring/normalized-clique-coloring-max-clique-n=9-t=8.opb.xz,4
OPT-LIN/normalized-PB24/ihalainen/PBO-clique-coloring/normalized-clique-coloring-max-clique-n=9-t=9.opb.xz,4
OPT-LIN/normalized-PB24/nordstrom/CoreGuidedPB/comppebphp_pyrheight_equals_nholes/normalized-comppebphp_opt_pyrheightequalsnholes_02.opb.xz,4
OPT-LIN/normalized-PB24/nordstrom/CoreGuidedPB/comppebphp_pyrheight_equals_nholes/normalized-comppebphp_opt_pyrheightequalsnholes_03.opb.xz,5
OPT-LIN/normalized-PB24/nordstrom/CoreGuidedPB/comppebphp_pyrheight_equals_nholes/normalized-comppebphp_opt_pyrheightequalsnholes_04.opb.xz,5
OPT-LIN/normalized-PB24/nordstrom/CoreGuidedPB/comppebphp_pyrheight_equals_nholes/normalized-comppebphp_opt_pyrheightequalsnholes_05.opb.xz,6
OPT-LIN/normalized-PB24/nordstrom/CoreGuidedPB/comppebphp_pyrheight_equals_nholes/normalized-comppebphp_opt_pyrheightequalsnholes_06.opb.xz,6
OPT-LIN/normalized-PB24/nordstrom/CoreGuidedPB/comppebphp_pyrheight_equals_nholes/normalized-comppebphp_opt_pyrheightequalsnholes_07.opb.xz,7
OPT-LIN/normalized-PB24/nordstrom/CoreGuidedPB/comppebphp_pyrheight_equals_nholes/normalized-comppebphp_opt_pyrheightequalsnholes_08.opb.xz,7
OPT-LIN/normalized-PB24/nordstrom/CoreGuidedPB/comppebphp_pyrheight_equals_nholes/normalized-comppebphp_opt_pyrheightequalsnholes_09.opb.xz,7
OPT-LIN/normalized-PB24/nordstrom/CoreGuidedPB/comppebphp_pyrheight_equals_nholes/normalized-comppebphp_opt_pyrheightequalsnholes_10.opb.xz,8
OPT-LIN/normalized-PB24/nordstrom/CoreGuidedPB/comppebphp_pyrheight_equals_nholes/normalized-comppebphp_opt_pyrheightequalsnholes_11.opb.xz,8
OPT-LIN/normalized-PB24/nordstrom/CoreGuidedPB/comppebphp_pyrheight_equals_nholes/normalized-comppebphp_opt_pyrheightequalsnholes_12.opb.xz,8
OPT-LIN/normalized-PB24/nordstrom/CoreGuidedPB/comppebphp_pyrheight_equals_nholes/normalized-comppebphp_opt_pyrheightequalsnholes_13.opb.xz,8
OPT-LIN/normalized-PB24/nordstrom/CoreGuidedPB/comppebphp_pyrheight_equals_nholes/normalized-comppebphp_opt_pyrheightequalsnholes_14.opb.xz,8
OPT-LIN/normalized-PB24/nordstrom/CoreGuidedPB/comppebphp_pyrheight_equals_nholes/normalized-comppebphp_opt_pyrheightequalsnholes_15.opb.xz,9
OPT-LIN/normalized-PB24/nordstrom/CoreGuidedPB/comppebphp_pyrheight_equals_nholes/normalized-comppebphp_opt_pyrheightequalsnholes_16.opb.xz,9
OPT-LIN/normalized-PB24/nordstrom/CoreGuidedPB/comppebphp_pyrheight_equals_nholes/normalized-comppebphp_opt_pyrheightequalsnholes_17.opb.xz,9
OPT-LIN/normalized-PB24/nordstrom/CoreGuidedPB/comppebphp_pyrheight_equals_nholes/normalized-comppebphp_opt_pyrheightequalsnholes_18.opb.xz,9
OPT-LIN/normalized-PB24/nordstrom/CoreGuidedPB/comppebphp_pyrheight_equals_nholes/normalized-comppebphp_opt_pyrheightequalsnholes_19.opb.xz,9
OPT-LIN/normalized-PB24/nordstrom/CoreGuidedPB/comppebphp_pyrheight_equals_nholes/normalized-comppebphp_opt_pyrheightequalsnholes_20.opb.xz,9
OPT-LIN/normalized-PB24/nordstrom/CoreGuidedPB/comppebphp_pyrheight_equals_nholes/normalized-comppebphp_opt_pyrheightequalsnholes_21.opb.xz,9
OPT-LIN/normalized-PB24/nordstrom/CoreGuidedPB/comppebphp_pyrheight_equals_nholes/normalized-comppebphp_opt_pyrheightequalsnholes_22.opb.xz,10
OPT-LIN/normalized-PB24/nordstrom/CoreGuidedPB/comppebphp_pyrheight_equals_nholes/normalized-comppebphp_opt_pyrheightequalsnholes_23.opb.xz,10
OPT-LIN/normalized-PB24/nordstrom/CoreGuidedPB/comppebphp_pyrheight_equals_nholes/normalized-comppebphp_opt_pyrheightequalsnholes_24.opb.xz,10
OPT-LIN/normalized-PB24/nordstrom/CoreGuidedPB/comppebphp_pyrheight_equals_nholes/normalized-comppebphp_opt_pyrheightequalsnholes_25.opb.xz,10
OPT-LIN/normalized-PB24/nordstrom/CoreGuidedPB/comppebphp_pyrheight_equals_nholes/normalized-comppebphp_opt_pyrheightequalsnholes_26.opb.xz,10
OPT-LIN/normalized-PB24/nordstrom/CoreGuidedPB/comppebphp_pyrheight_equals_nholes/normalized-comppebphp_opt_pyrheightequalsnholes_27.opb.xz,10
OPT-LIN/normalized-PB24/nordstrom/CoreGuidedPB/comppebphp_pyrheight_equals_nholes/normalized-comppebphp_opt_pyrheightequalsnholes_28.opb.xz,10
OPT-LIN/normalized-PB24/nordstrom/CoreGuidedPB/comppebphp_pyrheight_equals_nholes/normalized-comppebphp_opt_pyrheightequalsnholes_29.opb.xz,10
OPT-LIN/normalized-PB24/nordstrom/CoreGuidedPB/comppebphp_pyrheight_equals_nholes/normalized-comppebphp_opt_pyrheightequalsnholes_30.opb.xz,10
OPT-LIN/normalized-PB24/nordstrom/CoreGuidedPB/comppebphp_pyrheight_equals_nholes/normalized-comppebphp_opt_pyrheightequalsnholes_31.opb.xz,11
OPT-LIN/normalized-PB24/nordstrom/CoreGuidedPB/comppebphp_pyrheight_equals_nholes/normalized-comppebphp_opt_pyrheightequalsnholes_32.opb.xz,11
OPT-LIN/normalized-PB24/nordstrom/CoreGuidedPB/comppebphp_pyrheight_equals_nholes/normalized-comppebphp_opt_pyrheightequalsnholes_33.opb.xz,11
OPT-LIN/normalized-PB24/nordstrom/CoreGuidedPB/comppebphp_pyrheight_equals_nholes/normalized-comppebphp_opt_pyrheightequalsnholes_34.opb.xz,11
OPT-LIN/normalized-PB24/nordstrom/CoreGuidedPB/comppebphp_pyrheight_equals_nholes/normalized-comppebphp_opt_pyrheightequalsnholes_35.opb.xz,11
OPT-LIN/normalized-PB24/nordstrom/CoreGuidedPB/comppebphp_pyrheight_equals_nholes/normalized-comppebphp_opt_pyrheightequalsnholes_36.opb.xz,11
OPT-LIN/normalized-PB24/nordstrom/CoreGuidedPB/comppebphp_pyrheight_equals_nholes/normalized-comppebphp_opt_pyrheightequalsnholes_37.opb.xz,11
OPT-LIN/normalized-PB24/nordstrom/CoreGuidedPB/comppebphp_pyrheight_equals_nholes/normalized-comppebphp_opt_pyrheightequalsnholes_38.opb.xz,11
OPT-LIN/normalized-PB24/nordstrom/CoreGuidedPB/comppebphp_pyrheight_equals_nholes/normalized-comppebphp_opt_pyrheightequalsnholes_39.opb.xz,11
OPT-LIN/normalized-PB24/nordstrom/CoreGuidedPB/comppebphp_pyrheight_equals_nholes/normalized-comppebphp_opt_pyrheightequalsnholes_40.opb.xz,11
OPT-LIN/normalized-PB24/nordstrom/CoreGuidedPB/comppebphp_pyrheight_equals_nholes/normalized-comppebphp_opt_pyrheightequalsnholes_41.opb.xz,11
OPT-LIN/normalized-PB24/nordstrom/CoreGuidedPB/comppebphp_pyrheight_equals_nholes/normalized-comppebphp_opt_pyrheightequalsnholes_42.opb.xz,11
OPT-LIN/normalized-PB24/nordstrom/CoreGuidedPB/comppebphp_pyrheight_equals_nholes/normalized-comppebphp_opt_pyrheightequalsnholes_43.opb.xz,11
OPT-LIN/normalized-PB24/nordstrom/CoreGuidedPB/comppebphp_pyrheight_equals_nholes/normalized-comppebphp_opt_pyrheightequalsnholes_44.opb.xz,12
OPT-LIN/normalized-PB24/nordstrom/CoreGuidedPB/comppebphp_pyrheight_equals_nholes/normalized-comppebphp_opt_pyrheightequalsnholes_45.opb.xz,12
OPT-LIN/normalized-PB24/nordstrom/CoreGuidedPB/comppebphp_pyrheight_equals_nholes/normalized-comppebphp_opt_pyrheightequalsnholes_46.opb.xz,12
OPT-LIN/normalized-PB24/nordstrom/CoreGuidedPB/comppebphp_pyrheight_equals_nholes/normalized-comppebphp_opt_pyrheightequalsnholes_47.opb.xz,12
OPT-LIN/normalized-PB24/nordstrom/CoreGuidedPB/comppebphp_pyrheight_equals_nholes/normalized-comppebphp_opt_pyrheightequalsnholes_48.opb.xz,12
OPT-LIN/normalized-PB24/nordstrom/CoreGuidedPB/comppebphp_pyrheight_equals_nholes/normalized-comppebphp_opt_pyrheightequalsnholes_49.opb.xz,12
OPT-LIN/normalized-PB24/nordstrom/CoreGuidedPB/comppebphp_pyrheight_equals_nholes/normalized-comppebphp_opt_pyrheightequalsnholes_50.opb.xz,12
OPT-LIN/normalized-PB24/nordstrom/CoreGuidedPB/comppebphp_pyrheight_equals_nholes/normalized-comppebphp_opt_pyrheightequalsnholes_51.opb.xz,12
OPT-LIN/normalized-PB24/nordstrom/CoreGuidedPB/comppebphp_pyrheight_equals_nholes/normalized-comppebphp_opt_pyrheightequalsnholes_52.opb.xz,12
OPT-LIN/normalized-PB24/nordstrom/CoreGuidedPB/comppebphp_pyrheight_equals_nholes/normalized-comppebphp_opt_pyrheightequalsnholes_53.opb.xz,12
OPT-LIN/normalized-PB24/nordstrom/CoreGuidedPB/comppebphp_pyrheight_equals_nholes/normalized-comppebphp_opt_pyrheightequalsnholes_54.opb.xz,12
OPT-LIN/normalized-PB24/nordstrom/CoreGuidedPB/comppebphp_pyrheight_equals_nholes/normalized-comppebphp_opt_pyrheightequalsnholes_55.opb.xz,12
OPT-LIN/normalized-PB24/nordstrom/CoreGuidedPB/comppebphp_pyrheight_equals_nholes/normalized-comppebphp_opt_pyrheightequalsnholes_56.opb.xz,12
OPT-LIN/normalized-PB24/nordstrom/CoreGuidedPB/comppebphp_pyrheight_equals_nholes/normalized-comppebphp_opt_pyrheightequalsnholes_57.opb.xz,12
OPT-LIN/normalized-PB24/nordstrom/CoreGuidedPB/comppebphp_pyrheight_equals_nholes/normalized-comppebphp_opt_pyrheightequalsnholes_58.opb.xz,12
OPT-LIN/normalized-PB24/nordstrom/CoreGuidedPB/comppebphp_pyrheight_equals_nholes/normalized-comppebphp_opt_pyrheightequalsnholes_59.opb.xz,12
OPT-LIN/normalized-PB24/nordstrom/CoreGuidedPB/comppebphp_pyrheight_equals_nholes/normalized-comppebphp_opt_pyrheightequalsnholes_60.opb.xz,12
OPT-LIN/normalized-PB24/nordstrom/CoreGuidedPB/comppebvc/normalized-comppebvc_opt_10.opb.xz,7
OPT-LIN/normalized-PB24/nordstrom/CoreGuidedPB/comppebvc/normalized-comppebvc_opt_100.opb.xz,14
OPT-LIN/normalized-PB24/nordstrom/CoreGuidedPB/comppebvc/normalized-comppebvc_opt_105.opb.xz,14
OPT-LIN/normalized-PB24/nordstrom/CoreGuidedPB/comppebvc/normalized-comppebvc_opt_110.opb.xz,14
OPT-LIN/normalized-PB24/nordstrom/CoreGuidedPB/comppebvc/normalized-comppebvc_opt_115.opb.xz,14
OPT-LIN/normalized-PB24/nordstrom/CoreGuidedPB/comppebvc/normalized-comppebvc_opt_120.opb.xz,14
OPT-LIN/normalized-PB24/nordstrom/CoreGuidedPB/comppebvc/normalized-comppebvc_opt_125.opb.xz,14
OPT-LIN/normalized-PB24/nordstrom/CoreGuidedPB/comppebvc/normalized-comppebvc_opt_130.opb.xz,15
OPT-LIN/normalized-PB24/nordstrom/CoreGuidedPB/comppebvc/normalized-comppebvc_opt_135.opb.xz,15
OPT-LIN/normalized-PB24/nordstrom/CoreGuidedPB/comppebvc/normalized-comppebvc_opt_140.opb.xz,15
OPT-LIN/normalized-PB24/nordstrom/CoreGuidedPB/comppebvc/normalized-comppebvc_opt_145.opb.xz,15
OPT-LIN/normalized-PB24/nordstrom/CoreGuidedPB/comppebvc/normalized-comppebvc_opt_15.opb.xz,8
OPT-LIN/normalized-PB24/nordstrom/CoreGuidedPB/comppebvc/normalized-comppebvc_opt_150.opb.xz,15
OPT-LIN/normalized-PB24/nordstrom/CoreGuidedPB/comppebvc/normalized-comppebvc_opt_155.opb.xz,15
OPT-LIN/normalized-PB24/nordstrom/CoreGuidedPB/comppebvc/normalized-comppebvc_opt_160.opb.xz,15
OPT-LIN/normalized-PB24/nordstrom/CoreGuidedPB/comppebvc/normalized-comppebvc_opt_165.opb.xz,15
OPT-LIN/normalized-PB24/nordstrom/CoreGuidedPB/comppebvc/normalized-comppebvc_opt_170.opb.xz,15
OPT-LIN/normalized-PB24/nordstrom/CoreGuidedPB/comppebvc/normalized-comppebvc_opt_175.opb.xz,15
OPT-LIN/normalized-PB24/nordstrom/CoreGuidedPB/comppebvc/normalized-comppebvc_opt_180.opb.xz,15
OPT-LIN/normalized-PB24/nordstrom/CoreGuidedPB/comppebvc/normalized-comppebvc_opt_185.opb.xz,16
OPT-LIN/normalized-PB24/nordstrom/CoreGuidedPB/comppebvc/normalized-comppebvc_opt_190.opb.xz,16
OPT-LIN/normalized-PB24/nordstrom/CoreGuidedPB/comppebvc/normalized-comppebvc_opt_195.opb.xz,16
OPT-LIN/normalized-PB24/nordstrom/CoreGuidedPB/comppebvc/normalized-comppebvc_opt_20.opb.xz,9
OPT-LIN/normalized-PB24/nordstrom/CoreGuidedPB/comppebvc/normalized-comppebvc_opt_200.opb.xz,16
OPT-LIN/normalized-PB24/nordstrom/CoreGuidedPB/comppebvc/normalized-comppebvc_opt_25.opb.xz,10
OPT-LIN/normalized-PB24/nordstrom/CoreGuidedPB/comppebvc/normalized-comppebvc_opt_30.opb.xz,10
OPT-LIN/normalized-PB24/nordstrom/CoreGuidedPB/comppebvc/normalized-comppebvc_opt_35.opb.xz,11
OPT-LIN/normalized-PB24/nordstrom/CoreGuidedPB/comppebvc/normalized-comppebvc_opt_40.opb.xz,11
OPT-LIN/normalized-PB24/nordstrom/CoreGuidedPB/comppebvc/normalized-comppebvc_opt_45.opb.xz,12
OPT-LIN/normalized-PB24/nordstrom/CoreGuidedPB/comppebvc/normalized-comppebvc_opt_5.opb.xz,6
OPT-LIN/normalized-PB24/nordstrom/CoreGuidedPB/comppebvc/normalized-comppebvc_opt_50.opb.xz,12
OPT-LIN/normalized-PB24/nordstrom/CoreGuidedPB/comppebvc/normalized-comppebvc_opt_55.opb.xz,12
OPT-LIN/normalized-PB24/nordstrom/CoreGuidedPB/comppebvc/normalized-comppebvc_opt_60.opb.xz,12
OPT-LIN/normalized-PB24/nordstrom/CoreGuidedPB/comppebvc/normalized-comppebvc_opt_65.opb.xz,13
OPT-LIN/normalized-PB24/nordstrom/CoreGuidedPB/comppebvc/normalized-comppebvc_opt_70.opb.xz,13
OPT-LIN/normalized-PB24/nordstrom/CoreGuidedPB/comppebvc/normalized-comppebvc_opt_75.opb.xz,13
OPT-LIN/normalized-PB24/nordstrom/CoreGuidedPB/comppebvc/normalized-comppebvc_opt_80.opb.xz,13
OPT-LIN/normalized-PB24/nordstrom/CoreGuidedPB/comppebvc/normalized-comppebvc_opt_85.opb.xz,13
OPT-LIN/normalized-PB24/nordstrom/CoreGuidedPB/comppebvc/normalized-comppebvc_opt_90.opb.xz,14
OPT-LIN/normalized-PB24/nordstrom/CoreGuidedPB/comppebvc/normalized-comppebvc_opt_95.opb.xz,14
OPT-LIN/normalized-PB24/nordstrom/CoreGuidedPB/dominating_set/hexgrid_nrowsdiv30add5/normalized-domset_opt_hexgrid_nrowsdiv30add5_ncols_010.opb.xz,6
OPT-LIN/normalized-PB24/nordstrom/CoreGuidedPB/dominating_set/hexgrid_nrowsdiv30add5/normalized-domset_opt_hexgrid_nrowsdiv30add5_ncols_020.opb.xz,7
OPT-LIN/normalized-PB24/nordstrom/CoreGuidedPB/dominating_set/hexgrid_nrowsdiv30add5/normalized-domset_opt_hexgrid_nrowsdiv30add5_ncols_060.opb.xz,9
OPT-LIN/normalized-PB24/nordstrom/CoreGuidedPB/dominating_set/hexgrid_nrowsdiv30add5/normalized-domset_opt_hexgrid_nrowsdiv30add5_ncols_070.opb.xz,9
OPT-LIN/normalized-PB24/nordstrom/CoreGuidedPB/dominating_set/hexgrid_nrowsdiv30add5/normalized-domset_opt_hexgrid_nrowsdiv30add5_ncols_080.opb.xz,10
OPT-LIN/normalized-PB24/nordstrom/CoreGuidedPB/dominating_set/hexgrid_nrowsdiv30add5/normalized-domset_opt_hexgrid_nrowsdiv30add5_ncols_120.opb.xz,11
OPT-LIN/normalized-PB24/nordstrom/CoreGuidedPB/dominating_set/hexgrid_nrowsdiv30add5/normalized-domset_opt_hexgrid_nrowsdiv30add5_ncols_130.opb.xz,11
OPT-LIN/normalized-PB24/nordstrom/CoreGuidedPB/dominating_set/hexgrid_nrowsdiv30add5/normalized-domset_opt_hexgrid_nrowsdiv30add5_ncols_140.opb.xz,11
OPT-LIN/normalized-PB24/nordstrom/CoreGuidedPB/dominating_set/hexgrid_nrowsdiv30add5/normalized-domset_opt_hexgrid_nrowsdiv30add5_ncols_160.opb.xz,11
OPT-LIN/normalized-PB24/nordstrom/CoreGuidedPB/dominating_set/hexgrid_nrowsdiv30add5/normalized-domset_opt_hexgrid_nrowsdiv30add5_ncols_170.opb.xz,11
OPT-LIN/normalized-PB24/nordstrom/CoreGuidedPB/dominating_set/hexgrid_nrowsdiv30add5/normalized-domset_opt_hexgrid_nrowsdiv30add5_ncols_180.opb.xz,11
OPT-LIN/normalized-PB24/nordstrom/CoreGuidedPB/dominating_set/hexgrid_nrowsdiv30add5/normalized-domset_opt_hexgrid_nrowsdiv30add5_ncols_190.opb.xz,12
OPT-LIN/normalized-PB24/nordstrom/CoreGuidedPB/dominating_set/hexgrid_nrowsdiv30add5/normalized-domset_opt_hexgrid_nrowsdiv30add5_ncols_200.opb.xz,12
OPT-LIN/normalized-PB24/nordstrom/CoreGuidedPB/dominating_set/hexgrid_nrowsdiv30add5/normalized-domset_opt_hexgrid_nrowsdiv30add5_ncols_210.opb.xz,12
OPT-LIN/normalized-PB24/nordstrom/CoreGuidedPB/dominating_set/hexgrid_nrowsdiv30add5/normalized-domset_opt_hexgrid_nrowsdiv30add5_ncols_220.opb.xz,12
OPT-LIN/normalized-PB24/nordstrom/CoreGuidedPB/dominating_set/hexgrid_nrowsdiv30add5/normalized-domset_opt_hexgrid_nrowsdiv30add5_ncols_230.opb.xz,12
OPT-LIN/normalized-PB24/nordstrom/CoreGuidedPB/dominating_set/hexgrid_nrowsdiv30add5/normalized-domset_opt_hexgrid_nrowsdiv30add5_ncols_240.opb.xz,12
OPT-LIN/normalized-PB24/nordstrom/CoreGuidedPB/dominating_set/hexgrid_nrowsdiv30add5/normalized-domset_opt_hexgrid_nrowsdiv30add5_ncols_250.opb.xz,12
OPT-LIN/normalized-PB24/nordstrom/CoreGuidedPB/dominating_set/hexgrid_nrowsdiv30add5/normalized-domset_opt_hexgrid_nrowsdiv30add5_ncols_260.opb.xz,12
OPT-LIN/normalized-PB24/nordstrom/CoreGuidedPB/dominating_set/hexgrid_nrowsdiv30add5/normalized-domset_opt_hexgrid_nrowsdiv30add5_ncols_270.opb.xz,12
OPT-LIN/normalized-PB24/nordstrom/CoreGuidedPB/dominating_set/hexgrid_nrowsdiv30add5/normalized-domset_opt_hexgrid_nrowsdiv30add5_ncols_280.opb.xz,12
OPT-LIN/normalized-PB24/nordstrom/CoreGuidedPB/dominating_set/hexgrid_nrowsdiv30add5/normalized-domset_opt_hexgrid_nrowsdiv30add5_ncols_290.opb.xz,12
OPT-LIN/normalized-PB24/nordstrom/CoreGuidedPB/dominating_set/hexgrid_nrowsdiv30add5/normalized-domset_opt_hexgrid_nrowsdiv30add5_ncols_300.opb.xz,13
OPT-LIN/normalized-PB24/nordstrom/CoreGuidedPB/dominating_set/hexgrid_nrowsdiv30add5/normalized-domset_opt_hexgrid_nrowsdiv30add5_ncols_310.opb.xz,13
OPT-LIN/normalized-PB24/nordstrom/CoreGuidedPB/dominating_set/hexgrid_nrowsdiv30add5/normalized-domset_opt_hexgrid_nrowsdiv30add5_ncols_320.opb.xz,13
OPT-LIN/normalized-PB24/nordstrom/CoreGuidedPB/dominating_set/hexgrid_nrowsdiv30add5/normalized-domset_opt_hexgrid_nrowsdiv30add5_ncols_330.opb.xz,13
OPT-LIN/normalized-PB24/nordstrom/CoreGuidedPB/dominating_set/hexgrid_nrowsdiv30add5/normalized-domset_opt_hexgrid_nrowsdiv30add5_ncols_340.opb.xz,13
OPT-LIN/normalized-PB24/nordstrom/CoreGuidedPB/dominating_set/hexgrid_nrowsdiv30add5/normalized-domset_opt_hexgrid_nrowsdiv30add5_ncols_350.opb.xz,13
OPT-LIN/normalized-PB24/nordstrom/CoreGuidedPB/dominating_set/hexgrid_nrowsdiv30add5/normalized-domset_opt_hexgrid_nrowsdiv30add5_ncols_360.opb.xz,13
OPT-LIN/normalized-PB24/nordstrom/CoreGuidedPB/dominating_set/hexgrid_nrowsdiv30add5/normalized-domset_opt_hexgrid_nrowsdiv30add5_ncols_370.opb.xz,13
OPT-LIN/normalized-PB24/nordstrom/CoreGuidedPB/dominating_set/hexgrid_nrowsdiv30add5/normalized-domset_opt_hexgrid_nrowsdiv30add5_ncols_380.opb.xz,13
OPT-LIN/normalized-PB24/nordstrom/CoreGuidedPB/dominating_set/hexgrid_nrowsdiv30add5/normalized-domset_opt_hexgrid_nrowsdiv30add5_ncols_390.opb.xz,13
OPT-LIN/normalized-PB24/nordstrom/CoreGuidedPB/dominating_set/hexgrid_nrowsdiv30add5/normalized-domset_opt_hexgrid_nrowsdiv30add5_ncols_400.opb.xz,13
OPT-LIN/normalized-PB24/nordstrom/CoreGuidedPB/dominating_set/hexgrid_nrowsdiv30add5/normalized-domset_opt_hexgrid_nrowsdiv30add5_ncols_410.opb.xz,13
OPT-LIN/normalized-PB24/nordstrom/CoreGuidedPB/dominating_set/hexgrid_nrowsdiv30add5/normalized-domset_opt_hexgrid_nrowsdiv30add5_ncols_420.opb.xz,13
OPT-LIN/normalized-PB24/nordstrom/CoreGuidedPB/dominating_set/hexgrid_nrowsdiv30add5/normalized-domset_opt_hexgrid_nrowsdiv30add5_ncols_430.opb.xz,13
OPT-LIN/normalized-PB24/nordstrom/CoreGuidedPB/dominating_set/hexgrid_nrowsdiv30add5/normalized-domset_opt_hexgrid_nrowsdiv30add5_ncols_440.opb.xz,14
OPT-LIN/normalized-PB24/nordstrom/CoreGuidedPB/dominating_set/hexgrid_nrowsdiv30add5/normalized-domset_opt_hexgrid_nrowsdiv30add5_ncols_450.opb.xz,14
OPT-LIN/normalized-PB24/nordstrom/CoreGuidedPB/dominating_set/hexgrid_nrowsdiv30add5/normalized-domset_opt_hexgrid_nrowsdiv30add5_ncols_460.opb.xz,14
OPT-LIN/normalized-PB24/nordstrom/CoreGuidedPB/dominating_set/hexgrid_nrowsdiv30add5/normalized-domset_opt_hexgrid_nrowsdiv30add5_ncols_470.opb.xz,14
OPT-LIN/normalized-PB24/nordstrom/CoreGuidedPB/dominating_set/hexgrid_nrowsdiv30add5/normalized-domset_opt_hexgrid_nrowsdiv30add5_ncols_480.opb.xz,14
OPT-LIN/normalized-PB24/nordstrom/CoreGuidedPB/dominating_set/hexgrid_nrowsdiv30add5/normalized-domset_opt_hexgrid_nrowsdiv30add5_ncols_490.opb.xz,14
OPT-LIN/normalized-PB24/nordstrom/CoreGuidedPB/dominating_set/hexgrid_nrowsdiv30add5/normalized-domset_opt_hexgrid_nrowsdiv30add5_ncols_500.opb.xz,14
OPT-LIN/normalized-PB24/nordstrom/CoreGuidedPB/dominating_set/hexgrid_nrowsdiv30add5/normalized-domset_opt_hexgrid_nrowsdiv30add5_ncols_550.opb.xz,14
OPT-LIN/normalized-PB24/nordstrom/CoreGuidedPB/dominating_set/hexgrid_nrowsdiv30add5/normalized-domset_opt_hexgrid_nrowsdiv30add5_ncols_600.opb.xz,14
OPT-LIN/normalized-PB24/nordstrom/CoreGuidedPB/dominating_set/hexgrid_nrowsdiv30add5/normalized-domset_opt_hexgrid_nrowsdiv30add5_ncols_650.opb.xz,15
OPT-LIN/normalized-PB24/nordstrom/CoreGuidedPB/dominating_set/hexgrid_nrowsdiv30add5/normalized-domset_opt_hexgrid_nrowsdiv30add5_ncols_700.opb.xz,15
OPT-LIN/normalized-PB24/nordstrom/CoreGuidedPB/dominating_set/hexgrid_nrowsdiv30add5/normalized-domset_opt_hexgrid_nrowsdiv30add5_ncols_750.opb.xz,15
OPT-LIN/normalized-PB24/nordstrom/CoreGuidedPB/dominating_set/hexgrid_nrowsdiv30add5/normalized-domset_opt_hexgrid_nrowsdiv30add5_ncols_800.opb.xz,15
OPT-LIN/normalized-PB24/nordstrom/CoreGuidedPB/dominating_set/normalized-dominating_set_hexgrid_opt_r10_c10.opb.xz,7
OPT-LIN/normalized-PB24/nordstrom/CoreGuidedPB/dominating_set/normalized-dominating_set_hexgrid_opt_r10_c100.opb.xz,10
OPT-LIN/normalized-PB24/nordstrom/CoreGuidedPB/dominating_set/normalized-dominating_set_hexgrid_opt_r10_c110.opb.xz,11
OPT-LIN/normalized-PB24/nordstrom/CoreGuidedPB/dominating_set/normalized-dominating_set_hexgrid_opt_r10_c120.opb.xz,11
OPT-LIN/normalized-PB24/nordstrom/CoreGuidedPB/dominating_set/normalized-dominating_set_hexgrid_opt_r10_c130.opb.xz,11
OPT-LIN/normalized-PB24/nordstrom/CoreGuidedPB/dominating_set/normalized-dominating_set_hexgrid_opt_r10_c140.opb.xz,11
OPT-LIN/normalized-PB24/nordstrom/CoreGuidedPB/dominating_set/normalized-dominating_set_hexgrid_opt_r10_c150.opb.xz,11
OPT-LIN/normalized-PB24/nordstrom/CoreGuidedPB/dominating_set/normalized-dominating_set_hexgrid_opt_r10_c20.opb.xz,8
OPT-LIN/normalized-PB24/nordstrom/CoreGuidedPB/dominating_set/normalized-dominating_set_hexgrid_opt_r10_c30.opb.xz,9
OPT-LIN/normalized-PB24/nordstrom/CoreGuidedPB/dominating_set/normalized-dominating_set_hexgrid_opt_r10_c40.opb.xz,9
OPT-LIN/normalized-PB24/nordstrom/CoreGuidedPB/dominating_set/normalized-dominating_set_hexgrid_opt_r10_c50.opb.xz,9
OPT-LIN/normalized-PB24/nordstrom/CoreGuidedPB/dominating_set/normalized-dominating_set_hexgrid_opt_r10_c60.opb.xz,10
OPT-LIN/normalized-PB24/nordstrom/CoreGuidedPB/dominating_set/normalized-dominating_set_hexgrid_opt_r10_c70.opb.xz,10
OPT-LIN/normalized-PB24/nordstrom/CoreGuidedPB/dominating_set/normalized-dominating_set_hexgrid_opt_r10_c80.opb.xz,10
OPT-LIN/normalized-PB24/nordstrom/CoreGuidedPB/dominating_set/normalized-dominating_set_hexgrid_opt_r10_c90.opb.xz,10
OPT-LIN/normalized-PB24/nordstrom/CoreGuidedPB/dominating_set/normalized-dominating_set_hexgrid_opt_r6_c10.opb.xz,6
OPT-LIN/normalized-PB24/nordstrom/CoreGuidedPB/dominating_set/normalized-dominating_set_hexgrid_opt_r6_c100.opb.xz,10
OPT-LIN/normalized-PB24/nordstrom/CoreGuidedPB/dominating_set/normalized-dominating_set_hexgrid_opt_r6_c110.opb.xz,10
OPT-LIN/normalized-PB24/nordstrom/CoreGuidedPB/dominating_set/normalized-dominating_set_hexgrid_opt_r6_c120.opb.xz,10
OPT-LIN/normalized-PB24/nordstrom/CoreGuidedPB/dominating_set/normalized-dominating_set_hexgrid_opt_r6_c130.opb.xz,10
OPT-LIN/normalized-PB24/nordstrom/CoreGuidedPB/dominating_set/normalized-dominating_set_hexgrid_opt_r6_c140.opb.xz,10
OPT-LIN/normalized-PB24/nordstrom/CoreGuidedPB/dominating_set/normalized-dominating_set_hexgrid_opt_r6_c150.opb.xz,10
OPT-LIN/normalized-PB24/nordstrom/CoreGuidedPB/dominating_set/normalized-dominating_set_hexgrid_opt_r6_c20.opb.xz,7
OPT-LIN/normalized-PB24/nordstrom/CoreGuidedPB/dominating_set/normalized-dominating_set_hexgrid_opt_r6_c30.opb.xz,8
OPT-LIN/normalized-PB24/nordstrom/CoreGuidedPB/dominating_set/normalized-dominating_set_hexgrid_opt_r6_c40.opb.xz,8
OPT-LIN/normalized-PB24/nordstrom/CoreGuidedPB/dominating_set/normalized-dominating_set_hexgrid_opt_r6_c50.opb.xz,9
OPT-LIN/normalized-PB24/nordstrom/CoreGuidedPB/dominating_set/normalized-dominating_set_hexgrid_opt_r6_c60.opb.xz,9
OPT-LIN/normalized-PB24/nordstrom/CoreGuidedPB/dominating_set/normalized-dominating_set_hexgrid_opt_r6_c70.opb.xz,9
OPT-LIN/normalized-PB24/nordstrom/CoreGuidedPB/dominating_set/normalized-dominating_set_hexgrid_opt_r6_c80.opb.xz,9
OPT-LIN/normalized-PB24/nordstrom/CoreGuidedPB/dominating_set/normalized-dominating_set_hexgrid_opt_r6_c90.opb.xz,10
OPT-LIN/normalized-PB24/nordstrom/CoreGuidedPB/dominating_set/normalized-dominating_set_hexgrid_opt_r8_c10.opb.xz,7
OPT-LIN/normalized-PB24/nordstrom/CoreGuidedPB/dominating_set/normalized-dominating_set_hexgrid_opt_r8_c100.opb.xz,10
OPT-LIN/normalized-PB24/nordstrom/CoreGuidedPB/dominating_set/normalized-dominating_set_hexgrid_opt_r8_c110.opb.xz,10
OPT-LIN/normalized-PB24/nordstrom/CoreGuidedPB/dominating_set/normalized-dominating_set_hexgrid_opt_r8_c120.opb.xz,10
OPT-LIN/normalized-PB24/nordstrom/CoreGuidedPB/dominating_set/normalized-dominating_set_hexgrid_opt_r8_c130.opb.xz,11
OPT-LIN/normalized-PB24/nordstrom/CoreGuidedPB/dominating_set/normalized-dominating_set_hexgrid_opt_r8_c140.opb.xz,11
OPT-LIN/normalized-PB24/nordstrom/CoreGuidedPB/dominating_set/normalized-dominating_set_hexgrid_opt_r8_c150.opb.xz,11
OPT-LIN/normalized-PB24/nordstrom/CoreGuidedPB/dominating_set/normalized-dominating_set_hexgrid_opt_r8_c20.opb.xz,8
OPT-LIN/normalized-PB24/nordstrom/CoreGuidedPB/dominating_set/normalized-dominating_set_hexgrid_opt_r8_c30.opb.xz,8
OPT-LIN/normalized-PB24/nordstrom/CoreGuidedPB/dominating_set/normalized-dominating_set_hexgrid_opt_r8_c40.opb.xz,9
OPT-LIN/normalized-PB24/nordstrom/CoreGuidedPB/dominating_set/normalized-dominating_set_hexgrid_opt_r8_c50.opb.xz,9
OPT-LIN/normalized-PB24/nordstrom/CoreGuidedPB/dominating_set/normalized-dominating_set_hexgrid_opt_r8_c60.opb.xz,9
OPT-LIN/normalized-PB24/nordstrom/CoreGuidedPB/dominating_set/normalized-dominating_set_hexgrid_opt_r8_c70.opb.xz,10
OPT-LIN/normalized-PB24/nordstrom/CoreGuidedPB/dominating_set/normalized-dominating_set_hexgrid_opt_r8_c80.opb.xz,10
OPT-LIN/normalized-PB24/nordstrom/CoreGuidedPB/dominating_set/normalized-dominating_set_hexgrid_opt_r8_c90.opb.xz,10
OPT-LIN/normalized-PB24/nordstrom/CoreGuidedPB/evencolouring/linear/normalized-evencolouring_opt_linear_random6regular_nvert_011.opb.xz,7
OPT-LIN/normalized-PB24/nordstrom/CoreGuidedPB/evencolouring/linear/normalized-evencolouring_opt_linear_random6regular_nvert_021.opb.xz,8
OPT-LIN/normalized-PB24/nordstrom/CoreGuidedPB/evencolouring/linear/normalized-evencolouring_opt_linear_random6regular_nvert_031.opb.xz,9
OPT-LIN/normalized-PB24/nordstrom/CoreGuidedPB/evencolouring/linear/normalized-evencolouring_opt_linear_random6regular_nvert_041.opb.xz,10
OPT-LIN/normalized-PB24/nordstrom/CoreGuidedPB/evencolouring/linear/normalized-evencolouring_opt_linear_random6regular_nvert_051.opb.xz,11
OPT-LIN/normalized-PB24/nordstrom/CoreGuidedPB/evencolouring/linear/normalized-evencolouring_opt_linear_random6regular_nvert_061.opb.xz,11
OPT-LIN/normalized-PB24/nordstrom/CoreGuidedPB/evencolouring/linear/normalized-evencolouring_opt_linear_random6regular_nvert_071.opb.xz,12
OPT-LIN/normalized-PB24/nordstrom/CoreGuidedPB/evencolouring/linear/normalized-evencolouring_opt_linear_random6regular_nvert_081.opb.xz,12
OPT-LIN/normalized-PB24/nordstrom/CoreGuidedPB/evencolouring/linear/normalized-evencolouring_opt_linear_random6regular_nvert_091.opb.xz,13
OPT-LIN/normalized-PB24/nordstrom/CoreGuidedPB/evencolouring/linear/normalized-evencolouring_opt_linear_random6regular_nvert_101.opb.xz,13
OPT-LIN/normalized-PB24/nordstrom/CoreGuidedPB/evencolouring/linear/normalized-evencolouring_opt_linear_random6regular_nvert_111.opb.xz,13
OPT-LIN/normalized-PB24/nordstrom/CoreGuidedPB/evencolouring/linear/normalized-evencolouring_opt_linear_random6regular_nvert_151.opb.xz,14
OPT-LIN/normalized-PB24/nordstrom/CoreGuidedPB/evencolouring/linear/normalized-evencolouring_opt_linear_random6regular_nvert_201.opb.xz,15
OPT-LIN/normalized-PB24/nordstrom/CoreGuidedPB/evencolouring/linear/normalized-evencolouring_opt_linear_random6regular_nvert_251.opb.xz,15
OPT-LIN/normalized-PB24/nordstrom/CoreGuidedPB/evencolouring/linear/normalized-evencolouring_opt_linear_random6regular_nvert_301.opb.xz,16
OPT-LIN/normalized-PB24/nordstrom/CoreGuidedPB/evencolouring/linear/normalized-evencolouring_opt_linear_random6regular_nvert_351.opb.xz,16
OPT-LIN/normalized-PB24/nordstrom/CoreGuidedPB/evencolouring/linear/normalized-evencolouring_opt_linear_random6regular_nvert_401.opb.xz,17
OPT-LIN/normalized-PB24/nordstrom/CoreGuidedPB/evencolouring/linear/normalized-evencolouring_opt_linear_random6regular_nvert_451.opb.xz,17
OPT-LIN/normalized-PB24/nordstrom/CoreGuidedPB/evencolouring/linear/normalized-evencolouring_opt_linear_random6regular_nvert_501.opb.xz,17
OPT-LIN/normalized-PB24/nordstrom/CoreGuidedPB/evencolouring/linear/normalized-evencolouring_opt_linear_random6regular_nvert_551.opb.xz,18
OPT-LIN/normalized-PB24/nordstrom/CoreGuidedPB/evencolouring/linear/normalized-evencolouring_opt_linear_random6regular_nvert_601.opb.xz,18
OPT-LIN/normalized-PB24/nordstrom/CoreGuidedPB/evencolouring/linear/normalized-evencolouring_opt_linear_random6regular_nvert_651.opb.xz,18
OPT-LIN/normalized-PB24/nordstrom/CoreGuidedPB/evencolouring/linear/normalized-evencolouring_opt_linear_random6regular_nvert_701.opb.xz,18
OPT-LIN/normalized-PB24/nordstrom/CoreGuidedPB/evencolouring/linear/normalized-evencolouring_opt_linear_random6regular_nvert_751.opb.xz,19
OPT-LIN/normalized-PB24/nordstrom/CoreGuidedPB/evencolouring/linear/normalized-evencolouring_opt_linear_random6regular_nvert_801.opb.xz,19
OPT-LIN/normalized-PB24/nordstrom/CoreGuidedPB/evencolouring/linear/normalized-evencolouring_opt_linear_random6regular_nvert_851.opb.xz,19
OPT-LIN/normalized-PB24/nordstrom/CoreGuidedPB/evencolouring/linear/normalized-evencolouring_opt_linear_random6regular_nvert_901.opb.xz,19
OPT-LIN/normalized-PB24/nordstrom/CoreGuidedPB/evencolouring/linear/normalized-evencolouring_opt_linear_random6regular_nvert_951.opb.xz,19
OPT-LIN/normalized-PB24/nordstrom/CoreGuidedPB/evencolouring/unit/normalized-evencolouring_opt_unit_random6regular_nvert_011.opb.xz,4
OPT-LIN/normalized-PB24/nordstrom/CoreGuidedPB/evencolouring/unit/normalized-evencolouring_opt_unit_random6regular_nvert_021.opb.xz,5
OPT-LIN/normalized-PB24/nordstrom/CoreGuidedPB/evencolouring/unit/normalized-evencolouring_opt_unit_random6regular_nvert_031.opb.xz,5
OPT-LIN/normalized-PB24/nordstrom/CoreGuidedPB/evencolouring/unit/normalized-evencolouring_opt_unit_random6regular_nvert_041.opb.xz,6
OPT-LIN/normalized-PB24/nordstrom/CoreGuidedPB/evencolouring/unit/normalized-evencolouring_opt_unit_random6regular_nvert_051.opb.xz,6
OPT-LIN/normalized-PB24/nordstrom/CoreGuidedPB/evencolouring/unit/normalized-evencolouring_opt_unit_random6regular_nvert_061.opb.xz,6
OPT-LIN/normalized-PB24/nordstrom/CoreGuidedPB/evencolouring/unit/normalized-evencolouring_opt_unit_random6regular_nvert_071.opb.xz,7
OPT-LIN/normalized-PB24/nordstrom/CoreGuidedPB/evencolouring/unit/normalized-evencolouring_opt_unit_random6regular_nvert_081.opb.xz,7
OPT-LIN/normalized-PB24/nordstrom/CoreGuidedPB/evencolouring/unit/normalized-evencolouring_opt_unit_random6regular_nvert_091.opb.xz,7
OPT-LIN/normalized-PB24/nordstrom/CoreGuidedPB/evencolouring/unit/normalized-evencolouring_opt_unit_random6regular_nvert_101.opb.xz,7
OPT-LIN/normalized-PB24/nordstrom/CoreGuidedPB/evencolouring/unit/normalized-evencolouring_opt_unit_random6regular_nvert_111.opb.xz,7
OPT-LIN/normalized-PB24/nordstrom/CoreGuidedPB/evencolouring/unit/normalized-evencolouring_opt_unit_random6regular_nvert_151.opb.xz,8
OPT-LIN/normalized-PB24/nordstrom/CoreGuidedPB/evencolouring/unit/normalized-evencolouring_opt_unit_random6regular_nvert_201.opb.xz,8
OPT-LIN/normalized-PB24/nordstrom/CoreGuidedPB/evencolouring/unit/normalized-evencolouring_opt_unit_random6regular_nvert_251.opb.xz,8
OPT-LIN/normalized-PB24/nordstrom/CoreGuidedPB/evencolouring/unit/normalized-evencolouring_opt_unit_random6regular_nvert_301.opb.xz,9
OPT-LIN/normalized-PB24/nordstrom/CoreGuidedPB/evencolouring/unit/normalized-evencolouring_opt_unit_random6regular_nvert_351.opb.xz,9
OPT-LIN/normalized-PB24/nordstrom/CoreGuidedPB/evencolouring/unit/normalized-evencolouring_opt_unit_random6regular_nvert_401.opb.xz,9
OPT-LIN/normalized-PB24/nordstrom/CoreGuidedPB/evencolouring/unit/normalized-evencolouring_opt_unit_random6regular_nvert_451.opb.xz,9
OPT-LIN/normalized-PB24/nordstrom/CoreGuidedPB/evencolouring/unit/normalized-evencolouring_opt_unit_random6regular_nvert_501.opb.xz,9
OPT-LIN/normalized-PB24/nordstrom/CoreGuidedPB/evencolouring/unit/normalized-evencolouring_opt_unit_random6regular_nvert_551.opb.xz,10
OPT-LIN/normalized-PB24/nordstrom/CoreGuidedPB/evencolouring/unit/normalized-evencolouring_opt_unit_random6regular_nvert_601.opb.xz,10
OPT-LIN/normalized-PB24/nordstrom/CoreGuidedPB/evencolouring/unit/normalized-evencolouring_opt_unit_random6regular_nvert_651.opb.xz,10
OPT-LIN/normalized-PB24/nordstrom/CoreGuidedPB/evencolouring/unit/normalized-evencolouring_opt_unit_random6regular_nvert_701.opb.xz,10
OPT-LIN/normalized-PB24/nordstrom/CoreGuidedPB/evencolouring/unit/normalized-evencolouring_opt_unit_random6regular_nvert_751.opb.xz,10
OPT-LIN/normalized-PB24/nordstrom/CoreGuidedPB/evencolouring/unit/normalized-evencolouring_opt_unit_random6regular_nvert_801.opb.xz,10
OPT-LIN/normalized-PB24/nordstrom/CoreGuidedPB/evencolouring/unit/normalized-evencolouring_opt_unit_random6regular_nvert_851.opb.xz,10
OPT-LIN/normalized-PB24/nordstrom/CoreGuidedPB/evencolouring/unit/normalized-evencolouring_opt_unit_random6regular_nvert_901.opb.xz,10
OPT-LIN/normalized-PB24/nordstrom/CoreGuidedPB/evencolouring/unit/normalized-evencolouring_opt_unit_random6regular_nvert_951.opb.xz,10
OPT-LIN/normalized-PB24/nordstrom/CoreGuidedPB/injcomp/injcomp_opt_3layers_maxall_lastlayerdecr1/normalized-injcomp_opt_3layers_maxall_lastlayerdecr1_size_04.opb.xz,5
OPT-LIN/normalized-PB24/nordstrom/CoreGuidedPB/injcomp/injcomp_opt_3layers_maxall_lastlayerdecr1/normalized-injcomp_opt_3layers_maxall_lastlayerdecr1_size_05.opb.xz,6
OPT-LIN/normalized-PB24/nordstrom/CoreGuidedPB/injcomp/injcomp_opt_3layers_maxall_lastlayerdecr1/normalized-injcomp_opt_3layers_maxall_lastlayerdecr1_size_06.opb.xz,7
OPT-LIN/normalized-PB24/nordstrom/CoreGuidedPB/injcomp/injcomp_opt_3layers_maxall_lastlayerdecr1/normalized-injcomp_opt_3layers_maxall_lastlayerdecr1_size_07.opb.xz,7
OPT-LIN/normalized-PB24/nordstrom/CoreGuidedPB/injcomp/injcomp_opt_3layers_maxall_lastlayerdecr1/normalized-injcomp_opt_3layers_maxall_lastlayerdecr1_size_08.opb.xz,7
OPT-LIN/normalized-PB24/nordstrom/CoreGuidedPB/injcomp/injcomp_opt_3layers_maxall_lastlayerdecr1/normalized-injcomp_opt_3layers_maxall_lastlayerdecr1_size_09.opb.xz,8
OPT-LIN/normalized-PB24/nordstrom/CoreGuidedPB/injcomp/injcomp_opt_3layers_maxall_lastlayerdecr1/normalized-injcomp_opt_3layers_maxall_lastlayerdecr1_size_10.opb.xz,8
OPT-LIN/normalized-PB24/nordstrom/CoreGuidedPB/injcomp/injcomp_opt_3layers_maxall_lastlayerdecr1/normalized-injcomp_opt_3layers_maxall_lastlayerdecr1_size_11.opb.xz,8
OPT-LIN/normalized-PB24/nordstrom/CoreGuidedPB/injcomp/injcomp_opt_3layers_maxall_lastlayerdecr1/normalized-injcomp_opt_3layers_maxall_lastlayerdecr1_size_12.opb.xz,9
OPT-LIN/normalized-PB24/nordstrom/CoreGuidedPB/injcomp/injcomp_opt_3layers_maxall_lastlayerdecr1/normalized-injcomp_opt_3layers_maxall_lastlayerdecr1_size_13.opb.xz,9
OPT-LIN/normalized-PB24/nordstrom/CoreGuidedPB/injcomp/injcomp_opt_3layers_maxall_lastlayerdecr1/normalized-injcomp_opt_3layers_maxall_lastlayerdecr1_size_14.opb.xz,9
OPT-LIN/normalized-PB24/nordstrom/CoreGuidedPB/injcomp/injcomp_opt_3layers_maxall_lastlayerdecr1/normalized-injcomp_opt_3layers_maxall_lastlayerdecr1_size_15.opb.xz,9
OPT-LIN/normalized-PB24/nordstrom/CoreGuidedPB/injcomp/injcomp_opt_3layers_maxall_lastlayerdecr1/normalized-injcomp_opt_3layers_maxall_lastlayerdecr1_size_16.opb.xz,9
OPT-LIN/normalized-PB24/nordstrom/CoreGuidedPB/injcomp/injcomp_opt_3layers_maxall_lastlayerdecr1/normalized-injcomp_opt_3layers_maxall_lastlayerdecr1_size_17.opb.xz,10
OPT-LIN/normalized-PB24/nordstrom/CoreGuidedPB/injcomp/injcomp_opt_3layers_maxall_lastlayerdecr1/normalized-injcomp_opt_3layers_maxall_lastlayerdecr1_size_18.opb.xz,10
OPT-LIN/normalized-PB24/nordstrom/CoreGuidedPB/injcomp/injcomp_opt_3layers_maxall_lastlayerdecr1/normalized-injcomp_opt_3layers_maxall_lastlayerdecr1_size_19.opb.xz,10
OPT-LIN/normalized-PB24/nordstrom/CoreGuidedPB/injcomp/injcomp_opt_3layers_maxall_lastlayerdecr1/normalized-injcomp_opt_3layers_maxall_lastlayerdecr1_size_20.opb.xz,10
OPT-LIN/normalized-PB24/nordstrom/CoreGuidedPB/injcomp/injcomp_opt_3layers_maxall_lastlayerdecr1/normalized-injcomp_opt_3layers_maxall_lastlayerdecr1_size_21.opb.xz,10
OPT-LIN/normalized-PB24/nordstrom/CoreGuidedPB/injcomp/injcomp_opt_3layers_maxall_lastlayerdecr1/normalized-injcomp_opt_3layers_maxall_lastlayerdecr1_size_22.opb.xz,10
OPT-LIN/normalized-PB24/nordstrom/CoreGuidedPB/injcomp/injcomp_opt_3layers_maxall_lastlayerdecr1/normalized-injcomp_opt_3layers_maxall_lastlayerdecr1_size_23.opb.xz,11
OPT-LIN/normalized-PB24/nordstrom/CoreGuidedPB/injcomp/injcomp_opt_3layers_maxall_lastlayerdecr1/normalized-injcomp_opt_3layers_maxall_lastlayerdecr1_size_24.opb.xz,11
OPT-LIN/normalized-PB24/nordstrom/CoreGuidedPB/injcomp/injcomp_opt_3layers_maxall_lastlayerdecr1/normalized-injcomp_opt_3layers_maxall_lastlayerdecr1_size_25.opb.xz,11
OPT-LIN/normalized-PB24/nordstrom/CoreGuidedPB/injcomp/injcomp_opt_3layers_maxall_lastlayerdecr1/normalized-injcomp_opt_3layers_maxall_lastlayerdecr1_size_26.opb.xz,11
OPT-LIN/normalized-PB24/nordstrom/CoreGuidedPB/injcomp/injcomp_opt_3layers_maxall_lastlayerdecr1/normalized-injcomp_opt_3layers_maxall_lastlayerdecr1_size_27.opb.xz,11
OPT-LIN/normalized-PB24/nordstrom/CoreGuidedPB/injcomp/injcomp_opt_3layers_maxall_lastlayerdecr1/normalized-injcomp_opt_3layers_maxall_lastlayerdecr1_size_28.opb.xz,11
OPT-LIN/normalized-PB24/nordstrom/CoreGuidedPB/injcomp/injcomp_opt_3layers_maxall_lastlayerdecr1/normalized-injcomp_opt_3layers_maxall_lastlayerdecr1_size_29.opb.xz,11
OPT-LIN/normalized-PB24/nordstrom/CoreGuidedPB/injcomp/injcomp_opt_3layers_maxall_lastlayerdecr1/normalized-injcomp_opt_3layers_maxall_lastlayerdecr1_size_30.opb.xz,11
OPT-LIN/normalized-PB24/nordstrom/CoreGuidedPB/injcomp/injcomp_opt_3layers_maxall_lastlayerdecr1/normalized-injcomp_opt_3layers_maxall_lastlayerdecr1_size_31.opb.xz,11
OPT-LIN/normalized-PB24/nordstrom/CoreGuidedPB/injcomp/injcomp_opt_3layers_maxall_lastlayerdecr1/normalized-injcomp_opt_3layers_maxall_lastlayerdecr1_size_32.opb.xz,11
OPT-LIN/normalized-PB24/nordstrom/CoreGuidedPB/injcomp/injcomp_opt_3layers_maxall_lastlayerdecr1/normalized-injcomp_opt_3layers_maxall_lastlayerdecr1_size_33.opb.xz,12
OPT-LIN/normalized-PB24/nordstrom/CoreGuidedPB/injcomp/injcomp_opt_3layers_maxall_lastlayerdecr1/normalized-injcomp_opt_3layers_maxall_lastlayerdecr1_size_34.opb.xz,12
OPT-LIN/normalized-PB24/nordstrom/CoreGuidedPB/injcomp/injcomp_opt_3layers_maxall_lastlayerdecr1/normalized-injcomp_opt_3layers_maxall_lastlayerdecr1_size_35.opb.xz,12
OPT-LIN/normalized-PB24/nordstrom/CoreGuidedPB/injcomp/injcomp_opt_3layers_maxall_lastlayerdecr1/normalized-injcomp_opt_3layers_maxall_lastlayerdecr1_size_40.opb.xz,12
OPT-LIN/normalized-PB24/nordstrom/CoreGuidedPB/injcomp/injcomp_opt_3layers_maxall_lastlayerdecr1/normalized-injcomp_opt_3layers_maxall_lastlayerdecr1_size_45.opb.xz,12
OPT-LIN/normalized-PB24/nordstrom/CoreGuidedPB/injcomp/injcomp_opt_3layers_maxall_lastlayerdecr1/normalized-injcomp_opt_3layers_maxall_lastlayerdecr1_size_50.opb.xz,13
OPT-LIN/normalized-PB24/nordstrom/CoreGuidedPB/injcomp/injcomp_opt_3layers_maxall_lastlayerdecr1/normalized-injcomp_opt_3layers_maxall_lastlayerdecr1_size_55.opb.xz,13
OPT-LIN/normalized-PB24/nordstrom/CoreGuidedPB/injcomp/injcomp_opt_3layers_maxall_lastlayerdecr1/normalized-injcomp_opt_3layers_maxall_lastlayerdecr1_size_60.opb.xz,13
OPT-LIN/normalized-PB24/nordstrom/CoreGuidedPB/injcomp/injcomp_opt_3layers_maxall_lastlayerdecr1/normalized-injcomp_opt_3layers_maxall_lastlayerdecr1_size_65.opb.xz,14
OPT-LIN/normalized-PB24/nordstrom/CoreGuidedPB/injcomp/injcomp_opt_3layers_maxall_lastlayerdecr1/normalized-injcomp_opt_3layers_maxall_lastlayerdecr1_size_70.opb.xz,14
OPT-LIN/normalized-PB24/nordstrom/CoreGuidedPB/injcomp/injcomp_opt_3layers_maxall_lastlayerdecr1/normalized-injcomp_opt_3layers_maxall_lastlayerdecr1_size_75.opb.xz,14
OPT-LIN/normalized-PB24/nordstrom/CoreGuidedPB/injcomp/injcomp_opt_3layers_maxall_lastlayerdecr1/normalized-injcomp_opt_3layers_maxall_lastlayerdecr1_size_80.opb.xz,14
OPT-LIN/normalized-PB24/nordstrom/CoreGuidedPB/injcomp/injcomp_opt_3layers_maxall_lastlayerdecr1/normalized-injcomp_opt_3layers_maxall_lastlayerdecr1_size_85.opb.xz,14
OPT-LIN/normalized-PB24/nordstrom/CoreGuidedPB/injcomp/injcomp_opt_3layers_maxall_lastlayerdecr1/normalized-injcomp_opt_3layers_maxall_lastlayerdecr1_size_90.opb.xz,14
OPT-LIN/normalized-PB24/nordstrom/CoreGuidedPB/injcomp/injcomp_opt_3layers_maxall_lastlayerdecr1/normalized-injcomp_opt_3layers_maxall_lastlayerdecr1_size_95.opb.xz,15
OPT-LIN/normalized-PB24/nordstrom/CoreGuidedPB/injcomp/injcomp_opt_3layers_maxall_lastlayerdiv2/normalized-injcomp_opt_3layers_maxall_lastlayerdiv2_size_04.opb.xz,5
OPT-LIN/normalized-PB24/nordstrom/CoreGuidedPB/injcomp/injcomp_opt_3layers_maxall_lastlayerdiv2/normalized-injcomp_opt_3layers_maxall_lastlayerdiv2_size_05.opb.xz,6
OPT-LIN/normalized-PB24/nordstrom/CoreGuidedPB/injcomp/injcomp_opt_3layers_maxall_lastlayerdiv2/normalized-injcomp_opt_3layers_maxall_lastlayerdiv2_size_06.opb.xz,6
OPT-LIN/normalized-PB24/nordstrom/CoreGuidedPB/injcomp/injcomp_opt_3layers_maxall_lastlayerdiv2/normalized-injcomp_opt_3layers_maxall_lastlayerdiv2_size_07.opb.xz,7
OPT-LIN/normalized-PB24/nordstrom/CoreGuidedPB/injcomp/injcomp_opt_3layers_maxall_lastlayerdiv2/normalized-injcomp_opt_3layers_maxall_lastlayerdiv2_size_08.opb.xz,7
OPT-LIN/normalized-PB24/nordstrom/CoreGuidedPB/injcomp/injcomp_opt_3layers_maxall_lastlayerdiv2/normalized-injcomp_opt_3layers_maxall_lastlayerdiv2_size_09.opb.xz,7
OPT-LIN/normalized-PB24/nordstrom/CoreGuidedPB/injcomp/injcomp_opt_3layers_maxall_lastlayerdiv2/normalized-injcomp_opt_3layers_maxall_lastlayerdiv2_size_10.opb.xz,8
OPT-LIN/normalized-PB24/nordstrom/CoreGuidedPB/injcomp/injcomp_opt_3layers_maxall_lastlayerdiv2/normalized-injcomp_opt_3layers_maxall_lastlayerdiv2_size_11.opb.xz,8
OPT-LIN/normalized-PB24/nordstrom/CoreGuidedPB/injcomp/injcomp_opt_3layers_maxall_lastlayerdiv2/normalized-injcomp_opt_3layers_maxall_lastlayerdiv2_size_12.opb.xz,8
OPT-LIN/normalized-PB24/nordstrom/CoreGuidedPB/injcomp/injcomp_opt_3layers_maxall_lastlayerdiv2/normalized-injcomp_opt_3layers_maxall_lastlayerdiv2_size_13.opb.xz,8
OPT-LIN/normalized-PB24/nordstrom/CoreGuidedPB/injcomp/injcomp_opt_3layers_maxall_lastlayerdiv2/normalized-injcomp_opt_3layers_maxall_lastlayerdiv2_size_14.opb.xz,9
OPT-LIN/normalized-PB24/nordstrom/CoreGuidedPB/injcomp/injcomp_opt_3layers_maxall_lastlayerdiv2/normalized-injcomp_opt_3layers_maxall_lastlayerdiv2_size_15.opb.xz,9
OPT-LIN/normalized-PB24/nordstrom/CoreGuidedPB/injcomp/injcomp_opt_3layers_maxall_lastlayerdiv2/normalized-injcomp_opt_3layers_maxall_lastlayerdiv2_size_16.opb.xz,9
OPT-LIN/normalized-PB24/nordstrom/CoreGuidedPB/injcomp/injcomp_opt_3layers_maxall_lastlayerdiv2/normalized-injcomp_opt_3layers_maxall_lastlayerdiv2_size_17.opb.xz,9
OPT-LIN/normalized-PB24/nordstrom/CoreGuidedPB/injcomp/injcomp_opt_3layers_maxall_lastlayerdiv2/normalized-injcomp_opt_3layers_maxall_lastlayerdiv2_size_18.opb.xz,9
OPT-LIN/normalized-PB24/nordstrom/CoreGuidedPB/injcomp/injcomp_opt_3layers_maxall_lastlayerdiv2/normalized-injcomp_opt_3layers_maxall_lastlayerdiv2_size_19.opb.xz,10
OPT-LIN/normalized-PB24/nordstrom/CoreGuidedPB/injcomp/injcomp_opt_3layers_maxall_lastlayerdiv2/normalized-injcomp_opt_3layers_maxall_lastlayerdiv2_size_20.opb.xz,10
OPT-LIN/normalized-PB24/nordstrom/CoreGuidedPB/injcomp/injcomp_opt_3layers_maxall_lastlayerdiv2/normalized-injcomp_opt_3layers_maxall_lastlayerdiv2_size_21.opb.xz,10
OPT-LIN/normalized-PB24/nordstrom/CoreGuidedPB/injcomp/injcomp_opt_3layers_maxall_lastlayerdiv2/normalized-injcomp_opt_3layers_maxall_lastlayerdiv2_size_22.opb.xz,10
OPT-LIN/normalized-PB24/nordstrom/CoreGuidedPB/injcomp/injcomp_opt_3layers_maxall_lastlayerdiv2/normalized-injcomp_opt_3layers_maxall_lastlayerdiv2_size_23.opb.xz,10
OPT-LIN/normalized-PB24/nordstrom/CoreGuidedPB/injcomp/injcomp_opt_3layers_maxall_lastlayerdiv2/normalized-injcomp_opt_3layers_maxall_lastlayerdiv2_size_24.opb.xz,10
OPT-LIN/normalized-PB24/nordstrom/CoreGuidedPB/injcomp/injcomp_opt_3layers_maxall_lastlayerdiv2/normalized-injcomp_opt_3layers_maxall_lastlayerdiv2_size_25.opb.xz,10
OPT-LIN/normalized-PB24/nordstrom/CoreGuidedPB/injcomp/injcomp_opt_3layers_maxall_lastlayerdiv2/normalized-injcomp_opt_3layers_maxall_lastlayerdiv2_size_26.opb.xz,10
OPT-LIN/normalized-PB24/nordstrom/CoreGuidedPB/injcomp/injcomp_opt_3layers_maxall_lastlayerdiv2/normalized-injcomp_opt_3layers_maxall_lastlayerdiv2_size_27.opb.xz,11
OPT-LIN/normalized-PB24/nordstrom/CoreGuidedPB/injcomp/injcomp_opt_3layers_maxall_lastlayerdiv2/normalized-injcomp_opt_3layers_maxall_lastlayerdiv2_size_28.opb.xz,11
OPT-LIN/normalized-PB24/nordstrom/CoreGuidedPB/injcomp/injcomp_opt_3layers_maxall_lastlayerdiv2/normalized-injcomp_opt_3layers_maxall_lastlayerdiv2_size_29.opb.xz,11
OPT-LIN/normalized-PB24/nordstrom/CoreGuidedPB/injcomp/injcomp_opt_3layers_maxall_lastlayerdiv2/normalized-injcomp_opt_3layers_maxall_lastlayerdiv2_size_30.opb.xz,11
OPT-LIN/normalized-PB24/nordstrom/CoreGuidedPB/injcomp/injcomp_opt_3layers_maxall_lastlayerdiv2/normalized-injcomp_opt_3layers_maxall_lastlayerdiv2_size_31.opb.xz,11
OPT-LIN/normalized-PB24/nordstrom/CoreGuidedPB/injcomp/injcomp_opt_3layers_maxall_lastlayerdiv2/normalized-injcomp_opt_3layers_maxall_lastlayerdiv2_size_32.opb.xz,11
OPT-LIN/normalized-PB24/nordstrom/CoreGuidedPB/injcomp/injcomp_opt_3layers_maxall_lastlayerdiv2/normalized-injcomp_opt_3layers_maxall_lastlayerdiv2_size_33.opb.xz,11
OPT-LIN/normalized-PB24/nordstrom/CoreGuidedPB/injcomp/injcomp_opt_3layers_maxall_lastlayerdiv2/normalized-injcomp_opt_3layers_maxall_lastlayerdiv2_size_34.opb.xz,11
OPT-LIN/normalized-PB24/nordstrom/CoreGuidedPB/injcomp/injcomp_opt_3layers_maxall_lastlayerdiv2/normalized-injcomp_opt_3layers_maxall_lastlayerdiv2_size_35.opb.xz,11
OPT-LIN/normalized-PB24/nordstrom/CoreGuidedPB/injcomp/injcomp_opt_3layers_maxall_lastlayerdiv2/normalized-injcomp_opt_3layers_maxall_lastlayerdiv2_size_40.opb.xz,12
OPT-LIN/normalized-PB24/nordstrom/CoreGuidedPB/injcomp/injcomp_opt_3layers_maxall_lastlayerdiv2/normalized-injcomp_opt_3layers_maxall_lastlayerdiv2_size_45.opb.xz,12
OPT-LIN/normalized-PB24/nordstrom/CoreGuidedPB/injcomp/injcomp_opt_3layers_maxall_lastlayerdiv2/normalized-injcomp_opt_3layers_maxall_lastlayerdiv2_size_50.opb.xz,12
OPT-LIN/normalized-PB24/nordstrom/CoreGuidedPB/injcomp/injcomp_opt_3layers_maxall_lastlayerdiv2/normalized-injcomp_opt_3layers_maxall_lastlayerdiv2_size_55.opb.xz,13
OPT-LIN/normalized-PB24/nordstrom/CoreGuidedPB/injcomp/injcomp_opt_3layers_maxall_lastlayerdiv2/normalized-injcomp_opt_3layers_maxall_lastlayerdiv2_size_60.opb.xz,13
OPT-LIN/normalized-PB24/nordstrom/CoreGuidedPB/injcomp/injcomp_opt_3layers_maxall_lastlayerdiv2/normalized-injcomp_opt_3layers_maxall_lastlayerdiv2_size_65.opb.xz,13
OPT-LIN/normalized-PB24/nordstrom/CoreGuidedPB/injcomp/injcomp_opt_3layers_maxall_lastlayerdiv2/normalized-injcomp_opt_3layers_maxall_lastlayerdiv2_size_70.opb.xz,13
OPT-LIN/normalized-PB24/nordstrom/CoreGuidedPB/injcomp/injcomp_opt_3layers_maxall_lastlayerdiv2/normalized-injcomp_opt_3layers_maxall_lastlayerdiv2_size_75.opb.xz,14
OPT-LIN/normalized-PB24/nordstrom/CoreGuidedPB/injcomp/injcomp_opt_3layers_maxall_lastlayerdiv2/normalized-injcomp_opt_3layers_maxall_lastlayerdiv2_size_80.opb.xz,14
OPT-LIN/normalized-PB24/nordstrom/CoreGuidedPB/injcomp/injcomp_opt_3layers_maxall_lastlayerdiv2/normalized-injcomp_opt_3layers_maxall_lastlayerdiv2_size_85.opb.xz,14
OPT-LIN/normalized-PB24/nordstrom/CoreGuidedPB/injcomp/injcomp_opt_3layers_maxall_lastlayerdiv2/normalized-injcomp_opt_3layers_maxall_lastlayerdiv2_size_90.opb.xz,14
OPT-LIN/normalized-PB24/nordstrom/CoreGuidedPB/injcomp/injcomp_opt_3layers_maxall_lastlayerdiv2/normalized-injcomp_opt_3layers_maxall_lastlayerdiv2_size_95.opb.xz,14
OPT-LIN/normalized-PB24/nordstrom/CoreGuidedPB/injcomp/injcomp_opt_3layers_maxfirst_lastlayerdecr1/normalized-injcomp_opt_3layers_maxfirst_lastlayerdecr1_size_04.opb.xz,5
OPT-LIN/normalized-PB24/nordstrom/CoreGuidedPB/injcomp/injcomp_opt_3layers_maxfirst_lastlayerdecr1/normalized-injcomp_opt_3layers_maxfirst_lastlayerdecr1_size_05.opb.xz,5
OPT-LIN/normalized-PB24/nordstrom/CoreGuidedPB/injcomp/injcomp_opt_3layers_maxfirst_lastlayerdecr1/normalized-injcomp_opt_3layers_maxfirst_lastlayerdecr1_size_06.opb.xz,6
OPT-LIN/normalized-PB24/nordstrom/CoreGuidedPB/injcomp/injcomp_opt_3layers_maxfirst_lastlayerdecr1/normalized-injcomp_opt_3layers_maxfirst_lastlayerdecr1_size_07.opb.xz,6
OPT-LIN/normalized-PB24/nordstrom/CoreGuidedPB/injcomp/injcomp_opt_3layers_maxfirst_lastlayerdecr1/normalized-injcomp_opt_3layers_maxfirst_lastlayerdecr1_size_08.opb.xz,7
OPT-LIN/normalized-PB24/nordstrom/CoreGuidedPB/injcomp/injcomp_opt_3layers_maxfirst_lastlayerdecr1/normalized-injcomp_opt_3layers_maxfirst_lastlayerdecr1_size_09.opb.xz,7
OPT-LIN/normalized-PB24/nordstrom/CoreGuidedPB/injcomp/injcomp_opt_3layers_maxfirst_lastlayerdecr1/normalized-injcomp_opt_3layers_maxfirst_lastlayerdecr1_size_10.opb.xz,7
OPT-LIN/normalized-PB24/nordstrom/CoreGuidedPB/injcomp/injcomp_opt_3layers_maxfirst_lastlayerdecr1/normalized-injcomp_opt_3layers_maxfirst_lastlayerdecr1_size_11.opb.xz,7
OPT-LIN/normalized-PB24/nordstrom/CoreGuidedPB/injcomp/injcomp_opt_3layers_maxfirst_lastlayerdecr1/normalized-injcomp_opt_3layers_maxfirst_lastlayerdecr1_size_12.opb.xz,8
OPT-LIN/normalized-PB24/nordstrom/CoreGuidedPB/injcomp/injcomp_opt_3layers_maxfirst_lastlayerdecr1/normalized-injcomp_opt_3layers_maxfirst_lastlayerdecr1_size_13.opb.xz,8
OPT-LIN/normalized-PB24/nordstrom/CoreGuidedPB/injcomp/injcomp_opt_3layers_maxfirst_lastlayerdecr1/normalized-injcomp_opt_3layers_maxfirst_lastlayerdecr1_size_14.opb.xz,8
OPT-LIN/normalized-PB24/nordstrom/CoreGuidedPB/injcomp/injcomp_opt_3layers_maxfirst_lastlayerdecr1/normalized-injcomp_opt_3layers_maxfirst_lastlayerdecr1_size_15.opb.xz,8
OPT-LIN/normalized-PB24/nordstrom/CoreGuidedPB/injcomp/injcomp_opt_3layers_maxfirst_lastlayerdecr1/normalized-injcomp_opt_3layers_maxfirst_lastlayerdecr1_size_16.opb.xz,9
OPT-LIN/normalized-PB24/nordstrom/CoreGuidedPB/injcomp/injcomp_opt_3layers_maxfirst_lastlayerdecr1/normalized-injcomp_opt_3layers_maxfirst_lastlayerdecr1_size_17.opb.xz,9
OPT-LIN/normalized-PB24/nordstrom/CoreGuidedPB/injcomp/injcomp_opt_3layers_maxfirst_lastlayerdecr1/normalized-injcomp_opt_3layers_maxfirst_lastlayerdecr1_size_18.opb.xz,9
OPT-LIN/normalized-PB24/nordstrom/CoreGuidedPB/injcomp/injcomp_opt_3layers_maxfirst_lastlayerdecr1/normalized-injcomp_opt_3layers_maxfirst_lastlayerdecr1_size_19.opb.xz,9
OPT-LIN/normalized-PB24/nordstrom/CoreGuidedPB/injcomp/injcomp_opt_3layers_maxfirst_lastlayerdecr1/normalized-injcomp_opt_3layers_maxfirst_lastlayerdecr1_size_20.opb.xz,9
OPT-LIN/normalized-PB24/nordstrom/CoreGuidedPB/injcomp/injcomp_opt_3layers_maxfirst_lastlayerdecr1/normalized-injcomp_opt_3layers_maxfirst_lastlayerdecr1_size_21.opb.xz,9
OPT-LIN/normalized-PB24/nordstrom/CoreGuidedPB/injcomp/injcomp_opt_3layers_maxfirst_lastlayerdecr1/normalized-injcomp_opt_3layers_maxfirst_lastlayerdecr1_size_22.opb.xz,9
OPT-LIN/normalized-PB24/nordstrom/CoreGuidedPB/injcomp/injcomp_opt_3layers_maxfirst_lastlayerdecr1/normalized-injcomp_opt_3layers_maxfirst_lastlayerdecr1_size_23.opb.xz,10
OPT-LIN/normalized-PB24/nordstrom/CoreGuidedPB/injcomp/injcomp_opt_3layers_maxfirst_lastlayerdecr1/normalized-injcomp_opt_3layers_maxfirst_lastlayerdecr1_size_24.opb.xz,10
OPT-LIN/normalized-PB24/nordstrom/CoreGuidedPB/injcomp/injcomp_opt_3layers_maxfirst_lastlayerdecr1/normalized-injcomp_opt_3layers_maxfirst_lastlayerdecr1_size_25.opb.xz,10
OPT-LIN/normalized-PB24/nordstrom/CoreGuidedPB/injcomp/injcomp_opt_3layers_maxfirst_lastlayerdecr1/normalized-injcomp_opt_3layers_maxfirst_lastlayerdecr1_size_26.opb.xz,10
OPT-LIN/normalized-PB24/nordstrom/CoreGuidedPB/injcomp/injcomp_opt_3layers_maxfirst_lastlayerdecr1/normalized-injcomp_opt_3layers_maxfirst_lastlayerdecr1_size_27.opb.xz,10
OPT-LIN/normalized-PB24/nordstrom/CoreGuidedPB/injcomp/injcomp_opt_3layers_maxfirst_lastlayerdecr1/normalized-injcomp_opt_3layers_maxfirst_lastlayerdecr1_size_28.opb.xz,10
OPT-LIN/normalized-PB24/nordstrom/CoreGuidedPB/injcomp/injcomp_opt_3layers_maxfirst_lastlayerdecr1/normalized-injcomp_opt_3layers_maxfirst_lastlayerdecr1_size_29.opb.xz,10
OPT-LIN/normalized-PB24/nordstrom/CoreGuidedPB/injcomp/injcomp_opt_3layers_maxfirst_lastlayerdecr1/normalized-injcomp_opt_3layers_maxfirst_lastlayerdecr1_size_30.opb.xz,10
OPT-LIN/normalized-PB24/nordstrom/CoreGuidedPB/injcomp/injcomp_opt_3layers_maxfirst_lastlayerdecr1/normalized-injcomp_opt_3layers_maxfirst_lastlayerdecr1_size_31.opb.xz,10
OPT-LIN/normalized-PB24/nordstrom/CoreGuidedPB/injcomp/injcomp_opt_3layers_maxfirst_lastlayerdecr1/normalized-injcomp_opt_3layers_maxfirst_lastlayerdecr1_size_32.opb.xz,11
OPT-LIN/normalized-PB24/nordstrom/CoreGuidedPB/injcomp/injcomp_opt_3layers_maxfirst_lastlayerdecr1/normalized-injcomp_opt_3layers_maxfirst_lastlayerdecr1_size_33.opb.xz,11
OPT-LIN/normalized-PB24/nordstrom/CoreGuidedPB/injcomp/injcomp_opt_3layers_maxfirst_lastlayerdecr1/normalized-injcomp_opt_3layers_maxfirst_lastlayerdecr1_size_34.opb.xz,11
OPT-LIN/normalized-PB24/nordstrom/CoreGuidedPB/injcomp/injcomp_opt_3layers_maxfirst_lastlayerdecr1/normalized-injcomp_opt_3layers_maxfirst_lastlayerdecr1_size_35.opb.xz,11
OPT-LIN/normalized-PB24/nordstrom/CoreGuidedPB/injcomp/injcomp_opt_3layers_maxfirst_lastlayerdecr1/normalized-injcomp_opt_3layers_maxfirst_lastlayerdecr1_size_40.opb.xz,11
OPT-LIN/normalized-PB24/nordstrom/CoreGuidedPB/injcomp/injcomp_opt_3layers_maxfirst_lastlayerdecr1/normalized-injcomp_opt_3layers_maxfirst_lastlayerdecr1_size_45.opb.xz,11
OPT-LIN/normalized-PB24/nordstrom/CoreGuidedPB/injcomp/injcomp_opt_3layers_maxfirst_lastlayerdecr1/normalized-injcomp_opt_3layers_maxfirst_lastlayerdecr1_size_50.opb.xz,12
OPT-LIN/normalized-PB24/nordstrom/CoreGuidedPB/injcomp/injcomp_opt_3layers_maxfirst_lastlayerdecr1/normalized-injcomp_opt_3layers_maxfirst_lastlayerdecr1_size_55.opb.xz,12
OPT-LIN/normalized-PB24/nordstrom/CoreGuidedPB/injcomp/injcomp_opt_3layers_maxfirst_lastlayerdecr1/normalized-injcomp_opt_3layers_maxfirst_lastlayerdecr1_size_60.opb.xz,12
OPT-LIN/normalized-PB24/nordstrom/CoreGuidedPB/injcomp/injcomp_opt_3layers_maxfirst_lastlayerdecr1/normalized-injcomp_opt_3layers_maxfirst_lastlayerdecr1_size_65.opb.xz,13
OPT-LIN/normalized-PB24/nordstrom/CoreGuidedPB/injcomp/injcomp_opt_3layers_maxfirst_lastlayerdecr1/normalized-injcomp_opt_3layers_maxfirst_lastlayerdecr1_size_70.opb.xz,13
OPT-LIN/normalized-PB24/nordstrom/CoreGuidedPB/injcomp/injcomp_opt_3layers_maxfirst_lastlayerdecr1/normalized-injcomp_opt_3layers_maxfirst_lastlayerdecr1_size_75.opb.xz,13
OPT-LIN/normalized-PB24/nordstrom/CoreGuidedPB/injcomp/injcomp_opt_3layers_maxfirst_lastlayerdecr1/normalized-injcomp_opt_3layers_maxfirst_lastlayerdecr1_size_80.opb.xz,13
OPT-LIN/normalized-PB24/nordstrom/CoreGuidedPB/injcomp/injcomp_opt_3layers_maxfirst_lastlayerdecr1/normalized-injcomp_opt_3layers_maxfirst_lastlayerdecr1_size_85.opb.xz,13
OPT-LIN/normalized-PB24/nordstrom/CoreGuidedPB/injcomp/injcomp_opt_3layers_maxfirst_lastlayerdecr1/normalized-injcomp_opt_3layers_maxfirst_lastlayerdecr1_size_90.opb.xz,13
OPT-LIN/normalized-PB24/nordstrom/CoreGuidedPB/injcomp/injcomp_opt_3layers_maxfirst_lastlayerdecr1/normalized-injcomp_opt_3layers_maxfirst_lastlayerdecr1_size_95.opb.xz,14
OPT-LIN/normalized-PB24/nordstrom/CoreGuidedPB/injcomp/injcomp_opt_3layers_maxfirst_lastlayerdiv2/normalized-injcomp_opt_3layers_maxfirst_lastlayerdiv2_size_04.opb.xz,5
OPT-LIN/normalized-PB24/nordstrom/CoreGuidedPB/injcomp/injcomp_opt_3layers_maxfirst_lastlayerdiv2/normalized-injcomp_opt_3layers_maxfirst_lastlayerdiv2_size_05.opb.xz,5
OPT-LIN/normalized-PB24/nordstrom/CoreGuidedPB/injcomp/injcomp_opt_3layers_maxfirst_lastlayerdiv2/normalized-injcomp_opt_3layers_maxfirst_lastlayerdiv2_size_06.opb.xz,6
OPT-LIN/normalized-PB24/nordstrom/CoreGuidedPB/injcomp/injcomp_opt_3layers_maxfirst_lastlayerdiv2/normalized-injcomp_opt_3layers_maxfirst_lastlayerdiv2_size_07.opb.xz,6
OPT-LIN/normalized-PB24/nordstrom/CoreGuidedPB/injcomp/injcomp_opt_3layers_maxfirst_lastlayerdiv2/normalized-injcomp_opt_3layers_maxfirst_lastlayerdiv2_size_08.opb.xz,7
OPT-LIN/normalized-PB24/nordstrom/CoreGuidedPB/injcomp/injcomp_opt_3layers_maxfirst_lastlayerdiv2/normalized-injcomp_opt_3layers_maxfirst_lastlayerdiv2_size_09.opb.xz,7
OPT-LIN/normalized-PB24/nordstrom/CoreGuidedPB/injcomp/injcomp_opt_3layers_maxfirst_lastlayerdiv2/normalized-injcomp_opt_3layers_maxfirst_lastlayerdiv2_size_10.opb.xz,7
OPT-LIN/normalized-PB24/nordstrom/CoreGuidedPB/injcomp/injcomp_opt_3layers_maxfirst_lastlayerdiv2/normalized-injcomp_opt_3layers_maxfirst_lastlayerdiv2_size_11.opb.xz,7
OPT-LIN/normalized-PB24/nordstrom/CoreGuidedPB/injcomp/injcomp_opt_3layers_maxfirst_lastlayerdiv2/normalized-injcomp_opt_3layers_maxfirst_lastlayerdiv2_size_12.opb.xz,8
OPT-LIN/normalized-PB24/nordstrom/CoreGuidedPB/injcomp/injcomp_opt_3layers_maxfirst_lastlayerdiv2/normalized-injcomp_opt_3layers_maxfirst_lastlayerdiv2_size_13.opb.xz,8
OPT-LIN/normalized-PB24/nordstrom/CoreGuidedPB/injcomp/injcomp_opt_3layers_maxfirst_lastlayerdiv2/normalized-injcomp_opt_3layers_maxfirst_lastlayerdiv2_size_14.opb.xz,8
OPT-LIN/normalized-PB24/nordstrom/CoreGuidedPB/injcomp/injcomp_opt_3layers_maxfirst_lastlayerdiv2/normalized-injcomp_opt_3layers_maxfirst_lastlayerdiv2_size_15.opb.xz,8
OPT-LIN/normalized-PB24/nordstrom/CoreGuidedPB/injcomp/injcomp_opt_3layers_maxfirst_lastlayerdiv2/normalized-injcomp_opt_3layers_maxfirst_lastlayerdiv2_size_16.opb.xz,9
OPT-LIN/normalized-PB24/nordstrom/CoreGuidedPB/injcomp/injcomp_opt_3layers_maxfirst_lastlayerdiv2/normalized-injcomp_opt_3layers_maxfirst_lastlayerdiv2_size_17.opb.xz,9
OPT-LIN/normalized-PB24/nordstrom/CoreGuidedPB/injcomp/injcomp_opt_3layers_maxfirst_lastlayerdiv2/normalized-injcomp_opt_3layers_maxfirst_lastlayerdiv2_size_18.opb.xz,9
OPT-LIN/normalized-PB24/nordstrom/CoreGuidedPB/injcomp/injcomp_opt_3layers_maxfirst_lastlayerdiv2/normalized-injcomp_opt_3layers_maxfirst_lastlayerdiv2_size_19.opb.xz,9
OPT-LIN/normalized-PB24/nordstrom/CoreGuidedPB/injcomp/injcomp_opt_3layers_maxfirst_lastlayerdiv2/normalized-injcomp_opt_3layers_maxfirst_lastlayerdiv2_size_20.opb.xz,9
OPT-LIN/normalized-PB24/nordstrom/CoreGuidedPB/injcomp/injcomp_opt_3layers_maxfirst_lastlayerdiv2/normalized-injcomp_opt_3layers_maxfirst_lastlayerdiv2_size_21.opb.xz,9
OPT-LIN/normalized-PB24/nordstrom/CoreGuidedPB/injcomp/injcomp_opt_3layers_maxfirst_lastlayerdiv2/normalized-injcomp_opt_3layers_maxfirst_lastlayerdiv2_size_22.opb.xz,9
OPT-LIN/normalized-PB24/nordstrom/CoreGuidedPB/injcomp/injcomp_opt_3layers_maxfirst_lastlayerdiv2/normalized-injcomp_opt_3layers_maxfirst_lastlayerdiv2_size_23.opb.xz,10
OPT-LIN/normalized-PB24/nordstrom/CoreGuidedPB/injcomp/injcomp_opt_3layers_maxfirst_lastlayerdiv2/normalized-injcomp_opt_3layers_maxfirst_lastlayerdiv2_size_24.opb.xz,10
OPT-LIN/normalized-PB24/nordstrom/CoreGuidedPB/injcomp/injcomp_opt_3layers_maxfirst_lastlayerdiv2/normalized-injcomp_opt_3layers_maxfirst_lastlayerdiv2_size_25.opb.xz,10
OPT-LIN/normalized-PB24/nordstrom/CoreGuidedPB/injcomp/injcomp_opt_3layers_maxfirst_lastlayerdiv2/normalized-injcomp_opt_3layers_maxfirst_lastlayerdiv2_size_26.opb.xz,10
OPT-LIN/normalized-PB24/nordstrom/CoreGuidedPB/injcomp/injcomp_opt_3layers_maxfirst_lastlayerdiv2/normalized-injcomp_opt_3layers_maxfirst_lastlayerdiv2_size_27.opb.xz,10
OPT-LIN/normalized-PB24/nordstrom/CoreGuidedPB/injcomp/injcomp_opt_3layers_maxfirst_lastlayerdiv2/normalized-injcomp_opt_3layers_maxfirst_lastlayerdiv2_size_28.opb.xz,10
OPT-LIN/normalized-PB24/nordstrom/CoreGuidedPB/injcomp/injcomp_opt_3layers_maxfirst_lastlayerdiv2/normalized-injcomp_opt_3layers_maxfirst_lastlayerdiv2_size_29.opb.xz,10
OPT-LIN/normalized-PB24/nordstrom/CoreGuidedPB/injcomp/injcomp_opt_3layers_maxfirst_lastlayerdiv2/normalized-injcomp_opt_3layers_maxfirst_lastlayerdiv2_size_30.opb.xz,10
OPT-LIN/normalized-PB24/nordstrom/CoreGuidedPB/injcomp/injcomp_opt_3layers_maxfirst_lastlayerdiv2/normalized-injcomp_opt_3layers_maxfirst_lastlayerdiv2_size_31.opb.xz,10
OPT-LIN/normalized-PB24/nordstrom/CoreGuidedPB/injcomp/injcomp_opt_3layers_maxfirst_lastlayerdiv2/normalized-injcomp_opt_3layers_maxfirst_lastlayerdiv2_size_32.opb.xz,11
OPT-LIN/normalized-PB24/nordstrom/CoreGuidedPB/injcomp/injcomp_opt_3layers_maxfirst_lastlayerdiv2/normalized-injcomp_opt_3layers_maxfirst_lastlayerdiv2_size_33.opb.xz,11
OPT-LIN/normalized-PB24/nordstrom/CoreGuidedPB/injcomp/injcomp_opt_3layers_maxfirst_lastlayerdiv2/normalized-injcomp_opt_3layers_maxfirst_lastlayerdiv2_size_34.opb.xz,11
OPT-LIN/normalized-PB24/nordstrom/CoreGuidedPB/injcomp/injcomp_opt_3layers_maxfirst_lastlayerdiv2/normalized-injcomp_opt_3layers_maxfirst_lastlayerdiv2_size_35.opb.xz,11
OPT-LIN/normalized-PB24/nordstrom/CoreGuidedPB/injcomp/injcomp_opt_3layers_maxfirst_lastlayerdiv2/normalized-injcomp_opt_3layers_maxfirst_lastlayerdiv2_size_40.opb.xz,11
OPT-LIN/normalized-PB24/nordstrom/CoreGuidedPB/injcomp/injcomp_opt_3layers_maxfirst_lastlayerdiv2/normalized-injcomp_opt_3layers_maxfirst_lastlayerdiv2_size_45.opb.xz,11
OPT-LIN/normalized-PB24/nordstrom/CoreGuidedPB/injcomp/injcomp_opt_3layers_maxfirst_lastlayerdiv2/normalized-injcomp_opt_3layers_maxfirst_lastlayerdiv2_size_50.opb.xz,12
OPT-LIN/normalized-PB24/nordstrom/CoreGuidedPB/injcomp/injcomp_opt_3layers_maxfirst_lastlayerdiv2/normalized-injcomp_opt_3layers_maxfirst_lastlayerdiv2_size_55.opb.xz,12
OPT-LIN/normalized-PB24/nordstrom/CoreGuidedPB/injcomp/injcomp_opt_3layers_maxfirst_lastlayerdiv2/normalized-injcomp_opt_3layers_maxfirst_lastlayerdiv2_size_60.opb.xz,12
OPT-LIN/normalized-PB24/nordstrom/CoreGuidedPB/injcomp/injcomp_opt_3layers_maxfirst_lastlayerdiv2/normalized-injcomp_opt_3layers_maxfirst_lastlayerdiv2_size_65.opb.xz,13
OPT-LIN/normalized-PB24/nordstrom/CoreGuidedPB/injcomp/injcomp_opt_3layers_maxfirst_lastlayerdiv2/normalized-injcomp_opt_3layers_maxfirst_lastlayerdiv2_size_70.opb.xz,13
OPT-LIN/normalized-PB24/nordstrom/CoreGuidedPB/injcomp/injcomp_opt_3layers_maxfirst_lastlayerdiv2/normalized-injcomp_opt_3layers_maxfirst_lastlayerdiv2_size_75.opb.xz,13
OPT-LIN/normalized-PB24/nordstrom/CoreGuidedPB/injcomp/injcomp_opt_3layers_maxfirst_lastlayerdiv2/normalized-injcomp_opt_3layers_maxfirst_lastlayerdiv2_size_80.opb.xz,13
OPT-LIN/normalized-PB24/nordstrom/CoreGuidedPB/injcomp/injcomp_opt_3layers_maxfirst_lastlayerdiv2/normalized-injcomp_opt_3layers_maxfirst_lastlayerdiv2_size_85.opb.xz,13
OPT-LIN/normalized-PB24/nordstrom/CoreGuidedPB/injcomp/injcomp_opt_3layers_maxfirst_lastlayerdiv2/normalized-injcomp_opt_3layers_maxfirst_lastlayerdiv2_size_90.opb.xz,13
OPT-LIN/normalized-PB24/nordstrom/CoreGuidedPB/injcomp/injcomp_opt_3layers_maxfirst_lastlayerdiv2/normalized-injcomp_opt_3layers_maxfirst_lastlayerdiv2_size_95.opb.xz,14
OPT-LIN/normalized-PB24/nordstrom/CoreGuidedPB/injcomp/injcomp_opt_4layers_maxall_lastlayerdecr1/normalized-injcomp_opt_4layers_maxall_lastlayerdecr1_size_04.opb.xz,6
OPT-LIN/normalized-PB24/nordstrom/CoreGuidedPB/injcomp/injcomp_opt_4layers_maxall_lastlayerdecr1/normalized-injcomp_opt_4layers_maxall_lastlayerdecr1_size_05.opb.xz,7
OPT-LIN/normalized-PB24/nordstrom/CoreGuidedPB/injcomp/injcomp_opt_4layers_maxall_lastlayerdecr1/normalized-injcomp_opt_4layers_maxall_lastlayerdecr1_size_06.opb.xz,7
OPT-LIN/normalized-PB24/nordstrom/CoreGuidedPB/injcomp/injcomp_opt_4layers_maxall_lastlayerdecr1/normalized-injcomp_opt_4layers_maxall_lastlayerdecr1_size_07.opb.xz,8
OPT-LIN/normalized-PB24/nordstrom/CoreGuidedPB/injcomp/injcomp_opt_4layers_maxall_lastlayerdecr1/normalized-injcomp_opt_4layers_maxall_lastlayerdecr1_size_08.opb.xz,8
OPT-LIN/normalized-PB24/nordstrom/CoreGuidedPB/injcomp/injcomp_opt_4layers_maxall_lastlayerdecr1/normalized-injcomp_opt_4layers_maxall_lastlayerdecr1_size_09.opb.xz,8
OPT-LIN/normalized-PB24/nordstrom/CoreGuidedPB/injcomp/injcomp_opt_4layers_maxall_lastlayerdecr1/normalized-injcomp_opt_4layers_maxall_lastlayerdecr1_size_10.opb.xz,9
OPT-LIN/normalized-PB24/nordstrom/CoreGuidedPB/injcomp/injcomp_opt_4layers_maxall_lastlayerdecr1/normalized-injcomp_opt_4layers_maxall_lastlayerdecr1_size_11.opb.xz,9
OPT-LIN/normalized-PB24/nordstrom/CoreGuidedPB/injcomp/injcomp_opt_4layers_maxall_lastlayerdecr1/normalized-injcomp_opt_4layers_maxall_lastlayerdecr1_size_12.opb.xz,9
OPT-LIN/normalized-PB24/nordstrom/CoreGuidedPB/injcomp/injcomp_opt_4layers_maxall_lastlayerdecr1/normalized-injcomp_opt_4layers_maxall_lastlayerdecr1_size_13.opb.xz,9
OPT-LIN/normalized-PB24/nordstrom/CoreGuidedPB/injcomp/injcomp_opt_4layers_maxall_lastlayerdecr1/normalized-injcomp_opt_4layers_maxall_lastlayerdecr1_size_14.opb.xz,10
OPT-LIN/normalized-PB24/nordstrom/CoreGuidedPB/injcomp/injcomp_opt_4layers_maxall_lastlayerdecr1/normalized-injcomp_opt_4layers_maxall_lastlayerdecr1_size_15.opb.xz,10
OPT-LIN/normalized-PB24/nordstrom/CoreGuidedPB/injcomp/injcomp_opt_4layers_maxall_lastlayerdecr1/normalized-injcomp_opt_4layers_maxall_lastlayerdecr1_size_16.opb.xz,10
OPT-LIN/normalized-PB24/nordstrom/CoreGuidedPB/injcomp/injcomp_opt_4layers_maxall_lastlayerdecr1/normalized-injcomp_opt_4layers_maxall_lastlayerdecr1_size_17.opb.xz,10
OPT-LIN/normalized-PB24/nordstrom/CoreGuidedPB/injcomp/injcomp_opt_4layers_maxall_lastlayerdecr1/normalized-injcomp_opt_4layers_maxall_lastlayerdecr1_size_18.opb.xz,10
OPT-LIN/normalized-PB24/nordstrom/CoreGuidedPB/injcomp/injcomp_opt_4layers_maxall_lastlayerdecr1/normalized-injcomp_opt_4layers_maxall_lastlayerdecr1_size_19.opb.xz,11
OPT-LIN/normalized-PB24/nordstrom/CoreGuidedPB/injcomp/injcomp_opt_4layers_maxall_lastlayerdecr1/normalized-injcomp_opt_4layers_maxall_lastlayerdecr1_size_20.opb.xz,11
OPT-LIN/normalized-PB24/nordstrom/CoreGuidedPB/injcomp/injcomp_opt_4layers_maxall_lastlayerdecr1/normalized-injcomp_opt_4layers_maxall_lastlayerdecr1_size_21.opb.xz,11
OPT-LIN/normalized-PB24/nordstrom/CoreGuidedPB/injcomp/injcomp_opt_4layers_maxall_lastlayerdecr1/normalized-injcomp_opt_4layers_maxall_lastlayerdecr1_size_22.opb.xz,11
OPT-LIN/normalized-PB24/nordstrom/CoreGuidedPB/injcomp/injcomp_opt_4layers_maxall_lastlayerdecr1/normalized-injcomp_opt_4layers_maxall_lastlayerdecr1_size_23.opb.xz,11
OPT-LIN/normalized-PB24/nordstrom/CoreGuidedPB/injcomp/injcomp_opt_4layers_maxall_lastlayerdecr1/normalized-injcomp_opt_4layers_maxall_lastlayerdecr1_size_24.opb.xz,11
OPT-LIN/normalized-PB24/nordstrom/CoreGuidedPB/injcomp/injcomp_opt_4layers_maxall_lastlayerdecr1/normalized-injcomp_opt_4layers_maxall_lastlayerdecr1_size_25.opb.xz,11
OPT-LIN/normalized-PB24/nordstrom/CoreGuidedPB/injcomp/injcomp_opt_4layers_maxall_lastlayerdecr1/normalized-injcomp_opt_4layers_maxall_lastlayerdecr1_size_26.opb.xz,11
OPT-LIN/normalized-PB24/nordstrom/CoreGuidedPB/injcomp/injcomp_opt_4layers_maxall_lastlayerdecr1/normalized-injcomp_opt_4layers_maxall_lastlayerdecr1_size_27.opb.xz,12
OPT-LIN/normalized-PB24/nordstrom/CoreGuidedPB/injcomp/injcomp_opt_4layers_maxall_lastlayerdecr1/normalized-injcomp_opt_4layers_maxall_lastlayerdecr1_size_28.opb.xz,12
OPT-LIN/normalized-PB24/nordstrom/CoreGuidedPB/injcomp/injcomp_opt_4layers_maxall_lastlayerdecr1/normalized-injcomp_opt_4layers_maxall_lastlayerdecr1_size_29.opb.xz,12
OPT-LIN/normalized-PB24/nordstrom/CoreGuidedPB/injcomp/injcomp_opt_4layers_maxall_lastlayerdecr1/normalized-injcomp_opt_4layers_maxall_lastlayerdecr1_size_30.opb.xz,12
OPT-LIN/normalized-PB24/nordstrom/CoreGuidedPB/injcomp/injcomp_opt_4layers_maxall_lastlayerdecr1/normalized-injcomp_opt_4layers_maxall_lastlayerdecr1_size_31.opb.xz,12
OPT-LIN/normalized-PB24/nordstrom/CoreGuidedPB/injcomp/injcomp_opt_4layers_maxall_lastlayerdecr1/normalized-injcomp_opt_4layers_maxall_lastlayerdecr1_size_32.opb.xz,12
OPT-LIN/normalized-PB24/nordstrom/CoreGuidedPB/injcomp/injcomp_opt_4layers_maxall_lastlayerdecr1/normalized-injcomp_opt_4layers_maxall_lastlayerdecr1_size_33.opb.xz,12
OPT-LIN/normalized-PB24/nordstrom/CoreGuidedPB/injcomp/injcomp_opt_4layers_maxall_lastlayerdecr1/normalized-injcomp_opt_4layers_maxall_lastlayerdecr1_size_34.opb.xz,12
OPT-LIN/normalized-PB24/nordstrom/CoreGuidedPB/injcomp/injcomp_opt_4layers_maxall_lastlayerdecr1/normalized-injcomp_opt_4layers_maxall_lastlayerdecr1_size_35.opb.xz,12
OPT-LIN/normalized-PB24/nordstrom/CoreGuidedPB/injcomp/injcomp_opt_4layers_maxall_lastlayerdecr1/normalized-injcomp_opt_4layers_maxall_lastlayerdecr1_size_40.opb.xz,13
OPT-LIN/normalized-PB24/nordstrom/CoreGuidedPB/injcomp/injcomp_opt_4layers_maxall_lastlayerdecr1/normalized-injcomp_opt_4layers_maxall_lastlayerdecr1_size_45.opb.xz,13
OPT-LIN/normalized-PB24/nordstrom/CoreGuidedPB/injcomp/injcomp_opt_4layers_maxall_lastlayerdecr1/normalized-injcomp_opt_4layers_maxall_lastlayerdecr1_size_50.opb.xz,13
OPT-LIN/normalized-PB24/nordstrom/CoreGuidedPB/injcomp/injcomp_opt_4layers_maxall_lastlayerdecr1/normalized-injcomp_opt_4layers_maxall_lastlayerdecr1_size_55.opb.xz,14
OPT-LIN/normalized-PB24/nordstrom/CoreGuidedPB/injcomp/injcomp_opt_4layers_maxall_lastlayerdecr1/normalized-injcomp_opt_4layers_maxall_lastlayerdecr1_size_60.opb.xz,14
OPT-LIN/normalized-PB24/nordstrom/CoreGuidedPB/injcomp/injcomp_opt_4layers_maxall_lastlayerdecr1/normalized-injcomp_opt_4layers_maxall_lastlayerdecr1_size_65.opb.xz,14
OPT-LIN/normalized-PB24/nordstrom/CoreGuidedPB/injcomp/injcomp_opt_4layers_maxall_lastlayerdecr1/normalized-injcomp_opt_4layers_maxall_lastlayerdecr1_size_70.opb.xz,14
OPT-LIN/normalized-PB24/nordstrom/CoreGuidedPB/injcomp/injcomp_opt_4layers_maxall_lastlayerdiv2/normalized-injcomp_opt_4layers_maxall_lastlayerdiv2_size_04.opb.xz,6
OPT-LIN/normalized-PB24/nordstrom/CoreGuidedPB/injcomp/injcomp_opt_4layers_maxall_lastlayerdiv2/normalized-injcomp_opt_4layers_maxall_lastlayerdiv2_size_05.opb.xz,6
OPT-LIN/normalized-PB24/nordstrom/CoreGuidedPB/injcomp/injcomp_opt_4layers_maxall_lastlayerdiv2/normalized-injcomp_opt_4layers_maxall_lastlayerdiv2_size_06.opb.xz,7
OPT-LIN/normalized-PB24/nordstrom/CoreGuidedPB/injcomp/injcomp_opt_4layers_maxall_lastlayerdiv2/normalized-injcomp_opt_4layers_maxall_lastlayerdiv2_size_07.opb.xz,7
OPT-LIN/normalized-PB24/nordstrom/CoreGuidedPB/injcomp/injcomp_opt_4layers_maxall_lastlayerdiv2/normalized-injcomp_opt_4layers_maxall_lastlayerdiv2_size_08.opb.xz,8
OPT-LIN/normalized-PB24/nordstrom/CoreGuidedPB/injcomp/injcomp_opt_4layers_maxall_lastlayerdiv2/normalized-injcomp_opt_4layers_maxall_lastlayerdiv2_size_09.opb.xz,8
OPT-LIN/normalized-PB24/nordstrom/CoreGuidedPB/injcomp/injcomp_opt_4layers_maxall_lastlayerdiv2/normalized-injcomp_opt_4layers_maxall_lastlayerdiv2_size_10.opb.xz,8
OPT-LIN/normalized-PB24/nordstrom/CoreGuidedPB/injcomp/injcomp_opt_4layers_maxall_lastlayerdiv2/normalized-injcomp_opt_4layers_maxall_lastlayerdiv2_size_11.opb.xz,9
OPT-LIN/normalized-PB24/nordstrom/CoreGuidedPB/injcomp/injcomp_opt_4layers_maxall_lastlayerdiv2/normalized-injcomp_opt_4layers_maxall_lastlayerdiv2_size_12.opb.xz,9
OPT-LIN/normalized-PB24/nordstrom/CoreGuidedPB/injcomp/injcomp_opt_4layers_maxall_lastlayerdiv2/normalized-injcomp_opt_4layers_maxall_lastlayerdiv2_size_13.opb.xz,9
OPT-LIN/normalized-PB24/nordstrom/CoreGuidedPB/injcomp/injcomp_opt_4layers_maxall_lastlayerdiv2/normalized-injcomp_opt_4layers_maxall_lastlayerdiv2_size_14.opb.xz,9
OPT-LIN/normalized-PB24/nordstrom/CoreGuidedPB/injcomp/injcomp_opt_4layers_maxall_lastlayerdiv2/normalized-injcomp_opt_4layers_maxall_lastlayerdiv2_size_15.opb.xz,10
OPT-LIN/normalized-PB24/nordstrom/CoreGuidedPB/injcomp/injcomp_opt_4layers_maxall_lastlayerdiv2/normalized-injcomp_opt_4layers_maxall_lastlayerdiv2_size_16.opb.xz,10
OPT-LIN/normalized-PB24/nordstrom/CoreGuidedPB/injcomp/injcomp_opt_4layers_maxall_lastlayerdiv2/normalized-injcomp_opt_4layers_maxall_lastlayerdiv2_size_17.opb.xz,10
OPT-LIN/normalized-PB24/nordstrom/CoreGuidedPB/injcomp/injcomp_opt_4layers_maxall_lastlayerdiv2/normalized-injcomp_opt_4layers_maxall_lastlayerdiv2_size_18.opb.xz,10
OPT-LIN/normalized-PB24/nordstrom/CoreGuidedPB/injcomp/injcomp_opt_4layers_maxall_lastlayerdiv2/normalized-injcomp_opt_4layers_maxall_lastlayerdiv2_size_19.opb.xz,10
OPT-LIN/normalized-PB24/nordstrom/CoreGuidedPB/injcomp/injcomp_opt_4layers_maxall_lastlayerdiv2/normalized-injcomp_opt_4layers_maxall_lastlayerdiv2_size_20.opb.xz,10
OPT-LIN/normalized-PB24/nordstrom/CoreGuidedPB/injcomp/injcomp_opt_4layers_maxall_lastlayerdiv2/normalized-injcomp_opt_4layers_maxall_lastlayerdiv2_size_21.opb.xz,11
OPT-LIN/normalized-PB24/nordstrom/CoreGuidedPB/injcomp/injcomp_opt_4layers_maxall_lastlayerdiv2/normalized-injcomp_opt_4layers_maxall_lastlayerdiv2_size_22.opb.xz,11
OPT-LIN/normalized-PB24/nordstrom/CoreGuidedPB/injcomp/injcomp_opt_4layers_maxall_lastlayerdiv2/normalized-injcomp_opt_4layers_maxall_lastlayerdiv2_size_23.opb.xz,11
OPT-LIN/normalized-PB24/nordstrom/CoreGuidedPB/injcomp/injcomp_opt_4layers_maxall_lastlayerdiv2/normalized-injcomp_opt_4layers_maxall_lastlayerdiv2_size_24.opb.xz,11
OPT-LIN/normalized-PB24/nordstrom/CoreGuidedPB/injcomp/injcomp_opt_4layers_maxall_lastlayerdiv2/normalized-injcomp_opt_4layers_maxall_lastlayerdiv2_size_25.opb.xz,11
OPT-LIN/normalized-PB24/nordstrom/CoreGuidedPB/injcomp/injcomp_opt_4layers_maxall_lastlayerdiv2/normalized-injcomp_opt_4layers_maxall_lastlayerdiv2_size_26.opb.xz,11
OPT-LIN/normalized-PB24/nordstrom/CoreGuidedPB/injcomp/injcomp_opt_4layers_maxall_lastlayerdiv2/normalized-injcomp_opt_4layers_maxall_lastlayerdiv2_size_27.opb.xz,11
OPT-LIN/normalized-PB24/nordstrom/CoreGuidedPB/injcomp/injcomp_opt_4layers_maxall_lastlayerdiv2/normalized-injcomp_opt_4layers_maxall_lastlayerdiv2_size_28.opb.xz,11
OPT-LIN/normalized-PB24/nordstrom/CoreGuidedPB/injcomp/injcomp_opt_4layers_maxall_lastlayerdiv2/normalized-injcomp_opt_4layers_maxall_lastlayerdiv2_size_29.opb.xz,12
OPT-LIN/normalized-PB24/nordstrom/CoreGuidedPB/injcomp/injcomp_opt_4layers_maxall_lastlayerdiv2/normalized-injcomp_opt_4layers_maxall_lastlayerdiv2_size_30.opb.xz,12
OPT-LIN/normalized-PB24/nordstrom/CoreGuidedPB/injcomp/injcomp_opt_4layers_maxall_lastlayerdiv2/normalized-injcomp_opt_4layers_maxall_lastlayerdiv2_size_31.opb.xz,12
OPT-LIN/normalized-PB24/nordstrom/CoreGuidedPB/injcomp/injcomp_opt_4layers_maxall_lastlayerdiv2/normalized-injcomp_opt_4layers_maxall_lastlayerdiv2_size_32.opb.xz,12
OPT-LIN/normalized-PB24/nordstrom/CoreGuidedPB/injcomp/injcomp_opt_4layers_maxall_lastlayerdiv2/normalized-injcomp_opt_4layers_maxall_lastlayerdiv2_size_33.opb.xz,12
OPT-LIN/normalized-PB24/nordstrom/CoreGuidedPB/injcomp/injcomp_opt_4layers_maxall_lastlayerdiv2/normalized-injcomp_opt_4layers_maxall_lastlayerdiv2_size_34.opb.xz,12
OPT-LIN/normalized-PB24/nordstrom/CoreGuidedPB/injcomp/injcomp_opt_4layers_maxall_lastlayerdiv2/normalized-injcomp_opt_4layers_maxall_lastlayerdiv2_size_35.opb.xz,12
OPT-LIN/normalized-PB24/nordstrom/CoreGuidedPB/injcomp/injcomp_opt_4layers_maxall_lastlayerdiv2/normalized-injcomp_opt_4layers_maxall_lastlayerdiv2_size_40.opb.xz,12
OPT-LIN/normalized-PB24/nordstrom/CoreGuidedPB/injcomp/injcomp_opt_4layers_maxall_lastlayerdiv2/normalized-injcomp_opt_4layers_maxall_lastlayerdiv2_size_45.opb.xz,13
OPT-LIN/normalized-PB24/nordstrom/CoreGuidedPB/injcomp/injcomp_opt_4layers_maxall_lastlayerdiv2/normalized-injcomp_opt_4layers_maxall_lastlayerdiv2_size_50.opb.xz,13
OPT-LIN/normalized-PB24/nordstrom/CoreGuidedPB/injcomp/injcomp_opt_4layers_maxall_lastlayerdiv2/normalized-injcomp_opt_4layers_maxall_lastlayerdiv2_size_55.opb.xz,13
OPT-LIN/normalized-PB24/nordstrom/CoreGuidedPB/injcomp/injcomp_opt_4layers_maxall_lastlayerdiv2/normalized-injcomp_opt_4layers_maxall_lastlayerdiv2_size_60.opb.xz,14
OPT-LIN/normalized-PB24/nordstrom/CoreGuidedPB/injcomp/injcomp_opt_4layers_maxall_lastlayerdiv2/normalized-injcomp_opt_4layers_maxall_lastlayerdiv2_size_65.opb.xz,14
OPT-LIN/normalized-PB24/nordstrom/CoreGuidedPB/injcomp/injcomp_opt_4layers_maxall_lastlayerdiv2/normalized-injcomp_opt_4layers_maxall_lastlayerdiv2_size_70.opb.xz,14
OPT-LIN/normalized-PB24/nordstrom/CoreGuidedPB/injcomp/injcomp_opt_4layers_maxfirst_lastlayerdecr1/normalized-injcomp_opt_4layers_maxfirst_lastlayerdecr1_size_04.opb.xz,5
OPT-LIN/normalized-PB24/nordstrom/CoreGuidedPB/injcomp/injcomp_opt_4layers_maxfirst_lastlayerdecr1/normalized-injcomp_opt_4layers_maxfirst_lastlayerdecr1_size_05.opb.xz,5
OPT-LIN/normalized-PB24/nordstrom/CoreGuidedPB/injcomp/injcomp_opt_4layers_maxfirst_lastlayerdecr1/normalized-injcomp_opt_4layers_maxfirst_lastlayerdecr1_size_06.opb.xz,6
OPT-LIN/normalized-PB24/nordstrom/CoreGuidedPB/injcomp/injcomp_opt_4layers_maxfirst_lastlayerdecr1/normalized-injcomp_opt_4layers_maxfirst_lastlayerdecr1_size_07.opb.xz,6
OPT-LIN/normalized-PB24/nordstrom/CoreGuidedPB/injcomp/injcomp_opt_4layers_maxfirst_lastlayerdecr1/normalized-injcomp_opt_4layers_maxfirst_lastlayerdecr1_size_08.opb.xz,7
OPT-LIN/normalized-PB24/nordstrom/CoreGuidedPB/injcomp/injcomp_opt_4layers_maxfirst_lastlayerdecr1/normalized-injcomp_opt_4layers_maxfirst_lastlayerdecr1_size_09.opb.xz,7
OPT-LIN/normalized-PB24/nordstrom/CoreGuidedPB/injcomp/injcomp_opt_4layers_maxfirst_lastlayerdecr1/normalized-injcomp_opt_4layers_maxfirst_lastlayerdecr1_size_10.opb.xz,7
OPT-LIN/normalized-PB24/nordstrom/CoreGuidedPB/injcomp/injcomp_opt_4layers_maxfirst_lastlayerdecr1/normalized-injcomp_opt_4layers_maxfirst_lastlayerdecr1_size_11.opb.xz,7
OPT-LIN/normalized-PB24/nordstrom/CoreGuidedPB/injcomp/injcomp_opt_4layers_maxfirst_lastlayerdecr1/normalized-injcomp_opt_4layers_maxfirst_lastlayerdecr1_size_12.opb.xz,8
OPT-LIN/normalized-PB24/nordstrom/CoreGuidedPB/injcomp/injcomp_opt_4layers_maxfirst_lastlayerdecr1/normalized-injcomp_opt_4layers_maxfirst_lastlayerdecr1_size_13.opb.xz,8
OPT-LIN/normalized-PB24/nordstrom/CoreGuidedPB/injcomp/injcomp_opt_4layers_maxfirst_lastlayerdecr1/normalized-injcomp_opt_4layers_maxfirst_lastlayerdecr1_size_14.opb.xz,8
OPT-LIN/normalized-PB24/nordstrom/CoreGuidedPB/injcomp/injcomp_opt_4layers_maxfirst_lastlayerdecr1/normalized-injcomp_opt_4layers_maxfirst_lastlayerdecr1_size_15.opb.xz,8
OPT-LIN/normalized-PB24/nordstrom/CoreGuidedPB/injcomp/injcomp_opt_4layers_maxfirst_lastlayerdecr1/normalized-injcomp_opt_4layers_maxfirst_lastlayerdecr1_size_16.opb.xz,9
OPT-LIN/normalized-PB24/nordstrom/CoreGuidedPB/injcomp/injcomp_opt_4layers_maxfirst_lastlayerdecr1/normalized-injcomp_opt_4layers_maxfirst_lastlayerdecr1_size_17.opb.xz,9
OPT-LIN/normalized-PB24/nordstrom/CoreGuidedPB/injcomp/injcomp_opt_4layers_maxfirst_lastlayerdecr1/normalized-injcomp_opt_4layers_maxfirst_lastlayerdecr1_size_18.opb.xz,9
OPT-LIN/normalized-PB24/nordstrom/CoreGuidedPB/injcomp/injcomp_opt_4layers_maxfirst_lastlayerdecr1/normalized-injcomp_opt_4layers_maxfirst_lastlayerdecr1_size_19.opb.xz,9
OPT-LIN/normalized-PB24/nordstrom/CoreGuidedPB/injcomp/injcomp_opt_4layers_maxfirst_lastlayerdecr1/normalized-injcomp_opt_4layers_maxfirst_lastlayerdecr1_size_20.opb.xz,9
OPT-LIN/normalized-PB24/nordstrom/CoreGuidedPB/injcomp/injcomp_opt_4layers_maxfirst_lastlayerdecr1/normalized-injcomp_opt_4layers_maxfirst_lastlayerdecr1_size_21.opb.xz,9
OPT-LIN/normalized-PB24/nordstrom/CoreGuidedPB/injcomp/injcomp_opt_4layers_maxfirst_lastlayerdecr1/normalized-injcomp_opt_4layers_maxfirst_lastlayerdecr1_size_22.opb.xz,9
OPT-LIN/normalized-PB24/nordstrom/CoreGuidedPB/injcomp/injcomp_opt_4layers_maxfirst_lastlayerdecr1/normalized-injcomp_opt_4layers_maxfirst_lastlayerdecr1_size_23.opb.xz,10
OPT-LIN/normalized-PB24/nordstrom/CoreGuidedPB/injcomp/injcomp_opt_4layers_maxfirst_lastlayerdecr1/normalized-injcomp_opt_4layers_maxfirst_lastlayerdecr1_size_24.opb.xz,10
OPT-LIN/normalized-PB24/nordstrom/CoreGuidedPB/injcomp/injcomp_opt_4layers_maxfirst_lastlayerdecr1/normalized-injcomp_opt_4layers_maxfirst_lastlayerdecr1_size_25.opb.xz,10
OPT-LIN/normalized-PB24/nordstrom/CoreGuidedPB/injcomp/injcomp_opt_4layers_maxfirst_lastlayerdecr1/normalized-injcomp_opt_4layers_maxfirst_lastlayerdecr1_size_26.opb.xz,10
OPT-LIN/normalized-PB24/nordstrom/CoreGuidedPB/injcomp/injcomp_opt_4layers_maxfirst_lastlayerdecr1/normalized-injcomp_opt_4layers_maxfirst_lastlayerdecr1_size_27.opb.xz,10
OPT-LIN/normalized-PB24/nordstrom/CoreGuidedPB/injcomp/injcomp_opt_4layers_maxfirst_lastlayerdecr1/normalized-injcomp_opt_4layers_maxfirst_lastlayerdecr1_size_28.opb.xz,10
OPT-LIN/normalized-PB24/nordstrom/CoreGuidedPB/injcomp/injcomp_opt_4layers_maxfirst_lastlayerdecr1/normalized-injcomp_opt_4layers_maxfirst_lastlayerdecr1_size_29.opb.xz,10
OPT-LIN/normalized-PB24/nordstrom/CoreGuidedPB/injcomp/injcomp_opt_4layers_maxfirst_lastlayerdecr1/normalized-injcomp_opt_4layers_maxfirst_lastlayerdecr1_size_30.opb.xz,10
OPT-LIN/normalized-PB24/nordstrom/CoreGuidedPB/injcomp/injcomp_opt_4layers_maxfirst_lastlayerdecr1/normalized-injcomp_opt_4layers_maxfirst_lastlayerdecr1_size_31.opb.xz,10
OPT-LIN/normalized-PB24/nordstrom/CoreGuidedPB/injcomp/injcomp_opt_4layers_maxfirst_lastlayerdecr1/normalized-injcomp_opt_4layers_maxfirst_lastlayerdecr1_size_32.opb.xz,11
OPT-LIN/normalized-PB24/nordstrom/CoreGuidedPB/injcomp/injcomp_opt_4layers_maxfirst_lastlayerdecr1/normalized-injcomp_opt_4layers_maxfirst_lastlayerdecr1_size_33.opb.xz,11
OPT-LIN/normalized-PB24/nordstrom/CoreGuidedPB/injcomp/injcomp_opt_4layers_maxfirst_lastlayerdecr1/normalized-injcomp_opt_4layers_maxfirst_lastlayerdecr1_size_34.opb.xz,11
OPT-LIN/normalized-PB24/nordstrom/CoreGuidedPB/injcomp/injcomp_opt_4layers_maxfirst_lastlayerdecr1/normalized-injcomp_opt_4layers_maxfirst_lastlayerdecr1_size_35.opb.xz,11
OPT-LIN/normalized-PB24/nordstrom/CoreGuidedPB/injcomp/injcomp_opt_4layers_maxfirst_lastlayerdecr1/normalized-injcomp_opt_4layers_maxfirst_lastlayerdecr1_size_40.opb.xz,11
OPT-LIN/normalized-PB24/nordstrom/CoreGuidedPB/injcomp/injcomp_opt_4layers_maxfirst_lastlayerdecr1/normalized-injcomp_opt_4layers_maxfirst_lastlayerdecr1_size_45.opb.xz,11
OPT-LIN/normalized-PB24/nordstrom/CoreGuidedPB/injcomp/injcomp_opt_4layers_maxfirst_lastlayerdecr1/normalized-injcomp_opt_4layers_maxfirst_lastlayerdecr1_size_50.opb.xz,12
OPT-LIN/normalized-PB24/nordstrom/CoreGuidedPB/injcomp/injcomp_opt_4layers_maxfirst_lastlayerdecr1/normalized-injcomp_opt_4layers_maxfirst_lastlayerdecr1_size_55.opb.xz,12
OPT-LIN/normalized-PB24/nordstrom/CoreGuidedPB/injcomp/injcomp_opt_4layers_maxfirst_lastlayerdecr1/normalized-injcomp_opt_4layers_maxfirst_lastlayerdecr1_size_60.opb.xz,12
OPT-LIN/normalized-PB24/nordstrom/CoreGuidedPB/injcomp/injcomp_opt_4layers_maxfirst_lastlayerdecr1/normalized-injcomp_opt_4layers_maxfirst_lastlayerdecr1_size_65.opb.xz,13
OPT-LIN/normalized-PB24/nordstrom/CoreGuidedPB/injcomp/injcomp_opt_4layers_maxfirst_lastlayerdecr1/normalized-injcomp_opt_4layers_maxfirst_lastlayerdecr1_size_70.opb.xz,13
OPT-LIN/normalized-PB24/nordstrom/CoreGuidedPB/injcomp/injcomp_opt_4layers_maxfirst_lastlayerdiv2/normalized-injcomp_opt_4layers_maxfirst_lastlayerdiv2_size_04.opb.xz,5
OPT-LIN/normalized-PB24/nordstrom/CoreGuidedPB/injcomp/injcomp_opt_4layers_maxfirst_lastlayerdiv2/normalized-injcomp_opt_4layers_maxfirst_lastlayerdiv2_size_05.opb.xz,5
OPT-LIN/normalized-PB24/nordstrom/CoreGuidedPB/injcomp/injcomp_opt_4layers_maxfirst_lastlayerdiv2/normalized-injcomp_opt_4layers_maxfirst_lastlayerdiv2_size_06.opb.xz,6
OPT-LIN/normalized-PB24/nordstrom/CoreGuidedPB/injcomp/injcomp_opt_4layers_maxfirst_lastlayerdiv2/normalized-injcomp_opt_4layers_maxfirst_lastlayerdiv2_size_07.opb.xz,6
OPT-LIN/normalized-PB24/nordstrom/CoreGuidedPB/injcomp/injcomp_opt_4layers_maxfirst_lastlayerdiv2/normalized-injcomp_opt_4layers_maxfirst_lastlayerdiv2_size_08.opb.xz,7
OPT-LIN/normalized-PB24/nordstrom/CoreGuidedPB/injcomp/injcomp_opt_4layers_maxfirst_lastlayerdiv2/normalized-injcomp_opt_4layers_maxfirst_lastlayerdiv2_size_09.opb.xz,7
OPT-LIN/normalized-PB24/nordstrom/CoreGuidedPB/injcomp/injcomp_opt_4layers_maxfirst_lastlayerdiv2/normalized-injcomp_opt_4layers_maxfirst_lastlayerdiv2_size_10.opb.xz,7
OPT-LIN/normalized-PB24/nordstrom/CoreGuidedPB/injcomp/injcomp_opt_4layers_maxfirst_lastlayerdiv2/normalized-injcomp_opt_4layers_maxfirst_lastlayerdiv2_size_11.opb.xz,7
OPT-LIN/normalized-PB24/nordstrom/CoreGuidedPB/injcomp/injcomp_opt_4layers_maxfirst_lastlayerdiv2/normalized-injcomp_opt_4layers_maxfirst_lastlayerdiv2_size_12.opb.xz,8
OPT-LIN/normalized-PB24/nordstrom/CoreGuidedPB/injcomp/injcomp_opt_4layers_maxfirst_lastlayerdiv2/normalized-injcomp_opt_4layers_maxfirst_lastlayerdiv2_size_13.opb.xz,8
OPT-LIN/normalized-PB24/nordstrom/CoreGuidedPB/injcomp/injcomp_opt_4layers_maxfirst_lastlayerdiv2/normalized-injcomp_opt_4layers_maxfirst_lastlayerdiv2_size_14.opb.xz,8
OPT-LIN/normalized-PB24/nordstrom/CoreGuidedPB/injcomp/injcomp_opt_4layers_maxfirst_lastlayerdiv2/normalized-injcomp_opt_4layers_maxfirst_lastlayerdiv2_size_15.opb.xz,8
OPT-LIN/normalized-PB24/nordstrom/CoreGuidedPB/injcomp/injcomp_opt_4layers_maxfirst_lastlayerdiv2/normalized-injcomp_opt_4layers_maxfirst_lastlayerdiv2_size_16.opb.xz,9
OPT-LIN/normalized-PB24/nordstrom/CoreGuidedPB/injcomp/injcomp_opt_4layers_maxfirst_lastlayerdiv2/normalized-injcomp_opt_4layers_maxfirst_lastlayerdiv2_size_17.opb.xz,9
OPT-LIN/normalized-PB24/nordstrom/CoreGuidedPB/injcomp/injcomp_opt_4layers_maxfirst_lastlayerdiv2/normalized-injcomp_opt_4layers_maxfirst_lastlayerdiv2_size_18.opb.xz,9
OPT-LIN/normalized-PB24/nordstrom/CoreGuidedPB/injcomp/injcomp_opt_4layers_maxfirst_lastlayerdiv2/normalized-injcomp_opt_4layers_maxfirst_lastlayerdiv2_size_19.opb.xz,9
OPT-LIN/normalized-PB24/nordstrom/CoreGuidedPB/injcomp/injcomp_opt_4layers_maxfirst_lastlayerdiv2/normalized-injcomp_opt_4layers_maxfirst_lastlayerdiv2_size_20.opb.xz,9
OPT-LIN/normalized-PB24/nordstrom/CoreGuidedPB/injcomp/injcomp_opt_4layers_maxfirst_lastlayerdiv2/normalized-injcomp_opt_4layers_maxfirst_lastlayerdiv2_size_21.opb.xz,9
OPT-LIN/normalized-PB24/nordstrom/CoreGuidedPB/injcomp/injcomp_opt_4layers_maxfirst_lastlayerdiv2/normalized-injcomp_opt_4layers_maxfirst_lastlayerdiv2_size_22.opb.xz,9
OPT-LIN/normalized-PB24/nordstrom/CoreGuidedPB/injcomp/injcomp_opt_4layers_maxfirst_lastlayerdiv2/normalized-injcomp_opt_4layers_maxfirst_lastlayerdiv2_size_23.opb.xz,10
OPT-LIN/normalized-PB24/nordstrom/CoreGuidedPB/injcomp/injcomp_opt_4layers_maxfirst_lastlayerdiv2/normalized-injcomp_opt_4layers_maxfirst_lastlayerdiv2_size_24.opb.xz,10
OPT-LIN/normalized-PB24/nordstrom/CoreGuidedPB/injcomp/injcomp_opt_4layers_maxfirst_lastlayerdiv2/normalized-injcomp_opt_4layers_maxfirst_lastlayerdiv2_size_25.opb.xz,10
OPT-LIN/normalized-PB24/nordstrom/CoreGuidedPB/injcomp/injcomp_opt_4layers_maxfirst_lastlayerdiv2/normalized-injcomp_opt_4layers_maxfirst_lastlayerdiv2_size_26.opb.xz,10
OPT-LIN/normalized-PB24/nordstrom/CoreGuidedPB/injcomp/injcomp_opt_4layers_maxfirst_lastlayerdiv2/normalized-injcomp_opt_4layers_maxfirst_lastlayerdiv2_size_27.opb.xz,10
OPT-LIN/normalized-PB24/nordstrom/CoreGuidedPB/injcomp/injcomp_opt_4layers_maxfirst_lastlayerdiv2/normalized-injcomp_opt_4layers_maxfirst_lastlayerdiv2_size_28.opb.xz,10
OPT-LIN/normalized-PB24/nordstrom/CoreGuidedPB/injcomp/injcomp_opt_4layers_maxfirst_lastlayerdiv2/normalized-injcomp_opt_4layers_maxfirst_lastlayerdiv2_size_29.opb.xz,10
OPT-LIN/normalized-PB24/nordstrom/CoreGuidedPB/injcomp/injcomp_opt_4layers_maxfirst_lastlayerdiv2/normalized-injcomp_opt_4layers_maxfirst_lastlayerdiv2_size_30.opb.xz,10
OPT-LIN/normalized-PB24/nordstrom/CoreGuidedPB/injcomp/injcomp_opt_4layers_maxfirst_lastlayerdiv2/normalized-injcomp_opt_4layers_maxfirst_lastlayerdiv2_size_31.opb.xz,10
OPT-LIN/normalized-PB24/nordstrom/CoreGuidedPB/injcomp/injcomp_opt_4layers_maxfirst_lastlayerdiv2/normalized-injcomp_opt_4layers_maxfirst_lastlayerdiv2_size_32.opb.xz,11
OPT-LIN/normalized-PB24/nordstrom/CoreGuidedPB/injcomp/injcomp_opt_4layers_maxfirst_lastlayerdiv2/normalized-injcomp_opt_4layers_maxfirst_lastlayerdiv2_size_33.opb.xz,11
OPT-LIN/normalized-PB24/nordstrom/CoreGuidedPB/injcomp/injcomp_opt_4layers_maxfirst_lastlayerdiv2/normalized-injcomp_opt_4layers_maxfirst_lastlayerdiv2_size_34.opb.xz,11
OPT-LIN/normalized-PB24/nordstrom/CoreGuidedPB/injcomp/injcomp_opt_4layers_maxfirst_lastlayerdiv2/normalized-injcomp_opt_4layers_maxfirst_lastlayerdiv2_size_35.opb.xz,11
OPT-LIN/normalized-PB24/nordstrom/CoreGuidedPB/injcomp/injcomp_opt_4layers_maxfirst_lastlayerdiv2/normalized-injcomp_opt_4layers_maxfirst_lastlayerdiv2_size_40.opb.xz,11
OPT-LIN/normalized-PB24/nordstrom/CoreGuidedPB/injcomp/injcomp_opt_4layers_maxfirst_lastlayerdiv2/normalized-injcomp_opt_4layers_maxfirst_lastlayerdiv2_size_45.opb.xz,11
OPT-LIN/normalized-PB24/nordstrom/CoreGuidedPB/injcomp/injcomp_opt_4layers_maxfirst_lastlayerdiv2/normalized-injcomp_opt_4layers_maxfirst_lastlayerdiv2_size_50.opb.xz,12
OPT-LIN/normalized-PB24/nordstrom/CoreGuidedPB/injcomp/injcomp_opt_4layers_maxfirst_lastlayerdiv2/normalized-injcomp_opt_4layers_maxfirst_lastlayerdiv2_size_55.opb.xz,12
OPT-LIN/normalized-PB24/nordstrom/CoreGuidedPB/injcomp/injcomp_opt_4layers_maxfirst_lastlayerdiv2/normalized-injcomp_opt_4layers_maxfirst_lastlayerdiv2_size_60.opb.xz,12
OPT-LIN/normalized-PB24/nordstrom/CoreGuidedPB/injcomp/injcomp_opt_4layers_maxfirst_lastlayerdiv2/normalized-injcomp_opt_4layers_maxfirst_lastlayerdiv2_size_65.opb.xz,13
OPT-LIN/normalized-PB24/nordstrom/CoreGuidedPB/injcomp/injcomp_opt_4layers_maxfirst_lastlayerdiv2/normalized-injcomp_opt_4layers_maxfirst_lastlayerdiv2_size_70.opb.xz,13
OPT-LIN/normalized-PB24/nordstrom/CoreGuidedPB/linpeb/linearized_pebbling_opt_layeredfan_down/normalized-linearized_pebbling_opt_layeredfan_down_r10_c19_a4.opb.xz,11
OPT-LIN/normalized-PB24/nordstrom/CoreGuidedPB/linpeb/linearized_pebbling_opt_layeredfan_down/normalized-linearized_pebbling_opt_layeredfan_down_r10_c19_a5.opb.xz,11
OPT-LIN/normalized-PB24/nordstrom/CoreGuidedPB/linpeb/linearized_pebbling_opt_layeredfan_down/normalized-linearized_pebbling_opt_layeredfan_down_r10_c19_a6.opb.xz,12
OPT-LIN/normalized-PB24/nordstrom/CoreGuidedPB/linpeb/linearized_pebbling_opt_layeredfan_down/normalized-linearized_pebbling_opt_layeredfan_down_r10_c20_a4.opb.xz,11
OPT-LIN/normalized-PB24/nordstrom/CoreGuidedPB/linpeb/linearized_pebbling_opt_layeredfan_down/normalized-linearized_pebbling_opt_layeredfan_down_r10_c20_a5.opb.xz,11
OPT-LIN/normalized-PB24/nordstrom/CoreGuidedPB/linpeb/linearized_pebbling_opt_layeredfan_down/normalized-linearized_pebbling_opt_layeredfan_down_r10_c20_a6.opb.xz,12
OPT-LIN/normalized-PB24/nordstrom/CoreGuidedPB/linpeb/linearized_pebbling_opt_layeredfan_down/normalized-linearized_pebbling_opt_layeredfan_down_r11_c21_a4.opb.xz,11
OPT-LIN/normalized-PB24/nordstrom/CoreGuidedPB/linpeb/linearized_pebbling_opt_layeredfan_down/normalized-linearized_pebbling_opt_layeredfan_down_r11_c21_a5.opb.xz,12
OPT-LIN/normalized-PB24/nordstrom/CoreGuidedPB/linpeb/linearized_pebbling_opt_layeredfan_down/normalized-linearized_pebbling_opt_layeredfan_down_r11_c21_a6.opb.xz,12
OPT-LIN/normalized-PB24/nordstrom/CoreGuidedPB/linpeb/linearized_pebbling_opt_layeredfan_down/normalized-linearized_pebbling_opt_layeredfan_down_r11_c22_a4.opb.xz,11
OPT-LIN/normalized-PB24/nordstrom/CoreGuidedPB/linpeb/linearized_pebbling_opt_layeredfan_down/normalized-linearized_pebbling_opt_layeredfan_down_r11_c22_a5.opb.xz,12
OPT-LIN/normalized-PB24/nordstrom/CoreGuidedPB/linpeb/linearized_pebbling_opt_layeredfan_down/normalized-linearized_pebbling_opt_layeredfan_down_r11_c22_a6.opb.xz,12
OPT-LIN/normalized-PB24/nordstrom/CoreGuidedPB/linpeb/linearized_pebbling_opt_layeredfan_down/normalized-linearized_pebbling_opt_layeredfan_down_r12_c23_a4.opb.xz,12
OPT-LIN/normalized-PB24/nordstrom/CoreGuidedPB/linpeb/linearized_pebbling_opt_layeredfan_down/normalized-linearized_pebbling_opt_layeredfan_down_r12_c23_a5.opb.xz,12
OPT-LIN/normalized-PB24/nordstrom/CoreGuidedPB/linpeb/linearized_pebbling_opt_layeredfan_down/normalized-linearized_pebbling_opt_layeredfan_down_r12_c23_a6.opb.xz,12
OPT-LIN/normalized-PB24/nordstrom/CoreGuidedPB/linpeb/linearized_pebbling_opt_layeredfan_down/normalized-linearized_pebbling_opt_layeredfan_down_r12_c24_a4.opb.xz,12
OPT-LIN/normalized-PB24/nordstrom/CoreGuidedPB/linpeb/linearized_pebbling_opt_layeredfan_down/normalized-linearized_pebbling_opt_layeredfan_down_r12_c24_a5.opb.xz,12
OPT-LIN/normalized-PB24/nordstrom/CoreGuidedPB/linpeb/linearized_pebbling_opt_layeredfan_down/normalized-linearized_pebbling_opt_layeredfan_down_r12_c24_a6.opb.xz,12
OPT-LIN/normalized-PB24/nordstrom/CoreGuidedPB/linpeb/linearized_pebbling_opt_layeredfan_down/normalized-linearized_pebbling_opt_layeredfan_down_r13_c25_a4.opb.xz,12
OPT-LIN/normalized-PB24/nordstrom/CoreGuidedPB/linpeb/linearized_pebbling_opt_layeredfan_down/normalized-linearized_pebbling_opt_layeredfan_down_r13_c25_a5.opb.xz,12
OPT-LIN/normalized-PB24/nordstrom/CoreGuidedPB/linpeb/linearized_pebbling_opt_layeredfan_down/normalized-linearized_pebbling_opt_layeredfan_down_r13_c25_a6.opb.xz,12
OPT-LIN/normalized-PB24/nordstrom/CoreGuidedPB/linpeb/linearized_pebbling_opt_layeredfan_down/normalized-linearized_pebbling_opt_layeredfan_down_r13_c26_a4.opb.xz,12
OPT-LIN/normalized-PB24/nordstrom/CoreGuidedPB/linpeb/linearized_pebbling_opt_layeredfan_down/normalized-linearized_pebbling_opt_layeredfan_down_r13_c26_a5.opb.xz,12
OPT-LIN/normalized-PB24/nordstrom/CoreGuidedPB/linpeb/linearized_pebbling_opt_layeredfan_down/normalized-linearized_pebbling_opt_layeredfan_down_r13_c26_a6.opb.xz,12
OPT-LIN/normalized-PB24/nordstrom/CoreGuidedPB/linpeb/linearized_pebbling_opt_layeredfan_down/normalized-linearized_pebbling_opt_layeredfan_down_r14_c27_a4.opb.xz,12
OPT-LIN/normalized-PB24/nordstrom/CoreGuidedPB/linpeb/linearized_pebbling_opt_layeredfan_down/normalized-linearized_pebbling_opt_layeredfan_down_r14_c27_a5.opb.xz,12
OPT-LIN/normalized-PB24/nordstrom/CoreGuidedPB/linpeb/linearized_pebbling_opt_layeredfan_down/normalized-linearized_pebbling_opt_layeredfan_down_r14_c27_a6.opb.xz,13
OPT-LIN/normalized-PB24/nordstrom/CoreGuidedPB/linpeb/linearized_pebbling_opt_layeredfan_down/normalized-linearized_pebbling_opt_layeredfan_down_r14_c28_a4.opb.xz,12
OPT-LIN/normalized-PB24/nordstrom/CoreGuidedPB/linpeb/linearized_pebbling_opt_layeredfan_down/normalized-linearized_pebbling_opt_layeredfan_down_r14_c28_a5.opb.xz,12
OPT-LIN/normalized-PB24/nordstrom/CoreGuidedPB/linpeb/linearized_pebbling_opt_layeredfan_down/normalized-linearized_pebbling_opt_layeredfan_down_r14_c28_a6.opb.xz,13
OPT-LIN/normalized-PB24/nordstrom/CoreGuidedPB/linpeb/linearized_pebbling_opt_layeredfan_down/normalized-linearized_pebbling_opt_layeredfan_down_r15_c29_a4.opb.xz,12
OPT-LIN/normalized-PB24/nordstrom/CoreGuidedPB/linpeb/linearized_pebbling_opt_layeredfan_down/normalized-linearized_pebbling_opt_layeredfan_down_r15_c29_a5.opb.xz,13
OPT-LIN/normalized-PB24/nordstrom/CoreGuidedPB/linpeb/linearized_pebbling_opt_layeredfan_down/normalized-linearized_pebbling_opt_layeredfan_down_r15_c29_a6.opb.xz,13
OPT-LIN/normalized-PB24/nordstrom/CoreGuidedPB/linpeb/linearized_pebbling_opt_layeredfan_down/normalized-linearized_pebbling_opt_layeredfan_down_r15_c30_a4.opb.xz,12
OPT-LIN/normalized-PB24/nordstrom/CoreGuidedPB/linpeb/linearized_pebbling_opt_layeredfan_down/normalized-linearized_pebbling_opt_layeredfan_down_r15_c30_a5.opb.xz,13
OPT-LIN/normalized-PB24/nordstrom/CoreGuidedPB/linpeb/linearized_pebbling_opt_layeredfan_down/normalized-linearized_pebbling_opt_layeredfan_down_r15_c30_a6.opb.xz,13
OPT-LIN/normalized-PB24/nordstrom/CoreGuidedPB/linpeb/linearized_pebbling_opt_layeredfan_down/normalized-linearized_pebbling_opt_layeredfan_down_r16_c31_a4.opb.xz,12
OPT-LIN/normalized-PB24/nordstrom/CoreGuidedPB/linpeb/linearized_pebbling_opt_layeredfan_down/normalized-linearized_pebbling_opt_layeredfan_down_r16_c31_a5.opb.xz,13
OPT-LIN/normalized-PB24/nordstrom/CoreGuidedPB/linpeb/linearized_pebbling_opt_layeredfan_down/normalized-linearized_pebbling_opt_layeredfan_down_r16_c31_a6.opb.xz,13
OPT-LIN/normalized-PB24/nordstrom/CoreGuidedPB/linpeb/linearized_pebbling_opt_layeredfan_down/normalized-linearized_pebbling_opt_layeredfan_down_r16_c32_a4.opb.xz,12
OPT-LIN/normalized-PB24/nordstrom/CoreGuidedPB/linpeb/linearized_pebbling_opt_layeredfan_down/normalized-linearized_pebbling_opt_layeredfan_down_r16_c32_a5.opb.xz,13
OPT-LIN/normalized-PB24/nordstrom/CoreGuidedPB/linpeb/linearized_pebbling_opt_layeredfan_down/normalized-linearized_pebbling_opt_layeredfan_down_r16_c32_a6.opb.xz,13
OPT-LIN/normalized-PB24/nordstrom/CoreGuidedPB/linpeb/linearized_pebbling_opt_layeredfan_down/normalized-linearized_pebbling_opt_layeredfan_down_r17_c33_a4.opb.xz,13
OPT-LIN/normalized-PB24/nordstrom/CoreGuidedPB/linpeb/linearized_pebbling_opt_layeredfan_down/normalized-linearized_pebbling_opt_layeredfan_down_r17_c33_a5.opb.xz,13
OPT-LIN/normalized-PB24/nordstrom/CoreGuidedPB/linpeb/linearized_pebbling_opt_layeredfan_down/normalized-linearized_pebbling_opt_layeredfan_down_r17_c33_a6.opb.xz,13
OPT-LIN/normalized-PB24/nordstrom/CoreGuidedPB/linpeb/linearized_pebbling_opt_layeredfan_down/normalized-linearized_pebbling_opt_layeredfan_down_r17_c34_a4.opb.xz,13
OPT-LIN/normalized-PB24/nordstrom/CoreGuidedPB/linpeb/linearized_pebbling_opt_layeredfan_down/normalized-linearized_pebbling_opt_layeredfan_down_r17_c34_a5.opb.xz,13
OPT-LIN/normalized-PB24/nordstrom/CoreGuidedPB/linpeb/linearized_pebbling_opt_layeredfan_down/normalized-linearized_pebbling_opt_layeredfan_down_r17_c34_a6.opb.xz,13
OPT-LIN/normalized-PB24/nordstrom/CoreGuidedPB/linpeb/linearized_pebbling_opt_layeredfan_down/normalized-linearized_pebbling_opt_layeredfan_down_r18_c35_a4.opb.xz,13
OPT-LIN/normalized-PB24/nordstrom/CoreGuidedPB/linpeb/linearized_pebbling_opt_layeredfan_down/normalized-linearized_pebbling_opt_layeredfan_down_r18_c35_a5.opb.xz,13
OPT-LIN/normalized-PB24/nordstrom/CoreGuidedPB/linpeb/linearized_pebbling_opt_layeredfan_down/normalized-linearized_pebbling_opt_layeredfan_down_r18_c35_a6.opb.xz,13
OPT-LIN/normalized-PB24/nordstrom/CoreGuidedPB/linpeb/linearized_pebbling_opt_layeredfan_down/normalized-linearized_pebbling_opt_layeredfan_down_r18_c36_a4.opb.xz,13
OPT-LIN/normalized-PB24/nordstrom/CoreGuidedPB/linpeb/linearized_pebbling_opt_layeredfan_down/normalized-linearized_pebbling_opt_layeredfan_down_r18_c36_a5.opb.xz,13
OPT-LIN/normalized-PB24/nordstrom/CoreGuidedPB/linpeb/linearized_pebbling_opt_layeredfan_down/normalized-linearized_pebbling_opt_layeredfan_down_r18_c36_a6.opb.xz,13
OPT-LIN/normalized-PB24/nordstrom/CoreGuidedPB/linpeb/linearized_pebbling_opt_layeredfan_down/normalized-linearized_pebbling_opt_layeredfan_down_r19_c37_a4.opb.xz,13
OPT-LIN/normalized-PB24/nordstrom/CoreGuidedPB/linpeb/linearized_pebbling_opt_layeredfan_down/normalized-linearized_pebbling_opt_layeredfan_down_r19_c37_a5.opb.xz,13
OPT-LIN/normalized-PB24/nordstrom/CoreGuidedPB/linpeb/linearized_pebbling_opt_layeredfan_down/normalized-linearized_pebbling_opt_layeredfan_down_r19_c37_a6.opb.xz,14
OPT-LIN/normalized-PB24/nordstrom/CoreGuidedPB/linpeb/linearized_pebbling_opt_layeredfan_down/normalized-linearized_pebbling_opt_layeredfan_down_r19_c38_a4.opb.xz,13
OPT-LIN/normalized-PB24/nordstrom/CoreGuidedPB/linpeb/linearized_pebbling_opt_layeredfan_down/normalized-linearized_pebbling_opt_layeredfan_down_r19_c38_a5.opb.xz,13
OPT-LIN/normalized-PB24/nordstrom/CoreGuidedPB/linpeb/linearized_pebbling_opt_layeredfan_down/normalized-linearized_pebbling_opt_layeredfan_down_r19_c38_a6.opb.xz,14
OPT-LIN/normalized-PB24/nordstrom/CoreGuidedPB/linpeb/linearized_pebbling_opt_layeredfan_down/normalized-linearized_pebbling_opt_layeredfan_down_r20_c39_a4.opb.xz,13
OPT-LIN/normalized-PB24/nordstrom/CoreGuidedPB/linpeb/linearized_pebbling_opt_layeredfan_down/normalized-linearized_pebbling_opt_layeredfan_down_r20_c39_a5.opb.xz,13
OPT-LIN/normalized-PB24/nordstrom/CoreGuidedPB/linpeb/linearized_pebbling_opt_layeredfan_down/normalized-linearized_pebbling_opt_layeredfan_down_r20_c39_a6.opb.xz,14
OPT-LIN/normalized-PB24/nordstrom/CoreGuidedPB/linpeb/linearized_pebbling_opt_layeredfan_down/normalized-linearized_pebbling_opt_layeredfan_down_r20_c40_a4.opb.xz,13
OPT-LIN/normalized-PB24/nordstrom/CoreGuidedPB/linpeb/linearized_pebbling_opt_layeredfan_down/normalized-linearized_pebbling_opt_layeredfan_down_r20_c40_a5.opb.xz,13
OPT-LIN/normalized-PB24/nordstrom/CoreGuidedPB/linpeb/linearized_pebbling_opt_layeredfan_down/normalized-linearized_pebbling_opt_layeredfan_down_r20_c40_a6.opb.xz,14
OPT-LIN/normalized-PB24/nordstrom/CoreGuidedPB/linpeb/linearized_pebbling_opt_layeredfan_down/normalized-linearized_pebbling_opt_layeredfan_down_r21_c41_a4.opb.xz,13
OPT-LIN/normalized-PB24/nordstrom/CoreGuidedPB/linpeb/linearized_pebbling_opt_layeredfan_down/normalized-linearized_pebbling_opt_layeredfan_down_r21_c41_a5.opb.xz,14
OPT-LIN/normalized-PB24/nordstrom/CoreGuidedPB/linpeb/linearized_pebbling_opt_layeredfan_down/normalized-linearized_pebbling_opt_layeredfan_down_r21_c41_a6.opb.xz,14
OPT-LIN/normalized-PB24/nordstrom/CoreGuidedPB/linpeb/linearized_pebbling_opt_layeredfan_down/normalized-linearized_pebbling_opt_layeredfan_down_r21_c42_a4.opb.xz,13
OPT-LIN/normalized-PB24/nordstrom/CoreGuidedPB/linpeb/linearized_pebbling_opt_layeredfan_down/normalized-linearized_pebbling_opt_layeredfan_down_r21_c42_a5.opb.xz,14
OPT-LIN/normalized-PB24/nordstrom/CoreGuidedPB/linpeb/linearized_pebbling_opt_layeredfan_down/normalized-linearized_pebbling_opt_layeredfan_down_r21_c42_a6.opb.xz,14
OPT-LIN/normalized-PB24/nordstrom/CoreGuidedPB/linpeb/linearized_pebbling_opt_layeredfan_down/normalized-linearized_pebbling_opt_layeredfan_down_r22_c43_a4.opb.xz,13
OPT-LIN/normalized-PB24/nordstrom/CoreGuidedPB/linpeb/linearized_pebbling_opt_layeredfan_down/normalized-linearized_pebbling_opt_layeredfan_down_r22_c43_a5.opb.xz,14
OPT-LIN/normalized-PB24/nordstrom/CoreGuidedPB/linpeb/linearized_pebbling_opt_layeredfan_down/normalized-linearized_pebbling_opt_layeredfan_down_r22_c43_a6.opb.xz,14
OPT-LIN/normalized-PB24/nordstrom/CoreGuidedPB/linpeb/linearized_pebbling_opt_layeredfan_down/normalized-linearized_pebbling_opt_layeredfan_down_r22_c44_a4.opb.xz,13
OPT-LIN/normalized-PB24/nordstrom/CoreGuidedPB/linpeb/linearized_pebbling_opt_layeredfan_down/normalized-linearized_pebbling_opt_layeredfan_down_r22_c44_a5.opb.xz,14
OPT-LIN/normalized-PB24/nordstrom/CoreGuidedPB/linpeb/linearized_pebbling_opt_layeredfan_down/normalized-linearized_pebbling_opt_layeredfan_down_r22_c44_a6.opb.xz,14
OPT-LIN/normalized-PB24/nordstrom/CoreGuidedPB/linpeb/linearized_pebbling_opt_layeredfan_down/normalized-linearized_pebbling_opt_layeredfan_down_r23_c45_a4.opb.xz,13
OPT-LIN/normalized-PB24/nordstrom/CoreGuidedPB/linpeb/linearized_pebbling_opt_layeredfan_down/normalized-linearized_pebbling_opt_layeredfan_down_r23_c45_a5.opb.xz,14
OPT-LIN/normalized-PB24/nordstrom/CoreGuidedPB/linpeb/linearized_pebbling_opt_layeredfan_down/normalized-linearized_pebbling_opt_layeredfan_down_r23_c45_a6.opb.xz,14
OPT-LIN/normalized-PB24/nordstrom/CoreGuidedPB/linpeb/linearized_pebbling_opt_layeredfan_down/normalized-linearized_pebbling_opt_layeredfan_down_r23_c46_a4.opb.xz,14
OPT-LIN/normalized-PB24/nordstrom/CoreGuidedPB/linpeb/linearized_pebbling_opt_layeredfan_down/normalized-linearized_pebbling_opt_layeredfan_down_r23_c46_a5.opb.xz,14
OPT-LIN/normalized-PB24/nordstrom/CoreGuidedPB/linpeb/linearized_pebbling_opt_layeredfan_down/normalized-linearized_pebbling_opt_layeredfan_down_r23_c46_a6.opb.xz,14
OPT-LIN/normalized-PB24/nordstrom/CoreGuidedPB/linpeb/linearized_pebbling_opt_layeredfan_down/normalized-linearized_pebbling_opt_layeredfan_down_r24_c47_a4.opb.xz,14
OPT-LIN/normalized-PB24/nordstrom/CoreGuidedPB/linpeb/linearized_pebbling_opt_layeredfan_down/normalized-linearized_pebbling_opt_layeredfan_down_r24_c47_a5.opb.xz,14
OPT-LIN/normalized-PB24/nordstrom/CoreGuidedPB/linpeb/linearized_pebbling_opt_layeredfan_down/normalized-linearized_pebbling_opt_layeredfan_down_r24_c47_a6.opb.xz,14
OPT-LIN/normalized-PB24/nordstrom/CoreGuidedPB/linpeb/linearized_pebbling_opt_layeredfan_down/normalized-linearized_pebbling_opt_layeredfan_down_r24_c48_a4.opb.xz,14
OPT-LIN/normalized-PB24/nordstrom/CoreGuidedPB/linpeb/linearized_pebbling_opt_layeredfan_down/normalized-linearized_pebbling_opt_layeredfan_down_r24_c48_a5.opb.xz,14
OPT-LIN/normalized-PB24/nordstrom/CoreGuidedPB/linpeb/linearized_pebbling_opt_layeredfan_down/normalized-linearized_pebbling_opt_layeredfan_down_r24_c48_a6.opb.xz,14
OPT-LIN/normalized-PB24/nordstrom/CoreGuidedPB/linpeb/linearized_pebbling_opt_layeredfan_down/normalized-linearized_pebbling_opt_layeredfan_down_r25_c49_a4.opb.xz,14
OPT-LIN/normalized-PB24/nordstrom/CoreGuidedPB/linpeb/linearized_pebbling_opt_layeredfan_down/normalized-linearized_pebbling_opt_layeredfan_down_r25_c49_a5.opb.xz,14
OPT-LIN/normalized-PB24/nordstrom/CoreGuidedPB/linpeb/linearized_pebbling_opt_layeredfan_down/normalized-linearized_pebbling_opt_layeredfan_down_r25_c49_a6.opb.xz,14
OPT-LIN/normalized-PB24/nordstrom/CoreGuidedPB/linpeb/linearized_pebbling_opt_layeredfan_down/normalized-linearized_pebbling_opt_layeredfan_down_r25_c50_a4.opb.xz,14
OPT-LIN/normalized-PB24/nordstrom/CoreGuidedPB/linpeb/linearized_pebbling_opt_layeredfan_down/normalized-linearized_pebbling_opt_layeredfan_down_r25_c50_a5.opb.xz,14
OPT-LIN/normalized-PB24/nordstrom/CoreGuidedPB/linpeb/linearized_pebbling_opt_layeredfan_down/normalized-linearized_pebbling_opt_layeredfan_down_r25_c50_a6.opb.xz,14
OPT-LIN/normalized-PB24/nordstrom/CoreGuidedPB/linpeb/linearized_pebbling_opt_layeredfan_down/normalized-linearized_pebbling_opt_layeredfan_down_r26_c51_a4.opb.xz,14
OPT-LIN/normalized-PB24/nordstrom/CoreGuidedPB/linpeb/linearized_pebbling_opt_layeredfan_down/normalized-linearized_pebbling_opt_layeredfan_down_r26_c51_a5.opb.xz,14
OPT-LIN/normalized-PB24/nordstrom/CoreGuidedPB/linpeb/linearized_pebbling_opt_layeredfan_down/normalized-linearized_pebbling_opt_layeredfan_down_r26_c51_a6.opb.xz,14
OPT-LIN/normalized-PB24/nordstrom/CoreGuidedPB/linpeb/linearized_pebbling_opt_layeredfan_down/normalized-linearized_pebbling_opt_layeredfan_down_r26_c52_a4.opb.xz,14
OPT-LIN/normalized-PB24/nordstrom/CoreGuidedPB/linpeb/linearized_pebbling_opt_layeredfan_down/normalized-linearized_pebbling_opt_layeredfan_down_r26_c52_a5.opb.xz,14
OPT-LIN/normalized-PB24/nordstrom/CoreGuidedPB/linpeb/linearized_pebbling_opt_layeredfan_down/normalized-linearized_pebbling_opt_layeredfan_down_r26_c52_a6.opb.xz,14
OPT-LIN/normalized-PB24/nordstrom/CoreGuidedPB/linpeb/linearized_pebbling_opt_layeredfan_down/normalized-linearized_pebbling_opt_layeredfan_down_r27_c53_a4.opb.xz,14
OPT-LIN/normalized-PB24/nordstrom/CoreGuidedPB/linpeb/linearized_pebbling_opt_layeredfan_down/normalized-linearized_pebbling_opt_layeredfan_down_r27_c53_a5.opb.xz,14
OPT-LIN/normalized-PB24/nordstrom/CoreGuidedPB/linpeb/linearized_pebbling_opt_layeredfan_down/normalized-linearized_pebbling_opt_layeredfan_down_r27_c53_a6.opb.xz,15
OPT-LIN/normalized-PB24/nordstrom/CoreGuidedPB/linpeb/linearized_pebbling_opt_layeredfan_down/normalized-linearized_pebbling_opt_layeredfan_down_r27_c54_a4.opb.xz,14
OPT-LIN/normalized-PB24/nordstrom/CoreGuidedPB/linpeb/linearized_pebbling_opt_layeredfan_down/normalized-linearized_pebbling_opt_layeredfan_down_r27_c54_a5.opb.xz,14
OPT-LIN/normalized-PB24/nordstrom/CoreGuidedPB/linpeb/linearized_pebbling_opt_layeredfan_down/normalized-linearized_pebbling_opt_layeredfan_down_r27_c54_a6.opb.xz,15
OPT-LIN/normalized-PB24/nordstrom/CoreGuidedPB/linpeb/linearized_pebbling_opt_layeredfan_down/normalized-linearized_pebbling_opt_layeredfan_down_r28_c55_a4.opb.xz,14
OPT-LIN/normalized-PB24/nordstrom/CoreGuidedPB/linpeb/linearized_pebbling_opt_layeredfan_down/normalized-linearized_pebbling_opt_layeredfan_down_r28_c55_a5.opb.xz,14
OPT-LIN/normalized-PB24/nordstrom/CoreGuidedPB/linpeb/linearized_pebbling_opt_layeredfan_down/normalized-linearized_pebbling_opt_layeredfan_down_r28_c55_a6.opb.xz,15
OPT-LIN/normalized-PB24/nordstrom/CoreGuidedPB/linpeb/linearized_pebbling_opt_layeredfan_down/normalized-linearized_pebbling_opt_layeredfan_down_r28_c56_a4.opb.xz,14
OPT-LIN/normalized-PB24/nordstrom/CoreGuidedPB/linpeb/linearized_pebbling_opt_layeredfan_down/normalized-linearized_pebbling_opt_layeredfan_down_r28_c56_a5.opb.xz,14
OPT-LIN/normalized-PB24/nordstrom/CoreGuidedPB/linpeb/linearized_pebbling_opt_layeredfan_down/normalized-linearized_pebbling_opt_layeredfan_down_r28_c56_a6.opb.xz,15
OPT-LIN/normalized-PB24/nordstrom/CoreGuidedPB/linpeb/linearized_pebbling_opt_layeredfan_down/normalized-linearized_pebbling_opt_layeredfan_down_r29_c57_a4.opb.xz,14
OPT-LIN/normalized-PB24/nordstrom/CoreGuidedPB/linpeb/linearized_pebbling_opt_layeredfan_down/normalized-linearized_pebbling_opt_layeredfan_down_r29_c57_a5.opb.xz,14
OPT-LIN/normalized-PB24/nordstrom/CoreGuidedPB/linpeb/linearized_pebbling_opt_layeredfan_down/normalized-linearized_pebbling_opt_layeredfan_down_r29_c57_a6.opb.xz,15
OPT-LIN/normalized-PB24/nordstrom/CoreGuidedPB/linpeb/linearized_pebbling_opt_layeredfan_down/normalized-linearized_pebbling_opt_layeredfan_down_r29_c58_a4.opb.xz,14
OPT-LIN/normalized-PB24/nordstrom/CoreGuidedPB/linpeb/linearized_pebbling_opt_layeredfan_down/normalized-linearized_pebbling_opt_layeredfan_down_r29_c58_a5.opb.xz,15
OPT-LIN/normalized-PB24/nordstrom/CoreGuidedPB/linpeb/linearized_pebbling_opt_layeredfan_down/normalized-linearized_pebbling_opt_layeredfan_down_r29_c58_a6.opb.xz,15
OPT-LIN/normalized-PB24/nordstrom/CoreGuidedPB/linpeb/linearized_pebbling_opt_layeredfan_down/normalized-linearized_pebbling_opt_layeredfan_down_r30_c59_a4.opb.xz,14
OPT-LIN/normalized-PB24/nordstrom/CoreGuidedPB/linpeb/linearized_pebbling_opt_layeredfan_down/normalized-linearized_pebbling_opt_layeredfan_down_r30_c59_a5.opb.xz,15
OPT-LIN/normalized-PB24/nordstrom/CoreGuidedPB/linpeb/linearized_pebbling_opt_layeredfan_down/normalized-linearized_pebbling_opt_layeredfan_down_r30_c59_a6.opb.xz,15
OPT-LIN/normalized-PB24/nordstrom/CoreGuidedPB/linpeb/linearized_pebbling_opt_layeredfan_down/normalized-linearized_pebbling_opt_layeredfan_down_r30_c60_a4.opb.xz,14
OPT-LIN/normalized-PB24/nordstrom/CoreGuidedPB/linpeb/linearized_pebbling_opt_layeredfan_down/normalized-linearized_pebbling_opt_layeredfan_down_r30_c60_a5.opb.xz,15
OPT-LIN/normalized-PB24/nordstrom/CoreGuidedPB/linpeb/linearized_pebbling_opt_layeredfan_down/normalized-linearized_pebbling_opt_layeredfan_down_r30_c60_a6.opb.xz,15
OPT-LIN/normalized-PB24/nordstrom/CoreGuidedPB/linpeb/linearized_pebbling_opt_layeredfan_down/normalized-linearized_pebbling_opt_layeredfan_down_r31_c61_a4.opb.xz,14
OPT-LIN/normalized-PB24/nordstrom/CoreGuidedPB/linpeb/linearized_pebbling_opt_layeredfan_down/normalized-linearized_pebbling_opt_layeredfan_down_r31_c61_a5.opb.xz,15
OPT-LIN/normalized-PB24/nordstrom/CoreGuidedPB/linpeb/linearized_pebbling_opt_layeredfan_down/normalized-linearized_pebbling_opt_layeredfan_down_r31_c61_a6.opb.xz,15
OPT-LIN/normalized-PB24/nordstrom/CoreGuidedPB/linpeb/linearized_pebbling_opt_layeredfan_down/normalized-linearized_pebbling_opt_layeredfan_down_r31_c62_a4.opb.xz,14
OPT-LIN/normalized-PB24/nordstrom/CoreGuidedPB/linpeb/linearized_pebbling_opt_layeredfan_down/normalized-linearized_pebbling_opt_layeredfan_down_r31_c62_a5.opb.xz,15
OPT-LIN/normalized-PB24/nordstrom/CoreGuidedPB/linpeb/linearized_pebbling_opt_layeredfan_down/normalized-linearized_pebbling_opt_layeredfan_down_r31_c62_a6.opb.xz,15
OPT-LIN/normalized-PB24/nordstrom/CoreGuidedPB/linpeb/linearized_pebbling_opt_layeredfan_down/normalized-linearized_pebbling_opt_layeredfan_down_r32_c63_a4.opb.xz,14
OPT-LIN/normalized-PB24/nordstrom/CoreGuidedPB/linpeb/linearized_pebbling_opt_layeredfan_down/normalized-linearized_pebbling_opt_layeredfan_down_r32_c63_a5.opb.xz,15
OPT-LIN/normalized-PB24/nordstrom/CoreGuidedPB/linpeb/linearized_pebbling_opt_layeredfan_down/normalized-linearized_pebbling_opt_layeredfan_down_r32_c63_a6.opb.xz,15
OPT-LIN/normalized-PB24/nordstrom/CoreGuidedPB/linpeb/linearized_pebbling_opt_layeredfan_down/normalized-linearized_pebbling_opt_layeredfan_down_r32_c64_a4.opb.xz,14
OPT-LIN/normalized-PB24/nordstrom/CoreGuidedPB/linpeb/linearized_pebbling_opt_layeredfan_down/normalized-linearized_pebbling_opt_layeredfan_down_r32_c64_a5.opb.xz,15
OPT-LIN/normalized-PB24/nordstrom/CoreGuidedPB/linpeb/linearized_pebbling_opt_layeredfan_down/normalized-linearized_pebbling_opt_layeredfan_down_r32_c64_a6.opb.xz,15
OPT-LIN/normalized-PB24/nordstrom/CoreGuidedPB/linpeb/linearized_pebbling_opt_layeredfan_down/normalized-linearized_pebbling_opt_layeredfan_down_r33_c65_a4.opb.xz,15
OPT-LIN/normalized-PB24/nordstrom/CoreGuidedPB/linpeb/linearized_pebbling_opt_layeredfan_down/normalized-linearized_pebbling_opt_layeredfan_down_r33_c65_a5.opb.xz,15
OPT-LIN/normalized-PB24/nordstrom/CoreGuidedPB/linpeb/linearized_pebbling_opt_layeredfan_down/normalized-linearized_pebbling_opt_layeredfan_down_r33_c65_a6.opb.xz,15
OPT-LIN/normalized-PB24/nordstrom/CoreGuidedPB/linpeb/linearized_pebbling_opt_layeredfan_down/normalized-linearized_pebbling_opt_layeredfan_down_r33_c66_a4.opb.xz,15
OPT-LIN/normalized-PB24/nordstrom/CoreGuidedPB/linpeb/linearized_pebbling_opt_layeredfan_down/normalized-linearized_pebbling_opt_layeredfan_down_r33_c66_a5.opb.xz,15
OPT-LIN/normalized-PB24/nordstrom/CoreGuidedPB/linpeb/linearized_pebbling_opt_layeredfan_down/normalized-linearized_pebbling_opt_layeredfan_down_r33_c66_a6.opb.xz,15
OPT-LIN/normalized-PB24/nordstrom/CoreGuidedPB/linpeb/linearized_pebbling_opt_layeredfan_down/normalized-linearized_pebbling_opt_layeredfan_down_r34_c67_a4.opb.xz,15
OPT-LIN/normalized-PB24/nordstrom/CoreGuidedPB/linpeb/linearized_pebbling_opt_layeredfan_down/normalized-linearized_pebbling_opt_layeredfan_down_r34_c67_a5.opb.xz,15
OPT-LIN/normalized-PB24/nordstrom/CoreGuidedPB/linpeb/linearized_pebbling_opt_layeredfan_down/normalized-linearized_pebbling_opt_layeredfan_down_r34_c67_a6.opb.xz,15
OPT-LIN/normalized-PB24/nordstrom/CoreGuidedPB/linpeb/linearized_pebbling_opt_layeredfan_down/normalized-linearized_pebbling_opt_layeredfan_down_r34_c68_a4.opb.xz,15
OPT-LIN/normalized-PB24/nordstrom/CoreGuidedPB/linpeb/linearized_pebbling_opt_layeredfan_down/normalized-linearized_pebbling_opt_layeredfan_down_r34_c68_a5.opb.xz,15
OPT-LIN/normalized-PB24/nordstrom/CoreGuidedPB/linpeb/linearized_pebbling_opt_layeredfan_down/normalized-linearized_pebbling_opt_layeredfan_down_r34_c68_a6.opb.xz,15
OPT-LIN/normalized-PB24/nordstrom/CoreGuidedPB/linpeb/linearized_pebbling_opt_layeredfan_down/normalized-linearized_pebbling_opt_layeredfan_down_r35_c69_a4.opb.xz,15
OPT-LIN/normalized-PB24/nordstrom/CoreGuidedPB/linpeb/linearized_pebbling_opt_layeredfan_down/normalized-linearized_pebbling_opt_layeredfan_down_r35_c69_a5.opb.xz,15
OPT-LIN/normalized-PB24/nordstrom/CoreGuidedPB/linpeb/linearized_pebbling_opt_layeredfan_down/normalized-linearized_pebbling_opt_layeredfan_down_r35_c69_a6.opb.xz,15
OPT-LIN/normalized-PB24/nordstrom/CoreGuidedPB/linpeb/linearized_pebbling_opt_layeredfan_down/normalized-linearized_pebbling_opt_layeredfan_down_r35_c70_a4.opb.xz,15
OPT-LIN/normalized-PB24/nordstrom/CoreGuidedPB/linpeb/linearized_pebbling_opt_layeredfan_down/normalized-linearized_pebbling_opt_layeredfan_down_r35_c70_a5.opb.xz,15
OPT-LIN/normalized-PB24/nordstrom/CoreGuidedPB/linpeb/linearized_pebbling_opt_layeredfan_down/normalized-linearized_pebbling_opt_layeredfan_down_r35_c70_a6.opb.xz,15
OPT-LIN/normalized-PB24/nordstrom/CoreGuidedPB/linpeb/linearized_pebbling_opt_layeredfan_down/normalized-linearized_pebbling_opt_layeredfan_down_r3_c5_a4.opb.xz,7
OPT-LIN/normalized-PB24/nordstrom/CoreGuidedPB/linpeb/linearized_pebbling_opt_layeredfan_down/normalized-linearized_pebbling_opt_layeredfan_down_r3_c5_a5.opb.xz,7
OPT-LIN/normalized-PB24/nordstrom/CoreGuidedPB/linpeb/linearized_pebbling_opt_layeredfan_down/normalized-linearized_pebbling_opt_layeredfan_down_r3_c5_a6.opb.xz,8
OPT-LIN/normalized-PB24/nordstrom/CoreGuidedPB/linpeb/linearized_pebbling_opt_layeredfan_down/normalized-linearized_pebbling_opt_layeredfan_down_r3_c6_a4.opb.xz,8
OPT-LIN/normalized-PB24/nordstrom/CoreGuidedPB/linpeb/linearized_pebbling_opt_layeredfan_down/normalized-linearized_pebbling_opt_layeredfan_down_r3_c6_a5.opb.xz,8
OPT-LIN/normalized-PB24/nordstrom/CoreGuidedPB/linpeb/linearized_pebbling_opt_layeredfan_down/normalized-linearized_pebbling_opt_layeredfan_down_r3_c6_a6.opb.xz,8
OPT-LIN/normalized-PB24/nordstrom/CoreGuidedPB/linpeb/linearized_pebbling_opt_layeredfan_down/normalized-linearized_pebbling_opt_layeredfan_down_r4_c7_a4.opb.xz,8
OPT-LIN/normalized-PB24/nordstrom/CoreGuidedPB/linpeb/linearized_pebbling_opt_layeredfan_down/normalized-linearized_pebbling_opt_layeredfan_down_r4_c7_a5.opb.xz,8
OPT-LIN/normalized-PB24/nordstrom/CoreGuidedPB/linpeb/linearized_pebbling_opt_layeredfan_down/normalized-linearized_pebbling_opt_layeredfan_down_r4_c7_a6.opb.xz,9
OPT-LIN/normalized-PB24/nordstrom/CoreGuidedPB/linpeb/linearized_pebbling_opt_layeredfan_down/normalized-linearized_pebbling_opt_layeredfan_down_r4_c8_a4.opb.xz,8
OPT-LIN/normalized-PB24/nordstrom/CoreGuidedPB/linpeb/linearized_pebbling_opt_layeredfan_down/normalized-linearized_pebbling_opt_layeredfan_down_r4_c8_a5.opb.xz,9
OPT-LIN/normalized-PB24/nordstrom/CoreGuidedPB/linpeb/linearized_pebbling_opt_layeredfan_down/normalized-linearized_pebbling_opt_layeredfan_down_r4_c8_a6.opb.xz,9
OPT-LIN/normalized-PB24/nordstrom/CoreGuidedPB/linpeb/linearized_pebbling_opt_layeredfan_down/normalized-linearized_pebbling_opt_layeredfan_down_r5_c10_a4.opb.xz,9
OPT-LIN/normalized-PB24/nordstrom/CoreGuidedPB/linpeb/linearized_pebbling_opt_layeredfan_down/normalized-linearized_pebbling_opt_layeredfan_down_r5_c10_a5.opb.xz,9
OPT-LIN/normalized-PB24/nordstrom/CoreGuidedPB/linpeb/linearized_pebbling_opt_layeredfan_down/normalized-linearized_pebbling_opt_layeredfan_down_r5_c10_a6.opb.xz,10
OPT-LIN/normalized-PB24/nordstrom/CoreGuidedPB/linpeb/linearized_pebbling_opt_layeredfan_down/normalized-linearized_pebbling_opt_layeredfan_down_r5_c9_a4.opb.xz,9
OPT-LIN/normalized-PB24/nordstrom/CoreGuidedPB/linpeb/linearized_pebbling_opt_layeredfan_down/normalized-linearized_pebbling_opt_layeredfan_down_r5_c9_a5.opb.xz,9
OPT-LIN/normalized-PB24/nordstrom/CoreGuidedPB/linpeb/linearized_pebbling_opt_layeredfan_down/normalized-linearized_pebbling_opt_layeredfan_down_r5_c9_a6.opb.xz,9
OPT-LIN/normalized-PB24/nordstrom/CoreGuidedPB/linpeb/linearized_pebbling_opt_layeredfan_down/normalized-linearized_pebbling_opt_layeredfan_down_r6_c11_a4.opb.xz,9
OPT-LIN/normalized-PB24/nordstrom/CoreGuidedPB/linpeb/linearized_pebbling_opt_layeredfan_down/normalized-linearized_pebbling_opt_layeredfan_down_r6_c11_a5.opb.xz,10
OPT-LIN/normalized-PB24/nordstrom/CoreGuidedPB/linpeb/linearized_pebbling_opt_layeredfan_down/normalized-linearized_pebbling_opt_layeredfan_down_r6_c11_a6.opb.xz,10
OPT-LIN/normalized-PB24/nordstrom/CoreGuidedPB/linpeb/linearized_pebbling_opt_layeredfan_down/normalized-linearized_pebbling_opt_layeredfan_down_r6_c12_a4.opb.xz,10
OPT-LIN/normalized-PB24/nordstrom/CoreGuidedPB/linpeb/linearized_pebbling_opt_layeredfan_down/normalized-linearized_pebbling_opt_layeredfan_down_r6_c12_a5.opb.xz,10
OPT-LIN/normalized-PB24/nordstrom/CoreGuidedPB/linpeb/linearized_pebbling_opt_layeredfan_down/normalized-linearized_pebbling_opt_layeredfan_down_r6_c12_a6.opb.xz,10
OPT-LIN/normalized-PB24/nordstrom/CoreGuidedPB/linpeb/linearized_pebbling_opt_layeredfan_down/normalized-linearized_pebbling_opt_layeredfan_down_r7_c13_a4.opb.xz,10
OPT-LIN/normalized-PB24/nordstrom/CoreGuidedPB/linpeb/linearized_pebbling_opt_layeredfan_down/normalized-linearized_pebbling_opt_layeredfan_down_r7_c13_a5.opb.xz,10
OPT-LIN/normalized-PB24/nordstrom/CoreGuidedPB/linpeb/linearized_pebbling_opt_layeredfan_down/normalized-linearized_pebbling_opt_layeredfan_down_r7_c13_a6.opb.xz,10
OPT-LIN/normalized-PB24/nordstrom/CoreGuidedPB/linpeb/linearized_pebbling_opt_layeredfan_down/normalized-linearized_pebbling_opt_layeredfan_down_r7_c14_a4.opb.xz,10
OPT-LIN/normalized-PB24/nordstrom/CoreGuidedPB/linpeb/linearized_pebbling_opt_layeredfan_down/normalized-linearized_pebbling_opt_layeredfan_down_r7_c14_a5.opb.xz,10
OPT-LIN/normalized-PB24/nordstrom/CoreGuidedPB/linpeb/linearized_pebbling_opt_layeredfan_down/normalized-linearized_pebbling_opt_layeredfan_down_r7_c14_a6.opb.xz,11
OPT-LIN/normalized-PB24/nordstrom/CoreGuidedPB/linpeb/linearized_pebbling_opt_layeredfan_down/normalized-linearized_pebbling_opt_layeredfan_down_r8_c15_a4.opb.xz,10
OPT-LIN/normalized-PB24/nordstrom/CoreGuidedPB/linpeb/linearized_pebbling_opt_layeredfan_down/normalized-linearized_pebbling_opt_layeredfan_down_r8_c15_a5.opb.xz,11
OPT-LIN/normalized-PB24/nordstrom/CoreGuidedPB/linpeb/linearized_pebbling_opt_layeredfan_down/normalized-linearized_pebbling_opt_layeredfan_down_r8_c15_a6.opb.xz,11
OPT-LIN/normalized-PB24/nordstrom/CoreGuidedPB/linpeb/linearized_pebbling_opt_layeredfan_down/normalized-linearized_pebbling_opt_layeredfan_down_r8_c16_a4.opb.xz,10
OPT-LIN/normalized-PB24/nordstrom/CoreGuidedPB/linpeb/linearized_pebbling_opt_layeredfan_down/normalized-linearized_pebbling_opt_layeredfan_down_r8_c16_a5.opb.xz,11
OPT-LIN/normalized-PB24/nordstrom/CoreGuidedPB/linpeb/linearized_pebbling_opt_layeredfan_down/normalized-linearized_pebbling_opt_layeredfan_down_r8_c16_a6.opb.xz,11
OPT-LIN/normalized-PB24/nordstrom/CoreGuidedPB/linpeb/linearized_pebbling_opt_layeredfan_down/normalized-linearized_pebbling_opt_layeredfan_down_r9_c17_a4.opb.xz,11
OPT-LIN/normalized-PB24/nordstrom/CoreGuidedPB/linpeb/linearized_pebbling_opt_layeredfan_down/normalized-linearized_pebbling_opt_layeredfan_down_r9_c17_a5.opb.xz,11
OPT-LIN/normalized-PB24/nordstrom/CoreGuidedPB/linpeb/linearized_pebbling_opt_layeredfan_down/normalized-linearized_pebbling_opt_layeredfan_down_r9_c17_a6.opb.xz,11
OPT-LIN/normalized-PB24/nordstrom/CoreGuidedPB/linpeb/linearized_pebbling_opt_layeredfan_down/normalized-linearized_pebbling_opt_layeredfan_down_r9_c18_a4.opb.xz,11
OPT-LIN/normalized-PB24/nordstrom/CoreGuidedPB/linpeb/linearized_pebbling_opt_layeredfan_down/normalized-linearized_pebbling_opt_layeredfan_down_r9_c18_a5.opb.xz,11
OPT-LIN/normalized-PB24/nordstrom/CoreGuidedPB/linpeb/linearized_pebbling_opt_layeredfan_down/normalized-linearized_pebbling_opt_layeredfan_down_r9_c18_a6.opb.xz,11
OPT-LIN/normalized-PB24/nordstrom/CoreGuidedPB/linpeb/linearized_pebbling_opt_layeredfan_up/normalized-linearized_pebbling_opt_layeredfan_up_r10_c19_a4.opb.xz,11
OPT-LIN/normalized-PB24/nordstrom/CoreGuidedPB/linpeb/linearized_pebbling_opt_layeredfan_up/normalized-linearized_pebbling_opt_layeredfan_up_r10_c19_a5.opb.xz,11
OPT-LIN/normalized-PB24/nordstrom/CoreGuidedPB/linpeb/linearized_pebbling_opt_layeredfan_up/normalized-linearized_pebbling_opt_layeredfan_up_r10_c19_a6.opb.xz,12
OPT-LIN/normalized-PB24/nordstrom/CoreGuidedPB/linpeb/linearized_pebbling_opt_layeredfan_up/normalized-linearized_pebbling_opt_layeredfan_up_r10_c20_a4.opb.xz,11
OPT-LIN/normalized-PB24/nordstrom/CoreGuidedPB/linpeb/linearized_pebbling_opt_layeredfan_up/normalized-linearized_pebbling_opt_layeredfan_up_r10_c20_a5.opb.xz,11
OPT-LIN/normalized-PB24/nordstrom/CoreGuidedPB/linpeb/linearized_pebbling_opt_layeredfan_up/normalized-linearized_pebbling_opt_layeredfan_up_r10_c20_a6.opb.xz,12
OPT-LIN/normalized-PB24/nordstrom/CoreGuidedPB/linpeb/linearized_pebbling_opt_layeredfan_up/normalized-linearized_pebbling_opt_layeredfan_up_r11_c21_a4.opb.xz,11
OPT-LIN/normalized-PB24/nordstrom/CoreGuidedPB/linpeb/linearized_pebbling_opt_layeredfan_up/normalized-linearized_pebbling_opt_layeredfan_up_r11_c21_a5.opb.xz,12
OPT-LIN/normalized-PB24/nordstrom/CoreGuidedPB/linpeb/linearized_pebbling_opt_layeredfan_up/normalized-linearized_pebbling_opt_layeredfan_up_r11_c21_a6.opb.xz,12
OPT-LIN/normalized-PB24/nordstrom/CoreGuidedPB/linpeb/linearized_pebbling_opt_layeredfan_up/normalized-linearized_pebbling_opt_layeredfan_up_r11_c22_a4.opb.xz,11
OPT-LIN/normalized-PB24/nordstrom/CoreGuidedPB/linpeb/linearized_pebbling_opt_layeredfan_up/normalized-linearized_pebbling_opt_layeredfan_up_r11_c22_a5.opb.xz,12
OPT-LIN/normalized-PB24/nordstrom/CoreGuidedPB/linpeb/linearized_pebbling_opt_layeredfan_up/normalized-linearized_pebbling_opt_layeredfan_up_r11_c22_a6.opb.xz,12
OPT-LIN/normalized-PB24/nordstrom/CoreGuidedPB/linpeb/linearized_pebbling_opt_layeredfan_up/normalized-linearized_pebbling_opt_layeredfan_up_r12_c23_a4.opb.xz,12
OPT-LIN/normalized-PB24/nordstrom/CoreGuidedPB/linpeb/linearized_pebbling_opt_layeredfan_up/normalized-linearized_pebbling_opt_layeredfan_up_r12_c23_a5.opb.xz,12
OPT-LIN/normalized-PB24/nordstrom/CoreGuidedPB/linpeb/linearized_pebbling_opt_layeredfan_up/normalized-linearized_pebbling_opt_layeredfan_up_r12_c23_a6.opb.xz,12
OPT-LIN/normalized-PB24/nordstrom/CoreGuidedPB/linpeb/linearized_pebbling_opt_layeredfan_up/normalized-linearized_pebbling_opt_layeredfan_up_r12_c24_a4.opb.xz,12
OPT-LIN/normalized-PB24/nordstrom/CoreGuidedPB/linpeb/linearized_pebbling_opt_layeredfan_up/normalized-linearized_pebbling_opt_layeredfan_up_r12_c24_a5.opb.xz,12
OPT-LIN/normalized-PB24/nordstrom/CoreGuidedPB/linpeb/linearized_pebbling_opt_layeredfan_up/normalized-linearized_pebbling_opt_layeredfan_up_r12_c24_a6.opb.xz,12
OPT-LIN/normalized-PB24/nordstrom/CoreGuidedPB/linpeb/linearized_pebbling_opt_layeredfan_up/normalized-linearized_pebbling_opt_layeredfan_up_r13_c25_a4.opb.xz,12
OPT-LIN/normalized-PB24/nordstrom/CoreGuidedPB/linpeb/linearized_pebbling_opt_layeredfan_up/normalized-linearized_pebbling_opt_layeredfan_up_r13_c25_a5.opb.xz,12
OPT-LIN/normalized-PB24/nordstrom/CoreGuidedPB/linpeb/linearized_pebbling_opt_layeredfan_up/normalized-linearized_pebbling_opt_layeredfan_up_r13_c25_a6.opb.xz,12
OPT-LIN/normalized-PB24/nordstrom/CoreGuidedPB/linpeb/linearized_pebbling_opt_layeredfan_up/normalized-linearized_pebbling_opt_layeredfan_up_r13_c26_a4.opb.xz,12
OPT-LIN/normalized-PB24/nordstrom/CoreGuidedPB/linpeb/linearized_pebbling_opt_layeredfan_up/normalized-linearized_pebbling_opt_layeredfan_up_r13_c26_a5.opb.xz,12
OPT-LIN/normalized-PB24/nordstrom/CoreGuidedPB/linpeb/linearized_pebbling_opt_layeredfan_up/normalized-linearized_pebbling_opt_layeredfan_up_r13_c26_a6.opb.xz,12
OPT-LIN/normalized-PB24/nordstrom/CoreGuidedPB/linpeb/linearized_pebbling_opt_layeredfan_up/normalized-linearized_pebbling_opt_layeredfan_up_r14_c27_a4.opb.xz,12
OPT-LIN/normalized-PB24/nordstrom/CoreGuidedPB/linpeb/linearized_pebbling_opt_layeredfan_up/normalized-linearized_pebbling_opt_layeredfan_up_r14_c27_a5.opb.xz,12
OPT-LIN/normalized-PB24/nordstrom/CoreGuidedPB/linpeb/linearized_pebbling_opt_layeredfan_up/normalized-linearized_pebbling_opt_layeredfan_up_r14_c27_a6.opb.xz,13
OPT-LIN/normalized-PB24/nordstrom/CoreGuidedPB/linpeb/linearized_pebbling_opt_layeredfan_up/normalized-linearized_pebbling_opt_layeredfan_up_r14_c28_a4.opb.xz,12
OPT-LIN/normalized-PB24/nordstrom/CoreGuidedPB/linpeb/linearized_pebbling_opt_layeredfan_up/normalized-linearized_pebbling_opt_layeredfan_up_r14_c28_a5.opb.xz,12
OPT-LIN/normalized-PB24/nordstrom/CoreGuidedPB/linpeb/linearized_pebbling_opt_layeredfan_up/normalized-linearized_pebbling_opt_layeredfan_up_r14_c28_a6.opb.xz,13
OPT-LIN/normalized-PB24/nordstrom/CoreGuidedPB/linpeb/linearized_pebbling_opt_layeredfan_up/normalized-linearized_pebbling_opt_layeredfan_up_r15_c29_a4.opb.xz,12
OPT-LIN/normalized-PB24/nordstrom/CoreGuidedPB/linpeb/linearized_pebbling_opt_layeredfan_up/normalized-linearized_pebbling_opt_layeredfan_up_r15_c29_a5.opb.xz,13
OPT-LIN/normalized-PB24/nordstrom/CoreGuidedPB/linpeb/linearized_pebbling_opt_layeredfan_up/normalized-linearized_pebbling_opt_layeredfan_up_r15_c29_a6.opb.xz,13
OPT-LIN/normalized-PB24/nordstrom/CoreGuidedPB/linpeb/linearized_pebbling_opt_layeredfan_up/normalized-linearized_pebbling_opt_layeredfan_up_r15_c30_a4.opb.xz,12
OPT-LIN/normalized-PB24/nordstrom/CoreGuidedPB/linpeb/linearized_pebbling_opt_layeredfan_up/normalized-linearized_pebbling_opt_layeredfan_up_r15_c30_a5.opb.xz,13
OPT-LIN/normalized-PB24/nordstrom/CoreGuidedPB/linpeb/linearized_pebbling_opt_layeredfan_up/normalized-linearized_pebbling_opt_layeredfan_up_r15_c30_a6.opb.xz,13
OPT-LIN/normalized-PB24/nordstrom/CoreGuidedPB/linpeb/linearized_pebbling_opt_layeredfan_up/normalized-linearized_pebbling_opt_layeredfan_up_r16_c31_a4.opb.xz,12
OPT-LIN/normalized-PB24/nordstrom/CoreGuidedPB/linpeb/linearized_pebbling_opt_layeredfan_up/normalized-linearized_pebbling_opt_layeredfan_up_r16_c31_a5.opb.xz,13
OPT-LIN/normalized-PB24/nordstrom/CoreGuidedPB/linpeb/linearized_pebbling_opt_layeredfan_up/normalized-linearized_pebbling_opt_layeredfan_up_r16_c31_a6.opb.xz,13
OPT-LIN/normalized-PB24/nordstrom/CoreGuidedPB/linpeb/linearized_pebbling_opt_layeredfan_up/normalized-linearized_pebbling_opt_layeredfan_up_r16_c32_a4.opb.xz,12
OPT-LIN/normalized-PB24/nordstrom/CoreGuidedPB/linpeb/linearized_pebbling_opt_layeredfan_up/normalized-linearized_pebbling_opt_layeredfan_up_r16_c32_a5.opb.xz,13
OPT-LIN/normalized-PB24/nordstrom/CoreGuidedPB/linpeb/linearized_pebbling_opt_layeredfan_up/normalized-linearized_pebbling_opt_layeredfan_up_r16_c32_a6.opb.xz,13
OPT-LIN/normalized-PB24/nordstrom/CoreGuidedPB/linpeb/linearized_pebbling_opt_layeredfan_up/normalized-linearized_pebbling_opt_layeredfan_up_r17_c33_a4.opb.xz,13
OPT-LIN/normalized-PB24/nordstrom/CoreGuidedPB/linpeb/linearized_pebbling_opt_layeredfan_up/normalized-linearized_pebbling_opt_layeredfan_up_r17_c33_a5.opb.xz,13
OPT-LIN/normalized-PB24/nordstrom/CoreGuidedPB/linpeb/linearized_pebbling_opt_layeredfan_up/normalized-linearized_pebbling_opt_layeredfan_up_r17_c33_a6.opb.xz,13
OPT-LIN/normalized-PB24/nordstrom/CoreGuidedPB/linpeb/linearized_pebbling_opt_layeredfan_up/normalized-linearized_pebbling_opt_layeredfan_up_r17_c34_a4.opb.xz,13
OPT-LIN/normalized-PB24/nordstrom/CoreGuidedPB/linpeb/linearized_pebbling_opt_layeredfan_up/normalized-linearized_pebbling_opt_layeredfan_up_r17_c34_a5.opb.xz,13
OPT-LIN/normalized-PB24/nordstrom/CoreGuidedPB/linpeb/linearized_pebbling_opt_layeredfan_up/normalized-linearized_pebbling_opt_layeredfan_up_r17_c34_a6.opb.xz,13
OPT-LIN/normalized-PB24/nordstrom/CoreGuidedPB/linpeb/linearized_pebbling_opt_layeredfan_up/normalized-linearized_pebbling_opt_layeredfan_up_r18_c35_a4.opb.xz,13
OPT-LIN/normalized-PB24/nordstrom/CoreGuidedPB/linpeb/linearized_pebbling_opt_layeredfan_up/normalized-linearized_pebbling_opt_layeredfan_up_r18_c35_a5.opb.xz,13
OPT-LIN/normalized-PB24/nordstrom/CoreGuidedPB/linpeb/linearized_pebbling_opt_layeredfan_up/normalized-linearized_pebbling_opt_layeredfan_up_r18_c35_a6.opb.xz,13
OPT-LIN/normalized-PB24/nordstrom/CoreGuidedPB/linpeb/linearized_pebbling_opt_layeredfan_up/normalized-linearized_pebbling_opt_layeredfan_up_r18_c36_a4.opb.xz,13
OPT-LIN/normalized-PB24/nordstrom/CoreGuidedPB/linpeb/linearized_pebbling_opt_layeredfan_up/normalized-linearized_pebbling_opt_layeredfan_up_r18_c36_a5.opb.xz,13
OPT-LIN/normalized-PB24/nordstrom/CoreGuidedPB/linpeb/linearized_pebbling_opt_layeredfan_up/normalized-linearized_pebbling_opt_layeredfan_up_r18_c36_a6.opb.xz,13
OPT-LIN/normalized-PB24/nordstrom/CoreGuidedPB/linpeb/linearized_pebbling_opt_layeredfan_up/normalized-linearized_pebbling_opt_layeredfan_up_r19_c37_a4.opb.xz,13
OPT-LIN/normalized-PB24/nordstrom/CoreGuidedPB/linpeb/linearized_pebbling_opt_layeredfan_up/normalized-linearized_pebbling_opt_layeredfan_up_r19_c37_a5.opb.xz,13
OPT-LIN/normalized-PB24/nordstrom/CoreGuidedPB/linpeb/linearized_pebbling_opt_layeredfan_up/normalized-linearized_pebbling_opt_layeredfan_up_r19_c37_a6.opb.xz,14
OPT-LIN/normalized-PB24/nordstrom/CoreGuidedPB/linpeb/linearized_pebbling_opt_layeredfan_up/normalized-linearized_pebbling_opt_layeredfan_up_r19_c38_a4.opb.xz,13
OPT-LIN/normalized-PB24/nordstrom/CoreGuidedPB/linpeb/linearized_pebbling_opt_layeredfan_up/normalized-linearized_pebbling_opt_layeredfan_up_r19_c38_a5.opb.xz,13
OPT-LIN/normalized-PB24/nordstrom/CoreGuidedPB/linpeb/linearized_pebbling_opt_layeredfan_up/normalized-linearized_pebbling_opt_layeredfan_up_r19_c38_a6.opb.xz,14
OPT-LIN/normalized-PB24/nordstrom/CoreGuidedPB/linpeb/linearized_pebbling_opt_layeredfan_up/normalized-linearized_pebbling_opt_layeredfan_up_r20_c39_a4.opb.xz,13
OPT-LIN/normalized-PB24/nordstrom/CoreGuidedPB/linpeb/linearized_pebbling_opt_layeredfan_up/normalized-linearized_pebbling_opt_layeredfan_up_r20_c39_a5.opb.xz,13
OPT-LIN/normalized-PB24/nordstrom/CoreGuidedPB/linpeb/linearized_pebbling_opt_layeredfan_up/normalized-linearized_pebbling_opt_layeredfan_up_r20_c39_a6.opb.xz,14
OPT-LIN/normalized-PB24/nordstrom/CoreGuidedPB/linpeb/linearized_pebbling_opt_layeredfan_up/normalized-linearized_pebbling_opt_layeredfan_up_r20_c40_a4.opb.xz,13
OPT-LIN/normalized-PB24/nordstrom/CoreGuidedPB/linpeb/linearized_pebbling_opt_layeredfan_up/normalized-linearized_pebbling_opt_layeredfan_up_r20_c40_a5.opb.xz,13
OPT-LIN/normalized-PB24/nordstrom/CoreGuidedPB/linpeb/linearized_pebbling_opt_layeredfan_up/normalized-linearized_pebbling_opt_layeredfan_up_r20_c40_a6.opb.xz,14
OPT-LIN/normalized-PB24/nordstrom/CoreGuidedPB/linpeb/linearized_pebbling_opt_layeredfan_up/normalized-linearized_pebbling_opt_layeredfan_up_r21_c41_a4.opb.xz,13
OPT-LIN/normalized-PB24/nordstrom/CoreGuidedPB/linpeb/linearized_pebbling_opt_layeredfan_up/normalized-linearized_pebbling_opt_layeredfan_up_r21_c41_a5.opb.xz,14
OPT-LIN/normalized-PB24/nordstrom/CoreGuidedPB/linpeb/linearized_pebbling_opt_layeredfan_up/normalized-linearized_pebbling_opt_layeredfan_up_r21_c41_a6.opb.xz,14
OPT-LIN/normalized-PB24/nordstrom/CoreGuidedPB/linpeb/linearized_pebbling_opt_layeredfan_up/normalized-linearized_pebbling_opt_layeredfan_up_r21_c42_a4.opb.xz,13
OPT-LIN/normalized-PB24/nordstrom/CoreGuidedPB/linpeb/linearized_pebbling_opt_layeredfan_up/normalized-linearized_pebbling_opt_layeredfan_up_r21_c42_a5.opb.xz,14
OPT-LIN/normalized-PB24/nordstrom/CoreGuidedPB/linpeb/linearized_pebbling_opt_layeredfan_up/normalized-linearized_pebbling_opt_layeredfan_up_r21_c42_a6.opb.xz,14
OPT-LIN/normalized-PB24/nordstrom/CoreGuidedPB/linpeb/linearized_pebbling_opt_layeredfan_up/normalized-linearized_pebbling_opt_layeredfan_up_r22_c43_a4.opb.xz,13
OPT-LIN/normalized-PB24/nordstrom/CoreGuidedPB/linpeb/linearized_pebbling_opt_layeredfan_up/normalized-linearized_pebbling_opt_layeredfan_up_r22_c43_a5.opb.xz,14
OPT-LIN/normalized-PB24/nordstrom/CoreGuidedPB/linpeb/linearized_pebbling_opt_layeredfan_up/normalized-linearized_pebbling_opt_layeredfan_up_r22_c43_a6.opb.xz,14
OPT-LIN/normalized-PB24/nordstrom/CoreGuidedPB/linpeb/linearized_pebbling_opt_layeredfan_up/normalized-linearized_pebbling_opt_layeredfan_up_r22_c44_a4.opb.xz,13
OPT-LIN/normalized-PB24/nordstrom/CoreGuidedPB/linpeb/linearized_pebbling_opt_layeredfan_up/normalized-linearized_pebbling_opt_layeredfan_up_r22_c44_a5.opb.xz,14
OPT-LIN/normalized-PB24/nordstrom/CoreGuidedPB/linpeb/linearized_pebbling_opt_layeredfan_up/normalized-linearized_pebbling_opt_layeredfan_up_r22_c44_a6.opb.xz,14
OPT-LIN/normalized-PB24/nordstrom/CoreGuidedPB/linpeb/linearized_pebbling_opt_layeredfan_up/normalized-linearized_pebbling_opt_layeredfan_up_r23_c45_a4.opb.xz,13
OPT-LIN/normalized-PB24/nordstrom/CoreGuidedPB/linpeb/linearized_pebbling_opt_layeredfan_up/normalized-linearized_pebbling_opt_layeredfan_up_r23_c45_a5.opb.xz,14
OPT-LIN/normalized-PB24/nordstrom/CoreGuidedPB/linpeb/linearized_pebbling_opt_layeredfan_up/normalized-linearized_pebbling_opt_layeredfan_up_r23_c45_a6.opb.xz,14
OPT-LIN/normalized-PB24/nordstrom/CoreGuidedPB/linpeb/linearized_pebbling_opt_layeredfan_up/normalized-linearized_pebbling_opt_layeredfan_up_r23_c46_a4.opb.xz,14
OPT-LIN/normalized-PB24/nordstrom/CoreGuidedPB/linpeb/linearized_pebbling_opt_layeredfan_up/normalized-linearized_pebbling_opt_layeredfan_up_r23_c46_a5.opb.xz,14
OPT-LIN/normalized-PB24/nordstrom/CoreGuidedPB/linpeb/linearized_pebbling_opt_layeredfan_up/normalized-linearized_pebbling_opt_layeredfan_up_r23_c46_a6.opb.xz,14
OPT-LIN/normalized-PB24/nordstrom/CoreGuidedPB/linpeb/linearized_pebbling_opt_layeredfan_up/normalized-linearized_pebbling_opt_layeredfan_up_r24_c47_a4.opb.xz,14
OPT-LIN/normalized-PB24/nordstrom/CoreGuidedPB/linpeb/linearized_pebbling_opt_layeredfan_up/normalized-linearized_pebbling_opt_layeredfan_up_r24_c47_a5.opb.xz,14
OPT-LIN/normalized-PB24/nordstrom/CoreGuidedPB/linpeb/linearized_pebbling_opt_layeredfan_up/normalized-linearized_pebbling_opt_layeredfan_up_r24_c47_a6.opb.xz,14
OPT-LIN/normalized-PB24/nordstrom/CoreGuidedPB/linpeb/linearized_pebbling_opt_layeredfan_up/normalized-linearized_pebbling_opt_layeredfan_up_r24_c48_a4.opb.xz,14
OPT-LIN/normalized-PB24/nordstrom/CoreGuidedPB/linpeb/linearized_pebbling_opt_layeredfan_up/normalized-linearized_pebbling_opt_layeredfan_up_r24_c48_a5.opb.xz,14
OPT-LIN/normalized-PB24/nordstrom/CoreGuidedPB/linpeb/linearized_pebbling_opt_layeredfan_up/normalized-linearized_pebbling_opt_layeredfan_up_r24_c48_a6.opb.xz,14
OPT-LIN/normalized-PB24/nordstrom/CoreGuidedPB/linpeb/linearized_pebbling_opt_layeredfan_up/normalized-linearized_pebbling_opt_layeredfan_up_r25_c49_a4.opb.xz,14
OPT-LIN/normalized-PB24/nordstrom/CoreGuidedPB/linpeb/linearized_pebbling_opt_layeredfan_up/normalized-linearized_pebbling_opt_layeredfan_up_r25_c49_a5.opb.xz,14
OPT-LIN/normalized-PB24/nordstrom/CoreGuidedPB/linpeb/linearized_pebbling_opt_layeredfan_up/normalized-linearized_pebbling_opt_layeredfan_up_r25_c49_a6.opb.xz,14
OPT-LIN/normalized-PB24/nordstrom/CoreGuidedPB/linpeb/linearized_pebbling_opt_layeredfan_up/normalized-linearized_pebbling_opt_layeredfan_up_r25_c50_a4.opb.xz,14
OPT-LIN/normalized-PB24/nordstrom/CoreGuidedPB/linpeb/linearized_pebbling_opt_layeredfan_up/normalized-linearized_pebbling_opt_layeredfan_up_r25_c50_a5.opb.xz,14
OPT-LIN/normalized-PB24/nordstrom/CoreGuidedPB/linpeb/linearized_pebbling_opt_layeredfan_up/normalized-linearized_pebbling_opt_layeredfan_up_r25_c50_a6.opb.xz,14
OPT-LIN/normalized-PB24/nordstrom/CoreGuidedPB/linpeb/linearized_pebbling_opt_layeredfan_up/normalized-linearized_pebbling_opt_layeredfan_up_r26_c51_a4.opb.xz,14
OPT-LIN/normalized-PB24/nordstrom/CoreGuidedPB/linpeb/linearized_pebbling_opt_layeredfan_up/normalized-linearized_pebbling_opt_layeredfan_up_r26_c51_a5.opb.xz,14
OPT-LIN/normalized-PB24/nordstrom/CoreGuidedPB/linpeb/linearized_pebbling_opt_layeredfan_up/normalized-linearized_pebbling_opt_layeredfan_up_r26_c51_a6.opb.xz,14
OPT-LIN/normalized-PB24/nordstrom/CoreGuidedPB/linpeb/linearized_pebbling_opt_layeredfan_up/normalized-linearized_pebbling_opt_layeredfan_up_r26_c52_a4.opb.xz,14
OPT-LIN/normalized-PB24/nordstrom/CoreGuidedPB/linpeb/linearized_pebbling_opt_layeredfan_up/normalized-linearized_pebbling_opt_layeredfan_up_r26_c52_a5.opb.xz,14
OPT-LIN/normalized-PB24/nordstrom/CoreGuidedPB/linpeb/linearized_pebbling_opt_layeredfan_up/normalized-linearized_pebbling_opt_layeredfan_up_r26_c52_a6.opb.xz,14
OPT-LIN/normalized-PB24/nordstrom/CoreGuidedPB/linpeb/linearized_pebbling_opt_layeredfan_up/normalized-linearized_pebbling_opt_layeredfan_up_r27_c53_a4.opb.xz,14
OPT-LIN/normalized-PB24/nordstrom/CoreGuidedPB/linpeb/linearized_pebbling_opt_layeredfan_up/normalized-linearized_pebbling_opt_layeredfan_up_r27_c53_a5.opb.xz,14
OPT-LIN/normalized-PB24/nordstrom/CoreGuidedPB/linpeb/linearized_pebbling_opt_layeredfan_up/normalized-linearized_pebbling_opt_layeredfan_up_r27_c53_a6.opb.xz,15
OPT-LIN/normalized-PB24/nordstrom/CoreGuidedPB/linpeb/linearized_pebbling_opt_layeredfan_up/normalized-linearized_pebbling_opt_layeredfan_up_r27_c54_a4.opb.xz,14
OPT-LIN/normalized-PB24/nordstrom/CoreGuidedPB/linpeb/linearized_pebbling_opt_layeredfan_up/normalized-linearized_pebbling_opt_layeredfan_up_r27_c54_a5.opb.xz,14
OPT-LIN/normalized-PB24/nordstrom/CoreGuidedPB/linpeb/linearized_pebbling_opt_layeredfan_up/normalized-linearized_pebbling_opt_layeredfan_up_r27_c54_a6.opb.xz,15
OPT-LIN/normalized-PB24/nordstrom/CoreGuidedPB/linpeb/linearized_pebbling_opt_layeredfan_up/normalized-linearized_pebbling_opt_layeredfan_up_r28_c55_a4.opb.xz,14
OPT-LIN/normalized-PB24/nordstrom/CoreGuidedPB/linpeb/linearized_pebbling_opt_layeredfan_up/normalized-linearized_pebbling_opt_layeredfan_up_r28_c55_a5.opb.xz,14
OPT-LIN/normalized-PB24/nordstrom/CoreGuidedPB/linpeb/linearized_pebbling_opt_layeredfan_up/normalized-linearized_pebbling_opt_layeredfan_up_r28_c55_a6.opb.xz,15
OPT-LIN/normalized-PB24/nordstrom/CoreGuidedPB/linpeb/linearized_pebbling_opt_layeredfan_up/normalized-linearized_pebbling_opt_layeredfan_up_r28_c56_a4.opb.xz,14
OPT-LIN/normalized-PB24/nordstrom/CoreGuidedPB/linpeb/linearized_pebbling_opt_layeredfan_up/normalized-linearized_pebbling_opt_layeredfan_up_r28_c56_a5.opb.xz,14
OPT-LIN/normalized-PB24/nordstrom/CoreGuidedPB/linpeb/linearized_pebbling_opt_layeredfan_up/normalized-linearized_pebbling_opt_layeredfan_up_r28_c56_a6.opb.xz,15
OPT-LIN/normalized-PB24/nordstrom/CoreGuidedPB/linpeb/linearized_pebbling_opt_layeredfan_up/normalized-linearized_pebbling_opt_layeredfan_up_r29_c57_a4.opb.xz,14
OPT-LIN/normalized-PB24/nordstrom/CoreGuidedPB/linpeb/linearized_pebbling_opt_layeredfan_up/normalized-linearized_pebbling_opt_layeredfan_up_r29_c57_a5.opb.xz,14
OPT-LIN/normalized-PB24/nordstrom/CoreGuidedPB/linpeb/linearized_pebbling_opt_layeredfan_up/normalized-linearized_pebbling_opt_layeredfan_up_r29_c57_a6.opb.xz,15
OPT-LIN/normalized-PB24/nordstrom/CoreGuidedPB/linpeb/linearized_pebbling_opt_layeredfan_up/normalized-linearized_pebbling_opt_layeredfan_up_r29_c58_a4.opb.xz,14
OPT-LIN/normalized-PB24/nordstrom/CoreGuidedPB/linpeb/linearized_pebbling_opt_layeredfan_up/normalized-linearized_pebbling_opt_layeredfan_up_r29_c58_a5.opb.xz,15
OPT-LIN/normalized-PB24/nordstrom/CoreGuidedPB/linpeb/linearized_pebbling_opt_layeredfan_up/normalized-linearized_pebbling_opt_layeredfan_up_r29_c58_a6.opb.xz,15
OPT-LIN/normalized-PB24/nordstrom/CoreGuidedPB/linpeb/linearized_pebbling_opt_layeredfan_up/normalized-linearized_pebbling_opt_layeredfan_up_r30_c59_a4.opb.xz,14
OPT-LIN/normalized-PB24/nordstrom/CoreGuidedPB/linpeb/linearized_pebbling_opt_layeredfan_up/normalized-linearized_pebbling_opt_layeredfan_up_r30_c59_a5.opb.xz,15
OPT-LIN/normalized-PB24/nordstrom/CoreGuidedPB/linpeb/linearized_pebbling_opt_layeredfan_up/normalized-linearized_pebbling_opt_layeredfan_up_r30_c59_a6.opb.xz,15
OPT-LIN/normalized-PB24/nordstrom/CoreGuidedPB/linpeb/linearized_pebbling_opt_layeredfan_up/normalized-linearized_pebbling_opt_layeredfan_up_r30_c60_a4.opb.xz,14
OPT-LIN/normalized-PB24/nordstrom/CoreGuidedPB/linpeb/linearized_pebbling_opt_layeredfan_up/normalized-linearized_pebbling_opt_layeredfan_up_r30_c60_a5.opb.xz,15
OPT-LIN/normalized-PB24/nordstrom/CoreGuidedPB/linpeb/linearized_pebbling_opt_layeredfan_up/normalized-linearized_pebbling_opt_layeredfan_up_r30_c60_a6.opb.xz,15
OPT-LIN/normalized-PB24/nordstrom/CoreGuidedPB/linpeb/linearized_pebbling_opt_layeredfan_up/normalized-linearized_pebbling_opt_layeredfan_up_r31_c61_a4.opb.xz,14
OPT-LIN/normalized-PB24/nordstrom/CoreGuidedPB/linpeb/linearized_pebbling_opt_layeredfan_up/normalized-linearized_pebbling_opt_layeredfan_up_r31_c61_a5.opb.xz,15
OPT-LIN/normalized-PB24/nordstrom/CoreGuidedPB/linpeb/linearized_pebbling_opt_layeredfan_up/normalized-linearized_pebbling_opt_layeredfan_up_r31_c61_a6.opb.xz,15
OPT-LIN/normalized-PB24/nordstrom/CoreGuidedPB/linpeb/linearized_pebbling_opt_layeredfan_up/normalized-linearized_pebbling_opt_layeredfan_up_r31_c62_a4.opb.xz,14
OPT-LIN/normalized-PB24/nordstrom/CoreGuidedPB/linpeb/linearized_pebbling_opt_layeredfan_up/normalized-linearized_pebbling_opt_layeredfan_up_r31_c62_a5.opb.xz,15
OPT-LIN/normalized-PB24/nordstrom/CoreGuidedPB/linpeb/linearized_pebbling_opt_layeredfan_up/normalized-linearized_pebbling_opt_layeredfan_up_r31_c62_a6.opb.xz,15
OPT-LIN/normalized-PB24/nordstrom/CoreGuidedPB/linpeb/linearized_pebbling_opt_layeredfan_up/normalized-linearized_pebbling_opt_layeredfan_up_r32_c63_a4.opb.xz,14
OPT-LIN/normalized-PB24/nordstrom/CoreGuidedPB/linpeb/linearized_pebbling_opt_layeredfan_up/normalized-linearized_pebbling_opt_layeredfan_up_r32_c63_a5.opb.xz,15
OPT-LIN/normalized-PB24/nordstrom/CoreGuidedPB/linpeb/linearized_pebbling_opt_layeredfan_up/normalized-linearized_pebbling_opt_layeredfan_up_r32_c63_a6.opb.xz,15
OPT-LIN/normalized-PB24/nordstrom/CoreGuidedPB/linpeb/linearized_pebbling_opt_layeredfan_up/normalized-linearized_pebbling_opt_layeredfan_up_r32_c64_a4.opb.xz,14
OPT-LIN/normalized-PB24/nordstrom/CoreGuidedPB/linpeb/linearized_pebbling_opt_layeredfan_up/normalized-linearized_pebbling_opt_layeredfan_up_r32_c64_a5.opb.xz,15
OPT-LIN/normalized-PB24/nordstrom/CoreGuidedPB/linpeb/linearized_pebbling_opt_layeredfan_up/normalized-linearized_pebbling_opt_layeredfan_up_r32_c64_a6.opb.xz,15
OPT-LIN/normalized-PB24/nordstrom/CoreGuidedPB/linpeb/linearized_pebbling_opt_layeredfan_up/normalized-linearized_pebbling_opt_layeredfan_up_r33_c65_a4.opb.xz,15
OPT-LIN/normalized-PB24/nordstrom/CoreGuidedPB/linpeb/linearized_pebbling_opt_layeredfan_up/normalized-linearized_pebbling_opt_layeredfan_up_r33_c65_a5.opb.xz,15
OPT-LIN/normalized-PB24/nordstrom/CoreGuidedPB/linpeb/linearized_pebbling_opt_layeredfan_up/normalized-linearized_pebbling_opt_layeredfan_up_r33_c65_a6.opb.xz,15
OPT-LIN/normalized-PB24/nordstrom/CoreGuidedPB/linpeb/linearized_pebbling_opt_layeredfan_up/normalized-linearized_pebbling_opt_layeredfan_up_r33_c66_a4.opb.xz,15
OPT-LIN/normalized-PB24/nordstrom/CoreGuidedPB/linpeb/linearized_pebbling_opt_layeredfan_up/normalized-linearized_pebbling_opt_layeredfan_up_r33_c66_a5.opb.xz,15
OPT-LIN/normalized-PB24/nordstrom/CoreGuidedPB/linpeb/linearized_pebbling_opt_layeredfan_up/normalized-linearized_pebbling_opt_layeredfan_up_r33_c66_a6.opb.xz,15
OPT-LIN/normalized-PB24/nordstrom/CoreGuidedPB/linpeb/linearized_pebbling_opt_layeredfan_up/normalized-linearized_pebbling_opt_layeredfan_up_r34_c67_a4.opb.xz,15
OPT-LIN/normalized-PB24/nordstrom/CoreGuidedPB/linpeb/linearized_pebbling_opt_layeredfan_up/normalized-linearized_pebbling_opt_layeredfan_up_r34_c67_a5.opb.xz,15
OPT-LIN/normalized-PB24/nordstrom/CoreGuidedPB/linpeb/linearized_pebbling_opt_layeredfan_up/normalized-linearized_pebbling_opt_layeredfan_up_r34_c67_a6.opb.xz,15
OPT-LIN/normalized-PB24/nordstrom/CoreGuidedPB/linpeb/linearized_pebbling_opt_layeredfan_up/normalized-linearized_pebbling_opt_layeredfan_up_r34_c68_a4.opb.xz,15
OPT-LIN/normalized-PB24/nordstrom/CoreGuidedPB/linpeb/linearized_pebbling_opt_layeredfan_up/normalized-linearized_pebbling_opt_layeredfan_up_r34_c68_a5.opb.xz,15
OPT-LIN/normalized-PB24/nordstrom/CoreGuidedPB/linpeb/linearized_pebbling_opt_layeredfan_up/normalized-linearized_pebbling_opt_layeredfan_up_r34_c68_a6.opb.xz,15
OPT-LIN/normalized-PB24/nordstrom/CoreGuidedPB/linpeb/linearized_pebbling_opt_layeredfan_up/normalized-linearized_pebbling_opt_layeredfan_up_r35_c69_a4.opb.xz,15
OPT-LIN/normalized-PB24/nordstrom/CoreGuidedPB/linpeb/linearized_pebbling_opt_layeredfan_up/normalized-linearized_pebbling_opt_layeredfan_up_r35_c69_a5.opb.xz,15
OPT-LIN/normalized-PB24/nordstrom/CoreGuidedPB/linpeb/linearized_pebbling_opt_layeredfan_up/normalized-linearized_pebbling_opt_layeredfan_up_r35_c69_a6.opb.xz,15
OPT-LIN/normalized-PB24/nordstrom/CoreGuidedPB/linpeb/linearized_pebbling_opt_layeredfan_up/normalized-linearized_pebbling_opt_layeredfan_up_r35_c70_a4.opb.xz,15
OPT-LIN/normalized-PB24/nordstrom/CoreGuidedPB/linpeb/linearized_pebbling_opt_layeredfan_up/normalized-linearized_pebbling_opt_layeredfan_up_r35_c70_a5.opb.xz,15
OPT-LIN/normalized-PB24/nordstrom/CoreGuidedPB/linpeb/linearized_pebbling_opt_layeredfan_up/normalized-linearized_pebbling_opt_layeredfan_up_r35_c70_a6.opb.xz,15
OPT-LIN/normalized-PB24/nordstrom/CoreGuidedPB/linpeb/linearized_pebbling_opt_layeredfan_up/normalized-linearized_pebbling_opt_layeredfan_up_r3_c5_a4.opb.xz,7
OPT-LIN/normalized-PB24/nordstrom/CoreGuidedPB/linpeb/linearized_pebbling_opt_layeredfan_up/normalized-linearized_pebbling_opt_layeredfan_up_r3_c5_a5.opb.xz,7
OPT-LIN/normalized-PB24/nordstrom/CoreGuidedPB/linpeb/linearized_pebbling_opt_layeredfan_up/normalized-linearized_pebbling_opt_layeredfan_up_r3_c5_a6.opb.xz,8
OPT-LIN/normalized-PB24/nordstrom/CoreGuidedPB/linpeb/linearized_pebbling_opt_layeredfan_up/normalized-linearized_pebbling_opt_layeredfan_up_r3_c6_a4.opb.xz,8
OPT-LIN/normalized-PB24/nordstrom/CoreGuidedPB/linpeb/linearized_pebbling_opt_layeredfan_up/normalized-linearized_pebbling_opt_layeredfan_up_r3_c6_a5.opb.xz,8
OPT-LIN/normalized-PB24/nordstrom/CoreGuidedPB/linpeb/linearized_pebbling_opt_layeredfan_up/normalized-linearized_pebbling_opt_layeredfan_up_r3_c6_a6.opb.xz,8
OPT-LIN/normalized-PB24/nordstrom/CoreGuidedPB/linpeb/linearized_pebbling_opt_layeredfan_up/normalized-linearized_pebbling_opt_layeredfan_up_r4_c7_a4.opb.xz,8
OPT-LIN/normalized-PB24/nordstrom/CoreGuidedPB/linpeb/linearized_pebbling_opt_layeredfan_up/normalized-linearized_pebbling_opt_layeredfan_up_r4_c7_a5.opb.xz,8
OPT-LIN/normalized-PB24/nordstrom/CoreGuidedPB/linpeb/linearized_pebbling_opt_layeredfan_up/normalized-linearized_pebbling_opt_layeredfan_up_r4_c7_a6.opb.xz,9
OPT-LIN/normalized-PB24/nordstrom/CoreGuidedPB/linpeb/linearized_pebbling_opt_layeredfan_up/normalized-linearized_pebbling_opt_layeredfan_up_r4_c8_a4.opb.xz,8
OPT-LIN/normalized-PB24/nordstrom/CoreGuidedPB/linpeb/linearized_pebbling_opt_layeredfan_up/normalized-linearized_pebbling_opt_layeredfan_up_r4_c8_a5.opb.xz,9
OPT-LIN/normalized-PB24/nordstrom/CoreGuidedPB/linpeb/linearized_pebbling_opt_layeredfan_up/normalized-linearized_pebbling_opt_layeredfan_up_r4_c8_a6.opb.xz,9
OPT-LIN/normalized-PB24/nordstrom/CoreGuidedPB/linpeb/linearized_pebbling_opt_layeredfan_up/normalized-linearized_pebbling_opt_layeredfan_up_r5_c10_a4.opb.xz,9
OPT-LIN/normalized-PB24/nordstrom/CoreGuidedPB/linpeb/linearized_pebbling_opt_layeredfan_up/normalized-linearized_pebbling_opt_layeredfan_up_r5_c10_a5.opb.xz,9
OPT-LIN/normalized-PB24/nordstrom/CoreGuidedPB/linpeb/linearized_pebbling_opt_layeredfan_up/normalized-linearized_pebbling_opt_layeredfan_up_r5_c10_a6.opb.xz,10
OPT-LIN/normalized-PB24/nordstrom/CoreGuidedPB/linpeb/linearized_pebbling_opt_layeredfan_up/normalized-linearized_pebbling_opt_layeredfan_up_r5_c9_a4.opb.xz,9
OPT-LIN/normalized-PB24/nordstrom/CoreGuidedPB/linpeb/linearized_pebbling_opt_layeredfan_up/normalized-linearized_pebbling_opt_layeredfan_up_r5_c9_a5.opb.xz,9
OPT-LIN/normalized-PB24/nordstrom/CoreGuidedPB/linpeb/linearized_pebbling_opt_layeredfan_up/normalized-linearized_pebbling_opt_layeredfan_up_r5_c9_a6.opb.xz,9
OPT-LIN/normalized-PB24/nordstrom/CoreGuidedPB/linpeb/linearized_pebbling_opt_layeredfan_up/normalized-linearized_pebbling_opt_layeredfan_up_r6_c11_a4.opb.xz,9
OPT-LIN/normalized-PB24/nordstrom/CoreGuidedPB/linpeb/linearized_pebbling_opt_layeredfan_up/normalized-linearized_pebbling_opt_layeredfan_up_r6_c11_a5.opb.xz,10
OPT-LIN/normalized-PB24/nordstrom/CoreGuidedPB/linpeb/linearized_pebbling_opt_layeredfan_up/normalized-linearized_pebbling_opt_layeredfan_up_r6_c11_a6.opb.xz,10
OPT-LIN/normalized-PB24/nordstrom/CoreGuidedPB/linpeb/linearized_pebbling_opt_layeredfan_up/normalized-linearized_pebbling_opt_layeredfan_up_r6_c12_a4.opb.xz,10
OPT-LIN/normalized-PB24/nordstrom/CoreGuidedPB/linpeb/linearized_pebbling_opt_layeredfan_up/normalized-linearized_pebbling_opt_layeredfan_up_r6_c12_a5.opb.xz,10
OPT-LIN/normalized-PB24/nordstrom/CoreGuidedPB/linpeb/linearized_pebbling_opt_layeredfan_up/normalized-linearized_pebbling_opt_layeredfan_up_r6_c12_a6.opb.xz,10
OPT-LIN/normalized-PB24/nordstrom/CoreGuidedPB/linpeb/linearized_pebbling_opt_layeredfan_up/normalized-linearized_pebbling_opt_layeredfan_up_r7_c13_a4.opb.xz,10
OPT-LIN/normalized-PB24/nordstrom/CoreGuidedPB/linpeb/linearized_pebbling_opt_layeredfan_up/normalized-linearized_pebbling_opt_layeredfan_up_r7_c13_a5.opb.xz,10
OPT-LIN/normalized-PB24/nordstrom/CoreGuidedPB/linpeb/linearized_pebbling_opt_layeredfan_up/normalized-linearized_pebbling_opt_layeredfan_up_r7_c13_a6.opb.xz,10
OPT-LIN/normalized-PB24/nordstrom/CoreGuidedPB/linpeb/linearized_pebbling_opt_layeredfan_up/normalized-linearized_pebbling_opt_layeredfan_up_r7_c14_a4.opb.xz,10
OPT-LIN/normalized-PB24/nordstrom/CoreGuidedPB/linpeb/linearized_pebbling_opt_layeredfan_up/normalized-linearized_pebbling_opt_layeredfan_up_r7_c14_a5.opb.xz,10
OPT-LIN/normalized-PB24/nordstrom/CoreGuidedPB/linpeb/linearized_pebbling_opt_layeredfan_up/normalized-linearized_pebbling_opt_layeredfan_up_r7_c14_a6.opb.xz,11
OPT-LIN/normalized-PB24/nordstrom/CoreGuidedPB/linpeb/linearized_pebbling_opt_layeredfan_up/normalized-linearized_pebbling_opt_layeredfan_up_r8_c15_a4.opb.xz,10
OPT-LIN/normalized-PB24/nordstrom/CoreGuidedPB/linpeb/linearized_pebbling_opt_layeredfan_up/normalized-linearized_pebbling_opt_layeredfan_up_r8_c15_a5.opb.xz,11
OPT-LIN/normalized-PB24/nordstrom/CoreGuidedPB/linpeb/linearized_pebbling_opt_layeredfan_up/normalized-linearized_pebbling_opt_layeredfan_up_r8_c15_a6.opb.xz,11
OPT-LIN/normalized-PB24/nordstrom/CoreGuidedPB/linpeb/linearized_pebbling_opt_layeredfan_up/normalized-linearized_pebbling_opt_layeredfan_up_r8_c16_a4.opb.xz,10
OPT-LIN/normalized-PB24/nordstrom/CoreGuidedPB/linpeb/linearized_pebbling_opt_layeredfan_up/normalized-linearized_pebbling_opt_layeredfan_up_r8_c16_a5.opb.xz,11
OPT-LIN/normalized-PB24/nordstrom/CoreGuidedPB/linpeb/linearized_pebbling_opt_layeredfan_up/normalized-linearized_pebbling_opt_layeredfan_up_r8_c16_a6.opb.xz,11
OPT-LIN/normalized-PB24/nordstrom/CoreGuidedPB/linpeb/linearized_pebbling_opt_layeredfan_up/normalized-linearized_pebbling_opt_layeredfan_up_r9_c17_a4.opb.xz,11
OPT-LIN/normalized-PB24/nordstrom/CoreGuidedPB/linpeb/linearized_pebbling_opt_layeredfan_up/normalized-linearized_pebbling_opt_layeredfan_up_r9_c17_a5.opb.xz,11
OPT-LIN/normalized-PB24/nordstrom/CoreGuidedPB/linpeb/linearized_pebbling_opt_layeredfan_up/normalized-linearized_pebbling_opt_layeredfan_up_r9_c17_a6.opb.xz,11
OPT-LIN/normalized-PB24/nordstrom/CoreGuidedPB/linpeb/linearized_pebbling_opt_layeredfan_up/normalized-linearized_pebbling_opt_layeredfan_up_r9_c18_a4.opb.xz,11
OPT-LIN/normalized-PB24/nordstrom/CoreGuidedPB/linpeb/linearized_pebbling_opt_layeredfan_up/normalized-linearized_pebbling_opt_layeredfan_up_r9_c18_a5.opb.xz,11
OPT-LIN/normalized-PB24/nordstrom/CoreGuidedPB/linpeb/linearized_pebbling_opt_layeredfan_up/normalized-linearized_pebbling_opt_layeredfan_up_r9_c18_a6.opb.xz,11
OPT-LIN/normalized-PB24/nordstrom/CoreGuidedPB/linpeb/linpeb_opt_arity_6_layeredfan/normalized-linpeb_opt_arity_6_layeredfan_ncols_04.opb.xz,7
OPT-LIN/normalized-PB24/nordstrom/CoreGuidedPB/linpeb/linpeb_opt_arity_6_layeredfan/normalized-linpeb_opt_arity_6_layeredfan_ncols_05.opb.xz,7
OPT-LIN/normalized-PB24/nordstrom/CoreGuidedPB/linpeb/linpeb_opt_arity_6_layeredfan/normalized-linpeb_opt_arity_6_layeredfan_ncols_07.opb.xz,8
OPT-LIN/normalized-PB24/nordstrom/CoreGuidedPB/linpeb/linpeb_opt_arity_6_layeredfan/normalized-linpeb_opt_arity_6_layeredfan_ncols_09.opb.xz,9
OPT-LIN/normalized-PB24/nordstrom/CoreGuidedPB/linpeb/linpeb_opt_arity_6_layeredfan/normalized-linpeb_opt_arity_6_layeredfan_ncols_11.opb.xz,10
OPT-LIN/normalized-PB24/nordstrom/CoreGuidedPB/linpeb/linpeb_opt_arity_6_layeredfan/normalized-linpeb_opt_arity_6_layeredfan_ncols_13.opb.xz,10
OPT-LIN/normalized-PB24/nordstrom/CoreGuidedPB/linpeb/linpeb_opt_arity_6_layeredfan/normalized-linpeb_opt_arity_6_layeredfan_ncols_15.opb.xz,11
OPT-LIN/normalized-PB24/nordstrom/CoreGuidedPB/linpeb/linpeb_opt_arity_6_layeredfan/normalized-linpeb_opt_arity_6_layeredfan_ncols_17.opb.xz,11
OPT-LIN/normalized-PB24/nordstrom/CoreGuidedPB/linpeb/linpeb_opt_arity_6_layeredfan/normalized-linpeb_opt_arity_6_layeredfan_ncols_19.opb.xz,12
OPT-LIN/normalized-PB24/nordstrom/CoreGuidedPB/linpeb/linpeb_opt_arity_6_layeredfan/normalized-linpeb_opt_arity_6_layeredfan_ncols_21.opb.xz,12
OPT-LIN/normalized-PB24/nordstrom/CoreGuidedPB/linpeb/linpeb_opt_arity_6_layeredfan/normalized-linpeb_opt_arity_6_layeredfan_ncols_23.opb.xz,12
OPT-LIN/normalized-PB24/nordstrom/CoreGuidedPB/linpeb/linpeb_opt_arity_6_layeredfan/normalized-linpeb_opt_arity_6_layeredfan_ncols_25.opb.xz,12
OPT-LIN/normalized-PB24/nordstrom/CoreGuidedPB/linpeb/linpeb_opt_arity_6_layeredfan/normalized-linpeb_opt_arity_6_layeredfan_ncols_27.opb.xz,13
OPT-LIN/normalized-PB24/nordstrom/CoreGuidedPB/linpeb/linpeb_opt_arity_6_layeredfan/normalized-linpeb_opt_arity_6_layeredfan_ncols_29.opb.xz,13
OPT-LIN/normalized-PB24/nordstrom/CoreGuidedPB/linpeb/linpeb_opt_arity_6_layeredfan/normalized-linpeb_opt_arity_6_layeredfan_ncols_31.opb.xz,13
OPT-LIN/normalized-PB24/nordstrom/CoreGuidedPB/linpeb/linpeb_opt_arity_6_layeredfan/normalized-linpeb_opt_arity_6_layeredfan_ncols_33.opb.xz,13
OPT-LIN/normalized-PB24/nordstrom/CoreGuidedPB/linpeb/linpeb_opt_arity_6_layeredfan/normalized-linpeb_opt_arity_6_layeredfan_ncols_35.opb.xz,13
OPT-LIN/normalized-PB24/nordstrom/CoreGuidedPB/linpeb/linpeb_opt_arity_6_layeredfan/normalized-linpeb_opt_arity_6_layeredfan_ncols_37.opb.xz,13
OPT-LIN/normalized-PB24/nordstrom/CoreGuidedPB/linpeb/linpeb_opt_arity_6_layeredfan/normalized-linpeb_opt_arity_6_layeredfan_ncols_39.opb.xz,14
OPT-LIN/normalized-PB24/nordstrom/CoreGuidedPB/linpeb/linpeb_opt_arity_6_layeredfan/normalized-linpeb_opt_arity_6_layeredfan_ncols_41.opb.xz,14
OPT-LIN/normalized-PB24/nordstrom/CoreGuidedPB/linpeb/linpeb_opt_arity_6_layeredfan/normalized-linpeb_opt_arity_6_layeredfan_ncols_43.opb.xz,14
OPT-LIN/normalized-PB24/nordstrom/CoreGuidedPB/linpeb/linpeb_opt_arity_6_layeredfan/normalized-linpeb_opt_arity_6_layeredfan_ncols_45.opb.xz,14
OPT-LIN/normalized-PB24/nordstrom/CoreGuidedPB/linpeb/linpeb_opt_arity_6_layeredfan/normalized-linpeb_opt_arity_6_layeredfan_ncols_47.opb.xz,14
OPT-LIN/normalized-PB24/nordstrom/CoreGuidedPB/linpeb/linpeb_opt_arity_6_layeredfan/normalized-linpeb_opt_arity_6_layeredfan_ncols_49.opb.xz,14
OPT-LIN/normalized-PB24/nordstrom/CoreGuidedPB/linpeb/linpeb_opt_arity_6_layeredfan/normalized-linpeb_opt_arity_6_layeredfan_ncols_51.opb.xz,14
OPT-LIN/normalized-PB24/nordstrom/CoreGuidedPB/linpeb/linpeb_opt_arity_6_layeredfan/normalized-linpeb_opt_arity_6_layeredfan_ncols_53.opb.xz,15
OPT-LIN/normalized-PB24/nordstrom/CoreGuidedPB/linpeb/linpeb_opt_arity_6_layeredfan/normalized-linpeb_opt_arity_6_layeredfan_ncols_55.opb.xz,15
OPT-LIN/normalized-PB24/nordstrom/CoreGuidedPB/linpeb/linpeb_opt_arity_6_layeredfan/normalized-linpeb_opt_arity_6_layeredfan_ncols_57.opb.xz,15
OPT-LIN/normalized-PB24/nordstrom/CoreGuidedPB/linpeb/linpeb_opt_arity_6_layeredfan/normalized-linpeb_opt_arity_6_layeredfan_ncols_59.opb.xz,15
OPT-LIN/normalized-PB24/nordstrom/CoreGuidedPB/linpeb/linpeb_opt_arity_6_layeredfan/normalized-linpeb_opt_arity_6_layeredfan_ncols_63.opb.xz,15
OPT-LIN/normalized-PB24/nordstrom/CoreGuidedPB/linpeb/linpeb_opt_arity_6_layeredfan/normalized-linpeb_opt_arity_6_layeredfan_ncols_69.opb.xz,15
OPT-LIN/normalized-PB24/nordstrom/CoreGuidedPB/linpeb/linpeb_opt_arity_6_layeredfan/normalized-linpeb_opt_arity_6_layeredfan_ncols_72.opb.xz,15
OPT-LIN/normalized-PB24/nordstrom/CoreGuidedPB/linpeb/linpeb_opt_arity_6_layeredfan/normalized-linpeb_opt_arity_6_layeredfan_ncols_75.opb.xz,16
OPT-LIN/normalized-PB24/nordstrom/CoreGuidedPB/maxcut/maxcut_opt_complete_5-partite_block/normalized-maxcut_opt_complete_5-partite_block_nvert_10.opb.xz,6
OPT-LIN/normalized-PB24/nordstrom/CoreGuidedPB/maxcut/maxcut_opt_complete_5-partite_block/normalized-maxcut_opt_complete_5-partite_block_nvert_12.opb.xz,6
OPT-LIN/normalized-PB24/nordstrom/CoreGuidedPB/maxcut/maxcut_opt_complete_5-partite_block/normalized-maxcut_opt_complete_5-partite_block_nvert_15.opb.xz,7
OPT-LIN/normalized-PB24/nordstrom/CoreGuidedPB/maxcut/maxcut_opt_complete_5-partite_block/normalized-maxcut_opt_complete_5-partite_block_nvert_17.opb.xz,7
OPT-LIN/normalized-PB24/nordstrom/CoreGuidedPB/maxcut/maxcut_opt_complete_5-partite_block/normalized-maxcut_opt_complete_5-partite_block_nvert_20.opb.xz,8
OPT-LIN/normalized-PB24/nordstrom/CoreGuidedPB/maxcut/maxcut_opt_complete_5-partite_block/normalized-maxcut_opt_complete_5-partite_block_nvert_22.opb.xz,8
OPT-LIN/normalized-PB24/nordstrom/CoreGuidedPB/maxcut/maxcut_opt_complete_5-partite_block/normalized-maxcut_opt_complete_5-partite_block_nvert_25.opb.xz,8
OPT-LIN/normalized-PB24/nordstrom/CoreGuidedPB/maxcut/maxcut_opt_complete_5-partite_block/normalized-maxcut_opt_complete_5-partite_block_nvert_27.opb.xz,9
OPT-LIN/normalized-PB24/nordstrom/CoreGuidedPB/maxcut/maxcut_opt_complete_5-partite_block/normalized-maxcut_opt_complete_5-partite_block_nvert_30.opb.xz,9
OPT-LIN/normalized-PB24/nordstrom/CoreGuidedPB/maxcut/maxcut_opt_complete_5-partite_block/normalized-maxcut_opt_complete_5-partite_block_nvert_32.opb.xz,9
OPT-LIN/normalized-PB24/nordstrom/CoreGuidedPB/maxcut/maxcut_opt_complete_5-partite_block/normalized-maxcut_opt_complete_5-partite_block_nvert_35.opb.xz,9
OPT-LIN/normalized-PB24/nordstrom/CoreGuidedPB/maxcut/maxcut_opt_complete_5-partite_block/normalized-maxcut_opt_complete_5-partite_block_nvert_37.opb.xz,10
OPT-LIN/normalized-PB24/nordstrom/CoreGuidedPB/maxcut/maxcut_opt_complete_5-partite_block/normalized-maxcut_opt_complete_5-partite_block_nvert_40.opb.xz,10
OPT-LIN/normalized-PB24/nordstrom/CoreGuidedPB/maxcut/maxcut_opt_complete_5-partite_block/normalized-maxcut_opt_complete_5-partite_block_nvert_42.opb.xz,10
OPT-LIN/normalized-PB24/nordstrom/CoreGuidedPB/maxcut/maxcut_opt_complete_5-partite_block/normalized-maxcut_opt_complete_5-partite_block_nvert_45.opb.xz,10
OPT-LIN/normalized-PB24/nordstrom/CoreGuidedPB/maxcut/maxcut_opt_complete_5-partite_block/normalized-maxcut_opt_complete_5-partite_block_nvert_47.opb.xz,10
OPT-LIN/normalized-PB24/nordstrom/CoreGuidedPB/maxcut/maxcut_opt_complete_5-partite_block/normalized-maxcut_opt_complete_5-partite_block_nvert_50.opb.xz,10
OPT-LIN/normalized-PB24/nordstrom/CoreGuidedPB/maxcut/maxcut_opt_complete_5-partite_block/normalized-maxcut_opt_complete_5-partite_block_nvert_52.opb.xz,11
OPT-LIN/normalized-PB24/nordstrom/CoreGuidedPB/maxcut/maxcut_opt_complete_5-partite_block/normalized-maxcut_opt_complete_5-partite_block_nvert_55.opb.xz,11
OPT-LIN/normalized-PB24/nordstrom/CoreGuidedPB/maxcut/maxcut_opt_complete_5-partite_block/normalized-maxcut_opt_complete_5-partite_block_nvert_57.opb.xz,11
OPT-LIN/normalized-PB24/nordstrom/CoreGuidedPB/maxcut/maxcut_opt_complete_5-partite_block/normalized-maxcut_opt_complete_5-partite_block_nvert_60.opb.xz,11
OPT-LIN/normalized-PB24/nordstrom/CoreGuidedPB/maxcut/maxcut_opt_complete_5-partite_block/normalized-maxcut_opt_complete_5-partite_block_nvert_62.opb.xz,11
OPT-LIN/normalized-PB24/nordstrom/CoreGuidedPB/maxcut/maxcut_opt_complete_5-partite_block/normalized-maxcut_opt_complete_5-partite_block_nvert_65.opb.xz,11
OPT-LIN/normalized-PB24/nordstrom/CoreGuidedPB/maxcut/maxcut_opt_complete_5-partite_block/normalized-maxcut_opt_complete_5-partite_block_nvert_67.opb.xz,11
OPT-LIN/normalized-PB24/nordstrom/CoreGuidedPB/maxcut/maxcut_opt_complete_5-partite_block/normalized-maxcut_opt_complete_5-partite_block_nvert_70.opb.xz,11
OPT-LIN/normalized-PB24/nordstrom/CoreGuidedPB/maxcut/maxcut_opt_complete_5-partite_block/normalized-maxcut_opt_complete_5-partite_block_nvert_72.opb.xz,12
OPT-LIN/normalized-PB24/nordstrom/CoreGuidedPB/maxcut/maxcut_opt_complete_5-partite_block/normalized-maxcut_opt_complete_5-partite_block_nvert_75.opb.xz,12
OPT-LIN/normalized-PB24/nordstrom/CoreGuidedPB/maxcut/maxcut_opt_complete_5-partite_block/normalized-maxcut_opt_complete_5-partite_block_nvert_77.opb.xz,12
OPT-LIN/normalized-PB24/nordstrom/CoreGuidedPB/maxcut/maxcut_opt_complete_5-partite_block/normalized-maxcut_opt_complete_5-partite_block_nvert_80.opb.xz,12
OPT-LIN/normalized-PB24/nordstrom/CoreGuidedPB/maxcut/maxcut_opt_complete_5-partite_block/normalized-maxcut_opt_complete_5-partite_block_nvert_82.opb.xz,12
OPT-LIN/normalized-PB24/nordstrom/CoreGuidedPB/maxcut/maxcut_opt_complete_5-partite_block/normalized-maxcut_opt_complete_5-partite_block_nvert_85.opb.xz,12
OPT-LIN/normalized-PB24/nordstrom/CoreGuidedPB/maxcut/maxcut_opt_complete_5-partite_block/normalized-maxcut_opt_complete_5-partite_block_nvert_87.opb.xz,12
OPT-LIN/normalized-PB24/nordstrom/CoreGuidedPB/maxcut/maxcut_opt_complete_5-partite_block/normalized-maxcut_opt_complete_5-partite_block_nvert_90.opb.xz,12
OPT-LIN/normalized-PB24/nordstrom/CoreGuidedPB/maxcut/maxcut_opt_complete_5-partite_inlv/normalized-maxcut_opt_complete_5-partite_inlv_nvert_10.opb.xz,6
OPT-LIN/normalized-PB24/nordstrom/CoreGuidedPB/maxcut/maxcut_opt_complete_5-partite_inlv/normalized-maxcut_opt_complete_5-partite_inlv_nvert_12.opb.xz,6
OPT-LIN/normalized-PB24/nordstrom/CoreGuidedPB/maxcut/maxcut_opt_complete_5-partite_inlv/normalized-maxcut_opt_complete_5-partite_inlv_nvert_15.opb.xz,7
OPT-LIN/normalized-PB24/nordstrom/CoreGuidedPB/maxcut/maxcut_opt_complete_5-partite_inlv/normalized-maxcut_opt_complete_5-partite_inlv_nvert_17.opb.xz,7
OPT-LIN/normalized-PB24/nordstrom/CoreGuidedPB/maxcut/maxcut_opt_complete_5-partite_inlv/normalized-maxcut_opt_complete_5-partite_inlv_nvert_20.opb.xz,8
OPT-LIN/normalized-PB24/nordstrom/CoreGuidedPB/maxcut/maxcut_opt_complete_5-partite_inlv/normalized-maxcut_opt_complete_5-partite_inlv_nvert_22.opb.xz,8
OPT-LIN/normalized-PB24/nordstrom/CoreGuidedPB/maxcut/maxcut_opt_complete_5-partite_inlv/normalized-maxcut_opt_complete_5-partite_inlv_nvert_25.opb.xz,8
OPT-LIN/normalized-PB24/nordstrom/CoreGuidedPB/maxcut/maxcut_opt_complete_5-partite_inlv/normalized-maxcut_opt_complete_5-partite_inlv_nvert_27.opb.xz,9
OPT-LIN/normalized-PB24/nordstrom/CoreGuidedPB/maxcut/maxcut_opt_complete_5-partite_inlv/normalized-maxcut_opt_complete_5-partite_inlv_nvert_30.opb.xz,9
OPT-LIN/normalized-PB24/nordstrom/CoreGuidedPB/maxcut/maxcut_opt_complete_5-partite_inlv/normalized-maxcut_opt_complete_5-partite_inlv_nvert_32.opb.xz,9
OPT-LIN/normalized-PB24/nordstrom/CoreGuidedPB/maxcut/maxcut_opt_complete_5-partite_inlv/normalized-maxcut_opt_complete_5-partite_inlv_nvert_35.opb.xz,9
OPT-LIN/normalized-PB24/nordstrom/CoreGuidedPB/maxcut/maxcut_opt_complete_5-partite_inlv/normalized-maxcut_opt_complete_5-partite_inlv_nvert_37.opb.xz,10
OPT-LIN/normalized-PB24/nordstrom/CoreGuidedPB/maxcut/maxcut_opt_complete_5-partite_inlv/normalized-maxcut_opt_complete_5-partite_inlv_nvert_40.opb.xz,10
OPT-LIN/normalized-PB24/nordstrom/CoreGuidedPB/maxcut/maxcut_opt_complete_5-partite_inlv/normalized-maxcut_opt_complete_5-partite_inlv_nvert_42.opb.xz,10
OPT-LIN/normalized-PB24/nordstrom/CoreGuidedPB/maxcut/maxcut_opt_complete_5-partite_inlv/normalized-maxcut_opt_complete_5-partite_inlv_nvert_45.opb.xz,10
OPT-LIN/normalized-PB24/nordstrom/CoreGuidedPB/maxcut/maxcut_opt_complete_5-partite_inlv/normalized-maxcut_opt_complete_5-partite_inlv_nvert_47.opb.xz,10
OPT-LIN/normalized-PB24/nordstrom/CoreGuidedPB/maxcut/maxcut_opt_complete_5-partite_inlv/normalized-maxcut_opt_complete_5-partite_inlv_nvert_50.opb.xz,10
OPT-LIN/normalized-PB24/nordstrom/CoreGuidedPB/maxcut/maxcut_opt_complete_5-partite_inlv/normalized-maxcut_opt_complete_5-partite_inlv_nvert_52.opb.xz,11
OPT-LIN/normalized-PB24/nordstrom/CoreGuidedPB/maxcut/maxcut_opt_complete_5-partite_inlv/normalized-maxcut_opt_complete_5-partite_inlv_nvert_55.opb.xz,11
OPT-LIN/normalized-PB24/nordstrom/CoreGuidedPB/maxcut/maxcut_opt_complete_5-partite_inlv/normalized-maxcut_opt_complete_5-partite_inlv_nvert_57.opb.xz,11
OPT-LIN/normalized-PB24/nordstrom/CoreGuidedPB/maxcut/maxcut_opt_complete_5-partite_inlv/normalized-maxcut_opt_complete_5-partite_inlv_nvert_60.opb.xz,11
OPT-LIN/normalized-PB24/nordstrom/CoreGuidedPB/maxcut/maxcut_opt_complete_5-partite_inlv/normalized-maxcut_opt_complete_5-partite_inlv_nvert_62.opb.xz,11
OPT-LIN/normalized-PB24/nordstrom/CoreGuidedPB/maxcut/maxcut_opt_complete_5-partite_inlv/normalized-maxcut_opt_complete_5-partite_inlv_nvert_65.opb.xz,11
OPT-LIN/normalized-PB24/nordstrom/CoreGuidedPB/maxcut/maxcut_opt_complete_5-partite_inlv/normalized-maxcut_opt_complete_5-partite_inlv_nvert_67.opb.xz,11
OPT-LIN/normalized-PB24/nordstrom/CoreGuidedPB/maxcut/maxcut_opt_complete_5-partite_inlv/normalized-maxcut_opt_complete_5-partite_inlv_nvert_70.opb.xz,11
OPT-LIN/normalized-PB24/nordstrom/CoreGuidedPB/maxcut/maxcut_opt_complete_5-partite_inlv/normalized-maxcut_opt_complete_5-partite_inlv_nvert_72.opb.xz,12
OPT-LIN/normalized-PB24/nordstrom/CoreGuidedPB/maxcut/maxcut_opt_complete_5-partite_inlv/normalized-maxcut_opt_complete_5-partite_inlv_nvert_75.opb.xz,12
OPT-LIN/normalized-PB24/nordstrom/CoreGuidedPB/maxcut/maxcut_opt_complete_5-partite_inlv/normalized-maxcut_opt_complete_5-partite_inlv_nvert_77.opb.xz,12
OPT-LIN/normalized-PB24/nordstrom/CoreGuidedPB/maxcut/maxcut_opt_complete_5-partite_inlv/normalized-maxcut_opt_complete_5-partite_inlv_nvert_80.opb.xz,12
OPT-LIN/normalized-PB24/nordstrom/CoreGuidedPB/maxcut/maxcut_opt_complete_5-partite_inlv/normalized-maxcut_opt_complete_5-partite_inlv_nvert_82.opb.xz,12
OPT-LIN/normalized-PB24/nordstrom/CoreGuidedPB/maxcut/maxcut_opt_complete_5-partite_inlv/normalized-maxcut_opt_complete_5-partite_inlv_nvert_85.opb.xz,12
OPT-LIN/normalized-PB24/nordstrom/CoreGuidedPB/maxcut/maxcut_opt_complete_5-partite_inlv/normalized-maxcut_opt_complete_5-partite_inlv_nvert_87.opb.xz,12
OPT-LIN/normalized-PB24/nordstrom/CoreGuidedPB/maxcut/maxcut_opt_complete_5-partite_inlv/normalized-maxcut_opt_complete_5-partite_inlv_nvert_90.opb.xz,12
OPT-LIN/normalized-PB24/nordstrom/CoreGuidedPB/maxcut/maxcut_opt_complete_6-partite_block/normalized-maxcut_opt_complete_6-partite_block_nvert_12.opb.xz,6
OPT-LIN/normalized-PB24/nordstrom/CoreGuidedPB/maxcut/maxcut_opt_complete_6-partite_block/normalized-maxcut_opt_complete_6-partite_block_nvert_15.opb.xz,7
OPT-LIN/normalized-PB24/nordstrom/CoreGuidedPB/maxcut/maxcut_opt_complete_6-partite_block/normalized-maxcut_opt_complete_6-partite_block_nvert_18.opb.xz,8
OPT-LIN/normalized-PB24/nordstrom/CoreGuidedPB/maxcut/maxcut_opt_complete_6-partite_block/normalized-maxcut_opt_complete_6-partite_block_nvert_21.opb.xz,8
OPT-LIN/normalized-PB24/nordstrom/CoreGuidedPB/maxcut/maxcut_opt_complete_6-partite_block/normalized-maxcut_opt_complete_6-partite_block_nvert_24.opb.xz,8
OPT-LIN/normalized-PB24/nordstrom/CoreGuidedPB/maxcut/maxcut_opt_complete_6-partite_block/normalized-maxcut_opt_complete_6-partite_block_nvert_27.opb.xz,9
OPT-LIN/normalized-PB24/nordstrom/CoreGuidedPB/maxcut/maxcut_opt_complete_6-partite_block/normalized-maxcut_opt_complete_6-partite_block_nvert_30.opb.xz,9
OPT-LIN/normalized-PB24/nordstrom/CoreGuidedPB/maxcut/maxcut_opt_complete_6-partite_block/normalized-maxcut_opt_complete_6-partite_block_nvert_33.opb.xz,9
OPT-LIN/normalized-PB24/nordstrom/CoreGuidedPB/maxcut/maxcut_opt_complete_6-partite_block/normalized-maxcut_opt_complete_6-partite_block_nvert_36.opb.xz,10
OPT-LIN/normalized-PB24/nordstrom/CoreGuidedPB/maxcut/maxcut_opt_complete_6-partite_block/normalized-maxcut_opt_complete_6-partite_block_nvert_39.opb.xz,10
OPT-LIN/normalized-PB24/nordstrom/CoreGuidedPB/maxcut/maxcut_opt_complete_6-partite_block/normalized-maxcut_opt_complete_6-partite_block_nvert_42.opb.xz,10
OPT-LIN/normalized-PB24/nordstrom/CoreGuidedPB/maxcut/maxcut_opt_complete_6-partite_block/normalized-maxcut_opt_complete_6-partite_block_nvert_45.opb.xz,10
OPT-LIN/normalized-PB24/nordstrom/CoreGuidedPB/maxcut/maxcut_opt_complete_6-partite_block/normalized-maxcut_opt_complete_6-partite_block_nvert_48.opb.xz,10
OPT-LIN/normalized-PB24/nordstrom/CoreGuidedPB/maxcut/maxcut_opt_complete_6-partite_block/normalized-maxcut_opt_complete_6-partite_block_nvert_51.opb.xz,11
OPT-LIN/normalized-PB24/nordstrom/CoreGuidedPB/maxcut/maxcut_opt_complete_6-partite_block/normalized-maxcut_opt_complete_6-partite_block_nvert_54.opb.xz,11
OPT-LIN/normalized-PB24/nordstrom/CoreGuidedPB/maxcut/maxcut_opt_complete_6-partite_block/normalized-maxcut_opt_complete_6-partite_block_nvert_57.opb.xz,11
OPT-LIN/normalized-PB24/nordstrom/CoreGuidedPB/maxcut/maxcut_opt_complete_6-partite_block/normalized-maxcut_opt_complete_6-partite_block_nvert_60.opb.xz,11
OPT-LIN/normalized-PB24/nordstrom/CoreGuidedPB/maxcut/maxcut_opt_complete_6-partite_block/normalized-maxcut_opt_complete_6-partite_block_nvert_63.opb.xz,11
OPT-LIN/normalized-PB24/nordstrom/CoreGuidedPB/maxcut/maxcut_opt_complete_6-partite_block/normalized-maxcut_opt_complete_6-partite_block_nvert_66.opb.xz,11
OPT-LIN/normalized-PB24/nordstrom/CoreGuidedPB/maxcut/maxcut_opt_complete_6-partite_block/normalized-maxcut_opt_complete_6-partite_block_nvert_69.opb.xz,11
OPT-LIN/normalized-PB24/nordstrom/CoreGuidedPB/maxcut/maxcut_opt_complete_6-partite_block/normalized-maxcut_opt_complete_6-partite_block_nvert_72.opb.xz,12
OPT-LIN/normalized-PB24/nordstrom/CoreGuidedPB/maxcut/maxcut_opt_complete_6-partite_block/normalized-maxcut_opt_complete_6-partite_block_nvert_75.opb.xz,12
OPT-LIN/normalized-PB24/nordstrom/CoreGuidedPB/maxcut/maxcut_opt_complete_6-partite_block/normalized-maxcut_opt_complete_6-partite_block_nvert_78.opb.xz,12
OPT-LIN/normalized-PB24/nordstrom/CoreGuidedPB/maxcut/maxcut_opt_complete_6-partite_block/normalized-maxcut_opt_complete_6-partite_block_nvert_81.opb.xz,12
OPT-LIN/normalized-PB24/nordstrom/CoreGuidedPB/maxcut/maxcut_opt_complete_6-partite_block/normalized-maxcut_opt_complete_6-partite_block_nvert_84.opb.xz,12
OPT-LIN/normalized-PB24/nordstrom/CoreGuidedPB/maxcut/maxcut_opt_complete_6-partite_block/normalized-maxcut_opt_complete_6-partite_block_nvert_87.opb.xz,12
OPT-LIN/normalized-PB24/nordstrom/CoreGuidedPB/maxcut/maxcut_opt_complete_6-partite_block/normalized-maxcut_opt_complete_6-partite_block_nvert_90.opb.xz,12
OPT-LIN/normalized-PB24/nordstrom/CoreGuidedPB/maxcut/maxcut_opt_complete_6-partite_inlv/normalized-maxcut_opt_complete_6-partite_inlv_nvert_12.opb.xz,6
OPT-LIN/normalized-PB24/nordstrom/CoreGuidedPB/maxcut/maxcut_opt_complete_6-partite_inlv/normalized-maxcut_opt_complete_6-partite_inlv_nvert_15.opb.xz,7
OPT-LIN/normalized-PB24/nordstrom/CoreGuidedPB/maxcut/maxcut_opt_complete_6-partite_inlv/normalized-maxcut_opt_complete_6-partite_inlv_nvert_18.opb.xz,8
OPT-LIN/normalized-PB24/nordstrom/CoreGuidedPB/maxcut/maxcut_opt_complete_6-partite_inlv/normalized-maxcut_opt_complete_6-partite_inlv_nvert_21.opb.xz,8
OPT-LIN/normalized-PB24/nordstrom/CoreGuidedPB/maxcut/maxcut_opt_complete_6-partite_inlv/normalized-maxcut_opt_complete_6-partite_inlv_nvert_24.opb.xz,8
OPT-LIN/normalized-PB24/nordstrom/CoreGuidedPB/maxcut/maxcut_opt_complete_6-partite_inlv/normalized-maxcut_opt_complete_6-partite_inlv_nvert_27.opb.xz,9
OPT-LIN/normalized-PB24/nordstrom/CoreGuidedPB/maxcut/maxcut_opt_complete_6-partite_inlv/normalized-maxcut_opt_complete_6-partite_inlv_nvert_30.opb.xz,9
OPT-LIN/normalized-PB24/nordstrom/CoreGuidedPB/maxcut/maxcut_opt_complete_6-partite_inlv/normalized-maxcut_opt_complete_6-partite_inlv_nvert_33.opb.xz,9
OPT-LIN/normalized-PB24/nordstrom/CoreGuidedPB/maxcut/maxcut_opt_complete_6-partite_inlv/normalized-maxcut_opt_complete_6-partite_inlv_nvert_36.opb.xz,10
OPT-LIN/normalized-PB24/nordstrom/CoreGuidedPB/maxcut/maxcut_opt_complete_6-partite_inlv/normalized-maxcut_opt_complete_6-partite_inlv_nvert_39.opb.xz,10
OPT-LIN/normalized-PB24/nordstrom/CoreGuidedPB/maxcut/maxcut_opt_complete_6-partite_inlv/normalized-maxcut_opt_complete_6-partite_inlv_nvert_42.opb.xz,10
OPT-LIN/normalized-PB24/nordstrom/CoreGuidedPB/maxcut/maxcut_opt_complete_6-partite_inlv/normalized-maxcut_opt_complete_6-partite_inlv_nvert_45.opb.xz,10
OPT-LIN/normalized-PB24/nordstrom/CoreGuidedPB/maxcut/maxcut_opt_complete_6-partite_inlv/normalized-maxcut_opt_complete_6-partite_inlv_nvert_48.opb.xz,10
OPT-LIN/normalized-PB24/nordstrom/CoreGuidedPB/maxcut/maxcut_opt_complete_6-partite_inlv/normalized-maxcut_opt_complete_6-partite_inlv_nvert_51.opb.xz,11
OPT-LIN/normalized-PB24/nordstrom/CoreGuidedPB/maxcut/maxcut_opt_complete_6-partite_inlv/normalized-maxcut_opt_complete_6-partite_inlv_nvert_54.opb.xz,11
OPT-LIN/normalized-PB24/nordstrom/CoreGuidedPB/maxcut/maxcut_opt_complete_6-partite_inlv/normalized-maxcut_opt_complete_6-partite_inlv_nvert_57.opb.xz,11
OPT-LIN/normalized-PB24/nordstrom/CoreGuidedPB/maxcut/maxcut_opt_complete_6-partite_inlv/normalized-maxcut_opt_complete_6-partite_inlv_nvert_60.opb.xz,11
OPT-LIN/normalized-PB24/nordstrom/CoreGuidedPB/maxcut/maxcut_opt_complete_6-partite_inlv/normalized-maxcut_opt_complete_6-partite_inlv_nvert_63.opb.xz,11
OPT-LIN/normalized-PB24/nordstrom/CoreGuidedPB/maxcut/maxcut_opt_complete_6-partite_inlv/normalized-maxcut_opt_complete_6-partite_inlv_nvert_66.opb.xz,11
OPT-LIN/normalized-PB24/nordstrom/CoreGuidedPB/maxcut/maxcut_opt_complete_6-partite_inlv/normalized-maxcut_opt_complete_6-partite_inlv_nvert_69.opb.xz,11
OPT-LIN/normalized-PB24/nordstrom/CoreGuidedPB/maxcut/maxcut_opt_complete_6-partite_inlv/normalized-maxcut_opt_complete_6-partite_inlv_nvert_72.opb.xz,12
OPT-LIN/normalized-PB24/nordstrom/CoreGuidedPB/maxcut/maxcut_opt_complete_6-partite_inlv/normalized-maxcut_opt_complete_6-partite_inlv_nvert_75.opb.xz,12
OPT-LIN/normalized-PB24/nordstrom/CoreGuidedPB/maxcut/maxcut_opt_complete_6-partite_inlv/normalized-maxcut_opt_complete_6-partite_inlv_nvert_78.opb.xz,12
OPT-LIN/normalized-PB24/nordstrom/CoreGuidedPB/maxcut/maxcut_opt_complete_6-partite_inlv/normalized-maxcut_opt_complete_6-partite_inlv_nvert_81.opb.xz,12
OPT-LIN/normalized-PB24/nordstrom/CoreGuidedPB/maxcut/maxcut_opt_complete_6-partite_inlv/normalized-maxcut_opt_complete_6-partite_inlv_nvert_84.opb.xz,12
OPT-LIN/normalized-PB24/nordstrom/CoreGuidedPB/maxcut/maxcut_opt_complete_6-partite_inlv/normalized-maxcut_opt_complete_6-partite_inlv_nvert_87.opb.xz,12
OPT-LIN/normalized-PB24/nordstrom/CoreGuidedPB/maxcut/maxcut_opt_complete_6-partite_inlv/normalized-maxcut_opt_complete_6-partite_inlv_nvert_90.opb.xz,12
OPT-LIN/normalized-PB24/nordstrom/CoreGuidedPB/multverif/diagcomm_greater/normalized-mult_diagcomm_opt_greater_teq_nbits_03.opb.xz,7
OPT-LIN/normalized-PB24/nordstrom/CoreGuidedPB/multverif/diagcomm_greater/normalized-mult_diagcomm_opt_greater_teq_nbits_04.opb.xz,9
OPT-LIN/normalized-PB24/nordstrom/CoreGuidedPB/multverif/diagcomm_greater/normalized-mult_diagcomm_opt_greater_teq_nbits_05.opb.xz,11
OPT-LIN/normalized-PB24/nordstrom/CoreGuidedPB/multverif/diagcomm_greater/normalized-mult_diagcomm_opt_greater_teq_nbits_06.opb.xz,13
OPT-LIN/normalized-PB24/nordstrom/CoreGuidedPB/multverif/diagcomm_greater/normalized-mult_diagcomm_opt_greater_teq_nbits_07.opb.xz,15
OPT-LIN/normalized-PB24/nordstrom/CoreGuidedPB/multverif/diagcomm_greater/normalized-mult_diagcomm_opt_greater_teq_nbits_08.opb.xz,17
OPT-LIN/normalized-PB24/nordstrom/CoreGuidedPB/multverif/diagcomm_greater/normalized-mult_diagcomm_opt_greater_teq_nbits_09.opb.xz,19
OPT-LIN/normalized-PB24/nordstrom/CoreGuidedPB/multverif/diagcomm_greater/normalized-mult_diagcomm_opt_greater_teq_nbits_10.opb.xz,21
OPT-LIN/normalized-PB24/nordstrom/CoreGuidedPB/multverif/diagcomm_greater/normalized-mult_diagcomm_opt_greater_teq_nbits_11.opb.xz,23
OPT-LIN/normalized-PB24/nordstrom/CoreGuidedPB/multverif/diagcomm_greater/normalized-mult_diagcomm_opt_greater_teq_nbits_12.opb.xz,25
OPT-LIN/normalized-PB24/nordstrom/CoreGuidedPB/multverif/diagcomm_greater/normalized-mult_diagcomm_opt_greater_teq_nbits_13.opb.xz,27
OPT-LIN/normalized-PB24/nordstrom/CoreGuidedPB/multverif/diagcomm_greater/normalized-mult_diagcomm_opt_greater_teq_nbits_14.opb.xz,29
OPT-LIN/normalized-PB24/nordstrom/CoreGuidedPB/multverif/diagcomm_greater/normalized-mult_diagcomm_opt_greater_teq_nbits_15.opb.xz,31
OPT-LIN/normalized-PB24/nordstrom/CoreGuidedPB/multverif/diagcomm_greater/normalized-mult_diagcomm_opt_greater_teq_nbits_16.opb.xz,33
OPT-LIN/normalized-PB24/nordstrom/CoreGuidedPB/multverif/diagcomm_greater/normalized-mult_diagcomm_opt_greater_teq_nbits_17.opb.xz,35
OPT-LIN/normalized-PB24/nordstrom/CoreGuidedPB/multverif/diagcomm_greater/normalized-mult_diagcomm_opt_greater_teq_nbits_18.opb.xz,37
OPT-LIN/normalized-PB24/nordstrom/CoreGuidedPB/multverif/diagcomm_greater/normalized-mult_diagcomm_opt_greater_teq_nbits_19.opb.xz,39
OPT-LIN/normalized-PB24/nordstrom/CoreGuidedPB/multverif/diagcomm_greater/normalized-mult_diagcomm_opt_greater_teq_nbits_20.opb.xz,41
OPT-LIN/normalized-PB24/nordstrom/CoreGuidedPB/multverif/diagcomm_greater/normalized-mult_diagcomm_opt_greater_teq_nbits_21.opb.xz,43
OPT-LIN/normalized-PB24/nordstrom/CoreGuidedPB/multverif/diagcomm_greater/normalized-mult_diagcomm_opt_greater_teq_nbits_22.opb.xz,45
OPT-LIN/normalized-PB24/nordstrom/CoreGuidedPB/multverif/diagcomm_greater/normalized-mult_diagcomm_opt_greater_teq_nbits_23.opb.xz,47
OPT-LIN/normalized-PB24/nordstrom/CoreGuidedPB/multverif/diagcomm_greater/normalized-mult_diagcomm_opt_greater_teq_nbits_24.opb.xz,49
OPT-LIN/normalized-PB24/nordstrom/CoreGuidedPB/multverif/diagcomm_greater/normalized-mult_diagcomm_opt_greater_teq_nbits_25.opb.xz,51
OPT-LIN/normalized-PB24/nordstrom/CoreGuidedPB/multverif/diagcomm_greater/normalized-mult_diagcomm_opt_greater_teq_nbits_26.opb.xz,53
OPT-LIN/normalized-PB24/nordstrom/CoreGuidedPB/multverif/diagcomm_greater/normalized-mult_diagcomm_opt_greater_teq_nbits_27.opb.xz,55
OPT-LIN/normalized-PB24/nordstrom/CoreGuidedPB/multverif/diagcomm_greater/normalized-mult_diagcomm_opt_greater_teq_nbits_28.opb.xz,57
OPT-LIN/normalized-PB24/nordstrom/CoreGuidedPB/multverif/diagcomm_greater/normalized-mult_diagcomm_opt_greater_teq_nbits_29.opb.xz,59
OPT-LIN/normalized-PB24/nordstrom/CoreGuidedPB/multverif/diagcomm_greater/normalized-mult_diagcomm_opt_greater_teq_nbits_30.opb.xz,61
OPT-LIN/normalized-PB24/nordstrom/CoreGuidedPB/multverif/diagcomm_greater/normalized-mult_diagcomm_opt_greater_teq_nbits_31.opb.xz,63
OPT-LIN/normalized-PB24/nordstrom/CoreGuidedPB/multverif/diagcomm_less/normalized-mult_diagcomm_opt_less_teq_nbits_03.opb.xz,7
OPT-LIN/normalized-PB24/nordstrom/CoreGuidedPB/multverif/diagcomm_less/normalized-mult_diagcomm_opt_less_teq_nbits_04.opb.xz,9
OPT-LIN/normalized-PB24/nordstrom/CoreGuidedPB/multverif/diagcomm_less/normalized-mult_diagcomm_opt_less_teq_nbits_05.opb.xz,11
OPT-LIN/normalized-PB24/nordstrom/CoreGuidedPB/multverif/diagcomm_less/normalized-mult_diagcomm_opt_less_teq_nbits_06.opb.xz,13
OPT-LIN/normalized-PB24/nordstrom/CoreGuidedPB/multverif/diagcomm_less/normalized-mult_diagcomm_opt_less_teq_nbits_07.opb.xz,15
OPT-LIN/normalized-PB24/nordstrom/CoreGuidedPB/multverif/diagcomm_less/normalized-mult_diagcomm_opt_less_teq_nbits_08.opb.xz,17
OPT-LIN/normalized-PB24/nordstrom/CoreGuidedPB/multverif/diagcomm_less/normalized-mult_diagcomm_opt_less_teq_nbits_09.opb.xz,19
OPT-LIN/normalized-PB24/nordstrom/CoreGuidedPB/multverif/diagcomm_less/normalized-mult_diagcomm_opt_less_teq_nbits_10.opb.xz,21
OPT-LIN/normalized-PB24/nordstrom/CoreGuidedPB/multverif/diagcomm_less/normalized-mult_diagcomm_opt_less_teq_nbits_11.opb.xz,23
OPT-LIN/normalized-PB24/nordstrom/CoreGuidedPB/multverif/diagcomm_less/normalized-mult_diagcomm_opt_less_teq_nbits_12.opb.xz,25
OPT-LIN/normalized-PB24/nordstrom/CoreGuidedPB/multverif/diagcomm_less/normalized-mult_diagcomm_opt_less_teq_nbits_13.opb.xz,27
OPT-LIN/normalized-PB24/nordstrom/CoreGuidedPB/multverif/diagcomm_less/normalized-mult_diagcomm_opt_less_teq_nbits_14.opb.xz,29
OPT-LIN/normalized-PB24/nordstrom/CoreGuidedPB/multverif/diagcomm_less/normalized-mult_diagcomm_opt_less_teq_nbits_15.opb.xz,31
OPT-LIN/normalized-PB24/nordstrom/CoreGuidedPB/multverif/diagcomm_less/normalized-mult_diagcomm_opt_less_teq_nbits_16.opb.xz,33
OPT-LIN/normalized-PB24/nordstrom/CoreGuidedPB/multverif/diagcomm_less/normalized-mult_diagcomm_opt_less_teq_nbits_17.opb.xz,35
OPT-LIN/normalized-PB24/nordstrom/CoreGuidedPB/multverif/diagcomm_less/normalized-mult_diagcomm_opt_less_teq_nbits_18.opb.xz,37
OPT-LIN/normalized-PB24/nordstrom/CoreGuidedPB/multverif/diagcomm_less/normalized-mult_diagcomm_opt_less_teq_nbits_19.opb.xz,39
OPT-LIN/normalized-PB24/nordstrom/CoreGuidedPB/multverif/diagcomm_less/normalized-mult_diagcomm_opt_less_teq_nbits_20.opb.xz,41
OPT-LIN/normalized-PB24/nordstrom/CoreGuidedPB/multverif/diagcomm_less/normalized-mult_diagcomm_opt_less_teq_nbits_21.opb.xz,43
OPT-LIN/normalized-PB24/nordstrom/CoreGuidedPB/multverif/diagcomm_less/normalized-mult_diagcomm_opt_less_teq_nbits_22.opb.xz,45
OPT-LIN/normalized-PB24/nordstrom/CoreGuidedPB/multverif/diagcomm_less/normalized-mult_diagcomm_opt_less_teq_nbits_23.opb.xz,47
OPT-LIN/normalized-PB24/nordstrom/CoreGuidedPB/multverif/diagcomm_less/normalized-mult_diagcomm_opt_less_teq_nbits_24.opb.xz,49
OPT-LIN/normalized-PB24/nordstrom/CoreGuidedPB/multverif/diagcomm_less/normalized-mult_diagcomm_opt_less_teq_nbits_25.opb.xz,51
OPT-LIN/normalized-PB24/nordstrom/CoreGuidedPB/multverif/diagcomm_less/normalized-mult_diagcomm_opt_less_teq_nbits_26.opb.xz,53
OPT-LIN/normalized-PB24/nordstrom/CoreGuidedPB/multverif/diagcomm_less/normalized-mult_diagcomm_opt_less_teq_nbits_27.opb.xz,55
OPT-LIN/normalized-PB24/nordstrom/CoreGuidedPB/multverif/diagcomm_less/normalized-mult_diagcomm_opt_less_teq_nbits_28.opb.xz,57
OPT-LIN/normalized-PB24/nordstrom/CoreGuidedPB/multverif/diagcomm_less/normalized-mult_diagcomm_opt_less_teq_nbits_29.opb.xz,59
OPT-LIN/normalized-PB24/nordstrom/CoreGuidedPB/multverif/diagcomm_less/normalized-mult_diagcomm_opt_less_teq_nbits_30.opb.xz,61
OPT-LIN/normalized-PB24/nordstrom/CoreGuidedPB/multverif/diagcomm_less/normalized-mult_diagcomm_opt_less_teq_nbits_31.opb.xz,63
OPT-LIN/normalized-PB24/nordstrom/CoreGuidedPB/vertex_cover/vertexcover_opt_grid_evenrowevencolsquare/normalized-vertexcover_opt_grid_evenrowevencolsquare_dim_004.opb.xz,5
OPT-LIN/normalized-PB24/nordstrom/CoreGuidedPB/vertex_cover/vertexcover_opt_grid_evenrowevencolsquare/normalized-vertexcover_opt_grid_evenrowevencolsquare_dim_006.opb.xz,6
OPT-LIN/normalized-PB24/nordstrom/CoreGuidedPB/vertex_cover/vertexcover_opt_grid_evenrowevencolsquare/normalized-vertexcover_opt_grid_evenrowevencolsquare_dim_008.opb.xz,7
OPT-LIN/normalized-PB24/nordstrom/CoreGuidedPB/vertex_cover/vertexcover_opt_grid_evenrowevencolsquare/normalized-vertexcover_opt_grid_evenrowevencolsquare_dim_010.opb.xz,7
OPT-LIN/normalized-PB24/nordstrom/CoreGuidedPB/vertex_cover/vertexcover_opt_grid_evenrowevencolsquare/normalized-vertexcover_opt_grid_evenrowevencolsquare_dim_012.opb.xz,8
OPT-LIN/normalized-PB24/nordstrom/CoreGuidedPB/vertex_cover/vertexcover_opt_grid_evenrowevencolsquare/normalized-vertexcover_opt_grid_evenrowevencolsquare_dim_014.opb.xz,8
OPT-LIN/normalized-PB24/nordstrom/CoreGuidedPB/vertex_cover/vertexcover_opt_grid_evenrowevencolsquare/normalized-vertexcover_opt_grid_evenrowevencolsquare_dim_016.opb.xz,9
OPT-LIN/normalized-PB24/nordstrom/CoreGuidedPB/vertex_cover/vertexcover_opt_grid_evenrowevencolsquare/normalized-vertexcover_opt_grid_evenrowevencolsquare_dim_018.opb.xz,9
OPT-LIN/normalized-PB24/nordstrom/CoreGuidedPB/vertex_cover/vertexcover_opt_grid_evenrowevencolsquare/normalized-vertexcover_opt_grid_evenrowevencolsquare_dim_020.opb.xz,9
OPT-LIN/normalized-PB24/nordstrom/CoreGuidedPB/vertex_cover/vertexcover_opt_grid_evenrowevencolsquare/normalized-vertexcover_opt_grid_evenrowevencolsquare_dim_022.opb.xz,9
OPT-LIN/normalized-PB24/nordstrom/CoreGuidedPB/vertex_cover/vertexcover_opt_grid_evenrowevencolsquare/normalized-vertexcover_opt_grid_evenrowevencolsquare_dim_024.opb.xz,10
OPT-LIN/normalized-PB24/nordstrom/CoreGuidedPB/vertex_cover/vertexcover_opt_grid_evenrowevencolsquare/normalized-vertexcover_opt_grid_evenrowevencolsquare_dim_026.opb.xz,10
OPT-LIN/normalized-PB24/nordstrom/CoreGuidedPB/vertex_cover/vertexcover_opt_grid_evenrowevencolsquare/normalized-vertexcover_opt_grid_evenrowevencolsquare_dim_028.opb.xz,10
OPT-LIN/normalized-PB24/nordstrom/CoreGuidedPB/vertex_cover/vertexcover_opt_grid_evenrowevencolsquare/normalized-vertexcover_opt_grid_evenrowevencolsquare_dim_030.opb.xz,10
OPT-LIN/normalized-PB24/nordstrom/CoreGuidedPB/vertex_cover/vertexcover_opt_grid_evenrowevencolsquare/normalized-vertexcover_opt_grid_evenrowevencolsquare_dim_032.opb.xz,11
OPT-LIN/normalized-PB24/nordstrom/CoreGuidedPB/vertex_cover/vertexcover_opt_grid_evenrowevencolsquare/normalized-vertexcover_opt_grid_evenrowevencolsquare_dim_034.opb.xz,11
OPT-LIN/normalized-PB24/nordstrom/CoreGuidedPB/vertex_cover/vertexcover_opt_grid_evenrowevencolsquare/normalized-vertexcover_opt_grid_evenrowevencolsquare_dim_036.opb.xz,11
OPT-LIN/normalized-PB24/nordstrom/CoreGuidedPB/vertex_cover/vertexcover_opt_grid_evenrowevencolsquare/normalized-vertexcover_opt_grid_evenrowevencolsquare_dim_038.opb.xz,11
OPT-LIN/normalized-PB24/nordstrom/CoreGuidedPB/vertex_cover/vertexcover_opt_grid_evenrowevencolsquare/normalized-vertexcover_opt_grid_evenrowevencolsquare_dim_040.opb.xz,11
OPT-LIN/normalized-PB24/nordstrom/CoreGuidedPB/vertex_cover/vertexcover_opt_grid_evenrowevencolsquare/normalized-vertexcover_opt_grid_evenrowevencolsquare_dim_042.opb.xz,11
OPT-LIN/normalized-PB24/nordstrom/CoreGuidedPB/vertex_cover/vertexcover_opt_grid_evenrowevencolsquare/normalized-vertexcover_opt_grid_evenrowevencolsquare_dim_044.opb.xz,11
OPT-LIN/normalized-PB24/nordstrom/CoreGuidedPB/vertex_cover/vertexcover_opt_grid_evenrowevencolsquare/normalized-vertexcover_opt_grid_evenrowevencolsquare_dim_046.opb.xz,12
OPT-LIN/normalized-PB24/nordstrom/CoreGuidedPB/vertex_cover/vertexcover_opt_grid_evenrowevencolsquare/normalized-vertexcover_opt_grid_evenrowevencolsquare_dim_048.opb.xz,12
OPT-LIN/normalized-PB24/nordstrom/CoreGuidedPB/vertex_cover/vertexcover_opt_grid_evenrowevencolsquare/normalized-vertexcover_opt_grid_evenrowevencolsquare_dim_050.opb.xz,12
OPT-LIN/normalized-PB24/nordstrom/CoreGuidedPB/vertex_cover/vertexcover_opt_grid_evenrowevencolsquare/normalized-vertexcover_opt_grid_evenrowevencolsquare_dim_052.opb.xz,12
OPT-LIN/normalized-PB24/nordstrom/CoreGuidedPB/vertex_cover/vertexcover_opt_grid_evenrowevencolsquare/normalized-vertexcover_opt_grid_evenrowevencolsquare_dim_054.opb.xz,12
OPT-LIN/normalized-PB24/nordstrom/CoreGuidedPB/vertex_cover/vertexcover_opt_grid_evenrowevencolsquare/normalized-vertexcover_opt_grid_evenrowevencolsquare_dim_056.opb.xz,12
OPT-LIN/normalized-PB24/nordstrom/CoreGuidedPB/vertex_cover/vertexcover_opt_grid_evenrowevencolsquare/normalized-vertexcover_opt_grid_evenrowevencolsquare_dim_058.opb.xz,12
OPT-LIN/normalized-PB24/nordstrom/CoreGuidedPB/vertex_cover/vertexcover_opt_grid_evenrowevencolsquare/normalized-vertexcover_opt_grid_evenrowevencolsquare_dim_060.opb.xz,12
OPT-LIN/normalized-PB24/nordstrom/CoreGuidedPB/vertex_cover/vertexcover_opt_grid_evenrowevencolsquare/normalized-vertexcover_opt_grid_evenrowevencolsquare_dim_062.opb.xz,12
OPT-LIN/normalized-PB24/nordstrom/CoreGuidedPB/vertex_cover/vertexcover_opt_grid_evenrowevencolsquare/normalized-vertexcover_opt_grid_evenrowevencolsquare_dim_064.opb.xz,13
OPT-LIN/normalized-PB24/nordstrom/CoreGuidedPB/vertex_cover/vertexcover_opt_grid_evenrowevencolsquare/normalized-vertexcover_opt_grid_evenrowevencolsquare_dim_066.opb.xz,13
OPT-LIN/normalized-PB24/nordstrom/CoreGuidedPB/vertex_cover/vertexcover_opt_grid_evenrowevencolsquare/normalized-vertexcover_opt_grid_evenrowevencolsquare_dim_068.opb.xz,13
OPT-LIN/normalized-PB24/nordstrom/CoreGuidedPB/vertex_cover/vertexcover_opt_grid_evenrowevencolsquare/normalized-vertexcover_opt_grid_evenrowevencolsquare_dim_070.opb.xz,13
OPT-LIN/normalized-PB24/nordstrom/CoreGuidedPB/vertex_cover/vertexcover_opt_grid_evenrowevencolsquare/normalized-vertexcover_opt_grid_evenrowevencolsquare_dim_072.opb.xz,13
OPT-LIN/normalized-PB24/nordstrom/CoreGuidedPB/vertex_cover/vertexcover_opt_grid_evenrowevencolsquare/normalized-vertexcover_opt_grid_evenrowevencolsquare_dim_074.opb.xz,13
OPT-LIN/normalized-PB24/nordstrom/CoreGuidedPB/vertex_cover/vertexcover_opt_grid_evenrowevencolsquare/normalized-vertexcover_opt_grid_evenrowevencolsquare_dim_076.opb.xz,13
OPT-LIN/normalized-PB24/nordstrom/CoreGuidedPB/vertex_cover/vertexcover_opt_grid_evenrowevencolsquare/normalized-vertexcover_opt_grid_evenrowevencolsquare_dim_078.opb.xz,13
OPT-LIN/normalized-PB24/nordstrom/CoreGuidedPB/vertex_cover/vertexcover_opt_grid_evenrowevencolsquare/normalized-vertexcover_opt_grid_evenrowevencolsquare_dim_080.opb.xz,13
OPT-LIN/normalized-PB24/nordstrom/CoreGuidedPB/vertex_cover/vertexcover_opt_grid_evenrowevencolsquare/normalized-vertexcover_opt_grid_evenrowevencolsquare_dim_090.opb.xz,13
OPT-LIN/normalized-PB24/nordstrom/CoreGuidedPB/vertex_cover/vertexcover_opt_grid_evenrowevencolsquare/normalized-vertexcover_opt_grid_evenrowevencolsquare_dim_100.opb.xz,14
OPT-LIN/normalized-PB24/nordstrom/CoreGuidedPB/vertex_cover/vertexcover_opt_grid_evenrowevencolsquare/normalized-vertexcover_opt_grid_evenrowevencolsquare_dim_110.opb.xz,14
OPT-LIN/normalized-PB24/nordstrom/CoreGuidedPB/vertex_cover/vertexcover_opt_grid_evenrowevencolsquare/normalized-vertexcover_opt_grid_evenrowevencolsquare_dim_120.opb.xz,14
OPT-LIN/normalized-PB24/nordstrom/CoreGuidedPB/vertex_cover/vertexcover_opt_grid_evenrowevencolsquare/normalized-vertexcover_opt_grid_evenrowevencolsquare_dim_130.opb.xz,15
OPT-LIN/normalized-PB24/nordstrom/CoreGuidedPB/vertex_cover/vertexcover_opt_grid_evenrowevencolsquare/normalized-vertexcover_opt_grid_evenrowevencolsquare_dim_140.opb.xz,15
OPT-LIN/normalized-PB24/nordstrom/CoreGuidedPB/vertex_cover/vertexcover_opt_grid_evenrowevencolsquare/normalized-vertexcover_opt_grid_evenrowevencolsquare_dim_150.opb.xz,15
OPT-LIN/normalized-PB24/nordstrom/CoreGuidedPB/vertex_cover/vertexcover_opt_grid_evenrowevencolsquare/normalized-vertexcover_opt_grid_evenrowevencolsquare_dim_160.opb.xz,15
OPT-LIN/normalized-PB24/nordstrom/CoreGuidedPB/vertex_cover/vertexcover_opt_grid_evenrowevencolsquare/normalized-vertexcover_opt_grid_evenrowevencolsquare_dim_170.opb.xz,15
OPT-LIN/normalized-PB24/nordstrom/CoreGuidedPB/vertex_cover/vertexcover_opt_grid_evenrowevencolsquare/normalized-vertexcover_opt_grid_evenrowevencolsquare_dim_180.opb.xz,15
OPT-LIN/normalized-PB24/nordstrom/CoreGuidedPB/vertex_cover/vertexcover_opt_grid_evenrowevencolsquare/normalized-vertexcover_opt_grid_evenrowevencolsquare_dim_190.opb.xz,16
OPT-LIN/normalized-PB24/nordstrom/CoreGuidedPB/vertex_cover/vertexcover_opt_grid_evenrowevencolsquare/normalized-vertexcover_opt_grid_evenrowevencolsquare_dim_200.opb.xz,16
OPT-LIN/normalized-PB24/nordstrom/CoreGuidedPB/vertex_cover/vertexcover_opt_grid_evenrowoddcolsquare/normalized-vertexcover_opt_grid_evenrowoddcolsquare_dim_004.opb.xz,5
OPT-LIN/normalized-PB24/nordstrom/CoreGuidedPB/vertex_cover/vertexcover_opt_grid_evenrowoddcolsquare/normalized-vertexcover_opt_grid_evenrowoddcolsquare_dim_006.opb.xz,6
OPT-LIN/normalized-PB24/nordstrom/CoreGuidedPB/vertex_cover/vertexcover_opt_grid_evenrowoddcolsquare/normalized-vertexcover_opt_grid_evenrowoddcolsquare_dim_008.opb.xz,7
OPT-LIN/normalized-PB24/nordstrom/CoreGuidedPB/vertex_cover/vertexcover_opt_grid_evenrowoddcolsquare/normalized-vertexcover_opt_grid_evenrowoddcolsquare_dim_010.opb.xz,7
OPT-LIN/normalized-PB24/nordstrom/CoreGuidedPB/vertex_cover/vertexcover_opt_grid_evenrowoddcolsquare/normalized-vertexcover_opt_grid_evenrowoddcolsquare_dim_012.opb.xz,8
OPT-LIN/normalized-PB24/nordstrom/CoreGuidedPB/vertex_cover/vertexcover_opt_grid_evenrowoddcolsquare/normalized-vertexcover_opt_grid_evenrowoddcolsquare_dim_014.opb.xz,8
OPT-LIN/normalized-PB24/nordstrom/CoreGuidedPB/vertex_cover/vertexcover_opt_grid_evenrowoddcolsquare/normalized-vertexcover_opt_grid_evenrowoddcolsquare_dim_016.opb.xz,9
OPT-LIN/normalized-PB24/nordstrom/CoreGuidedPB/vertex_cover/vertexcover_opt_grid_evenrowoddcolsquare/normalized-vertexcover_opt_grid_evenrowoddcolsquare_dim_018.opb.xz,9
OPT-LIN/normalized-PB24/nordstrom/CoreGuidedPB/vertex_cover/vertexcover_opt_grid_evenrowoddcolsquare/normalized-vertexcover_opt_grid_evenrowoddcolsquare_dim_020.opb.xz,9
OPT-LIN/normalized-PB24/nordstrom/CoreGuidedPB/vertex_cover/vertexcover_opt_grid_evenrowoddcolsquare/normalized-vertexcover_opt_grid_evenrowoddcolsquare_dim_022.opb.xz,9
OPT-LIN/normalized-PB24/nordstrom/CoreGuidedPB/vertex_cover/vertexcover_opt_grid_evenrowoddcolsquare/normalized-vertexcover_opt_grid_evenrowoddcolsquare_dim_024.opb.xz,10
OPT-LIN/normalized-PB24/nordstrom/CoreGuidedPB/vertex_cover/vertexcover_opt_grid_evenrowoddcolsquare/normalized-vertexcover_opt_grid_evenrowoddcolsquare_dim_026.opb.xz,10
OPT-LIN/normalized-PB24/nordstrom/CoreGuidedPB/vertex_cover/vertexcover_opt_grid_evenrowoddcolsquare/normalized-vertexcover_opt_grid_evenrowoddcolsquare_dim_028.opb.xz,10
OPT-LIN/normalized-PB24/nordstrom/CoreGuidedPB/vertex_cover/vertexcover_opt_grid_evenrowoddcolsquare/normalized-vertexcover_opt_grid_evenrowoddcolsquare_dim_030.opb.xz,10
OPT-LIN/normalized-PB24/nordstrom/CoreGuidedPB/vertex_cover/vertexcover_opt_grid_evenrowoddcolsquare/normalized-vertexcover_opt_grid_evenrowoddcolsquare_dim_032.opb.xz,11
OPT-LIN/normalized-PB24/nordstrom/CoreGuidedPB/vertex_cover/vertexcover_opt_grid_evenrowoddcolsquare/normalized-vertexcover_opt_grid_evenrowoddcolsquare_dim_034.opb.xz,11
OPT-LIN/normalized-PB24/nordstrom/CoreGuidedPB/vertex_cover/vertexcover_opt_grid_evenrowoddcolsquare/normalized-vertexcover_opt_grid_evenrowoddcolsquare_dim_036.opb.xz,11
OPT-LIN/normalized-PB24/nordstrom/CoreGuidedPB/vertex_cover/vertexcover_opt_grid_evenrowoddcolsquare/normalized-vertexcover_opt_grid_evenrowoddcolsquare_dim_038.opb.xz,11
OPT-LIN/normalized-PB24/nordstrom/CoreGuidedPB/vertex_cover/vertexcover_opt_grid_evenrowoddcolsquare/normalized-vertexcover_opt_grid_evenrowoddcolsquare_dim_040.opb.xz,11
OPT-LIN/normalized-PB24/nordstrom/CoreGuidedPB/vertex_cover/vertexcover_opt_grid_evenrowoddcolsquare/normalized-vertexcover_opt_grid_evenrowoddcolsquare_dim_042.opb.xz,11
OPT-LIN/normalized-PB24/nordstrom/CoreGuidedPB/vertex_cover/vertexcover_opt_grid_evenrowoddcolsquare/normalized-vertexcover_opt_grid_evenrowoddcolsquare_dim_044.opb.xz,11
OPT-LIN/normalized-PB24/nordstrom/CoreGuidedPB/vertex_cover/vertexcover_opt_grid_evenrowoddcolsquare/normalized-vertexcover_opt_grid_evenrowoddcolsquare_dim_046.opb.xz,12
OPT-LIN/normalized-PB24/nordstrom/CoreGuidedPB/vertex_cover/vertexcover_opt_grid_evenrowoddcolsquare/normalized-vertexcover_opt_grid_evenrowoddcolsquare_dim_048.opb.xz,12
OPT-LIN/normalized-PB24/nordstrom/CoreGuidedPB/vertex_cover/vertexcover_opt_grid_evenrowoddcolsquare/normalized-vertexcover_opt_grid_evenrowoddcolsquare_dim_050.opb.xz,12
OPT-LIN/normalized-PB24/nordstrom/CoreGuidedPB/vertex_cover/vertexcover_opt_grid_evenrowoddcolsquare/normalized-vertexcover_opt_grid_evenrowoddcolsquare_dim_052.opb.xz,12
OPT-LIN/normalized-PB24/nordstrom/CoreGuidedPB/vertex_cover/vertexcover_opt_grid_evenrowoddcolsquare/normalized-vertexcover_opt_grid_evenrowoddcolsquare_dim_054.opb.xz,12
OPT-LIN/normalized-PB24/nordstrom/CoreGuidedPB/vertex_cover/vertexcover_opt_grid_evenrowoddcolsquare/normalized-vertexcover_opt_grid_evenrowoddcolsquare_dim_056.opb.xz,12
OPT-LIN/normalized-PB24/nordstrom/CoreGuidedPB/vertex_cover/vertexcover_opt_grid_evenrowoddcolsquare/normalized-vertexcover_opt_grid_evenrowoddcolsquare_dim_058.opb.xz,12
OPT-LIN/normalized-PB24/nordstrom/CoreGuidedPB/vertex_cover/vertexcover_opt_grid_evenrowoddcolsquare/normalized-vertexcover_opt_grid_evenrowoddcolsquare_dim_060.opb.xz,12
OPT-LIN/normalized-PB24/nordstrom/CoreGuidedPB/vertex_cover/vertexcover_opt_grid_evenrowoddcolsquare/normalized-vertexcover_opt_grid_evenrowoddcolsquare_dim_062.opb.xz,12
OPT-LIN/normalized-PB24/nordstrom/CoreGuidedPB/vertex_cover/vertexcover_opt_grid_evenrowoddcolsquare/normalized-vertexcover_opt_grid_evenrowoddcolsquare_dim_064.opb.xz,13
OPT-LIN/normalized-PB24/nordstrom/CoreGuidedPB/vertex_cover/vertexcover_opt_grid_evenrowoddcolsquare/normalized-vertexcover_opt_grid_evenrowoddcolsquare_dim_066.opb.xz,13
OPT-LIN/normalized-PB24/nordstrom/CoreGuidedPB/vertex_cover/vertexcover_opt_grid_evenrowoddcolsquare/normalized-vertexcover_opt_grid_evenrowoddcolsquare_dim_068.opb.xz,13
OPT-LIN/normalized-PB24/nordstrom/CoreGuidedPB/vertex_cover/vertexcover_opt_grid_evenrowoddcolsquare/normalized-vertexcover_opt_grid_evenrowoddcolsquare_dim_070.opb.xz,13
OPT-LIN/normalized-PB24/nordstrom/CoreGuidedPB/vertex_cover/vertexcover_opt_grid_evenrowoddcolsquare/normalized-vertexcover_opt_grid_evenrowoddcolsquare_dim_072.opb.xz,13
OPT-LIN/normalized-PB24/nordstrom/CoreGuidedPB/vertex_cover/vertexcover_opt_grid_evenrowoddcolsquare/normalized-vertexcover_opt_grid_evenrowoddcolsquare_dim_074.opb.xz,13
OPT-LIN/normalized-PB24/nordstrom/CoreGuidedPB/vertex_cover/vertexcover_opt_grid_evenrowoddcolsquare/normalized-vertexcover_opt_grid_evenrowoddcolsquare_dim_076.opb.xz,13
OPT-LIN/normalized-PB24/nordstrom/CoreGuidedPB/vertex_cover/vertexcover_opt_grid_evenrowoddcolsquare/normalized-vertexcover_opt_grid_evenrowoddcolsquare_dim_078.opb.xz,13
OPT-LIN/normalized-PB24/nordstrom/CoreGuidedPB/vertex_cover/vertexcover_opt_grid_evenrowoddcolsquare/normalized-vertexcover_opt_grid_evenrowoddcolsquare_dim_080.opb.xz,13
OPT-LIN/normalized-PB24/nordstrom/CoreGuidedPB/vertex_cover/vertexcover_opt_grid_evenrowoddcolsquare/normalized-vertexcover_opt_grid_evenrowoddcolsquare_dim_090.opb.xz,13
OPT-LIN/normalized-PB24/nordstrom/CoreGuidedPB/vertex_cover/vertexcover_opt_grid_evenrowoddcolsquare/normalized-vertexcover_opt_grid_evenrowoddcolsquare_dim_100.opb.xz,14
OPT-LIN/normalized-PB24/nordstrom/CoreGuidedPB/vertex_cover/vertexcover_opt_grid_evenrowoddcolsquare/normalized-vertexcover_opt_grid_evenrowoddcolsquare_dim_110.opb.xz,14
OPT-LIN/normalized-PB24/nordstrom/CoreGuidedPB/vertex_cover/vertexcover_opt_grid_evenrowoddcolsquare/normalized-vertexcover_opt_grid_evenrowoddcolsquare_dim_120.opb.xz,14
OPT-LIN/normalized-PB24/nordstrom/CoreGuidedPB/vertex_cover/vertexcover_opt_grid_evenrowoddcolsquare/normalized-vertexcover_opt_grid_evenrowoddcolsquare_dim_130.opb.xz,15
OPT-LIN/normalized-PB24/nordstrom/CoreGuidedPB/vertex_cover/vertexcover_opt_grid_evenrowoddcolsquare/normalized-vertexcover_opt_grid_evenrowoddcolsquare_dim_140.opb.xz,15
OPT-LIN/normalized-PB24/nordstrom/CoreGuidedPB/vertex_cover/vertexcover_opt_grid_evenrowoddcolsquare/normalized-vertexcover_opt_grid_evenrowoddcolsquare_dim_150.opb.xz,15
OPT-LIN/normalized-PB24/nordstrom/CoreGuidedPB/vertex_cover/vertexcover_opt_grid_evenrowoddcolsquare/normalized-vertexcover_opt_grid_evenrowoddcolsquare_dim_160.opb.xz,15
OPT-LIN/normalized-PB24/nordstrom/CoreGuidedPB/vertex_cover/vertexcover_opt_grid_evenrowoddcolsquare/normalized-vertexcover_opt_grid_evenrowoddcolsquare_dim_170.opb.xz,15
OPT-LIN/normalized-PB24/nordstrom/CoreGuidedPB/vertex_cover/vertexcover_opt_grid_evenrowoddcolsquare/normalized-vertexcover_opt_grid_evenrowoddcolsquare_dim_180.opb.xz,15
OPT-LIN/normalized-PB24/nordstrom/CoreGuidedPB/vertex_cover/vertexcover_opt_grid_evenrowoddcolsquare/normalized-vertexcover_opt_grid_evenrowoddcolsquare_dim_190.opb.xz,16
OPT-LIN/normalized-PB24/nordstrom/CoreGuidedPB/vertex_cover/vertexcover_opt_grid_evenrowoddcolsquare/normalized-vertexcover_opt_grid_evenrowoddcolsquare_dim_200.opb.xz,16
OPT-LIN/normalized-PB24/nordstrom/CoreGuidedPB/vertex_cover/vertexcover_opt_grid_oddrowevencolsquare/normalized-vertexcover_opt_grid_oddrowevencolsquare_dim_004.opb.xz,5
OPT-LIN/normalized-PB24/nordstrom/CoreGuidedPB/vertex_cover/vertexcover_opt_grid_oddrowevencolsquare/normalized-vertexcover_opt_grid_oddrowevencolsquare_dim_006.opb.xz,6
OPT-LIN/normalized-PB24/nordstrom/CoreGuidedPB/vertex_cover/vertexcover_opt_grid_oddrowevencolsquare/normalized-vertexcover_opt_grid_oddrowevencolsquare_dim_008.opb.xz,7
OPT-LIN/normalized-PB24/nordstrom/CoreGuidedPB/vertex_cover/vertexcover_opt_grid_oddrowevencolsquare/normalized-vertexcover_opt_grid_oddrowevencolsquare_dim_010.opb.xz,7
OPT-LIN/normalized-PB24/nordstrom/CoreGuidedPB/vertex_cover/vertexcover_opt_grid_oddrowevencolsquare/normalized-vertexcover_opt_grid_oddrowevencolsquare_dim_012.opb.xz,8
OPT-LIN/normalized-PB24/nordstrom/CoreGuidedPB/vertex_cover/vertexcover_opt_grid_oddrowevencolsquare/normalized-vertexcover_opt_grid_oddrowevencolsquare_dim_014.opb.xz,8
OPT-LIN/normalized-PB24/nordstrom/CoreGuidedPB/vertex_cover/vertexcover_opt_grid_oddrowevencolsquare/normalized-vertexcover_opt_grid_oddrowevencolsquare_dim_016.opb.xz,9
OPT-LIN/normalized-PB24/nordstrom/CoreGuidedPB/vertex_cover/vertexcover_opt_grid_oddrowevencolsquare/normalized-vertexcover_opt_grid_oddrowevencolsquare_dim_018.opb.xz,9
OPT-LIN/normalized-PB24/nordstrom/CoreGuidedPB/vertex_cover/vertexcover_opt_grid_oddrowevencolsquare/normalized-vertexcover_opt_grid_oddrowevencolsquare_dim_020.opb.xz,9
OPT-LIN/normalized-PB24/nordstrom/CoreGuidedPB/vertex_cover/vertexcover_opt_grid_oddrowevencolsquare/normalized-vertexcover_opt_grid_oddrowevencolsquare_dim_022.opb.xz,9
OPT-LIN/normalized-PB24/nordstrom/CoreGuidedPB/vertex_cover/vertexcover_opt_grid_oddrowevencolsquare/normalized-vertexcover_opt_grid_oddrowevencolsquare_dim_024.opb.xz,10
OPT-LIN/normalized-PB24/nordstrom/CoreGuidedPB/vertex_cover/vertexcover_opt_grid_oddrowevencolsquare/normalized-vertexcover_opt_grid_oddrowevencolsquare_dim_026.opb.xz,10
OPT-LIN/normalized-PB24/nordstrom/CoreGuidedPB/vertex_cover/vertexcover_opt_grid_oddrowevencolsquare/normalized-vertexcover_opt_grid_oddrowevencolsquare_dim_028.opb.xz,10
OPT-LIN/normalized-PB24/nordstrom/CoreGuidedPB/vertex_cover/vertexcover_opt_grid_oddrowevencolsquare/normalized-vertexcover_opt_grid_oddrowevencolsquare_dim_030.opb.xz,10
OPT-LIN/normalized-PB24/nordstrom/CoreGuidedPB/vertex_cover/vertexcover_opt_grid_oddrowevencolsquare/normalized-vertexcover_opt_grid_oddrowevencolsquare_dim_032.opb.xz,11
OPT-LIN/normalized-PB24/nordstrom/CoreGuidedPB/vertex_cover/vertexcover_opt_grid_oddrowevencolsquare/normalized-vertexcover_opt_grid_oddrowevencolsquare_dim_034.opb.xz,11
OPT-LIN/normalized-PB24/nordstrom/CoreGuidedPB/vertex_cover/vertexcover_opt_grid_oddrowevencolsquare/normalized-vertexcover_opt_grid_oddrowevencolsquare_dim_036.opb.xz,11
OPT-LIN/normalized-PB24/nordstrom/CoreGuidedPB/vertex_cover/vertexcover_opt_grid_oddrowevencolsquare/normalized-vertexcover_opt_grid_oddrowevencolsquare_dim_038.opb.xz,11
OPT-LIN/normalized-PB24/nordstrom/CoreGuidedPB/vertex_cover/vertexcover_opt_grid_oddrowevencolsquare/normalized-vertexcover_opt_grid_oddrowevencolsquare_dim_040.opb.xz,11
OPT-LIN/normalized-PB24/nordstrom/CoreGuidedPB/vertex_cover/vertexcover_opt_grid_oddrowevencolsquare/normalized-vertexcover_opt_grid_oddrowevencolsquare_dim_042.opb.xz,11
OPT-LIN/normalized-PB24/nordstrom/CoreGuidedPB/vertex_cover/vertexcover_opt_grid_oddrowevencolsquare/normalized-vertexcover_opt_grid_oddrowevencolsquare_dim_044.opb.xz,11
OPT-LIN/normalized-PB24/nordstrom/CoreGuidedPB/vertex_cover/vertexcover_opt_grid_oddrowevencolsquare/normalized-vertexcover_opt_grid_oddrowevencolsquare_dim_046.opb.xz,12
OPT-LIN/normalized-PB24/nordstrom/CoreGuidedPB/vertex_cover/vertexcover_opt_grid_oddrowevencolsquare/normalized-vertexcover_opt_grid_oddrowevencolsquare_dim_048.opb.xz,12
OPT-LIN/normalized-PB24/nordstrom/CoreGuidedPB/vertex_cover/vertexcover_opt_grid_oddrowevencolsquare/normalized-vertexcover_opt_grid_oddrowevencolsquare_dim_050.opb.xz,12
OPT-LIN/normalized-PB24/nordstrom/CoreGuidedPB/vertex_cover/vertexcover_opt_grid_oddrowevencolsquare/normalized-vertexcover_opt_grid_oddrowevencolsquare_dim_052.opb.xz,12
OPT-LIN/normalized-PB24/nordstrom/CoreGuidedPB/vertex_cover/vertexcover_opt_grid_oddrowevencolsquare/normalized-vertexcover_opt_grid_oddrowevencolsquare_dim_054.opb.xz,12
OPT-LIN/normalized-PB24/nordstrom/CoreGuidedPB/vertex_cover/vertexcover_opt_grid_oddrowevencolsquare/normalized-vertexcover_opt_grid_oddrowevencolsquare_dim_056.opb.xz,12
OPT-LIN/normalized-PB24/nordstrom/CoreGuidedPB/vertex_cover/vertexcover_opt_grid_oddrowevencolsquare/normalized-vertexcover_opt_grid_oddrowevencolsquare_dim_058.opb.xz,12
OPT-LIN/normalized-PB24/nordstrom/CoreGuidedPB/vertex_cover/vertexcover_opt_grid_oddrowevencolsquare/normalized-vertexcover_opt_grid_oddrowevencolsquare_dim_060.opb.xz,12
OPT-LIN/normalized-PB24/nordstrom/CoreGuidedPB/vertex_cover/vertexcover_opt_grid_oddrowevencolsquare/normalized-vertexcover_opt_grid_oddrowevencolsquare_dim_062.opb.xz,12
OPT-LIN/normalized-PB24/nordstrom/CoreGuidedPB/vertex_cover/vertexcover_opt_grid_oddrowevencolsquare/normalized-vertexcover_opt_grid_oddrowevencolsquare_dim_064.opb.xz,13
OPT-LIN/normalized-PB24/nordstrom/CoreGuidedPB/vertex_cover/vertexcover_opt_grid_oddrowevencolsquare/normalized-vertexcover_opt_grid_oddrowevencolsquare_dim_066.opb.xz,13
OPT-LIN/normalized-PB24/nordstrom/CoreGuidedPB/vertex_cover/vertexcover_opt_grid_oddrowevencolsquare/normalized-vertexcover_opt_grid_oddrowevencolsquare_dim_068.opb.xz,13
OPT-LIN/normalized-PB24/nordstrom/CoreGuidedPB/vertex_cover/vertexcover_opt_grid_oddrowevencolsquare/normalized-vertexcover_opt_grid_oddrowevencolsquare_dim_070.opb.xz,13
OPT-LIN/normalized-PB24/nordstrom/CoreGuidedPB/vertex_cover/vertexcover_opt_grid_oddrowevencolsquare/normalized-vertexcover_opt_grid_oddrowevencolsquare_dim_072.opb.xz,13
OPT-LIN/normalized-PB24/nordstrom/CoreGuidedPB/vertex_cover/vertexcover_opt_grid_oddrowevencolsquare/normalized-vertexcover_opt_grid_oddrowevencolsquare_dim_074.opb.xz,13
OPT-LIN/normalized-PB24/nordstrom/CoreGuidedPB/vertex_cover/vertexcover_opt_grid_oddrowevencolsquare/normalized-vertexcover_opt_grid_oddrowevencolsquare_dim_076.opb.xz,13
OPT-LIN/normalized-PB24/nordstrom/CoreGuidedPB/vertex_cover/vertexcover_opt_grid_oddrowevencolsquare/normalized-vertexcover_opt_grid_oddrowevencolsquare_dim_078.opb.xz,13
OPT-LIN/normalized-PB24/nordstrom/CoreGuidedPB/vertex_cover/vertexcover_opt_grid_oddrowevencolsquare/normalized-vertexcover_opt_grid_oddrowevencolsquare_dim_080.opb.xz,13
OPT-LIN/normalized-PB24/nordstrom/CoreGuidedPB/vertex_cover/vertexcover_opt_grid_oddrowevencolsquare/normalized-vertexcover_opt_grid_oddrowevencolsquare_dim_090.opb.xz,13
OPT-LIN/normalized-PB24/nordstrom/CoreGuidedPB/vertex_cover/vertexcover_opt_grid_oddrowevencolsquare/normalized-vertexcover_opt_grid_oddrowevencolsquare_dim_100.opb.xz,14
OPT-LIN/normalized-PB24/nordstrom/CoreGuidedPB/vertex_cover/vertexcover_opt_grid_oddrowevencolsquare/normalized-vertexcover_opt_grid_oddrowevencolsquare_dim_110.opb.xz,14
OPT-LIN/normalized-PB24/nordstrom/CoreGuidedPB/vertex_cover/vertexcover_opt_grid_oddrowevencolsquare/normalized-vertexcover_opt_grid_oddrowevencolsquare_dim_120.opb.xz,14
OPT-LIN/normalized-PB24/nordstrom/CoreGuidedPB/vertex_cover/vertexcover_opt_grid_oddrowevencolsquare/normalized-vertexcover_opt_grid_oddrowevencolsquare_dim_130.opb.xz,15
OPT-LIN/normalized-PB24/nordstrom/CoreGuidedPB/vertex_cover/vertexcover_opt_grid_oddrowevencolsquare/normalized-vertexcover_opt_grid_oddrowevencolsquare_dim_140.opb.xz,15
OPT-LIN/normalized-PB24/nordstrom/CoreGuidedPB/vertex_cover/vertexcover_opt_grid_oddrowevencolsquare/normalized-vertexcover_opt_grid_oddrowevencolsquare_dim_150.opb.xz,15
OPT-LIN/normalized-PB24/nordstrom/CoreGuidedPB/vertex_cover/vertexcover_opt_grid_oddrowevencolsquare/normalized-vertexcover_opt_grid_oddrowevencolsquare_dim_160.opb.xz,15
OPT-LIN/normalized-PB24/nordstrom/CoreGuidedPB/vertex_cover/vertexcover_opt_grid_oddrowevencolsquare/normalized-vertexcover_opt_grid_oddrowevencolsquare_dim_170.opb.xz,15
OPT-LIN/normalized-PB24/nordstrom/CoreGuidedPB/vertex_cover/vertexcover_opt_grid_oddrowevencolsquare/normalized-vertexcover_opt_grid_oddrowevencolsquare_dim_180.opb.xz,15
OPT-LIN/normalized-PB24/nordstrom/CoreGuidedPB/vertex_cover/vertexcover_opt_grid_oddrowevencolsquare/normalized-vertexcover_opt_grid_oddrowevencolsquare_dim_190.opb.xz,16
OPT-LIN/normalized-PB24/nordstrom/CoreGuidedPB/vertex_cover/vertexcover_opt_grid_oddrowevencolsquare/normalized-vertexcover_opt_grid_oddrowevencolsquare_dim_200.opb.xz,16
OPT-LIN/normalized-PB24/nordstrom/CoreGuidedPB/vertex_cover/vertexcover_opt_grid_oddrowoddcolsquare/normalized-vertexcover_opt_grid_oddrowoddcolsquare_dim_005.opb.xz,5
OPT-LIN/normalized-PB24/nordstrom/CoreGuidedPB/vertex_cover/vertexcover_opt_grid_oddrowoddcolsquare/normalized-vertexcover_opt_grid_oddrowoddcolsquare_dim_007.opb.xz,6
OPT-LIN/normalized-PB24/nordstrom/CoreGuidedPB/vertex_cover/vertexcover_opt_grid_oddrowoddcolsquare/normalized-vertexcover_opt_grid_oddrowoddcolsquare_dim_009.opb.xz,7
OPT-LIN/normalized-PB24/nordstrom/CoreGuidedPB/vertex_cover/vertexcover_opt_grid_oddrowoddcolsquare/normalized-vertexcover_opt_grid_oddrowoddcolsquare_dim_011.opb.xz,7
OPT-LIN/normalized-PB24/nordstrom/CoreGuidedPB/vertex_cover/vertexcover_opt_grid_oddrowoddcolsquare/normalized-vertexcover_opt_grid_oddrowoddcolsquare_dim_013.opb.xz,8
OPT-LIN/normalized-PB24/nordstrom/CoreGuidedPB/vertex_cover/vertexcover_opt_grid_oddrowoddcolsquare/normalized-vertexcover_opt_grid_oddrowoddcolsquare_dim_015.opb.xz,8
OPT-LIN/normalized-PB24/nordstrom/CoreGuidedPB/vertex_cover/vertexcover_opt_grid_oddrowoddcolsquare/normalized-vertexcover_opt_grid_oddrowoddcolsquare_dim_017.opb.xz,9
OPT-LIN/normalized-PB24/nordstrom/CoreGuidedPB/vertex_cover/vertexcover_opt_grid_oddrowoddcolsquare/normalized-vertexcover_opt_grid_oddrowoddcolsquare_dim_019.opb.xz,9
OPT-LIN/normalized-PB24/nordstrom/CoreGuidedPB/vertex_cover/vertexcover_opt_grid_oddrowoddcolsquare/normalized-vertexcover_opt_grid_oddrowoddcolsquare_dim_021.opb.xz,9
OPT-LIN/normalized-PB24/nordstrom/CoreGuidedPB/vertex_cover/vertexcover_opt_grid_oddrowoddcolsquare/normalized-vertexcover_opt_grid_oddrowoddcolsquare_dim_023.opb.xz,10
OPT-LIN/normalized-PB24/nordstrom/CoreGuidedPB/vertex_cover/vertexcover_opt_grid_oddrowoddcolsquare/normalized-vertexcover_opt_grid_oddrowoddcolsquare_dim_025.opb.xz,10
OPT-LIN/normalized-PB24/nordstrom/CoreGuidedPB/vertex_cover/vertexcover_opt_grid_oddrowoddcolsquare/normalized-vertexcover_opt_grid_oddrowoddcolsquare_dim_027.opb.xz,10
OPT-LIN/normalized-PB24/nordstrom/CoreGuidedPB/vertex_cover/vertexcover_opt_grid_oddrowoddcolsquare/normalized-vertexcover_opt_grid_oddrowoddcolsquare_dim_029.opb.xz,10
OPT-LIN/normalized-PB24/nordstrom/CoreGuidedPB/vertex_cover/vertexcover_opt_grid_oddrowoddcolsquare/normalized-vertexcover_opt_grid_oddrowoddcolsquare_dim_031.opb.xz,10
OPT-LIN/normalized-PB24/nordstrom/CoreGuidedPB/vertex_cover/vertexcover_opt_grid_oddrowoddcolsquare/normalized-vertexcover_opt_grid_oddrowoddcolsquare_dim_033.opb.xz,11
OPT-LIN/normalized-PB24/nordstrom/CoreGuidedPB/vertex_cover/vertexcover_opt_grid_oddrowoddcolsquare/normalized-vertexcover_opt_grid_oddrowoddcolsquare_dim_035.opb.xz,11
OPT-LIN/normalized-PB24/nordstrom/CoreGuidedPB/vertex_cover/vertexcover_opt_grid_oddrowoddcolsquare/normalized-vertexcover_opt_grid_oddrowoddcolsquare_dim_037.opb.xz,11
OPT-LIN/normalized-PB24/nordstrom/CoreGuidedPB/vertex_cover/vertexcover_opt_grid_oddrowoddcolsquare/normalized-vertexcover_opt_grid_oddrowoddcolsquare_dim_039.opb.xz,11
OPT-LIN/normalized-PB24/nordstrom/CoreGuidedPB/vertex_cover/vertexcover_opt_grid_oddrowoddcolsquare/normalized-vertexcover_opt_grid_oddrowoddcolsquare_dim_041.opb.xz,11
OPT-LIN/normalized-PB24/nordstrom/CoreGuidedPB/vertex_cover/vertexcover_opt_grid_oddrowoddcolsquare/normalized-vertexcover_opt_grid_oddrowoddcolsquare_dim_043.opb.xz,11
OPT-LIN/normalized-PB24/nordstrom/CoreGuidedPB/vertex_cover/vertexcover_opt_grid_oddrowoddcolsquare/normalized-vertexcover_opt_grid_oddrowoddcolsquare_dim_045.opb.xz,11
OPT-LIN/normalized-PB24/nordstrom/CoreGuidedPB/vertex_cover/vertexcover_opt_grid_oddrowoddcolsquare/normalized-vertexcover_opt_grid_oddrowoddcolsquare_dim_047.opb.xz,12
OPT-LIN/normalized-PB24/nordstrom/CoreGuidedPB/vertex_cover/vertexcover_opt_grid_oddrowoddcolsquare/normalized-vertexcover_opt_grid_oddrowoddcolsquare_dim_049.opb.xz,12
OPT-LIN/normalized-PB24/nordstrom/CoreGuidedPB/vertex_cover/vertexcover_opt_grid_oddrowoddcolsquare/normalized-vertexcover_opt_grid_oddrowoddcolsquare_dim_051.opb.xz,12
OPT-LIN/normalized-PB24/nordstrom/CoreGuidedPB/vertex_cover/vertexcover_opt_grid_oddrowoddcolsquare/normalized-vertexcover_opt_grid_oddrowoddcolsquare_dim_053.opb.xz,12
OPT-LIN/normalized-PB24/nordstrom/CoreGuidedPB/vertex_cover/vertexcover_opt_grid_oddrowoddcolsquare/normalized-vertexcover_opt_grid_oddrowoddcolsquare_dim_055.opb.xz,12
OPT-LIN/normalized-PB24/nordstrom/CoreGuidedPB/vertex_cover/vertexcover_opt_grid_oddrowoddcolsquare/normalized-vertexcover_opt_grid_oddrowoddcolsquare_dim_057.opb.xz,12
OPT-LIN/normalized-PB24/nordstrom/CoreGuidedPB/vertex_cover/vertexcover_opt_grid_oddrowoddcolsquare/normalized-vertexcover_opt_grid_oddrowoddcolsquare_dim_059.opb.xz,12
OPT-LIN/normalized-PB24/nordstrom/CoreGuidedPB/vertex_cover/vertexcover_opt_grid_oddrowoddcolsquare/normalized-vertexcover_opt_grid_oddrowoddcolsquare_dim_061.opb.xz,12
OPT-LIN/normalized-PB24/nordstrom/CoreGuidedPB/vertex_cover/vertexcover_opt_grid_oddrowoddcolsquare/normalized-vertexcover_opt_grid_oddrowoddcolsquare_dim_063.opb.xz,12
OPT-LIN/normalized-PB24/nordstrom/CoreGuidedPB/vertex_cover/vertexcover_opt_grid_oddrowoddcolsquare/normalized-vertexcover_opt_grid_oddrowoddcolsquare_dim_065.opb.xz,13
OPT-LIN/normalized-PB24/nordstrom/CoreGuidedPB/vertex_cover/vertexcover_opt_grid_oddrowoddcolsquare/normalized-vertexcover_opt_grid_oddrowoddcolsquare_dim_067.opb.xz,13
OPT-LIN/normalized-PB24/nordstrom/CoreGuidedPB/vertex_cover/vertexcover_opt_grid_oddrowoddcolsquare/normalized-vertexcover_opt_grid_oddrowoddcolsquare_dim_069.opb.xz,13
OPT-LIN/normalized-PB24/nordstrom/CoreGuidedPB/vertex_cover/vertexcover_opt_grid_oddrowoddcolsquare/normalized-vertexcover_opt_grid_oddrowoddcolsquare_dim_071.opb.xz,13
OPT-LIN/normalized-PB24/nordstrom/CoreGuidedPB/vertex_cover/vertexcover_opt_grid_oddrowoddcolsquare/normalized-vertexcover_opt_grid_oddrowoddcolsquare_dim_073.opb.xz,13
OPT-LIN/normalized-PB24/nordstrom/CoreGuidedPB/vertex_cover/vertexcover_opt_grid_oddrowoddcolsquare/normalized-vertexcover_opt_grid_oddrowoddcolsquare_dim_075.opb.xz,13
OPT-LIN/normalized-PB24/nordstrom/CoreGuidedPB/vertex_cover/vertexcover_opt_grid_oddrowoddcolsquare/normalized-vertexcover_opt_grid_oddrowoddcolsquare_dim_077.opb.xz,13
OPT-LIN/normalized-PB24/nordstrom/CoreGuidedPB/vertex_cover/vertexcover_opt_grid_oddrowoddcolsquare/normalized-vertexcover_opt_grid_oddrowoddcolsquare_dim_079.opb.xz,13
OPT-LIN/normalized-PB24/nordstrom/CoreGuidedPB/vertex_cover/vertexcover_opt_grid_oddrowoddcolsquare/normalized-vertexcover_opt_grid_oddrowoddcolsquare_dim_081.opb.xz,13
OPT-LIN/normalized-PB24/nordstrom/CoreGuidedPB/vertex_cover/vertexcover_opt_grid_oddrowoddcolsquare/normalized-vertexcover_opt_grid_oddrowoddcolsquare_dim_091.opb.xz,14
OPT-LIN/normalized-PB24/nordstrom/CoreGuidedPB/vertex_cover/vertexcover_opt_grid_oddrowoddcolsquare/normalized-vertexcover_opt_grid_oddrowoddcolsquare_dim_101.opb.xz,14
OPT-LIN/normalized-PB24/nordstrom/CoreGuidedPB/vertex_cover/vertexcover_opt_grid_oddrowoddcolsquare/normalized-vertexcover_opt_grid_oddrowoddcolsquare_dim_111.opb.xz,14
OPT-LIN/normalized-PB24/nordstrom/CoreGuidedPB/vertex_cover/vertexcover_opt_grid_oddrowoddcolsquare/normalized-vertexcover_opt_grid_oddrowoddcolsquare_dim_121.opb.xz,14
OPT-LIN/normalized-PB24/nordstrom/CoreGuidedPB/vertex_cover/vertexcover_opt_grid_oddrowoddcolsquare/normalized-vertexcover_opt_grid_oddrowoddcolsquare_dim_131.opb.xz,15
OPT-LIN/normalized-PB24/nordstrom/CoreGuidedPB/vertex_cover/vertexcover_opt_grid_oddrowoddcolsquare/normalized-vertexcover_opt_grid_oddrowoddcolsquare_dim_141.opb.xz,15
OPT-LIN/normalized-PB24/nordstrom/CoreGuidedPB/vertex_cover/vertexcover_opt_grid_oddrowoddcolsquare/normalized-vertexcover_opt_grid_oddrowoddcolsquare_dim_151.opb.xz,15
OPT-LIN/normalized-PB24/nordstrom/CoreGuidedPB/vertex_cover/vertexcover_opt_grid_oddrowoddcolsquare/normalized-vertexcover_opt_grid_oddrowoddcolsquare_dim_161.opb.xz,15
OPT-LIN/normalized-PB24/nordstrom/CoreGuidedPB/vertex_cover/vertexcover_opt_grid_oddrowoddcolsquare/normalized-vertexcover_opt_grid_oddrowoddcolsquare_dim_171.opb.xz,15
OPT-LIN/normalized-PB24/nordstrom/CoreGuidedPB/vertex_cover/vertexcover_opt_grid_oddrowoddcolsquare/normalized-vertexcover_opt_grid_oddrowoddcolsquare_dim_181.opb.xz,15
OPT-LIN/normalized-PB24/nordstrom/CoreGuidedPB/vertex_cover/vertexcover_opt_grid_oddrowoddcolsquare/normalized-vertexcover_opt_grid_oddrowoddcolsquare_dim_191.opb.xz,16
OPT-LIN/normalized-PB24/nordstrom/CoreGuidedPB/vertex_cover/vertexcover_opt_grid_oddrowoddcolsquare/normalized-vertexcover_opt_grid_oddrowoddcolsquare_dim_201.opb.xz,16
OPT-LIN/normalized-PB24/nordstrom/KNAP/almost_strongly_correlated/normalized-knapPI_5_10000_10000_1_-1484157.opb.xz,26
OPT-LIN/normalized-PB24/nordstrom/KNAP/almost_strongly_correlated/normalized-knapPI_5_10000_10000_2_-2405704.opb.xz,27
OPT-LIN/normalized-PB24/nordstrom/KNAP/almost_strongly_correlated/normalized-knapPI_5_10000_10000_3_-3195902.opb.xz,28
OPT-LIN/normalized-PB24/nordstrom/KNAP/almost_strongly_correlated/normalized-knapPI_5_10000_10000_4_-4012574.opb.xz,28
OPT-LIN/normalized-PB24/nordstrom/KNAP/almost_strongly_correlated/normalized-knapPI_5_10000_10000_5_-4687981.opb.xz,29
OPT-LIN/normalized-PB24/nordstrom/KNAP/almost_strongly_correlated/normalized-knapPI_5_10000_1000_1_-145393.opb.xz,23
OPT-LIN/normalized-PB24/nordstrom/KNAP/almost_strongly_correlated/normalized-knapPI_5_10000_1000_2_-238597.opb.xz,24
OPT-LIN/normalized-PB24/nordstrom/KNAP/almost_strongly_correlated/normalized-knapPI_5_10000_1000_3_-320932.opb.xz,25
OPT-LIN/normalized-PB24/nordstrom/KNAP/almost_strongly_correlated/normalized-knapPI_5_10000_1000_4_-396116.opb.xz,25
OPT-LIN/normalized-PB24/nordstrom/KNAP/almost_strongly_correlated/normalized-knapPI_5_10000_1000_5_-466744.opb.xz,25
OPT-LIN/normalized-PB24/nordstrom/KNAP/almost_strongly_correlated/normalized-knapPI_5_1000_10000_1_-146390.opb.xz,23
OPT-LIN/normalized-PB24/nordstrom/KNAP/almost_strongly_correlated/normalized-knapPI_5_1000_10000_2_-243637.opb.xz,24
OPT-LIN/normalized-PB24/nordstrom/KNAP/almost_strongly_correlated/normalized-knapPI_5_1000_10000_3_-322069.opb.xz,25
OPT-LIN/normalized-PB24/nordstrom/KNAP/almost_strongly_correlated/normalized-knapPI_5_1000_10000_4_-393112.opb.xz,25
OPT-LIN/normalized-PB24/nordstrom/KNAP/almost_strongly_correlated/normalized-knapPI_5_1000_10000_5_-468478.opb.xz,25
OPT-LIN/normalized-PB24/nordstrom/KNAP/almost_strongly_correlated/normalized-knapPI_5_1000_1000_1_-14202.opb.xz,20
OPT-LIN/normalized-PB24/nordstrom/KNAP/almost_strongly_correlated/normalized-knapPI_5_1000_1000_2_-24297.opb.xz,21
OPT-LIN/normalized-PB24/nordstrom/KNAP/almost_strongly_correlated/normalized-knapPI_5_1000_1000_3_-31556.opb.xz,21
OPT-LIN/normalized-PB24/nordstrom/KNAP/almost_strongly_correlated/normalized-knapPI_5_1000_1000_4_-40866.opb.xz,22
OPT-LIN/normalized-PB24/nordstrom/KNAP/almost_strongly_correlated/normalized-knapPI_5_1000_1000_5_-46434.opb.xz,22
OPT-LIN/normalized-PB24/nordstrom/KNAP/almost_strongly_correlated/normalized-knapPI_5_100_10000_1_-23965.opb.xz,20
OPT-LIN/normalized-PB24/nordstrom/KNAP/almost_strongly_correlated/normalized-knapPI_5_100_10000_2_-23420.opb.xz,21
OPT-LIN/normalized-PB24/nordstrom/KNAP/almost_strongly_correlated/normalized-knapPI_5_100_10000_3_-31938.opb.xz,21
OPT-LIN/normalized-PB24/nordstrom/KNAP/almost_strongly_correlated/normalized-knapPI_5_100_10000_4_-37099.opb.xz,22
OPT-LIN/normalized-PB24/nordstrom/KNAP/almost_strongly_correlated/normalized-knapPI_5_100_10000_5_-43621.opb.xz,22
OPT-LIN/normalized-PB24/nordstrom/KNAP/almost_strongly_correlated/normalized-knapPI_5_100_1000_1_-2295.opb.xz,16
OPT-LIN/normalized-PB24/nordstrom/KNAP/almost_strongly_correlated/normalized-knapPI_5_100_1000_2_-2399.opb.xz,17
OPT-LIN/normalized-PB24/nordstrom/KNAP/almost_strongly_correlated/normalized-knapPI_5_100_1000_3_-3094.opb.xz,18
OPT-LIN/normalized-PB24/nordstrom/KNAP/almost_strongly_correlated/normalized-knapPI_5_100_1000_4_-3735.opb.xz,18
OPT-LIN/normalized-PB24/nordstrom/KNAP/almost_strongly_correlated/normalized-knapPI_5_100_1000_5_-4470.opb.xz,19
OPT-LIN/normalized-PB24/nordstrom/KNAP/almost_strongly_correlated/normalized-knapPI_5_2000_10000_1_-292470.opb.xz,24
OPT-LIN/normalized-PB24/nordstrom/KNAP/almost_strongly_correlated/normalized-knapPI_5_2000_10000_2_-480757.opb.xz,25
OPT-LIN/normalized-PB24/nordstrom/KNAP/almost_strongly_correlated/normalized-knapPI_5_2000_10000_3_-635043.opb.xz,26
OPT-LIN/normalized-PB24/nordstrom/KNAP/almost_strongly_correlated/normalized-knapPI_5_2000_10000_4_-795557.opb.xz,26
OPT-LIN/normalized-PB24/nordstrom/KNAP/almost_strongly_correlated/normalized-knapPI_5_2000_10000_5_-952740.opb.xz,26
OPT-LIN/normalized-PB24/nordstrom/KNAP/almost_strongly_correlated/normalized-knapPI_5_2000_1000_1_-28124.opb.xz,21
OPT-LIN/normalized-PB24/nordstrom/KNAP/almost_strongly_correlated/normalized-knapPI_5_2000_1000_2_-48006.opb.xz,22
OPT-LIN/normalized-PB24/nordstrom/KNAP/almost_strongly_correlated/normalized-knapPI_5_2000_1000_3_-63340.opb.xz,22
OPT-LIN/normalized-PB24/nordstrom/KNAP/almost_strongly_correlated/normalized-knapPI_5_2000_1000_4_-80350.opb.xz,23
OPT-LIN/normalized-PB24/nordstrom/KNAP/almost_strongly_correlated/normalized-knapPI_5_2000_1000_5_-93005.opb.xz,23
OPT-LIN/normalized-PB24/nordstrom/KNAP/almost_strongly_correlated/normalized-knapPI_5_200_10000_1_-28310.opb.xz,21
OPT-LIN/normalized-PB24/nordstrom/KNAP/almost_strongly_correlated/normalized-knapPI_5_200_10000_2_-45993.opb.xz,22
OPT-LIN/normalized-PB24/nordstrom/KNAP/almost_strongly_correlated/normalized-knapPI_5_200_10000_3_-64848.opb.xz,22
OPT-LIN/normalized-PB24/nordstrom/KNAP/almost_strongly_correlated/normalized-knapPI_5_200_10000_4_-76130.opb.xz,23
OPT-LIN/normalized-PB24/nordstrom/KNAP/almost_strongly_correlated/normalized-knapPI_5_200_10000_5_-95568.opb.xz,23
OPT-LIN/normalized-PB24/nordstrom/KNAP/almost_strongly_correlated/normalized-knapPI_5_200_1000_1_-2706.opb.xz,17
OPT-LIN/normalized-PB24/nordstrom/KNAP/almost_strongly_correlated/normalized-knapPI_5_200_1000_2_-4928.opb.xz,18
OPT-LIN/normalized-PB24/nordstrom/KNAP/almost_strongly_correlated/normalized-knapPI_5_200_1000_3_-6247.opb.xz,19
OPT-LIN/normalized-PB24/nordstrom/KNAP/almost_strongly_correlated/normalized-knapPI_5_200_1000_4_-8020.opb.xz,19
OPT-LIN/normalized-PB24/nordstrom/KNAP/almost_strongly_correlated/normalized-knapPI_5_200_1000_5_-9271.opb.xz,20
OPT-LIN/normalized-PB24/nordstrom/KNAP/almost_strongly_correlated/normalized-knapPI_5_5000_10000_1_-733679.opb.xz,25
OPT-LIN/normalized-PB24/nordstrom/KNAP/almost_strongly_correlated/normalized-knapPI_5_5000_10000_2_-1193699.opb.xz,26
OPT-LIN/normalized-PB24/nordstrom/KNAP/almost_strongly_correlated/normalized-knapPI_5_5000_10000_3_-1594464.opb.xz,27
OPT-LIN/normalized-PB24/nordstrom/KNAP/almost_strongly_correlated/normalized-knapPI_5_5000_10000_4_-1991503.opb.xz,27
OPT-LIN/normalized-PB24/nordstrom/KNAP/almost_strongly_correlated/normalized-knapPI_5_5000_10000_5_-2351338.opb.xz,28
OPT-LIN/normalized-PB24/nordstrom/KNAP/almost_strongly_correlated/normalized-knapPI_5_5000_1000_1_-71745.opb.xz,22
OPT-LIN/normalized-PB24/nordstrom/KNAP/almost_strongly_correlated/normalized-knapPI_5_5000_1000_2_-118929.opb.xz,23
OPT-LIN/normalized-PB24/nordstrom/KNAP/almost_strongly_correlated/normalized-knapPI_5_5000_1000_3_-158893.opb.xz,24
OPT-LIN/normalized-PB24/nordstrom/KNAP/almost_strongly_correlated/normalized-knapPI_5_5000_1000_4_-199316.opb.xz,24
OPT-LIN/normalized-PB24/nordstrom/KNAP/almost_strongly_correlated/normalized-knapPI_5_5000_1000_5_-233473.opb.xz,24
OPT-LIN/normalized-PB24/nordstrom/KNAP/almost_strongly_correlated/normalized-knapPI_5_500_10000_1_-70063.opb.xz,22
OPT-LIN/normalized-PB24/nordstrom/KNAP/almost_strongly_correlated/normalized-knapPI_5_500_10000_2_-120936.opb.xz,23
OPT-LIN/normalized-PB24/nordstrom/KNAP/almost_strongly_correlated/normalized-knapPI_5_500_10000_3_-158731.opb.xz,24
OPT-LIN/normalized-PB24/nordstrom/KNAP/almost_strongly_correlated/normalized-knapPI_5_500_10000_4_-194082.opb.xz,24
OPT-LIN/normalized-PB24/nordstrom/KNAP/almost_strongly_correlated/normalized-knapPI_5_500_10000_5_-235050.opb.xz,24
OPT-LIN/normalized-PB24/nordstrom/KNAP/almost_strongly_correlated/normalized-knapPI_5_500_1000_1_-7241.opb.xz,19
OPT-LIN/normalized-PB24/nordstrom/KNAP/almost_strongly_correlated/normalized-knapPI_5_500_1000_2_-12369.opb.xz,20
OPT-LIN/normalized-PB24/nordstrom/KNAP/almost_strongly_correlated/normalized-knapPI_5_500_1000_3_-15918.opb.xz,20
OPT-LIN/normalized-PB24/nordstrom/KNAP/almost_strongly_correlated/normalized-knapPI_5_500_1000_4_-20267.opb.xz,21
OPT-LIN/normalized-PB24/nordstrom/KNAP/almost_strongly_correlated/normalized-knapPI_5_500_1000_5_-22976.opb.xz,21
OPT-LIN/normalized-PB24/nordstrom/KNAP/almost_strongly_correlated/normalized-knapPI_5_50_10000_1_-21980.opb.xz,19
OPT-LIN/normalized-PB24/nordstrom/KNAP/almost_strongly_correlated/normalized-knapPI_5_50_10000_2_-18843.opb.xz,20
OPT-LIN/normalized-PB24/nordstrom/KNAP/almost_strongly_correlated/normalized-knapPI_5_50_10000_3_-21864.opb.xz,20
OPT-LIN/normalized-PB24/nordstrom/KNAP/almost_strongly_correlated/normalized-knapPI_5_50_10000_4_-18105.opb.xz,21
OPT-LIN/normalized-PB24/nordstrom/KNAP/almost_strongly_correlated/normalized-knapPI_5_50_10000_5_-22000.opb.xz,21
OPT-LIN/normalized-PB24/nordstrom/KNAP/almost_strongly_correlated/normalized-knapPI_5_50_1000_1_-2096.opb.xz,15
OPT-LIN/normalized-PB24/nordstrom/KNAP/almost_strongly_correlated/normalized-knapPI_5_50_1000_2_-1901.opb.xz,16
OPT-LIN/normalized-PB24/nordstrom/KNAP/almost_strongly_correlated/normalized-knapPI_5_50_1000_3_-1944.opb.xz,17
OPT-LIN/normalized-PB24/nordstrom/KNAP/almost_strongly_correlated/normalized-knapPI_5_50_1000_4_-1872.opb.xz,17
OPT-LIN/normalized-PB24/nordstrom/KNAP/almost_strongly_correlated/normalized-knapPI_5_50_1000_5_-2351.opb.xz,18
OPT-LIN/normalized-PB24/nordstrom/KNAP/circle/normalized-knapPI_16_10000_1000_1_-277046.opb.xz,23
OPT-LIN/normalized-PB24/nordstrom/KNAP/circle/normalized-knapPI_16_10000_1000_2_-464756.opb.xz,24
OPT-LIN/normalized-PB24/nordstrom/KNAP/circle/normalized-knapPI_16_10000_1000_3_-633245.opb.xz,25
OPT-LIN/normalized-PB24/nordstrom/KNAP/circle/normalized-knapPI_16_10000_1000_4_-775707.opb.xz,25
OPT-LIN/normalized-PB24/nordstrom/KNAP/circle/normalized-knapPI_16_10000_1000_5_-912198.opb.xz,26
OPT-LIN/normalized-PB24/nordstrom/KNAP/circle/normalized-knapPI_16_1000_1000_1_-27147.opb.xz,20
OPT-LIN/normalized-PB24/nordstrom/KNAP/circle/normalized-knapPI_16_1000_1000_2_-44773.opb.xz,21
OPT-LIN/normalized-PB24/nordstrom/KNAP/circle/normalized-knapPI_16_1000_1000_3_-64241.opb.xz,22
OPT-LIN/normalized-PB24/nordstrom/KNAP/circle/normalized-knapPI_16_1000_1000_4_-77577.opb.xz,22
OPT-LIN/normalized-PB24/nordstrom/KNAP/circle/normalized-knapPI_16_1000_1000_5_-91854.opb.xz,22
OPT-LIN/normalized-PB24/nordstrom/KNAP/circle/normalized-knapPI_16_100_1000_1_-4400.opb.xz,17
OPT-LIN/normalized-PB24/nordstrom/KNAP/circle/normalized-knapPI_16_100_1000_2_-3898.opb.xz,18
OPT-LIN/normalized-PB24/nordstrom/KNAP/circle/normalized-knapPI_16_100_1000_3_-6166.opb.xz,18
OPT-LIN/normalized-PB24/nordstrom/KNAP/circle/normalized-knapPI_16_100_1000_4_-8018.opb.xz,19
OPT-LIN/normalized-PB24/nordstrom/KNAP/circle/normalized-knapPI_16_100_1000_5_-8569.opb.xz,19
OPT-LIN/normalized-PB24/nordstrom/KNAP/circle/normalized-knapPI_16_2000_1000_1_-54945.opb.xz,21
OPT-LIN/normalized-PB24/nordstrom/KNAP/circle/normalized-knapPI_16_2000_1000_2_-91425.opb.xz,22
OPT-LIN/normalized-PB24/nordstrom/KNAP/circle/normalized-knapPI_16_2000_1000_3_-128038.opb.xz,23
OPT-LIN/normalized-PB24/nordstrom/KNAP/circle/normalized-knapPI_16_2000_1000_4_-156978.opb.xz,23
OPT-LIN/normalized-PB24/nordstrom/KNAP/circle/normalized-knapPI_16_2000_1000_5_-183168.opb.xz,23
OPT-LIN/normalized-PB24/nordstrom/KNAP/circle/normalized-knapPI_16_200_1000_1_-5370.opb.xz,18
OPT-LIN/normalized-PB24/nordstrom/KNAP/circle/normalized-knapPI_16_200_1000_2_-7963.opb.xz,19
OPT-LIN/normalized-PB24/nordstrom/KNAP/circle/normalized-knapPI_16_200_1000_3_-13071.opb.xz,19
OPT-LIN/normalized-PB24/nordstrom/KNAP/circle/normalized-knapPI_16_200_1000_4_-15937.opb.xz,20
OPT-LIN/normalized-PB24/nordstrom/KNAP/circle/normalized-knapPI_16_200_1000_5_-18008.opb.xz,20
OPT-LIN/normalized-PB24/nordstrom/KNAP/circle/normalized-knapPI_16_20_1000_1_-2291.opb.xz,15
OPT-LIN/normalized-PB24/nordstrom/KNAP/circle/normalized-knapPI_16_20_1000_2_-2296.opb.xz,16
OPT-LIN/normalized-PB24/nordstrom/KNAP/circle/normalized-knapPI_16_20_1000_3_-2189.opb.xz,16
OPT-LIN/normalized-PB24/nordstrom/KNAP/circle/normalized-knapPI_16_20_1000_4_-2893.opb.xz,17
OPT-LIN/normalized-PB24/nordstrom/KNAP/circle/normalized-knapPI_16_20_1000_5_-3230.opb.xz,17
OPT-LIN/normalized-PB24/nordstrom/KNAP/circle/normalized-knapPI_16_5000_1000_1_-138116.opb.xz,22
OPT-LIN/normalized-PB24/nordstrom/KNAP/circle/normalized-knapPI_16_5000_1000_2_-232847.opb.xz,23
OPT-LIN/normalized-PB24/nordstrom/KNAP/circle/normalized-knapPI_16_5000_1000_3_-319681.opb.xz,24
OPT-LIN/normalized-PB24/nordstrom/KNAP/circle/normalized-knapPI_16_5000_1000_4_-388055.opb.xz,24
OPT-LIN/normalized-PB24/nordstrom/KNAP/circle/normalized-knapPI_16_5000_1000_5_-456766.opb.xz,25
OPT-LIN/normalized-PB24/nordstrom/KNAP/circle/normalized-knapPI_16_500_1000_1_-13145.opb.xz,19
OPT-LIN/normalized-PB24/nordstrom/KNAP/circle/normalized-knapPI_16_500_1000_2_-22574.opb.xz,20
OPT-LIN/normalized-PB24/nordstrom/KNAP/circle/normalized-knapPI_16_500_1000_3_-31941.opb.xz,21
OPT-LIN/normalized-PB24/nordstrom/KNAP/circle/normalized-knapPI_16_500_1000_4_-38303.opb.xz,21
OPT-LIN/normalized-PB24/nordstrom/KNAP/circle/normalized-knapPI_16_500_1000_5_-45921.opb.xz,21
OPT-LIN/normalized-PB24/nordstrom/KNAP/circle/normalized-knapPI_16_50_1000_1_-3408.opb.xz,16
OPT-LIN/normalized-PB24/nordstrom/KNAP/circle/normalized-knapPI_16_50_1000_2_-3322.opb.xz,17
OPT-LIN/normalized-PB24/nordstrom/KNAP/circle/normalized-knapPI_16_50_1000_3_-3818.opb.xz,17
OPT-LIN/normalized-PB24/nordstrom/KNAP/circle/normalized-knapPI_16_50_1000_4_-3908.opb.xz,18
OPT-LIN/normalized-PB24/nordstrom/KNAP/circle/normalized-knapPI_16_50_1000_5_-4195.opb.xz,18
OPT-LIN/normalized-PB24/nordstrom/KNAP/inverse_strongly_correlated/normalized-knapPI_4_10000_10000_1_-538481.opb.xz,26
OPT-LIN/normalized-PB24/nordstrom/KNAP/inverse_strongly_correlated/normalized-knapPI_4_10000_10000_2_-1075759.opb.xz,27
OPT-LIN/normalized-PB24/nordstrom/KNAP/inverse_strongly_correlated/normalized-knapPI_4_10000_10000_3_-1626336.opb.xz,28
OPT-LIN/normalized-PB24/nordstrom/KNAP/inverse_strongly_correlated/normalized-knapPI_4_10000_10000_4_-2155731.opb.xz,28
OPT-LIN/normalized-PB24/nordstrom/KNAP/inverse_strongly_correlated/normalized-knapPI_4_10000_10000_5_-2674834.opb.xz,29
OPT-LIN/normalized-PB24/nordstrom/KNAP/inverse_strongly_correlated/normalized-knapPI_4_10000_1000_1_-53919.opb.xz,23
OPT-LIN/normalized-PB24/nordstrom/KNAP/inverse_strongly_correlated/normalized-knapPI_4_10000_1000_2_-108512.opb.xz,24
OPT-LIN/normalized-PB24/nordstrom/KNAP/inverse_strongly_correlated/normalized-knapPI_4_10000_1000_3_-161828.opb.xz,25
OPT-LIN/normalized-PB24/nordstrom/KNAP/inverse_strongly_correlated/normalized-knapPI_4_10000_1000_4_-215535.opb.xz,25
OPT-LIN/normalized-PB24/nordstrom/KNAP/inverse_strongly_correlated/normalized-knapPI_4_10000_1000_5_-270375.opb.xz,25
OPT-LIN/normalized-PB24/nordstrom/KNAP/inverse_strongly_correlated/normalized-knapPI_4_1000_10000_1_-52881.opb.xz,23
OPT-LIN/normalized-PB24/nordstrom/KNAP/inverse_strongly_correlated/normalized-knapPI_4_1000_10000_2_-107926.opb.xz,24
OPT-LIN/normalized-PB24/nordstrom/KNAP/inverse_strongly_correlated/normalized-knapPI_4_1000_10000_3_-163185.opb.xz,25
OPT-LIN/normalized-PB24/nordstrom/KNAP/inverse_strongly_correlated/normalized-knapPI_4_1000_10000_4_-217786.opb.xz,25
OPT-LIN/normalized-PB24/nordstrom/KNAP/inverse_strongly_correlated/normalized-knapPI_4_1000_10000_5_-268720.opb.xz,25
OPT-LIN/normalized-PB24/nordstrom/KNAP/inverse_strongly_correlated/normalized-knapPI_4_1000_1000_1_-5380.opb.xz,20
OPT-LIN/normalized-PB24/nordstrom/KNAP/inverse_strongly_correlated/normalized-knapPI_4_1000_1000_2_-10876.opb.xz,21
OPT-LIN/normalized-PB24/nordstrom/KNAP/inverse_strongly_correlated/normalized-knapPI_4_1000_1000_3_-15951.opb.xz,21
OPT-LIN/normalized-PB24/nordstrom/KNAP/inverse_strongly_correlated/normalized-knapPI_4_1000_1000_4_-21627.opb.xz,22
OPT-LIN/normalized-PB24/nordstrom/KNAP/inverse_strongly_correlated/normalized-knapPI_4_1000_1000_5_-27583.opb.xz,22
OPT-LIN/normalized-PB24/nordstrom/KNAP/inverse_strongly_correlated/normalized-knapPI_4_100_10000_1_-9984.opb.xz,20
OPT-LIN/normalized-PB24/nordstrom/KNAP/inverse_strongly_correlated/normalized-knapPI_4_100_10000_2_-10706.opb.xz,21
OPT-LIN/normalized-PB24/nordstrom/KNAP/inverse_strongly_correlated/normalized-knapPI_4_100_10000_3_-16212.opb.xz,21
OPT-LIN/normalized-PB24/nordstrom/KNAP/inverse_strongly_correlated/normalized-knapPI_4_100_10000_4_-20695.opb.xz,22
OPT-LIN/normalized-PB24/nordstrom/KNAP/inverse_strongly_correlated/normalized-knapPI_4_100_10000_5_-26923.opb.xz,22
OPT-LIN/normalized-PB24/nordstrom/KNAP/inverse_strongly_correlated/normalized-knapPI_4_100_1000_1_-997.opb.xz,16
OPT-LIN/normalized-PB24/nordstrom/KNAP/inverse_strongly_correlated/normalized-knapPI_4_100_1000_2_-1041.opb.xz,17
OPT-LIN/normalized-PB24/nordstrom/KNAP/inverse_strongly_correlated/normalized-knapPI_4_100_1000_3_-1619.opb.xz,18
OPT-LIN/normalized-PB24/nordstrom/KNAP/inverse_strongly_correlated/normalized-knapPI_4_100_1000_4_-1977.opb.xz,18
OPT-LIN/normalized-PB24/nordstrom/KNAP/inverse_strongly_correlated/normalized-knapPI_4_100_1000_5_-2594.opb.xz,19
OPT-LIN/normalized-PB24/nordstrom/KNAP/inverse_strongly_correlated/normalized-knapPI_4_2000_10000_1_-106879.opb.xz,24
OPT-LIN/normalized-PB24/nordstrom/KNAP/inverse_strongly_correlated/normalized-knapPI_4_2000_10000_2_-215229.opb.xz,25
OPT-LIN/normalized-PB24/nordstrom/KNAP/inverse_strongly_correlated/normalized-knapPI_4_2000_10000_3_-326090.opb.xz,26
OPT-LIN/normalized-PB24/nordstrom/KNAP/inverse_strongly_correlated/normalized-knapPI_4_2000_10000_4_-433195.opb.xz,26
OPT-LIN/normalized-PB24/nordstrom/KNAP/inverse_strongly_correlated/normalized-knapPI_4_2000_10000_5_-534402.opb.xz,26
OPT-LIN/normalized-PB24/nordstrom/KNAP/inverse_strongly_correlated/normalized-knapPI_4_2000_1000_1_-10699.opb.xz,21
OPT-LIN/normalized-PB24/nordstrom/KNAP/inverse_strongly_correlated/normalized-knapPI_4_2000_1000_2_-21761.opb.xz,22
OPT-LIN/normalized-PB24/nordstrom/KNAP/inverse_strongly_correlated/normalized-knapPI_4_2000_1000_3_-32354.opb.xz,22
OPT-LIN/normalized-PB24/nordstrom/KNAP/inverse_strongly_correlated/normalized-knapPI_4_2000_1000_4_-42736.opb.xz,23
OPT-LIN/normalized-PB24/nordstrom/KNAP/inverse_strongly_correlated/normalized-knapPI_4_2000_1000_5_-54990.opb.xz,23
OPT-LIN/normalized-PB24/nordstrom/KNAP/inverse_strongly_correlated/normalized-knapPI_4_200_10000_1_-10311.opb.xz,21
OPT-LIN/normalized-PB24/nordstrom/KNAP/inverse_strongly_correlated/normalized-knapPI_4_200_10000_2_-21967.opb.xz,22
OPT-LIN/normalized-PB24/nordstrom/KNAP/inverse_strongly_correlated/normalized-knapPI_4_200_10000_3_-31512.opb.xz,22
OPT-LIN/normalized-PB24/nordstrom/KNAP/inverse_strongly_correlated/normalized-knapPI_4_200_10000_4_-42355.opb.xz,23
OPT-LIN/normalized-PB24/nordstrom/KNAP/inverse_strongly_correlated/normalized-knapPI_4_200_10000_5_-52893.opb.xz,23
OPT-LIN/normalized-PB24/nordstrom/KNAP/inverse_strongly_correlated/normalized-knapPI_4_200_1000_1_-997.opb.xz,17
OPT-LIN/normalized-PB24/nordstrom/KNAP/inverse_strongly_correlated/normalized-knapPI_4_200_1000_2_-2073.opb.xz,18
OPT-LIN/normalized-PB24/nordstrom/KNAP/inverse_strongly_correlated/normalized-knapPI_4_200_1000_3_-3152.opb.xz,19
OPT-LIN/normalized-PB24/nordstrom/KNAP/inverse_strongly_correlated/normalized-knapPI_4_200_1000_4_-4360.opb.xz,19
OPT-LIN/normalized-PB24/nordstrom/KNAP/inverse_strongly_correlated/normalized-knapPI_4_200_1000_5_-5372.opb.xz,20
OPT-LIN/normalized-PB24/nordstrom/KNAP/inverse_strongly_correlated/normalized-knapPI_4_5000_10000_1_-268617.opb.xz,25
OPT-LIN/normalized-PB24/nordstrom/KNAP/inverse_strongly_correlated/normalized-knapPI_4_5000_10000_2_-541183.opb.xz,26
OPT-LIN/normalized-PB24/nordstrom/KNAP/inverse_strongly_correlated/normalized-knapPI_4_5000_10000_3_-807453.opb.xz,27
OPT-LIN/normalized-PB24/nordstrom/KNAP/inverse_strongly_correlated/normalized-knapPI_4_5000_10000_4_-1075296.opb.xz,27
OPT-LIN/normalized-PB24/nordstrom/KNAP/inverse_strongly_correlated/normalized-knapPI_4_5000_10000_5_-1337662.opb.xz,28
OPT-LIN/normalized-PB24/nordstrom/KNAP/inverse_strongly_correlated/normalized-knapPI_4_5000_1000_1_-26956.opb.xz,22
OPT-LIN/normalized-PB24/nordstrom/KNAP/inverse_strongly_correlated/normalized-knapPI_4_5000_1000_2_-54663.opb.xz,23
OPT-LIN/normalized-PB24/nordstrom/KNAP/inverse_strongly_correlated/normalized-knapPI_4_5000_1000_3_-80877.opb.xz,24
OPT-LIN/normalized-PB24/nordstrom/KNAP/inverse_strongly_correlated/normalized-knapPI_4_5000_1000_4_-108385.opb.xz,24
OPT-LIN/normalized-PB24/nordstrom/KNAP/inverse_strongly_correlated/normalized-knapPI_4_5000_1000_5_-135605.opb.xz,24
OPT-LIN/normalized-PB24/nordstrom/KNAP/inverse_strongly_correlated/normalized-knapPI_4_500_10000_1_-27309.opb.xz,22
OPT-LIN/normalized-PB24/nordstrom/KNAP/inverse_strongly_correlated/normalized-knapPI_4_500_10000_2_-55551.opb.xz,23
OPT-LIN/normalized-PB24/nordstrom/KNAP/inverse_strongly_correlated/normalized-knapPI_4_500_10000_3_-80048.opb.xz,24
OPT-LIN/normalized-PB24/nordstrom/KNAP/inverse_strongly_correlated/normalized-knapPI_4_500_10000_4_-109129.opb.xz,24
OPT-LIN/normalized-PB24/nordstrom/KNAP/inverse_strongly_correlated/normalized-knapPI_4_500_10000_5_-133620.opb.xz,24
OPT-LIN/normalized-PB24/nordstrom/KNAP/inverse_strongly_correlated/normalized-knapPI_4_500_1000_1_-2712.opb.xz,19
OPT-LIN/normalized-PB24/nordstrom/KNAP/inverse_strongly_correlated/normalized-knapPI_4_500_1000_2_-5426.opb.xz,20
OPT-LIN/normalized-PB24/nordstrom/KNAP/inverse_strongly_correlated/normalized-knapPI_4_500_1000_3_-7902.opb.xz,20
OPT-LIN/normalized-PB24/nordstrom/KNAP/inverse_strongly_correlated/normalized-knapPI_4_500_1000_4_-10900.opb.xz,21
OPT-LIN/normalized-PB24/nordstrom/KNAP/inverse_strongly_correlated/normalized-knapPI_4_500_1000_5_-13991.opb.xz,21
OPT-LIN/normalized-PB24/nordstrom/KNAP/inverse_strongly_correlated/normalized-knapPI_4_50_10000_1_-9984.opb.xz,19
OPT-LIN/normalized-PB24/nordstrom/KNAP/inverse_strongly_correlated/normalized-knapPI_4_50_10000_2_-9955.opb.xz,20
OPT-LIN/normalized-PB24/nordstrom/KNAP/inverse_strongly_correlated/normalized-knapPI_4_50_10000_3_-9743.opb.xz,20
OPT-LIN/normalized-PB24/nordstrom/KNAP/inverse_strongly_correlated/normalized-knapPI_4_50_10000_4_-10416.opb.xz,21
OPT-LIN/normalized-PB24/nordstrom/KNAP/inverse_strongly_correlated/normalized-knapPI_4_50_10000_5_-11993.opb.xz,21
OPT-LIN/normalized-PB24/nordstrom/KNAP/inverse_strongly_correlated/normalized-knapPI_4_50_1000_1_-994.opb.xz,15
OPT-LIN/normalized-PB24/nordstrom/KNAP/inverse_strongly_correlated/normalized-knapPI_4_50_1000_2_-997.opb.xz,17
OPT-LIN/normalized-PB24/nordstrom/KNAP/inverse_strongly_correlated/normalized-knapPI_4_50_1000_3_-998.opb.xz,17
OPT-LIN/normalized-PB24/nordstrom/KNAP/inverse_strongly_correlated/normalized-knapPI_4_50_1000_4_-999.opb.xz,17
OPT-LIN/normalized-PB24/nordstrom/KNAP/inverse_strongly_correlated/normalized-knapPI_4_50_1000_5_-1278.opb.xz,18
OPT-LIN/normalized-PB24/nordstrom/KNAP/multiple_strongly_correlated/normalized-knapPI_14_10000_1000_1_-270697.opb.xz,23
OPT-LIN/normalized-PB24/nordstrom/KNAP/multiple_strongly_correlated/normalized-knapPI_14_10000_1000_2_-407357.opb.xz,24
OPT-LIN/normalized-PB24/nordstrom/KNAP/multiple_strongly_correlated/normalized-knapPI_14_10000_1000_3_-537473.opb.xz,25
OPT-LIN/normalized-PB24/nordstrom/KNAP/multiple_strongly_correlated/normalized-knapPI_14_10000_1000_4_-634984.opb.xz,25
OPT-LIN/normalized-PB24/nordstrom/KNAP/multiple_strongly_correlated/normalized-knapPI_14_10000_1000_5_-726720.opb.xz,26
OPT-LIN/normalized-PB24/nordstrom/KNAP/multiple_strongly_correlated/normalized-knapPI_14_1000_1000_1_-26616.opb.xz,20
OPT-LIN/normalized-PB24/nordstrom/KNAP/multiple_strongly_correlated/normalized-knapPI_14_1000_1000_2_-38335.opb.xz,21
OPT-LIN/normalized-PB24/nordstrom/KNAP/multiple_strongly_correlated/normalized-knapPI_14_1000_1000_3_-54883.opb.xz,22
OPT-LIN/normalized-PB24/nordstrom/KNAP/multiple_strongly_correlated/normalized-knapPI_14_1000_1000_4_-63934.opb.xz,22
OPT-LIN/normalized-PB24/nordstrom/KNAP/multiple_strongly_correlated/normalized-knapPI_14_1000_1000_5_-72286.opb.xz,22
OPT-LIN/normalized-PB24/nordstrom/KNAP/multiple_strongly_correlated/normalized-knapPI_14_100_1000_1_-3697.opb.xz,17
OPT-LIN/normalized-PB24/nordstrom/KNAP/multiple_strongly_correlated/normalized-knapPI_14_100_1000_2_-3482.opb.xz,18
OPT-LIN/normalized-PB24/nordstrom/KNAP/multiple_strongly_correlated/normalized-knapPI_14_100_1000_3_-5765.opb.xz,18
OPT-LIN/normalized-PB24/nordstrom/KNAP/multiple_strongly_correlated/normalized-knapPI_14_100_1000_4_-6730.opb.xz,19
OPT-LIN/normalized-PB24/nordstrom/KNAP/multiple_strongly_correlated/normalized-knapPI_14_100_1000_5_-6611.opb.xz,19
OPT-LIN/normalized-PB24/nordstrom/KNAP/multiple_strongly_correlated/normalized-knapPI_14_2000_1000_1_-54180.opb.xz,21
OPT-LIN/normalized-PB24/nordstrom/KNAP/multiple_strongly_correlated/normalized-knapPI_14_2000_1000_2_-79605.opb.xz,22
OPT-LIN/normalized-PB24/nordstrom/KNAP/multiple_strongly_correlated/normalized-knapPI_14_2000_1000_3_-108409.opb.xz,23
OPT-LIN/normalized-PB24/nordstrom/KNAP/multiple_strongly_correlated/normalized-knapPI_14_2000_1000_4_-128348.opb.xz,23
OPT-LIN/normalized-PB24/nordstrom/KNAP/multiple_strongly_correlated/normalized-knapPI_14_2000_1000_5_-145151.opb.xz,23
OPT-LIN/normalized-PB24/nordstrom/KNAP/multiple_strongly_correlated/normalized-knapPI_14_200_1000_1_-5397.opb.xz,18
OPT-LIN/normalized-PB24/nordstrom/KNAP/multiple_strongly_correlated/normalized-knapPI_14_200_1000_2_-6898.opb.xz,19
OPT-LIN/normalized-PB24/nordstrom/KNAP/multiple_strongly_correlated/normalized-knapPI_14_200_1000_3_-11972.opb.xz,19
OPT-LIN/normalized-PB24/nordstrom/KNAP/multiple_strongly_correlated/normalized-knapPI_14_200_1000_4_-13316.opb.xz,20
OPT-LIN/normalized-PB24/nordstrom/KNAP/multiple_strongly_correlated/normalized-knapPI_14_200_1000_5_-13715.opb.xz,20
OPT-LIN/normalized-PB24/nordstrom/KNAP/multiple_strongly_correlated/normalized-knapPI_14_20_1000_1_-1794.opb.xz,14
OPT-LIN/normalized-PB24/nordstrom/KNAP/multiple_strongly_correlated/normalized-knapPI_14_20_1000_2_-1743.opb.xz,15
OPT-LIN/normalized-PB24/nordstrom/KNAP/multiple_strongly_correlated/normalized-knapPI_14_20_1000_3_-1882.opb.xz,16
OPT-LIN/normalized-PB24/nordstrom/KNAP/multiple_strongly_correlated/normalized-knapPI_14_20_1000_4_-2255.opb.xz,16
OPT-LIN/normalized-PB24/nordstrom/KNAP/multiple_strongly_correlated/normalized-knapPI_14_20_1000_5_-2483.opb.xz,17
OPT-LIN/normalized-PB24/nordstrom/KNAP/multiple_strongly_correlated/normalized-knapPI_14_5000_1000_1_-134202.opb.xz,22
OPT-LIN/normalized-PB24/nordstrom/KNAP/multiple_strongly_correlated/normalized-knapPI_14_5000_1000_2_-203678.opb.xz,23
OPT-LIN/normalized-PB24/nordstrom/KNAP/multiple_strongly_correlated/normalized-knapPI_14_5000_1000_3_-270658.opb.xz,24
OPT-LIN/normalized-PB24/nordstrom/KNAP/multiple_strongly_correlated/normalized-knapPI_14_5000_1000_4_-317407.opb.xz,24
OPT-LIN/normalized-PB24/nordstrom/KNAP/multiple_strongly_correlated/normalized-knapPI_14_5000_1000_5_-363730.opb.xz,25
OPT-LIN/normalized-PB24/nordstrom/KNAP/multiple_strongly_correlated/normalized-knapPI_14_500_1000_1_-12746.opb.xz,19
OPT-LIN/normalized-PB24/nordstrom/KNAP/multiple_strongly_correlated/normalized-knapPI_14_500_1000_2_-19148.opb.xz,20
OPT-LIN/normalized-PB24/nordstrom/KNAP/multiple_strongly_correlated/normalized-knapPI_14_500_1000_3_-27977.opb.xz,21
OPT-LIN/normalized-PB24/nordstrom/KNAP/multiple_strongly_correlated/normalized-knapPI_14_500_1000_4_-31297.opb.xz,21
OPT-LIN/normalized-PB24/nordstrom/KNAP/multiple_strongly_correlated/normalized-knapPI_14_500_1000_5_-35578.opb.xz,21
OPT-LIN/normalized-PB24/nordstrom/KNAP/multiple_strongly_correlated/normalized-knapPI_14_50_1000_1_-2586.opb.xz,16
OPT-LIN/normalized-PB24/nordstrom/KNAP/multiple_strongly_correlated/normalized-knapPI_14_50_1000_2_-2581.opb.xz,17
OPT-LIN/normalized-PB24/nordstrom/KNAP/multiple_strongly_correlated/normalized-knapPI_14_50_1000_3_-3373.opb.xz,17
OPT-LIN/normalized-PB24/nordstrom/KNAP/multiple_strongly_correlated/normalized-knapPI_14_50_1000_4_-3290.opb.xz,18
OPT-LIN/normalized-PB24/nordstrom/KNAP/multiple_strongly_correlated/normalized-knapPI_14_50_1000_5_-3237.opb.xz,18
OPT-LIN/normalized-PB24/nordstrom/KNAP/profit_ceiling/normalized-knapPI_15_10000_1000_1_-50622.opb.xz,23
OPT-LIN/normalized-PB24/nordstrom/KNAP/profit_ceiling/normalized-knapPI_15_10000_1000_2_-101286.opb.xz,24
OPT-LIN/normalized-PB24/nordstrom/KNAP/profit_ceiling/normalized-knapPI_15_10000_1000_3_-149844.opb.xz,24
OPT-LIN/normalized-PB24/nordstrom/KNAP/profit_ceiling/normalized-knapPI_15_10000_1000_4_-199977.opb.xz,25
OPT-LIN/normalized-PB24/nordstrom/KNAP/profit_ceiling/normalized-knapPI_15_10000_1000_5_-249006.opb.xz,25
OPT-LIN/normalized-PB24/nordstrom/KNAP/profit_ceiling/normalized-knapPI_15_1000_1000_1_-4950.opb.xz,19
OPT-LIN/normalized-PB24/nordstrom/KNAP/profit_ceiling/normalized-knapPI_15_1000_1000_2_-10122.opb.xz,20
OPT-LIN/normalized-PB24/nordstrom/KNAP/profit_ceiling/normalized-knapPI_15_1000_1000_3_-15009.opb.xz,21
OPT-LIN/normalized-PB24/nordstrom/KNAP/profit_ceiling/normalized-knapPI_15_1000_1000_4_-20175.opb.xz,21
OPT-LIN/normalized-PB24/nordstrom/KNAP/profit_ceiling/normalized-knapPI_15_1000_1000_5_-25968.opb.xz,22
OPT-LIN/normalized-PB24/nordstrom/KNAP/profit_ceiling/normalized-knapPI_15_100_1000_1_-1011.opb.xz,16
OPT-LIN/normalized-PB24/nordstrom/KNAP/profit_ceiling/normalized-knapPI_15_100_1000_2_-1008.opb.xz,17
OPT-LIN/normalized-PB24/nordstrom/KNAP/profit_ceiling/normalized-knapPI_15_100_1000_3_-1482.opb.xz,18
OPT-LIN/normalized-PB24/nordstrom/KNAP/profit_ceiling/normalized-knapPI_15_100_1000_4_-2061.opb.xz,18
OPT-LIN/normalized-PB24/nordstrom/KNAP/profit_ceiling/normalized-knapPI_15_100_1000_5_-2235.opb.xz,18
OPT-LIN/normalized-PB24/nordstrom/KNAP/profit_ceiling/normalized-knapPI_15_2000_1000_1_-9963.opb.xz,20
OPT-LIN/normalized-PB24/nordstrom/KNAP/profit_ceiling/normalized-knapPI_15_2000_1000_2_-20568.opb.xz,21
OPT-LIN/normalized-PB24/nordstrom/KNAP/profit_ceiling/normalized-knapPI_15_2000_1000_3_-30066.opb.xz,22
OPT-LIN/normalized-PB24/nordstrom/KNAP/profit_ceiling/normalized-knapPI_15_2000_1000_4_-40743.opb.xz,22
OPT-LIN/normalized-PB24/nordstrom/KNAP/profit_ceiling/normalized-knapPI_15_2000_1000_5_-50838.opb.xz,23
OPT-LIN/normalized-PB24/nordstrom/KNAP/profit_ceiling/normalized-knapPI_15_200_1000_1_-1020.opb.xz,17
OPT-LIN/normalized-PB24/nordstrom/KNAP/profit_ceiling/normalized-knapPI_15_200_1000_2_-2031.opb.xz,18
OPT-LIN/normalized-PB24/nordstrom/KNAP/profit_ceiling/normalized-knapPI_15_200_1000_3_-2916.opb.xz,19
OPT-LIN/normalized-PB24/nordstrom/KNAP/profit_ceiling/normalized-knapPI_15_200_1000_4_-4266.opb.xz,19
OPT-LIN/normalized-PB24/nordstrom/KNAP/profit_ceiling/normalized-knapPI_15_200_1000_5_-5067.opb.xz,19
OPT-LIN/normalized-PB24/nordstrom/KNAP/profit_ceiling/normalized-knapPI_15_20_1000_1_-999.opb.xz,14
OPT-LIN/normalized-PB24/nordstrom/KNAP/profit_ceiling/normalized-knapPI_15_20_1000_2_-948.opb.xz,15
OPT-LIN/normalized-PB24/nordstrom/KNAP/profit_ceiling/normalized-knapPI_15_20_1000_3_-1002.opb.xz,16
OPT-LIN/normalized-PB24/nordstrom/KNAP/profit_ceiling/normalized-knapPI_15_20_1000_4_-1002.opb.xz,16
OPT-LIN/normalized-PB24/nordstrom/KNAP/profit_ceiling/normalized-knapPI_15_20_1000_5_-969.opb.xz,16
OPT-LIN/normalized-PB24/nordstrom/KNAP/profit_ceiling/normalized-knapPI_15_5000_1000_1_-25182.opb.xz,22
OPT-LIN/normalized-PB24/nordstrom/KNAP/profit_ceiling/normalized-knapPI_15_5000_1000_2_-50988.opb.xz,23
OPT-LIN/normalized-PB24/nordstrom/KNAP/profit_ceiling/normalized-knapPI_15_5000_1000_3_-74916.opb.xz,23
OPT-LIN/normalized-PB24/nordstrom/KNAP/profit_ceiling/normalized-knapPI_15_5000_1000_4_-100383.opb.xz,24
OPT-LIN/normalized-PB24/nordstrom/KNAP/profit_ceiling/normalized-knapPI_15_5000_1000_5_-125571.opb.xz,24
OPT-LIN/normalized-PB24/nordstrom/KNAP/profit_ceiling/normalized-knapPI_15_500_1000_1_-2508.opb.xz,18
OPT-LIN/normalized-PB24/nordstrom/KNAP/profit_ceiling/normalized-knapPI_15_500_1000_2_-5043.opb.xz,19
OPT-LIN/normalized-PB24/nordstrom/KNAP/profit_ceiling/normalized-knapPI_15_500_1000_3_-7491.opb.xz,20
OPT-LIN/normalized-PB24/nordstrom/KNAP/profit_ceiling/normalized-knapPI_15_500_1000_4_-10119.opb.xz,20
OPT-LIN/normalized-PB24/nordstrom/KNAP/profit_ceiling/normalized-knapPI_15_500_1000_5_-12915.opb.xz,21
OPT-LIN/normalized-PB24/nordstrom/KNAP/profit_ceiling/normalized-knapPI_15_50_1000_1_-1005.opb.xz,15
OPT-LIN/normalized-PB24/nordstrom/KNAP/profit_ceiling/normalized-knapPI_15_50_1000_2_-993.opb.xz,16
OPT-LIN/normalized-PB24/nordstrom/KNAP/profit_ceiling/normalized-knapPI_15_50_1000_3_-1008.opb.xz,17
OPT-LIN/normalized-PB24/nordstrom/KNAP/profit_ceiling/normalized-knapPI_15_50_1000_4_-1011.opb.xz,17
OPT-LIN/normalized-PB24/nordstrom/KNAP/profit_ceiling/normalized-knapPI_15_50_1000_5_-1047.opb.xz,17
OPT-LIN/normalized-PB24/nordstrom/KNAP/similar_weights/normalized-knapPI_9_10000_1000_1_-98600.opb.xz,30
OPT-LIN/normalized-PB24/nordstrom/KNAP/similar_weights/normalized-knapPI_9_1000_1000_1_-8943.opb.xz,27
OPT-LIN/normalized-PB24/nordstrom/KNAP/similar_weights/normalized-knapPI_9_1000_1000_2_-18858.opb.xz,28
OPT-LIN/normalized-PB24/nordstrom/KNAP/similar_weights/normalized-knapPI_9_1000_1000_3_-28610.opb.xz,29
OPT-LIN/normalized-PB24/nordstrom/KNAP/similar_weights/normalized-knapPI_9_1000_1000_4_-38127.opb.xz,29
OPT-LIN/normalized-PB24/nordstrom/KNAP/similar_weights/normalized-knapPI_9_1000_1000_5_-47911.opb.xz,29
OPT-LIN/normalized-PB24/nordstrom/KNAP/similar_weights/normalized-knapPI_9_100_1000_1_-995.opb.xz,24
OPT-LIN/normalized-PB24/nordstrom/KNAP/similar_weights/normalized-knapPI_9_100_1000_2_-997.opb.xz,25
OPT-LIN/normalized-PB24/nordstrom/KNAP/similar_weights/normalized-knapPI_9_100_1000_3_-1942.opb.xz,25
OPT-LIN/normalized-PB24/nordstrom/KNAP/similar_weights/normalized-knapPI_9_100_1000_4_-2942.opb.xz,26
OPT-LIN/normalized-PB24/nordstrom/KNAP/similar_weights/normalized-knapPI_9_100_1000_5_-3910.opb.xz,26
OPT-LIN/normalized-PB24/nordstrom/KNAP/similar_weights/normalized-knapPI_9_2000_1000_1_-18907.opb.xz,28
OPT-LIN/normalized-PB24/nordstrom/KNAP/similar_weights/normalized-knapPI_9_2000_1000_2_-38658.opb.xz,29
OPT-LIN/normalized-PB24/nordstrom/KNAP/similar_weights/normalized-knapPI_9_2000_1000_3_-58116.opb.xz,30
OPT-LIN/normalized-PB24/nordstrom/KNAP/similar_weights/normalized-knapPI_9_2000_1000_4_-77395.opb.xz,30
OPT-LIN/normalized-PB24/nordstrom/KNAP/similar_weights/normalized-knapPI_9_2000_1000_5_-96497.opb.xz,30
OPT-LIN/normalized-PB24/nordstrom/KNAP/similar_weights/normalized-knapPI_9_200_1000_1_-995.opb.xz,25
OPT-LIN/normalized-PB24/nordstrom/KNAP/similar_weights/normalized-knapPI_9_200_1000_2_-2948.opb.xz,26
OPT-LIN/normalized-PB24/nordstrom/KNAP/similar_weights/normalized-knapPI_9_200_1000_3_-4922.opb.xz,26
OPT-LIN/normalized-PB24/nordstrom/KNAP/similar_weights/normalized-knapPI_9_200_1000_4_-6869.opb.xz,27
OPT-LIN/normalized-PB24/nordstrom/KNAP/similar_weights/normalized-knapPI_9_200_1000_5_-8819.opb.xz,27
OPT-LIN/normalized-PB24/nordstrom/KNAP/similar_weights/normalized-knapPI_9_5000_1000_1_-48768.opb.xz,29
OPT-LIN/normalized-PB24/nordstrom/KNAP/similar_weights/normalized-knapPI_9_5000_1000_2_-98058.opb.xz,30
OPT-LIN/normalized-PB24/nordstrom/KNAP/similar_weights/normalized-knapPI_9_500_1000_1_-3974.opb.xz,26
OPT-LIN/normalized-PB24/nordstrom/KNAP/similar_weights/normalized-knapPI_9_500_1000_2_-8952.opb.xz,27
OPT-LIN/normalized-PB24/nordstrom/KNAP/similar_weights/normalized-knapPI_9_500_1000_3_-13785.opb.xz,28
OPT-LIN/normalized-PB24/nordstrom/KNAP/similar_weights/normalized-knapPI_9_500_1000_4_-18688.opb.xz,28
OPT-LIN/normalized-PB24/nordstrom/KNAP/similar_weights/normalized-knapPI_9_500_1000_5_-23397.opb.xz,28
OPT-LIN/normalized-PB24/nordstrom/KNAP/similar_weights/normalized-knapPI_9_50_1000_1_-995.opb.xz,23
OPT-LIN/normalized-PB24/nordstrom/KNAP/similar_weights/normalized-knapPI_9_50_1000_2_-997.opb.xz,24
OPT-LIN/normalized-PB24/nordstrom/KNAP/similar_weights/normalized-knapPI_9_50_1000_3_-970.opb.xz,24
OPT-LIN/normalized-PB24/nordstrom/KNAP/similar_weights/normalized-knapPI_9_50_1000_4_-976.opb.xz,25
OPT-LIN/normalized-PB24/nordstrom/KNAP/similar_weights/normalized-knapPI_9_50_1000_5_-1933.opb.xz,25
OPT-LIN/normalized-PB24/nordstrom/KNAP/strongly_correlated/normalized-knapPI_3_10000_10000_1_-1492410.opb.xz,26
OPT-LIN/normalized-PB24/nordstrom/KNAP/strongly_correlated/normalized-knapPI_3_10000_10000_2_-2384739.opb.xz,27
OPT-LIN/normalized-PB24/nordstrom/KNAP/strongly_correlated/normalized-knapPI_3_10000_10000_3_-3189248.opb.xz,28
OPT-LIN/normalized-PB24/nordstrom/KNAP/strongly_correlated/normalized-knapPI_3_10000_10000_4_-3972691.opb.xz,28
OPT-LIN/normalized-PB24/nordstrom/KNAP/strongly_correlated/normalized-knapPI_3_10000_10000_5_-4701785.opb.xz,29
OPT-LIN/normalized-PB24/nordstrom/KNAP/strongly_correlated/normalized-knapPI_3_10000_1000_1_-146919.opb.xz,23
OPT-LIN/normalized-PB24/nordstrom/KNAP/strongly_correlated/normalized-knapPI_3_10000_1000_2_-239710.opb.xz,24
OPT-LIN/normalized-PB24/nordstrom/KNAP/strongly_correlated/normalized-knapPI_3_10000_1000_3_-322125.opb.xz,25
OPT-LIN/normalized-PB24/nordstrom/KNAP/strongly_correlated/normalized-knapPI_3_10000_1000_4_-397431.opb.xz,25
OPT-LIN/normalized-PB24/nordstrom/KNAP/strongly_correlated/normalized-knapPI_3_10000_1000_5_-467270.opb.xz,25
OPT-LIN/normalized-PB24/nordstrom/KNAP/strongly_correlated/normalized-knapPI_3_1000_10000_1_-147980.opb.xz,23
OPT-LIN/normalized-PB24/nordstrom/KNAP/strongly_correlated/normalized-knapPI_3_1000_10000_2_-240124.opb.xz,24
OPT-LIN/normalized-PB24/nordstrom/KNAP/strongly_correlated/normalized-knapPI_3_1000_10000_3_-319482.opb.xz,25
OPT-LIN/normalized-PB24/nordstrom/KNAP/strongly_correlated/normalized-knapPI_3_1000_10000_4_-393174.opb.xz,25
OPT-LIN/normalized-PB24/nordstrom/KNAP/strongly_correlated/normalized-knapPI_3_1000_10000_5_-473215.opb.xz,25
OPT-LIN/normalized-PB24/nordstrom/KNAP/strongly_correlated/normalized-knapPI_3_1000_1000_1_-14390.opb.xz,20
OPT-LIN/normalized-PB24/nordstrom/KNAP/strongly_correlated/normalized-knapPI_3_1000_1000_2_-24196.opb.xz,21
OPT-LIN/normalized-PB24/nordstrom/KNAP/strongly_correlated/normalized-knapPI_3_1000_1000_3_-32480.opb.xz,21
OPT-LIN/normalized-PB24/nordstrom/KNAP/strongly_correlated/normalized-knapPI_3_1000_1000_4_-39767.opb.xz,22
OPT-LIN/normalized-PB24/nordstrom/KNAP/strongly_correlated/normalized-knapPI_3_1000_1000_5_-46333.opb.xz,22
OPT-LIN/normalized-PB24/nordstrom/KNAP/strongly_correlated/normalized-knapPI_3_100_10000_1_-23982.opb.xz,20
OPT-LIN/normalized-PB24/nordstrom/KNAP/strongly_correlated/normalized-knapPI_3_100_10000_2_-21726.opb.xz,21
OPT-LIN/normalized-PB24/nordstrom/KNAP/strongly_correlated/normalized-knapPI_3_100_10000_3_-32245.opb.xz,21
OPT-LIN/normalized-PB24/nordstrom/KNAP/strongly_correlated/normalized-knapPI_3_100_10000_4_-36729.opb.xz,22
OPT-LIN/normalized-PB24/nordstrom/KNAP/strongly_correlated/normalized-knapPI_3_100_10000_5_-45972.opb.xz,22
OPT-LIN/normalized-PB24/nordstrom/KNAP/strongly_correlated/normalized-knapPI_3_100_1000_1_-2397.opb.xz,16
OPT-LIN/normalized-PB24/nordstrom/KNAP/strongly_correlated/normalized-knapPI_3_100_1000_2_-2243.opb.xz,17
OPT-LIN/normalized-PB24/nordstrom/KNAP/strongly_correlated/normalized-knapPI_3_100_1000_3_-3320.opb.xz,18
OPT-LIN/normalized-PB24/nordstrom/KNAP/strongly_correlated/normalized-knapPI_3_100_1000_4_-3773.opb.xz,18
OPT-LIN/normalized-PB24/nordstrom/KNAP/strongly_correlated/normalized-knapPI_3_100_1000_5_-4599.opb.xz,19
OPT-LIN/normalized-PB24/nordstrom/KNAP/strongly_correlated/normalized-knapPI_3_2000_10000_1_-298077.opb.xz,24
OPT-LIN/normalized-PB24/nordstrom/KNAP/strongly_correlated/normalized-knapPI_3_2000_10000_2_-485625.opb.xz,25
OPT-LIN/normalized-PB24/nordstrom/KNAP/strongly_correlated/normalized-knapPI_3_2000_10000_3_-644684.opb.xz,26
OPT-LIN/normalized-PB24/nordstrom/KNAP/strongly_correlated/normalized-knapPI_3_2000_10000_4_-781987.opb.xz,26
OPT-LIN/normalized-PB24/nordstrom/KNAP/strongly_correlated/normalized-knapPI_3_2000_10000_5_-939392.opb.xz,26
OPT-LIN/normalized-PB24/nordstrom/KNAP/strongly_correlated/normalized-knapPI_3_2000_1000_1_-28919.opb.xz,21
OPT-LIN/normalized-PB24/nordstrom/KNAP/strongly_correlated/normalized-knapPI_3_2000_1000_2_-47501.opb.xz,22
OPT-LIN/normalized-PB24/nordstrom/KNAP/strongly_correlated/normalized-knapPI_3_2000_1000_3_-64314.opb.xz,22
OPT-LIN/normalized-PB24/nordstrom/KNAP/strongly_correlated/normalized-knapPI_3_2000_1000_4_-80315.opb.xz,23
OPT-LIN/normalized-PB24/nordstrom/KNAP/strongly_correlated/normalized-knapPI_3_2000_1000_5_-93189.opb.xz,23
OPT-LIN/normalized-PB24/nordstrom/KNAP/strongly_correlated/normalized-knapPI_3_200_10000_1_-26330.opb.xz,21
OPT-LIN/normalized-PB24/nordstrom/KNAP/strongly_correlated/normalized-knapPI_3_200_10000_2_-44006.opb.xz,22
OPT-LIN/normalized-PB24/nordstrom/KNAP/strongly_correlated/normalized-knapPI_3_200_10000_3_-61571.opb.xz,22
OPT-LIN/normalized-PB24/nordstrom/KNAP/strongly_correlated/normalized-knapPI_3_200_10000_4_-76434.opb.xz,23
OPT-LIN/normalized-PB24/nordstrom/KNAP/strongly_correlated/normalized-knapPI_3_200_10000_5_-93992.opb.xz,23
OPT-LIN/normalized-PB24/nordstrom/KNAP/strongly_correlated/normalized-knapPI_3_200_1000_1_-2697.opb.xz,17
OPT-LIN/normalized-PB24/nordstrom/KNAP/strongly_correlated/normalized-knapPI_3_200_1000_2_-4577.opb.xz,18
OPT-LIN/normalized-PB24/nordstrom/KNAP/strongly_correlated/normalized-knapPI_3_200_1000_3_-6458.opb.xz,19
OPT-LIN/normalized-PB24/nordstrom/KNAP/strongly_correlated/normalized-knapPI_3_200_1000_4_-7968.opb.xz,19
OPT-LIN/normalized-PB24/nordstrom/KNAP/strongly_correlated/normalized-knapPI_3_200_1000_5_-8982.opb.xz,20
OPT-LIN/normalized-PB24/nordstrom/KNAP/strongly_correlated/normalized-knapPI_3_5000_10000_1_-740112.opb.xz,25
OPT-LIN/normalized-PB24/nordstrom/KNAP/strongly_correlated/normalized-knapPI_3_5000_10000_2_-1197173.opb.xz,26
OPT-LIN/normalized-PB24/nordstrom/KNAP/strongly_correlated/normalized-knapPI_3_5000_10000_3_-1593938.opb.xz,27
OPT-LIN/normalized-PB24/nordstrom/KNAP/strongly_correlated/normalized-knapPI_3_5000_10000_4_-1980276.opb.xz,27
OPT-LIN/normalized-PB24/nordstrom/KNAP/strongly_correlated/normalized-knapPI_3_5000_10000_5_-2356138.opb.xz,28
OPT-LIN/normalized-PB24/nordstrom/KNAP/strongly_correlated/normalized-knapPI_3_5000_1000_1_-72505.opb.xz,22
OPT-LIN/normalized-PB24/nordstrom/KNAP/strongly_correlated/normalized-knapPI_3_5000_1000_2_-119762.opb.xz,23
OPT-LIN/normalized-PB24/nordstrom/KNAP/strongly_correlated/normalized-knapPI_3_5000_1000_3_-160725.opb.xz,24
OPT-LIN/normalized-PB24/nordstrom/KNAP/strongly_correlated/normalized-knapPI_3_5000_1000_4_-199683.opb.xz,24
OPT-LIN/normalized-PB24/nordstrom/KNAP/strongly_correlated/normalized-knapPI_3_5000_1000_5_-232952.opb.xz,24
OPT-LIN/normalized-PB24/nordstrom/KNAP/strongly_correlated/normalized-knapPI_3_500_10000_1_-72359.opb.xz,22
OPT-LIN/normalized-PB24/nordstrom/KNAP/strongly_correlated/normalized-knapPI_3_500_10000_2_-112650.opb.xz,23
OPT-LIN/normalized-PB24/nordstrom/KNAP/strongly_correlated/normalized-knapPI_3_500_10000_3_-159197.opb.xz,24
OPT-LIN/normalized-PB24/nordstrom/KNAP/strongly_correlated/normalized-knapPI_3_500_10000_4_-195327.opb.xz,24
OPT-LIN/normalized-PB24/nordstrom/KNAP/strongly_correlated/normalized-knapPI_3_500_10000_5_-239868.opb.xz,24
OPT-LIN/normalized-PB24/nordstrom/KNAP/strongly_correlated/normalized-knapPI_3_500_1000_1_-7117.opb.xz,19
OPT-LIN/normalized-PB24/nordstrom/KNAP/strongly_correlated/normalized-knapPI_3_500_1000_2_-11836.opb.xz,20
OPT-LIN/normalized-PB24/nordstrom/KNAP/strongly_correlated/normalized-knapPI_3_500_1000_3_-16117.opb.xz,20
OPT-LIN/normalized-PB24/nordstrom/KNAP/strongly_correlated/normalized-knapPI_3_500_1000_4_-20319.opb.xz,21
OPT-LIN/normalized-PB24/nordstrom/KNAP/strongly_correlated/normalized-knapPI_3_500_1000_5_-23216.opb.xz,21
OPT-LIN/normalized-PB24/nordstrom/KNAP/strongly_correlated/normalized-knapPI_3_50_10000_1_-20862.opb.xz,19
OPT-LIN/normalized-PB24/nordstrom/KNAP/strongly_correlated/normalized-knapPI_3_50_10000_2_-17847.opb.xz,20
OPT-LIN/normalized-PB24/nordstrom/KNAP/strongly_correlated/normalized-knapPI_3_50_10000_3_-16737.opb.xz,20
OPT-LIN/normalized-PB24/nordstrom/KNAP/strongly_correlated/normalized-knapPI_3_50_10000_4_-18382.opb.xz,21
OPT-LIN/normalized-PB24/nordstrom/KNAP/strongly_correlated/normalized-knapPI_3_50_10000_5_-23529.opb.xz,21
OPT-LIN/normalized-PB24/nordstrom/KNAP/strongly_correlated/normalized-knapPI_3_50_1000_1_-1894.opb.xz,15
OPT-LIN/normalized-PB24/nordstrom/KNAP/strongly_correlated/normalized-knapPI_3_50_1000_2_-1678.opb.xz,16
OPT-LIN/normalized-PB24/nordstrom/KNAP/strongly_correlated/normalized-knapPI_3_50_1000_3_-1798.opb.xz,17
OPT-LIN/normalized-PB24/nordstrom/KNAP/strongly_correlated/normalized-knapPI_3_50_1000_4_-1897.opb.xz,17
OPT-LIN/normalized-PB24/nordstrom/KNAP/strongly_correlated/normalized-knapPI_3_50_1000_5_-2415.opb.xz,18
OPT-LIN/normalized-PB24/nordstrom/KNAP/strongly_correlated_span/normalized-knapPI_13_10000_1000_1_-64077.opb.xz,22
OPT-LIN/normalized-PB24/nordstrom/KNAP/strongly_correlated_span/normalized-knapPI_13_10000_1000_2_-186050.opb.xz,24
OPT-LIN/normalized-PB24/nordstrom/KNAP/strongly_correlated_span/normalized-knapPI_13_10000_1000_3_-160910.opb.xz,24
OPT-LIN/normalized-PB24/nordstrom/KNAP/strongly_correlated_span/normalized-knapPI_13_10000_1000_4_-185858.opb.xz,25
OPT-LIN/normalized-PB24/nordstrom/KNAP/strongly_correlated_span/normalized-knapPI_13_10000_1000_5_-251737.opb.xz,25
OPT-LIN/normalized-PB24/nordstrom/KNAP/strongly_correlated_span/normalized-knapPI_13_1000_1000_1_-6513.opb.xz,19
OPT-LIN/normalized-PB24/nordstrom/KNAP/strongly_correlated_span/normalized-knapPI_13_1000_1000_2_-18239.opb.xz,21
OPT-LIN/normalized-PB24/nordstrom/KNAP/strongly_correlated_span/normalized-knapPI_13_1000_1000_3_-16425.opb.xz,21
OPT-LIN/normalized-PB24/nordstrom/KNAP/strongly_correlated_span/normalized-knapPI_13_1000_1000_4_-18178.opb.xz,22
OPT-LIN/normalized-PB24/nordstrom/KNAP/strongly_correlated_span/normalized-knapPI_13_1000_1000_5_-25297.opb.xz,22
OPT-LIN/normalized-PB24/nordstrom/KNAP/strongly_correlated_span/normalized-knapPI_13_100_1000_1_-1989.opb.xz,15
OPT-LIN/normalized-PB24/nordstrom/KNAP/strongly_correlated_span/normalized-knapPI_13_100_1000_2_-2806.opb.xz,17
OPT-LIN/normalized-PB24/nordstrom/KNAP/strongly_correlated_span/normalized-knapPI_13_100_1000_3_-1760.opb.xz,18
OPT-LIN/normalized-PB24/nordstrom/KNAP/strongly_correlated_span/normalized-knapPI_13_100_1000_4_-1734.opb.xz,18
OPT-LIN/normalized-PB24/nordstrom/KNAP/strongly_correlated_span/normalized-knapPI_13_100_1000_5_-2601.opb.xz,18
OPT-LIN/normalized-PB24/nordstrom/KNAP/strongly_correlated_span/normalized-knapPI_13_2000_1000_1_-13026.opb.xz,20
OPT-LIN/normalized-PB24/nordstrom/KNAP/strongly_correlated_span/normalized-knapPI_13_2000_1000_2_-36051.opb.xz,22
OPT-LIN/normalized-PB24/nordstrom/KNAP/strongly_correlated_span/normalized-knapPI_13_2000_1000_3_-33075.opb.xz,22
OPT-LIN/normalized-PB24/nordstrom/KNAP/strongly_correlated_span/normalized-knapPI_13_2000_1000_4_-37058.opb.xz,23
OPT-LIN/normalized-PB24/nordstrom/KNAP/strongly_correlated_span/normalized-knapPI_13_2000_1000_5_-50848.opb.xz,23
OPT-LIN/normalized-PB24/nordstrom/KNAP/strongly_correlated_span/normalized-knapPI_13_200_1000_1_-1989.opb.xz,16
OPT-LIN/normalized-PB24/nordstrom/KNAP/strongly_correlated_span/normalized-knapPI_13_200_1000_2_-3416.opb.xz,18
OPT-LIN/normalized-PB24/nordstrom/KNAP/strongly_correlated_span/normalized-knapPI_13_200_1000_3_-3485.opb.xz,19
OPT-LIN/normalized-PB24/nordstrom/KNAP/strongly_correlated_span/normalized-knapPI_13_200_1000_4_-3680.opb.xz,19
OPT-LIN/normalized-PB24/nordstrom/KNAP/strongly_correlated_span/normalized-knapPI_13_200_1000_5_-5202.opb.xz,19
OPT-LIN/normalized-PB24/nordstrom/KNAP/strongly_correlated_span/normalized-knapPI_13_20_1000_1_-1716.opb.xz,13
OPT-LIN/normalized-PB24/nordstrom/KNAP/strongly_correlated_span/normalized-knapPI_13_20_1000_2_-2501.opb.xz,15
OPT-LIN/normalized-PB24/nordstrom/KNAP/strongly_correlated_span/normalized-knapPI_13_20_1000_3_-1200.opb.xz,15
OPT-LIN/normalized-PB24/nordstrom/KNAP/strongly_correlated_span/normalized-knapPI_13_20_1000_4_-907.opb.xz,16
OPT-LIN/normalized-PB24/nordstrom/KNAP/strongly_correlated_span/normalized-knapPI_13_20_1000_5_-1326.opb.xz,16
OPT-LIN/normalized-PB24/nordstrom/KNAP/strongly_correlated_span/normalized-knapPI_13_5000_1000_1_-32448.opb.xz,21
OPT-LIN/normalized-PB24/nordstrom/KNAP/strongly_correlated_span/normalized-knapPI_13_5000_1000_2_-93086.opb.xz,23
OPT-LIN/normalized-PB24/nordstrom/KNAP/strongly_correlated_span/normalized-knapPI_13_5000_1000_3_-80700.opb.xz,24
OPT-LIN/normalized-PB24/nordstrom/KNAP/strongly_correlated_span/normalized-knapPI_13_5000_1000_4_-92845.opb.xz,24
OPT-LIN/normalized-PB24/nordstrom/KNAP/strongly_correlated_span/normalized-knapPI_13_5000_1000_5_-125817.opb.xz,24
OPT-LIN/normalized-PB24/nordstrom/KNAP/strongly_correlated_span/normalized-knapPI_13_500_1000_1_-3198.opb.xz,18
OPT-LIN/normalized-PB24/nordstrom/KNAP/strongly_correlated_span/normalized-knapPI_13_500_1000_2_-8845.opb.xz,20
OPT-LIN/normalized-PB24/nordstrom/KNAP/strongly_correlated_span/normalized-knapPI_13_500_1000_3_-8175.opb.xz,20
OPT-LIN/normalized-PB24/nordstrom/KNAP/strongly_correlated_span/normalized-knapPI_13_500_1000_4_-8907.opb.xz,20
OPT-LIN/normalized-PB24/nordstrom/KNAP/strongly_correlated_span/normalized-knapPI_13_500_1000_5_-12852.opb.xz,21
OPT-LIN/normalized-PB24/nordstrom/KNAP/strongly_correlated_span/normalized-knapPI_13_50_1000_1_-1989.opb.xz,15
OPT-LIN/normalized-PB24/nordstrom/KNAP/strongly_correlated_span/normalized-knapPI_13_50_1000_2_-2806.opb.xz,16
OPT-LIN/normalized-PB24/nordstrom/KNAP/strongly_correlated_span/normalized-knapPI_13_50_1000_3_-1200.opb.xz,17
OPT-LIN/normalized-PB24/nordstrom/KNAP/strongly_correlated_span/normalized-knapPI_13_50_1000_4_-969.opb.xz,17
OPT-LIN/normalized-PB24/nordstrom/KNAP/strongly_correlated_span/normalized-knapPI_13_50_1000_5_-1327.opb.xz,18
OPT-LIN/normalized-PB24/nordstrom/KNAP/subset_sum/normalized-knapPI_6_10000_10000_1_-494410.opb.xz,26
OPT-LIN/normalized-PB24/nordstrom/KNAP/subset_sum/normalized-knapPI_6_10000_10000_2_-986739.opb.xz,27
OPT-LIN/normalized-PB24/nordstrom/KNAP/subset_sum/normalized-knapPI_6_10000_10000_3_-1494248.opb.xz,28
OPT-LIN/normalized-PB24/nordstrom/KNAP/subset_sum/normalized-knapPI_6_10000_10000_4_-1977691.opb.xz,28
OPT-LIN/normalized-PB24/nordstrom/KNAP/subset_sum/normalized-knapPI_6_10000_10000_5_-2451785.opb.xz,28
OPT-LIN/normalized-PB24/nordstrom/KNAP/subset_sum/normalized-knapPI_6_10000_1000_1_-49519.opb.xz,23
OPT-LIN/normalized-PB24/nordstrom/KNAP/subset_sum/normalized-knapPI_6_10000_1000_2_-99710.opb.xz,24
OPT-LIN/normalized-PB24/nordstrom/KNAP/subset_sum/normalized-knapPI_6_10000_1000_3_-148525.opb.xz,24
OPT-LIN/normalized-PB24/nordstrom/KNAP/subset_sum/normalized-knapPI_6_10000_1000_4_-197731.opb.xz,25
OPT-LIN/normalized-PB24/nordstrom/KNAP/subset_sum/normalized-knapPI_6_10000_1000_5_-248270.opb.xz,25
OPT-LIN/normalized-PB24/nordstrom/KNAP/subset_sum/normalized-knapPI_6_1000_10000_1_-48980.opb.xz,23
OPT-LIN/normalized-PB24/nordstrom/KNAP/subset_sum/normalized-knapPI_6_1000_10000_2_-99124.opb.xz,24
OPT-LIN/normalized-PB24/nordstrom/KNAP/subset_sum/normalized-knapPI_6_1000_10000_3_-150482.opb.xz,24
OPT-LIN/normalized-PB24/nordstrom/KNAP/subset_sum/normalized-knapPI_6_1000_10000_4_-201174.opb.xz,25
OPT-LIN/normalized-PB24/nordstrom/KNAP/subset_sum/normalized-knapPI_6_1000_10000_5_-247215.opb.xz,25
OPT-LIN/normalized-PB24/nordstrom/KNAP/subset_sum/normalized-knapPI_6_1000_1000_1_-4990.opb.xz,19
OPT-LIN/normalized-PB24/nordstrom/KNAP/subset_sum/normalized-knapPI_6_1000_1000_2_-9996.opb.xz,20
OPT-LIN/normalized-PB24/nordstrom/KNAP/subset_sum/normalized-knapPI_6_1000_1000_3_-14680.opb.xz,21
OPT-LIN/normalized-PB24/nordstrom/KNAP/subset_sum/normalized-knapPI_6_1000_1000_4_-19867.opb.xz,21
OPT-LIN/normalized-PB24/nordstrom/KNAP/subset_sum/normalized-knapPI_6_1000_1000_5_-25433.opb.xz,22
OPT-LIN/normalized-PB24/nordstrom/KNAP/subset_sum/normalized-knapPI_6_100_10000_1_-9984.opb.xz,20
OPT-LIN/normalized-PB24/nordstrom/KNAP/subset_sum/normalized-knapPI_6_100_10000_2_-10726.opb.xz,21
OPT-LIN/normalized-PB24/nordstrom/KNAP/subset_sum/normalized-knapPI_6_100_10000_3_-15245.opb.xz,21
OPT-LIN/normalized-PB24/nordstrom/KNAP/subset_sum/normalized-knapPI_6_100_10000_4_-19735.opb.xz,22
OPT-LIN/normalized-PB24/nordstrom/KNAP/subset_sum/normalized-knapPI_6_100_10000_5_-24973.opb.xz,22
OPT-LIN/normalized-PB24/nordstrom/KNAP/subset_sum/normalized-knapPI_6_100_1000_1_-997.opb.xz,16
OPT-LIN/normalized-PB24/nordstrom/KNAP/subset_sum/normalized-knapPI_6_100_1000_2_-1043.opb.xz,17
OPT-LIN/normalized-PB24/nordstrom/KNAP/subset_sum/normalized-knapPI_6_100_1000_3_-1522.opb.xz,18
OPT-LIN/normalized-PB24/nordstrom/KNAP/subset_sum/normalized-knapPI_6_100_1000_4_-1873.opb.xz,18
OPT-LIN/normalized-PB24/nordstrom/KNAP/subset_sum/normalized-knapPI_6_100_1000_5_-2399.opb.xz,18
OPT-LIN/normalized-PB24/nordstrom/KNAP/subset_sum/normalized-knapPI_6_2000_10000_1_-98077.opb.xz,24
OPT-LIN/normalized-PB24/nordstrom/KNAP/subset_sum/normalized-knapPI_6_2000_10000_2_-197625.opb.xz,25
OPT-LIN/normalized-PB24/nordstrom/KNAP/subset_sum/normalized-knapPI_6_2000_10000_3_-299684.opb.xz,25
OPT-LIN/normalized-PB24/nordstrom/KNAP/subset_sum/normalized-knapPI_6_2000_10000_4_-397987.opb.xz,26
OPT-LIN/normalized-PB24/nordstrom/KNAP/subset_sum/normalized-knapPI_6_2000_10000_5_-490392.opb.xz,26
OPT-LIN/normalized-PB24/nordstrom/KNAP/subset_sum/normalized-knapPI_6_2000_1000_1_-9819.opb.xz,20
OPT-LIN/normalized-PB24/nordstrom/KNAP/subset_sum/normalized-knapPI_6_2000_1000_2_-20001.opb.xz,21
OPT-LIN/normalized-PB24/nordstrom/KNAP/subset_sum/normalized-knapPI_6_2000_1000_3_-29714.opb.xz,22
OPT-LIN/normalized-PB24/nordstrom/KNAP/subset_sum/normalized-knapPI_6_2000_1000_4_-39215.opb.xz,22
OPT-LIN/normalized-PB24/nordstrom/KNAP/subset_sum/normalized-knapPI_6_2000_1000_5_-50689.opb.xz,23
OPT-LIN/normalized-PB24/nordstrom/KNAP/subset_sum/normalized-knapPI_6_200_10000_1_-10330.opb.xz,21
OPT-LIN/normalized-PB24/nordstrom/KNAP/subset_sum/normalized-knapPI_6_200_10000_2_-21006.opb.xz,22
OPT-LIN/normalized-PB24/nordstrom/KNAP/subset_sum/normalized-knapPI_6_200_10000_3_-29571.opb.xz,22
OPT-LIN/normalized-PB24/nordstrom/KNAP/subset_sum/normalized-knapPI_6_200_10000_4_-39434.opb.xz,22
OPT-LIN/normalized-PB24/nordstrom/KNAP/subset_sum/normalized-knapPI_6_200_10000_5_-48992.opb.xz,23
OPT-LIN/normalized-PB24/nordstrom/KNAP/subset_sum/normalized-knapPI_6_200_1000_1_-997.opb.xz,17
OPT-LIN/normalized-PB24/nordstrom/KNAP/subset_sum/normalized-knapPI_6_200_1000_2_-1977.opb.xz,18
OPT-LIN/normalized-PB24/nordstrom/KNAP/subset_sum/normalized-knapPI_6_200_1000_3_-2958.opb.xz,19
OPT-LIN/normalized-PB24/nordstrom/KNAP/subset_sum/normalized-knapPI_6_200_1000_4_-4068.opb.xz,19
OPT-LIN/normalized-PB24/nordstrom/KNAP/subset_sum/normalized-knapPI_6_200_1000_5_-4982.opb.xz,19
OPT-LIN/normalized-PB24/nordstrom/KNAP/subset_sum/normalized-knapPI_6_5000_10000_1_-246112.opb.xz,25
OPT-LIN/normalized-PB24/nordstrom/KNAP/subset_sum/normalized-knapPI_6_5000_10000_2_-497173.opb.xz,26
OPT-LIN/normalized-PB24/nordstrom/KNAP/subset_sum/normalized-knapPI_6_5000_10000_3_-740938.opb.xz,27
OPT-LIN/normalized-PB24/nordstrom/KNAP/subset_sum/normalized-knapPI_6_5000_10000_4_-986276.opb.xz,27
OPT-LIN/normalized-PB24/nordstrom/KNAP/subset_sum/normalized-knapPI_6_5000_10000_5_-1226138.opb.xz,27
OPT-LIN/normalized-PB24/nordstrom/KNAP/subset_sum/normalized-knapPI_6_5000_1000_1_-24805.opb.xz,22
OPT-LIN/normalized-PB24/nordstrom/KNAP/subset_sum/normalized-knapPI_6_5000_1000_2_-50262.opb.xz,23
OPT-LIN/normalized-PB24/nordstrom/KNAP/subset_sum/normalized-knapPI_6_5000_1000_3_-74225.opb.xz,23
OPT-LIN/normalized-PB24/nordstrom/KNAP/subset_sum/normalized-knapPI_6_5000_1000_4_-99583.opb.xz,24
OPT-LIN/normalized-PB24/nordstrom/KNAP/subset_sum/normalized-knapPI_6_5000_1000_5_-124652.opb.xz,24
OPT-LIN/normalized-PB24/nordstrom/KNAP/subset_sum/normalized-knapPI_6_500_10000_1_-25359.opb.xz,22
OPT-LIN/normalized-PB24/nordstrom/KNAP/subset_sum/normalized-knapPI_6_500_10000_2_-51650.opb.xz,23
OPT-LIN/normalized-PB24/nordstrom/KNAP/subset_sum/normalized-knapPI_6_500_10000_3_-74197.opb.xz,23
OPT-LIN/normalized-PB24/nordstrom/KNAP/subset_sum/normalized-knapPI_6_500_10000_4_-101327.opb.xz,24
OPT-LIN/normalized-PB24/nordstrom/KNAP/subset_sum/normalized-knapPI_6_500_10000_5_-122868.opb.xz,24
OPT-LIN/normalized-PB24/nordstrom/KNAP/subset_sum/normalized-knapPI_6_500_1000_1_-2517.opb.xz,18
OPT-LIN/normalized-PB24/nordstrom/KNAP/subset_sum/normalized-knapPI_6_500_1000_2_-5036.opb.xz,19
OPT-LIN/normalized-PB24/nordstrom/KNAP/subset_sum/normalized-knapPI_6_500_1000_3_-7217.opb.xz,20
OPT-LIN/normalized-PB24/nordstrom/KNAP/subset_sum/normalized-knapPI_6_500_1000_4_-10119.opb.xz,20
OPT-LIN/normalized-PB24/nordstrom/KNAP/subset_sum/normalized-knapPI_6_500_1000_5_-13016.opb.xz,21
OPT-LIN/normalized-PB24/nordstrom/KNAP/subset_sum/normalized-knapPI_6_50_10000_1_-9984.opb.xz,19
OPT-LIN/normalized-PB24/nordstrom/KNAP/subset_sum/normalized-knapPI_6_50_10000_2_-9955.opb.xz,20
OPT-LIN/normalized-PB24/nordstrom/KNAP/subset_sum/normalized-knapPI_6_50_10000_3_-9743.opb.xz,20
OPT-LIN/normalized-PB24/nordstrom/KNAP/subset_sum/normalized-knapPI_6_50_10000_4_-10437.opb.xz,21
OPT-LIN/normalized-PB24/nordstrom/KNAP/subset_sum/normalized-knapPI_6_50_10000_5_-11530.opb.xz,21
OPT-LIN/normalized-PB24/nordstrom/KNAP/subset_sum/normalized-knapPI_6_50_1000_1_-994.opb.xz,15
OPT-LIN/normalized-PB24/nordstrom/KNAP/subset_sum/normalized-knapPI_6_50_1000_2_-997.opb.xz,16
OPT-LIN/normalized-PB24/nordstrom/KNAP/subset_sum/normalized-knapPI_6_50_1000_3_-998.opb.xz,17
OPT-LIN/normalized-PB24/nordstrom/KNAP/subset_sum/normalized-knapPI_6_50_1000_4_-999.opb.xz,17
OPT-LIN/normalized-PB24/nordstrom/KNAP/subset_sum/normalized-knapPI_6_50_1000_5_-1232.opb.xz,17
OPT-LIN/normalized-PB24/nordstrom/KNAP/uncorrelated/normalized-knapPI_1_10000_10000_1_-5677675.opb.xz,26
OPT-LIN/normalized-PB24/nordstrom/KNAP/uncorrelated/normalized-knapPI_1_10000_10000_2_-8334617.opb.xz,27
OPT-LIN/normalized-PB24/nordstrom/KNAP/uncorrelated/normalized-knapPI_1_10000_10000_3_-9807732.opb.xz,28
OPT-LIN/normalized-PB24/nordstrom/KNAP/uncorrelated/normalized-knapPI_1_10000_10000_4_-11456508.opb.xz,28
OPT-LIN/normalized-PB24/nordstrom/KNAP/uncorrelated/normalized-knapPI_1_10000_10000_5_-12993597.opb.xz,28
OPT-LIN/normalized-PB24/nordstrom/KNAP/uncorrelated/normalized-knapPI_1_10000_1000_1_-563647.opb.xz,23
OPT-LIN/normalized-PB24/nordstrom/KNAP/uncorrelated/normalized-knapPI_1_10000_1000_2_-806767.opb.xz,24
OPT-LIN/normalized-PB24/nordstrom/KNAP/uncorrelated/normalized-knapPI_1_10000_1000_3_-1006411.opb.xz,24
OPT-LIN/normalized-PB24/nordstrom/KNAP/uncorrelated/normalized-knapPI_1_10000_1000_4_-1151489.opb.xz,25
OPT-LIN/normalized-PB24/nordstrom/KNAP/uncorrelated/normalized-knapPI_1_10000_1000_5_-1269659.opb.xz,25
OPT-LIN/normalized-PB24/nordstrom/KNAP/uncorrelated/normalized-knapPI_1_1000_10000_1_-524753.opb.xz,23
OPT-LIN/normalized-PB24/nordstrom/KNAP/uncorrelated/normalized-knapPI_1_1000_10000_2_-791093.opb.xz,24
OPT-LIN/normalized-PB24/nordstrom/KNAP/uncorrelated/normalized-knapPI_1_1000_10000_3_-1050318.opb.xz,24
OPT-LIN/normalized-PB24/nordstrom/KNAP/uncorrelated/normalized-knapPI_1_1000_10000_4_-1135110.opb.xz,25
OPT-LIN/normalized-PB24/nordstrom/KNAP/uncorrelated/normalized-knapPI_1_1000_10000_5_-1271347.opb.xz,25
OPT-LIN/normalized-PB24/nordstrom/KNAP/uncorrelated/normalized-knapPI_1_1000_1000_1_-54503.opb.xz,19
OPT-LIN/normalized-PB24/nordstrom/KNAP/uncorrelated/normalized-knapPI_1_1000_1000_2_-88527.opb.xz,20
OPT-LIN/normalized-PB24/nordstrom/KNAP/uncorrelated/normalized-knapPI_1_1000_1000_3_-98306.opb.xz,21
OPT-LIN/normalized-PB24/nordstrom/KNAP/uncorrelated/normalized-knapPI_1_1000_1000_4_-125709.opb.xz,21
OPT-LIN/normalized-PB24/nordstrom/KNAP/uncorrelated/normalized-knapPI_1_1000_1000_5_-134681.opb.xz,22
OPT-LIN/normalized-PB24/nordstrom/KNAP/uncorrelated/normalized-knapPI_1_100_10000_1_-81021.opb.xz,20
OPT-LIN/normalized-PB24/nordstrom/KNAP/uncorrelated/normalized-knapPI_1_100_10000_2_-95477.opb.xz,21
OPT-LIN/normalized-PB24/nordstrom/KNAP/uncorrelated/normalized-knapPI_1_100_10000_3_-101460.opb.xz,21
OPT-LIN/normalized-PB24/nordstrom/KNAP/uncorrelated/normalized-knapPI_1_100_10000_4_-96006.opb.xz,21
OPT-LIN/normalized-PB24/nordstrom/KNAP/uncorrelated/normalized-knapPI_1_100_10000_5_-111273.opb.xz,22
OPT-LIN/normalized-PB24/nordstrom/KNAP/uncorrelated/normalized-knapPI_1_100_1000_1_-9147.opb.xz,16
OPT-LIN/normalized-PB24/nordstrom/KNAP/uncorrelated/normalized-knapPI_1_100_1000_2_-8600.opb.xz,17
OPT-LIN/normalized-PB24/nordstrom/KNAP/uncorrelated/normalized-knapPI_1_100_1000_3_-9924.opb.xz,18
OPT-LIN/normalized-PB24/nordstrom/KNAP/uncorrelated/normalized-knapPI_1_100_1000_4_-10293.opb.xz,18
OPT-LIN/normalized-PB24/nordstrom/KNAP/uncorrelated/normalized-knapPI_1_100_1000_5_-9391.opb.xz,18
OPT-LIN/normalized-PB24/nordstrom/KNAP/uncorrelated/normalized-knapPI_1_2000_10000_1_-1074255.opb.xz,24
OPT-LIN/normalized-PB24/nordstrom/KNAP/uncorrelated/normalized-knapPI_1_2000_10000_2_-1625464.opb.xz,25
OPT-LIN/normalized-PB24/nordstrom/KNAP/uncorrelated/normalized-knapPI_1_2000_10000_3_-1961245.opb.xz,25
OPT-LIN/normalized-PB24/nordstrom/KNAP/uncorrelated/normalized-knapPI_1_2000_10000_4_-2228187.opb.xz,26
OPT-LIN/normalized-PB24/nordstrom/KNAP/uncorrelated/normalized-knapPI_1_2000_10000_5_-2725551.opb.xz,26
OPT-LIN/normalized-PB24/nordstrom/KNAP/uncorrelated/normalized-knapPI_1_2000_1000_1_-110625.opb.xz,20
OPT-LIN/normalized-PB24/nordstrom/KNAP/uncorrelated/normalized-knapPI_1_2000_1000_2_-171647.opb.xz,21
OPT-LIN/normalized-PB24/nordstrom/KNAP/uncorrelated/normalized-knapPI_1_2000_1000_3_-198902.opb.xz,22
OPT-LIN/normalized-PB24/nordstrom/KNAP/uncorrelated/normalized-knapPI_1_2000_1000_4_-239007.opb.xz,22
OPT-LIN/normalized-PB24/nordstrom/KNAP/uncorrelated/normalized-knapPI_1_2000_1000_5_-259950.opb.xz,23
OPT-LIN/normalized-PB24/nordstrom/KNAP/uncorrelated/normalized-knapPI_1_200_10000_1_-108079.opb.xz,21
OPT-LIN/normalized-PB24/nordstrom/KNAP/uncorrelated/normalized-knapPI_1_200_10000_2_-174113.opb.xz,22
OPT-LIN/normalized-PB24/nordstrom/KNAP/uncorrelated/normalized-knapPI_1_200_10000_3_-219264.opb.xz,22
OPT-LIN/normalized-PB24/nordstrom/KNAP/uncorrelated/normalized-knapPI_1_200_10000_4_-217984.opb.xz,22
OPT-LIN/normalized-PB24/nordstrom/KNAP/uncorrelated/normalized-knapPI_1_200_10000_5_-266311.opb.xz,23
OPT-LIN/normalized-PB24/nordstrom/KNAP/uncorrelated/normalized-knapPI_1_200_1000_1_-11238.opb.xz,17
OPT-LIN/normalized-PB24/nordstrom/KNAP/uncorrelated/normalized-knapPI_1_200_1000_2_-17058.opb.xz,18
OPT-LIN/normalized-PB24/nordstrom/KNAP/uncorrelated/normalized-knapPI_1_200_1000_3_-19084.opb.xz,19
OPT-LIN/normalized-PB24/nordstrom/KNAP/uncorrelated/normalized-knapPI_1_200_1000_4_-24880.opb.xz,19
OPT-LIN/normalized-PB24/nordstrom/KNAP/uncorrelated/normalized-knapPI_1_200_1000_5_-24000.opb.xz,19
OPT-LIN/normalized-PB24/nordstrom/KNAP/uncorrelated/normalized-knapPI_1_5000_10000_1_-2755662.opb.xz,25
OPT-LIN/normalized-PB24/nordstrom/KNAP/uncorrelated/normalized-knapPI_1_5000_10000_2_-4072477.opb.xz,26
OPT-LIN/normalized-PB24/nordstrom/KNAP/uncorrelated/normalized-knapPI_1_5000_10000_3_-4927726.opb.xz,27
OPT-LIN/normalized-PB24/nordstrom/KNAP/uncorrelated/normalized-knapPI_1_5000_10000_4_-5605490.opb.xz,27
OPT-LIN/normalized-PB24/nordstrom/KNAP/uncorrelated/normalized-knapPI_1_5000_10000_5_-6507005.opb.xz,27
OPT-LIN/normalized-PB24/nordstrom/KNAP/uncorrelated/normalized-knapPI_1_5000_1000_1_-276457.opb.xz,22
OPT-LIN/normalized-PB24/nordstrom/KNAP/uncorrelated/normalized-knapPI_1_5000_1000_2_-412188.opb.xz,23
OPT-LIN/normalized-PB24/nordstrom/KNAP/uncorrelated/normalized-knapPI_1_5000_1000_3_-497483.opb.xz,23
OPT-LIN/normalized-PB24/nordstrom/KNAP/uncorrelated/normalized-knapPI_1_5000_1000_4_-587799.opb.xz,24
OPT-LIN/normalized-PB24/nordstrom/KNAP/uncorrelated/normalized-knapPI_1_5000_1000_5_-643542.opb.xz,24
OPT-LIN/normalized-PB24/nordstrom/KNAP/uncorrelated/normalized-knapPI_1_500_10000_1_-247059.opb.xz,22
OPT-LIN/normalized-PB24/nordstrom/KNAP/uncorrelated/normalized-knapPI_1_500_10000_2_-399276.opb.xz,23
OPT-LIN/normalized-PB24/nordstrom/KNAP/uncorrelated/normalized-knapPI_1_500_10000_3_-512099.opb.xz,23
OPT-LIN/normalized-PB24/nordstrom/KNAP/uncorrelated/normalized-knapPI_1_500_10000_4_-564247.opb.xz,24
OPT-LIN/normalized-PB24/nordstrom/KNAP/uncorrelated/normalized-knapPI_1_500_10000_5_-634907.opb.xz,24
OPT-LIN/normalized-PB24/nordstrom/KNAP/uncorrelated/normalized-knapPI_1_500_1000_1_-28857.opb.xz,18
OPT-LIN/normalized-PB24/nordstrom/KNAP/uncorrelated/normalized-knapPI_1_500_1000_2_-44338.opb.xz,19
OPT-LIN/normalized-PB24/nordstrom/KNAP/uncorrelated/normalized-knapPI_1_500_1000_3_-50896.opb.xz,20
OPT-LIN/normalized-PB24/nordstrom/KNAP/uncorrelated/normalized-knapPI_1_500_1000_4_-61333.opb.xz,20
OPT-LIN/normalized-PB24/nordstrom/KNAP/uncorrelated/normalized-knapPI_1_500_1000_5_-64487.opb.xz,21
OPT-LIN/normalized-PB24/nordstrom/KNAP/uncorrelated/normalized-knapPI_1_50_10000_1_-68946.opb.xz,19
OPT-LIN/normalized-PB24/nordstrom/KNAP/uncorrelated/normalized-knapPI_1_50_10000_2_-61669.opb.xz,20
OPT-LIN/normalized-PB24/nordstrom/KNAP/uncorrelated/normalized-knapPI_1_50_10000_3_-71860.opb.xz,20
OPT-LIN/normalized-PB24/nordstrom/KNAP/uncorrelated/normalized-knapPI_1_50_10000_4_-43181.opb.xz,21
OPT-LIN/normalized-PB24/nordstrom/KNAP/uncorrelated/normalized-knapPI_1_50_10000_5_-57448.opb.xz,21
OPT-LIN/normalized-PB24/nordstrom/KNAP/uncorrelated/normalized-knapPI_1_50_1000_1_-8373.opb.xz,15
OPT-LIN/normalized-PB24/nordstrom/KNAP/uncorrelated/normalized-knapPI_1_50_1000_2_-5847.opb.xz,16
OPT-LIN/normalized-PB24/nordstrom/KNAP/uncorrelated/normalized-knapPI_1_50_1000_3_-5962.opb.xz,17
OPT-LIN/normalized-PB24/nordstrom/KNAP/uncorrelated/normalized-knapPI_1_50_1000_4_-4888.opb.xz,17
OPT-LIN/normalized-PB24/nordstrom/KNAP/uncorrelated/normalized-knapPI_1_50_1000_5_-4889.opb.xz,17
OPT-LIN/normalized-PB24/nordstrom/KNAP/uncorrelated_span/normalized-knapPI_11_10000_1000_1_-69666.opb.xz,23
OPT-LIN/normalized-PB24/nordstrom/KNAP/uncorrelated_span/normalized-knapPI_11_10000_1000_2_-333640.opb.xz,24
OPT-LIN/normalized-PB24/nordstrom/KNAP/uncorrelated_span/normalized-knapPI_11_10000_1000_3_-226710.opb.xz,25
OPT-LIN/normalized-PB24/nordstrom/KNAP/uncorrelated_span/normalized-knapPI_11_10000_1000_4_-260380.opb.xz,25
OPT-LIN/normalized-PB24/nordstrom/KNAP/uncorrelated_span/normalized-knapPI_11_10000_1000_5_-236992.opb.xz,25
OPT-LIN/normalized-PB24/nordstrom/KNAP/uncorrelated_span/normalized-knapPI_11_1000_1000_1_-7038.opb.xz,19
OPT-LIN/normalized-PB24/nordstrom/KNAP/uncorrelated_span/normalized-knapPI_11_1000_1000_2_-33250.opb.xz,21
OPT-LIN/normalized-PB24/nordstrom/KNAP/uncorrelated_span/normalized-knapPI_11_1000_1000_3_-22680.opb.xz,21
OPT-LIN/normalized-PB24/nordstrom/KNAP/uncorrelated_span/normalized-knapPI_11_1000_1000_4_-26780.opb.xz,22
OPT-LIN/normalized-PB24/nordstrom/KNAP/uncorrelated_span/normalized-knapPI_11_1000_1000_5_-23276.opb.xz,22
OPT-LIN/normalized-PB24/nordstrom/KNAP/uncorrelated_span/normalized-knapPI_11_100_1000_1_-1428.opb.xz,16
OPT-LIN/normalized-PB24/nordstrom/KNAP/uncorrelated_span/normalized-knapPI_11_100_1000_2_-3990.opb.xz,18
OPT-LIN/normalized-PB24/nordstrom/KNAP/uncorrelated_span/normalized-knapPI_11_100_1000_3_-2250.opb.xz,18
OPT-LIN/normalized-PB24/nordstrom/KNAP/uncorrelated_span/normalized-knapPI_11_100_1000_4_-2580.opb.xz,18
OPT-LIN/normalized-PB24/nordstrom/KNAP/uncorrelated_span/normalized-knapPI_11_100_1000_5_-2392.opb.xz,19
OPT-LIN/normalized-PB24/nordstrom/KNAP/uncorrelated_span/normalized-knapPI_11_2000_1000_1_-14076.opb.xz,20
OPT-LIN/normalized-PB24/nordstrom/KNAP/uncorrelated_span/normalized-knapPI_11_2000_1000_2_-66310.opb.xz,22
OPT-LIN/normalized-PB24/nordstrom/KNAP/uncorrelated_span/normalized-knapPI_11_2000_1000_3_-45360.opb.xz,22
OPT-LIN/normalized-PB24/nordstrom/KNAP/uncorrelated_span/normalized-knapPI_11_2000_1000_4_-53660.opb.xz,23
OPT-LIN/normalized-PB24/nordstrom/KNAP/uncorrelated_span/normalized-knapPI_11_2000_1000_5_-47748.opb.xz,23
OPT-LIN/normalized-PB24/nordstrom/KNAP/uncorrelated_span/normalized-knapPI_11_200_1000_1_-1428.opb.xz,17
OPT-LIN/normalized-PB24/nordstrom/KNAP/uncorrelated_span/normalized-knapPI_11_200_1000_2_-6460.opb.xz,19
OPT-LIN/normalized-PB24/nordstrom/KNAP/uncorrelated_span/normalized-knapPI_11_200_1000_3_-4500.opb.xz,19
OPT-LIN/normalized-PB24/nordstrom/KNAP/uncorrelated_span/normalized-knapPI_11_200_1000_4_-5180.opb.xz,19
OPT-LIN/normalized-PB24/nordstrom/KNAP/uncorrelated_span/normalized-knapPI_11_200_1000_5_-4723.opb.xz,20
OPT-LIN/normalized-PB24/nordstrom/KNAP/uncorrelated_span/normalized-knapPI_11_20_1000_1_-1428.opb.xz,14
OPT-LIN/normalized-PB24/nordstrom/KNAP/uncorrelated_span/normalized-knapPI_11_20_1000_2_-3990.opb.xz,15
OPT-LIN/normalized-PB24/nordstrom/KNAP/uncorrelated_span/normalized-knapPI_11_20_1000_3_-1800.opb.xz,16
OPT-LIN/normalized-PB24/nordstrom/KNAP/uncorrelated_span/normalized-knapPI_11_20_1000_4_-1440.opb.xz,16
OPT-LIN/normalized-PB24/nordstrom/KNAP/uncorrelated_span/normalized-knapPI_11_20_1000_5_-736.opb.xz,16
OPT-LIN/normalized-PB24/nordstrom/KNAP/uncorrelated_span/normalized-knapPI_11_5000_1000_1_-35292.opb.xz,22
OPT-LIN/normalized-PB24/nordstrom/KNAP/uncorrelated_span/normalized-knapPI_11_5000_1000_2_-166440.opb.xz,23
OPT-LIN/normalized-PB24/nordstrom/KNAP/uncorrelated_span/normalized-knapPI_11_5000_1000_3_-114030.opb.xz,24
OPT-LIN/normalized-PB24/nordstrom/KNAP/uncorrelated_span/normalized-knapPI_11_5000_1000_4_-130080.opb.xz,24
OPT-LIN/normalized-PB24/nordstrom/KNAP/uncorrelated_span/normalized-knapPI_11_5000_1000_5_-117668.opb.xz,24
OPT-LIN/normalized-PB24/nordstrom/KNAP/uncorrelated_span/normalized-knapPI_11_500_1000_1_-3468.opb.xz,18
OPT-LIN/normalized-PB24/nordstrom/KNAP/uncorrelated_span/normalized-knapPI_11_500_1000_2_-16910.opb.xz,20
OPT-LIN/normalized-PB24/nordstrom/KNAP/uncorrelated_span/normalized-knapPI_11_500_1000_3_-11250.opb.xz,20
OPT-LIN/normalized-PB24/nordstrom/KNAP/uncorrelated_span/normalized-knapPI_11_500_1000_4_-13180.opb.xz,21
OPT-LIN/normalized-PB24/nordstrom/KNAP/uncorrelated_span/normalized-knapPI_11_500_1000_5_-11684.opb.xz,21
OPT-LIN/normalized-PB24/nordstrom/KNAP/uncorrelated_span/normalized-knapPI_11_50_1000_1_-1428.opb.xz,15
OPT-LIN/normalized-PB24/nordstrom/KNAP/uncorrelated_span/normalized-knapPI_11_50_1000_2_-3990.opb.xz,17
OPT-LIN/normalized-PB24/nordstrom/KNAP/uncorrelated_span/normalized-knapPI_11_50_1000_3_-1800.opb.xz,17
OPT-LIN/normalized-PB24/nordstrom/KNAP/uncorrelated_span/normalized-knapPI_11_50_1000_4_-1600.opb.xz,17
OPT-LIN/normalized-PB24/nordstrom/KNAP/uncorrelated_span/normalized-knapPI_11_50_1000_5_-1288.opb.xz,18
OPT-LIN/normalized-PB24/nordstrom/KNAP/weakly_correlated/normalized-knapPI_2_10000_10000_1_-894931.opb.xz,26
OPT-LIN/normalized-PB24/nordstrom/KNAP/weakly_correlated/normalized-knapPI_2_10000_10000_2_-1567348.opb.xz,27
OPT-LIN/normalized-PB24/nordstrom/KNAP/weakly_correlated/normalized-knapPI_2_10000_10000_3_-2204389.opb.xz,28
OPT-LIN/normalized-PB24/nordstrom/KNAP/weakly_correlated/normalized-knapPI_2_10000_10000_4_-2800942.opb.xz,28
OPT-LIN/normalized-PB24/nordstrom/KNAP/weakly_correlated/normalized-knapPI_2_10000_10000_5_-3380973.opb.xz,28
OPT-LIN/normalized-PB24/nordstrom/KNAP/weakly_correlated/normalized-knapPI_2_10000_1000_1_-90204.opb.xz,23
OPT-LIN/normalized-PB24/nordstrom/KNAP/weakly_correlated/normalized-knapPI_2_10000_1000_2_-155987.opb.xz,24
OPT-LIN/normalized-PB24/nordstrom/KNAP/weakly_correlated/normalized-knapPI_2_10000_1000_3_-219078.opb.xz,24
OPT-LIN/normalized-PB24/nordstrom/KNAP/weakly_correlated/normalized-knapPI_2_10000_1000_4_-277139.opb.xz,25
OPT-LIN/normalized-PB24/nordstrom/KNAP/weakly_correlated/normalized-knapPI_2_10000_1000_5_-337831.opb.xz,25
OPT-LIN/normalized-PB24/nordstrom/KNAP/weakly_correlated/normalized-knapPI_2_1000_10000_1_-90707.opb.xz,23
OPT-LIN/normalized-PB24/nordstrom/KNAP/weakly_correlated/normalized-knapPI_2_1000_10000_2_-165611.opb.xz,24
OPT-LIN/normalized-PB24/nordstrom/KNAP/weakly_correlated/normalized-knapPI_2_1000_10000_3_-220157.opb.xz,24
OPT-LIN/normalized-PB24/nordstrom/KNAP/weakly_correlated/normalized-knapPI_2_1000_10000_4_-273316.opb.xz,25
OPT-LIN/normalized-PB24/nordstrom/KNAP/weakly_correlated/normalized-knapPI_2_1000_10000_5_-330511.opb.xz,25
OPT-LIN/normalized-PB24/nordstrom/KNAP/weakly_correlated/normalized-knapPI_2_1000_1000_1_-9052.opb.xz,19
OPT-LIN/normalized-PB24/nordstrom/KNAP/weakly_correlated/normalized-knapPI_2_1000_1000_2_-16184.opb.xz,20
OPT-LIN/normalized-PB24/nordstrom/KNAP/weakly_correlated/normalized-knapPI_2_1000_1000_3_-22085.opb.xz,21
OPT-LIN/normalized-PB24/nordstrom/KNAP/weakly_correlated/normalized-knapPI_2_1000_1000_4_-26930.opb.xz,21
OPT-LIN/normalized-PB24/nordstrom/KNAP/weakly_correlated/normalized-knapPI_2_1000_1000_5_-33904.opb.xz,22
OPT-LIN/normalized-PB24/nordstrom/KNAP/weakly_correlated/normalized-knapPI_2_100_10000_1_-15785.opb.xz,19
OPT-LIN/normalized-PB24/nordstrom/KNAP/weakly_correlated/normalized-knapPI_2_100_10000_2_-14736.opb.xz,20
OPT-LIN/normalized-PB24/nordstrom/KNAP/weakly_correlated/normalized-knapPI_2_100_10000_3_-22847.opb.xz,21
OPT-LIN/normalized-PB24/nordstrom/KNAP/weakly_correlated/normalized-knapPI_2_100_10000_4_-25763.opb.xz,21
OPT-LIN/normalized-PB24/nordstrom/KNAP/weakly_correlated/normalized-knapPI_2_100_10000_5_-34346.opb.xz,22
OPT-LIN/normalized-PB24/nordstrom/KNAP/weakly_correlated/normalized-knapPI_2_100_1000_1_-1514.opb.xz,16
OPT-LIN/normalized-PB24/nordstrom/KNAP/weakly_correlated/normalized-knapPI_2_100_1000_2_-1590.opb.xz,17
OPT-LIN/normalized-PB24/nordstrom/KNAP/weakly_correlated/normalized-knapPI_2_100_1000_3_-2117.opb.xz,18
OPT-LIN/normalized-PB24/nordstrom/KNAP/weakly_correlated/normalized-knapPI_2_100_1000_4_-2788.opb.xz,18
OPT-LIN/normalized-PB24/nordstrom/KNAP/weakly_correlated/normalized-knapPI_2_100_1000_5_-3352.opb.xz,18
OPT-LIN/normalized-PB24/nordstrom/KNAP/weakly_correlated/normalized-knapPI_2_2000_10000_1_-174231.opb.xz,24
OPT-LIN/normalized-PB24/nordstrom/KNAP/weakly_correlated/normalized-knapPI_2_2000_10000_2_-327930.opb.xz,25
OPT-LIN/normalized-PB24/nordstrom/KNAP/weakly_correlated/normalized-knapPI_2_2000_10000_3_-440394.opb.xz,25
OPT-LIN/normalized-PB24/nordstrom/KNAP/weakly_correlated/normalized-knapPI_2_2000_10000_4_-552322.opb.xz,26
OPT-LIN/normalized-PB24/nordstrom/KNAP/weakly_correlated/normalized-knapPI_2_2000_10000_5_-662518.opb.xz,26
OPT-LIN/normalized-PB24/nordstrom/KNAP/weakly_correlated/normalized-knapPI_2_2000_1000_1_-18051.opb.xz,20
OPT-LIN/normalized-PB24/nordstrom/KNAP/weakly_correlated/normalized-knapPI_2_2000_1000_2_-31812.opb.xz,21
OPT-LIN/normalized-PB24/nordstrom/KNAP/weakly_correlated/normalized-knapPI_2_2000_1000_3_-44230.opb.xz,22
OPT-LIN/normalized-PB24/nordstrom/KNAP/weakly_correlated/normalized-knapPI_2_2000_1000_4_-55044.opb.xz,22
OPT-LIN/normalized-PB24/nordstrom/KNAP/weakly_correlated/normalized-knapPI_2_2000_1000_5_-67455.opb.xz,23
OPT-LIN/normalized-PB24/nordstrom/KNAP/weakly_correlated/normalized-knapPI_2_200_10000_1_-19377.opb.xz,21
OPT-LIN/normalized-PB24/nordstrom/KNAP/weakly_correlated/normalized-knapPI_2_200_10000_2_-30922.opb.xz,22
OPT-LIN/normalized-PB24/nordstrom/KNAP/weakly_correlated/normalized-knapPI_2_200_10000_3_-44556.opb.xz,22
OPT-LIN/normalized-PB24/nordstrom/KNAP/weakly_correlated/normalized-knapPI_2_200_10000_4_-54266.opb.xz,22
OPT-LIN/normalized-PB24/nordstrom/KNAP/weakly_correlated/normalized-knapPI_2_200_10000_5_-66847.opb.xz,23
OPT-LIN/normalized-PB24/nordstrom/KNAP/weakly_correlated/normalized-knapPI_2_200_1000_1_-1634.opb.xz,17
OPT-LIN/normalized-PB24/nordstrom/KNAP/weakly_correlated/normalized-knapPI_2_200_1000_2_-3321.opb.xz,18
OPT-LIN/normalized-PB24/nordstrom/KNAP/weakly_correlated/normalized-knapPI_2_200_1000_3_-4207.opb.xz,19
OPT-LIN/normalized-PB24/nordstrom/KNAP/weakly_correlated/normalized-knapPI_2_200_1000_4_-5566.opb.xz,19
OPT-LIN/normalized-PB24/nordstrom/KNAP/weakly_correlated/normalized-knapPI_2_200_1000_5_-6761.opb.xz,19
OPT-LIN/normalized-PB24/nordstrom/KNAP/weakly_correlated/normalized-knapPI_2_5000_10000_1_-446594.opb.xz,25
OPT-LIN/normalized-PB24/nordstrom/KNAP/weakly_correlated/normalized-knapPI_2_5000_10000_2_-789375.opb.xz,26
OPT-LIN/normalized-PB24/nordstrom/KNAP/weakly_correlated/normalized-knapPI_2_5000_10000_3_-1098450.opb.xz,27
OPT-LIN/normalized-PB24/nordstrom/KNAP/weakly_correlated/normalized-knapPI_2_5000_10000_4_-1391285.opb.xz,27
OPT-LIN/normalized-PB24/nordstrom/KNAP/weakly_correlated/normalized-knapPI_2_5000_10000_5_-1682940.opb.xz,27
OPT-LIN/normalized-PB24/nordstrom/KNAP/weakly_correlated/normalized-knapPI_2_5000_1000_1_-44356.opb.xz,22
OPT-LIN/normalized-PB24/nordstrom/KNAP/weakly_correlated/normalized-knapPI_2_5000_1000_2_-78517.opb.xz,23
OPT-LIN/normalized-PB24/nordstrom/KNAP/weakly_correlated/normalized-knapPI_2_5000_1000_3_-109727.opb.xz,23
OPT-LIN/normalized-PB24/nordstrom/KNAP/weakly_correlated/normalized-knapPI_2_5000_1000_4_-138587.opb.xz,24
OPT-LIN/normalized-PB24/nordstrom/KNAP/weakly_correlated/normalized-knapPI_2_5000_1000_5_-169304.opb.xz,24
OPT-LIN/normalized-PB24/nordstrom/KNAP/weakly_correlated/normalized-knapPI_2_500_10000_1_-46285.opb.xz,22
OPT-LIN/normalized-PB24/nordstrom/KNAP/weakly_correlated/normalized-knapPI_2_500_10000_2_-84358.opb.xz,23
OPT-LIN/normalized-PB24/nordstrom/KNAP/weakly_correlated/normalized-knapPI_2_500_10000_3_-110514.opb.xz,23
OPT-LIN/normalized-PB24/nordstrom/KNAP/weakly_correlated/normalized-knapPI_2_500_10000_4_-134109.opb.xz,24
OPT-LIN/normalized-PB24/nordstrom/KNAP/weakly_correlated/normalized-knapPI_2_500_10000_5_-167641.opb.xz,24
OPT-LIN/normalized-PB24/nordstrom/KNAP/weakly_correlated/normalized-knapPI_2_500_1000_1_-4566.opb.xz,18
OPT-LIN/normalized-PB24/nordstrom/KNAP/weakly_correlated/normalized-knapPI_2_500_1000_2_-8249.opb.xz,19
OPT-LIN/normalized-PB24/nordstrom/KNAP/weakly_correlated/normalized-knapPI_2_500_1000_3_-10764.opb.xz,20
OPT-LIN/normalized-PB24/nordstrom/KNAP/weakly_correlated/normalized-knapPI_2_500_1000_4_-13910.opb.xz,20
OPT-LIN/normalized-PB24/nordstrom/KNAP/weakly_correlated/normalized-knapPI_2_500_1000_5_-16380.opb.xz,21
OPT-LIN/normalized-PB24/nordstrom/KNAP/weakly_correlated/normalized-knapPI_2_50_10000_1_-13887.opb.xz,19
OPT-LIN/normalized-PB24/nordstrom/KNAP/weakly_correlated/normalized-knapPI_2_50_10000_2_-12453.opb.xz,20
OPT-LIN/normalized-PB24/nordstrom/KNAP/weakly_correlated/normalized-knapPI_2_50_10000_3_-15374.opb.xz,20
OPT-LIN/normalized-PB24/nordstrom/KNAP/weakly_correlated/normalized-knapPI_2_50_10000_4_-12918.opb.xz,21
OPT-LIN/normalized-PB24/nordstrom/KNAP/weakly_correlated/normalized-knapPI_2_50_10000_5_-17314.opb.xz,21
OPT-LIN/normalized-PB24/nordstrom/KNAP/weakly_correlated/normalized-knapPI_2_50_1000_1_-1396.opb.xz,15
OPT-LIN/normalized-PB24/nordstrom/KNAP/weakly_correlated/normalized-knapPI_2_50_1000_2_-1352.opb.xz,16
OPT-LIN/normalized-PB24/nordstrom/KNAP/weakly_correlated/normalized-knapPI_2_50_1000_3_-1348.opb.xz,17
OPT-LIN/normalized-PB24/nordstrom/KNAP/weakly_correlated/normalized-knapPI_2_50_1000_4_-1319.opb.xz,17
OPT-LIN/normalized-PB24/nordstrom/KNAP/weakly_correlated/normalized-knapPI_2_50_1000_5_-1683.opb.xz,17
OPT-LIN/normalized-PB24/nordstrom/KNAP/weakly_correlated_span/normalized-knapPI_12_10000_1000_1_-45105.opb.xz,23
OPT-LIN/normalized-PB24/nordstrom/KNAP/weakly_correlated_span/normalized-knapPI_12_10000_1000_2_-75232.opb.xz,23
OPT-LIN/normalized-PB24/nordstrom/KNAP/weakly_correlated_span/normalized-knapPI_12_10000_1000_3_-171292.opb.xz,24
OPT-LIN/normalized-PB24/nordstrom/KNAP/weakly_correlated_span/normalized-knapPI_12_10000_1000_4_-272157.opb.xz,25
OPT-LIN/normalized-PB24/nordstrom/KNAP/weakly_correlated_span/normalized-knapPI_12_10000_1000_5_-285714.opb.xz,25
OPT-LIN/normalized-PB24/nordstrom/KNAP/weakly_correlated_span/normalized-knapPI_12_1000_1000_1_-4514.opb.xz,19
OPT-LIN/normalized-PB24/nordstrom/KNAP/weakly_correlated_span/normalized-knapPI_12_1000_1000_2_-7500.opb.xz,20
OPT-LIN/normalized-PB24/nordstrom/KNAP/weakly_correlated_span/normalized-knapPI_12_1000_1000_3_-17136.opb.xz,21
OPT-LIN/normalized-PB24/nordstrom/KNAP/weakly_correlated_span/normalized-knapPI_12_1000_1000_4_-28054.opb.xz,21
OPT-LIN/normalized-PB24/nordstrom/KNAP/weakly_correlated_span/normalized-knapPI_12_1000_1000_5_-28017.opb.xz,22
OPT-LIN/normalized-PB24/nordstrom/KNAP/weakly_correlated_span/normalized-knapPI_12_100_1000_1_-970.opb.xz,16
OPT-LIN/normalized-PB24/nordstrom/KNAP/weakly_correlated_span/normalized-knapPI_12_100_1000_2_-940.opb.xz,17
OPT-LIN/normalized-PB24/nordstrom/KNAP/weakly_correlated_span/normalized-knapPI_12_100_1000_3_-1700.opb.xz,18
OPT-LIN/normalized-PB24/nordstrom/KNAP/weakly_correlated_span/normalized-knapPI_12_100_1000_4_-2739.opb.xz,18
OPT-LIN/normalized-PB24/nordstrom/KNAP/weakly_correlated_span/normalized-knapPI_12_100_1000_5_-2871.opb.xz,18
OPT-LIN/normalized-PB24/nordstrom/KNAP/weakly_correlated_span/normalized-knapPI_12_2000_1000_1_-9118.opb.xz,20
OPT-LIN/normalized-PB24/nordstrom/KNAP/weakly_correlated_span/normalized-knapPI_12_2000_1000_2_-14968.opb.xz,21
OPT-LIN/normalized-PB24/nordstrom/KNAP/weakly_correlated_span/normalized-knapPI_12_2000_1000_3_-34272.opb.xz,22
OPT-LIN/normalized-PB24/nordstrom/KNAP/weakly_correlated_span/normalized-knapPI_12_2000_1000_4_-56108.opb.xz,22
OPT-LIN/normalized-PB24/nordstrom/KNAP/weakly_correlated_span/normalized-knapPI_12_2000_1000_5_-57519.opb.xz,23
OPT-LIN/normalized-PB24/nordstrom/KNAP/weakly_correlated_span/normalized-knapPI_12_200_1000_1_-970.opb.xz,17
OPT-LIN/normalized-PB24/nordstrom/KNAP/weakly_correlated_span/normalized-knapPI_12_200_1000_2_-1452.opb.xz,18
OPT-LIN/normalized-PB24/nordstrom/KNAP/weakly_correlated_span/normalized-knapPI_12_200_1000_3_-3400.opb.xz,19
OPT-LIN/normalized-PB24/nordstrom/KNAP/weakly_correlated_span/normalized-knapPI_12_200_1000_4_-5478.opb.xz,19
OPT-LIN/normalized-PB24/nordstrom/KNAP/weakly_correlated_span/normalized-knapPI_12_200_1000_5_-5742.opb.xz,19
OPT-LIN/normalized-PB24/nordstrom/KNAP/weakly_correlated_span/normalized-knapPI_12_20_1000_1_-970.opb.xz,14
OPT-LIN/normalized-PB24/nordstrom/KNAP/weakly_correlated_span/normalized-knapPI_12_20_1000_2_-940.opb.xz,15
OPT-LIN/normalized-PB24/nordstrom/KNAP/weakly_correlated_span/normalized-knapPI_12_20_1000_3_-1360.opb.xz,15
OPT-LIN/normalized-PB24/nordstrom/KNAP/weakly_correlated_span/normalized-knapPI_12_20_1000_4_-1494.opb.xz,16
OPT-LIN/normalized-PB24/nordstrom/KNAP/weakly_correlated_span/normalized-knapPI_12_20_1000_5_-990.opb.xz,16
OPT-LIN/normalized-PB24/nordstrom/KNAP/weakly_correlated_span/normalized-knapPI_12_5000_1000_1_-22847.opb.xz,22
OPT-LIN/normalized-PB24/nordstrom/KNAP/weakly_correlated_span/normalized-knapPI_12_5000_1000_2_-37518.opb.xz,22
OPT-LIN/normalized-PB24/nordstrom/KNAP/weakly_correlated_span/normalized-knapPI_12_5000_1000_3_-86156.opb.xz,23
OPT-LIN/normalized-PB24/nordstrom/KNAP/weakly_correlated_span/normalized-knapPI_12_5000_1000_4_-135954.opb.xz,24
OPT-LIN/normalized-PB24/nordstrom/KNAP/weakly_correlated_span/normalized-knapPI_12_5000_1000_5_-141867.opb.xz,24
OPT-LIN/normalized-PB24/nordstrom/KNAP/weakly_correlated_span/normalized-knapPI_12_500_1000_1_-2231.opb.xz,18
OPT-LIN/normalized-PB24/nordstrom/KNAP/weakly_correlated_span/normalized-knapPI_12_500_1000_2_-3814.opb.xz,19
OPT-LIN/normalized-PB24/nordstrom/KNAP/weakly_correlated_span/normalized-knapPI_12_500_1000_3_-8500.opb.xz,20
OPT-LIN/normalized-PB24/nordstrom/KNAP/weakly_correlated_span/normalized-knapPI_12_500_1000_4_-13861.opb.xz,20
OPT-LIN/normalized-PB24/nordstrom/KNAP/weakly_correlated_span/normalized-knapPI_12_500_1000_5_-14157.opb.xz,21
OPT-LIN/normalized-PB24/nordstrom/KNAP/weakly_correlated_span/normalized-knapPI_12_50_1000_1_-970.opb.xz,15
OPT-LIN/normalized-PB24/nordstrom/KNAP/weakly_correlated_span/normalized-knapPI_12_50_1000_2_-940.opb.xz,16
OPT-LIN/normalized-PB24/nordstrom/KNAP/weakly_correlated_span/normalized-knapPI_12_50_1000_3_-1360.opb.xz,17
OPT-LIN/normalized-PB24/nordstrom/KNAP/weakly_correlated_span/normalized-knapPI_12_50_1000_4_-1660.opb.xz,17
OPT-LIN/normalized-PB24/nordstrom/KNAP/weakly_correlated_span/normalized-knapPI_12_50_1000_5_-1485.opb.xz,17
OPT-LIN/normalized-PB24/nordstrom/MIPLIB01/opt/miplib2/normalized-cracpb1.opb.xz,20
OPT-LIN/normalized-PB24/nordstrom/MIPLIB01/opt/miplib2/normalized-lp4l.opb.xz,18
OPT-LIN/normalized-PB24/nordstrom/MIPLIB01/opt/miplib2/normalized-p0291.opb.xz,29
OPT-LIN/normalized-PB24/nordstrom/MIPLIB01/opt/miplib2/normalized-pipex.opb.xz,22
OPT-LIN/normalized-PB24/nordstrom/MIPLIB01/opt/miplib2/normalized-sentoy.opb.xz,15
OPT-LIN/normalized-PB24/nordstrom/MIPLIB01/opt/miplib2/normalized-stein15.opb.xz,5
OPT-LIN/normalized-PB24/nordstrom/MIPLIB01/opt/miplib2/normalized-stein9.opb.xz,4
OPT-LIN/normalized-PB24/nordstrom/MIPLIB01/opt/miplib2003/normalized-cap6000.opb.xz,25
OPT-LIN/normalized-PB24/nordstrom/MIPLIB01/opt/miplib2003/normalized-disctom.opb.xz,14
OPT-LIN/normalized-PB24/nordstrom/MIPLIB01/opt/miplib2003/normalized-ds.opb.xz,29
OPT-LIN/normalized-PB24/nordstrom/MIPLIB01/opt/miplib2003/normalized-harp2.opb.xz,29
OPT-LIN/normalized-PB24/nordstrom/MIPLIB01/opt/miplib2003/normalized-protfold.opb.xz,10
OPT-LIN/normalized-PB24/nordstrom/MIPLIB01/opt/miplib2003/normalized-sp97ar.opb.xz,29
OPT-LIN/normalized-PB24/nordstrom/MIPLIB01/opt/miplib2003/normalized-stp3d.opb.xz,29
OPT-LIN/normalized-PB24/nordstrom/MIPLIB01/opt/miplib2003/normalized-t1717.opb.xz,28
OPT-LIN/normalized-PB24/nordstrom/MIPLIB01/opt/miplib2010/normalized-acc-tight4.opb.xz,5
OPT-LIN/normalized-PB24/nordstrom/MIPLIB01/opt/miplib2010/normalized-acc-tight5.opb.xz,5
OPT-LIN/normalized-PB24/nordstrom/MIPLIB01/opt/miplib2010/normalized-acc-tight6.opb.xz,5
OPT-LIN/normalized-PB24/nordstrom/MIPLIB01/opt/miplib2010/normalized-ash608gpia-3col.opb.xz,3
OPT-LIN/normalized-PB24/nordstrom/MIPLIB01/opt/miplib2010/normalized-bley_xl1.opb.xz,21
OPT-LIN/normalized-PB24/nordstrom/MIPLIB01/opt/miplib2010/normalized-cov1075.opb.xz,7
OPT-LIN/normalized-PB24/nordstrom/MIPLIB01/opt/miplib2010/normalized-datt256.opb.xz,19
OPT-LIN/normalized-PB24/nordstrom/MIPLIB01/opt/miplib2010/normalized-eil33-2.opb.xz,29
OPT-LIN/normalized-PB24/nordstrom/MIPLIB01/opt/miplib2010/normalized-eilA101-2.opb.xz,29
OPT-LIN/normalized-PB24/nordstrom/MIPLIB01/opt/miplib2010/normalized-eilB101.opb.xz,29
OPT-LIN/normalized-PB24/nordstrom/MIPLIB01/opt/miplib2010/normalized-ex9.opb.xz,14
OPT-LIN/normalized-PB24/nordstrom/MIPLIB01/opt/miplib2010/normalized-f2000.opb.xz,12
OPT-LIN/normalized-PB24/nordstrom/MIPLIB01/opt/miplib2010/normalized-go19.opb.xz,9
OPT-LIN/normalized-PB24/nordstrom/MIPLIB01/opt/miplib2010/normalized-hanoi5.opb.xz,12
OPT-LIN/normalized-PB24/nordstrom/MIPLIB01/opt/miplib2010/normalized-iis-100-0-cov.opb.xz,7
OPT-LIN/normalized-PB24/nordstrom/MIPLIB01/opt/miplib2010/normalized-iis-bupa-cov.opb.xz,9
OPT-LIN/normalized-PB24/nordstrom/MIPLIB01/opt/miplib2010/normalized-iis-pima-cov.opb.xz,10
OPT-LIN/normalized-PB24/nordstrom/MIPLIB01/opt/miplib2010/normalized-ivu52.opb.xz,29
OPT-LIN/normalized-PB24/nordstrom/MIPLIB01/opt/miplib2010/normalized-m100n500k4r1.opb.xz,9
OPT-LIN/normalized-PB24/nordstrom/MIPLIB01/opt/miplib2010/normalized-macrophage.opb.xz,11
OPT-LIN/normalized-PB24/nordstrom/MIPLIB01/opt/miplib2010/normalized-methanosarcina.opb.xz,13
OPT-LIN/normalized-PB24/nordstrom/MIPLIB01/opt/miplib2010/normalized-mspp16.opb.xz,12
OPT-LIN/normalized-PB24/nordstrom/MIPLIB01/opt/miplib2010/normalized-n3div36.opb.xz,29
OPT-LIN/normalized-PB24/nordstrom/MIPLIB01/opt/miplib2010/normalized-n3seq24.opb.xz,29
OPT-LIN/normalized-PB24/nordstrom/MIPLIB01/opt/miplib2010/normalized-neos-1109824.opb.xz,16
OPT-LIN/normalized-PB24/nordstrom/MIPLIB01/opt/miplib2010/normalized-neos-1337307.opb.xz,21
OPT-LIN/normalized-PB24/nordstrom/MIPLIB01/opt/miplib2010/normalized-neos-1440225.opb.xz,11
OPT-LIN/normalized-PB24/nordstrom/MIPLIB01/opt/miplib2010/normalized-neos-1616732.opb.xz,8
OPT-LIN/normalized-PB24/nordstrom/MIPLIB01/opt/miplib2010/normalized-neos-1620770.opb.xz,5
OPT-LIN/normalized-PB24/nordstrom/MIPLIB01/opt/miplib2010/normalized-neos-506428.opb.xz,29
OPT-LIN/normalized-PB24/nordstrom/MIPLIB01/opt/miplib2010/normalized-neos-631710.opb.xz,10
OPT-LIN/normalized-PB24/nordstrom/MIPLIB01/opt/miplib2010/normalized-neos-777800.opb.xz,13
OPT-LIN/normalized-PB24/nordstrom/MIPLIB01/opt/miplib2010/normalized-neos-785912.opb.xz,11
OPT-LIN/normalized-PB24/nordstrom/MIPLIB01/opt/miplib2010/normalized-neos-807456.opb.xz,11
OPT-LIN/normalized-PB24/nordstrom/MIPLIB01/opt/miplib2010/normalized-neos-859770.opb.xz,15
OPT-LIN/normalized-PB24/nordstrom/MIPLIB01/opt/miplib2010/normalized-neos-885524.opb.xz,29
OPT-LIN/normalized-PB24/nordstrom/MIPLIB01/opt/miplib2010/normalized-neos-941313.opb.xz,24
OPT-LIN/normalized-PB24/nordstrom/MIPLIB01/opt/miplib2010/normalized-neos-952987.opb.xz,29
OPT-LIN/normalized-PB24/nordstrom/MIPLIB01/opt/miplib2010/normalized-neos-957389.opb.xz,12
OPT-LIN/normalized-PB24/nordstrom/MIPLIB01/opt/miplib2010/normalized-neos18.opb.xz,8
OPT-LIN/normalized-PB24/nordstrom/MIPLIB01/opt/miplib2010/normalized-neos788725.opb.xz,7
OPT-LIN/normalized-PB24/nordstrom/MIPLIB01/opt/miplib2010/normalized-neos858960.opb.xz,8
OPT-LIN/normalized-PB24/nordstrom/MIPLIB01/opt/miplib2010/normalized-netdiversion.opb.xz,25
OPT-LIN/normalized-PB24/nordstrom/MIPLIB01/opt/miplib2010/normalized-ns1663818.opb.xz,22
OPT-LIN/normalized-PB24/nordstrom/MIPLIB01/opt/miplib2010/normalized-ns1685374.opb.xz,29
OPT-LIN/normalized-PB24/nordstrom/MIPLIB01/opt/miplib2010/normalized-ns1686196.opb.xz,14
OPT-LIN/normalized-PB24/nordstrom/MIPLIB01/opt/miplib2010/normalized-ns1688347.opb.xz,14
OPT-LIN/normalized-PB24/nordstrom/MIPLIB01/opt/miplib2010/normalized-ns1696083.opb.xz,15
OPT-LIN/normalized-PB24/nordstrom/MIPLIB01/opt/miplib2010/normalized-ns1745726.opb.xz,14
OPT-LIN/normalized-PB24/nordstrom/MIPLIB01/opt/miplib2010/normalized-ns1769397.opb.xz,14
OPT-LIN/normalized-PB24/nordstrom/MIPLIB01/opt/miplib2010/normalized-ns1778858.opb.xz,29
OPT-LIN/normalized-PB24/nordstrom/MIPLIB01/opt/miplib2010/normalized-ns1853823.opb.xz,14
OPT-LIN/normalized-PB24/nordstrom/MIPLIB01/opt/miplib2010/normalized-ns894236.opb.xz,7
OPT-LIN/normalized-PB24/nordstrom/MIPLIB01/opt/miplib2010/normalized-ns894244.opb.xz,8
OPT-LIN/normalized-PB24/nordstrom/MIPLIB01/opt/miplib2010/normalized-ns894786.opb.xz,9
OPT-LIN/normalized-PB24/nordstrom/MIPLIB01/opt/miplib2010/normalized-ns894788.opb.xz,7
OPT-LIN/normalized-PB24/nordstrom/MIPLIB01/opt/miplib2010/normalized-ns903616.opb.xz,8
OPT-LIN/normalized-PB24/nordstrom/MIPLIB01/opt/miplib2010/normalized-opm2-z10-s2.opb.xz,24
OPT-LIN/normalized-PB24/nordstrom/MIPLIB01/opt/miplib2010/normalized-opm2-z11-s8.opb.xz,25
OPT-LIN/normalized-PB24/nordstrom/MIPLIB01/opt/miplib2010/normalized-opm2-z12-s14.opb.xz,25
OPT-LIN/normalized-PB24/nordstrom/MIPLIB01/opt/miplib2010/normalized-opm2-z12-s7.opb.xz,25
OPT-LIN/normalized-PB24/nordstrom/MIPLIB01/opt/miplib2010/normalized-opm2-z7-s2.opb.xz,23
OPT-LIN/normalized-PB24/nordstrom/MIPLIB01/opt/miplib2010/normalized-p2m2p1m1p0n100.opb.xz,21
OPT-LIN/normalized-PB24/nordstrom/MIPLIB01/opt/miplib2010/normalized-p6b.opb.xz,9
OPT-LIN/normalized-PB24/nordstrom/MIPLIB01/opt/miplib2010/normalized-pb-simp-nonunif.opb.xz,9
OPT-LIN/normalized-PB24/nordstrom/MIPLIB01/opt/miplib2010/normalized-queens-30.opb.xz,10
OPT-LIN/normalized-PB24/nordstrom/MIPLIB01/opt/miplib2010/normalized-reblock420.opb.xz,29
OPT-LIN/normalized-PB24/nordstrom/MIPLIB01/opt/miplib2010/normalized-reblock67.opb.xz,29
OPT-LIN/normalized-PB24/nordstrom/MIPLIB01/opt/miplib2010/normalized-rmine10.opb.xz,29
OPT-LIN/normalized-PB24/nordstrom/MIPLIB01/opt/miplib2010/normalized-rmine14.opb.xz,29
OPT-LIN/normalized-PB24/nordstrom/MIPLIB01/opt/miplib2010/normalized-rmine6.opb.xz,29
OPT-LIN/normalized-PB24/nordstrom/MIPLIB01/opt/miplib2010/normalized-seymour-disj-10.opb.xz,29
OPT-LIN/normalized-PB24/nordstrom/MIPLIB01/opt/miplib2010/normalized-sp98ic.opb.xz,29
OPT-LIN/normalized-PB24/nordstrom/MIPLIB01/opt/miplib2010/normalized-sts405.opb.xz,9
OPT-LIN/normalized-PB24/nordstrom/MIPLIB01/opt/miplib2010/normalized-sts729.opb.xz,10
OPT-LIN/normalized-PB24/nordstrom/MIPLIB01/opt/miplib2010/normalized-tanglegram1.opb.xz,16
OPT-LIN/normalized-PB24/nordstrom/MIPLIB01/opt/miplib2010/normalized-tanglegram2.opb.xz,13
OPT-LIN/normalized-PB24/nordstrom/MIPLIB01/opt/miplib2010/normalized-toll-like.opb.xz,12
OPT-LIN/normalized-PB24/nordstrom/MIPLIB01/opt/miplib2010/normalized-vpphard.opb.xz,16
OPT-LIN/normalized-PB24/nordstrom/MIPLIB01/opt/miplib2010/normalized-vpphard2.opb.xz,18
OPT-LIN/normalized-PB24/nordstrom/MIPLIB01/opt/miplib2010/normalized-wnq-n100-mw99-14.opb.xz,19
OPT-LIN/normalized-PB24/nordstrom/MIPLIB01/opt/miplib2010/normalized-zib01.opb.xz,24
OPT-LIN/normalized-PB24/nordstrom/MIPLIB01/opt/miplib2017/normalized-2club200v15p5scn.opb.xz,8
OPT-LIN/normalized-PB24/nordstrom/MIPLIB01/opt/miplib2017/normalized-a2864-99blp.opb.xz,18
OPT-LIN/normalized-PB24/nordstrom/MIPLIB01/opt/miplib2017/normalized-ab51-40-100.opb.xz,29
OPT-LIN/normalized-PB24/nordstrom/MIPLIB01/opt/miplib2017/normalized-ab67-40-100.opb.xz,29
OPT-LIN/normalized-PB24/nordstrom/MIPLIB01/opt/miplib2017/normalized-ab69-40-100.opb.xz,29
OPT-LIN/normalized-PB24/nordstrom/MIPLIB01/opt/miplib2017/normalized-ab71-20-100.opb.xz,29
OPT-LIN/normalized-PB24/nordstrom/MIPLIB01/opt/miplib2017/normalized-ab72-40-100.opb.xz,29
OPT-LIN/normalized-PB24/nordstrom/MIPLIB01/opt/miplib2017/normalized-academictimetablebig.opb.xz,18
OPT-LIN/normalized-PB24/nordstrom/MIPLIB01/opt/miplib2017/normalized-academictimetablesmall.opb.xz,14
OPT-LIN/normalized-PB24/nordstrom/MIPLIB01/opt/miplib2017/normalized-acc-tight2.opb.xz,5
OPT-LIN/normalized-PB24/nordstrom/MIPLIB01/opt/miplib2017/normalized-app2-1.opb.xz,29
OPT-LIN/normalized-PB24/nordstrom/MIPLIB01/opt/miplib2017/normalized-app2-2.opb.xz,29
OPT-LIN/normalized-PB24/nordstrom/MIPLIB01/opt/miplib2017/normalized-bab1.opb.xz,29
OPT-LIN/normalized-PB24/nordstrom/MIPLIB01/opt/miplib2017/normalized-bab2.opb.xz,29
OPT-LIN/normalized-PB24/nordstrom/MIPLIB01/opt/miplib2017/normalized-bab3.opb.xz,29
OPT-LIN/normalized-PB24/nordstrom/MIPLIB01/opt/miplib2017/normalized-bab5.opb.xz,29
OPT-LIN/normalized-PB24/nordstrom/MIPLIB01/opt/miplib2017/normalized-bab6.opb.xz,29
OPT-LIN/normalized-PB24/nordstrom/MIPLIB01/opt/miplib2017/normalized-bnatt500.opb.xz,12
OPT-LIN/normalized-PB24/nordstrom/MIPLIB01/opt/miplib2017/normalized-cdc7-4-3-2.opb.xz,14
OPT-LIN/normalized-PB24/nordstrom/MIPLIB01/opt/miplib2017/normalized-chromaticindex1024-7.opb.xz,3
OPT-LIN/normalized-PB24/nordstrom/MIPLIB01/opt/miplib2017/normalized-chromaticindex128-5.opb.xz,3
OPT-LIN/normalized-PB24/nordstrom/MIPLIB01/opt/miplib2017/normalized-chromaticindex256-8.opb.xz,3
OPT-LIN/normalized-PB24/nordstrom/MIPLIB01/opt/miplib2017/normalized-chromaticindex32-8.opb.xz,3
OPT-LIN/normalized-PB24/nordstrom/MIPLIB01/opt/miplib2017/normalized-chromaticindex512-7.opb.xz,3
OPT-LIN/normalized-PB24/nordstrom/MIPLIB01/opt/miplib2017/normalized-circ10-3.opb.xz,12
OPT-LIN/normalized-PB24/nordstrom/MIPLIB01/opt/miplib2017/normalized-co-100.opb.xz,29
OPT-LIN/normalized-PB24/nordstrom/MIPLIB01/opt/miplib2017/normalized-cod105.opb.xz,11
OPT-LIN/normalized-PB24/nordstrom/MIPLIB01/opt/miplib2017/normalized-cvs08r139-94.opb.xz,11
OPT-LIN/normalized-PB24/nordstrom/MIPLIB01/opt/miplib2017/normalized-cvs16r106-72.opb.xz,11
OPT-LIN/normalized-PB24/nordstrom/MIPLIB01/opt/miplib2017/normalized-cvs16r128-89.opb.xz,12
OPT-LIN/normalized-PB24/nordstrom/MIPLIB01/opt/miplib2017/normalized-cvs16r70-62.opb.xz,11
OPT-LIN/normalized-PB24/nordstrom/MIPLIB01/opt/miplib2017/normalized-cvs16r89-60.opb.xz,11
OPT-LIN/normalized-PB24/nordstrom/MIPLIB01/opt/miplib2017/normalized-ds-big.opb.xz,29
OPT-LIN/normalized-PB24/nordstrom/MIPLIB01/opt/miplib2017/normalized-eilC76-2.opb.xz,29
OPT-LIN/normalized-PB24/nordstrom/MIPLIB01/opt/miplib2017/normalized-ex1010-pi.opb.xz,15
OPT-LIN/normalized-PB24/nordstrom/MIPLIB01/opt/miplib2017/normalized-f2gap201600.opb.xz,17
OPT-LIN/normalized-PB24/nordstrom/MIPLIB01/opt/miplib2017/normalized-f2gap401600.opb.xz,17
OPT-LIN/normalized-PB24/nordstrom/MIPLIB01/opt/miplib2017/normalized-f2gap40400.opb.xz,15
OPT-LIN/normalized-PB24/nordstrom/MIPLIB01/opt/miplib2017/normalized-f2gap801600.opb.xz,17
OPT-LIN/normalized-PB24/nordstrom/MIPLIB01/opt/miplib2017/normalized-glass-sc.opb.xz,8
OPT-LIN/normalized-PB24/nordstrom/MIPLIB01/opt/miplib2017/normalized-graph20-20-1rand.opb.xz,6
OPT-LIN/normalized-PB24/nordstrom/MIPLIB01/opt/miplib2017/normalized-graph20-80-1rand.opb.xz,7
OPT-LIN/normalized-PB24/nordstrom/MIPLIB01/opt/miplib2017/normalized-graph40-20-1rand.opb.xz,8
OPT-LIN/normalized-PB24/nordstrom/MIPLIB01/opt/miplib2017/normalized-graph40-40-1rand.opb.xz,9
OPT-LIN/normalized-PB24/nordstrom/MIPLIB01/opt/miplib2017/normalized-graph40-80-1rand.opb.xz,10
OPT-LIN/normalized-PB24/nordstrom/MIPLIB01/opt/miplib2017/normalized-iis-glass-cov.opb.xz,8
OPT-LIN/normalized-PB24/nordstrom/MIPLIB01/opt/miplib2017/normalized-iis-hc-cov.opb.xz,9
OPT-LIN/normalized-PB24/nordstrom/MIPLIB01/opt/miplib2017/normalized-irp.opb.xz,29
OPT-LIN/normalized-PB24/nordstrom/MIPLIB01/opt/miplib2017/normalized-ivu06-big.opb.xz,29
OPT-LIN/normalized-PB24/nordstrom/MIPLIB01/opt/miplib2017/normalized-ivu06.opb.xz,29
OPT-LIN/normalized-PB24/nordstrom/MIPLIB01/opt/miplib2017/normalized-ivu59.opb.xz,29
OPT-LIN/normalized-PB24/nordstrom/MIPLIB01/opt/miplib2017/normalized-mine-166-5.opb.xz,29
OPT-LIN/normalized-PB24/nordstrom/MIPLIB01/opt/miplib2017/normalized-mine-90-10.opb.xz,29
OPT-LIN/normalized-PB24/nordstrom/MIPLIB01/opt/miplib2017/normalized-mod008inf.opb.xz,20
OPT-LIN/normalized-PB24/nordstrom/MIPLIB01/opt/miplib2017/normalized-n2seq36f.opb.xz,19
OPT-LIN/normalized-PB24/nordstrom/MIPLIB01/opt/miplib2017/normalized-n2seq36q.opb.xz,19
OPT-LIN/normalized-PB24/nordstrom/MIPLIB01/opt/miplib2017/normalized-neos-1324574.opb.xz,6
OPT-LIN/normalized-PB24/nordstrom/MIPLIB01/opt/miplib2017/normalized-neos-1330346.opb.xz,6
OPT-LIN/normalized-PB24/nordstrom/MIPLIB01/opt/miplib2017/normalized-neos-1516309.opb.xz,23
OPT-LIN/normalized-PB24/nordstrom/MIPLIB01/opt/miplib2017/normalized-neos-1599274.opb.xz,26
OPT-LIN/normalized-PB24/nordstrom/MIPLIB01/opt/miplib2017/normalized-neos-2075418-temuka.opb.xz,29
OPT-LIN/normalized-PB24/nordstrom/MIPLIB01/opt/miplib2017/normalized-neos-2328163-agri.opb.xz,21
OPT-LIN/normalized-PB24/nordstrom/MIPLIB01/opt/miplib2017/normalized-neos-3045796-mogo.opb.xz,14
OPT-LIN/normalized-PB24/nordstrom/MIPLIB01/opt/miplib2017/normalized-neos-3148108-pahi.opb.xz,5
OPT-LIN/normalized-PB24/nordstrom/MIPLIB01/opt/miplib2017/normalized-neos-3322547-alsek.opb.xz,16
OPT-LIN/normalized-PB24/nordstrom/MIPLIB01/opt/miplib2017/normalized-neos-3437289-erdre.opb.xz,8
OPT-LIN/normalized-PB24/nordstrom/MIPLIB01/opt/miplib2017/normalized-neos-3555904-turama.opb.xz,19
OPT-LIN/normalized-PB24/nordstrom/MIPLIB01/opt/miplib2017/normalized-neos-3988577-wolgan.opb.xz,13
OPT-LIN/normalized-PB24/nordstrom/MIPLIB01/opt/miplib2017/normalized-neos-4531126-vouga.opb.xz,29
OPT-LIN/normalized-PB24/nordstrom/MIPLIB01/opt/miplib2017/normalized-neos-4754521-awarau.opb.xz,16
OPT-LIN/normalized-PB24/nordstrom/MIPLIB01/opt/miplib2017/normalized-neos-4954274-beardy.opb.xz,29
OPT-LIN/normalized-PB24/nordstrom/MIPLIB01/opt/miplib2017/normalized-neos-5052403-cygnet.opb.xz,16
OPT-LIN/normalized-PB24/nordstrom/MIPLIB01/opt/miplib2017/normalized-neos-5129192-manaia.opb.xz,17
OPT-LIN/normalized-PB24/nordstrom/MIPLIB01/opt/miplib2017/normalized-neos-633273.opb.xz,29
OPT-LIN/normalized-PB24/nordstrom/MIPLIB01/opt/miplib2017/normalized-neos-780889.opb.xz,29
OPT-LIN/normalized-PB24/nordstrom/MIPLIB01/opt/miplib2017/normalized-neos-787933.opb.xz,11
OPT-LIN/normalized-PB24/nordstrom/MIPLIB01/opt/miplib2017/normalized-neos-820879.opb.xz,24
OPT-LIN/normalized-PB24/nordstrom/MIPLIB01/opt/miplib2017/normalized-neos-827015.opb.xz,29
OPT-LIN/normalized-PB24/nordstrom/MIPLIB01/opt/miplib2017/normalized-neos-829552.opb.xz,29
OPT-LIN/normalized-PB24/nordstrom/MIPLIB01/opt/miplib2017/normalized-neos-831188.opb.xz,29
OPT-LIN/normalized-PB24/nordstrom/MIPLIB01/opt/miplib2017/normalized-neos-876808.opb.xz,29
OPT-LIN/normalized-PB24/nordstrom/MIPLIB01/opt/miplib2017/normalized-neos-913984.opb.xz,17
OPT-LIN/normalized-PB24/nordstrom/MIPLIB01/opt/miplib2017/normalized-neos-948346.opb.xz,20
OPT-LIN/normalized-PB24/nordstrom/MIPLIB01/opt/miplib2017/normalized-neos-953928.opb.xz,29
OPT-LIN/normalized-PB24/nordstrom/MIPLIB01/opt/miplib2017/normalized-neos-954925.opb.xz,29
OPT-LIN/normalized-PB24/nordstrom/MIPLIB01/opt/miplib2017/normalized-neos-956971.opb.xz,29
OPT-LIN/normalized-PB24/nordstrom/MIPLIB01/opt/miplib2017/normalized-neos-957143.opb.xz,29
OPT-LIN/normalized-PB24/nordstrom/MIPLIB01/opt/miplib2017/normalized-neos-957323.opb.xz,29
OPT-LIN/normalized-PB24/nordstrom/MIPLIB01/opt/miplib2017/normalized-neos-960392.opb.xz,20
OPT-LIN/normalized-PB24/nordstrom/MIPLIB01/opt/miplib2017/normalized-ns1828997.opb.xz,13
OPT-LIN/normalized-PB24/nordstrom/MIPLIB01/opt/miplib2017/normalized-opm2-z10-s4.opb.xz,24
OPT-LIN/normalized-PB24/nordstrom/MIPLIB01/opt/miplib2017/normalized-opm2-z12-s8.opb.xz,25
OPT-LIN/normalized-PB24/nordstrom/MIPLIB01/opt/miplib2017/normalized-opm2-z6-s1.opb.xz,22
OPT-LIN/normalized-PB24/nordstrom/MIPLIB01/opt/miplib2017/normalized-opm2-z7-s8.opb.xz,23
OPT-LIN/normalized-PB24/nordstrom/MIPLIB01/opt/miplib2017/normalized-opm2-z8-s0.opb.xz,23
OPT-LIN/normalized-PB24/nordstrom/MIPLIB01/opt/miplib2017/normalized-pb-fit2d.opb.xz,20
OPT-LIN/normalized-PB24/nordstrom/MIPLIB01/opt/miplib2017/normalized-pb-gfrd-pnc.opb.xz,20
OPT-LIN/normalized-PB24/nordstrom/MIPLIB01/opt/miplib2017/normalized-pb-grow22.opb.xz,20
OPT-LIN/normalized-PB24/nordstrom/MIPLIB01/opt/miplib2017/normalized-peg-solitaire-a3.opb.xz,7
OPT-LIN/normalized-PB24/nordstrom/MIPLIB01/opt/miplib2017/normalized-qap10.opb.xz,15
OPT-LIN/normalized-PB24/nordstrom/MIPLIB01/opt/miplib2017/normalized-rail01.opb.xz,29
OPT-LIN/normalized-PB24/nordstrom/MIPLIB01/opt/miplib2017/normalized-rail02.opb.xz,29
OPT-LIN/normalized-PB24/nordstrom/MIPLIB01/opt/miplib2017/normalized-rail03.opb.xz,29
OPT-LIN/normalized-PB24/nordstrom/MIPLIB01/opt/miplib2017/normalized-ramos3.opb.xz,12
OPT-LIN/normalized-PB24/nordstrom/MIPLIB01/opt/miplib2017/normalized-reblock115.opb.xz,29
OPT-LIN/normalized-PB24/nordstrom/MIPLIB01/opt/miplib2017/normalized-reblock166.opb.xz,29
OPT-LIN/normalized-PB24/nordstrom/MIPLIB01/opt/miplib2017/normalized-reblock354.opb.xz,29
OPT-LIN/normalized-PB24/nordstrom/MIPLIB01/opt/miplib2017/normalized-rmine11.opb.xz,29
OPT-LIN/normalized-PB24/nordstrom/MIPLIB01/opt/miplib2017/normalized-rmine13.opb.xz,29
OPT-LIN/normalized-PB24/nordstrom/MIPLIB01/opt/miplib2017/normalized-rmine15.opb.xz,29
OPT-LIN/normalized-PB24/nordstrom/MIPLIB01/opt/miplib2017/normalized-rmine21.opb.xz,29
OPT-LIN/normalized-PB24/nordstrom/MIPLIB01/opt/miplib2017/normalized-rmine25.opb.xz,29
OPT-LIN/normalized-PB24/nordstrom/MIPLIB01/opt/miplib2017/normalized-s100.opb.xz,29
OPT-LIN/normalized-PB24/nordstrom/MIPLIB01/opt/miplib2017/normalized-s1234.opb.xz,9
OPT-LIN/normalized-PB24/nordstrom/MIPLIB01/opt/miplib2017/normalized-scpj4scip.opb.xz,23
OPT-LIN/normalized-PB24/nordstrom/MIPLIB01/opt/miplib2017/normalized-scpk4.opb.xz,23
OPT-LIN/normalized-PB24/nordstrom/MIPLIB01/opt/miplib2017/normalized-scpl4.opb.xz,24
OPT-LIN/normalized-PB24/nordstrom/MIPLIB01/opt/miplib2017/normalized-scpm1.opb.xz,25
OPT-LIN/normalized-PB24/nordstrom/MIPLIB01/opt/miplib2017/normalized-scpn2.opb.xz,26
OPT-LIN/normalized-PB24/nordstrom/MIPLIB01/opt/miplib2017/normalized-sorrell3.opb.xz,11
OPT-LIN/normalized-PB24/nordstrom/MIPLIB01/opt/miplib2017/normalized-sorrell4.opb.xz,12
OPT-LIN/normalized-PB24/nordstrom/MIPLIB01/opt/miplib2017/normalized-sorrell7.opb.xz,12
OPT-LIN/normalized-PB24/nordstrom/MIPLIB01/opt/miplib2017/normalized-sorrell8.opb.xz,11
OPT-LIN/normalized-PB24/nordstrom/MIPLIB01/opt/miplib2017/normalized-sp97ic.opb.xz,29
OPT-LIN/normalized-PB24/nordstrom/MIPLIB01/opt/miplib2017/normalized-sp98ar.opb.xz,29
OPT-LIN/normalized-PB24/nordstrom/MIPLIB01/opt/miplib2017/normalized-stein15inf.opb.xz,5
OPT-LIN/normalized-PB24/nordstrom/MIPLIB01/opt/miplib2017/normalized-stein45inf.opb.xz,7
OPT-LIN/normalized-PB24/nordstrom/MIPLIB01/opt/miplib2017/normalized-stein9inf.opb.xz,5
OPT-LIN/normalized-PB24/nordstrom/MIPLIB01/opt/miplib2017/normalized-supportcase10.opb.xz,7
OPT-LIN/normalized-PB24/nordstrom/MIPLIB01/opt/miplib2017/normalized-supportcase11.opb.xz,29
OPT-LIN/normalized-PB24/nordstrom/MIPLIB01/opt/miplib2017/normalized-supportcase14.opb.xz,13
OPT-LIN/normalized-PB24/nordstrom/MIPLIB01/opt/miplib2017/normalized-supportcase16.opb.xz,13
OPT-LIN/normalized-PB24/nordstrom/MIPLIB01/opt/miplib2017/normalized-supportcase18.opb.xz,13
OPT-LIN/normalized-PB24/nordstrom/MIPLIB01/opt/miplib2017/normalized-supportcase2.opb.xz,14
OPT-LIN/normalized-PB24/nordstrom/MIPLIB01/opt/miplib2017/normalized-supportcase22.opb.xz,15
OPT-LIN/normalized-PB24/nordstrom/MIPLIB01/opt/miplib2017/normalized-supportcase29.opb.xz,17
OPT-LIN/normalized-PB24/nordstrom/MIPLIB01/opt/miplib2017/normalized-t1722.opb.xz,27
OPT-LIN/normalized-PB24/nordstrom/MIPLIB01/opt/miplib2017/normalized-tanglegram4.opb.xz,16
OPT-LIN/normalized-PB24/nordstrom/MIPLIB01/opt/miplib2017/normalized-tanglegram6.opb.xz,14
OPT-LIN/normalized-PB24/nordstrom/MIPLIB01/opt/miplib2017/normalized-tbfp-network.opb.xz,29
OPT-LIN/normalized-PB24/nordstrom/MIPLIB01/opt/miplib2017/normalized-v150d30-2hopcds.opb.xz,8
OPT-LIN/normalized-PB24/nordstrom/MIPLIB01/opt/miplib2017/normalized-z26.opb.xz,15
OPT-LIN/normalized-PB24/nordstrom/MIPLIB01/opt/miplib3/normalized-air04.opb.xz,23
OPT-LIN/normalized-PB24/nordstrom/MIPLIB01/opt/miplib3/normalized-air05.opb.xz,22
OPT-LIN/normalized-PB24/nordstrom/MIPLIB01/opt/miplib3/normalized-enigma.opb.xz,24
OPT-LIN/normalized-PB24/nordstrom/MIPLIB01/opt/miplib3/normalized-fast0507.opb.xz,17
OPT-LIN/normalized-PB24/nordstrom/MIPLIB01/opt/miplib3/normalized-l152lav.opb.xz,19
OPT-LIN/normalized-PB24/nordstrom/MIPLIB01/opt/miplib3/normalized-mitre.opb.xz,20
OPT-LIN/normalized-PB24/nordstrom/MIPLIB01/opt/miplib3/normalized-mod008.opb.xz,20
OPT-LIN/normalized-PB24/nordstrom/MIPLIB01/opt/miplib3/normalized-mod010.opb.xz,19
OPT-LIN/normalized-PB24/nordstrom/MIPLIB01/opt/miplib3/normalized-nw04.opb.xz,27
OPT-LIN/normalized-PB24/nordstrom/MIPLIB01/opt/miplib3/normalized-p2756.opb.xz,19
OPT-LIN/normalized-PB24/nordstrom/MIPLIB01/opt/miplib3/normalized-seymour.opb.xz,11
OPT-LIN/normalized-PB24/nordstrom/MIPLIB01/opt/miplib3/normalized-stein27.opb.xz,6
OPT-LIN/normalized-PB24/nordstrom/MIPLIB01/opt/miplib3/normalized-stein45.opb.xz,7
OPT-LIN/normalized-PB24/nordstrom/composed_pebbling_php_pyramid/opt/normalized-composed_pebbling_php_opt_pyramid_height10_pigeons9_holes8.opb.xz,8
OPT-LIN/normalized-PB24/nordstrom/composed_pebbling_php_pyramid/opt/normalized-composed_pebbling_php_opt_pyramid_height11_pigeons10_holes9.opb.xz,8
OPT-LIN/normalized-PB24/nordstrom/composed_pebbling_php_pyramid/opt/normalized-composed_pebbling_php_opt_pyramid_height12_pigeons11_holes10.opb.xz,8
OPT-LIN/normalized-PB24/nordstrom/composed_pebbling_php_pyramid/opt/normalized-composed_pebbling_php_opt_pyramid_height13_pigeons12_holes11.opb.xz,8
OPT-LIN/normalized-PB24/nordstrom/composed_pebbling_php_pyramid/opt/normalized-composed_pebbling_php_opt_pyramid_height14_pigeons13_holes12.opb.xz,8
OPT-LIN/normalized-PB24/nordstrom/composed_pebbling_php_pyramid/opt/normalized-composed_pebbling_php_opt_pyramid_height15_pigeons14_holes13.opb.xz,9
OPT-LIN/normalized-PB24/nordstrom/composed_pebbling_php_pyramid/opt/normalized-composed_pebbling_php_opt_pyramid_height16_pigeons15_holes14.opb.xz,9
OPT-LIN/normalized-PB24/nordstrom/composed_pebbling_php_pyramid/opt/normalized-composed_pebbling_php_opt_pyramid_height17_pigeons16_holes15.opb.xz,9
OPT-LIN/normalized-PB24/nordstrom/composed_pebbling_php_pyramid/opt/normalized-composed_pebbling_php_opt_pyramid_height18_pigeons17_holes16.opb.xz,9
OPT-LIN/normalized-PB24/nordstrom/composed_pebbling_php_pyramid/opt/normalized-composed_pebbling_php_opt_pyramid_height19_pigeons18_holes17.opb.xz,9
OPT-LIN/normalized-PB24/nordstrom/composed_pebbling_php_pyramid/opt/normalized-composed_pebbling_php_opt_pyramid_height20_pigeons19_holes18.opb.xz,9
OPT-LIN/normalized-PB24/nordstrom/composed_pebbling_php_pyramid/opt/normalized-composed_pebbling_php_opt_pyramid_height21_pigeons20_holes19.opb.xz,9
OPT-LIN/normalized-PB24/nordstrom/composed_pebbling_php_pyramid/opt/normalized-composed_pebbling_php_opt_pyramid_height22_pigeons21_holes20.opb.xz,10
OPT-LIN/normalized-PB24/nordstrom/composed_pebbling_php_pyramid/opt/normalized-composed_pebbling_php_opt_pyramid_height23_pigeons22_holes21.opb.xz,10
OPT-LIN/normalized-PB24/nordstrom/composed_pebbling_php_pyramid/opt/normalized-composed_pebbling_php_opt_pyramid_height24_pigeons23_holes22.opb.xz,10
OPT-LIN/normalized-PB24/nordstrom/composed_pebbling_php_pyramid/opt/normalized-composed_pebbling_php_opt_pyramid_height25_pigeons24_holes23.opb.xz,10
OPT-LIN/normalized-PB24/nordstrom/composed_pebbling_php_pyramid/opt/normalized-composed_pebbling_php_opt_pyramid_height26_pigeons25_holes24.opb.xz,10
OPT-LIN/normalized-PB24/nordstrom/composed_pebbling_php_pyramid/opt/normalized-composed_pebbling_php_opt_pyramid_height27_pigeons26_holes25.opb.xz,10
OPT-LIN/normalized-PB24/nordstrom/composed_pebbling_php_pyramid/opt/normalized-composed_pebbling_php_opt_pyramid_height28_pigeons27_holes26.opb.xz,10
OPT-LIN/normalized-PB24/nordstrom/composed_pebbling_php_pyramid/opt/normalized-composed_pebbling_php_opt_pyramid_height29_pigeons28_holes27.opb.xz,10
OPT-LIN/normalized-PB24/nordstrom/composed_pebbling_php_pyramid/opt/normalized-composed_pebbling_php_opt_pyramid_height30_pigeons29_holes28.opb.xz,10
OPT-LIN/normalized-PB24/nordstrom/composed_pebbling_php_pyramid/opt/normalized-composed_pebbling_php_opt_pyramid_height31_pigeons30_holes29.opb.xz,11
OPT-LIN/normalized-PB24/nordstrom/composed_pebbling_php_pyramid/opt/normalized-composed_pebbling_php_opt_pyramid_height32_pigeons31_holes30.opb.xz,11
OPT-LIN/normalized-PB24/nordstrom/composed_pebbling_php_pyramid/opt/normalized-composed_pebbling_php_opt_pyramid_height33_pigeons32_holes31.opb.xz,11
OPT-LIN/normalized-PB24/nordstrom/composed_pebbling_php_pyramid/opt/normalized-composed_pebbling_php_opt_pyramid_height34_pigeons33_holes32.opb.xz,11
OPT-LIN/normalized-PB24/nordstrom/composed_pebbling_php_pyramid/opt/normalized-composed_pebbling_php_opt_pyramid_height35_pigeons34_holes33.opb.xz,11
OPT-LIN/normalized-PB24/nordstrom/composed_pebbling_php_pyramid/opt/normalized-composed_pebbling_php_opt_pyramid_height36_pigeons35_holes34.opb.xz,11
OPT-LIN/normalized-PB24/nordstrom/composed_pebbling_php_pyramid/opt/normalized-composed_pebbling_php_opt_pyramid_height37_pigeons36_holes35.opb.xz,11
OPT-LIN/normalized-PB24/nordstrom/composed_pebbling_php_pyramid/opt/normalized-composed_pebbling_php_opt_pyramid_height38_pigeons37_holes36.opb.xz,11
OPT-LIN/normalized-PB24/nordstrom/composed_pebbling_php_pyramid/opt/normalized-composed_pebbling_php_opt_pyramid_height39_pigeons38_holes37.opb.xz,11
OPT-LIN/normalized-PB24/nordstrom/composed_pebbling_php_pyramid/opt/normalized-composed_pebbling_php_opt_pyramid_height3_pigeons2_holes1.opb.xz,5
OPT-LIN/normalized-PB24/nordstrom/composed_pebbling_php_pyramid/opt/normalized-composed_pebbling_php_opt_pyramid_height40_pigeons39_holes38.opb.xz,11
OPT-LIN/normalized-PB24/nordstrom/composed_pebbling_php_pyramid/opt/normalized-composed_pebbling_php_opt_pyramid_height41_pigeons40_holes39.opb.xz,11
OPT-LIN/normalized-PB24/nordstrom/composed_pebbling_php_pyramid/opt/normalized-composed_pebbling_php_opt_pyramid_height42_pigeons41_holes40.opb.xz,11
OPT-LIN/normalized-PB24/nordstrom/composed_pebbling_php_pyramid/opt/normalized-composed_pebbling_php_opt_pyramid_height43_pigeons42_holes41.opb.xz,11
OPT-LIN/normalized-PB24/nordstrom/composed_pebbling_php_pyramid/opt/normalized-composed_pebbling_php_opt_pyramid_height44_pigeons43_holes42.opb.xz,12
OPT-LIN/normalized-PB24/nordstrom/composed_pebbling_php_pyramid/opt/normalized-composed_pebbling_php_opt_pyramid_height45_pigeons44_holes43.opb.xz,12
OPT-LIN/normalized-PB24/nordstrom/composed_pebbling_php_pyramid/opt/normalized-composed_pebbling_php_opt_pyramid_height46_pigeons45_holes44.opb.xz,12
OPT-LIN/normalized-PB24/nordstrom/composed_pebbling_php_pyramid/opt/normalized-composed_pebbling_php_opt_pyramid_height47_pigeons46_holes45.opb.xz,12
OPT-LIN/normalized-PB24/nordstrom/composed_pebbling_php_pyramid/opt/normalized-composed_pebbling_php_opt_pyramid_height48_pigeons47_holes46.opb.xz,12
OPT-LIN/normalized-PB24/nordstrom/composed_pebbling_php_pyramid/opt/normalized-composed_pebbling_php_opt_pyramid_height49_pigeons48_holes47.opb.xz,12
OPT-LIN/normalized-PB24/nordstrom/composed_pebbling_php_pyramid/opt/normalized-composed_pebbling_php_opt_pyramid_height4_pigeons3_holes2.opb.xz,5
OPT-LIN/normalized-PB24/nordstrom/composed_pebbling_php_pyramid/opt/normalized-composed_pebbling_php_opt_pyramid_height50_pigeons49_holes48.opb.xz,12
OPT-LIN/normalized-PB24/nordstrom/composed_pebbling_php_pyramid/opt/normalized-composed_pebbling_php_opt_pyramid_height5_pigeons4_holes3.opb.xz,6
OPT-LIN/normalized-PB24/nordstrom/composed_pebbling_php_pyramid/opt/normalized-composed_pebbling_php_opt_pyramid_height6_pigeons5_holes4.opb.xz,6
OPT-LIN/normalized-PB24/nordstrom/composed_pebbling_php_pyramid/opt/normalized-composed_pebbling_php_opt_pyramid_height7_pigeons6_holes5.opb.xz,7
OPT-LIN/normalized-PB24/nordstrom/composed_pebbling_php_pyramid/opt/normalized-composed_pebbling_php_opt_pyramid_height8_pigeons7_holes6.opb.xz,7
OPT-LIN/normalized-PB24/nordstrom/composed_pebbling_php_pyramid/opt/normalized-composed_pebbling_php_opt_pyramid_height9_pigeons8_holes7.opb.xz,7
OPT-LIN/normalized-PB24/pettersson/StableMatchings/KidneyTransplantBenchmarks/normalized-Generated_notes_20140709_1000_0.01-000.opb.xz,25
OPT-LIN/normalized-PB24/pettersson/StableMatchings/KidneyTransplantBenchmarks/normalized-Generated_notes_20140709_1000_0.01-001.opb.xz,25
OPT-LIN/normalized-PB24/pettersson/StableMatchings/KidneyTransplantBenchmarks/normalized-Generated_notes_20140709_1000_0.01-002.opb.xz,26
OPT-LIN/normalized-PB24/pettersson/StableMatchings/KidneyTransplantBenchmarks/normalized-Generated_notes_20140709_1000_0.01-003.opb.xz,25
OPT-LIN/normalized-PB24/pettersson/StableMatchings/KidneyTransplantBenchmarks/normalized-Generated_notes_20140709_1000_0.01-004.opb.xz,26
OPT-LIN/normalized-PB24/pettersson/StableMatchings/KidneyTransplantBenchmarks/normalized-Generated_notes_20140709_1000_0.01-005.opb.xz,26
OPT-LIN/normalized-PB24/pettersson/StableMatchings/KidneyTransplantBenchmarks/normalized-Generated_notes_20140709_1000_0.01-006.opb.xz,25
OPT-LIN/normalized-PB24/pettersson/StableMatchings/KidneyTransplantBenchmarks/normalized-Generated_notes_20140709_1000_0.01-007.opb.xz,26
OPT-LIN/normalized-PB24/pettersson/StableMatchings/KidneyTransplantBenchmarks/normalized-Generated_notes_20140709_1000_0.01-008.opb.xz,26
OPT-LIN/normalized-PB24/pettersson/StableMatchings/KidneyTransplantBenchmarks/normalized-Generated_notes_20140709_1000_0.01-009.opb.xz,26
OPT-LIN/normalized-PB24/pettersson/StableMatchings/KidneyTransplantBenchmarks/normalized-Generated_notes_20140709_1000_0.01-010.opb.xz,25
OPT-LIN/normalized-PB24/pettersson/StableMatchings/KidneyTransplantBenchmarks/normalized-Generated_notes_20140709_1000_0.01-011.opb.xz,26
OPT-LIN/normalized-PB24/pettersson/StableMatchings/KidneyTransplantBenchmarks/normalized-Generated_notes_20140709_1000_0.01-012.opb.xz,26
OPT-LIN/normalized-PB24/pettersson/StableMatchings/KidneyTransplantBenchmarks/normalized-Generated_notes_20140709_1000_0.01-013.opb.xz,26
OPT-LIN/normalized-PB24/pettersson/StableMatchings/KidneyTransplantBenchmarks/normalized-Generated_notes_20140709_1000_0.01-014.opb.xz,26
OPT-LIN/normalized-PB24/pettersson/StableMatchings/KidneyTransplantBenchmarks/normalized-Generated_notes_20140709_1000_0.01-015.opb.xz,26
OPT-LIN/normalized-PB24/pettersson/StableMatchings/KidneyTransplantBenchmarks/normalized-Generated_notes_20140709_1000_0.01-016.opb.xz,26
OPT-LIN/normalized-PB24/pettersson/StableMatchings/KidneyTransplantBenchmarks/normalized-Generated_notes_20140709_1000_0.01-017.opb.xz,25
OPT-LIN/normalized-PB24/pettersson/StableMatchings/KidneyTransplantBenchmarks/normalized-Generated_notes_20140709_1000_0.01-018.opb.xz,26
OPT-LIN/normalized-PB24/pettersson/StableMatchings/KidneyTransplantBenchmarks/normalized-Generated_notes_20140709_1000_0.01-019.opb.xz,25
OPT-LIN/normalized-PB24/pettersson/StableMatchings/KidneyTransplantBenchmarks/normalized-Generated_notes_20140709_1000_0.01-020.opb.xz,25
OPT-LIN/normalized-PB24/pettersson/StableMatchings/KidneyTransplantBenchmarks/normalized-Generated_notes_20140709_1000_0.01-021.opb.xz,26
OPT-LIN/normalized-PB24/pettersson/StableMatchings/KidneyTransplantBenchmarks/normalized-Generated_notes_20140709_1000_0.01-022.opb.xz,26
OPT-LIN/normalized-PB24/pettersson/StableMatchings/KidneyTransplantBenchmarks/normalized-Generated_notes_20140709_1000_0.01-023.opb.xz,26
OPT-LIN/normalized-PB24/pettersson/StableMatchings/KidneyTransplantBenchmarks/normalized-Generated_notes_20140709_1000_0.01-024.opb.xz,26
OPT-LIN/normalized-PB24/pettersson/StableMatchings/KidneyTransplantBenchmarks/normalized-Generated_notes_20140709_1000_0.01-025.opb.xz,25
OPT-LIN/normalized-PB24/pettersson/StableMatchings/KidneyTransplantBenchmarks/normalized-Generated_notes_20140709_1000_0.01-026.opb.xz,26
OPT-LIN/normalized-PB24/pettersson/StableMatchings/KidneyTransplantBenchmarks/normalized-Generated_notes_20140709_1000_0.01-027.opb.xz,26
OPT-LIN/normalized-PB24/pettersson/StableMatchings/KidneyTransplantBenchmarks/normalized-Generated_notes_20140709_1000_0.01-028.opb.xz,26
OPT-LIN/normalized-PB24/pettersson/StableMatchings/KidneyTransplantBenchmarks/normalized-Generated_notes_20140709_1000_0.01-029.opb.xz,26
OPT-LIN/normalized-PB24/pettersson/StableMatchings/KidneyTransplantBenchmarks/normalized-Generated_notes_20140709_1000_0.05-000.opb.xz,26
OPT-LIN/normalized-PB24/pettersson/StableMatchings/KidneyTransplantBenchmarks/normalized-Generated_notes_20140709_1000_0.05-001.opb.xz,26
OPT-LIN/normalized-PB24/pettersson/StableMatchings/KidneyTransplantBenchmarks/normalized-Generated_notes_20140709_1000_0.05-002.opb.xz,26
OPT-LIN/normalized-PB24/pettersson/StableMatchings/KidneyTransplantBenchmarks/normalized-Generated_notes_20140709_1000_0.05-003.opb.xz,26
OPT-LIN/normalized-PB24/pettersson/StableMatchings/KidneyTransplantBenchmarks/normalized-Generated_notes_20140709_1000_0.05-004.opb.xz,25
OPT-LIN/normalized-PB24/pettersson/StableMatchings/KidneyTransplantBenchmarks/normalized-Generated_notes_20140709_1000_0.05-005.opb.xz,25
OPT-LIN/normalized-PB24/pettersson/StableMatchings/KidneyTransplantBenchmarks/normalized-Generated_notes_20140709_1000_0.05-006.opb.xz,26
OPT-LIN/normalized-PB24/pettersson/StableMatchings/KidneyTransplantBenchmarks/normalized-Generated_notes_20140709_1000_0.05-007.opb.xz,25
OPT-LIN/normalized-PB24/pettersson/StableMatchings/KidneyTransplantBenchmarks/normalized-Generated_notes_20140709_1000_0.05-008.opb.xz,25
OPT-LIN/normalized-PB24/pettersson/StableMatchings/KidneyTransplantBenchmarks/normalized-Generated_notes_20140709_1000_0.05-009.opb.xz,26
OPT-LIN/normalized-PB24/pettersson/StableMatchings/KidneyTransplantBenchmarks/normalized-Generated_notes_20140709_1000_0.05-010.opb.xz,26
OPT-LIN/normalized-PB24/pettersson/StableMatchings/KidneyTransplantBenchmarks/normalized-Generated_notes_20140709_1000_0.05-011.opb.xz,25
OPT-LIN/normalized-PB24/pettersson/StableMatchings/KidneyTransplantBenchmarks/normalized-Generated_notes_20140709_1000_0.05-012.opb.xz,25
OPT-LIN/normalized-PB24/pettersson/StableMatchings/KidneyTransplantBenchmarks/normalized-Generated_notes_20140709_1000_0.05-013.opb.xz,26
OPT-LIN/normalized-PB24/pettersson/StableMatchings/KidneyTransplantBenchmarks/normalized-Generated_notes_20140709_1000_0.05-014.opb.xz,26
OPT-LIN/normalized-PB24/pettersson/StableMatchings/KidneyTransplantBenchmarks/normalized-Generated_notes_20140709_1000_0.05-015.opb.xz,25
OPT-LIN/normalized-PB24/pettersson/StableMatchings/KidneyTransplantBenchmarks/normalized-Generated_notes_20140709_1000_0.05-016.opb.xz,26
OPT-LIN/normalized-PB24/pettersson/StableMatchings/KidneyTransplantBenchmarks/normalized-Generated_notes_20140709_1000_0.05-017.opb.xz,26
OPT-LIN/normalized-PB24/pettersson/StableMatchings/KidneyTransplantBenchmarks/normalized-Generated_notes_20140709_1000_0.05-018.opb.xz,26
OPT-LIN/normalized-PB24/pettersson/StableMatchings/KidneyTransplantBenchmarks/normalized-Generated_notes_20140709_1000_0.05-019.opb.xz,26
OPT-LIN/normalized-PB24/pettersson/StableMatchings/KidneyTransplantBenchmarks/normalized-Generated_notes_20140709_1000_0.05-020.opb.xz,26
OPT-LIN/normalized-PB24/pettersson/StableMatchings/KidneyTransplantBenchmarks/normalized-Generated_notes_20140709_1000_0.05-021.opb.xz,26
OPT-LIN/normalized-PB24/pettersson/StableMatchings/KidneyTransplantBenchmarks/normalized-Generated_notes_20140709_1000_0.05-022.opb.xz,26
OPT-LIN/normalized-PB24/pettersson/StableMatchings/KidneyTransplantBenchmarks/normalized-Generated_notes_20140709_1000_0.05-023.opb.xz,26
OPT-LIN/normalized-PB24/pettersson/StableMatchings/KidneyTransplantBenchmarks/normalized-Generated_notes_20140709_1000_0.05-024.opb.xz,25
OPT-LIN/normalized-PB24/pettersson/StableMatchings/KidneyTransplantBenchmarks/normalized-Generated_notes_20140709_1000_0.05-025.opb.xz,25
OPT-LIN/normalized-PB24/pettersson/StableMatchings/KidneyTransplantBenchmarks/normalized-Generated_notes_20140709_1000_0.05-026.opb.xz,26
OPT-LIN/normalized-PB24/pettersson/StableMatchings/KidneyTransplantBenchmarks/normalized-Generated_notes_20140709_1000_0.05-027.opb.xz,25
OPT-LIN/normalized-PB24/pettersson/StableMatchings/KidneyTransplantBenchmarks/normalized-Generated_notes_20140709_1000_0.05-028.opb.xz,25
OPT-LIN/normalized-PB24/pettersson/StableMatchings/KidneyTransplantBenchmarks/normalized-Generated_notes_20140709_1000_0.05-029.opb.xz,26
OPT-LIN/normalized-PB24/pettersson/StableMatchings/KidneyTransplantBenchmarks/normalized-Generated_notes_20140709_1000_0.10-000.opb.xz,26
OPT-LIN/normalized-PB24/pettersson/StableMatchings/KidneyTransplantBenchmarks/normalized-Generated_notes_20140709_1000_0.10-001.opb.xz,26
OPT-LIN/normalized-PB24/pettersson/StableMatchings/KidneyTransplantBenchmarks/normalized-Generated_notes_20140709_1000_0.10-002.opb.xz,26
OPT-LIN/normalized-PB24/pettersson/StableMatchings/KidneyTransplantBenchmarks/normalized-Generated_notes_20140709_1000_0.10-003.opb.xz,26
OPT-LIN/normalized-PB24/pettersson/StableMatchings/KidneyTransplantBenchmarks/normalized-Generated_notes_20140709_1000_0.10-004.opb.xz,25
OPT-LIN/normalized-PB24/pettersson/StableMatchings/KidneyTransplantBenchmarks/normalized-Generated_notes_20140709_1000_0.10-005.opb.xz,26
OPT-LIN/normalized-PB24/pettersson/StableMatchings/KidneyTransplantBenchmarks/normalized-Generated_notes_20140709_1000_0.10-006.opb.xz,26
OPT-LIN/normalized-PB24/pettersson/StableMatchings/KidneyTransplantBenchmarks/normalized-Generated_notes_20140709_1000_0.10-007.opb.xz,26
OPT-LIN/normalized-PB24/pettersson/StableMatchings/KidneyTransplantBenchmarks/normalized-Generated_notes_20140709_1000_0.10-008.opb.xz,26
OPT-LIN/normalized-PB24/pettersson/StableMatchings/KidneyTransplantBenchmarks/normalized-Generated_notes_20140709_1000_0.10-009.opb.xz,26
OPT-LIN/normalized-PB24/pettersson/StableMatchings/KidneyTransplantBenchmarks/normalized-Generated_notes_20140709_1000_0.10-010.opb.xz,26
OPT-LIN/normalized-PB24/pettersson/StableMatchings/KidneyTransplantBenchmarks/normalized-Generated_notes_20140709_1000_0.10-011.opb.xz,26
OPT-LIN/normalized-PB24/pettersson/StableMatchings/KidneyTransplantBenchmarks/normalized-Generated_notes_20140709_1000_0.10-012.opb.xz,26
OPT-LIN/normalized-PB24/pettersson/StableMatchings/KidneyTransplantBenchmarks/normalized-Generated_notes_20140709_1000_0.10-013.opb.xz,26
OPT-LIN/normalized-PB24/pettersson/StableMatchings/KidneyTransplantBenchmarks/normalized-Generated_notes_20140709_1000_0.10-014.opb.xz,25
OPT-LIN/normalized-PB24/pettersson/StableMatchings/KidneyTransplantBenchmarks/normalized-Generated_notes_20140709_1000_0.10-015.opb.xz,26
OPT-LIN/normalized-PB24/pettersson/StableMatchings/KidneyTransplantBenchmarks/normalized-Generated_notes_20140709_1000_0.10-016.opb.xz,26
OPT-LIN/normalized-PB24/pettersson/StableMatchings/KidneyTransplantBenchmarks/normalized-Generated_notes_20140709_1000_0.10-017.opb.xz,26
OPT-LIN/normalized-PB24/pettersson/StableMatchings/KidneyTransplantBenchmarks/normalized-Generated_notes_20140709_1000_0.10-018.opb.xz,26
OPT-LIN/normalized-PB24/pettersson/StableMatchings/KidneyTransplantBenchmarks/normalized-Generated_notes_20140709_1000_0.10-019.opb.xz,26
OPT-LIN/normalized-PB24/pettersson/StableMatchings/KidneyTransplantBenchmarks/normalized-Generated_notes_20140709_1000_0.10-020.opb.xz,26
OPT-LIN/normalized-PB24/pettersson/StableMatchings/KidneyTransplantBenchmarks/normalized-Generated_notes_20140709_1000_0.10-021.opb.xz,26
OPT-LIN/normalized-PB24/pettersson/StableMatchings/KidneyTransplantBenchmarks/normalized-Generated_notes_20140709_1000_0.10-022.opb.xz,26
OPT-LIN/normalized-PB24/pettersson/StableMatchings/KidneyTransplantBenchmarks/normalized-Generated_notes_20140709_1000_0.10-023.opb.xz,26
OPT-LIN/normalized-PB24/pettersson/StableMatchings/KidneyTransplantBenchmarks/normalized-Generated_notes_20140709_1000_0.10-024.opb.xz,26
OPT-LIN/normalized-PB24/pettersson/StableMatchings/KidneyTransplantBenchmarks/normalized-Generated_notes_20140709_1000_0.10-025.opb.xz,26
OPT-LIN/normalized-PB24/pettersson/StableMatchings/KidneyTransplantBenchmarks/normalized-Generated_notes_20140709_1000_0.10-026.opb.xz,26
OPT-LIN/normalized-PB24/pettersson/StableMatchings/KidneyTransplantBenchmarks/normalized-Generated_notes_20140709_1000_0.10-027.opb.xz,26
OPT-LIN/normalized-PB24/pettersson/StableMatchings/KidneyTransplantBenchmarks/normalized-Generated_notes_20140709_1000_0.10-028.opb.xz,26
OPT-LIN/normalized-PB24/pettersson/StableMatchings/KidneyTransplantBenchmarks/normalized-Generated_notes_20140709_1000_0.10-029.opb.xz,26
OPT-LIN/normalized-PB24/pettersson/StableMatchings/KidneyTransplantBenchmarks/normalized-KE_100_000.opb.xz,14
OPT-LIN/normalized-PB24/pettersson/StableMatchings/KidneyTransplantBenchmarks/normalized-KE_100_001.opb.xz,12
OPT-LIN/normalized-PB24/pettersson/StableMatchings/KidneyTransplantBenchmarks/normalized-KE_100_002.opb.xz,16
OPT-LIN/normalized-PB24/pettersson/StableMatchings/KidneyTransplantBenchmarks/normalized-KE_100_003.opb.xz,13
OPT-LIN/normalized-PB24/pettersson/StableMatchings/KidneyTransplantBenchmarks/normalized-KE_100_004.opb.xz,16
OPT-LIN/normalized-PB24/pettersson/StableMatchings/KidneyTransplantBenchmarks/normalized-KE_100_005.opb.xz,16
OPT-LIN/normalized-PB24/pettersson/StableMatchings/KidneyTransplantBenchmarks/normalized-KE_100_006.opb.xz,15
OPT-LIN/normalized-PB24/pettersson/StableMatchings/KidneyTransplantBenchmarks/normalized-KE_100_007.opb.xz,16
OPT-LIN/normalized-PB24/pettersson/StableMatchings/KidneyTransplantBenchmarks/normalized-KE_100_008.opb.xz,16
OPT-LIN/normalized-PB24/pettersson/StableMatchings/KidneyTransplantBenchmarks/normalized-KE_100_009.opb.xz,15
OPT-LIN/normalized-PB24/pettersson/StableMatchings/KidneyTransplantBenchmarks/normalized-KE_110_000.opb.xz,15
OPT-LIN/normalized-PB24/pettersson/StableMatchings/KidneyTransplantBenchmarks/normalized-KE_110_001.opb.xz,15
OPT-LIN/normalized-PB24/pettersson/StableMatchings/KidneyTransplantBenchmarks/normalized-KE_110_002.opb.xz,16
OPT-LIN/normalized-PB24/pettersson/StableMatchings/KidneyTransplantBenchmarks/normalized-KE_110_003.opb.xz,15
OPT-LIN/normalized-PB24/pettersson/StableMatchings/KidneyTransplantBenchmarks/normalized-KE_110_004.opb.xz,16
OPT-LIN/normalized-PB24/pettersson/StableMatchings/KidneyTransplantBenchmarks/normalized-KE_110_005.opb.xz,16
OPT-LIN/normalized-PB24/pettersson/StableMatchings/KidneyTransplantBenchmarks/normalized-KE_110_006.opb.xz,16
OPT-LIN/normalized-PB24/pettersson/StableMatchings/KidneyTransplantBenchmarks/normalized-KE_110_007.opb.xz,15
OPT-LIN/normalized-PB24/pettersson/StableMatchings/KidneyTransplantBenchmarks/normalized-KE_110_008.opb.xz,16
OPT-LIN/normalized-PB24/pettersson/StableMatchings/KidneyTransplantBenchmarks/normalized-KE_110_009.opb.xz,15
OPT-LIN/normalized-PB24/pettersson/StableMatchings/KidneyTransplantBenchmarks/normalized-KE_120_000.opb.xz,15
OPT-LIN/normalized-PB24/pettersson/StableMatchings/KidneyTransplantBenchmarks/normalized-KE_120_001.opb.xz,18
OPT-LIN/normalized-PB24/pettersson/StableMatchings/KidneyTransplantBenchmarks/normalized-KE_120_002.opb.xz,15
OPT-LIN/normalized-PB24/pettersson/StableMatchings/KidneyTransplantBenchmarks/normalized-KE_120_003.opb.xz,16
OPT-LIN/normalized-PB24/pettersson/StableMatchings/KidneyTransplantBenchmarks/normalized-KE_120_004.opb.xz,16
OPT-LIN/normalized-PB24/pettersson/StableMatchings/KidneyTransplantBenchmarks/normalized-KE_120_005.opb.xz,16
OPT-LIN/normalized-PB24/pettersson/StableMatchings/KidneyTransplantBenchmarks/normalized-KE_120_006.opb.xz,16
OPT-LIN/normalized-PB24/pettersson/StableMatchings/KidneyTransplantBenchmarks/normalized-KE_120_007.opb.xz,16
OPT-LIN/normalized-PB24/pettersson/StableMatchings/KidneyTransplantBenchmarks/normalized-KE_120_008.opb.xz,15
OPT-LIN/normalized-PB24/pettersson/StableMatchings/KidneyTransplantBenchmarks/normalized-KE_120_009.opb.xz,16
OPT-LIN/normalized-PB24/pettersson/StableMatchings/KidneyTransplantBenchmarks/normalized-KE_130_000.opb.xz,16
OPT-LIN/normalized-PB24/pettersson/StableMatchings/KidneyTransplantBenchmarks/normalized-KE_130_001.opb.xz,18
OPT-LIN/normalized-PB24/pettersson/StableMatchings/KidneyTransplantBenchmarks/normalized-KE_130_002.opb.xz,16
OPT-LIN/normalized-PB24/pettersson/StableMatchings/KidneyTransplantBenchmarks/normalized-KE_130_003.opb.xz,16
OPT-LIN/normalized-PB24/pettersson/StableMatchings/KidneyTransplantBenchmarks/normalized-KE_130_004.opb.xz,18
OPT-LIN/normalized-PB24/pettersson/StableMatchings/KidneyTransplantBenchmarks/normalized-KE_130_005.opb.xz,16
OPT-LIN/normalized-PB24/pettersson/StableMatchings/KidneyTransplantBenchmarks/normalized-KE_130_006.opb.xz,17
OPT-LIN/normalized-PB24/pettersson/StableMatchings/KidneyTransplantBenchmarks/normalized-KE_130_007.opb.xz,16
OPT-LIN/normalized-PB24/pettersson/StableMatchings/KidneyTransplantBenchmarks/normalized-KE_130_008.opb.xz,17
OPT-LIN/normalized-PB24/pettersson/StableMatchings/KidneyTransplantBenchmarks/normalized-KE_130_009.opb.xz,15
OPT-LIN/normalized-PB24/pettersson/StableMatchings/KidneyTransplantBenchmarks/normalized-KE_140_000.opb.xz,17
OPT-LIN/normalized-PB24/pettersson/StableMatchings/KidneyTransplantBenchmarks/normalized-KE_140_001.opb.xz,18
OPT-LIN/normalized-PB24/pettersson/StableMatchings/KidneyTransplantBenchmarks/normalized-KE_140_002.opb.xz,17
OPT-LIN/normalized-PB24/pettersson/StableMatchings/KidneyTransplantBenchmarks/normalized-KE_140_003.opb.xz,17
OPT-LIN/normalized-PB24/pettersson/StableMatchings/KidneyTransplantBenchmarks/normalized-KE_140_004.opb.xz,17
OPT-LIN/normalized-PB24/pettersson/StableMatchings/KidneyTransplantBenchmarks/normalized-KE_140_005.opb.xz,17
OPT-LIN/normalized-PB24/pettersson/StableMatchings/KidneyTransplantBenchmarks/normalized-KE_140_006.opb.xz,17
OPT-LIN/normalized-PB24/pettersson/StableMatchings/KidneyTransplantBenchmarks/normalized-KE_140_007.opb.xz,16
OPT-LIN/normalized-PB24/pettersson/StableMatchings/KidneyTransplantBenchmarks/normalized-KE_140_008.opb.xz,17
OPT-LIN/normalized-PB24/pettersson/StableMatchings/KidneyTransplantBenchmarks/normalized-KE_140_009.opb.xz,16
OPT-LIN/normalized-PB24/pettersson/StableMatchings/KidneyTransplantBenchmarks/normalized-KE_150_000.opb.xz,17
OPT-LIN/normalized-PB24/pettersson/StableMatchings/KidneyTransplantBenchmarks/normalized-KE_150_001.opb.xz,17
OPT-LIN/normalized-PB24/pettersson/StableMatchings/KidneyTransplantBenchmarks/normalized-KE_150_002.opb.xz,17
OPT-LIN/normalized-PB24/pettersson/StableMatchings/KidneyTransplantBenchmarks/normalized-KE_150_003.opb.xz,18
OPT-LIN/normalized-PB24/pettersson/StableMatchings/KidneyTransplantBenchmarks/normalized-KE_150_004.opb.xz,17
OPT-LIN/normalized-PB24/pettersson/StableMatchings/KidneyTransplantBenchmarks/normalized-KE_150_005.opb.xz,16
OPT-LIN/normalized-PB24/pettersson/StableMatchings/KidneyTransplantBenchmarks/normalized-KE_150_006.opb.xz,17
OPT-LIN/normalized-PB24/pettersson/StableMatchings/KidneyTransplantBenchmarks/normalized-KE_150_007.opb.xz,17
OPT-LIN/normalized-PB24/pettersson/StableMatchings/KidneyTransplantBenchmarks/normalized-KE_150_008.opb.xz,18
OPT-LIN/normalized-PB24/pettersson/StableMatchings/KidneyTransplantBenchmarks/normalized-KE_150_009.opb.xz,18
OPT-LIN/normalized-PB24/pettersson/StableMatchings/KidneyTransplantBenchmarks/normalized-KE_160_000.opb.xz,18
OPT-LIN/normalized-PB24/pettersson/StableMatchings/KidneyTransplantBenchmarks/normalized-KE_160_001.opb.xz,16
OPT-LIN/normalized-PB24/pettersson/StableMatchings/KidneyTransplantBenchmarks/normalized-KE_160_002.opb.xz,17
OPT-LIN/normalized-PB24/pettersson/StableMatchings/KidneyTransplantBenchmarks/normalized-KE_160_003.opb.xz,19
OPT-LIN/normalized-PB24/pettersson/StableMatchings/KidneyTransplantBenchmarks/normalized-KE_160_004.opb.xz,17
OPT-LIN/normalized-PB24/pettersson/StableMatchings/KidneyTransplantBenchmarks/normalized-KE_160_005.opb.xz,18
OPT-LIN/normalized-PB24/pettersson/StableMatchings/KidneyTransplantBenchmarks/normalized-KE_160_006.opb.xz,17
OPT-LIN/normalized-PB24/pettersson/StableMatchings/KidneyTransplantBenchmarks/normalized-KE_160_007.opb.xz,18
OPT-LIN/normalized-PB24/pettersson/StableMatchings/KidneyTransplantBenchmarks/normalized-KE_160_008.opb.xz,18
OPT-LIN/normalized-PB24/pettersson/StableMatchings/KidneyTransplantBenchmarks/normalized-KE_160_009.opb.xz,18
OPT-LIN/normalized-PB24/pettersson/StableMatchings/KidneyTransplantBenchmarks/normalized-KE_170_000.opb.xz,17
OPT-LIN/normalized-PB24/pettersson/StableMatchings/KidneyTransplantBenchmarks/normalized-KE_170_001.opb.xz,18
OPT-LIN/normalized-PB24/pettersson/StableMatchings/KidneyTransplantBenchmarks/normalized-KE_170_002.opb.xz,16
OPT-LIN/normalized-PB24/pettersson/StableMatchings/KidneyTransplantBenchmarks/normalized-KE_170_003.opb.xz,18
OPT-LIN/normalized-PB24/pettersson/StableMatchings/KidneyTransplantBenchmarks/normalized-KE_170_004.opb.xz,15
OPT-LIN/normalized-PB24/pettersson/StableMatchings/KidneyTransplantBenchmarks/normalized-KE_170_005.opb.xz,18
OPT-LIN/normalized-PB24/pettersson/StableMatchings/KidneyTransplantBenchmarks/normalized-KE_170_006.opb.xz,19
OPT-LIN/normalized-PB24/pettersson/StableMatchings/KidneyTransplantBenchmarks/normalized-KE_170_007.opb.xz,18
OPT-LIN/normalized-PB24/pettersson/StableMatchings/KidneyTransplantBenchmarks/normalized-KE_170_008.opb.xz,17
OPT-LIN/normalized-PB24/pettersson/StableMatchings/KidneyTransplantBenchmarks/normalized-KE_170_009.opb.xz,18
OPT-LIN/normalized-PB24/pettersson/StableMatchings/KidneyTransplantBenchmarks/normalized-KE_180_000.opb.xz,17
OPT-LIN/normalized-PB24/pettersson/StableMatchings/KidneyTransplantBenchmarks/normalized-KE_180_001.opb.xz,19
OPT-LIN/normalized-PB24/pettersson/StableMatchings/KidneyTransplantBenchmarks/normalized-KE_180_002.opb.xz,17
OPT-LIN/normalized-PB24/pettersson/StableMatchings/KidneyTransplantBenchmarks/normalized-KE_180_003.opb.xz,18
OPT-LIN/normalized-PB24/pettersson/StableMatchings/KidneyTransplantBenchmarks/normalized-KE_180_004.opb.xz,17
OPT-LIN/normalized-PB24/pettersson/StableMatchings/KidneyTransplantBenchmarks/normalized-KE_180_005.opb.xz,18
OPT-LIN/normalized-PB24/pettersson/StableMatchings/KidneyTransplantBenchmarks/normalized-KE_180_006.opb.xz,17
OPT-LIN/normalized-PB24/pettersson/StableMatchings/KidneyTransplantBenchmarks/normalized-KE_180_007.opb.xz,18
OPT-LIN/normalized-PB24/pettersson/StableMatchings/KidneyTransplantBenchmarks/normalized-KE_180_008.opb.xz,18
OPT-LIN/normalized-PB24/pettersson/StableMatchings/KidneyTransplantBenchmarks/normalized-KE_180_009.opb.xz,19
OPT-LIN/normalized-PB24/pettersson/StableMatchings/KidneyTransplantBenchmarks/normalized-KE_190_000.opb.xz,18
OPT-LIN/normalized-PB24/pettersson/StableMatchings/KidneyTransplantBenchmarks/normalized-KE_190_001.opb.xz,19
OPT-LIN/normalized-PB24/pettersson/StableMatchings/KidneyTransplantBenchmarks/normalized-KE_190_002.opb.xz,19
OPT-LIN/normalized-PB24/pettersson/StableMatchings/KidneyTransplantBenchmarks/normalized-KE_190_003.opb.xz,19
OPT-LIN/normalized-PB24/pettersson/StableMatchings/KidneyTransplantBenchmarks/normalized-KE_190_004.opb.xz,18
OPT-LIN/normalized-PB24/pettersson/StableMatchings/KidneyTransplantBenchmarks/normalized-KE_190_005.opb.xz,18
OPT-LIN/normalized-PB24/pettersson/StableMatchings/KidneyTransplantBenchmarks/normalized-KE_190_006.opb.xz,18
OPT-LIN/normalized-PB24/pettersson/StableMatchings/KidneyTransplantBenchmarks/normalized-KE_190_007.opb.xz,17
OPT-LIN/normalized-PB24/pettersson/StableMatchings/KidneyTransplantBenchmarks/normalized-KE_190_008.opb.xz,19
OPT-LIN/normalized-PB24/pettersson/StableMatchings/KidneyTransplantBenchmarks/normalized-KE_190_009.opb.xz,19
OPT-LIN/normalized-PB24/pettersson/StableMatchings/KidneyTransplantBenchmarks/normalized-KE_200_000.opb.xz,19
OPT-LIN/normalized-PB24/pettersson/StableMatchings/KidneyTransplantBenchmarks/normalized-KE_200_001.opb.xz,18
OPT-LIN/normalized-PB24/pettersson/StableMatchings/KidneyTransplantBenchmarks/normalized-KE_200_002.opb.xz,19
OPT-LIN/normalized-PB24/pettersson/StableMatchings/KidneyTransplantBenchmarks/normalized-KE_200_003.opb.xz,19
OPT-LIN/normalized-PB24/pettersson/StableMatchings/KidneyTransplantBenchmarks/normalized-KE_200_004.opb.xz,19
OPT-LIN/normalized-PB24/pettersson/StableMatchings/KidneyTransplantBenchmarks/normalized-KE_200_005.opb.xz,18
OPT-LIN/normalized-PB24/pettersson/StableMatchings/KidneyTransplantBenchmarks/normalized-KE_200_006.opb.xz,19
OPT-LIN/normalized-PB24/pettersson/StableMatchings/KidneyTransplantBenchmarks/normalized-KE_200_007.opb.xz,19
OPT-LIN/normalized-PB24/pettersson/StableMatchings/KidneyTransplantBenchmarks/normalized-KE_200_008.opb.xz,18
OPT-LIN/normalized-PB24/pettersson/StableMatchings/KidneyTransplantBenchmarks/normalized-KE_200_009.opb.xz,17
OPT-LIN/normalized-PB24/pettersson/StableMatchings/KidneyTransplantBenchmarks/normalized-KE_210_000.opb.xz,19
OPT-LIN/normalized-PB24/pettersson/StableMatchings/KidneyTransplantBenchmarks/normalized-KE_210_001.opb.xz,19
OPT-LIN/normalized-PB24/pettersson/StableMatchings/KidneyTransplantBenchmarks/normalized-KE_210_002.opb.xz,17
OPT-LIN/normalized-PB24/pettersson/StableMatchings/KidneyTransplantBenchmarks/normalized-KE_210_003.opb.xz,18
OPT-LIN/normalized-PB24/pettersson/StableMatchings/KidneyTransplantBenchmarks/normalized-KE_210_004.opb.xz,19
OPT-LIN/normalized-PB24/pettersson/StableMatchings/KidneyTransplantBenchmarks/normalized-KE_210_005.opb.xz,19
OPT-LIN/normalized-PB24/pettersson/StableMatchings/KidneyTransplantBenchmarks/normalized-KE_210_006.opb.xz,19
OPT-LIN/normalized-PB24/pettersson/StableMatchings/KidneyTransplantBenchmarks/normalized-KE_210_007.opb.xz,18
OPT-LIN/normalized-PB24/pettersson/StableMatchings/KidneyTransplantBenchmarks/normalized-KE_210_008.opb.xz,20
OPT-LIN/normalized-PB24/pettersson/StableMatchings/KidneyTransplantBenchmarks/normalized-KE_210_009.opb.xz,19
OPT-LIN/normalized-PB24/pettersson/StableMatchings/KidneyTransplantBenchmarks/normalized-KE_220_000.opb.xz,19
OPT-LIN/normalized-PB24/pettersson/StableMatchings/KidneyTransplantBenchmarks/normalized-KE_220_001.opb.xz,20
OPT-LIN/normalized-PB24/pettersson/StableMatchings/KidneyTransplantBenchmarks/normalized-KE_220_002.opb.xz,18
OPT-LIN/normalized-PB24/pettersson/StableMatchings/KidneyTransplantBenchmarks/normalized-KE_220_003.opb.xz,18
OPT-LIN/normalized-PB24/pettersson/StableMatchings/KidneyTransplantBenchmarks/normalized-KE_220_004.opb.xz,19
OPT-LIN/normalized-PB24/pettersson/StableMatchings/KidneyTransplantBenchmarks/normalized-KE_220_005.opb.xz,18
OPT-LIN/normalized-PB24/pettersson/StableMatchings/KidneyTransplantBenchmarks/normalized-KE_220_006.opb.xz,19
OPT-LIN/normalized-PB24/pettersson/StableMatchings/KidneyTransplantBenchmarks/normalized-KE_220_007.opb.xz,19
OPT-LIN/normalized-PB24/pettersson/StableMatchings/KidneyTransplantBenchmarks/normalized-KE_220_008.opb.xz,19
OPT-LIN/normalized-PB24/pettersson/StableMatchings/KidneyTransplantBenchmarks/normalized-KE_220_009.opb.xz,18
OPT-LIN/normalized-PB24/pettersson/StableMatchings/KidneyTransplantBenchmarks/normalized-KE_230_000.opb.xz,20
OPT-LIN/normalized-PB24/pettersson/StableMatchings/KidneyTransplantBenchmarks/normalized-KE_230_001.opb.xz,20
OPT-LIN/normalized-PB24/pettersson/StableMatchings/KidneyTransplantBenchmarks/normalized-KE_230_002.opb.xz,20
OPT-LIN/normalized-PB24/pettersson/StableMatchings/KidneyTransplantBenchmarks/normalized-KE_230_003.opb.xz,19
OPT-LIN/normalized-PB24/pettersson/StableMatchings/KidneyTransplantBenchmarks/normalized-KE_230_004.opb.xz,20
OPT-LIN/normalized-PB24/pettersson/StableMatchings/KidneyTransplantBenchmarks/normalized-KE_230_005.opb.xz,20
OPT-LIN/normalized-PB24/pettersson/StableMatchings/KidneyTransplantBenchmarks/normalized-KE_230_006.opb.xz,19
OPT-LIN/normalized-PB24/pettersson/StableMatchings/KidneyTransplantBenchmarks/normalized-KE_230_007.opb.xz,19
OPT-LIN/normalized-PB24/pettersson/StableMatchings/KidneyTransplantBenchmarks/normalized-KE_230_008.opb.xz,20
OPT-LIN/normalized-PB24/pettersson/StableMatchings/KidneyTransplantBenchmarks/normalized-KE_230_009.opb.xz,18
OPT-LIN/normalized-PB24/pettersson/StableMatchings/KidneyTransplantBenchmarks/normalized-KE_240_000.opb.xz,19
OPT-LIN/normalized-PB24/pettersson/StableMatchings/KidneyTransplantBenchmarks/normalized-KE_240_001.opb.xz,20
OPT-LIN/normalized-PB24/pettersson/StableMatchings/KidneyTransplantBenchmarks/normalized-KE_240_002.opb.xz,20
OPT-LIN/normalized-PB24/pettersson/StableMatchings/KidneyTransplantBenchmarks/normalized-KE_240_003.opb.xz,19
OPT-LIN/normalized-PB24/pettersson/StableMatchings/KidneyTransplantBenchmarks/normalized-KE_240_004.opb.xz,19
OPT-LIN/normalized-PB24/pettersson/StableMatchings/KidneyTransplantBenchmarks/normalized-KE_240_005.opb.xz,18
OPT-LIN/normalized-PB24/pettersson/StableMatchings/KidneyTransplantBenchmarks/normalized-KE_240_006.opb.xz,19
OPT-LIN/normalized-PB24/pettersson/StableMatchings/KidneyTransplantBenchmarks/normalized-KE_240_007.opb.xz,20
OPT-LIN/normalized-PB24/pettersson/StableMatchings/KidneyTransplantBenchmarks/normalized-KE_240_008.opb.xz,19
OPT-LIN/normalized-PB24/pettersson/StableMatchings/KidneyTransplantBenchmarks/normalized-KE_240_009.opb.xz,20
OPT-LIN/normalized-PB24/pettersson/StableMatchings/KidneyTransplantBenchmarks/normalized-KE_250_000.opb.xz,20
OPT-LIN/normalized-PB24/pettersson/StableMatchings/KidneyTransplantBenchmarks/normalized-KE_250_001.opb.xz,20
OPT-LIN/normalized-PB24/pettersson/StableMatchings/KidneyTransplantBenchmarks/normalized-KE_250_002.opb.xz,19
OPT-LIN/normalized-PB24/pettersson/StableMatchings/KidneyTransplantBenchmarks/normalized-KE_250_003.opb.xz,19
OPT-LIN/normalized-PB24/pettersson/StableMatchings/KidneyTransplantBenchmarks/normalized-KE_250_004.opb.xz,19
OPT-LIN/normalized-PB24/pettersson/StableMatchings/KidneyTransplantBenchmarks/normalized-KE_250_005.opb.xz,20
OPT-LIN/normalized-PB24/pettersson/StableMatchings/KidneyTransplantBenchmarks/normalized-KE_250_006.opb.xz,19
OPT-LIN/normalized-PB24/pettersson/StableMatchings/KidneyTransplantBenchmarks/normalized-KE_250_007.opb.xz,18
OPT-LIN/normalized-PB24/pettersson/StableMatchings/KidneyTransplantBenchmarks/normalized-KE_250_008.opb.xz,19
OPT-LIN/normalized-PB24/pettersson/StableMatchings/KidneyTransplantBenchmarks/normalized-KE_250_009.opb.xz,19
OPT-LIN/normalized-PB24/pettersson/StableMatchings/KidneyTransplantBenchmarks/normalized-KE_260_000.opb.xz,19
OPT-LIN/normalized-PB24/pettersson/StableMatchings/KidneyTransplantBenchmarks/normalized-KE_260_001.opb.xz,20
OPT-LIN/normalized-PB24/pettersson/StableMatchings/KidneyTransplantBenchmarks/normalized-KE_260_002.opb.xz,19
OPT-LIN/normalized-PB24/pettersson/StableMatchings/KidneyTransplantBenchmarks/normalized-KE_260_003.opb.xz,19
OPT-LIN/normalized-PB24/pettersson/StableMatchings/KidneyTransplantBenchmarks/normalized-KE_260_004.opb.xz,19
OPT-LIN/normalized-PB24/pettersson/StableMatchings/KidneyTransplantBenchmarks/normalized-KE_260_005.opb.xz,19
OPT-LIN/normalized-PB24/pettersson/StableMatchings/KidneyTransplantBenchmarks/normalized-KE_260_006.opb.xz,20
OPT-LIN/normalized-PB24/pettersson/StableMatchings/KidneyTransplantBenchmarks/normalized-KE_260_007.opb.xz,20
OPT-LIN/normalized-PB24/pettersson/StableMatchings/KidneyTransplantBenchmarks/normalized-KE_260_008.opb.xz,19
OPT-LIN/normalized-PB24/pettersson/StableMatchings/KidneyTransplantBenchmarks/normalized-KE_260_009.opb.xz,20
OPT-LIN/normalized-PB24/pettersson/StableMatchings/KidneyTransplantBenchmarks/normalized-KE_270_000.opb.xz,20
OPT-LIN/normalized-PB24/pettersson/StableMatchings/KidneyTransplantBenchmarks/normalized-KE_270_001.opb.xz,20
OPT-LIN/normalized-PB24/pettersson/StableMatchings/KidneyTransplantBenchmarks/normalized-KE_270_002.opb.xz,20
OPT-LIN/normalized-PB24/pettersson/StableMatchings/KidneyTransplantBenchmarks/normalized-KE_270_003.opb.xz,20
OPT-LIN/normalized-PB24/pettersson/StableMatchings/KidneyTransplantBenchmarks/normalized-KE_270_004.opb.xz,20
OPT-LIN/normalized-PB24/pettersson/StableMatchings/KidneyTransplantBenchmarks/normalized-KE_270_005.opb.xz,20
OPT-LIN/normalized-PB24/pettersson/StableMatchings/KidneyTransplantBenchmarks/normalized-KE_270_006.opb.xz,20
OPT-LIN/normalized-PB24/pettersson/StableMatchings/KidneyTransplantBenchmarks/normalized-KE_270_007.opb.xz,20
OPT-LIN/normalized-PB24/pettersson/StableMatchings/KidneyTransplantBenchmarks/normalized-KE_270_008.opb.xz,20
OPT-LIN/normalized-PB24/pettersson/StableMatchings/KidneyTransplantBenchmarks/normalized-KE_270_009.opb.xz,19
OPT-LIN/normalized-PB24/pettersson/StableMatchings/KidneyTransplantBenchmarks/normalized-KE_280_000.opb.xz,19
OPT-LIN/normalized-PB24/pettersson/StableMatchings/KidneyTransplantBenchmarks/normalized-KE_280_001.opb.xz,19
OPT-LIN/normalized-PB24/pettersson/StableMatchings/KidneyTransplantBenchmarks/normalized-KE_280_002.opb.xz,20
OPT-LIN/normalized-PB24/pettersson/StableMatchings/KidneyTransplantBenchmarks/normalized-KE_280_003.opb.xz,20
OPT-LIN/normalized-PB24/pettersson/StableMatchings/KidneyTransplantBenchmarks/normalized-KE_280_004.opb.xz,21
OPT-LIN/normalized-PB24/pettersson/StableMatchings/KidneyTransplantBenchmarks/normalized-KE_280_005.opb.xz,20
OPT-LIN/normalized-PB24/pettersson/StableMatchings/KidneyTransplantBenchmarks/normalized-KE_280_006.opb.xz,20
OPT-LIN/normalized-PB24/pettersson/StableMatchings/KidneyTransplantBenchmarks/normalized-KE_280_007.opb.xz,20
OPT-LIN/normalized-PB24/pettersson/StableMatchings/KidneyTransplantBenchmarks/normalized-KE_280_008.opb.xz,19
OPT-LIN/normalized-PB24/pettersson/StableMatchings/KidneyTransplantBenchmarks/normalized-KE_280_009.opb.xz,21
OPT-LIN/normalized-PB24/pettersson/StableMatchings/KidneyTransplantBenchmarks/normalized-KE_290_000.opb.xz,20
OPT-LIN/normalized-PB24/pettersson/StableMatchings/KidneyTransplantBenchmarks/normalized-KE_290_001.opb.xz,20
OPT-LIN/normalized-PB24/pettersson/StableMatchings/KidneyTransplantBenchmarks/normalized-KE_290_002.opb.xz,20
OPT-LIN/normalized-PB24/pettersson/StableMatchings/KidneyTransplantBenchmarks/normalized-KE_290_003.opb.xz,20
OPT-LIN/normalized-PB24/pettersson/StableMatchings/KidneyTransplantBenchmarks/normalized-KE_290_004.opb.xz,20
OPT-LIN/normalized-PB24/pettersson/StableMatchings/KidneyTransplantBenchmarks/normalized-KE_290_005.opb.xz,20
OPT-LIN/normalized-PB24/pettersson/StableMatchings/KidneyTransplantBenchmarks/normalized-KE_290_006.opb.xz,20
OPT-LIN/normalized-PB24/pettersson/StableMatchings/KidneyTransplantBenchmarks/normalized-KE_290_007.opb.xz,20
OPT-LIN/normalized-PB24/pettersson/StableMatchings/KidneyTransplantBenchmarks/normalized-KE_290_008.opb.xz,20
OPT-LIN/normalized-PB24/pettersson/StableMatchings/KidneyTransplantBenchmarks/normalized-KE_290_009.opb.xz,21
OPT-LIN/normalized-PB24/pettersson/StableMatchings/KidneyTransplantBenchmarks/normalized-KE_300_000.opb.xz,20
OPT-LIN/normalized-PB24/pettersson/StableMatchings/KidneyTransplantBenchmarks/normalized-KE_300_001.opb.xz,19
OPT-LIN/normalized-PB24/pettersson/StableMatchings/KidneyTransplantBenchmarks/normalized-KE_300_002.opb.xz,20
OPT-LIN/normalized-PB24/pettersson/StableMatchings/KidneyTransplantBenchmarks/normalized-KE_300_003.opb.xz,19
OPT-LIN/normalized-PB24/pettersson/StableMatchings/KidneyTransplantBenchmarks/normalized-KE_300_004.opb.xz,20
OPT-LIN/normalized-PB24/pettersson/StableMatchings/KidneyTransplantBenchmarks/normalized-KE_300_005.opb.xz,20
OPT-LIN/normalized-PB24/pettersson/StableMatchings/KidneyTransplantBenchmarks/normalized-KE_300_006.opb.xz,20
OPT-LIN/normalized-PB24/pettersson/StableMatchings/KidneyTransplantBenchmarks/normalized-KE_300_007.opb.xz,20
OPT-LIN/normalized-PB24/pettersson/StableMatchings/KidneyTransplantBenchmarks/normalized-KE_300_008.opb.xz,20
OPT-LIN/normalized-PB24/pettersson/StableMatchings/KidneyTransplantBenchmarks/normalized-KE_300_009.opb.xz,21
OPT-LIN/normalized-PB24/pettersson/StableMatchings/KidneyTransplantBenchmarks/normalized-KE_310_000.opb.xz,20
OPT-LIN/normalized-PB24/pettersson/StableMatchings/KidneyTransplantBenchmarks/normalized-KE_310_001.opb.xz,19
OPT-LIN/normalized-PB24/pettersson/StableMatchings/KidneyTransplantBenchmarks/normalized-KE_310_002.opb.xz,21
OPT-LIN/normalized-PB24/pettersson/StableMatchings/KidneyTransplantBenchmarks/normalized-KE_310_003.opb.xz,20
OPT-LIN/normalized-PB24/pettersson/StableMatchings/KidneyTransplantBenchmarks/normalized-KE_310_004.opb.xz,21
OPT-LIN/normalized-PB24/pettersson/StableMatchings/KidneyTransplantBenchmarks/normalized-KE_310_005.opb.xz,20
OPT-LIN/normalized-PB24/pettersson/StableMatchings/KidneyTransplantBenchmarks/normalized-KE_310_006.opb.xz,21
OPT-LIN/normalized-PB24/pettersson/StableMatchings/KidneyTransplantBenchmarks/normalized-KE_310_007.opb.xz,21
OPT-LIN/normalized-PB24/pettersson/StableMatchings/KidneyTransplantBenchmarks/normalized-KE_310_008.opb.xz,20
OPT-LIN/normalized-PB24/pettersson/StableMatchings/KidneyTransplantBenchmarks/normalized-KE_310_009.opb.xz,20
OPT-LIN/normalized-PB24/pettersson/StableMatchings/KidneyTransplantBenchmarks/normalized-KE_320_000.opb.xz,20
OPT-LIN/normalized-PB24/pettersson/StableMatchings/KidneyTransplantBenchmarks/normalized-KE_320_001.opb.xz,20
OPT-LIN/normalized-PB24/pettersson/StableMatchings/KidneyTransplantBenchmarks/normalized-KE_320_002.opb.xz,21
OPT-LIN/normalized-PB24/pettersson/StableMatchings/KidneyTransplantBenchmarks/normalized-KE_320_003.opb.xz,21
OPT-LIN/normalized-PB24/pettersson/StableMatchings/KidneyTransplantBenchmarks/normalized-KE_320_004.opb.xz,21
OPT-LIN/normalized-PB24/pettersson/StableMatchings/KidneyTransplantBenchmarks/normalized-KE_320_005.opb.xz,21
OPT-LIN/normalized-PB24/pettersson/StableMatchings/KidneyTransplantBenchmarks/normalized-KE_320_006.opb.xz,20
OPT-LIN/normalized-PB24/pettersson/StableMatchings/KidneyTransplantBenchmarks/normalized-KE_320_007.opb.xz,20
OPT-LIN/normalized-PB24/pettersson/StableMatchings/KidneyTransplantBenchmarks/normalized-KE_320_008.opb.xz,20
OPT-LIN/normalized-PB24/pettersson/StableMatchings/KidneyTransplantBenchmarks/normalized-KE_320_009.opb.xz,21
OPT-LIN/normalized-PB24/pettersson/StableMatchings/KidneyTransplantBenchmarks/normalized-KE_330_000.opb.xz,21
OPT-LIN/normalized-PB24/pettersson/StableMatchings/KidneyTransplantBenchmarks/normalized-KE_330_001.opb.xz,21
OPT-LIN/normalized-PB24/pettersson/StableMatchings/KidneyTransplantBenchmarks/normalized-KE_330_002.opb.xz,20
OPT-LIN/normalized-PB24/pettersson/StableMatchings/KidneyTransplantBenchmarks/normalized-KE_330_003.opb.xz,21
OPT-LIN/normalized-PB24/pettersson/StableMatchings/KidneyTransplantBenchmarks/normalized-KE_330_004.opb.xz,21
OPT-LIN/normalized-PB24/pettersson/StableMatchings/KidneyTransplantBenchmarks/normalized-KE_330_005.opb.xz,21
OPT-LIN/normalized-PB24/pettersson/StableMatchings/KidneyTransplantBenchmarks/normalized-KE_330_006.opb.xz,21
OPT-LIN/normalized-PB24/pettersson/StableMatchings/KidneyTransplantBenchmarks/normalized-KE_330_007.opb.xz,21
OPT-LIN/normalized-PB24/pettersson/StableMatchings/KidneyTransplantBenchmarks/normalized-KE_330_008.opb.xz,21
OPT-LIN/normalized-PB24/pettersson/StableMatchings/KidneyTransplantBenchmarks/normalized-KE_330_009.opb.xz,19
OPT-LIN/normalized-PB24/pettersson/StableMatchings/KidneyTransplantBenchmarks/normalized-KE_340_000.opb.xz,20
OPT-LIN/normalized-PB24/pettersson/StableMatchings/KidneyTransplantBenchmarks/normalized-KE_340_001.opb.xz,21
OPT-LIN/normalized-PB24/pettersson/StableMatchings/KidneyTransplantBenchmarks/normalized-KE_340_002.opb.xz,21
OPT-LIN/normalized-PB24/pettersson/StableMatchings/KidneyTransplantBenchmarks/normalized-KE_340_003.opb.xz,21
OPT-LIN/normalized-PB24/pettersson/StableMatchings/KidneyTransplantBenchmarks/normalized-KE_340_004.opb.xz,20
OPT-LIN/normalized-PB24/pettersson/StableMatchings/KidneyTransplantBenchmarks/normalized-KE_340_005.opb.xz,21
OPT-LIN/normalized-PB24/pettersson/StableMatchings/KidneyTransplantBenchmarks/normalized-KE_340_006.opb.xz,21
OPT-LIN/normalized-PB24/pettersson/StableMatchings/KidneyTransplantBenchmarks/normalized-KE_340_007.opb.xz,20
OPT-LIN/normalized-PB24/pettersson/StableMatchings/KidneyTransplantBenchmarks/normalized-KE_340_008.opb.xz,21
OPT-LIN/normalized-PB24/pettersson/StableMatchings/KidneyTransplantBenchmarks/normalized-KE_340_009.opb.xz,21
OPT-LIN/normalized-PB24/pettersson/StableMatchings/KidneyTransplantBenchmarks/normalized-KE_350_000.opb.xz,20
OPT-LIN/normalized-PB24/pettersson/StableMatchings/KidneyTransplantBenchmarks/normalized-KE_350_001.opb.xz,20
OPT-LIN/normalized-PB24/pettersson/StableMatchings/KidneyTransplantBenchmarks/normalized-KE_350_002.opb.xz,21
OPT-LIN/normalized-PB24/pettersson/StableMatchings/KidneyTransplantBenchmarks/normalized-KE_350_003.opb.xz,22
OPT-LIN/normalized-PB24/pettersson/StableMatchings/KidneyTransplantBenchmarks/normalized-KE_350_004.opb.xz,20
OPT-LIN/normalized-PB24/pettersson/StableMatchings/KidneyTransplantBenchmarks/normalized-KE_350_005.opb.xz,20
OPT-LIN/normalized-PB24/pettersson/StableMatchings/KidneyTransplantBenchmarks/normalized-KE_350_006.opb.xz,21
OPT-LIN/normalized-PB24/pettersson/StableMatchings/KidneyTransplantBenchmarks/normalized-KE_350_007.opb.xz,21
OPT-LIN/normalized-PB24/pettersson/StableMatchings/KidneyTransplantBenchmarks/normalized-KE_350_008.opb.xz,21
OPT-LIN/normalized-PB24/pettersson/StableMatchings/KidneyTransplantBenchmarks/normalized-KE_350_009.opb.xz,20
OPT-LIN/normalized-PB24/pettersson/StableMatchings/KidneyTransplantBenchmarks/normalized-KE_360_000.opb.xz,21
OPT-LIN/normalized-PB24/pettersson/StableMatchings/KidneyTransplantBenchmarks/normalized-KE_360_001.opb.xz,21
OPT-LIN/normalized-PB24/pettersson/StableMatchings/KidneyTransplantBenchmarks/normalized-KE_360_002.opb.xz,21
OPT-LIN/normalized-PB24/pettersson/StableMatchings/KidneyTransplantBenchmarks/normalized-KE_360_003.opb.xz,21
OPT-LIN/normalized-PB24/pettersson/StableMatchings/KidneyTransplantBenchmarks/normalized-KE_360_004.opb.xz,21
OPT-LIN/normalized-PB24/pettersson/StableMatchings/KidneyTransplantBenchmarks/normalized-KE_360_005.opb.xz,22
OPT-LIN/normalized-PB24/pettersson/StableMatchings/KidneyTransplantBenchmarks/normalized-KE_360_006.opb.xz,21
OPT-LIN/normalized-PB24/pettersson/StableMatchings/KidneyTransplantBenchmarks/normalized-KE_360_007.opb.xz,22
OPT-LIN/normalized-PB24/pettersson/StableMatchings/KidneyTransplantBenchmarks/normalized-KE_360_008.opb.xz,22
OPT-LIN/normalized-PB24/pettersson/StableMatchings/KidneyTransplantBenchmarks/normalized-KE_360_009.opb.xz,21
OPT-LIN/normalized-PB24/pettersson/StableMatchings/KidneyTransplantBenchmarks/normalized-KE_370_000.opb.xz,21
OPT-LIN/normalized-PB24/pettersson/StableMatchings/KidneyTransplantBenchmarks/normalized-KE_370_001.opb.xz,21
OPT-LIN/normalized-PB24/pettersson/StableMatchings/KidneyTransplantBenchmarks/normalized-KE_370_002.opb.xz,21
OPT-LIN/normalized-PB24/pettersson/StableMatchings/KidneyTransplantBenchmarks/normalized-KE_370_003.opb.xz,21
OPT-LIN/normalized-PB24/pettersson/StableMatchings/KidneyTransplantBenchmarks/normalized-KE_370_004.opb.xz,21
OPT-LIN/normalized-PB24/pettersson/StableMatchings/KidneyTransplantBenchmarks/normalized-KE_370_005.opb.xz,21
OPT-LIN/normalized-PB24/pettersson/StableMatchings/KidneyTransplantBenchmarks/normalized-KE_370_006.opb.xz,21
OPT-LIN/normalized-PB24/pettersson/StableMatchings/KidneyTransplantBenchmarks/normalized-KE_370_007.opb.xz,21
OPT-LIN/normalized-PB24/pettersson/StableMatchings/KidneyTransplantBenchmarks/normalized-KE_370_008.opb.xz,20
OPT-LIN/normalized-PB24/pettersson/StableMatchings/KidneyTransplantBenchmarks/normalized-KE_370_009.opb.xz,20
OPT-LIN/normalized-PB24/pettersson/StableMatchings/KidneyTransplantBenchmarks/normalized-KE_380_000.opb.xz,21
OPT-LIN/normalized-PB24/pettersson/StableMatchings/KidneyTransplantBenchmarks/normalized-KE_380_001.opb.xz,20
OPT-LIN/normalized-PB24/pettersson/StableMatchings/KidneyTransplantBenchmarks/normalized-KE_380_002.opb.xz,21
OPT-LIN/normalized-PB24/pettersson/StableMatchings/KidneyTransplantBenchmarks/normalized-KE_380_003.opb.xz,21
OPT-LIN/normalized-PB24/pettersson/StableMatchings/KidneyTransplantBenchmarks/normalized-KE_380_004.opb.xz,22
OPT-LIN/normalized-PB24/pettersson/StableMatchings/KidneyTransplantBenchmarks/normalized-KE_380_005.opb.xz,22
OPT-LIN/normalized-PB24/pettersson/StableMatchings/KidneyTransplantBenchmarks/normalized-KE_380_006.opb.xz,22
OPT-LIN/normalized-PB24/pettersson/StableMatchings/KidneyTransplantBenchmarks/normalized-KE_380_007.opb.xz,21
OPT-LIN/normalized-PB24/pettersson/StableMatchings/KidneyTransplantBenchmarks/normalized-KE_380_008.opb.xz,21
OPT-LIN/normalized-PB24/pettersson/StableMatchings/KidneyTransplantBenchmarks/normalized-KE_380_009.opb.xz,20
OPT-LIN/normalized-PB24/pettersson/StableMatchings/KidneyTransplantBenchmarks/normalized-KE_390_000.opb.xz,21
OPT-LIN/normalized-PB24/pettersson/StableMatchings/KidneyTransplantBenchmarks/normalized-KE_390_001.opb.xz,21
OPT-LIN/normalized-PB24/pettersson/StableMatchings/KidneyTransplantBenchmarks/normalized-KE_390_002.opb.xz,21
OPT-LIN/normalized-PB24/pettersson/StableMatchings/KidneyTransplantBenchmarks/normalized-KE_390_003.opb.xz,21
OPT-LIN/normalized-PB24/pettersson/StableMatchings/KidneyTransplantBenchmarks/normalized-KE_390_004.opb.xz,22
OPT-LIN/normalized-PB24/pettersson/StableMatchings/KidneyTransplantBenchmarks/normalized-KE_390_005.opb.xz,21
OPT-LIN/normalized-PB24/pettersson/StableMatchings/KidneyTransplantBenchmarks/normalized-KE_390_006.opb.xz,22
OPT-LIN/normalized-PB24/pettersson/StableMatchings/KidneyTransplantBenchmarks/normalized-KE_390_007.opb.xz,22
OPT-LIN/normalized-PB24/pettersson/StableMatchings/KidneyTransplantBenchmarks/normalized-KE_390_008.opb.xz,22
OPT-LIN/normalized-PB24/pettersson/StableMatchings/KidneyTransplantBenchmarks/normalized-KE_390_009.opb.xz,21
OPT-LIN/normalized-PB24/pettersson/StableMatchings/KidneyTransplantBenchmarks/normalized-KE_400_000.opb.xz,21
OPT-LIN/normalized-PB24/pettersson/StableMatchings/KidneyTransplantBenchmarks/normalized-KE_400_001.opb.xz,21
OPT-LIN/normalized-PB24/pettersson/StableMatchings/KidneyTransplantBenchmarks/normalized-KE_400_002.opb.xz,21
OPT-LIN/normalized-PB24/pettersson/StableMatchings/KidneyTransplantBenchmarks/normalized-KE_400_003.opb.xz,21
OPT-LIN/normalized-PB24/pettersson/StableMatchings/KidneyTransplantBenchmarks/normalized-KE_400_004.opb.xz,21
OPT-LIN/normalized-PB24/pettersson/StableMatchings/KidneyTransplantBenchmarks/normalized-KE_400_005.opb.xz,22
OPT-LIN/normalized-PB24/pettersson/StableMatchings/KidneyTransplantBenchmarks/normalized-KE_400_006.opb.xz,22
OPT-LIN/normalized-PB24/pettersson/StableMatchings/KidneyTransplantBenchmarks/normalized-KE_400_007.opb.xz,21
OPT-LIN/normalized-PB24/pettersson/StableMatchings/KidneyTransplantBenchmarks/normalized-KE_400_008.opb.xz,21
OPT-LIN/normalized-PB24/pettersson/StableMatchings/KidneyTransplantBenchmarks/normalized-KE_400_009.opb.xz,21
OPT-LIN/normalized-PB24/pettersson/StableMatchings/KidneyTransplantBenchmarks/normalized-KE_410_000.opb.xz,22
OPT-LIN/normalized-PB24/pettersson/StableMatchings/KidneyTransplantBenchmarks/normalized-KE_410_001.opb.xz,21
OPT-LIN/normalized-PB24/pettersson/StableMatchings/KidneyTransplantBenchmarks/normalized-KE_410_002.opb.xz,22
OPT-LIN/normalized-PB24/pettersson/StableMatchings/KidneyTransplantBenchmarks/normalized-KE_410_003.opb.xz,22
OPT-LIN/normalized-PB24/pettersson/StableMatchings/KidneyTransplantBenchmarks/normalized-KE_410_004.opb.xz,21
OPT-LIN/normalized-PB24/pettersson/StableMatchings/KidneyTransplantBenchmarks/normalized-KE_410_005.opb.xz,21
OPT-LIN/normalized-PB24/pettersson/StableMatchings/KidneyTransplantBenchmarks/normalized-KE_410_006.opb.xz,22
OPT-LIN/normalized-PB24/pettersson/StableMatchings/KidneyTransplantBenchmarks/normalized-KE_410_007.opb.xz,22
OPT-LIN/normalized-PB24/pettersson/StableMatchings/KidneyTransplantBenchmarks/normalized-KE_410_008.opb.xz,20
OPT-LIN/normalized-PB24/pettersson/StableMatchings/KidneyTransplantBenchmarks/normalized-KE_410_009.opb.xz,21
OPT-LIN/normalized-PB24/pettersson/StableMatchings/KidneyTransplantBenchmarks/normalized-KE_420_000.opb.xz,22
OPT-LIN/normalized-PB24/pettersson/StableMatchings/KidneyTransplantBenchmarks/normalized-KE_420_001.opb.xz,22
OPT-LIN/normalized-PB24/pettersson/StableMatchings/KidneyTransplantBenchmarks/normalized-KE_420_002.opb.xz,21
OPT-LIN/normalized-PB24/pettersson/StableMatchings/KidneyTransplantBenchmarks/normalized-KE_420_003.opb.xz,21
OPT-LIN/normalized-PB24/pettersson/StableMatchings/KidneyTransplantBenchmarks/normalized-KE_420_004.opb.xz,23
OPT-LIN/normalized-PB24/pettersson/StableMatchings/KidneyTransplantBenchmarks/normalized-KE_420_005.opb.xz,21
OPT-LIN/normalized-PB24/pettersson/StableMatchings/KidneyTransplantBenchmarks/normalized-KE_420_006.opb.xz,22
OPT-LIN/normalized-PB24/pettersson/StableMatchings/KidneyTransplantBenchmarks/normalized-KE_420_007.opb.xz,22
OPT-LIN/normalized-PB24/pettersson/StableMatchings/KidneyTransplantBenchmarks/normalized-KE_420_008.opb.xz,22
OPT-LIN/normalized-PB24/pettersson/StableMatchings/KidneyTransplantBenchmarks/normalized-KE_420_009.opb.xz,22
OPT-LIN/normalized-PB24/pettersson/StableMatchings/KidneyTransplantBenchmarks/normalized-KE_430_000.opb.xz,21
OPT-LIN/normalized-PB24/pettersson/StableMatchings/KidneyTransplantBenchmarks/normalized-KE_430_001.opb.xz,21
OPT-LIN/normalized-PB24/pettersson/StableMatchings/KidneyTransplantBenchmarks/normalized-KE_430_002.opb.xz,22
OPT-LIN/normalized-PB24/pettersson/StableMatchings/KidneyTransplantBenchmarks/normalized-KE_430_003.opb.xz,22
OPT-LIN/normalized-PB24/pettersson/StableMatchings/KidneyTransplantBenchmarks/normalized-KE_430_004.opb.xz,22
OPT-LIN/normalized-PB24/pettersson/StableMatchings/KidneyTransplantBenchmarks/normalized-KE_430_005.opb.xz,22
OPT-LIN/normalized-PB24/pettersson/StableMatchings/KidneyTransplantBenchmarks/normalized-KE_430_006.opb.xz,22
OPT-LIN/normalized-PB24/pettersson/StableMatchings/KidneyTransplantBenchmarks/normalized-KE_430_007.opb.xz,22
OPT-LIN/normalized-PB24/pettersson/StableMatchings/KidneyTransplantBenchmarks/normalized-KE_430_008.opb.xz,21
OPT-LIN/normalized-PB24/pettersson/StableMatchings/KidneyTransplantBenchmarks/normalized-KE_430_009.opb.xz,22
OPT-LIN/normalized-PB24/pettersson/StableMatchings/KidneyTransplantBenchmarks/normalized-KE_440_000.opb.xz,22
OPT-LIN/normalized-PB24/pettersson/StableMatchings/KidneyTransplantBenchmarks/normalized-KE_440_001.opb.xz,22
OPT-LIN/normalized-PB24/pettersson/StableMatchings/KidneyTransplantBenchmarks/normalized-KE_440_002.opb.xz,22
OPT-LIN/normalized-PB24/pettersson/StableMatchings/KidneyTransplantBenchmarks/normalized-KE_440_003.opb.xz,22
OPT-LIN/normalized-PB24/pettersson/StableMatchings/KidneyTransplantBenchmarks/normalized-KE_440_004.opb.xz,22
OPT-LIN/normalized-PB24/pettersson/StableMatchings/KidneyTransplantBenchmarks/normalized-KE_440_005.opb.xz,22
OPT-LIN/normalized-PB24/pettersson/StableMatchings/KidneyTransplantBenchmarks/normalized-KE_440_006.opb.xz,21
OPT-LIN/normalized-PB24/pettersson/StableMatchings/KidneyTransplantBenchmarks/normalized-KE_440_007.opb.xz,22
OPT-LIN/normalized-PB24/pettersson/StableMatchings/KidneyTransplantBenchmarks/normalized-KE_440_008.opb.xz,21
OPT-LIN/normalized-PB24/pettersson/StableMatchings/KidneyTransplantBenchmarks/normalized-KE_440_009.opb.xz,22
OPT-LIN/normalized-PB24/pettersson/StableMatchings/KidneyTransplantBenchmarks/normalized-KE_450_000.opb.xz,22
OPT-LIN/normalized-PB24/pettersson/StableMatchings/KidneyTransplantBenchmarks/normalized-KE_450_001.opb.xz,22
OPT-LIN/normalized-PB24/pettersson/StableMatchings/KidneyTransplantBenchmarks/normalized-KE_450_002.opb.xz,22
OPT-LIN/normalized-PB24/pettersson/StableMatchings/KidneyTransplantBenchmarks/normalized-KE_450_003.opb.xz,22
OPT-LIN/normalized-PB24/pettersson/StableMatchings/KidneyTransplantBenchmarks/normalized-KE_450_004.opb.xz,23
OPT-LIN/normalized-PB24/pettersson/StableMatchings/KidneyTransplantBenchmarks/normalized-KE_450_005.opb.xz,22
OPT-LIN/normalized-PB24/pettersson/StableMatchings/KidneyTransplantBenchmarks/normalized-KE_450_006.opb.xz,22
OPT-LIN/normalized-PB24/pettersson/StableMatchings/KidneyTransplantBenchmarks/normalized-KE_450_007.opb.xz,22
OPT-LIN/normalized-PB24/pettersson/StableMatchings/KidneyTransplantBenchmarks/normalized-KE_450_008.opb.xz,21
OPT-LIN/normalized-PB24/pettersson/StableMatchings/KidneyTransplantBenchmarks/normalized-KE_450_009.opb.xz,22
OPT-LIN/normalized-PB24/pettersson/StableMatchings/KidneyTransplantBenchmarks/normalized-KE_460_000.opb.xz,22
OPT-LIN/normalized-PB24/pettersson/StableMatchings/KidneyTransplantBenchmarks/normalized-KE_460_001.opb.xz,22
OPT-LIN/normalized-PB24/pettersson/StableMatchings/KidneyTransplantBenchmarks/normalized-KE_460_002.opb.xz,22
OPT-LIN/normalized-PB24/pettersson/StableMatchings/KidneyTransplantBenchmarks/normalized-KE_460_003.opb.xz,21
OPT-LIN/normalized-PB24/pettersson/StableMatchings/KidneyTransplantBenchmarks/normalized-KE_460_004.opb.xz,22
OPT-LIN/normalized-PB24/pettersson/StableMatchings/KidneyTransplantBenchmarks/normalized-KE_460_005.opb.xz,21
OPT-LIN/normalized-PB24/pettersson/StableMatchings/KidneyTransplantBenchmarks/normalized-KE_460_006.opb.xz,22
OPT-LIN/normalized-PB24/pettersson/StableMatchings/KidneyTransplantBenchmarks/normalized-KE_460_007.opb.xz,22
OPT-LIN/normalized-PB24/pettersson/StableMatchings/KidneyTransplantBenchmarks/normalized-KE_460_008.opb.xz,22
OPT-LIN/normalized-PB24/pettersson/StableMatchings/KidneyTransplantBenchmarks/normalized-KE_460_009.opb.xz,22
OPT-LIN/normalized-PB24/pettersson/StableMatchings/KidneyTransplantBenchmarks/normalized-KE_470_000.opb.xz,22
OPT-LIN/normalized-PB24/pettersson/StableMatchings/KidneyTransplantBenchmarks/normalized-KE_470_001.opb.xz,23
OPT-LIN/normalized-PB24/pettersson/StableMatchings/KidneyTransplantBenchmarks/normalized-KE_470_002.opb.xz,22
OPT-LIN/normalized-PB24/pettersson/StableMatchings/KidneyTransplantBenchmarks/normalized-KE_470_003.opb.xz,22
OPT-LIN/normalized-PB24/pettersson/StableMatchings/KidneyTransplantBenchmarks/normalized-KE_470_004.opb.xz,22
OPT-LIN/normalized-PB24/pettersson/StableMatchings/KidneyTransplantBenchmarks/normalized-KE_470_005.opb.xz,22
OPT-LIN/normalized-PB24/pettersson/StableMatchings/KidneyTransplantBenchmarks/normalized-KE_470_006.opb.xz,22
OPT-LIN/normalized-PB24/pettersson/StableMatchings/KidneyTransplantBenchmarks/normalized-KE_470_007.opb.xz,23
OPT-LIN/normalized-PB24/pettersson/StableMatchings/KidneyTransplantBenchmarks/normalized-KE_470_008.opb.xz,22
OPT-LIN/normalized-PB24/pettersson/StableMatchings/KidneyTransplantBenchmarks/normalized-KE_470_009.opb.xz,22
OPT-LIN/normalized-PB24/pettersson/StableMatchings/KidneyTransplantBenchmarks/normalized-KE_480_000.opb.xz,22
OPT-LIN/normalized-PB24/pettersson/StableMatchings/KidneyTransplantBenchmarks/normalized-KE_480_001.opb.xz,22
OPT-LIN/normalized-PB24/pettersson/StableMatchings/KidneyTransplantBenchmarks/normalized-KE_480_002.opb.xz,22
OPT-LIN/normalized-PB24/pettersson/StableMatchings/KidneyTransplantBenchmarks/normalized-KE_480_003.opb.xz,22
OPT-LIN/normalized-PB24/pettersson/StableMatchings/KidneyTransplantBenchmarks/normalized-KE_480_004.opb.xz,22
OPT-LIN/normalized-PB24/pettersson/StableMatchings/KidneyTransplantBenchmarks/normalized-KE_480_005.opb.xz,22
OPT-LIN/normalized-PB24/pettersson/StableMatchings/KidneyTransplantBenchmarks/normalized-KE_480_006.opb.xz,22
OPT-LIN/normalized-PB24/pettersson/StableMatchings/KidneyTransplantBenchmarks/normalized-KE_480_007.opb.xz,22
OPT-LIN/normalized-PB24/pettersson/StableMatchings/KidneyTransplantBenchmarks/normalized-KE_480_008.opb.xz,22
OPT-LIN/normalized-PB24/pettersson/StableMatchings/KidneyTransplantBenchmarks/normalized-KE_480_009.opb.xz,22
OPT-LIN/normalized-PB24/pettersson/StableMatchings/KidneyTransplantBenchmarks/normalized-KE_490_000.opb.xz,23
OPT-LIN/normalized-PB24/pettersson/StableMatchings/KidneyTransplantBenchmarks/normalized-KE_490_001.opb.xz,22
OPT-LIN/normalized-PB24/pettersson/StableMatchings/KidneyTransplantBenchmarks/normalized-KE_490_002.opb.xz,22
OPT-LIN/normalized-PB24/pettersson/StableMatchings/KidneyTransplantBenchmarks/normalized-KE_490_003.opb.xz,22
OPT-LIN/normalized-PB24/pettersson/StableMatchings/KidneyTransplantBenchmarks/normalized-KE_490_004.opb.xz,23
OPT-LIN/normalized-PB24/pettersson/StableMatchings/KidneyTransplantBenchmarks/normalized-KE_490_005.opb.xz,22
OPT-LIN/normalized-PB24/pettersson/StableMatchings/KidneyTransplantBenchmarks/normalized-KE_490_006.opb.xz,22
OPT-LIN/normalized-PB24/pettersson/StableMatchings/KidneyTransplantBenchmarks/normalized-KE_490_007.opb.xz,22
OPT-LIN/normalized-PB24/pettersson/StableMatchings/KidneyTransplantBenchmarks/normalized-KE_490_008.opb.xz,23
OPT-LIN/normalized-PB24/pettersson/StableMatchings/KidneyTransplantBenchmarks/normalized-KE_490_009.opb.xz,22
OPT-LIN/normalized-PB24/pettersson/StableMatchings/KidneyTransplantBenchmarks/normalized-KE_500_000.opb.xz,23
OPT-LIN/normalized-PB24/pettersson/StableMatchings/KidneyTransplantBenchmarks/normalized-KE_500_001.opb.xz,23
OPT-LIN/normalized-PB24/pettersson/StableMatchings/KidneyTransplantBenchmarks/normalized-KE_500_002.opb.xz,22
OPT-LIN/normalized-PB24/pettersson/StableMatchings/KidneyTransplantBenchmarks/normalized-KE_500_003.opb.xz,22
OPT-LIN/normalized-PB24/pettersson/StableMatchings/KidneyTransplantBenchmarks/normalized-KE_500_004.opb.xz,22
OPT-LIN/normalized-PB24/pettersson/StableMatchings/KidneyTransplantBenchmarks/normalized-KE_500_005.opb.xz,22
OPT-LIN/normalized-PB24/pettersson/StableMatchings/KidneyTransplantBenchmarks/normalized-KE_500_006.opb.xz,23
OPT-LIN/normalized-PB24/pettersson/StableMatchings/KidneyTransplantBenchmarks/normalized-KE_500_007.opb.xz,22
OPT-LIN/normalized-PB24/pettersson/StableMatchings/KidneyTransplantBenchmarks/normalized-KE_500_008.opb.xz,23
OPT-LIN/normalized-PB24/pettersson/StableMatchings/KidneyTransplantBenchmarks/normalized-KE_500_009.opb.xz,22
OPT-LIN/normalized-PB24/pettersson/StableMatchings/KidneyTransplantBenchmarks/normalized-KE_50_000.opb.xz,14
OPT-LIN/normalized-PB24/pettersson/StableMatchings/KidneyTransplantBenchmarks/normalized-KE_50_001.opb.xz,11
OPT-LIN/normalized-PB24/pettersson/StableMatchings/KidneyTransplantBenchmarks/normalized-KE_50_002.opb.xz,14
OPT-LIN/normalized-PB24/pettersson/StableMatchings/KidneyTransplantBenchmarks/normalized-KE_50_003.opb.xz,11
OPT-LIN/normalized-PB24/pettersson/StableMatchings/KidneyTransplantBenchmarks/normalized-KE_50_004.opb.xz,13
OPT-LIN/normalized-PB24/pettersson/StableMatchings/KidneyTransplantBenchmarks/normalized-KE_50_005.opb.xz,14
OPT-LIN/normalized-PB24/pettersson/StableMatchings/KidneyTransplantBenchmarks/normalized-KE_50_006.opb.xz,13
OPT-LIN/normalized-PB24/pettersson/StableMatchings/KidneyTransplantBenchmarks/normalized-KE_50_007.opb.xz,14
OPT-LIN/normalized-PB24/pettersson/StableMatchings/KidneyTransplantBenchmarks/normalized-KE_50_008.opb.xz,13
OPT-LIN/normalized-PB24/pettersson/StableMatchings/KidneyTransplantBenchmarks/normalized-KE_50_009.opb.xz,12
OPT-LIN/normalized-PB24/pettersson/StableMatchings/KidneyTransplantBenchmarks/normalized-KE_510_000.opb.xz,22
OPT-LIN/normalized-PB24/pettersson/StableMatchings/KidneyTransplantBenchmarks/normalized-KE_510_001.opb.xz,22
OPT-LIN/normalized-PB24/pettersson/StableMatchings/KidneyTransplantBenchmarks/normalized-KE_510_002.opb.xz,22
OPT-LIN/normalized-PB24/pettersson/StableMatchings/KidneyTransplantBenchmarks/normalized-KE_510_003.opb.xz,23
OPT-LIN/normalized-PB24/pettersson/StableMatchings/KidneyTransplantBenchmarks/normalized-KE_510_004.opb.xz,21
OPT-LIN/normalized-PB24/pettersson/StableMatchings/KidneyTransplantBenchmarks/normalized-KE_510_005.opb.xz,22
OPT-LIN/normalized-PB24/pettersson/StableMatchings/KidneyTransplantBenchmarks/normalized-KE_510_006.opb.xz,23
OPT-LIN/normalized-PB24/pettersson/StableMatchings/KidneyTransplantBenchmarks/normalized-KE_510_007.opb.xz,22
OPT-LIN/normalized-PB24/pettersson/StableMatchings/KidneyTransplantBenchmarks/normalized-KE_510_008.opb.xz,22
OPT-LIN/normalized-PB24/pettersson/StableMatchings/KidneyTransplantBenchmarks/normalized-KE_510_009.opb.xz,22
OPT-LIN/normalized-PB24/pettersson/StableMatchings/KidneyTransplantBenchmarks/normalized-KE_520_000.opb.xz,22
OPT-LIN/normalized-PB24/pettersson/StableMatchings/KidneyTransplantBenchmarks/normalized-KE_520_001.opb.xz,22
OPT-LIN/normalized-PB24/pettersson/StableMatchings/KidneyTransplantBenchmarks/normalized-KE_520_002.opb.xz,22
OPT-LIN/normalized-PB24/pettersson/StableMatchings/KidneyTransplantBenchmarks/normalized-KE_520_003.opb.xz,23
OPT-LIN/normalized-PB24/pettersson/StableMatchings/KidneyTransplantBenchmarks/normalized-KE_520_004.opb.xz,23
OPT-LIN/normalized-PB24/pettersson/StableMatchings/KidneyTransplantBenchmarks/normalized-KE_520_005.opb.xz,22
OPT-LIN/normalized-PB24/pettersson/StableMatchings/KidneyTransplantBenchmarks/normalized-KE_520_006.opb.xz,23
OPT-LIN/normalized-PB24/pettersson/StableMatchings/KidneyTransplantBenchmarks/normalized-KE_520_007.opb.xz,22
OPT-LIN/normalized-PB24/pettersson/StableMatchings/KidneyTransplantBenchmarks/normalized-KE_520_008.opb.xz,22
OPT-LIN/normalized-PB24/pettersson/StableMatchings/KidneyTransplantBenchmarks/normalized-KE_520_009.opb.xz,23
OPT-LIN/normalized-PB24/pettersson/StableMatchings/KidneyTransplantBenchmarks/normalized-KE_530_000.opb.xz,22
OPT-LIN/normalized-PB24/pettersson/StableMatchings/KidneyTransplantBenchmarks/normalized-KE_530_001.opb.xz,23
OPT-LIN/normalized-PB24/pettersson/StableMatchings/KidneyTransplantBenchmarks/normalized-KE_530_002.opb.xz,22
OPT-LIN/normalized-PB24/pettersson/StableMatchings/KidneyTransplantBenchmarks/normalized-KE_530_003.opb.xz,22
OPT-LIN/normalized-PB24/pettersson/StableMatchings/KidneyTransplantBenchmarks/normalized-KE_530_004.opb.xz,23
OPT-LIN/normalized-PB24/pettersson/StableMatchings/KidneyTransplantBenchmarks/normalized-KE_530_005.opb.xz,22
OPT-LIN/normalized-PB24/pettersson/StableMatchings/KidneyTransplantBenchmarks/normalized-KE_530_006.opb.xz,22
OPT-LIN/normalized-PB24/pettersson/StableMatchings/KidneyTransplantBenchmarks/normalized-KE_530_007.opb.xz,22
OPT-LIN/normalized-PB24/pettersson/StableMatchings/KidneyTransplantBenchmarks/normalized-KE_530_008.opb.xz,22
OPT-LIN/normalized-PB24/pettersson/StableMatchings/KidneyTransplantBenchmarks/normalized-KE_530_009.opb.xz,22
OPT-LIN/normalized-PB24/pettersson/StableMatchings/KidneyTransplantBenchmarks/normalized-KE_540_000.opb.xz,22
OPT-LIN/normalized-PB24/pettersson/StableMatchings/KidneyTransplantBenchmarks/normalized-KE_540_001.opb.xz,23
OPT-LIN/normalized-PB24/pettersson/StableMatchings/KidneyTransplantBenchmarks/normalized-KE_540_002.opb.xz,23
OPT-LIN/normalized-PB24/pettersson/StableMatchings/KidneyTransplantBenchmarks/normalized-KE_540_003.opb.xz,23
OPT-LIN/normalized-PB24/pettersson/StableMatchings/KidneyTransplantBenchmarks/normalized-KE_540_004.opb.xz,23
OPT-LIN/normalized-PB24/pettersson/StableMatchings/KidneyTransplantBenchmarks/normalized-KE_540_005.opb.xz,23
OPT-LIN/normalized-PB24/pettersson/StableMatchings/KidneyTransplantBenchmarks/normalized-KE_540_006.opb.xz,23
OPT-LIN/normalized-PB24/pettersson/StableMatchings/KidneyTransplantBenchmarks/normalized-KE_540_007.opb.xz,22
OPT-LIN/normalized-PB24/pettersson/StableMatchings/KidneyTransplantBenchmarks/normalized-KE_540_008.opb.xz,23
OPT-LIN/normalized-PB24/pettersson/StableMatchings/KidneyTransplantBenchmarks/normalized-KE_540_009.opb.xz,22
OPT-LIN/normalized-PB24/pettersson/StableMatchings/KidneyTransplantBenchmarks/normalized-KE_550_000.opb.xz,23
OPT-LIN/normalized-PB24/pettersson/StableMatchings/KidneyTransplantBenchmarks/normalized-KE_550_001.opb.xz,23
OPT-LIN/normalized-PB24/pettersson/StableMatchings/KidneyTransplantBenchmarks/normalized-KE_550_002.opb.xz,23
OPT-LIN/normalized-PB24/pettersson/StableMatchings/KidneyTransplantBenchmarks/normalized-KE_550_003.opb.xz,23
OPT-LIN/normalized-PB24/pettersson/StableMatchings/KidneyTransplantBenchmarks/normalized-KE_550_004.opb.xz,23
OPT-LIN/normalized-PB24/pettersson/StableMatchings/KidneyTransplantBenchmarks/normalized-KE_550_005.opb.xz,23
OPT-LIN/normalized-PB24/pettersson/StableMatchings/KidneyTransplantBenchmarks/normalized-KE_550_006.opb.xz,23
OPT-LIN/normalized-PB24/pettersson/StableMatchings/KidneyTransplantBenchmarks/normalized-KE_550_007.opb.xz,23
OPT-LIN/normalized-PB24/pettersson/StableMatchings/KidneyTransplantBenchmarks/normalized-KE_550_008.opb.xz,23
OPT-LIN/normalized-PB24/pettersson/StableMatchings/KidneyTransplantBenchmarks/normalized-KE_550_009.opb.xz,23
OPT-LIN/normalized-PB24/pettersson/StableMatchings/KidneyTransplantBenchmarks/normalized-KE_560_000.opb.xz,23
OPT-LIN/normalized-PB24/pettersson/StableMatchings/KidneyTransplantBenchmarks/normalized-KE_560_001.opb.xz,23
OPT-LIN/normalized-PB24/pettersson/StableMatchings/KidneyTransplantBenchmarks/normalized-KE_560_002.opb.xz,23
OPT-LIN/normalized-PB24/pettersson/StableMatchings/KidneyTransplantBenchmarks/normalized-KE_560_003.opb.xz,22
OPT-LIN/normalized-PB24/pettersson/StableMatchings/KidneyTransplantBenchmarks/normalized-KE_560_004.opb.xz,23
OPT-LIN/normalized-PB24/pettersson/StableMatchings/KidneyTransplantBenchmarks/normalized-KE_560_005.opb.xz,22
OPT-LIN/normalized-PB24/pettersson/StableMatchings/KidneyTransplantBenchmarks/normalized-KE_560_006.opb.xz,23
OPT-LIN/normalized-PB24/pettersson/StableMatchings/KidneyTransplantBenchmarks/normalized-KE_560_007.opb.xz,23
OPT-LIN/normalized-PB24/pettersson/StableMatchings/KidneyTransplantBenchmarks/normalized-KE_560_008.opb.xz,23
OPT-LIN/normalized-PB24/pettersson/StableMatchings/KidneyTransplantBenchmarks/normalized-KE_560_009.opb.xz,23
OPT-LIN/normalized-PB24/pettersson/StableMatchings/KidneyTransplantBenchmarks/normalized-KE_570_000.opb.xz,23
OPT-LIN/normalized-PB24/pettersson/StableMatchings/KidneyTransplantBenchmarks/normalized-KE_570_001.opb.xz,23
OPT-LIN/normalized-PB24/pettersson/StableMatchings/KidneyTransplantBenchmarks/normalized-KE_570_002.opb.xz,23
OPT-LIN/normalized-PB24/pettersson/StableMatchings/KidneyTransplantBenchmarks/normalized-KE_570_003.opb.xz,23
OPT-LIN/normalized-PB24/pettersson/StableMatchings/KidneyTransplantBenchmarks/normalized-KE_570_004.opb.xz,23
OPT-LIN/normalized-PB24/pettersson/StableMatchings/KidneyTransplantBenchmarks/normalized-KE_570_005.opb.xz,23
OPT-LIN/normalized-PB24/pettersson/StableMatchings/KidneyTransplantBenchmarks/normalized-KE_570_006.opb.xz,23
OPT-LIN/normalized-PB24/pettersson/StableMatchings/KidneyTransplantBenchmarks/normalized-KE_570_007.opb.xz,23
OPT-LIN/normalized-PB24/pettersson/StableMatchings/KidneyTransplantBenchmarks/normalized-KE_570_008.opb.xz,23
OPT-LIN/normalized-PB24/pettersson/StableMatchings/KidneyTransplantBenchmarks/normalized-KE_570_009.opb.xz,23
OPT-LIN/normalized-PB24/pettersson/StableMatchings/KidneyTransplantBenchmarks/normalized-KE_580_000.opb.xz,23
OPT-LIN/normalized-PB24/pettersson/StableMatchings/KidneyTransplantBenchmarks/normalized-KE_580_001.opb.xz,23
OPT-LIN/normalized-PB24/pettersson/StableMatchings/KidneyTransplantBenchmarks/normalized-KE_580_002.opb.xz,24
OPT-LIN/normalized-PB24/pettersson/StableMatchings/KidneyTransplantBenchmarks/normalized-KE_580_003.opb.xz,23
OPT-LIN/normalized-PB24/pettersson/StableMatchings/KidneyTransplantBenchmarks/normalized-KE_580_004.opb.xz,22
OPT-LIN/normalized-PB24/pettersson/StableMatchings/KidneyTransplantBenchmarks/normalized-KE_580_005.opb.xz,23
OPT-LIN/normalized-PB24/pettersson/StableMatchings/KidneyTransplantBenchmarks/normalized-KE_580_006.opb.xz,23
OPT-LIN/normalized-PB24/pettersson/StableMatchings/KidneyTransplantBenchmarks/normalized-KE_580_007.opb.xz,23
OPT-LIN/normalized-PB24/pettersson/StableMatchings/KidneyTransplantBenchmarks/normalized-KE_580_008.opb.xz,23
OPT-LIN/normalized-PB24/pettersson/StableMatchings/KidneyTransplantBenchmarks/normalized-KE_580_009.opb.xz,23
OPT-LIN/normalized-PB24/pettersson/StableMatchings/KidneyTransplantBenchmarks/normalized-KE_590_000.opb.xz,23
OPT-LIN/normalized-PB24/pettersson/StableMatchings/KidneyTransplantBenchmarks/normalized-KE_590_001.opb.xz,23
OPT-LIN/normalized-PB24/pettersson/StableMatchings/KidneyTransplantBenchmarks/normalized-KE_590_002.opb.xz,23
OPT-LIN/normalized-PB24/pettersson/StableMatchings/KidneyTransplantBenchmarks/normalized-KE_590_003.opb.xz,23
OPT-LIN/normalized-PB24/pettersson/StableMatchings/KidneyTransplantBenchmarks/normalized-KE_590_004.opb.xz,23
OPT-LIN/normalized-PB24/pettersson/StableMatchings/KidneyTransplantBenchmarks/normalized-KE_590_005.opb.xz,23
OPT-LIN/normalized-PB24/pettersson/StableMatchings/KidneyTransplantBenchmarks/normalized-KE_590_006.opb.xz,23
OPT-LIN/normalized-PB24/pettersson/StableMatchings/KidneyTransplantBenchmarks/normalized-KE_590_007.opb.xz,23
OPT-LIN/normalized-PB24/pettersson/StableMatchings/KidneyTransplantBenchmarks/normalized-KE_590_008.opb.xz,23
OPT-LIN/normalized-PB24/pettersson/StableMatchings/KidneyTransplantBenchmarks/normalized-KE_590_009.opb.xz,23
OPT-LIN/normalized-PB24/pettersson/StableMatchings/KidneyTransplantBenchmarks/normalized-KE_600_000.opb.xz,23
OPT-LIN/normalized-PB24/pettersson/StableMatchings/KidneyTransplantBenchmarks/normalized-KE_600_001.opb.xz,23
OPT-LIN/normalized-PB24/pettersson/StableMatchings/KidneyTransplantBenchmarks/normalized-KE_600_002.opb.xz,23
OPT-LIN/normalized-PB24/pettersson/StableMatchings/KidneyTransplantBenchmarks/normalized-KE_600_003.opb.xz,22
OPT-LIN/normalized-PB24/pettersson/StableMatchings/KidneyTransplantBenchmarks/normalized-KE_600_004.opb.xz,23
OPT-LIN/normalized-PB24/pettersson/StableMatchings/KidneyTransplantBenchmarks/normalized-KE_600_005.opb.xz,23
OPT-LIN/normalized-PB24/pettersson/StableMatchings/KidneyTransplantBenchmarks/normalized-KE_600_006.opb.xz,23
OPT-LIN/normalized-PB24/pettersson/StableMatchings/KidneyTransplantBenchmarks/normalized-KE_600_007.opb.xz,23
OPT-LIN/normalized-PB24/pettersson/StableMatchings/KidneyTransplantBenchmarks/normalized-KE_600_008.opb.xz,23
OPT-LIN/normalized-PB24/pettersson/StableMatchings/KidneyTransplantBenchmarks/normalized-KE_600_009.opb.xz,23
OPT-LIN/normalized-PB24/pettersson/StableMatchings/KidneyTransplantBenchmarks/normalized-KE_60_000.opb.xz,13
OPT-LIN/normalized-PB24/pettersson/StableMatchings/KidneyTransplantBenchmarks/normalized-KE_60_001.opb.xz,14
OPT-LIN/normalized-PB24/pettersson/StableMatchings/KidneyTransplantBenchmarks/normalized-KE_60_002.opb.xz,11
OPT-LIN/normalized-PB24/pettersson/StableMatchings/KidneyTransplantBenchmarks/normalized-KE_60_003.opb.xz,14
OPT-LIN/normalized-PB24/pettersson/StableMatchings/KidneyTransplantBenchmarks/normalized-KE_60_004.opb.xz,14
OPT-LIN/normalized-PB24/pettersson/StableMatchings/KidneyTransplantBenchmarks/normalized-KE_60_005.opb.xz,13
OPT-LIN/normalized-PB24/pettersson/StableMatchings/KidneyTransplantBenchmarks/normalized-KE_60_006.opb.xz,12
OPT-LIN/normalized-PB24/pettersson/StableMatchings/KidneyTransplantBenchmarks/normalized-KE_60_007.opb.xz,13
OPT-LIN/normalized-PB24/pettersson/StableMatchings/KidneyTransplantBenchmarks/normalized-KE_60_008.opb.xz,12
OPT-LIN/normalized-PB24/pettersson/StableMatchings/KidneyTransplantBenchmarks/normalized-KE_60_009.opb.xz,13
OPT-LIN/normalized-PB24/pettersson/StableMatchings/KidneyTransplantBenchmarks/normalized-KE_610_000.opb.xz,23
OPT-LIN/normalized-PB24/pettersson/StableMatchings/KidneyTransplantBenchmarks/normalized-KE_610_001.opb.xz,23
OPT-LIN/normalized-PB24/pettersson/StableMatchings/KidneyTransplantBenchmarks/normalized-KE_610_002.opb.xz,23
OPT-LIN/normalized-PB24/pettersson/StableMatchings/KidneyTransplantBenchmarks/normalized-KE_610_003.opb.xz,23
OPT-LIN/normalized-PB24/pettersson/StableMatchings/KidneyTransplantBenchmarks/normalized-KE_610_004.opb.xz,23
OPT-LIN/normalized-PB24/pettersson/StableMatchings/KidneyTransplantBenchmarks/normalized-KE_610_005.opb.xz,23
OPT-LIN/normalized-PB24/pettersson/StableMatchings/KidneyTransplantBenchmarks/normalized-KE_610_006.opb.xz,23
OPT-LIN/normalized-PB24/pettersson/StableMatchings/KidneyTransplantBenchmarks/normalized-KE_610_007.opb.xz,24
OPT-LIN/normalized-PB24/pettersson/StableMatchings/KidneyTransplantBenchmarks/normalized-KE_610_008.opb.xz,23
OPT-LIN/normalized-PB24/pettersson/StableMatchings/KidneyTransplantBenchmarks/normalized-KE_610_009.opb.xz,23
OPT-LIN/normalized-PB24/pettersson/StableMatchings/KidneyTransplantBenchmarks/normalized-KE_620_000.opb.xz,23
OPT-LIN/normalized-PB24/pettersson/StableMatchings/KidneyTransplantBenchmarks/normalized-KE_620_001.opb.xz,24
OPT-LIN/normalized-PB24/pettersson/StableMatchings/KidneyTransplantBenchmarks/normalized-KE_620_002.opb.xz,23
OPT-LIN/normalized-PB24/pettersson/StableMatchings/KidneyTransplantBenchmarks/normalized-KE_620_003.opb.xz,23
OPT-LIN/normalized-PB24/pettersson/StableMatchings/KidneyTransplantBenchmarks/normalized-KE_620_004.opb.xz,24
OPT-LIN/normalized-PB24/pettersson/StableMatchings/KidneyTransplantBenchmarks/normalized-KE_620_005.opb.xz,24
OPT-LIN/normalized-PB24/pettersson/StableMatchings/KidneyTransplantBenchmarks/normalized-KE_620_006.opb.xz,23
OPT-LIN/normalized-PB24/pettersson/StableMatchings/KidneyTransplantBenchmarks/normalized-KE_620_007.opb.xz,23
OPT-LIN/normalized-PB24/pettersson/StableMatchings/KidneyTransplantBenchmarks/normalized-KE_620_008.opb.xz,23
OPT-LIN/normalized-PB24/pettersson/StableMatchings/KidneyTransplantBenchmarks/normalized-KE_620_009.opb.xz,23
OPT-LIN/normalized-PB24/pettersson/StableMatchings/KidneyTransplantBenchmarks/normalized-KE_630_000.opb.xz,24
OPT-LIN/normalized-PB24/pettersson/StableMatchings/KidneyTransplantBenchmarks/normalized-KE_630_001.opb.xz,23
OPT-LIN/normalized-PB24/pettersson/StableMatchings/KidneyTransplantBenchmarks/normalized-KE_630_002.opb.xz,23
OPT-LIN/normalized-PB24/pettersson/StableMatchings/KidneyTransplantBenchmarks/normalized-KE_630_003.opb.xz,24
OPT-LIN/normalized-PB24/pettersson/StableMatchings/KidneyTransplantBenchmarks/normalized-KE_630_004.opb.xz,23
OPT-LIN/normalized-PB24/pettersson/StableMatchings/KidneyTransplantBenchmarks/normalized-KE_630_005.opb.xz,23
OPT-LIN/normalized-PB24/pettersson/StableMatchings/KidneyTransplantBenchmarks/normalized-KE_630_006.opb.xz,23
OPT-LIN/normalized-PB24/pettersson/StableMatchings/KidneyTransplantBenchmarks/normalized-KE_630_007.opb.xz,24
OPT-LIN/normalized-PB24/pettersson/StableMatchings/KidneyTransplantBenchmarks/normalized-KE_630_008.opb.xz,24
OPT-LIN/normalized-PB24/pettersson/StableMatchings/KidneyTransplantBenchmarks/normalized-KE_630_009.opb.xz,23
OPT-LIN/normalized-PB24/pettersson/StableMatchings/KidneyTransplantBenchmarks/normalized-KE_640_000.opb.xz,23
OPT-LIN/normalized-PB24/pettersson/StableMatchings/KidneyTransplantBenchmarks/normalized-KE_640_001.opb.xz,23
OPT-LIN/normalized-PB24/pettersson/StableMatchings/KidneyTransplantBenchmarks/normalized-KE_640_002.opb.xz,24
OPT-LIN/normalized-PB24/pettersson/StableMatchings/KidneyTransplantBenchmarks/normalized-KE_640_003.opb.xz,23
OPT-LIN/normalized-PB24/pettersson/StableMatchings/KidneyTransplantBenchmarks/normalized-KE_640_004.opb.xz,23
OPT-LIN/normalized-PB24/pettersson/StableMatchings/KidneyTransplantBenchmarks/normalized-KE_640_005.opb.xz,23
OPT-LIN/normalized-PB24/pettersson/StableMatchings/KidneyTransplantBenchmarks/normalized-KE_640_006.opb.xz,24
OPT-LIN/normalized-PB24/pettersson/StableMatchings/KidneyTransplantBenchmarks/normalized-KE_640_007.opb.xz,23
OPT-LIN/normalized-PB24/pettersson/StableMatchings/KidneyTransplantBenchmarks/normalized-KE_640_008.opb.xz,23
OPT-LIN/normalized-PB24/pettersson/StableMatchings/KidneyTransplantBenchmarks/normalized-KE_640_009.opb.xz,24
OPT-LIN/normalized-PB24/pettersson/StableMatchings/KidneyTransplantBenchmarks/normalized-KE_650_000.opb.xz,24
OPT-LIN/normalized-PB24/pettersson/StableMatchings/KidneyTransplantBenchmarks/normalized-KE_650_001.opb.xz,23
OPT-LIN/normalized-PB24/pettersson/StableMatchings/KidneyTransplantBenchmarks/normalized-KE_650_002.opb.xz,24
OPT-LIN/normalized-PB24/pettersson/StableMatchings/KidneyTransplantBenchmarks/normalized-KE_650_003.opb.xz,24
OPT-LIN/normalized-PB24/pettersson/StableMatchings/KidneyTransplantBenchmarks/normalized-KE_650_004.opb.xz,23
OPT-LIN/normalized-PB24/pettersson/StableMatchings/KidneyTransplantBenchmarks/normalized-KE_650_005.opb.xz,23
OPT-LIN/normalized-PB24/pettersson/StableMatchings/KidneyTransplantBenchmarks/normalized-KE_650_006.opb.xz,24
OPT-LIN/normalized-PB24/pettersson/StableMatchings/KidneyTransplantBenchmarks/normalized-KE_650_007.opb.xz,23
OPT-LIN/normalized-PB24/pettersson/StableMatchings/KidneyTransplantBenchmarks/normalized-KE_650_008.opb.xz,24
OPT-LIN/normalized-PB24/pettersson/StableMatchings/KidneyTransplantBenchmarks/normalized-KE_650_009.opb.xz,24
OPT-LIN/normalized-PB24/pettersson/StableMatchings/KidneyTransplantBenchmarks/normalized-KE_660_000.opb.xz,24
OPT-LIN/normalized-PB24/pettersson/StableMatchings/KidneyTransplantBenchmarks/normalized-KE_660_001.opb.xz,24
OPT-LIN/normalized-PB24/pettersson/StableMatchings/KidneyTransplantBenchmarks/normalized-KE_660_002.opb.xz,24
OPT-LIN/normalized-PB24/pettersson/StableMatchings/KidneyTransplantBenchmarks/normalized-KE_660_003.opb.xz,23
OPT-LIN/normalized-PB24/pettersson/StableMatchings/KidneyTransplantBenchmarks/normalized-KE_660_004.opb.xz,24
OPT-LIN/normalized-PB24/pettersson/StableMatchings/KidneyTransplantBenchmarks/normalized-KE_660_005.opb.xz,24
OPT-LIN/normalized-PB24/pettersson/StableMatchings/KidneyTransplantBenchmarks/normalized-KE_660_006.opb.xz,23
OPT-LIN/normalized-PB24/pettersson/StableMatchings/KidneyTransplantBenchmarks/normalized-KE_660_007.opb.xz,23
OPT-LIN/normalized-PB24/pettersson/StableMatchings/KidneyTransplantBenchmarks/normalized-KE_660_008.opb.xz,24
OPT-LIN/normalized-PB24/pettersson/StableMatchings/KidneyTransplantBenchmarks/normalized-KE_660_009.opb.xz,23
OPT-LIN/normalized-PB24/pettersson/StableMatchings/KidneyTransplantBenchmarks/normalized-KE_670_000.opb.xz,23
OPT-LIN/normalized-PB24/pettersson/StableMatchings/KidneyTransplantBenchmarks/normalized-KE_670_001.opb.xz,23
OPT-LIN/normalized-PB24/pettersson/StableMatchings/KidneyTransplantBenchmarks/normalized-KE_670_002.opb.xz,24
OPT-LIN/normalized-PB24/pettersson/StableMatchings/KidneyTransplantBenchmarks/normalized-KE_670_003.opb.xz,24
OPT-LIN/normalized-PB24/pettersson/StableMatchings/KidneyTransplantBenchmarks/normalized-KE_670_004.opb.xz,24
OPT-LIN/normalized-PB24/pettersson/StableMatchings/KidneyTransplantBenchmarks/normalized-KE_670_005.opb.xz,24
OPT-LIN/normalized-PB24/pettersson/StableMatchings/KidneyTransplantBenchmarks/normalized-KE_670_006.opb.xz,23
OPT-LIN/normalized-PB24/pettersson/StableMatchings/KidneyTransplantBenchmarks/normalized-KE_670_007.opb.xz,24
OPT-LIN/normalized-PB24/pettersson/StableMatchings/KidneyTransplantBenchmarks/normalized-KE_670_008.opb.xz,24
OPT-LIN/normalized-PB24/pettersson/StableMatchings/KidneyTransplantBenchmarks/normalized-KE_670_009.opb.xz,24
OPT-LIN/normalized-PB24/pettersson/StableMatchings/KidneyTransplantBenchmarks/normalized-KE_680_000.opb.xz,24
OPT-LIN/normalized-PB24/pettersson/StableMatchings/KidneyTransplantBenchmarks/normalized-KE_680_001.opb.xz,23
OPT-LIN/normalized-PB24/pettersson/StableMatchings/KidneyTransplantBenchmarks/normalized-KE_680_002.opb.xz,24
OPT-LIN/normalized-PB24/pettersson/StableMatchings/KidneyTransplantBenchmarks/normalized-KE_680_003.opb.xz,24
OPT-LIN/normalized-PB24/pettersson/StableMatchings/KidneyTransplantBenchmarks/normalized-KE_680_004.opb.xz,24
OPT-LIN/normalized-PB24/pettersson/StableMatchings/KidneyTransplantBenchmarks/normalized-KE_680_005.opb.xz,23
OPT-LIN/normalized-PB24/pettersson/StableMatchings/KidneyTransplantBenchmarks/normalized-KE_680_006.opb.xz,24
OPT-LIN/normalized-PB24/pettersson/StableMatchings/KidneyTransplantBenchmarks/normalized-KE_680_007.opb.xz,23
OPT-LIN/normalized-PB24/pettersson/StableMatchings/KidneyTransplantBenchmarks/normalized-KE_680_008.opb.xz,24
OPT-LIN/normalized-PB24/pettersson/StableMatchings/KidneyTransplantBenchmarks/normalized-KE_680_009.opb.xz,23
OPT-LIN/normalized-PB24/pettersson/StableMatchings/KidneyTransplantBenchmarks/normalized-KE_690_000.opb.xz,24
OPT-LIN/normalized-PB24/pettersson/StableMatchings/KidneyTransplantBenchmarks/normalized-KE_690_001.opb.xz,24
OPT-LIN/normalized-PB24/pettersson/StableMatchings/KidneyTransplantBenchmarks/normalized-KE_690_002.opb.xz,24
OPT-LIN/normalized-PB24/pettersson/StableMatchings/KidneyTransplantBenchmarks/normalized-KE_690_003.opb.xz,24
OPT-LIN/normalized-PB24/pettersson/StableMatchings/KidneyTransplantBenchmarks/normalized-KE_690_004.opb.xz,24
OPT-LIN/normalized-PB24/pettersson/StableMatchings/KidneyTransplantBenchmarks/normalized-KE_690_005.opb.xz,24
OPT-LIN/normalized-PB24/pettersson/StableMatchings/KidneyTransplantBenchmarks/normalized-KE_690_006.opb.xz,24
OPT-LIN/normalized-PB24/pettersson/StableMatchings/KidneyTransplantBenchmarks/normalized-KE_690_007.opb.xz,24
OPT-LIN/normalized-PB24/pettersson/StableMatchings/KidneyTransplantBenchmarks/normalized-KE_690_008.opb.xz,24
OPT-LIN/normalized-PB24/pettersson/StableMatchings/KidneyTransplantBenchmarks/normalized-KE_690_009.opb.xz,24
OPT-LIN/normalized-PB24/pettersson/StableMatchings/KidneyTransplantBenchmarks/normalized-KE_700_000.opb.xz,24
OPT-LIN/normalized-PB24/pettersson/StableMatchings/KidneyTransplantBenchmarks/normalized-KE_700_001.opb.xz,24
OPT-LIN/normalized-PB24/pettersson/StableMatchings/KidneyTransplantBenchmarks/normalized-KE_700_002.opb.xz,23
OPT-LIN/normalized-PB24/pettersson/StableMatchings/KidneyTransplantBenchmarks/normalized-KE_700_003.opb.xz,24
OPT-LIN/normalized-PB24/pettersson/StableMatchings/KidneyTransplantBenchmarks/normalized-KE_700_004.opb.xz,24
OPT-LIN/normalized-PB24/pettersson/StableMatchings/KidneyTransplantBenchmarks/normalized-KE_700_005.opb.xz,23
OPT-LIN/normalized-PB24/pettersson/StableMatchings/KidneyTransplantBenchmarks/normalized-KE_700_006.opb.xz,24
OPT-LIN/normalized-PB24/pettersson/StableMatchings/KidneyTransplantBenchmarks/normalized-KE_700_007.opb.xz,24
OPT-LIN/normalized-PB24/pettersson/StableMatchings/KidneyTransplantBenchmarks/normalized-KE_700_008.opb.xz,24
OPT-LIN/normalized-PB24/pettersson/StableMatchings/KidneyTransplantBenchmarks/normalized-KE_700_009.opb.xz,24
OPT-LIN/normalized-PB24/pettersson/StableMatchings/KidneyTransplantBenchmarks/normalized-KE_70_000.opb.xz,12
OPT-LIN/normalized-PB24/pettersson/StableMatchings/KidneyTransplantBenchmarks/normalized-KE_70_001.opb.xz,15
OPT-LIN/normalized-PB24/pettersson/StableMatchings/KidneyTransplantBenchmarks/normalized-KE_70_002.opb.xz,14
OPT-LIN/normalized-PB24/pettersson/StableMatchings/KidneyTransplantBenchmarks/normalized-KE_70_003.opb.xz,13
OPT-LIN/normalized-PB24/pettersson/StableMatchings/KidneyTransplantBenchmarks/normalized-KE_70_004.opb.xz,15
OPT-LIN/normalized-PB24/pettersson/StableMatchings/KidneyTransplantBenchmarks/normalized-KE_70_005.opb.xz,15
OPT-LIN/normalized-PB24/pettersson/StableMatchings/KidneyTransplantBenchmarks/normalized-KE_70_006.opb.xz,9
OPT-LIN/normalized-PB24/pettersson/StableMatchings/KidneyTransplantBenchmarks/normalized-KE_70_007.opb.xz,15
OPT-LIN/normalized-PB24/pettersson/StableMatchings/KidneyTransplantBenchmarks/normalized-KE_70_008.opb.xz,13
OPT-LIN/normalized-PB24/pettersson/StableMatchings/KidneyTransplantBenchmarks/normalized-KE_70_009.opb.xz,13
OPT-LIN/normalized-PB24/pettersson/StableMatchings/KidneyTransplantBenchmarks/normalized-KE_710_000.opb.xz,24
OPT-LIN/normalized-PB24/pettersson/StableMatchings/KidneyTransplantBenchmarks/normalized-KE_710_001.opb.xz,23
OPT-LIN/normalized-PB24/pettersson/StableMatchings/KidneyTransplantBenchmarks/normalized-KE_710_002.opb.xz,24
OPT-LIN/normalized-PB24/pettersson/StableMatchings/KidneyTransplantBenchmarks/normalized-KE_710_003.opb.xz,24
OPT-LIN/normalized-PB24/pettersson/StableMatchings/KidneyTransplantBenchmarks/normalized-KE_710_004.opb.xz,24
OPT-LIN/normalized-PB24/pettersson/StableMatchings/KidneyTransplantBenchmarks/normalized-KE_710_005.opb.xz,24
OPT-LIN/normalized-PB24/pettersson/StableMatchings/KidneyTransplantBenchmarks/normalized-KE_710_006.opb.xz,23
OPT-LIN/normalized-PB24/pettersson/StableMatchings/KidneyTransplantBenchmarks/normalized-KE_710_007.opb.xz,24
OPT-LIN/normalized-PB24/pettersson/StableMatchings/KidneyTransplantBenchmarks/normalized-KE_710_008.opb.xz,23
OPT-LIN/normalized-PB24/pettersson/StableMatchings/KidneyTransplantBenchmarks/normalized-KE_710_009.opb.xz,24
OPT-LIN/normalized-PB24/pettersson/StableMatchings/KidneyTransplantBenchmarks/normalized-KE_720_000.opb.xz,24
OPT-LIN/normalized-PB24/pettersson/StableMatchings/KidneyTransplantBenchmarks/normalized-KE_720_001.opb.xz,24
OPT-LIN/normalized-PB24/pettersson/StableMatchings/KidneyTransplantBenchmarks/normalized-KE_720_002.opb.xz,24
OPT-LIN/normalized-PB24/pettersson/StableMatchings/KidneyTransplantBenchmarks/normalized-KE_720_003.opb.xz,24
OPT-LIN/normalized-PB24/pettersson/StableMatchings/KidneyTransplantBenchmarks/normalized-KE_720_004.opb.xz,24
OPT-LIN/normalized-PB24/pettersson/StableMatchings/KidneyTransplantBenchmarks/normalized-KE_720_005.opb.xz,24
OPT-LIN/normalized-PB24/pettersson/StableMatchings/KidneyTransplantBenchmarks/normalized-KE_720_006.opb.xz,24
OPT-LIN/normalized-PB24/pettersson/StableMatchings/KidneyTransplantBenchmarks/normalized-KE_720_007.opb.xz,24
OPT-LIN/normalized-PB24/pettersson/StableMatchings/KidneyTransplantBenchmarks/normalized-KE_720_008.opb.xz,24
OPT-LIN/normalized-PB24/pettersson/StableMatchings/KidneyTransplantBenchmarks/normalized-KE_720_009.opb.xz,24
OPT-LIN/normalized-PB24/pettersson/StableMatchings/KidneyTransplantBenchmarks/normalized-KE_730_000.opb.xz,24
OPT-LIN/normalized-PB24/pettersson/StableMatchings/KidneyTransplantBenchmarks/normalized-KE_730_001.opb.xz,24
OPT-LIN/normalized-PB24/pettersson/StableMatchings/KidneyTransplantBenchmarks/normalized-KE_730_002.opb.xz,24
OPT-LIN/normalized-PB24/pettersson/StableMatchings/KidneyTransplantBenchmarks/normalized-KE_730_003.opb.xz,24
OPT-LIN/normalized-PB24/pettersson/StableMatchings/KidneyTransplantBenchmarks/normalized-KE_730_004.opb.xz,24
OPT-LIN/normalized-PB24/pettersson/StableMatchings/KidneyTransplantBenchmarks/normalized-KE_730_005.opb.xz,24
OPT-LIN/normalized-PB24/pettersson/StableMatchings/KidneyTransplantBenchmarks/normalized-KE_730_006.opb.xz,24
OPT-LIN/normalized-PB24/pettersson/StableMatchings/KidneyTransplantBenchmarks/normalized-KE_730_007.opb.xz,24
OPT-LIN/normalized-PB24/pettersson/StableMatchings/KidneyTransplantBenchmarks/normalized-KE_730_008.opb.xz,23
OPT-LIN/normalized-PB24/pettersson/StableMatchings/KidneyTransplantBenchmarks/normalized-KE_730_009.opb.xz,24
OPT-LIN/normalized-PB24/pettersson/StableMatchings/KidneyTransplantBenchmarks/normalized-KE_740_000.opb.xz,24
OPT-LIN/normalized-PB24/pettersson/StableMatchings/KidneyTransplantBenchmarks/normalized-KE_740_001.opb.xz,24
OPT-LIN/normalized-PB24/pettersson/StableMatchings/KidneyTransplantBenchmarks/normalized-KE_740_002.opb.xz,24
OPT-LIN/normalized-PB24/pettersson/StableMatchings/KidneyTransplantBenchmarks/normalized-KE_740_003.opb.xz,24
OPT-LIN/normalized-PB24/pettersson/StableMatchings/KidneyTransplantBenchmarks/normalized-KE_740_004.opb.xz,24
OPT-LIN/normalized-PB24/pettersson/StableMatchings/KidneyTransplantBenchmarks/normalized-KE_740_005.opb.xz,25
OPT-LIN/normalized-PB24/pettersson/StableMatchings/KidneyTransplantBenchmarks/normalized-KE_740_006.opb.xz,24
OPT-LIN/normalized-PB24/pettersson/StableMatchings/KidneyTransplantBenchmarks/normalized-KE_740_007.opb.xz,24
OPT-LIN/normalized-PB24/pettersson/StableMatchings/KidneyTransplantBenchmarks/normalized-KE_740_008.opb.xz,24
OPT-LIN/normalized-PB24/pettersson/StableMatchings/KidneyTransplantBenchmarks/normalized-KE_740_009.opb.xz,24
OPT-LIN/normalized-PB24/pettersson/StableMatchings/KidneyTransplantBenchmarks/normalized-KE_750_000.opb.xz,24
OPT-LIN/normalized-PB24/pettersson/StableMatchings/KidneyTransplantBenchmarks/normalized-KE_750_001.opb.xz,24
OPT-LIN/normalized-PB24/pettersson/StableMatchings/KidneyTransplantBenchmarks/normalized-KE_750_002.opb.xz,24
OPT-LIN/normalized-PB24/pettersson/StableMatchings/KidneyTransplantBenchmarks/normalized-KE_750_003.opb.xz,25
OPT-LIN/normalized-PB24/pettersson/StableMatchings/KidneyTransplantBenchmarks/normalized-KE_750_004.opb.xz,24
OPT-LIN/normalized-PB24/pettersson/StableMatchings/KidneyTransplantBenchmarks/normalized-KE_750_005.opb.xz,24
OPT-LIN/normalized-PB24/pettersson/StableMatchings/KidneyTransplantBenchmarks/normalized-KE_750_006.opb.xz,24
OPT-LIN/normalized-PB24/pettersson/StableMatchings/KidneyTransplantBenchmarks/normalized-KE_750_007.opb.xz,24
OPT-LIN/normalized-PB24/pettersson/StableMatchings/KidneyTransplantBenchmarks/normalized-KE_750_008.opb.xz,24
OPT-LIN/normalized-PB24/pettersson/StableMatchings/KidneyTransplantBenchmarks/normalized-KE_750_009.opb.xz,24
OPT-LIN/normalized-PB24/pettersson/StableMatchings/KidneyTransplantBenchmarks/normalized-KE_80_000.opb.xz,15
OPT-LIN/normalized-PB24/pettersson/StableMatchings/KidneyTransplantBenchmarks/normalized-KE_80_001.opb.xz,14
OPT-LIN/normalized-PB24/pettersson/StableMatchings/KidneyTransplantBenchmarks/normalized-KE_80_002.opb.xz,15
OPT-LIN/normalized-PB24/pettersson/StableMatchings/KidneyTransplantBenchmarks/normalized-KE_80_003.opb.xz,15
OPT-LIN/normalized-PB24/pettersson/StableMatchings/KidneyTransplantBenchmarks/normalized-KE_80_004.opb.xz,15
OPT-LIN/normalized-PB24/pettersson/StableMatchings/KidneyTransplantBenchmarks/normalized-KE_80_005.opb.xz,14
OPT-LIN/normalized-PB24/pettersson/StableMatchings/KidneyTransplantBenchmarks/normalized-KE_80_006.opb.xz,13
OPT-LIN/normalized-PB24/pettersson/StableMatchings/KidneyTransplantBenchmarks/normalized-KE_80_007.opb.xz,16
OPT-LIN/normalized-PB24/pettersson/StableMatchings/KidneyTransplantBenchmarks/normalized-KE_80_008.opb.xz,14
OPT-LIN/normalized-PB24/pettersson/StableMatchings/KidneyTransplantBenchmarks/normalized-KE_80_009.opb.xz,14
OPT-LIN/normalized-PB24/pettersson/StableMatchings/KidneyTransplantBenchmarks/normalized-KE_90_000.opb.xz,12
OPT-LIN/normalized-PB24/pettersson/StableMatchings/KidneyTransplantBenchmarks/normalized-KE_90_001.opb.xz,16
OPT-LIN/normalized-PB24/pettersson/StableMatchings/KidneyTransplantBenchmarks/normalized-KE_90_002.opb.xz,16
OPT-LIN/normalized-PB24/pettersson/StableMatchings/KidneyTransplantBenchmarks/normalized-KE_90_003.opb.xz,14
OPT-LIN/normalized-PB24/pettersson/StableMatchings/KidneyTransplantBenchmarks/normalized-KE_90_004.opb.xz,15
OPT-LIN/normalized-PB24/pettersson/StableMatchings/KidneyTransplantBenchmarks/normalized-KE_90_005.opb.xz,14
OPT-LIN/normalized-PB24/pettersson/StableMatchings/KidneyTransplantBenchmarks/normalized-KE_90_006.opb.xz,14
OPT-LIN/normalized-PB24/pettersson/StableMatchings/KidneyTransplantBenchmarks/normalized-KE_90_007.opb.xz,15
OPT-LIN/normalized-PB24/pettersson/StableMatchings/KidneyTransplantBenchmarks/normalized-KE_90_008.opb.xz,16
OPT-LIN/normalized-PB24/pettersson/StableMatchings/KidneyTransplantBenchmarks/normalized-KE_90_009.opb.xz,15
OPT-LIN/normalized-PB24/pettersson/StableMatchings/SMTI/SMTI_PBO/SMTI_10000_10_0.75_1.opb.xz,15
OPT-LIN/normalized-PB24/pettersson/StableMatchings/SMTI/SMTI_PBO/SMTI_10000_10_0.75_10.opb.xz,15
OPT-LIN/normalized-PB24/pettersson/StableMatchings/SMTI/SMTI_PBO/SMTI_10000_10_0.75_2.opb.xz,15
OPT-LIN/normalized-PB24/pettersson/StableMatchings/SMTI/SMTI_PBO/SMTI_10000_10_0.75_3.opb.xz,15
OPT-LIN/normalized-PB24/pettersson/StableMatchings/SMTI/SMTI_PBO/SMTI_10000_10_0.75_4.opb.xz,15
OPT-LIN/normalized-PB24/pettersson/StableMatchings/SMTI/SMTI_PBO/SMTI_10000_10_0.75_5.opb.xz,15
OPT-LIN/normalized-PB24/pettersson/StableMatchings/SMTI/SMTI_PBO/SMTI_10000_10_0.75_6.opb.xz,15
OPT-LIN/normalized-PB24/pettersson/StableMatchings/SMTI/SMTI_PBO/SMTI_10000_10_0.75_7.opb.xz,15
OPT-LIN/normalized-PB24/pettersson/StableMatchings/SMTI/SMTI_PBO/SMTI_10000_10_0.75_8.opb.xz,15
OPT-LIN/normalized-PB24/pettersson/StableMatchings/SMTI/SMTI_PBO/SMTI_10000_10_0.75_9.opb.xz,15
OPT-LIN/normalized-PB24/pettersson/StableMatchings/SMTI/SMTI_PBO/SMTI_10000_10_0.85_1.opb.xz,15
OPT-LIN/normalized-PB24/pettersson/StableMatchings/SMTI/SMTI_PBO/SMTI_10000_10_0.85_10.opb.xz,15
OPT-LIN/normalized-PB24/pettersson/StableMatchings/SMTI/SMTI_PBO/SMTI_10000_10_0.85_2.opb.xz,15
OPT-LIN/normalized-PB24/pettersson/StableMatchings/SMTI/SMTI_PBO/SMTI_10000_10_0.85_3.opb.xz,15
OPT-LIN/normalized-PB24/pettersson/StableMatchings/SMTI/SMTI_PBO/SMTI_10000_10_0.85_4.opb.xz,15
OPT-LIN/normalized-PB24/pettersson/StableMatchings/SMTI/SMTI_PBO/SMTI_10000_10_0.85_5.opb.xz,15
OPT-LIN/normalized-PB24/pettersson/StableMatchings/SMTI/SMTI_PBO/SMTI_10000_10_0.85_6.opb.xz,15
OPT-LIN/normalized-PB24/pettersson/StableMatchings/SMTI/SMTI_PBO/SMTI_10000_10_0.85_7.opb.xz,15
OPT-LIN/normalized-PB24/pettersson/StableMatchings/SMTI/SMTI_PBO/SMTI_10000_10_0.85_8.opb.xz,15
OPT-LIN/normalized-PB24/pettersson/StableMatchings/SMTI/SMTI_PBO/SMTI_10000_10_0.85_9.opb.xz,15
OPT-LIN/normalized-PB24/pettersson/StableMatchings/SMTI/SMTI_PBO/SMTI_10000_10_0.95_1.opb.xz,15
OPT-LIN/normalized-PB24/pettersson/StableMatchings/SMTI/SMTI_PBO/SMTI_10000_10_0.95_10.opb.xz,15
OPT-LIN/normalized-PB24/pettersson/StableMatchings/SMTI/SMTI_PBO/SMTI_10000_10_0.95_2.opb.xz,15
OPT-LIN/normalized-PB24/pettersson/StableMatchings/SMTI/SMTI_PBO/SMTI_10000_10_0.95_3.opb.xz,15
OPT-LIN/normalized-PB24/pettersson/StableMatchings/SMTI/SMTI_PBO/SMTI_10000_10_0.95_4.opb.xz,15
OPT-LIN/normalized-PB24/pettersson/StableMatchings/SMTI/SMTI_PBO/SMTI_10000_10_0.95_5.opb.xz,15
OPT-LIN/normalized-PB24/pettersson/StableMatchings/SMTI/SMTI_PBO/SMTI_10000_10_0.95_6.opb.xz,15
OPT-LIN/normalized-PB24/pettersson/StableMatchings/SMTI/SMTI_PBO/SMTI_10000_10_0.95_7.opb.xz,15
OPT-LIN/normalized-PB24/pettersson/StableMatchings/SMTI/SMTI_PBO/SMTI_10000_10_0.95_8.opb.xz,15
OPT-LIN/normalized-PB24/pettersson/StableMatchings/SMTI/SMTI_PBO/SMTI_10000_10_0.95_9.opb.xz,15
OPT-LIN/normalized-PB24/pettersson/StableMatchings/SMTI/SMTI_PBO/SMTI_10000_3_0.75_1.opb.xz,15
OPT-LIN/normalized-PB24/pettersson/StableMatchings/SMTI/SMTI_PBO/SMTI_10000_3_0.75_10.opb.xz,15
OPT-LIN/normalized-PB24/pettersson/StableMatchings/SMTI/SMTI_PBO/SMTI_10000_3_0.75_2.opb.xz,15
OPT-LIN/normalized-PB24/pettersson/StableMatchings/SMTI/SMTI_PBO/SMTI_10000_3_0.75_3.opb.xz,15
OPT-LIN/normalized-PB24/pettersson/StableMatchings/SMTI/SMTI_PBO/SMTI_10000_3_0.75_4.opb.xz,15
OPT-LIN/normalized-PB24/pettersson/StableMatchings/SMTI/SMTI_PBO/SMTI_10000_3_0.75_5.opb.xz,15
OPT-LIN/normalized-PB24/pettersson/StableMatchings/SMTI/SMTI_PBO/SMTI_10000_3_0.75_6.opb.xz,15
OPT-LIN/normalized-PB24/pettersson/StableMatchings/SMTI/SMTI_PBO/SMTI_10000_3_0.75_7.opb.xz,15
OPT-LIN/normalized-PB24/pettersson/StableMatchings/SMTI/SMTI_PBO/SMTI_10000_3_0.75_8.opb.xz,15
OPT-LIN/normalized-PB24/pettersson/StableMatchings/SMTI/SMTI_PBO/SMTI_10000_3_0.75_9.opb.xz,15
OPT-LIN/normalized-PB24/pettersson/StableMatchings/SMTI/SMTI_PBO/SMTI_10000_3_0.85_1.opb.xz,15
OPT-LIN/normalized-PB24/pettersson/StableMatchings/SMTI/SMTI_PBO/SMTI_10000_3_0.85_10.opb.xz,15
OPT-LIN/normalized-PB24/pettersson/StableMatchings/SMTI/SMTI_PBO/SMTI_10000_3_0.85_2.opb.xz,15
OPT-LIN/normalized-PB24/pettersson/StableMatchings/SMTI/SMTI_PBO/SMTI_10000_3_0.85_3.opb.xz,15
OPT-LIN/normalized-PB24/pettersson/StableMatchings/SMTI/SMTI_PBO/SMTI_10000_3_0.85_4.opb.xz,15
OPT-LIN/normalized-PB24/pettersson/StableMatchings/SMTI/SMTI_PBO/SMTI_10000_3_0.85_5.opb.xz,15
OPT-LIN/normalized-PB24/pettersson/StableMatchings/SMTI/SMTI_PBO/SMTI_10000_3_0.85_6.opb.xz,15
OPT-LIN/normalized-PB24/pettersson/StableMatchings/SMTI/SMTI_PBO/SMTI_10000_3_0.85_7.opb.xz,15
OPT-LIN/normalized-PB24/pettersson/StableMatchings/SMTI/SMTI_PBO/SMTI_10000_3_0.85_8.opb.xz,15
OPT-LIN/normalized-PB24/pettersson/StableMatchings/SMTI/SMTI_PBO/SMTI_10000_3_0.85_9.opb.xz,15
OPT-LIN/normalized-PB24/pettersson/StableMatchings/SMTI/SMTI_PBO/SMTI_10000_3_0.95_1.opb.xz,15
OPT-LIN/normalized-PB24/pettersson/StableMatchings/SMTI/SMTI_PBO/SMTI_10000_3_0.95_10.opb.xz,15
OPT-LIN/normalized-PB24/pettersson/StableMatchings/SMTI/SMTI_PBO/SMTI_10000_3_0.95_2.opb.xz,15
OPT-LIN/normalized-PB24/pettersson/StableMatchings/SMTI/SMTI_PBO/SMTI_10000_3_0.95_3.opb.xz,15
OPT-LIN/normalized-PB24/pettersson/StableMatchings/SMTI/SMTI_PBO/SMTI_10000_3_0.95_4.opb.xz,15
OPT-LIN/normalized-PB24/pettersson/StableMatchings/SMTI/SMTI_PBO/SMTI_10000_3_0.95_5.opb.xz,15
OPT-LIN/normalized-PB24/pettersson/StableMatchings/SMTI/SMTI_PBO/SMTI_10000_3_0.95_6.opb.xz,15
OPT-LIN/normalized-PB24/pettersson/StableMatchings/SMTI/SMTI_PBO/SMTI_10000_3_0.95_7.opb.xz,15
OPT-LIN/normalized-PB24/pettersson/StableMatchings/SMTI/SMTI_PBO/SMTI_10000_3_0.95_8.opb.xz,15
OPT-LIN/normalized-PB24/pettersson/StableMatchings/SMTI/SMTI_PBO/SMTI_10000_3_0.95_9.opb.xz,15
OPT-LIN/normalized-PB24/pettersson/StableMatchings/SMTI/SMTI_PBO/SMTI_10000_5_0.75_1.opb.xz,15
OPT-LIN/normalized-PB24/pettersson/StableMatchings/SMTI/SMTI_PBO/SMTI_10000_5_0.75_10.opb.xz,15
OPT-LIN/normalized-PB24/pettersson/StableMatchings/SMTI/SMTI_PBO/SMTI_10000_5_0.75_2.opb.xz,15
OPT-LIN/normalized-PB24/pettersson/StableMatchings/SMTI/SMTI_PBO/SMTI_10000_5_0.75_3.opb.xz,15
OPT-LIN/normalized-PB24/pettersson/StableMatchings/SMTI/SMTI_PBO/SMTI_10000_5_0.75_4.opb.xz,15
OPT-LIN/normalized-PB24/pettersson/StableMatchings/SMTI/SMTI_PBO/SMTI_10000_5_0.75_5.opb.xz,15
OPT-LIN/normalized-PB24/pettersson/StableMatchings/SMTI/SMTI_PBO/SMTI_10000_5_0.75_6.opb.xz,15
OPT-LIN/normalized-PB24/pettersson/StableMatchings/SMTI/SMTI_PBO/SMTI_10000_5_0.75_7.opb.xz,15
OPT-LIN/normalized-PB24/pettersson/StableMatchings/SMTI/SMTI_PBO/SMTI_10000_5_0.75_8.opb.xz,15
OPT-LIN/normalized-PB24/pettersson/StableMatchings/SMTI/SMTI_PBO/SMTI_10000_5_0.75_9.opb.xz,15
OPT-LIN/normalized-PB24/pettersson/StableMatchings/SMTI/SMTI_PBO/SMTI_10000_5_0.85_1.opb.xz,15
OPT-LIN/normalized-PB24/pettersson/StableMatchings/SMTI/SMTI_PBO/SMTI_10000_5_0.85_10.opb.xz,15
OPT-LIN/normalized-PB24/pettersson/StableMatchings/SMTI/SMTI_PBO/SMTI_10000_5_0.85_2.opb.xz,15
OPT-LIN/normalized-PB24/pettersson/StableMatchings/SMTI/SMTI_PBO/SMTI_10000_5_0.85_3.opb.xz,15
OPT-LIN/normalized-PB24/pettersson/StableMatchings/SMTI/SMTI_PBO/SMTI_10000_5_0.85_4.opb.xz,15
OPT-LIN/normalized-PB24/pettersson/StableMatchings/SMTI/SMTI_PBO/SMTI_10000_5_0.85_5.opb.xz,15
OPT-LIN/normalized-PB24/pettersson/StableMatchings/SMTI/SMTI_PBO/SMTI_10000_5_0.85_6.opb.xz,15
OPT-LIN/normalized-PB24/pettersson/StableMatchings/SMTI/SMTI_PBO/SMTI_10000_5_0.85_7.opb.xz,15
OPT-LIN/normalized-PB24/pettersson/StableMatchings/SMTI/SMTI_PBO/SMTI_10000_5_0.85_8.opb.xz,15
OPT-LIN/normalized-PB24/pettersson/StableMatchings/SMTI/SMTI_PBO/SMTI_10000_5_0.85_9.opb.xz,15
OPT-LIN/normalized-PB24/pettersson/StableMatchings/SMTI/SMTI_PBO/SMTI_10000_5_0.95_1.opb.xz,15
OPT-LIN/normalized-PB24/pettersson/StableMatchings/SMTI/SMTI_PBO/SMTI_10000_5_0.95_10.opb.xz,15
OPT-LIN/normalized-PB24/pettersson/StableMatchings/SMTI/SMTI_PBO/SMTI_10000_5_0.95_2.opb.xz,15
OPT-LIN/normalized-PB24/pettersson/StableMatchings/SMTI/SMTI_PBO/SMTI_10000_5_0.95_3.opb.xz,15
OPT-LIN/normalized-PB24/pettersson/StableMatchings/SMTI/SMTI_PBO/SMTI_10000_5_0.95_4.opb.xz,15
OPT-LIN/normalized-PB24/pettersson/StableMatchings/SMTI/SMTI_PBO/SMTI_10000_5_0.95_5.opb.xz,15
OPT-LIN/normalized-PB24/pettersson/StableMatchings/SMTI/SMTI_PBO/SMTI_10000_5_0.95_6.opb.xz,15
OPT-LIN/normalized-PB24/pettersson/StableMatchings/SMTI/SMTI_PBO/SMTI_10000_5_0.95_7.opb.xz,15
OPT-LIN/normalized-PB24/pettersson/StableMatchings/SMTI/SMTI_PBO/SMTI_10000_5_0.95_8.opb.xz,15
OPT-LIN/normalized-PB24/pettersson/StableMatchings/SMTI/SMTI_PBO/SMTI_10000_5_0.95_9.opb.xz,15
OPT-LIN/normalized-PB24/pettersson/StableMatchings/SMTI/SMTI_PBO/SMTI_25000_10_0.75_1.opb.xz,16
OPT-LIN/normalized-PB24/pettersson/StableMatchings/SMTI/SMTI_PBO/SMTI_25000_10_0.75_10.opb.xz,16
OPT-LIN/normalized-PB24/pettersson/StableMatchings/SMTI/SMTI_PBO/SMTI_25000_10_0.75_2.opb.xz,16
OPT-LIN/normalized-PB24/pettersson/StableMatchings/SMTI/SMTI_PBO/SMTI_25000_10_0.75_3.opb.xz,16
OPT-LIN/normalized-PB24/pettersson/StableMatchings/SMTI/SMTI_PBO/SMTI_25000_10_0.75_4.opb.xz,16
OPT-LIN/normalized-PB24/pettersson/StableMatchings/SMTI/SMTI_PBO/SMTI_25000_10_0.75_5.opb.xz,16
OPT-LIN/normalized-PB24/pettersson/StableMatchings/SMTI/SMTI_PBO/SMTI_25000_10_0.75_6.opb.xz,16
OPT-LIN/normalized-PB24/pettersson/StableMatchings/SMTI/SMTI_PBO/SMTI_25000_10_0.75_7.opb.xz,16
OPT-LIN/normalized-PB24/pettersson/StableMatchings/SMTI/SMTI_PBO/SMTI_25000_10_0.75_8.opb.xz,16
OPT-LIN/normalized-PB24/pettersson/StableMatchings/SMTI/SMTI_PBO/SMTI_25000_10_0.75_9.opb.xz,16
OPT-LIN/normalized-PB24/pettersson/StableMatchings/SMTI/SMTI_PBO/SMTI_25000_10_0.85_1.opb.xz,16
OPT-LIN/normalized-PB24/pettersson/StableMatchings/SMTI/SMTI_PBO/SMTI_25000_10_0.85_10.opb.xz,16
OPT-LIN/normalized-PB24/pettersson/StableMatchings/SMTI/SMTI_PBO/SMTI_25000_10_0.85_2.opb.xz,16
OPT-LIN/normalized-PB24/pettersson/StableMatchings/SMTI/SMTI_PBO/SMTI_25000_10_0.85_3.opb.xz,16
OPT-LIN/normalized-PB24/pettersson/StableMatchings/SMTI/SMTI_PBO/SMTI_25000_10_0.85_4.opb.xz,16
OPT-LIN/normalized-PB24/pettersson/StableMatchings/SMTI/SMTI_PBO/SMTI_25000_10_0.85_5.opb.xz,16
OPT-LIN/normalized-PB24/pettersson/StableMatchings/SMTI/SMTI_PBO/SMTI_25000_10_0.85_6.opb.xz,16
OPT-LIN/normalized-PB24/pettersson/StableMatchings/SMTI/SMTI_PBO/SMTI_25000_10_0.85_7.opb.xz,16
OPT-LIN/normalized-PB24/pettersson/StableMatchings/SMTI/SMTI_PBO/SMTI_25000_10_0.85_8.opb.xz,16
OPT-LIN/normalized-PB24/pettersson/StableMatchings/SMTI/SMTI_PBO/SMTI_25000_10_0.85_9.opb.xz,16
OPT-LIN/normalized-PB24/pettersson/StableMatchings/SMTI/SMTI_PBO/SMTI_25000_10_0.95_1.opb.xz,16
OPT-LIN/normalized-PB24/pettersson/StableMatchings/SMTI/SMTI_PBO/SMTI_25000_10_0.95_10.opb.xz,16
OPT-LIN/normalized-PB24/pettersson/StableMatchings/SMTI/SMTI_PBO/SMTI_25000_10_0.95_2.opb.xz,16
OPT-LIN/normalized-PB24/pettersson/StableMatchings/SMTI/SMTI_PBO/SMTI_25000_10_0.95_3.opb.xz,16
OPT-LIN/normalized-PB24/pettersson/StableMatchings/SMTI/SMTI_PBO/SMTI_25000_10_0.95_4.opb.xz,16
OPT-LIN/normalized-PB24/pettersson/StableMatchings/SMTI/SMTI_PBO/SMTI_25000_10_0.95_5.opb.xz,16
OPT-LIN/normalized-PB24/pettersson/StableMatchings/SMTI/SMTI_PBO/SMTI_25000_10_0.95_6.opb.xz,16
OPT-LIN/normalized-PB24/pettersson/StableMatchings/SMTI/SMTI_PBO/SMTI_25000_10_0.95_7.opb.xz,16
OPT-LIN/normalized-PB24/pettersson/StableMatchings/SMTI/SMTI_PBO/SMTI_25000_10_0.95_8.opb.xz,16
OPT-LIN/normalized-PB24/pettersson/StableMatchings/SMTI/SMTI_PBO/SMTI_25000_10_0.95_9.opb.xz,16
OPT-LIN/normalized-PB24/pettersson/StableMatchings/SMTI/SMTI_PBO/SMTI_25000_3_0.75_1.opb.xz,16
OPT-LIN/normalized-PB24/pettersson/StableMatchings/SMTI/SMTI_PBO/SMTI_25000_3_0.75_10.opb.xz,16
OPT-LIN/normalized-PB24/pettersson/StableMatchings/SMTI/SMTI_PBO/SMTI_25000_3_0.75_2.opb.xz,16
OPT-LIN/normalized-PB24/pettersson/StableMatchings/SMTI/SMTI_PBO/SMTI_25000_3_0.75_3.opb.xz,16
OPT-LIN/normalized-PB24/pettersson/StableMatchings/SMTI/SMTI_PBO/SMTI_25000_3_0.75_4.opb.xz,16
OPT-LIN/normalized-PB24/pettersson/StableMatchings/SMTI/SMTI_PBO/SMTI_25000_3_0.75_5.opb.xz,16
OPT-LIN/normalized-PB24/pettersson/StableMatchings/SMTI/SMTI_PBO/SMTI_25000_3_0.75_6.opb.xz,16
OPT-LIN/normalized-PB24/pettersson/StableMatchings/SMTI/SMTI_PBO/SMTI_25000_3_0.75_7.opb.xz,16
OPT-LIN/normalized-PB24/pettersson/StableMatchings/SMTI/SMTI_PBO/SMTI_25000_3_0.75_8.opb.xz,16
OPT-LIN/normalized-PB24/pettersson/StableMatchings/SMTI/SMTI_PBO/SMTI_25000_3_0.75_9.opb.xz,16
OPT-LIN/normalized-PB24/pettersson/StableMatchings/SMTI/SMTI_PBO/SMTI_25000_3_0.85_1.opb.xz,16
OPT-LIN/normalized-PB24/pettersson/StableMatchings/SMTI/SMTI_PBO/SMTI_25000_3_0.85_10.opb.xz,16
OPT-LIN/normalized-PB24/pettersson/StableMatchings/SMTI/SMTI_PBO/SMTI_25000_3_0.85_2.opb.xz,16
OPT-LIN/normalized-PB24/pettersson/StableMatchings/SMTI/SMTI_PBO/SMTI_25000_3_0.85_3.opb.xz,16
OPT-LIN/normalized-PB24/pettersson/StableMatchings/SMTI/SMTI_PBO/SMTI_25000_3_0.85_4.opb.xz,16
OPT-LIN/normalized-PB24/pettersson/StableMatchings/SMTI/SMTI_PBO/SMTI_25000_3_0.85_5.opb.xz,16
OPT-LIN/normalized-PB24/pettersson/StableMatchings/SMTI/SMTI_PBO/SMTI_25000_3_0.85_6.opb.xz,16
OPT-LIN/normalized-PB24/pettersson/StableMatchings/SMTI/SMTI_PBO/SMTI_25000_3_0.85_7.opb.xz,16
OPT-LIN/normalized-PB24/pettersson/StableMatchings/SMTI/SMTI_PBO/SMTI_25000_3_0.85_8.opb.xz,16
OPT-LIN/normalized-PB24/pettersson/StableMatchings/SMTI/SMTI_PBO/SMTI_25000_3_0.85_9.opb.xz,16
OPT-LIN/normalized-PB24/pettersson/StableMatchings/SMTI/SMTI_PBO/SMTI_25000_3_0.95_1.opb.xz,16
OPT-LIN/normalized-PB24/pettersson/StableMatchings/SMTI/SMTI_PBO/SMTI_25000_3_0.95_10.opb.xz,16
OPT-LIN/normalized-PB24/pettersson/StableMatchings/SMTI/SMTI_PBO/SMTI_25000_3_0.95_2.opb.xz,16
OPT-LIN/normalized-PB24/pettersson/StableMatchings/SMTI/SMTI_PBO/SMTI_25000_3_0.95_3.opb.xz,16
OPT-LIN/normalized-PB24/pettersson/StableMatchings/SMTI/SMTI_PBO/SMTI_25000_3_0.95_4.opb.xz,16
OPT-LIN/normalized-PB24/pettersson/StableMatchings/SMTI/SMTI_PBO/SMTI_25000_3_0.95_5.opb.xz,16
OPT-LIN/normalized-PB24/pettersson/StableMatchings/SMTI/SMTI_PBO/SMTI_25000_3_0.95_6.opb.xz,16
OPT-LIN/normalized-PB24/pettersson/StableMatchings/SMTI/SMTI_PBO/SMTI_25000_3_0.95_7.opb.xz,16
OPT-LIN/normalized-PB24/pettersson/StableMatchings/SMTI/SMTI_PBO/SMTI_25000_3_0.95_8.opb.xz,16
OPT-LIN/normalized-PB24/pettersson/StableMatchings/SMTI/SMTI_PBO/SMTI_25000_3_0.95_9.opb.xz,16
OPT-LIN/normalized-PB24/pettersson/StableMatchings/SMTI/SMTI_PBO/SMTI_25000_5_0.75_1.opb.xz,16
OPT-LIN/normalized-PB24/pettersson/StableMatchings/SMTI/SMTI_PBO/SMTI_25000_5_0.75_10.opb.xz,16
OPT-LIN/normalized-PB24/pettersson/StableMatchings/SMTI/SMTI_PBO/SMTI_25000_5_0.75_2.opb.xz,16
OPT-LIN/normalized-PB24/pettersson/StableMatchings/SMTI/SMTI_PBO/SMTI_25000_5_0.75_3.opb.xz,16
OPT-LIN/normalized-PB24/pettersson/StableMatchings/SMTI/SMTI_PBO/SMTI_25000_5_0.75_4.opb.xz,16
OPT-LIN/normalized-PB24/pettersson/StableMatchings/SMTI/SMTI_PBO/SMTI_25000_5_0.75_5.opb.xz,16
OPT-LIN/normalized-PB24/pettersson/StableMatchings/SMTI/SMTI_PBO/SMTI_25000_5_0.75_6.opb.xz,16
OPT-LIN/normalized-PB24/pettersson/StableMatchings/SMTI/SMTI_PBO/SMTI_25000_5_0.75_7.opb.xz,16
OPT-LIN/normalized-PB24/pettersson/StableMatchings/SMTI/SMTI_PBO/SMTI_25000_5_0.75_8.opb.xz,16
OPT-LIN/normalized-PB24/pettersson/StableMatchings/SMTI/SMTI_PBO/SMTI_25000_5_0.75_9.opb.xz,16
OPT-LIN/normalized-PB24/pettersson/StableMatchings/SMTI/SMTI_PBO/SMTI_25000_5_0.85_1.opb.xz,16
OPT-LIN/normalized-PB24/pettersson/StableMatchings/SMTI/SMTI_PBO/SMTI_25000_5_0.85_10.opb.xz,16
OPT-LIN/normalized-PB24/pettersson/StableMatchings/SMTI/SMTI_PBO/SMTI_25000_5_0.85_2.opb.xz,16
OPT-LIN/normalized-PB24/pettersson/StableMatchings/SMTI/SMTI_PBO/SMTI_25000_5_0.85_3.opb.xz,16
OPT-LIN/normalized-PB24/pettersson/StableMatchings/SMTI/SMTI_PBO/SMTI_25000_5_0.85_4.opb.xz,16
OPT-LIN/normalized-PB24/pettersson/StableMatchings/SMTI/SMTI_PBO/SMTI_25000_5_0.85_5.opb.xz,16
OPT-LIN/normalized-PB24/pettersson/StableMatchings/SMTI/SMTI_PBO/SMTI_25000_5_0.85_6.opb.xz,16
OPT-LIN/normalized-PB24/pettersson/StableMatchings/SMTI/SMTI_PBO/SMTI_25000_5_0.85_7.opb.xz,16
OPT-LIN/normalized-PB24/pettersson/StableMatchings/SMTI/SMTI_PBO/SMTI_25000_5_0.85_8.opb.xz,16
OPT-LIN/normalized-PB24/pettersson/StableMatchings/SMTI/SMTI_PBO/SMTI_25000_5_0.85_9.opb.xz,16
OPT-LIN/normalized-PB24/pettersson/StableMatchings/SMTI/SMTI_PBO/SMTI_25000_5_0.95_1.opb.xz,16
OPT-LIN/normalized-PB24/pettersson/StableMatchings/SMTI/SMTI_PBO/SMTI_25000_5_0.95_10.opb.xz,16
OPT-LIN/normalized-PB24/pettersson/StableMatchings/SMTI/SMTI_PBO/SMTI_25000_5_0.95_2.opb.xz,16
OPT-LIN/normalized-PB24/pettersson/StableMatchings/SMTI/SMTI_PBO/SMTI_25000_5_0.95_3.opb.xz,16
OPT-LIN/normalized-PB24/pettersson/StableMatchings/SMTI/SMTI_PBO/SMTI_25000_5_0.95_4.opb.xz,16
OPT-LIN/normalized-PB24/pettersson/StableMatchings/SMTI/SMTI_PBO/SMTI_25000_5_0.95_5.opb.xz,16
OPT-LIN/normalized-PB24/pettersson/StableMatchings/SMTI/SMTI_PBO/SMTI_25000_5_0.95_6.opb.xz,16
OPT-LIN/normalized-PB24/pettersson/StableMatchings/SMTI/SMTI_PBO/SMTI_25000_5_0.95_7.opb.xz,16
OPT-LIN/normalized-PB24/pettersson/StableMatchings/SMTI/SMTI_PBO/SMTI_25000_5_0.95_8.opb.xz,16
OPT-LIN/normalized-PB24/pettersson/StableMatchings/SMTI/SMTI_PBO/SMTI_25000_5_0.95_9.opb.xz,16
OPT-LIN/normalized-PB24/pettersson/StableMatchings/SMTI/SMTI_PBO/SMTI_50000_10_0.75_1.opb.xz,17
OPT-LIN/normalized-PB24/pettersson/StableMatchings/SMTI/SMTI_PBO/SMTI_50000_10_0.75_10.opb.xz,17
OPT-LIN/normalized-PB24/pettersson/StableMatchings/SMTI/SMTI_PBO/SMTI_50000_10_0.75_2.opb.xz,17
OPT-LIN/normalized-PB24/pettersson/StableMatchings/SMTI/SMTI_PBO/SMTI_50000_10_0.75_3.opb.xz,17
OPT-LIN/normalized-PB24/pettersson/StableMatchings/SMTI/SMTI_PBO/SMTI_50000_10_0.75_4.opb.xz,17
OPT-LIN/normalized-PB24/pettersson/StableMatchings/SMTI/SMTI_PBO/SMTI_50000_10_0.75_5.opb.xz,17
OPT-LIN/normalized-PB24/pettersson/StableMatchings/SMTI/SMTI_PBO/SMTI_50000_10_0.75_6.opb.xz,17
OPT-LIN/normalized-PB24/pettersson/StableMatchings/SMTI/SMTI_PBO/SMTI_50000_10_0.75_7.opb.xz,17
OPT-LIN/normalized-PB24/pettersson/StableMatchings/SMTI/SMTI_PBO/SMTI_50000_10_0.75_8.opb.xz,17
OPT-LIN/normalized-PB24/pettersson/StableMatchings/SMTI/SMTI_PBO/SMTI_50000_10_0.75_9.opb.xz,17
OPT-LIN/normalized-PB24/pettersson/StableMatchings/SMTI/SMTI_PBO/SMTI_50000_10_0.85_1.opb.xz,17
OPT-LIN/normalized-PB24/pettersson/StableMatchings/SMTI/SMTI_PBO/SMTI_50000_10_0.85_10.opb.xz,17
OPT-LIN/normalized-PB24/pettersson/StableMatchings/SMTI/SMTI_PBO/SMTI_50000_10_0.85_2.opb.xz,17
OPT-LIN/normalized-PB24/pettersson/StableMatchings/SMTI/SMTI_PBO/SMTI_50000_10_0.85_3.opb.xz,17
OPT-LIN/normalized-PB24/pettersson/StableMatchings/SMTI/SMTI_PBO/SMTI_50000_10_0.85_4.opb.xz,17
OPT-LIN/normalized-PB24/pettersson/StableMatchings/SMTI/SMTI_PBO/SMTI_50000_10_0.85_5.opb.xz,17
OPT-LIN/normalized-PB24/pettersson/StableMatchings/SMTI/SMTI_PBO/SMTI_50000_10_0.85_6.opb.xz,17
OPT-LIN/normalized-PB24/pettersson/StableMatchings/SMTI/SMTI_PBO/SMTI_50000_10_0.85_7.opb.xz,17
OPT-LIN/normalized-PB24/pettersson/StableMatchings/SMTI/SMTI_PBO/SMTI_50000_10_0.85_8.opb.xz,17
OPT-LIN/normalized-PB24/pettersson/StableMatchings/SMTI/SMTI_PBO/SMTI_50000_10_0.85_9.opb.xz,17
OPT-LIN/normalized-PB24/pettersson/StableMatchings/SMTI/SMTI_PBO/SMTI_50000_10_0.95_1.opb.xz,17
OPT-LIN/normalized-PB24/pettersson/StableMatchings/SMTI/SMTI_PBO/SMTI_50000_10_0.95_10.opb.xz,17
OPT-LIN/normalized-PB24/pettersson/StableMatchings/SMTI/SMTI_PBO/SMTI_50000_10_0.95_2.opb.xz,17
OPT-LIN/normalized-PB24/pettersson/StableMatchings/SMTI/SMTI_PBO/SMTI_50000_10_0.95_3.opb.xz,17
OPT-LIN/normalized-PB24/pettersson/StableMatchings/SMTI/SMTI_PBO/SMTI_50000_10_0.95_4.opb.xz,17
OPT-LIN/normalized-PB24/pettersson/StableMatchings/SMTI/SMTI_PBO/SMTI_50000_10_0.95_5.opb.xz,17
OPT-LIN/normalized-PB24/pettersson/StableMatchings/SMTI/SMTI_PBO/SMTI_50000_10_0.95_6.opb.xz,17
OPT-LIN/normalized-PB24/pettersson/StableMatchings/SMTI/SMTI_PBO/SMTI_50000_10_0.95_7.opb.xz,17
OPT-LIN/normalized-PB24/pettersson/StableMatchings/SMTI/SMTI_PBO/SMTI_50000_10_0.95_8.opb.xz,17
OPT-LIN/normalized-PB24/pettersson/StableMatchings/SMTI/SMTI_PBO/SMTI_50000_10_0.95_9.opb.xz,17
OPT-LIN/normalized-PB24/pettersson/StableMatchings/SMTI/SMTI_PBO/SMTI_50000_3_0.75_1.opb.xz,17
OPT-LIN/normalized-PB24/pettersson/StableMatchings/SMTI/SMTI_PBO/SMTI_50000_3_0.75_10.opb.xz,17
OPT-LIN/normalized-PB24/pettersson/StableMatchings/SMTI/SMTI_PBO/SMTI_50000_3_0.75_2.opb.xz,17
OPT-LIN/normalized-PB24/pettersson/StableMatchings/SMTI/SMTI_PBO/SMTI_50000_3_0.75_3.opb.xz,17
OPT-LIN/normalized-PB24/pettersson/StableMatchings/SMTI/SMTI_PBO/SMTI_50000_3_0.75_4.opb.xz,17
OPT-LIN/normalized-PB24/pettersson/StableMatchings/SMTI/SMTI_PBO/SMTI_50000_3_0.75_5.opb.xz,17
OPT-LIN/normalized-PB24/pettersson/StableMatchings/SMTI/SMTI_PBO/SMTI_50000_3_0.75_6.opb.xz,17
OPT-LIN/normalized-PB24/pettersson/StableMatchings/SMTI/SMTI_PBO/SMTI_50000_3_0.75_7.opb.xz,17
OPT-LIN/normalized-PB24/pettersson/StableMatchings/SMTI/SMTI_PBO/SMTI_50000_3_0.75_8.opb.xz,17
OPT-LIN/normalized-PB24/pettersson/StableMatchings/SMTI/SMTI_PBO/SMTI_50000_3_0.75_9.opb.xz,17
OPT-LIN/normalized-PB24/pettersson/StableMatchings/SMTI/SMTI_PBO/SMTI_50000_3_0.85_1.opb.xz,17
OPT-LIN/normalized-PB24/pettersson/StableMatchings/SMTI/SMTI_PBO/SMTI_50000_3_0.85_10.opb.xz,17
OPT-LIN/normalized-PB24/pettersson/StableMatchings/SMTI/SMTI_PBO/SMTI_50000_3_0.85_2.opb.xz,17
OPT-LIN/normalized-PB24/pettersson/StableMatchings/SMTI/SMTI_PBO/SMTI_50000_3_0.85_3.opb.xz,17
OPT-LIN/normalized-PB24/pettersson/StableMatchings/SMTI/SMTI_PBO/SMTI_50000_3_0.85_4.opb.xz,17
OPT-LIN/normalized-PB24/pettersson/StableMatchings/SMTI/SMTI_PBO/SMTI_50000_3_0.85_5.opb.xz,17
OPT-LIN/normalized-PB24/pettersson/StableMatchings/SMTI/SMTI_PBO/SMTI_50000_3_0.85_6.opb.xz,17
OPT-LIN/normalized-PB24/pettersson/StableMatchings/SMTI/SMTI_PBO/SMTI_50000_3_0.85_7.opb.xz,17
OPT-LIN/normalized-PB24/pettersson/StableMatchings/SMTI/SMTI_PBO/SMTI_50000_3_0.85_8.opb.xz,17
OPT-LIN/normalized-PB24/pettersson/StableMatchings/SMTI/SMTI_PBO/SMTI_50000_3_0.85_9.opb.xz,17
OPT-LIN/normalized-PB24/pettersson/StableMatchings/SMTI/SMTI_PBO/SMTI_50000_3_0.95_1.opb.xz,17
OPT-LIN/normalized-PB24/pettersson/StableMatchings/SMTI/SMTI_PBO/SMTI_50000_3_0.95_10.opb.xz,17
OPT-LIN/normalized-PB24/pettersson/StableMatchings/SMTI/SMTI_PBO/SMTI_50000_3_0.95_2.opb.xz,17
OPT-LIN/normalized-PB24/pettersson/StableMatchings/SMTI/SMTI_PBO/SMTI_50000_3_0.95_3.opb.xz,17
OPT-LIN/normalized-PB24/pettersson/StableMatchings/SMTI/SMTI_PBO/SMTI_50000_3_0.95_4.opb.xz,17
OPT-LIN/normalized-PB24/pettersson/StableMatchings/SMTI/SMTI_PBO/SMTI_50000_3_0.95_5.opb.xz,17
OPT-LIN/normalized-PB24/pettersson/StableMatchings/SMTI/SMTI_PBO/SMTI_50000_3_0.95_6.opb.xz,17
OPT-LIN/normalized-PB24/pettersson/StableMatchings/SMTI/SMTI_PBO/SMTI_50000_3_0.95_7.opb.xz,17
OPT-LIN/normalized-PB24/pettersson/StableMatchings/SMTI/SMTI_PBO/SMTI_50000_3_0.95_8.opb.xz,17
OPT-LIN/normalized-PB24/pettersson/StableMatchings/SMTI/SMTI_PBO/SMTI_50000_3_0.95_9.opb.xz,17
OPT-LIN/normalized-PB24/pettersson/StableMatchings/SMTI/SMTI_PBO/SMTI_50000_5_0.75_1.opb.xz,17
OPT-LIN/normalized-PB24/pettersson/StableMatchings/SMTI/SMTI_PBO/SMTI_50000_5_0.75_10.opb.xz,17
OPT-LIN/normalized-PB24/pettersson/StableMatchings/SMTI/SMTI_PBO/SMTI_50000_5_0.75_2.opb.xz,17
OPT-LIN/normalized-PB24/pettersson/StableMatchings/SMTI/SMTI_PBO/SMTI_50000_5_0.75_3.opb.xz,17
OPT-LIN/normalized-PB24/pettersson/StableMatchings/SMTI/SMTI_PBO/SMTI_50000_5_0.75_4.opb.xz,17
OPT-LIN/normalized-PB24/pettersson/StableMatchings/SMTI/SMTI_PBO/SMTI_50000_5_0.75_5.opb.xz,17
OPT-LIN/normalized-PB24/pettersson/StableMatchings/SMTI/SMTI_PBO/SMTI_50000_5_0.75_6.opb.xz,17
OPT-LIN/normalized-PB24/pettersson/StableMatchings/SMTI/SMTI_PBO/SMTI_50000_5_0.75_7.opb.xz,17
OPT-LIN/normalized-PB24/pettersson/StableMatchings/SMTI/SMTI_PBO/SMTI_50000_5_0.75_8.opb.xz,17
OPT-LIN/normalized-PB24/pettersson/StableMatchings/SMTI/SMTI_PBO/SMTI_50000_5_0.75_9.opb.xz,17
OPT-LIN/normalized-PB24/pettersson/StableMatchings/SMTI/SMTI_PBO/SMTI_50000_5_0.85_1.opb.xz,17
OPT-LIN/normalized-PB24/pettersson/StableMatchings/SMTI/SMTI_PBO/SMTI_50000_5_0.85_10.opb.xz,17
OPT-LIN/normalized-PB24/pettersson/StableMatchings/SMTI/SMTI_PBO/SMTI_50000_5_0.85_2.opb.xz,17
OPT-LIN/normalized-PB24/pettersson/StableMatchings/SMTI/SMTI_PBO/SMTI_50000_5_0.85_3.opb.xz,17
OPT-LIN/normalized-PB24/pettersson/StableMatchings/SMTI/SMTI_PBO/SMTI_50000_5_0.85_4.opb.xz,17
OPT-LIN/normalized-PB24/pettersson/StableMatchings/SMTI/SMTI_PBO/SMTI_50000_5_0.85_5.opb.xz,17
OPT-LIN/normalized-PB24/pettersson/StableMatchings/SMTI/SMTI_PBO/SMTI_50000_5_0.85_6.opb.xz,17
OPT-LIN/normalized-PB24/pettersson/StableMatchings/SMTI/SMTI_PBO/SMTI_50000_5_0.85_7.opb.xz,17
OPT-LIN/normalized-PB24/pettersson/StableMatchings/SMTI/SMTI_PBO/SMTI_50000_5_0.85_8.opb.xz,17
OPT-LIN/normalized-PB24/pettersson/StableMatchings/SMTI/SMTI_PBO/SMTI_50000_5_0.85_9.opb.xz,17
OPT-LIN/normalized-PB24/pettersson/StableMatchings/SMTI/SMTI_PBO/SMTI_50000_5_0.95_1.opb.xz,17
OPT-LIN/normalized-PB24/pettersson/StableMatchings/SMTI/SMTI_PBO/SMTI_50000_5_0.95_10.opb.xz,17
OPT-LIN/normalized-PB24/pettersson/StableMatchings/SMTI/SMTI_PBO/SMTI_50000_5_0.95_2.opb.xz,17
OPT-LIN/normalized-PB24/pettersson/StableMatchings/SMTI/SMTI_PBO/SMTI_50000_5_0.95_3.opb.xz,17
OPT-LIN/normalized-PB24/pettersson/StableMatchings/SMTI/SMTI_PBO/SMTI_50000_5_0.95_4.opb.xz,17
OPT-LIN/normalized-PB24/pettersson/StableMatchings/SMTI/SMTI_PBO/SMTI_50000_5_0.95_5.opb.xz,17
OPT-LIN/normalized-PB24/pettersson/StableMatchings/SMTI/SMTI_PBO/SMTI_50000_5_0.95_6.opb.xz,17
OPT-LIN/normalized-PB24/pettersson/StableMatchings/SMTI/SMTI_PBO/SMTI_50000_5_0.95_7.opb.xz,17
OPT-LIN/normalized-PB24/pettersson/StableMatchings/SMTI/SMTI_PBO/SMTI_50000_5_0.95_8.opb.xz,17
OPT-LIN/normalized-PB24/pettersson/StableMatchings/SMTI/SMTI_PBO/SMTI_50000_5_0.95_9.opb.xz,17
OPT-LIN/normalized-PB24/pettersson/StableMatchings/SMTI/x1/Init-x1-i10_pp_80_merged.opb.xz,11
OPT-LIN/normalized-PB24/pettersson/StableMatchings/SMTI/x1/Init-x1-i10_pp_81_merged.opb.xz,11
OPT-LIN/normalized-PB24/pettersson/StableMatchings/SMTI/x1/Init-x1-i10_pp_82_merged.opb.xz,11
OPT-LIN/normalized-PB24/pettersson/StableMatchings/SMTI/x1/Init-x1-i10_pp_83_merged.opb.xz,11
OPT-LIN/normalized-PB24/pettersson/StableMatchings/SMTI/x1/Init-x1-i10_pp_84_merged.opb.xz,11
OPT-LIN/normalized-PB24/pettersson/StableMatchings/SMTI/x1/Init-x1-i10_pp_85_merged.opb.xz,11
OPT-LIN/normalized-PB24/pettersson/StableMatchings/SMTI/x1/Init-x1-i10_pp_86_merged.opb.xz,11
OPT-LIN/normalized-PB24/pettersson/StableMatchings/SMTI/x1/Init-x1-i10_pp_87_merged.opb.xz,11
OPT-LIN/normalized-PB24/pettersson/StableMatchings/SMTI/x1/Init-x1-i10_pp_88_merged.opb.xz,11
OPT-LIN/normalized-PB24/pettersson/StableMatchings/SMTI/x1/Init-x1-i10_pp_89_merged.opb.xz,11
OPT-LIN/normalized-PB24/pettersson/StableMatchings/SMTI/x1/Init-x1-i10_pp_90_merged.opb.xz,11
OPT-LIN/normalized-PB24/pettersson/StableMatchings/SMTI/x1/Init-x1-i10_pp_91_merged.opb.xz,11
OPT-LIN/normalized-PB24/pettersson/StableMatchings/SMTI/x1/Init-x1-i10_pp_92_merged.opb.xz,11
OPT-LIN/normalized-PB24/pettersson/StableMatchings/SMTI/x1/Init-x1-i10_pp_93_merged.opb.xz,11
OPT-LIN/normalized-PB24/pettersson/StableMatchings/SMTI/x1/Init-x1-i10_pp_94_merged.opb.xz,11
OPT-LIN/normalized-PB24/pettersson/StableMatchings/SMTI/x1/Init-x1-i10_pp_95_merged.opb.xz,11
OPT-LIN/normalized-PB24/pettersson/StableMatchings/SMTI/x1/Init-x1-i10_pp_96_merged.opb.xz,11
OPT-LIN/normalized-PB24/pettersson/StableMatchings/SMTI/x1/Init-x1-i10_pp_97_merged.opb.xz,11
OPT-LIN/normalized-PB24/pettersson/StableMatchings/SMTI/x1/Init-x1-i10_pp_98_merged.opb.xz,11
OPT-LIN/normalized-PB24/pettersson/StableMatchings/SMTI/x1/Init-x1-i10_pp_99_merged.opb.xz,11
OPT-LIN/normalized-PB24/pettersson/StableMatchings/SMTI/x1/Init-x1-i1_pp_80_merged.opb.xz,11
OPT-LIN/normalized-PB24/pettersson/StableMatchings/SMTI/x1/Init-x1-i1_pp_81_merged.opb.xz,11
OPT-LIN/normalized-PB24/pettersson/StableMatchings/SMTI/x1/Init-x1-i1_pp_82_merged.opb.xz,11
OPT-LIN/normalized-PB24/pettersson/StableMatchings/SMTI/x1/Init-x1-i1_pp_83_merged.opb.xz,11
OPT-LIN/normalized-PB24/pettersson/StableMatchings/SMTI/x1/Init-x1-i1_pp_84_merged.opb.xz,11
OPT-LIN/normalized-PB24/pettersson/StableMatchings/SMTI/x1/Init-x1-i1_pp_85_merged.opb.xz,11
OPT-LIN/normalized-PB24/pettersson/StableMatchings/SMTI/x1/Init-x1-i1_pp_86_merged.opb.xz,11
OPT-LIN/normalized-PB24/pettersson/StableMatchings/SMTI/x1/Init-x1-i1_pp_87_merged.opb.xz,11
OPT-LIN/normalized-PB24/pettersson/StableMatchings/SMTI/x1/Init-x1-i1_pp_88_merged.opb.xz,11
OPT-LIN/normalized-PB24/pettersson/StableMatchings/SMTI/x1/Init-x1-i1_pp_89_merged.opb.xz,11
OPT-LIN/normalized-PB24/pettersson/StableMatchings/SMTI/x1/Init-x1-i1_pp_90_merged.opb.xz,11
OPT-LIN/normalized-PB24/pettersson/StableMatchings/SMTI/x1/Init-x1-i1_pp_91_merged.opb.xz,11
OPT-LIN/normalized-PB24/pettersson/StableMatchings/SMTI/x1/Init-x1-i1_pp_92_merged.opb.xz,11
OPT-LIN/normalized-PB24/pettersson/StableMatchings/SMTI/x1/Init-x1-i1_pp_93_merged.opb.xz,11
OPT-LIN/normalized-PB24/pettersson/StableMatchings/SMTI/x1/Init-x1-i1_pp_94_merged.opb.xz,11
OPT-LIN/normalized-PB24/pettersson/StableMatchings/SMTI/x1/Init-x1-i1_pp_95_merged.opb.xz,11
OPT-LIN/normalized-PB24/pettersson/StableMatchings/SMTI/x1/Init-x1-i1_pp_96_merged.opb.xz,11
OPT-LIN/normalized-PB24/pettersson/StableMatchings/SMTI/x1/Init-x1-i1_pp_97_merged.opb.xz,11
OPT-LIN/normalized-PB24/pettersson/StableMatchings/SMTI/x1/Init-x1-i1_pp_98_merged.opb.xz,11
OPT-LIN/normalized-PB24/pettersson/StableMatchings/SMTI/x1/Init-x1-i1_pp_99_merged.opb.xz,11
OPT-LIN/normalized-PB24/pettersson/StableMatchings/SMTI/x1/Init-x1-i2_pp_80_merged.opb.xz,11
OPT-LIN/normalized-PB24/pettersson/StableMatchings/SMTI/x1/Init-x1-i2_pp_81_merged.opb.xz,11
OPT-LIN/normalized-PB24/pettersson/StableMatchings/SMTI/x1/Init-x1-i2_pp_82_merged.opb.xz,11
OPT-LIN/normalized-PB24/pettersson/StableMatchings/SMTI/x1/Init-x1-i2_pp_83_merged.opb.xz,11
OPT-LIN/normalized-PB24/pettersson/StableMatchings/SMTI/x1/Init-x1-i2_pp_84_merged.opb.xz,11
OPT-LIN/normalized-PB24/pettersson/StableMatchings/SMTI/x1/Init-x1-i2_pp_85_merged.opb.xz,11
OPT-LIN/normalized-PB24/pettersson/StableMatchings/SMTI/x1/Init-x1-i2_pp_86_merged.opb.xz,11
OPT-LIN/normalized-PB24/pettersson/StableMatchings/SMTI/x1/Init-x1-i2_pp_87_merged.opb.xz,11
OPT-LIN/normalized-PB24/pettersson/StableMatchings/SMTI/x1/Init-x1-i2_pp_88_merged.opb.xz,11
OPT-LIN/normalized-PB24/pettersson/StableMatchings/SMTI/x1/Init-x1-i2_pp_89_merged.opb.xz,11
OPT-LIN/normalized-PB24/pettersson/StableMatchings/SMTI/x1/Init-x1-i2_pp_90_merged.opb.xz,11
OPT-LIN/normalized-PB24/pettersson/StableMatchings/SMTI/x1/Init-x1-i2_pp_91_merged.opb.xz,11
OPT-LIN/normalized-PB24/pettersson/StableMatchings/SMTI/x1/Init-x1-i2_pp_92_merged.opb.xz,11
OPT-LIN/normalized-PB24/pettersson/StableMatchings/SMTI/x1/Init-x1-i2_pp_93_merged.opb.xz,11
OPT-LIN/normalized-PB24/pettersson/StableMatchings/SMTI/x1/Init-x1-i2_pp_94_merged.opb.xz,11
OPT-LIN/normalized-PB24/pettersson/StableMatchings/SMTI/x1/Init-x1-i2_pp_95_merged.opb.xz,11
OPT-LIN/normalized-PB24/pettersson/StableMatchings/SMTI/x1/Init-x1-i2_pp_96_merged.opb.xz,11
OPT-LIN/normalized-PB24/pettersson/StableMatchings/SMTI/x1/Init-x1-i2_pp_97_merged.opb.xz,11
OPT-LIN/normalized-PB24/pettersson/StableMatchings/SMTI/x1/Init-x1-i2_pp_98_merged.opb.xz,11
OPT-LIN/normalized-PB24/pettersson/StableMatchings/SMTI/x1/Init-x1-i2_pp_99_merged.opb.xz,11
OPT-LIN/normalized-PB24/pettersson/StableMatchings/SMTI/x1/Init-x1-i3_pp_100_merged.opb.xz,11
OPT-LIN/normalized-PB24/pettersson/StableMatchings/SMTI/x1/Init-x1-i3_pp_80_merged.opb.xz,11
OPT-LIN/normalized-PB24/pettersson/StableMatchings/SMTI/x1/Init-x1-i3_pp_81_merged.opb.xz,11
OPT-LIN/normalized-PB24/pettersson/StableMatchings/SMTI/x1/Init-x1-i3_pp_82_merged.opb.xz,11
OPT-LIN/normalized-PB24/pettersson/StableMatchings/SMTI/x1/Init-x1-i3_pp_83_merged.opb.xz,11
OPT-LIN/normalized-PB24/pettersson/StableMatchings/SMTI/x1/Init-x1-i3_pp_84_merged.opb.xz,11
OPT-LIN/normalized-PB24/pettersson/StableMatchings/SMTI/x1/Init-x1-i3_pp_85_merged.opb.xz,11
OPT-LIN/normalized-PB24/pettersson/StableMatchings/SMTI/x1/Init-x1-i3_pp_86_merged.opb.xz,11
OPT-LIN/normalized-PB24/pettersson/StableMatchings/SMTI/x1/Init-x1-i3_pp_87_merged.opb.xz,11
OPT-LIN/normalized-PB24/pettersson/StableMatchings/SMTI/x1/Init-x1-i3_pp_88_merged.opb.xz,11
OPT-LIN/normalized-PB24/pettersson/StableMatchings/SMTI/x1/Init-x1-i3_pp_89_merged.opb.xz,11
OPT-LIN/normalized-PB24/pettersson/StableMatchings/SMTI/x1/Init-x1-i3_pp_90_merged.opb.xz,11
OPT-LIN/normalized-PB24/pettersson/StableMatchings/SMTI/x1/Init-x1-i3_pp_91_merged.opb.xz,11
OPT-LIN/normalized-PB24/pettersson/StableMatchings/SMTI/x1/Init-x1-i3_pp_92_merged.opb.xz,11
OPT-LIN/normalized-PB24/pettersson/StableMatchings/SMTI/x1/Init-x1-i3_pp_93_merged.opb.xz,11
OPT-LIN/normalized-PB24/pettersson/StableMatchings/SMTI/x1/Init-x1-i3_pp_94_merged.opb.xz,11
OPT-LIN/normalized-PB24/pettersson/StableMatchings/SMTI/x1/Init-x1-i3_pp_95_merged.opb.xz,11
OPT-LIN/normalized-PB24/pettersson/StableMatchings/SMTI/x1/Init-x1-i3_pp_96_merged.opb.xz,11
OPT-LIN/normalized-PB24/pettersson/StableMatchings/SMTI/x1/Init-x1-i3_pp_97_merged.opb.xz,11
OPT-LIN/normalized-PB24/pettersson/StableMatchings/SMTI/x1/Init-x1-i3_pp_98_merged.opb.xz,11
OPT-LIN/normalized-PB24/pettersson/StableMatchings/SMTI/x1/Init-x1-i4_pp_80_merged.opb.xz,11
OPT-LIN/normalized-PB24/pettersson/StableMatchings/SMTI/x1/Init-x1-i4_pp_81_merged.opb.xz,11
OPT-LIN/normalized-PB24/pettersson/StableMatchings/SMTI/x1/Init-x1-i4_pp_82_merged.opb.xz,11
OPT-LIN/normalized-PB24/pettersson/StableMatchings/SMTI/x1/Init-x1-i4_pp_83_merged.opb.xz,11
OPT-LIN/normalized-PB24/pettersson/StableMatchings/SMTI/x1/Init-x1-i4_pp_84_merged.opb.xz,11
OPT-LIN/normalized-PB24/pettersson/StableMatchings/SMTI/x1/Init-x1-i4_pp_85_merged.opb.xz,11
OPT-LIN/normalized-PB24/pettersson/StableMatchings/SMTI/x1/Init-x1-i4_pp_86_merged.opb.xz,11
OPT-LIN/normalized-PB24/pettersson/StableMatchings/SMTI/x1/Init-x1-i4_pp_87_merged.opb.xz,11
OPT-LIN/normalized-PB24/pettersson/StableMatchings/SMTI/x1/Init-x1-i4_pp_88_merged.opb.xz,11
OPT-LIN/normalized-PB24/pettersson/StableMatchings/SMTI/x1/Init-x1-i4_pp_89_merged.opb.xz,11
OPT-LIN/normalized-PB24/pettersson/StableMatchings/SMTI/x1/Init-x1-i4_pp_90_merged.opb.xz,11
OPT-LIN/normalized-PB24/pettersson/StableMatchings/SMTI/x1/Init-x1-i4_pp_91_merged.opb.xz,11
OPT-LIN/normalized-PB24/pettersson/StableMatchings/SMTI/x1/Init-x1-i4_pp_92_merged.opb.xz,11
OPT-LIN/normalized-PB24/pettersson/StableMatchings/SMTI/x1/Init-x1-i4_pp_93_merged.opb.xz,11
OPT-LIN/normalized-PB24/pettersson/StableMatchings/SMTI/x1/Init-x1-i4_pp_94_merged.opb.xz,11
OPT-LIN/normalized-PB24/pettersson/StableMatchings/SMTI/x1/Init-x1-i4_pp_95_merged.opb.xz,11
OPT-LIN/normalized-PB24/pettersson/StableMatchings/SMTI/x1/Init-x1-i4_pp_96_merged.opb.xz,11
OPT-LIN/normalized-PB24/pettersson/StableMatchings/SMTI/x1/Init-x1-i4_pp_97_merged.opb.xz,11
OPT-LIN/normalized-PB24/pettersson/StableMatchings/SMTI/x1/Init-x1-i4_pp_98_merged.opb.xz,11
OPT-LIN/normalized-PB24/pettersson/StableMatchings/SMTI/x1/Init-x1-i4_pp_99_merged.opb.xz,11
OPT-LIN/normalized-PB24/pettersson/StableMatchings/SMTI/x1/Init-x1-i5_pp_100_merged.opb.xz,11
OPT-LIN/normalized-PB24/pettersson/StableMatchings/SMTI/x1/Init-x1-i5_pp_80_merged.opb.xz,11
OPT-LIN/normalized-PB24/pettersson/StableMatchings/SMTI/x1/Init-x1-i5_pp_81_merged.opb.xz,11
OPT-LIN/normalized-PB24/pettersson/StableMatchings/SMTI/x1/Init-x1-i5_pp_82_merged.opb.xz,11
OPT-LIN/normalized-PB24/pettersson/StableMatchings/SMTI/x1/Init-x1-i5_pp_83_merged.opb.xz,11
OPT-LIN/normalized-PB24/pettersson/StableMatchings/SMTI/x1/Init-x1-i5_pp_84_merged.opb.xz,11
OPT-LIN/normalized-PB24/pettersson/StableMatchings/SMTI/x1/Init-x1-i5_pp_85_merged.opb.xz,11
OPT-LIN/normalized-PB24/pettersson/StableMatchings/SMTI/x1/Init-x1-i5_pp_86_merged.opb.xz,11
OPT-LIN/normalized-PB24/pettersson/StableMatchings/SMTI/x1/Init-x1-i5_pp_87_merged.opb.xz,11
OPT-LIN/normalized-PB24/pettersson/StableMatchings/SMTI/x1/Init-x1-i5_pp_88_merged.opb.xz,11
OPT-LIN/normalized-PB24/pettersson/StableMatchings/SMTI/x1/Init-x1-i5_pp_89_merged.opb.xz,11
OPT-LIN/normalized-PB24/pettersson/StableMatchings/SMTI/x1/Init-x1-i5_pp_90_merged.opb.xz,11
OPT-LIN/normalized-PB24/pettersson/StableMatchings/SMTI/x1/Init-x1-i5_pp_91_merged.opb.xz,11
OPT-LIN/normalized-PB24/pettersson/StableMatchings/SMTI/x1/Init-x1-i5_pp_92_merged.opb.xz,11
OPT-LIN/normalized-PB24/pettersson/StableMatchings/SMTI/x1/Init-x1-i5_pp_93_merged.opb.xz,11
OPT-LIN/normalized-PB24/pettersson/StableMatchings/SMTI/x1/Init-x1-i5_pp_94_merged.opb.xz,11
OPT-LIN/normalized-PB24/pettersson/StableMatchings/SMTI/x1/Init-x1-i5_pp_95_merged.opb.xz,11
OPT-LIN/normalized-PB24/pettersson/StableMatchings/SMTI/x1/Init-x1-i5_pp_96_merged.opb.xz,11
OPT-LIN/normalized-PB24/pettersson/StableMatchings/SMTI/x1/Init-x1-i5_pp_97_merged.opb.xz,11
OPT-LIN/normalized-PB24/pettersson/StableMatchings/SMTI/x1/Init-x1-i5_pp_98_merged.opb.xz,11
OPT-LIN/normalized-PB24/pettersson/StableMatchings/SMTI/x1/Init-x1-i6_pp_80_merged.opb.xz,11
OPT-LIN/normalized-PB24/pettersson/StableMatchings/SMTI/x1/Init-x1-i6_pp_81_merged.opb.xz,11
OPT-LIN/normalized-PB24/pettersson/StableMatchings/SMTI/x1/Init-x1-i6_pp_82_merged.opb.xz,11
OPT-LIN/normalized-PB24/pettersson/StableMatchings/SMTI/x1/Init-x1-i6_pp_83_merged.opb.xz,11
OPT-LIN/normalized-PB24/pettersson/StableMatchings/SMTI/x1/Init-x1-i6_pp_84_merged.opb.xz,11
OPT-LIN/normalized-PB24/pettersson/StableMatchings/SMTI/x1/Init-x1-i6_pp_85_merged.opb.xz,11
OPT-LIN/normalized-PB24/pettersson/StableMatchings/SMTI/x1/Init-x1-i6_pp_86_merged.opb.xz,11
OPT-LIN/normalized-PB24/pettersson/StableMatchings/SMTI/x1/Init-x1-i6_pp_87_merged.opb.xz,11
OPT-LIN/normalized-PB24/pettersson/StableMatchings/SMTI/x1/Init-x1-i6_pp_88_merged.opb.xz,11
OPT-LIN/normalized-PB24/pettersson/StableMatchings/SMTI/x1/Init-x1-i6_pp_89_merged.opb.xz,11
OPT-LIN/normalized-PB24/pettersson/StableMatchings/SMTI/x1/Init-x1-i6_pp_90_merged.opb.xz,11
OPT-LIN/normalized-PB24/pettersson/StableMatchings/SMTI/x1/Init-x1-i6_pp_91_merged.opb.xz,11
OPT-LIN/normalized-PB24/pettersson/StableMatchings/SMTI/x1/Init-x1-i6_pp_92_merged.opb.xz,11
OPT-LIN/normalized-PB24/pettersson/StableMatchings/SMTI/x1/Init-x1-i6_pp_93_merged.opb.xz,11
OPT-LIN/normalized-PB24/pettersson/StableMatchings/SMTI/x1/Init-x1-i6_pp_94_merged.opb.xz,11
OPT-LIN/normalized-PB24/pettersson/StableMatchings/SMTI/x1/Init-x1-i6_pp_95_merged.opb.xz,11
OPT-LIN/normalized-PB24/pettersson/StableMatchings/SMTI/x1/Init-x1-i6_pp_96_merged.opb.xz,11
OPT-LIN/normalized-PB24/pettersson/StableMatchings/SMTI/x1/Init-x1-i6_pp_97_merged.opb.xz,11
OPT-LIN/normalized-PB24/pettersson/StableMatchings/SMTI/x1/Init-x1-i6_pp_98_merged.opb.xz,11
OPT-LIN/normalized-PB24/pettersson/StableMatchings/SMTI/x1/Init-x1-i6_pp_99_merged.opb.xz,11
OPT-LIN/normalized-PB24/pettersson/StableMatchings/SMTI/x1/Init-x1-i7_pp_80_merged.opb.xz,11
OPT-LIN/normalized-PB24/pettersson/StableMatchings/SMTI/x1/Init-x1-i7_pp_81_merged.opb.xz,11
OPT-LIN/normalized-PB24/pettersson/StableMatchings/SMTI/x1/Init-x1-i7_pp_82_merged.opb.xz,11
OPT-LIN/normalized-PB24/pettersson/StableMatchings/SMTI/x1/Init-x1-i7_pp_83_merged.opb.xz,11
OPT-LIN/normalized-PB24/pettersson/StableMatchings/SMTI/x1/Init-x1-i7_pp_84_merged.opb.xz,11
OPT-LIN/normalized-PB24/pettersson/StableMatchings/SMTI/x1/Init-x1-i7_pp_85_merged.opb.xz,11
OPT-LIN/normalized-PB24/pettersson/StableMatchings/SMTI/x1/Init-x1-i7_pp_86_merged.opb.xz,11
OPT-LIN/normalized-PB24/pettersson/StableMatchings/SMTI/x1/Init-x1-i7_pp_87_merged.opb.xz,11
OPT-LIN/normalized-PB24/pettersson/StableMatchings/SMTI/x1/Init-x1-i7_pp_88_merged.opb.xz,11
OPT-LIN/normalized-PB24/pettersson/StableMatchings/SMTI/x1/Init-x1-i7_pp_89_merged.opb.xz,11
OPT-LIN/normalized-PB24/pettersson/StableMatchings/SMTI/x1/Init-x1-i7_pp_90_merged.opb.xz,11
OPT-LIN/normalized-PB24/pettersson/StableMatchings/SMTI/x1/Init-x1-i7_pp_91_merged.opb.xz,11
OPT-LIN/normalized-PB24/pettersson/StableMatchings/SMTI/x1/Init-x1-i7_pp_92_merged.opb.xz,11
OPT-LIN/normalized-PB24/pettersson/StableMatchings/SMTI/x1/Init-x1-i7_pp_93_merged.opb.xz,11
OPT-LIN/normalized-PB24/pettersson/StableMatchings/SMTI/x1/Init-x1-i7_pp_94_merged.opb.xz,11
OPT-LIN/normalized-PB24/pettersson/StableMatchings/SMTI/x1/Init-x1-i7_pp_95_merged.opb.xz,11
OPT-LIN/normalized-PB24/pettersson/StableMatchings/SMTI/x1/Init-x1-i7_pp_96_merged.opb.xz,11
OPT-LIN/normalized-PB24/pettersson/StableMatchings/SMTI/x1/Init-x1-i7_pp_97_merged.opb.xz,11
OPT-LIN/normalized-PB24/pettersson/StableMatchings/SMTI/x1/Init-x1-i7_pp_98_merged.opb.xz,11
OPT-LIN/normalized-PB24/pettersson/StableMatchings/SMTI/x1/Init-x1-i7_pp_99_merged.opb.xz,11
OPT-LIN/normalized-PB24/pettersson/StableMatchings/SMTI/x1/Init-x1-i8_pp_100_merged.opb.xz,11
OPT-LIN/normalized-PB24/pettersson/StableMatchings/SMTI/x1/Init-x1-i8_pp_80_merged.opb.xz,11
OPT-LIN/normalized-PB24/pettersson/StableMatchings/SMTI/x1/Init-x1-i8_pp_81_merged.opb.xz,11
OPT-LIN/normalized-PB24/pettersson/StableMatchings/SMTI/x1/Init-x1-i8_pp_82_merged.opb.xz,11
OPT-LIN/normalized-PB24/pettersson/StableMatchings/SMTI/x1/Init-x1-i8_pp_83_merged.opb.xz,11
OPT-LIN/normalized-PB24/pettersson/StableMatchings/SMTI/x1/Init-x1-i8_pp_84_merged.opb.xz,11
OPT-LIN/normalized-PB24/pettersson/StableMatchings/SMTI/x1/Init-x1-i8_pp_85_merged.opb.xz,11
OPT-LIN/normalized-PB24/pettersson/StableMatchings/SMTI/x1/Init-x1-i8_pp_86_merged.opb.xz,11
OPT-LIN/normalized-PB24/pettersson/StableMatchings/SMTI/x1/Init-x1-i8_pp_87_merged.opb.xz,11
OPT-LIN/normalized-PB24/pettersson/StableMatchings/SMTI/x1/Init-x1-i8_pp_88_merged.opb.xz,11
OPT-LIN/normalized-PB24/pettersson/StableMatchings/SMTI/x1/Init-x1-i8_pp_89_merged.opb.xz,11
OPT-LIN/normalized-PB24/pettersson/StableMatchings/SMTI/x1/Init-x1-i8_pp_90_merged.opb.xz,11
OPT-LIN/normalized-PB24/pettersson/StableMatchings/SMTI/x1/Init-x1-i8_pp_91_merged.opb.xz,11
OPT-LIN/normalized-PB24/pettersson/StableMatchings/SMTI/x1/Init-x1-i8_pp_92_merged.opb.xz,11
OPT-LIN/normalized-PB24/pettersson/StableMatchings/SMTI/x1/Init-x1-i8_pp_93_merged.opb.xz,11
OPT-LIN/normalized-PB24/pettersson/StableMatchings/SMTI/x1/Init-x1-i8_pp_94_merged.opb.xz,11
OPT-LIN/normalized-PB24/pettersson/StableMatchings/SMTI/x1/Init-x1-i8_pp_95_merged.opb.xz,11
OPT-LIN/normalized-PB24/pettersson/StableMatchings/SMTI/x1/Init-x1-i8_pp_96_merged.opb.xz,11
OPT-LIN/normalized-PB24/pettersson/StableMatchings/SMTI/x1/Init-x1-i8_pp_97_merged.opb.xz,11
OPT-LIN/normalized-PB24/pettersson/StableMatchings/SMTI/x1/Init-x1-i8_pp_98_merged.opb.xz,11
OPT-LIN/normalized-PB24/pettersson/StableMatchings/SMTI/x1/Init-x1-i9_pp_100_merged.opb.xz,11
OPT-LIN/normalized-PB24/pettersson/StableMatchings/SMTI/x1/Init-x1-i9_pp_80_merged.opb.xz,11
OPT-LIN/normalized-PB24/pettersson/StableMatchings/SMTI/x1/Init-x1-i9_pp_81_merged.opb.xz,11
OPT-LIN/normalized-PB24/pettersson/StableMatchings/SMTI/x1/Init-x1-i9_pp_82_merged.opb.xz,11
OPT-LIN/normalized-PB24/pettersson/StableMatchings/SMTI/x1/Init-x1-i9_pp_83_merged.opb.xz,11
OPT-LIN/normalized-PB24/pettersson/StableMatchings/SMTI/x1/Init-x1-i9_pp_84_merged.opb.xz,11
OPT-LIN/normalized-PB24/pettersson/StableMatchings/SMTI/x1/Init-x1-i9_pp_85_merged.opb.xz,11
OPT-LIN/normalized-PB24/pettersson/StableMatchings/SMTI/x1/Init-x1-i9_pp_86_merged.opb.xz,11
OPT-LIN/normalized-PB24/pettersson/StableMatchings/SMTI/x1/Init-x1-i9_pp_87_merged.opb.xz,11
OPT-LIN/normalized-PB24/pettersson/StableMatchings/SMTI/x1/Init-x1-i9_pp_88_merged.opb.xz,11
OPT-LIN/normalized-PB24/pettersson/StableMatchings/SMTI/x1/Init-x1-i9_pp_89_merged.opb.xz,11
OPT-LIN/normalized-PB24/pettersson/StableMatchings/SMTI/x1/Init-x1-i9_pp_90_merged.opb.xz,11
OPT-LIN/normalized-PB24/pettersson/StableMatchings/SMTI/x1/Init-x1-i9_pp_91_merged.opb.xz,11
OPT-LIN/normalized-PB24/pettersson/StableMatchings/SMTI/x1/Init-x1-i9_pp_92_merged.opb.xz,11
OPT-LIN/normalized-PB24/pettersson/StableMatchings/SMTI/x1/Init-x1-i9_pp_93_merged.opb.xz,11
OPT-LIN/normalized-PB24/pettersson/StableMatchings/SMTI/x1/Init-x1-i9_pp_94_merged.opb.xz,11
OPT-LIN/normalized-PB24/pettersson/StableMatchings/SMTI/x1/Init-x1-i9_pp_95_merged.opb.xz,11
OPT-LIN/normalized-PB24/pettersson/StableMatchings/SMTI/x1/Init-x1-i9_pp_96_merged.opb.xz,11
OPT-LIN/normalized-PB24/pettersson/StableMatchings/SMTI/x1/Init-x1-i9_pp_97_merged.opb.xz,11
OPT-LIN/normalized-PB24/pettersson/StableMatchings/SMTI/x1/Init-x1-i9_pp_98_merged.opb.xz,11
OPT-LIN/normalized-PB24/pettersson/StableMatchings/SMTI/x2/Init-x2-i10_pp_100.opb.xz,12
OPT-LIN/normalized-PB24/pettersson/StableMatchings/SMTI/x2/Init-x2-i10_pp_80.opb.xz,12
OPT-LIN/normalized-PB24/pettersson/StableMatchings/SMTI/x2/Init-x2-i10_pp_81.opb.xz,12
OPT-LIN/normalized-PB24/pettersson/StableMatchings/SMTI/x2/Init-x2-i10_pp_82.opb.xz,12
OPT-LIN/normalized-PB24/pettersson/StableMatchings/SMTI/x2/Init-x2-i10_pp_83.opb.xz,12
OPT-LIN/normalized-PB24/pettersson/StableMatchings/SMTI/x2/Init-x2-i10_pp_84.opb.xz,12
OPT-LIN/normalized-PB24/pettersson/StableMatchings/SMTI/x2/Init-x2-i10_pp_85.opb.xz,12
OPT-LIN/normalized-PB24/pettersson/StableMatchings/SMTI/x2/Init-x2-i10_pp_86.opb.xz,12
OPT-LIN/normalized-PB24/pettersson/StableMatchings/SMTI/x2/Init-x2-i10_pp_87.opb.xz,12
OPT-LIN/normalized-PB24/pettersson/StableMatchings/SMTI/x2/Init-x2-i10_pp_88.opb.xz,12
OPT-LIN/normalized-PB24/pettersson/StableMatchings/SMTI/x2/Init-x2-i10_pp_89.opb.xz,12
OPT-LIN/normalized-PB24/pettersson/StableMatchings/SMTI/x2/Init-x2-i10_pp_90.opb.xz,12
OPT-LIN/normalized-PB24/pettersson/StableMatchings/SMTI/x2/Init-x2-i10_pp_91.opb.xz,12
OPT-LIN/normalized-PB24/pettersson/StableMatchings/SMTI/x2/Init-x2-i10_pp_92.opb.xz,12
OPT-LIN/normalized-PB24/pettersson/StableMatchings/SMTI/x2/Init-x2-i10_pp_93.opb.xz,12
OPT-LIN/normalized-PB24/pettersson/StableMatchings/SMTI/x2/Init-x2-i10_pp_94.opb.xz,12
OPT-LIN/normalized-PB24/pettersson/StableMatchings/SMTI/x2/Init-x2-i10_pp_95.opb.xz,12
OPT-LIN/normalized-PB24/pettersson/StableMatchings/SMTI/x2/Init-x2-i10_pp_96.opb.xz,12
OPT-LIN/normalized-PB24/pettersson/StableMatchings/SMTI/x2/Init-x2-i10_pp_97.opb.xz,12
OPT-LIN/normalized-PB24/pettersson/StableMatchings/SMTI/x2/Init-x2-i10_pp_98.opb.xz,12
OPT-LIN/normalized-PB24/pettersson/StableMatchings/SMTI/x2/Init-x2-i1_pp_100.opb.xz,12
OPT-LIN/normalized-PB24/pettersson/StableMatchings/SMTI/x2/Init-x2-i1_pp_80.opb.xz,12
OPT-LIN/normalized-PB24/pettersson/StableMatchings/SMTI/x2/Init-x2-i1_pp_81.opb.xz,12
OPT-LIN/normalized-PB24/pettersson/StableMatchings/SMTI/x2/Init-x2-i1_pp_82.opb.xz,12
OPT-LIN/normalized-PB24/pettersson/StableMatchings/SMTI/x2/Init-x2-i1_pp_83.opb.xz,12
OPT-LIN/normalized-PB24/pettersson/StableMatchings/SMTI/x2/Init-x2-i1_pp_84.opb.xz,12
OPT-LIN/normalized-PB24/pettersson/StableMatchings/SMTI/x2/Init-x2-i1_pp_85.opb.xz,12
OPT-LIN/normalized-PB24/pettersson/StableMatchings/SMTI/x2/Init-x2-i1_pp_86.opb.xz,12
OPT-LIN/normalized-PB24/pettersson/StableMatchings/SMTI/x2/Init-x2-i1_pp_87.opb.xz,12
OPT-LIN/normalized-PB24/pettersson/StableMatchings/SMTI/x2/Init-x2-i1_pp_88.opb.xz,12
OPT-LIN/normalized-PB24/pettersson/StableMatchings/SMTI/x2/Init-x2-i1_pp_89.opb.xz,12
OPT-LIN/normalized-PB24/pettersson/StableMatchings/SMTI/x2/Init-x2-i1_pp_90.opb.xz,12
OPT-LIN/normalized-PB24/pettersson/StableMatchings/SMTI/x2/Init-x2-i1_pp_91.opb.xz,12
OPT-LIN/normalized-PB24/pettersson/StableMatchings/SMTI/x2/Init-x2-i1_pp_92.opb.xz,12
OPT-LIN/normalized-PB24/pettersson/StableMatchings/SMTI/x2/Init-x2-i1_pp_93.opb.xz,12
OPT-LIN/normalized-PB24/pettersson/StableMatchings/SMTI/x2/Init-x2-i1_pp_94.opb.xz,12
OPT-LIN/normalized-PB24/pettersson/StableMatchings/SMTI/x2/Init-x2-i1_pp_95.opb.xz,12
OPT-LIN/normalized-PB24/pettersson/StableMatchings/SMTI/x2/Init-x2-i1_pp_96.opb.xz,12
OPT-LIN/normalized-PB24/pettersson/StableMatchings/SMTI/x2/Init-x2-i1_pp_97.opb.xz,12
OPT-LIN/normalized-PB24/pettersson/StableMatchings/SMTI/x2/Init-x2-i1_pp_98.opb.xz,12
OPT-LIN/normalized-PB24/pettersson/StableMatchings/SMTI/x2/Init-x2-i2_pp_100.opb.xz,12
OPT-LIN/normalized-PB24/pettersson/StableMatchings/SMTI/x2/Init-x2-i2_pp_80.opb.xz,12
OPT-LIN/normalized-PB24/pettersson/StableMatchings/SMTI/x2/Init-x2-i2_pp_81.opb.xz,12
OPT-LIN/normalized-PB24/pettersson/StableMatchings/SMTI/x2/Init-x2-i2_pp_82.opb.xz,12
OPT-LIN/normalized-PB24/pettersson/StableMatchings/SMTI/x2/Init-x2-i2_pp_83.opb.xz,12
OPT-LIN/normalized-PB24/pettersson/StableMatchings/SMTI/x2/Init-x2-i2_pp_84.opb.xz,12
OPT-LIN/normalized-PB24/pettersson/StableMatchings/SMTI/x2/Init-x2-i2_pp_85.opb.xz,12
OPT-LIN/normalized-PB24/pettersson/StableMatchings/SMTI/x2/Init-x2-i2_pp_86.opb.xz,12
OPT-LIN/normalized-PB24/pettersson/StableMatchings/SMTI/x2/Init-x2-i2_pp_87.opb.xz,12
OPT-LIN/normalized-PB24/pettersson/StableMatchings/SMTI/x2/Init-x2-i2_pp_88.opb.xz,12
OPT-LIN/normalized-PB24/pettersson/StableMatchings/SMTI/x2/Init-x2-i2_pp_89.opb.xz,12
OPT-LIN/normalized-PB24/pettersson/StableMatchings/SMTI/x2/Init-x2-i2_pp_90.opb.xz,12
OPT-LIN/normalized-PB24/pettersson/StableMatchings/SMTI/x2/Init-x2-i2_pp_91.opb.xz,12
OPT-LIN/normalized-PB24/pettersson/StableMatchings/SMTI/x2/Init-x2-i2_pp_92.opb.xz,12
OPT-LIN/normalized-PB24/pettersson/StableMatchings/SMTI/x2/Init-x2-i2_pp_93.opb.xz,12
OPT-LIN/normalized-PB24/pettersson/StableMatchings/SMTI/x2/Init-x2-i2_pp_94.opb.xz,12
OPT-LIN/normalized-PB24/pettersson/StableMatchings/SMTI/x2/Init-x2-i2_pp_95.opb.xz,12
OPT-LIN/normalized-PB24/pettersson/StableMatchings/SMTI/x2/Init-x2-i2_pp_96.opb.xz,12
OPT-LIN/normalized-PB24/pettersson/StableMatchings/SMTI/x2/Init-x2-i2_pp_97.opb.xz,12
OPT-LIN/normalized-PB24/pettersson/StableMatchings/SMTI/x2/Init-x2-i2_pp_98.opb.xz,12
OPT-LIN/normalized-PB24/pettersson/StableMatchings/SMTI/x2/Init-x2-i3_pp_80.opb.xz,12
OPT-LIN/normalized-PB24/pettersson/StableMatchings/SMTI/x2/Init-x2-i3_pp_81.opb.xz,12
OPT-LIN/normalized-PB24/pettersson/StableMatchings/SMTI/x2/Init-x2-i3_pp_82.opb.xz,12
OPT-LIN/normalized-PB24/pettersson/StableMatchings/SMTI/x2/Init-x2-i3_pp_83.opb.xz,12
OPT-LIN/normalized-PB24/pettersson/StableMatchings/SMTI/x2/Init-x2-i3_pp_84.opb.xz,12
OPT-LIN/normalized-PB24/pettersson/StableMatchings/SMTI/x2/Init-x2-i3_pp_85.opb.xz,12
OPT-LIN/normalized-PB24/pettersson/StableMatchings/SMTI/x2/Init-x2-i3_pp_86.opb.xz,12
OPT-LIN/normalized-PB24/pettersson/StableMatchings/SMTI/x2/Init-x2-i3_pp_87.opb.xz,12
OPT-LIN/normalized-PB24/pettersson/StableMatchings/SMTI/x2/Init-x2-i3_pp_88.opb.xz,12
OPT-LIN/normalized-PB24/pettersson/StableMatchings/SMTI/x2/Init-x2-i3_pp_89.opb.xz,12
OPT-LIN/normalized-PB24/pettersson/StableMatchings/SMTI/x2/Init-x2-i3_pp_90.opb.xz,12
OPT-LIN/normalized-PB24/pettersson/StableMatchings/SMTI/x2/Init-x2-i3_pp_91.opb.xz,12
OPT-LIN/normalized-PB24/pettersson/StableMatchings/SMTI/x2/Init-x2-i3_pp_92.opb.xz,12
OPT-LIN/normalized-PB24/pettersson/StableMatchings/SMTI/x2/Init-x2-i3_pp_93.opb.xz,12
OPT-LIN/normalized-PB24/pettersson/StableMatchings/SMTI/x2/Init-x2-i3_pp_94.opb.xz,12
OPT-LIN/normalized-PB24/pettersson/StableMatchings/SMTI/x2/Init-x2-i3_pp_95.opb.xz,12
OPT-LIN/normalized-PB24/pettersson/StableMatchings/SMTI/x2/Init-x2-i3_pp_96.opb.xz,12
OPT-LIN/normalized-PB24/pettersson/StableMatchings/SMTI/x2/Init-x2-i3_pp_97.opb.xz,12
OPT-LIN/normalized-PB24/pettersson/StableMatchings/SMTI/x2/Init-x2-i3_pp_98.opb.xz,12
OPT-LIN/normalized-PB24/pettersson/StableMatchings/SMTI/x2/Init-x2-i3_pp_99.opb.xz,12
OPT-LIN/normalized-PB24/pettersson/StableMatchings/SMTI/x2/Init-x2-i4_pp_80.opb.xz,12
OPT-LIN/normalized-PB24/pettersson/StableMatchings/SMTI/x2/Init-x2-i4_pp_81.opb.xz,12
OPT-LIN/normalized-PB24/pettersson/StableMatchings/SMTI/x2/Init-x2-i4_pp_82.opb.xz,12
OPT-LIN/normalized-PB24/pettersson/StableMatchings/SMTI/x2/Init-x2-i4_pp_83.opb.xz,12
OPT-LIN/normalized-PB24/pettersson/StableMatchings/SMTI/x2/Init-x2-i4_pp_84.opb.xz,12
OPT-LIN/normalized-PB24/pettersson/StableMatchings/SMTI/x2/Init-x2-i4_pp_85.opb.xz,12
OPT-LIN/normalized-PB24/pettersson/StableMatchings/SMTI/x2/Init-x2-i4_pp_86.opb.xz,12
OPT-LIN/normalized-PB24/pettersson/StableMatchings/SMTI/x2/Init-x2-i4_pp_87.opb.xz,12
OPT-LIN/normalized-PB24/pettersson/StableMatchings/SMTI/x2/Init-x2-i4_pp_88.opb.xz,12
OPT-LIN/normalized-PB24/pettersson/StableMatchings/SMTI/x2/Init-x2-i4_pp_89.opb.xz,12
OPT-LIN/normalized-PB24/pettersson/StableMatchings/SMTI/x2/Init-x2-i4_pp_90.opb.xz,12
OPT-LIN/normalized-PB24/pettersson/StableMatchings/SMTI/x2/Init-x2-i4_pp_91.opb.xz,12
OPT-LIN/normalized-PB24/pettersson/StableMatchings/SMTI/x2/Init-x2-i4_pp_92.opb.xz,12
OPT-LIN/normalized-PB24/pettersson/StableMatchings/SMTI/x2/Init-x2-i4_pp_93.opb.xz,12
OPT-LIN/normalized-PB24/pettersson/StableMatchings/SMTI/x2/Init-x2-i4_pp_94.opb.xz,12
OPT-LIN/normalized-PB24/pettersson/StableMatchings/SMTI/x2/Init-x2-i4_pp_95.opb.xz,12
OPT-LIN/normalized-PB24/pettersson/StableMatchings/SMTI/x2/Init-x2-i4_pp_96.opb.xz,12
OPT-LIN/normalized-PB24/pettersson/StableMatchings/SMTI/x2/Init-x2-i4_pp_97.opb.xz,12
OPT-LIN/normalized-PB24/pettersson/StableMatchings/SMTI/x2/Init-x2-i4_pp_98.opb.xz,12
OPT-LIN/normalized-PB24/pettersson/StableMatchings/SMTI/x2/Init-x2-i4_pp_99.opb.xz,12
OPT-LIN/normalized-PB24/pettersson/StableMatchings/SMTI/x2/Init-x2-i5_pp_80.opb.xz,12
OPT-LIN/normalized-PB24/pettersson/StableMatchings/SMTI/x2/Init-x2-i5_pp_81.opb.xz,12
OPT-LIN/normalized-PB24/pettersson/StableMatchings/SMTI/x2/Init-x2-i5_pp_82.opb.xz,12
OPT-LIN/normalized-PB24/pettersson/StableMatchings/SMTI/x2/Init-x2-i5_pp_83.opb.xz,12
OPT-LIN/normalized-PB24/pettersson/StableMatchings/SMTI/x2/Init-x2-i5_pp_84.opb.xz,12
OPT-LIN/normalized-PB24/pettersson/StableMatchings/SMTI/x2/Init-x2-i5_pp_85.opb.xz,12
OPT-LIN/normalized-PB24/pettersson/StableMatchings/SMTI/x2/Init-x2-i5_pp_86.opb.xz,12
OPT-LIN/normalized-PB24/pettersson/StableMatchings/SMTI/x2/Init-x2-i5_pp_87.opb.xz,12
OPT-LIN/normalized-PB24/pettersson/StableMatchings/SMTI/x2/Init-x2-i5_pp_88.opb.xz,12
OPT-LIN/normalized-PB24/pettersson/StableMatchings/SMTI/x2/Init-x2-i5_pp_89.opb.xz,12
OPT-LIN/normalized-PB24/pettersson/StableMatchings/SMTI/x2/Init-x2-i5_pp_90.opb.xz,12
OPT-LIN/normalized-PB24/pettersson/StableMatchings/SMTI/x2/Init-x2-i5_pp_91.opb.xz,12
OPT-LIN/normalized-PB24/pettersson/StableMatchings/SMTI/x2/Init-x2-i5_pp_92.opb.xz,12
OPT-LIN/normalized-PB24/pettersson/StableMatchings/SMTI/x2/Init-x2-i5_pp_93.opb.xz,12
OPT-LIN/normalized-PB24/pettersson/StableMatchings/SMTI/x2/Init-x2-i5_pp_94.opb.xz,12
OPT-LIN/normalized-PB24/pettersson/StableMatchings/SMTI/x2/Init-x2-i5_pp_95.opb.xz,12
OPT-LIN/normalized-PB24/pettersson/StableMatchings/SMTI/x2/Init-x2-i5_pp_96.opb.xz,12
OPT-LIN/normalized-PB24/pettersson/StableMatchings/SMTI/x2/Init-x2-i5_pp_97.opb.xz,12
OPT-LIN/normalized-PB24/pettersson/StableMatchings/SMTI/x2/Init-x2-i5_pp_98.opb.xz,12
OPT-LIN/normalized-PB24/pettersson/StableMatchings/SMTI/x2/Init-x2-i5_pp_99.opb.xz,12
OPT-LIN/normalized-PB24/pettersson/StableMatchings/SMTI/x2/Init-x2-i6_pp_80.opb.xz,12
OPT-LIN/normalized-PB24/pettersson/StableMatchings/SMTI/x2/Init-x2-i6_pp_81.opb.xz,12
OPT-LIN/normalized-PB24/pettersson/StableMatchings/SMTI/x2/Init-x2-i6_pp_82.opb.xz,12
OPT-LIN/normalized-PB24/pettersson/StableMatchings/SMTI/x2/Init-x2-i6_pp_83.opb.xz,12
OPT-LIN/normalized-PB24/pettersson/StableMatchings/SMTI/x2/Init-x2-i6_pp_84.opb.xz,12
OPT-LIN/normalized-PB24/pettersson/StableMatchings/SMTI/x2/Init-x2-i6_pp_85.opb.xz,12
OPT-LIN/normalized-PB24/pettersson/StableMatchings/SMTI/x2/Init-x2-i6_pp_86.opb.xz,12
OPT-LIN/normalized-PB24/pettersson/StableMatchings/SMTI/x2/Init-x2-i6_pp_87.opb.xz,12
OPT-LIN/normalized-PB24/pettersson/StableMatchings/SMTI/x2/Init-x2-i6_pp_88.opb.xz,12
OPT-LIN/normalized-PB24/pettersson/StableMatchings/SMTI/x2/Init-x2-i6_pp_89.opb.xz,12
OPT-LIN/normalized-PB24/pettersson/StableMatchings/SMTI/x2/Init-x2-i6_pp_90.opb.xz,12
OPT-LIN/normalized-PB24/pettersson/StableMatchings/SMTI/x2/Init-x2-i6_pp_91.opb.xz,12
OPT-LIN/normalized-PB24/pettersson/StableMatchings/SMTI/x2/Init-x2-i6_pp_92.opb.xz,12
OPT-LIN/normalized-PB24/pettersson/StableMatchings/SMTI/x2/Init-x2-i6_pp_93.opb.xz,12
OPT-LIN/normalized-PB24/pettersson/StableMatchings/SMTI/x2/Init-x2-i6_pp_94.opb.xz,12
OPT-LIN/normalized-PB24/pettersson/StableMatchings/SMTI/x2/Init-x2-i6_pp_95.opb.xz,12
OPT-LIN/normalized-PB24/pettersson/StableMatchings/SMTI/x2/Init-x2-i6_pp_96.opb.xz,12
OPT-LIN/normalized-PB24/pettersson/StableMatchings/SMTI/x2/Init-x2-i6_pp_97.opb.xz,12
OPT-LIN/normalized-PB24/pettersson/StableMatchings/SMTI/x2/Init-x2-i6_pp_98.opb.xz,12
OPT-LIN/normalized-PB24/pettersson/StableMatchings/SMTI/x2/Init-x2-i6_pp_99.opb.xz,12
OPT-LIN/normalized-PB24/pettersson/StableMatchings/SMTI/x2/Init-x2-i7_pp_80.opb.xz,12
OPT-LIN/normalized-PB24/pettersson/StableMatchings/SMTI/x2/Init-x2-i7_pp_81.opb.xz,12
OPT-LIN/normalized-PB24/pettersson/StableMatchings/SMTI/x2/Init-x2-i7_pp_82.opb.xz,12
OPT-LIN/normalized-PB24/pettersson/StableMatchings/SMTI/x2/Init-x2-i7_pp_83.opb.xz,12
OPT-LIN/normalized-PB24/pettersson/StableMatchings/SMTI/x2/Init-x2-i7_pp_84.opb.xz,12
OPT-LIN/normalized-PB24/pettersson/StableMatchings/SMTI/x2/Init-x2-i7_pp_85.opb.xz,12
OPT-LIN/normalized-PB24/pettersson/StableMatchings/SMTI/x2/Init-x2-i7_pp_86.opb.xz,12
OPT-LIN/normalized-PB24/pettersson/StableMatchings/SMTI/x2/Init-x2-i7_pp_87.opb.xz,12
OPT-LIN/normalized-PB24/pettersson/StableMatchings/SMTI/x2/Init-x2-i7_pp_88.opb.xz,12
OPT-LIN/normalized-PB24/pettersson/StableMatchings/SMTI/x2/Init-x2-i7_pp_89.opb.xz,12
OPT-LIN/normalized-PB24/pettersson/StableMatchings/SMTI/x2/Init-x2-i7_pp_90.opb.xz,12
OPT-LIN/normalized-PB24/pettersson/StableMatchings/SMTI/x2/Init-x2-i7_pp_91.opb.xz,12
OPT-LIN/normalized-PB24/pettersson/StableMatchings/SMTI/x2/Init-x2-i7_pp_92.opb.xz,12
OPT-LIN/normalized-PB24/pettersson/StableMatchings/SMTI/x2/Init-x2-i7_pp_93.opb.xz,12
OPT-LIN/normalized-PB24/pettersson/StableMatchings/SMTI/x2/Init-x2-i7_pp_94.opb.xz,12
OPT-LIN/normalized-PB24/pettersson/StableMatchings/SMTI/x2/Init-x2-i7_pp_95.opb.xz,12
OPT-LIN/normalized-PB24/pettersson/StableMatchings/SMTI/x2/Init-x2-i7_pp_96.opb.xz,12
OPT-LIN/normalized-PB24/pettersson/StableMatchings/SMTI/x2/Init-x2-i7_pp_97.opb.xz,12
OPT-LIN/normalized-PB24/pettersson/StableMatchings/SMTI/x2/Init-x2-i7_pp_98.opb.xz,12
OPT-LIN/normalized-PB24/pettersson/StableMatchings/SMTI/x2/Init-x2-i7_pp_99.opb.xz,12
OPT-LIN/normalized-PB24/pettersson/StableMatchings/SMTI/x2/Init-x2-i8_pp_100.opb.xz,12
OPT-LIN/normalized-PB24/pettersson/StableMatchings/SMTI/x2/Init-x2-i8_pp_80.opb.xz,12
OPT-LIN/normalized-PB24/pettersson/StableMatchings/SMTI/x2/Init-x2-i8_pp_81.opb.xz,12
OPT-LIN/normalized-PB24/pettersson/StableMatchings/SMTI/x2/Init-x2-i8_pp_82.opb.xz,12
OPT-LIN/normalized-PB24/pettersson/StableMatchings/SMTI/x2/Init-x2-i8_pp_83.opb.xz,12
OPT-LIN/normalized-PB24/pettersson/StableMatchings/SMTI/x2/Init-x2-i8_pp_84.opb.xz,12
OPT-LIN/normalized-PB24/pettersson/StableMatchings/SMTI/x2/Init-x2-i8_pp_85.opb.xz,12
OPT-LIN/normalized-PB24/pettersson/StableMatchings/SMTI/x2/Init-x2-i8_pp_86.opb.xz,12
OPT-LIN/normalized-PB24/pettersson/StableMatchings/SMTI/x2/Init-x2-i8_pp_87.opb.xz,12
OPT-LIN/normalized-PB24/pettersson/StableMatchings/SMTI/x2/Init-x2-i8_pp_88.opb.xz,12
OPT-LIN/normalized-PB24/pettersson/StableMatchings/SMTI/x2/Init-x2-i8_pp_89.opb.xz,12
OPT-LIN/normalized-PB24/pettersson/StableMatchings/SMTI/x2/Init-x2-i8_pp_90.opb.xz,12
OPT-LIN/normalized-PB24/pettersson/StableMatchings/SMTI/x2/Init-x2-i8_pp_91.opb.xz,12
OPT-LIN/normalized-PB24/pettersson/StableMatchings/SMTI/x2/Init-x2-i8_pp_92.opb.xz,12
OPT-LIN/normalized-PB24/pettersson/StableMatchings/SMTI/x2/Init-x2-i8_pp_93.opb.xz,12
OPT-LIN/normalized-PB24/pettersson/StableMatchings/SMTI/x2/Init-x2-i8_pp_94.opb.xz,12
OPT-LIN/normalized-PB24/pettersson/StableMatchings/SMTI/x2/Init-x2-i8_pp_95.opb.xz,12
OPT-LIN/normalized-PB24/pettersson/StableMatchings/SMTI/x2/Init-x2-i8_pp_96.opb.xz,12
OPT-LIN/normalized-PB24/pettersson/StableMatchings/SMTI/x2/Init-x2-i8_pp_97.opb.xz,12
OPT-LIN/normalized-PB24/pettersson/StableMatchings/SMTI/x2/Init-x2-i8_pp_98.opb.xz,12
OPT-LIN/normalized-PB24/pettersson/StableMatchings/SMTI/x2/Init-x2-i9_pp_100.opb.xz,12
OPT-LIN/normalized-PB24/pettersson/StableMatchings/SMTI/x2/Init-x2-i9_pp_80.opb.xz,12
OPT-LIN/normalized-PB24/pettersson/StableMatchings/SMTI/x2/Init-x2-i9_pp_81.opb.xz,12
OPT-LIN/normalized-PB24/pettersson/StableMatchings/SMTI/x2/Init-x2-i9_pp_82.opb.xz,12
OPT-LIN/normalized-PB24/pettersson/StableMatchings/SMTI/x2/Init-x2-i9_pp_83.opb.xz,12
OPT-LIN/normalized-PB24/pettersson/StableMatchings/SMTI/x2/Init-x2-i9_pp_84.opb.xz,12
OPT-LIN/normalized-PB24/pettersson/StableMatchings/SMTI/x2/Init-x2-i9_pp_85.opb.xz,12
OPT-LIN/normalized-PB24/pettersson/StableMatchings/SMTI/x2/Init-x2-i9_pp_86.opb.xz,12
OPT-LIN/normalized-PB24/pettersson/StableMatchings/SMTI/x2/Init-x2-i9_pp_87.opb.xz,12
OPT-LIN/normalized-PB24/pettersson/StableMatchings/SMTI/x2/Init-x2-i9_pp_88.opb.xz,12
OPT-LIN/normalized-PB24/pettersson/StableMatchings/SMTI/x2/Init-x2-i9_pp_89.opb.xz,12
OPT-LIN/normalized-PB24/pettersson/StableMatchings/SMTI/x2/Init-x2-i9_pp_90.opb.xz,12
OPT-LIN/normalized-PB24/pettersson/StableMatchings/SMTI/x2/Init-x2-i9_pp_91.opb.xz,12
OPT-LIN/normalized-PB24/pettersson/StableMatchings/SMTI/x2/Init-x2-i9_pp_92.opb.xz,12
OPT-LIN/normalized-PB24/pettersson/StableMatchings/SMTI/x2/Init-x2-i9_pp_93.opb.xz,12
OPT-LIN/normalized-PB24/pettersson/StableMatchings/SMTI/x2/Init-x2-i9_pp_94.opb.xz,12
OPT-LIN/normalized-PB24/pettersson/StableMatchings/SMTI/x2/Init-x2-i9_pp_95.opb.xz,12
OPT-LIN/normalized-PB24/pettersson/StableMatchings/SMTI/x2/Init-x2-i9_pp_96.opb.xz,12
OPT-LIN/normalized-PB24/pettersson/StableMatchings/SMTI/x2/Init-x2-i9_pp_97.opb.xz,12
OPT-LIN/normalized-PB24/pettersson/StableMatchings/SMTI/x2/Init-x2-i9_pp_98.opb.xz,12
