path,intsize
OPT-LIN/normalized-PB12/graca/normalized-ped2.B.recomb1-0.01-1.opb.xz,20
OPT-LIN/normalized-PB12/graca/normalized-ped2.B.recomb1-0.01-2.opb.xz,20
OPT-LIN/normalized-PB12/graca/normalized-ped2.B.recomb1-0.01-3.opb.xz,20
OPT-LIN/normalized-PB12/graca/normalized-ped2.B.recomb1-0.01-4.opb.xz,20
OPT-LIN/normalized-PB12/graca/normalized-ped2.B.recomb1-0.01-5.opb.xz,20
OPT-LIN/normalized-PB12/graca/normalized-ped2.B.recomb1-0.10-10.opb.xz,20
OPT-LIN/normalized-PB12/graca/normalized-ped2.B.recomb1-0.10-6.opb.xz,20
OPT-LIN/normalized-PB12/graca/normalized-ped2.B.recomb1-0.10-7.opb.xz,20
OPT-LIN/normalized-PB12/graca/normalized-ped2.B.recomb1-0.10-8.opb.xz,20
OPT-LIN/normalized-PB12/graca/normalized-ped2.B.recomb1-0.10-9.opb.xz,20
OPT-LIN/normalized-PB12/graca/normalized-ped2.B.recomb1-0.20-11.opb.xz,20
OPT-LIN/normalized-PB12/graca/normalized-ped2.B.recomb1-0.20-12.opb.xz,20
OPT-LIN/normalized-PB12/graca/normalized-ped2.B.recomb1-0.20-13.opb.xz,20
OPT-LIN/normalized-PB12/graca/normalized-ped2.B.recomb1-0.20-14.opb.xz,20
OPT-LIN/normalized-PB12/graca/normalized-ped2.B.recomb1-0.20-15.opb.xz,20
OPT-LIN/normalized-PB12/graca/normalized-ped2.G.recomb1-0.01-1.opb.xz,24
OPT-LIN/normalized-PB12/graca/normalized-ped2.G.recomb1-0.01-2.opb.xz,24
OPT-LIN/normalized-PB12/graca/normalized-ped2.G.recomb1-0.01-3.opb.xz,24
OPT-LIN/normalized-PB12/graca/normalized-ped2.G.recomb1-0.01-4.opb.xz,24
OPT-LIN/normalized-PB12/graca/normalized-ped2.G.recomb1-0.01-5.opb.xz,24
OPT-LIN/normalized-PB12/graca/normalized-ped2.G.recomb1-0.10-10.opb.xz,24
OPT-LIN/normalized-PB12/graca/normalized-ped2.G.recomb1-0.10-6.opb.xz,24
OPT-LIN/normalized-PB12/graca/normalized-ped2.G.recomb1-0.10-7.opb.xz,24
OPT-LIN/normalized-PB12/graca/normalized-ped2.G.recomb1-0.10-8.opb.xz,24
OPT-LIN/normalized-PB12/graca/normalized-ped2.G.recomb1-0.10-9.opb.xz,24
OPT-LIN/normalized-PB12/graca/normalized-ped2.G.recomb1-0.20-11.opb.xz,24
OPT-LIN/normalized-PB12/graca/normalized-ped2.G.recomb1-0.20-12.opb.xz,24
OPT-LIN/normalized-PB12/graca/normalized-ped2.G.recomb1-0.20-13.opb.xz,24
OPT-LIN/normalized-PB12/graca/normalized-ped2.G.recomb1-0.20-14.opb.xz,24
OPT-LIN/normalized-PB12/graca/normalized-ped2.G.recomb1-0.20-15.opb.xz,24
OPT-LIN/normalized-PB12/graca/normalized-ped2.G.recomb10-0.01-1.opb.xz,24
OPT-LIN/normalized-PB12/graca/normalized-ped2.G.recomb10-0.01-2.opb.xz,24
OPT-LIN/normalized-PB12/graca/normalized-ped2.G.recomb10-0.01-3.opb.xz,24
OPT-LIN/normalized-PB12/graca/normalized-ped2.G.recomb10-0.01-4.opb.xz,24
OPT-LIN/normalized-PB12/graca/normalized-ped2.G.recomb10-0.01-5.opb.xz,24
OPT-LIN/normalized-PB12/graca/normalized-ped2.G.recomb10-0.10-10.opb.xz,24
OPT-LIN/normalized-PB12/graca/normalized-ped2.G.recomb10-0.10-6.opb.xz,24
OPT-LIN/normalized-PB12/graca/normalized-ped2.G.recomb10-0.10-7.opb.xz,24
OPT-LIN/normalized-PB12/graca/normalized-ped2.G.recomb10-0.10-8.opb.xz,24
OPT-LIN/normalized-PB12/graca/normalized-ped2.G.recomb10-0.10-9.opb.xz,24
OPT-LIN/normalized-PB12/graca/normalized-ped2.G.recomb10-0.20-11.opb.xz,24
OPT-LIN/normalized-PB12/graca/normalized-ped2.G.recomb10-0.20-12.opb.xz,24
OPT-LIN/normalized-PB12/graca/normalized-ped2.G.recomb10-0.20-13.opb.xz,24
OPT-LIN/normalized-PB12/graca/normalized-ped2.G.recomb10-0.20-14.opb.xz,24
OPT-LIN/normalized-PB12/graca/normalized-ped2.G.recomb10-0.20-15.opb.xz,24
OPT-LIN/normalized-PB12/graca/normalized-ped2.G.recomb5-0.01-1.opb.xz,24
OPT-LIN/normalized-PB12/graca/normalized-ped2.G.recomb5-0.01-2.opb.xz,24
OPT-LIN/normalized-PB12/graca/normalized-ped2.G.recomb5-0.01-3.opb.xz,24
OPT-LIN/normalized-PB12/graca/normalized-ped2.G.recomb5-0.01-4.opb.xz,24
OPT-LIN/normalized-PB12/graca/normalized-ped2.G.recomb5-0.01-5.opb.xz,24
OPT-LIN/normalized-PB12/graca/normalized-ped2.G.recomb5-0.10-10.opb.xz,24
OPT-LIN/normalized-PB12/graca/normalized-ped2.G.recomb5-0.10-6.opb.xz,24
OPT-LIN/normalized-PB12/graca/normalized-ped2.G.recomb5-0.10-7.opb.xz,24
OPT-LIN/normalized-PB12/graca/normalized-ped2.G.recomb5-0.10-8.opb.xz,24
OPT-LIN/normalized-PB12/graca/normalized-ped2.G.recomb5-0.10-9.opb.xz,24
OPT-LIN/normalized-PB12/graca/normalized-ped2.G.recomb5-0.20-11.opb.xz,24
OPT-LIN/normalized-PB12/graca/normalized-ped2.G.recomb5-0.20-12.opb.xz,24
OPT-LIN/normalized-PB12/graca/normalized-ped2.G.recomb5-0.20-13.opb.xz,24
OPT-LIN/normalized-PB12/graca/normalized-ped2.G.recomb5-0.20-14.opb.xz,24
OPT-LIN/normalized-PB12/graca/normalized-ped2.G.recomb5-0.20-15.opb.xz,24
OPT-LIN/normalized-PB12/graca/normalized-ped3.D.recomb10-0.20-11.opb.xz,20
OPT-LIN/normalized-PB12/graca/normalized-ped3.D.recomb10-0.20-12.opb.xz,20
OPT-LIN/normalized-PB12/graca/normalized-ped3.D.recomb10-0.20-13.opb.xz,20
OPT-LIN/normalized-PB12/graca/normalized-ped3.D.recomb10-0.20-14.opb.xz,20
OPT-LIN/normalized-PB12/graca/normalized-ped3.D.recomb10-0.20-15.opb.xz,20
OPT-LIN/normalized-PB12/graca/normalized-ped3.E.recomb10-0.20-11.opb.xz,21
OPT-LIN/normalized-PB12/graca/normalized-ped3.E.recomb10-0.20-12.opb.xz,21
OPT-LIN/normalized-PB12/graca/normalized-ped3.E.recomb10-0.20-13.opb.xz,21
OPT-LIN/normalized-PB12/graca/normalized-ped3.E.recomb10-0.20-14.opb.xz,21
OPT-LIN/normalized-PB12/graca/normalized-ped3.E.recomb10-0.20-15.opb.xz,21
OPT-LIN/normalized-PB12/graca/normalized-ped3.F.recomb10-0.01-1.opb.xz,21
OPT-LIN/normalized-PB12/graca/normalized-ped3.F.recomb10-0.01-2.opb.xz,21
OPT-LIN/normalized-PB12/graca/normalized-ped3.F.recomb10-0.01-3.opb.xz,21
OPT-LIN/normalized-PB12/graca/normalized-ped3.F.recomb10-0.01-4.opb.xz,21
OPT-LIN/normalized-PB12/graca/normalized-ped3.F.recomb10-0.01-5.opb.xz,21
OPT-LIN/normalized-PB12/graca/normalized-ped3.F.recomb10-0.10-10.opb.xz,21
OPT-LIN/normalized-PB12/graca/normalized-ped3.F.recomb10-0.10-6.opb.xz,21
OPT-LIN/normalized-PB12/graca/normalized-ped3.F.recomb10-0.10-7.opb.xz,21
OPT-LIN/normalized-PB12/graca/normalized-ped3.F.recomb10-0.10-8.opb.xz,21
OPT-LIN/normalized-PB12/graca/normalized-ped3.F.recomb10-0.10-9.opb.xz,21
OPT-LIN/normalized-PB12/graca/normalized-ped3.F.recomb10-0.20-11.opb.xz,21
OPT-LIN/normalized-PB12/graca/normalized-ped3.F.recomb10-0.20-12.opb.xz,21
OPT-LIN/normalized-PB12/graca/normalized-ped3.F.recomb10-0.20-13.opb.xz,21
OPT-LIN/normalized-PB12/graca/normalized-ped3.F.recomb10-0.20-14.opb.xz,21
OPT-LIN/normalized-PB12/graca/normalized-ped3.F.recomb10-0.20-15.opb.xz,21
OPT-LIN/normalized-PB12/graca/normalized-ped3.G.recomb10-0.01-1.opb.xz,22
OPT-LIN/normalized-PB12/graca/normalized-ped3.G.recomb10-0.01-2.opb.xz,22
OPT-LIN/normalized-PB12/graca/normalized-ped3.G.recomb10-0.01-3.opb.xz,22
OPT-LIN/normalized-PB12/graca/normalized-ped3.G.recomb10-0.01-4.opb.xz,22
OPT-LIN/normalized-PB12/graca/normalized-ped3.G.recomb10-0.01-5.opb.xz,22
OPT-LIN/normalized-PB12/graca/normalized-ped3.G.recomb10-0.10-10.opb.xz,22
OPT-LIN/normalized-PB12/graca/normalized-ped3.G.recomb10-0.10-6.opb.xz,22
OPT-LIN/normalized-PB12/graca/normalized-ped3.G.recomb10-0.10-7.opb.xz,22
OPT-LIN/normalized-PB12/graca/normalized-ped3.G.recomb10-0.10-8.opb.xz,22
OPT-LIN/normalized-PB12/graca/normalized-ped3.G.recomb10-0.10-9.opb.xz,22
OPT-LIN/normalized-PB12/graca/normalized-ped3.G.recomb10-0.20-11.opb.xz,22
OPT-LIN/normalized-PB12/graca/normalized-ped3.G.recomb10-0.20-12.opb.xz,22
OPT-LIN/normalized-PB12/graca/normalized-ped3.G.recomb10-0.20-13.opb.xz,22
OPT-LIN/normalized-PB12/graca/normalized-ped3.G.recomb10-0.20-14.opb.xz,22
OPT-LIN/normalized-PB12/graca/normalized-ped3.G.recomb10-0.20-15.opb.xz,22
OPT-LIN/normalized-PB12/sroussel/BA/normalized-BA_RDC4.dot_fibo_0null0mast_rapportOE1.0_TMAX120_K67_cod1.opb.xz,25
OPT-LIN/normalized-PB12/sroussel/BA/normalized-BA_RDC4.dot_fibo_0null0mast_rapportOE1.0_TMAX120_K67_cod2.opb.xz,19
OPT-LIN/normalized-PB12/sroussel/BA/normalized-BA_RDC4.dot_fibo_0null0mast_rapportOE1.0_TMAX120_K67_cod3.opb.xz,25
OPT-LIN/normalized-PB12/sroussel/BA/normalized-BA_RDC4.dot_fibo_0null0mast_rapportOE1.0_TMAX15_K67_cod1.opb.xz,25
OPT-LIN/normalized-PB12/sroussel/BA/normalized-BA_RDC4.dot_fibo_0null0mast_rapportOE1.0_TMAX15_K67_cod2.opb.xz,19
OPT-LIN/normalized-PB12/sroussel/BA/normalized-BA_RDC4.dot_fibo_0null0mast_rapportOE1.0_TMAX15_K67_cod3.opb.xz,25
OPT-LIN/normalized-PB12/sroussel/BA/normalized-BA_RDC4.dot_fibo_0null0mast_rapportOE1.0_TMAX180_K67_cod1.opb.xz,25
OPT-LIN/normalized-PB12/sroussel/BA/normalized-BA_RDC4.dot_fibo_0null0mast_rapportOE1.0_TMAX180_K67_cod2.opb.xz,19
OPT-LIN/normalized-PB12/sroussel/BA/normalized-BA_RDC4.dot_fibo_0null0mast_rapportOE1.0_TMAX180_K67_cod3.opb.xz,25
OPT-LIN/normalized-PB12/sroussel/BA/normalized-BA_RDC4.dot_fibo_0null0mast_rapportOE1.0_TMAX300_K67_cod1.opb.xz,25
OPT-LIN/normalized-PB12/sroussel/BA/normalized-BA_RDC4.dot_fibo_0null0mast_rapportOE1.0_TMAX300_K67_cod2.opb.xz,19
OPT-LIN/normalized-PB12/sroussel/BA/normalized-BA_RDC4.dot_fibo_0null0mast_rapportOE1.0_TMAX300_K67_cod3.opb.xz,25
OPT-LIN/normalized-PB12/sroussel/BA/normalized-BA_RDC4.dot_fibo_0null0mast_rapportOE1.0_TMAX60_K67_cod1.opb.xz,25
OPT-LIN/normalized-PB12/sroussel/BA/normalized-BA_RDC4.dot_fibo_0null0mast_rapportOE1.0_TMAX60_K67_cod2.opb.xz,19
OPT-LIN/normalized-PB12/sroussel/BA/normalized-BA_RDC4.dot_fibo_0null0mast_rapportOE1.0_TMAX60_K67_cod3.opb.xz,25
OPT-LIN/normalized-PB12/sroussel/BA/normalized-BA_RDC4.dot_fibo_0null0mast_rapportOE2.0_TMAX120_K67_cod1.opb.xz,25
OPT-LIN/normalized-PB12/sroussel/BA/normalized-BA_RDC4.dot_fibo_0null0mast_rapportOE2.0_TMAX120_K67_cod2.opb.xz,19
OPT-LIN/normalized-PB12/sroussel/BA/normalized-BA_RDC4.dot_fibo_0null0mast_rapportOE2.0_TMAX120_K67_cod3.opb.xz,25
OPT-LIN/normalized-PB12/sroussel/BA/normalized-BA_RDC4.dot_fibo_0null0mast_rapportOE2.0_TMAX15_K67_cod1.opb.xz,25
OPT-LIN/normalized-PB12/sroussel/BA/normalized-BA_RDC4.dot_fibo_0null0mast_rapportOE2.0_TMAX15_K67_cod2.opb.xz,19
OPT-LIN/normalized-PB12/sroussel/BA/normalized-BA_RDC4.dot_fibo_0null0mast_rapportOE2.0_TMAX15_K67_cod3.opb.xz,25
OPT-LIN/normalized-PB12/sroussel/BA/normalized-BA_RDC4.dot_fibo_0null0mast_rapportOE2.0_TMAX180_K67_cod1.opb.xz,25
OPT-LIN/normalized-PB12/sroussel/BA/normalized-BA_RDC4.dot_fibo_0null0mast_rapportOE2.0_TMAX180_K67_cod2.opb.xz,19
OPT-LIN/normalized-PB12/sroussel/BA/normalized-BA_RDC4.dot_fibo_0null0mast_rapportOE2.0_TMAX180_K67_cod3.opb.xz,25
OPT-LIN/normalized-PB12/sroussel/BA/normalized-BA_RDC4.dot_fibo_0null0mast_rapportOE2.0_TMAX300_K67_cod1.opb.xz,25
OPT-LIN/normalized-PB12/sroussel/BA/normalized-BA_RDC4.dot_fibo_0null0mast_rapportOE2.0_TMAX300_K67_cod2.opb.xz,19
OPT-LIN/normalized-PB12/sroussel/BA/normalized-BA_RDC4.dot_fibo_0null0mast_rapportOE2.0_TMAX300_K67_cod3.opb.xz,25
OPT-LIN/normalized-PB12/sroussel/BA/normalized-BA_RDC4.dot_fibo_0null0mast_rapportOE2.0_TMAX60_K67_cod1.opb.xz,25
OPT-LIN/normalized-PB12/sroussel/BA/normalized-BA_RDC4.dot_fibo_0null0mast_rapportOE2.0_TMAX60_K67_cod2.opb.xz,19
OPT-LIN/normalized-PB12/sroussel/BA/normalized-BA_RDC4.dot_fibo_0null0mast_rapportOE2.0_TMAX60_K67_cod3.opb.xz,25
OPT-LIN/normalized-PB12/sroussel/BA/normalized-BA_RDC4.dot_fibo_0null10mast_rapportOE1.0_TMAX120_K67_cod1.opb.xz,26
OPT-LIN/normalized-PB12/sroussel/BA/normalized-BA_RDC4.dot_fibo_0null10mast_rapportOE1.0_TMAX120_K67_cod2.opb.xz,20
OPT-LIN/normalized-PB12/sroussel/BA/normalized-BA_RDC4.dot_fibo_0null10mast_rapportOE1.0_TMAX120_K67_cod3.opb.xz,26
OPT-LIN/normalized-PB12/sroussel/BA/normalized-BA_RDC4.dot_fibo_0null10mast_rapportOE1.0_TMAX15_K67_cod1.opb.xz,26
OPT-LIN/normalized-PB12/sroussel/BA/normalized-BA_RDC4.dot_fibo_0null10mast_rapportOE1.0_TMAX15_K67_cod2.opb.xz,20
OPT-LIN/normalized-PB12/sroussel/BA/normalized-BA_RDC4.dot_fibo_0null10mast_rapportOE1.0_TMAX15_K67_cod3.opb.xz,26
OPT-LIN/normalized-PB12/sroussel/BA/normalized-BA_RDC4.dot_fibo_0null10mast_rapportOE1.0_TMAX180_K67_cod1.opb.xz,26
OPT-LIN/normalized-PB12/sroussel/BA/normalized-BA_RDC4.dot_fibo_0null10mast_rapportOE1.0_TMAX180_K67_cod2.opb.xz,20
OPT-LIN/normalized-PB12/sroussel/BA/normalized-BA_RDC4.dot_fibo_0null10mast_rapportOE1.0_TMAX180_K67_cod3.opb.xz,26
OPT-LIN/normalized-PB12/sroussel/BA/normalized-BA_RDC4.dot_fibo_0null10mast_rapportOE1.0_TMAX300_K67_cod1.opb.xz,26
OPT-LIN/normalized-PB12/sroussel/BA/normalized-BA_RDC4.dot_fibo_0null10mast_rapportOE1.0_TMAX300_K67_cod2.opb.xz,20
OPT-LIN/normalized-PB12/sroussel/BA/normalized-BA_RDC4.dot_fibo_0null10mast_rapportOE1.0_TMAX300_K67_cod3.opb.xz,26
OPT-LIN/normalized-PB12/sroussel/BA/normalized-BA_RDC4.dot_fibo_0null10mast_rapportOE1.0_TMAX60_K67_cod1.opb.xz,26
OPT-LIN/normalized-PB12/sroussel/BA/normalized-BA_RDC4.dot_fibo_0null10mast_rapportOE1.0_TMAX60_K67_cod2.opb.xz,20
OPT-LIN/normalized-PB12/sroussel/BA/normalized-BA_RDC4.dot_fibo_0null10mast_rapportOE1.0_TMAX60_K67_cod3.opb.xz,26
OPT-LIN/normalized-PB12/sroussel/BA/normalized-BA_RDC4.dot_fibo_0null10mast_rapportOE2.0_TMAX120_K67_cod1.opb.xz,26
OPT-LIN/normalized-PB12/sroussel/BA/normalized-BA_RDC4.dot_fibo_0null10mast_rapportOE2.0_TMAX120_K67_cod2.opb.xz,20
OPT-LIN/normalized-PB12/sroussel/BA/normalized-BA_RDC4.dot_fibo_0null10mast_rapportOE2.0_TMAX120_K67_cod3.opb.xz,26
OPT-LIN/normalized-PB12/sroussel/BA/normalized-BA_RDC4.dot_fibo_0null10mast_rapportOE2.0_TMAX15_K67_cod1.opb.xz,26
OPT-LIN/normalized-PB12/sroussel/BA/normalized-BA_RDC4.dot_fibo_0null10mast_rapportOE2.0_TMAX15_K67_cod2.opb.xz,20
OPT-LIN/normalized-PB12/sroussel/BA/normalized-BA_RDC4.dot_fibo_0null10mast_rapportOE2.0_TMAX15_K67_cod3.opb.xz,26
OPT-LIN/normalized-PB12/sroussel/BA/normalized-BA_RDC4.dot_fibo_0null10mast_rapportOE2.0_TMAX180_K67_cod1.opb.xz,26
OPT-LIN/normalized-PB12/sroussel/BA/normalized-BA_RDC4.dot_fibo_0null10mast_rapportOE2.0_TMAX180_K67_cod2.opb.xz,20
OPT-LIN/normalized-PB12/sroussel/BA/normalized-BA_RDC4.dot_fibo_0null10mast_rapportOE2.0_TMAX180_K67_cod3.opb.xz,26
OPT-LIN/normalized-PB12/sroussel/BA/normalized-BA_RDC4.dot_fibo_0null10mast_rapportOE2.0_TMAX300_K67_cod1.opb.xz,26
OPT-LIN/normalized-PB12/sroussel/BA/normalized-BA_RDC4.dot_fibo_0null10mast_rapportOE2.0_TMAX300_K67_cod2.opb.xz,20
OPT-LIN/normalized-PB12/sroussel/BA/normalized-BA_RDC4.dot_fibo_0null10mast_rapportOE2.0_TMAX300_K67_cod3.opb.xz,26
OPT-LIN/normalized-PB12/sroussel/BA/normalized-BA_RDC4.dot_fibo_0null10mast_rapportOE2.0_TMAX60_K67_cod1.opb.xz,26
OPT-LIN/normalized-PB12/sroussel/BA/normalized-BA_RDC4.dot_fibo_0null10mast_rapportOE2.0_TMAX60_K67_cod2.opb.xz,20
OPT-LIN/normalized-PB12/sroussel/BA/normalized-BA_RDC4.dot_fibo_0null10mast_rapportOE2.0_TMAX60_K67_cod3.opb.xz,26
OPT-LIN/normalized-PB12/sroussel/BA/normalized-BA_RDC4.dot_fibo_0null20mast_rapportOE1.0_TMAX120_K67_cod1.opb.xz,27
OPT-LIN/normalized-PB12/sroussel/BA/normalized-BA_RDC4.dot_fibo_0null20mast_rapportOE1.0_TMAX120_K67_cod2.opb.xz,21
OPT-LIN/normalized-PB12/sroussel/BA/normalized-BA_RDC4.dot_fibo_0null20mast_rapportOE1.0_TMAX120_K67_cod3.opb.xz,27
OPT-LIN/normalized-PB12/sroussel/BA/normalized-BA_RDC4.dot_fibo_0null20mast_rapportOE1.0_TMAX15_K67_cod1.opb.xz,27
OPT-LIN/normalized-PB12/sroussel/BA/normalized-BA_RDC4.dot_fibo_0null20mast_rapportOE1.0_TMAX15_K67_cod2.opb.xz,21
OPT-LIN/normalized-PB12/sroussel/BA/normalized-BA_RDC4.dot_fibo_0null20mast_rapportOE1.0_TMAX15_K67_cod3.opb.xz,27
OPT-LIN/normalized-PB12/sroussel/BA/normalized-BA_RDC4.dot_fibo_0null20mast_rapportOE1.0_TMAX180_K67_cod1.opb.xz,27
OPT-LIN/normalized-PB12/sroussel/BA/normalized-BA_RDC4.dot_fibo_0null20mast_rapportOE1.0_TMAX180_K67_cod2.opb.xz,21
OPT-LIN/normalized-PB12/sroussel/BA/normalized-BA_RDC4.dot_fibo_0null20mast_rapportOE1.0_TMAX180_K67_cod3.opb.xz,27
OPT-LIN/normalized-PB12/sroussel/BA/normalized-BA_RDC4.dot_fibo_0null20mast_rapportOE1.0_TMAX300_K67_cod1.opb.xz,27
OPT-LIN/normalized-PB12/sroussel/BA/normalized-BA_RDC4.dot_fibo_0null20mast_rapportOE1.0_TMAX300_K67_cod2.opb.xz,21
OPT-LIN/normalized-PB12/sroussel/BA/normalized-BA_RDC4.dot_fibo_0null20mast_rapportOE1.0_TMAX300_K67_cod3.opb.xz,27
OPT-LIN/normalized-PB12/sroussel/BA/normalized-BA_RDC4.dot_fibo_0null20mast_rapportOE1.0_TMAX60_K67_cod1.opb.xz,27
OPT-LIN/normalized-PB12/sroussel/BA/normalized-BA_RDC4.dot_fibo_0null20mast_rapportOE1.0_TMAX60_K67_cod2.opb.xz,21
OPT-LIN/normalized-PB12/sroussel/BA/normalized-BA_RDC4.dot_fibo_0null20mast_rapportOE1.0_TMAX60_K67_cod3.opb.xz,27
OPT-LIN/normalized-PB12/sroussel/BA/normalized-BA_RDC4.dot_fibo_0null20mast_rapportOE2.0_TMAX120_K67_cod1.opb.xz,27
OPT-LIN/normalized-PB12/sroussel/BA/normalized-BA_RDC4.dot_fibo_0null20mast_rapportOE2.0_TMAX120_K67_cod2.opb.xz,21
OPT-LIN/normalized-PB12/sroussel/BA/normalized-BA_RDC4.dot_fibo_0null20mast_rapportOE2.0_TMAX120_K67_cod3.opb.xz,27
OPT-LIN/normalized-PB12/sroussel/BA/normalized-BA_RDC4.dot_fibo_0null20mast_rapportOE2.0_TMAX15_K67_cod1.opb.xz,27
OPT-LIN/normalized-PB12/sroussel/BA/normalized-BA_RDC4.dot_fibo_0null20mast_rapportOE2.0_TMAX15_K67_cod2.opb.xz,21
OPT-LIN/normalized-PB12/sroussel/BA/normalized-BA_RDC4.dot_fibo_0null20mast_rapportOE2.0_TMAX15_K67_cod3.opb.xz,27
OPT-LIN/normalized-PB12/sroussel/BA/normalized-BA_RDC4.dot_fibo_0null20mast_rapportOE2.0_TMAX180_K67_cod1.opb.xz,27
OPT-LIN/normalized-PB12/sroussel/BA/normalized-BA_RDC4.dot_fibo_0null20mast_rapportOE2.0_TMAX180_K67_cod2.opb.xz,21
OPT-LIN/normalized-PB12/sroussel/BA/normalized-BA_RDC4.dot_fibo_0null20mast_rapportOE2.0_TMAX180_K67_cod3.opb.xz,27
OPT-LIN/normalized-PB12/sroussel/BA/normalized-BA_RDC4.dot_fibo_0null20mast_rapportOE2.0_TMAX300_K67_cod1.opb.xz,27
OPT-LIN/normalized-PB12/sroussel/BA/normalized-BA_RDC4.dot_fibo_0null20mast_rapportOE2.0_TMAX300_K67_cod2.opb.xz,21
OPT-LIN/normalized-PB12/sroussel/BA/normalized-BA_RDC4.dot_fibo_0null20mast_rapportOE2.0_TMAX300_K67_cod3.opb.xz,27
OPT-LIN/normalized-PB12/sroussel/BA/normalized-BA_RDC4.dot_fibo_0null20mast_rapportOE2.0_TMAX60_K67_cod1.opb.xz,27
OPT-LIN/normalized-PB12/sroussel/BA/normalized-BA_RDC4.dot_fibo_0null20mast_rapportOE2.0_TMAX60_K67_cod2.opb.xz,21
OPT-LIN/normalized-PB12/sroussel/BA/normalized-BA_RDC4.dot_fibo_0null20mast_rapportOE2.0_TMAX60_K67_cod3.opb.xz,27
OPT-LIN/normalized-PB12/sroussel/BA/normalized-BA_RDC4.dot_fibo_0null50mast_rapportOE1.0_TMAX120_K67_cod1.opb.xz,28
OPT-LIN/normalized-PB12/sroussel/BA/normalized-BA_RDC4.dot_fibo_0null50mast_rapportOE1.0_TMAX120_K67_cod2.opb.xz,22
OPT-LIN/normalized-PB12/sroussel/BA/normalized-BA_RDC4.dot_fibo_0null50mast_rapportOE1.0_TMAX120_K67_cod3.opb.xz,28
OPT-LIN/normalized-PB12/sroussel/BA/normalized-BA_RDC4.dot_fibo_0null50mast_rapportOE1.0_TMAX15_K67_cod1.opb.xz,28
OPT-LIN/normalized-PB12/sroussel/BA/normalized-BA_RDC4.dot_fibo_0null50mast_rapportOE1.0_TMAX15_K67_cod2.opb.xz,22
OPT-LIN/normalized-PB12/sroussel/BA/normalized-BA_RDC4.dot_fibo_0null50mast_rapportOE1.0_TMAX15_K67_cod3.opb.xz,28
OPT-LIN/normalized-PB12/sroussel/BA/normalized-BA_RDC4.dot_fibo_0null50mast_rapportOE1.0_TMAX180_K67_cod1.opb.xz,28
OPT-LIN/normalized-PB12/sroussel/BA/normalized-BA_RDC4.dot_fibo_0null50mast_rapportOE1.0_TMAX180_K67_cod2.opb.xz,22
OPT-LIN/normalized-PB12/sroussel/BA/normalized-BA_RDC4.dot_fibo_0null50mast_rapportOE1.0_TMAX180_K67_cod3.opb.xz,28
OPT-LIN/normalized-PB12/sroussel/BA/normalized-BA_RDC4.dot_fibo_0null50mast_rapportOE1.0_TMAX300_K67_cod1.opb.xz,28
OPT-LIN/normalized-PB12/sroussel/BA/normalized-BA_RDC4.dot_fibo_0null50mast_rapportOE1.0_TMAX300_K67_cod2.opb.xz,22
OPT-LIN/normalized-PB12/sroussel/BA/normalized-BA_RDC4.dot_fibo_0null50mast_rapportOE1.0_TMAX300_K67_cod3.opb.xz,28
OPT-LIN/normalized-PB12/sroussel/BA/normalized-BA_RDC4.dot_fibo_0null50mast_rapportOE1.0_TMAX60_K67_cod1.opb.xz,28
OPT-LIN/normalized-PB12/sroussel/BA/normalized-BA_RDC4.dot_fibo_0null50mast_rapportOE1.0_TMAX60_K67_cod2.opb.xz,22
OPT-LIN/normalized-PB12/sroussel/BA/normalized-BA_RDC4.dot_fibo_0null50mast_rapportOE1.0_TMAX60_K67_cod3.opb.xz,28
OPT-LIN/normalized-PB12/sroussel/BA/normalized-BA_RDC4.dot_fibo_0null50mast_rapportOE2.0_TMAX120_K67_cod1.opb.xz,28
OPT-LIN/normalized-PB12/sroussel/BA/normalized-BA_RDC4.dot_fibo_0null50mast_rapportOE2.0_TMAX120_K67_cod2.opb.xz,22
OPT-LIN/normalized-PB12/sroussel/BA/normalized-BA_RDC4.dot_fibo_0null50mast_rapportOE2.0_TMAX120_K67_cod3.opb.xz,28
OPT-LIN/normalized-PB12/sroussel/BA/normalized-BA_RDC4.dot_fibo_0null50mast_rapportOE2.0_TMAX15_K67_cod1.opb.xz,28
OPT-LIN/normalized-PB12/sroussel/BA/normalized-BA_RDC4.dot_fibo_0null50mast_rapportOE2.0_TMAX15_K67_cod2.opb.xz,22
OPT-LIN/normalized-PB12/sroussel/BA/normalized-BA_RDC4.dot_fibo_0null50mast_rapportOE2.0_TMAX15_K67_cod3.opb.xz,28
OPT-LIN/normalized-PB12/sroussel/BA/normalized-BA_RDC4.dot_fibo_0null50mast_rapportOE2.0_TMAX180_K67_cod1.opb.xz,28
OPT-LIN/normalized-PB12/sroussel/BA/normalized-BA_RDC4.dot_fibo_0null50mast_rapportOE2.0_TMAX180_K67_cod2.opb.xz,22
OPT-LIN/normalized-PB12/sroussel/BA/normalized-BA_RDC4.dot_fibo_0null50mast_rapportOE2.0_TMAX180_K67_cod3.opb.xz,28
OPT-LIN/normalized-PB12/sroussel/BA/normalized-BA_RDC4.dot_fibo_0null50mast_rapportOE2.0_TMAX300_K67_cod1.opb.xz,28
OPT-LIN/normalized-PB12/sroussel/BA/normalized-BA_RDC4.dot_fibo_0null50mast_rapportOE2.0_TMAX300_K67_cod2.opb.xz,22
OPT-LIN/normalized-PB12/sroussel/BA/normalized-BA_RDC4.dot_fibo_0null50mast_rapportOE2.0_TMAX300_K67_cod3.opb.xz,28
OPT-LIN/normalized-PB12/sroussel/BA/normalized-BA_RDC4.dot_fibo_0null50mast_rapportOE2.0_TMAX60_K67_cod1.opb.xz,28
OPT-LIN/normalized-PB12/sroussel/BA/normalized-BA_RDC4.dot_fibo_0null50mast_rapportOE2.0_TMAX60_K67_cod2.opb.xz,22
OPT-LIN/normalized-PB12/sroussel/BA/normalized-BA_RDC4.dot_fibo_0null50mast_rapportOE2.0_TMAX60_K67_cod3.opb.xz,28
OPT-LIN/normalized-PB12/sroussel/BA/normalized-BA_RDC4.dot_fibo_10null0mast_rapportOE1.0_TMAX120_K67_cod1.opb.xz,25
OPT-LIN/normalized-PB12/sroussel/BA/normalized-BA_RDC4.dot_fibo_10null0mast_rapportOE1.0_TMAX120_K67_cod2.opb.xz,19
OPT-LIN/normalized-PB12/sroussel/BA/normalized-BA_RDC4.dot_fibo_10null0mast_rapportOE1.0_TMAX120_K67_cod3.opb.xz,25
OPT-LIN/normalized-PB12/sroussel/BA/normalized-BA_RDC4.dot_fibo_10null0mast_rapportOE1.0_TMAX15_K67_cod1.opb.xz,25
OPT-LIN/normalized-PB12/sroussel/BA/normalized-BA_RDC4.dot_fibo_10null0mast_rapportOE1.0_TMAX15_K67_cod2.opb.xz,19
OPT-LIN/normalized-PB12/sroussel/BA/normalized-BA_RDC4.dot_fibo_10null0mast_rapportOE1.0_TMAX15_K67_cod3.opb.xz,25
OPT-LIN/normalized-PB12/sroussel/BA/normalized-BA_RDC4.dot_fibo_10null0mast_rapportOE1.0_TMAX180_K67_cod1.opb.xz,25
OPT-LIN/normalized-PB12/sroussel/BA/normalized-BA_RDC4.dot_fibo_10null0mast_rapportOE1.0_TMAX180_K67_cod2.opb.xz,19
OPT-LIN/normalized-PB12/sroussel/BA/normalized-BA_RDC4.dot_fibo_10null0mast_rapportOE1.0_TMAX180_K67_cod3.opb.xz,25
OPT-LIN/normalized-PB12/sroussel/BA/normalized-BA_RDC4.dot_fibo_10null0mast_rapportOE1.0_TMAX300_K67_cod1.opb.xz,25
OPT-LIN/normalized-PB12/sroussel/BA/normalized-BA_RDC4.dot_fibo_10null0mast_rapportOE1.0_TMAX300_K67_cod2.opb.xz,19
OPT-LIN/normalized-PB12/sroussel/BA/normalized-BA_RDC4.dot_fibo_10null0mast_rapportOE1.0_TMAX300_K67_cod3.opb.xz,25
OPT-LIN/normalized-PB12/sroussel/BA/normalized-BA_RDC4.dot_fibo_10null0mast_rapportOE1.0_TMAX60_K67_cod1.opb.xz,25
OPT-LIN/normalized-PB12/sroussel/BA/normalized-BA_RDC4.dot_fibo_10null0mast_rapportOE1.0_TMAX60_K67_cod2.opb.xz,19
OPT-LIN/normalized-PB12/sroussel/BA/normalized-BA_RDC4.dot_fibo_10null0mast_rapportOE1.0_TMAX60_K67_cod3.opb.xz,25
OPT-LIN/normalized-PB12/sroussel/BA/normalized-BA_RDC4.dot_fibo_10null0mast_rapportOE2.0_TMAX120_K67_cod1.opb.xz,25
OPT-LIN/normalized-PB12/sroussel/BA/normalized-BA_RDC4.dot_fibo_10null0mast_rapportOE2.0_TMAX120_K67_cod2.opb.xz,19
OPT-LIN/normalized-PB12/sroussel/BA/normalized-BA_RDC4.dot_fibo_10null0mast_rapportOE2.0_TMAX120_K67_cod3.opb.xz,25
OPT-LIN/normalized-PB12/sroussel/BA/normalized-BA_RDC4.dot_fibo_10null0mast_rapportOE2.0_TMAX15_K67_cod1.opb.xz,25
OPT-LIN/normalized-PB12/sroussel/BA/normalized-BA_RDC4.dot_fibo_10null0mast_rapportOE2.0_TMAX15_K67_cod2.opb.xz,19
OPT-LIN/normalized-PB12/sroussel/BA/normalized-BA_RDC4.dot_fibo_10null0mast_rapportOE2.0_TMAX15_K67_cod3.opb.xz,25
OPT-LIN/normalized-PB12/sroussel/BA/normalized-BA_RDC4.dot_fibo_10null0mast_rapportOE2.0_TMAX180_K67_cod1.opb.xz,25
OPT-LIN/normalized-PB12/sroussel/BA/normalized-BA_RDC4.dot_fibo_10null0mast_rapportOE2.0_TMAX180_K67_cod2.opb.xz,19
OPT-LIN/normalized-PB12/sroussel/BA/normalized-BA_RDC4.dot_fibo_10null0mast_rapportOE2.0_TMAX180_K67_cod3.opb.xz,25
OPT-LIN/normalized-PB12/sroussel/BA/normalized-BA_RDC4.dot_fibo_10null0mast_rapportOE2.0_TMAX300_K67_cod1.opb.xz,25
OPT-LIN/normalized-PB12/sroussel/BA/normalized-BA_RDC4.dot_fibo_10null0mast_rapportOE2.0_TMAX300_K67_cod2.opb.xz,19
OPT-LIN/normalized-PB12/sroussel/BA/normalized-BA_RDC4.dot_fibo_10null0mast_rapportOE2.0_TMAX300_K67_cod3.opb.xz,25
OPT-LIN/normalized-PB12/sroussel/BA/normalized-BA_RDC4.dot_fibo_10null0mast_rapportOE2.0_TMAX60_K67_cod1.opb.xz,25
OPT-LIN/normalized-PB12/sroussel/BA/normalized-BA_RDC4.dot_fibo_10null0mast_rapportOE2.0_TMAX60_K67_cod2.opb.xz,19
OPT-LIN/normalized-PB12/sroussel/BA/normalized-BA_RDC4.dot_fibo_10null0mast_rapportOE2.0_TMAX60_K67_cod3.opb.xz,25
OPT-LIN/normalized-PB12/sroussel/BA/normalized-BA_RDC4.dot_fibo_10null10mast_rapportOE1.0_TMAX120_K67_cod1.opb.xz,26
OPT-LIN/normalized-PB12/sroussel/BA/normalized-BA_RDC4.dot_fibo_10null10mast_rapportOE1.0_TMAX120_K67_cod2.opb.xz,20
OPT-LIN/normalized-PB12/sroussel/BA/normalized-BA_RDC4.dot_fibo_10null10mast_rapportOE1.0_TMAX120_K67_cod3.opb.xz,26
OPT-LIN/normalized-PB12/sroussel/BA/normalized-BA_RDC4.dot_fibo_10null10mast_rapportOE1.0_TMAX15_K67_cod1.opb.xz,26
OPT-LIN/normalized-PB12/sroussel/BA/normalized-BA_RDC4.dot_fibo_10null10mast_rapportOE1.0_TMAX15_K67_cod2.opb.xz,20
OPT-LIN/normalized-PB12/sroussel/BA/normalized-BA_RDC4.dot_fibo_10null10mast_rapportOE1.0_TMAX15_K67_cod3.opb.xz,26
OPT-LIN/normalized-PB12/sroussel/BA/normalized-BA_RDC4.dot_fibo_10null10mast_rapportOE1.0_TMAX180_K67_cod1.opb.xz,26
OPT-LIN/normalized-PB12/sroussel/BA/normalized-BA_RDC4.dot_fibo_10null10mast_rapportOE1.0_TMAX180_K67_cod2.opb.xz,20
OPT-LIN/normalized-PB12/sroussel/BA/normalized-BA_RDC4.dot_fibo_10null10mast_rapportOE1.0_TMAX180_K67_cod3.opb.xz,26
OPT-LIN/normalized-PB12/sroussel/BA/normalized-BA_RDC4.dot_fibo_10null10mast_rapportOE1.0_TMAX300_K67_cod1.opb.xz,26
OPT-LIN/normalized-PB12/sroussel/BA/normalized-BA_RDC4.dot_fibo_10null10mast_rapportOE1.0_TMAX300_K67_cod2.opb.xz,20
OPT-LIN/normalized-PB12/sroussel/BA/normalized-BA_RDC4.dot_fibo_10null10mast_rapportOE1.0_TMAX300_K67_cod3.opb.xz,26
OPT-LIN/normalized-PB12/sroussel/BA/normalized-BA_RDC4.dot_fibo_10null10mast_rapportOE1.0_TMAX60_K67_cod1.opb.xz,26
OPT-LIN/normalized-PB12/sroussel/BA/normalized-BA_RDC4.dot_fibo_10null10mast_rapportOE1.0_TMAX60_K67_cod2.opb.xz,20
OPT-LIN/normalized-PB12/sroussel/BA/normalized-BA_RDC4.dot_fibo_10null10mast_rapportOE1.0_TMAX60_K67_cod3.opb.xz,26
OPT-LIN/normalized-PB12/sroussel/BA/normalized-BA_RDC4.dot_fibo_10null10mast_rapportOE2.0_TMAX120_K67_cod1.opb.xz,26
OPT-LIN/normalized-PB12/sroussel/BA/normalized-BA_RDC4.dot_fibo_10null10mast_rapportOE2.0_TMAX120_K67_cod2.opb.xz,20
OPT-LIN/normalized-PB12/sroussel/BA/normalized-BA_RDC4.dot_fibo_10null10mast_rapportOE2.0_TMAX120_K67_cod3.opb.xz,26
OPT-LIN/normalized-PB12/sroussel/BA/normalized-BA_RDC4.dot_fibo_10null10mast_rapportOE2.0_TMAX15_K67_cod1.opb.xz,26
OPT-LIN/normalized-PB12/sroussel/BA/normalized-BA_RDC4.dot_fibo_10null10mast_rapportOE2.0_TMAX15_K67_cod2.opb.xz,20
OPT-LIN/normalized-PB12/sroussel/BA/normalized-BA_RDC4.dot_fibo_10null10mast_rapportOE2.0_TMAX15_K67_cod3.opb.xz,26
OPT-LIN/normalized-PB12/sroussel/BA/normalized-BA_RDC4.dot_fibo_10null10mast_rapportOE2.0_TMAX180_K67_cod1.opb.xz,26
OPT-LIN/normalized-PB12/sroussel/BA/normalized-BA_RDC4.dot_fibo_10null10mast_rapportOE2.0_TMAX180_K67_cod2.opb.xz,20
OPT-LIN/normalized-PB12/sroussel/BA/normalized-BA_RDC4.dot_fibo_10null10mast_rapportOE2.0_TMAX180_K67_cod3.opb.xz,26
OPT-LIN/normalized-PB12/sroussel/BA/normalized-BA_RDC4.dot_fibo_10null10mast_rapportOE2.0_TMAX300_K67_cod1.opb.xz,26
OPT-LIN/normalized-PB12/sroussel/BA/normalized-BA_RDC4.dot_fibo_10null10mast_rapportOE2.0_TMAX300_K67_cod2.opb.xz,20
OPT-LIN/normalized-PB12/sroussel/BA/normalized-BA_RDC4.dot_fibo_10null10mast_rapportOE2.0_TMAX300_K67_cod3.opb.xz,26
OPT-LIN/normalized-PB12/sroussel/BA/normalized-BA_RDC4.dot_fibo_10null10mast_rapportOE2.0_TMAX60_K67_cod1.opb.xz,26
OPT-LIN/normalized-PB12/sroussel/BA/normalized-BA_RDC4.dot_fibo_10null10mast_rapportOE2.0_TMAX60_K67_cod2.opb.xz,20
OPT-LIN/normalized-PB12/sroussel/BA/normalized-BA_RDC4.dot_fibo_10null10mast_rapportOE2.0_TMAX60_K67_cod3.opb.xz,26
OPT-LIN/normalized-PB12/sroussel/BA/normalized-BA_RDC4.dot_fibo_10null20mast_rapportOE1.0_TMAX120_K67_cod1.opb.xz,27
OPT-LIN/normalized-PB12/sroussel/BA/normalized-BA_RDC4.dot_fibo_10null20mast_rapportOE1.0_TMAX120_K67_cod2.opb.xz,21
OPT-LIN/normalized-PB12/sroussel/BA/normalized-BA_RDC4.dot_fibo_10null20mast_rapportOE1.0_TMAX120_K67_cod3.opb.xz,27
OPT-LIN/normalized-PB12/sroussel/BA/normalized-BA_RDC4.dot_fibo_10null20mast_rapportOE1.0_TMAX15_K67_cod1.opb.xz,27
OPT-LIN/normalized-PB12/sroussel/BA/normalized-BA_RDC4.dot_fibo_10null20mast_rapportOE1.0_TMAX15_K67_cod2.opb.xz,21
OPT-LIN/normalized-PB12/sroussel/BA/normalized-BA_RDC4.dot_fibo_10null20mast_rapportOE1.0_TMAX15_K67_cod3.opb.xz,27
OPT-LIN/normalized-PB12/sroussel/BA/normalized-BA_RDC4.dot_fibo_10null20mast_rapportOE1.0_TMAX180_K67_cod1.opb.xz,27
OPT-LIN/normalized-PB12/sroussel/BA/normalized-BA_RDC4.dot_fibo_10null20mast_rapportOE1.0_TMAX180_K67_cod2.opb.xz,21
OPT-LIN/normalized-PB12/sroussel/BA/normalized-BA_RDC4.dot_fibo_10null20mast_rapportOE1.0_TMAX180_K67_cod3.opb.xz,27
OPT-LIN/normalized-PB12/sroussel/BA/normalized-BA_RDC4.dot_fibo_10null20mast_rapportOE1.0_TMAX300_K67_cod1.opb.xz,27
OPT-LIN/normalized-PB12/sroussel/BA/normalized-BA_RDC4.dot_fibo_10null20mast_rapportOE1.0_TMAX300_K67_cod2.opb.xz,21
OPT-LIN/normalized-PB12/sroussel/BA/normalized-BA_RDC4.dot_fibo_10null20mast_rapportOE1.0_TMAX300_K67_cod3.opb.xz,27
OPT-LIN/normalized-PB12/sroussel/BA/normalized-BA_RDC4.dot_fibo_10null20mast_rapportOE1.0_TMAX60_K67_cod1.opb.xz,27
OPT-LIN/normalized-PB12/sroussel/BA/normalized-BA_RDC4.dot_fibo_10null20mast_rapportOE1.0_TMAX60_K67_cod2.opb.xz,21
OPT-LIN/normalized-PB12/sroussel/BA/normalized-BA_RDC4.dot_fibo_10null20mast_rapportOE1.0_TMAX60_K67_cod3.opb.xz,27
OPT-LIN/normalized-PB12/sroussel/BA/normalized-BA_RDC4.dot_fibo_10null20mast_rapportOE2.0_TMAX120_K67_cod1.opb.xz,27
OPT-LIN/normalized-PB12/sroussel/BA/normalized-BA_RDC4.dot_fibo_10null20mast_rapportOE2.0_TMAX120_K67_cod2.opb.xz,21
OPT-LIN/normalized-PB12/sroussel/BA/normalized-BA_RDC4.dot_fibo_10null20mast_rapportOE2.0_TMAX120_K67_cod3.opb.xz,27
OPT-LIN/normalized-PB12/sroussel/BA/normalized-BA_RDC4.dot_fibo_10null20mast_rapportOE2.0_TMAX15_K67_cod1.opb.xz,27
OPT-LIN/normalized-PB12/sroussel/BA/normalized-BA_RDC4.dot_fibo_10null20mast_rapportOE2.0_TMAX15_K67_cod2.opb.xz,21
OPT-LIN/normalized-PB12/sroussel/BA/normalized-BA_RDC4.dot_fibo_10null20mast_rapportOE2.0_TMAX15_K67_cod3.opb.xz,27
OPT-LIN/normalized-PB12/sroussel/BA/normalized-BA_RDC4.dot_fibo_10null20mast_rapportOE2.0_TMAX180_K67_cod1.opb.xz,27
OPT-LIN/normalized-PB12/sroussel/BA/normalized-BA_RDC4.dot_fibo_10null20mast_rapportOE2.0_TMAX180_K67_cod2.opb.xz,21
OPT-LIN/normalized-PB12/sroussel/BA/normalized-BA_RDC4.dot_fibo_10null20mast_rapportOE2.0_TMAX180_K67_cod3.opb.xz,27
OPT-LIN/normalized-PB12/sroussel/BA/normalized-BA_RDC4.dot_fibo_10null20mast_rapportOE2.0_TMAX300_K67_cod1.opb.xz,27
OPT-LIN/normalized-PB12/sroussel/BA/normalized-BA_RDC4.dot_fibo_10null20mast_rapportOE2.0_TMAX300_K67_cod2.opb.xz,21
OPT-LIN/normalized-PB12/sroussel/BA/normalized-BA_RDC4.dot_fibo_10null20mast_rapportOE2.0_TMAX300_K67_cod3.opb.xz,27
OPT-LIN/normalized-PB12/sroussel/BA/normalized-BA_RDC4.dot_fibo_10null20mast_rapportOE2.0_TMAX60_K67_cod1.opb.xz,27
OPT-LIN/normalized-PB12/sroussel/BA/normalized-BA_RDC4.dot_fibo_10null20mast_rapportOE2.0_TMAX60_K67_cod2.opb.xz,21
OPT-LIN/normalized-PB12/sroussel/BA/normalized-BA_RDC4.dot_fibo_10null20mast_rapportOE2.0_TMAX60_K67_cod3.opb.xz,27
OPT-LIN/normalized-PB12/sroussel/BA/normalized-BA_RDC4.dot_fibo_10null50mast_rapportOE1.0_TMAX120_K67_cod1.opb.xz,28
OPT-LIN/normalized-PB12/sroussel/BA/normalized-BA_RDC4.dot_fibo_10null50mast_rapportOE1.0_TMAX120_K67_cod2.opb.xz,22
OPT-LIN/normalized-PB12/sroussel/BA/normalized-BA_RDC4.dot_fibo_10null50mast_rapportOE1.0_TMAX120_K67_cod3.opb.xz,28
OPT-LIN/normalized-PB12/sroussel/BA/normalized-BA_RDC4.dot_fibo_10null50mast_rapportOE1.0_TMAX15_K67_cod1.opb.xz,28
OPT-LIN/normalized-PB12/sroussel/BA/normalized-BA_RDC4.dot_fibo_10null50mast_rapportOE1.0_TMAX15_K67_cod2.opb.xz,22
OPT-LIN/normalized-PB12/sroussel/BA/normalized-BA_RDC4.dot_fibo_10null50mast_rapportOE1.0_TMAX15_K67_cod3.opb.xz,28
OPT-LIN/normalized-PB12/sroussel/BA/normalized-BA_RDC4.dot_fibo_10null50mast_rapportOE1.0_TMAX180_K67_cod1.opb.xz,28
OPT-LIN/normalized-PB12/sroussel/BA/normalized-BA_RDC4.dot_fibo_10null50mast_rapportOE1.0_TMAX180_K67_cod2.opb.xz,22
OPT-LIN/normalized-PB12/sroussel/BA/normalized-BA_RDC4.dot_fibo_10null50mast_rapportOE1.0_TMAX180_K67_cod3.opb.xz,28
OPT-LIN/normalized-PB12/sroussel/BA/normalized-BA_RDC4.dot_fibo_10null50mast_rapportOE1.0_TMAX300_K67_cod1.opb.xz,28
OPT-LIN/normalized-PB12/sroussel/BA/normalized-BA_RDC4.dot_fibo_10null50mast_rapportOE1.0_TMAX300_K67_cod2.opb.xz,22
OPT-LIN/normalized-PB12/sroussel/BA/normalized-BA_RDC4.dot_fibo_10null50mast_rapportOE1.0_TMAX300_K67_cod3.opb.xz,28
OPT-LIN/normalized-PB12/sroussel/BA/normalized-BA_RDC4.dot_fibo_10null50mast_rapportOE1.0_TMAX60_K67_cod1.opb.xz,28
OPT-LIN/normalized-PB12/sroussel/BA/normalized-BA_RDC4.dot_fibo_10null50mast_rapportOE1.0_TMAX60_K67_cod2.opb.xz,22
OPT-LIN/normalized-PB12/sroussel/BA/normalized-BA_RDC4.dot_fibo_10null50mast_rapportOE1.0_TMAX60_K67_cod3.opb.xz,28
OPT-LIN/normalized-PB12/sroussel/BA/normalized-BA_RDC4.dot_fibo_10null50mast_rapportOE2.0_TMAX120_K67_cod1.opb.xz,28
OPT-LIN/normalized-PB12/sroussel/BA/normalized-BA_RDC4.dot_fibo_10null50mast_rapportOE2.0_TMAX120_K67_cod2.opb.xz,22
OPT-LIN/normalized-PB12/sroussel/BA/normalized-BA_RDC4.dot_fibo_10null50mast_rapportOE2.0_TMAX120_K67_cod3.opb.xz,28
OPT-LIN/normalized-PB12/sroussel/BA/normalized-BA_RDC4.dot_fibo_10null50mast_rapportOE2.0_TMAX15_K67_cod1.opb.xz,28
OPT-LIN/normalized-PB12/sroussel/BA/normalized-BA_RDC4.dot_fibo_10null50mast_rapportOE2.0_TMAX15_K67_cod2.opb.xz,22
OPT-LIN/normalized-PB12/sroussel/BA/normalized-BA_RDC4.dot_fibo_10null50mast_rapportOE2.0_TMAX15_K67_cod3.opb.xz,28
OPT-LIN/normalized-PB12/sroussel/BA/normalized-BA_RDC4.dot_fibo_10null50mast_rapportOE2.0_TMAX180_K67_cod1.opb.xz,28
OPT-LIN/normalized-PB12/sroussel/BA/normalized-BA_RDC4.dot_fibo_10null50mast_rapportOE2.0_TMAX180_K67_cod2.opb.xz,22
OPT-LIN/normalized-PB12/sroussel/BA/normalized-BA_RDC4.dot_fibo_10null50mast_rapportOE2.0_TMAX180_K67_cod3.opb.xz,28
OPT-LIN/normalized-PB12/sroussel/BA/normalized-BA_RDC4.dot_fibo_10null50mast_rapportOE2.0_TMAX300_K67_cod1.opb.xz,28
OPT-LIN/normalized-PB12/sroussel/BA/normalized-BA_RDC4.dot_fibo_10null50mast_rapportOE2.0_TMAX300_K67_cod2.opb.xz,22
OPT-LIN/normalized-PB12/sroussel/BA/normalized-BA_RDC4.dot_fibo_10null50mast_rapportOE2.0_TMAX300_K67_cod3.opb.xz,28
OPT-LIN/normalized-PB12/sroussel/BA/normalized-BA_RDC4.dot_fibo_10null50mast_rapportOE2.0_TMAX60_K67_cod1.opb.xz,28
OPT-LIN/normalized-PB12/sroussel/BA/normalized-BA_RDC4.dot_fibo_10null50mast_rapportOE2.0_TMAX60_K67_cod2.opb.xz,22
OPT-LIN/normalized-PB12/sroussel/BA/normalized-BA_RDC4.dot_fibo_10null50mast_rapportOE2.0_TMAX60_K67_cod3.opb.xz,28
OPT-LIN/normalized-PB12/sroussel/BA/normalized-BA_RDC4.dot_fibo_20null0mast_rapportOE1.0_TMAX120_K67_cod1.opb.xz,25
OPT-LIN/normalized-PB12/sroussel/BA/normalized-BA_RDC4.dot_fibo_20null0mast_rapportOE1.0_TMAX120_K67_cod2.opb.xz,19
OPT-LIN/normalized-PB12/sroussel/BA/normalized-BA_RDC4.dot_fibo_20null0mast_rapportOE1.0_TMAX120_K67_cod3.opb.xz,25
OPT-LIN/normalized-PB12/sroussel/BA/normalized-BA_RDC4.dot_fibo_20null0mast_rapportOE1.0_TMAX15_K67_cod1.opb.xz,25
OPT-LIN/normalized-PB12/sroussel/BA/normalized-BA_RDC4.dot_fibo_20null0mast_rapportOE1.0_TMAX15_K67_cod2.opb.xz,19
OPT-LIN/normalized-PB12/sroussel/BA/normalized-BA_RDC4.dot_fibo_20null0mast_rapportOE1.0_TMAX15_K67_cod3.opb.xz,25
OPT-LIN/normalized-PB12/sroussel/BA/normalized-BA_RDC4.dot_fibo_20null0mast_rapportOE1.0_TMAX180_K67_cod1.opb.xz,25
OPT-LIN/normalized-PB12/sroussel/BA/normalized-BA_RDC4.dot_fibo_20null0mast_rapportOE1.0_TMAX180_K67_cod2.opb.xz,19
OPT-LIN/normalized-PB12/sroussel/BA/normalized-BA_RDC4.dot_fibo_20null0mast_rapportOE1.0_TMAX180_K67_cod3.opb.xz,25
OPT-LIN/normalized-PB12/sroussel/BA/normalized-BA_RDC4.dot_fibo_20null0mast_rapportOE1.0_TMAX300_K67_cod1.opb.xz,25
OPT-LIN/normalized-PB12/sroussel/BA/normalized-BA_RDC4.dot_fibo_20null0mast_rapportOE1.0_TMAX300_K67_cod2.opb.xz,19
OPT-LIN/normalized-PB12/sroussel/BA/normalized-BA_RDC4.dot_fibo_20null0mast_rapportOE1.0_TMAX300_K67_cod3.opb.xz,25
OPT-LIN/normalized-PB12/sroussel/BA/normalized-BA_RDC4.dot_fibo_20null0mast_rapportOE1.0_TMAX60_K67_cod1.opb.xz,25
OPT-LIN/normalized-PB12/sroussel/BA/normalized-BA_RDC4.dot_fibo_20null0mast_rapportOE1.0_TMAX60_K67_cod2.opb.xz,19
OPT-LIN/normalized-PB12/sroussel/BA/normalized-BA_RDC4.dot_fibo_20null0mast_rapportOE1.0_TMAX60_K67_cod3.opb.xz,25
OPT-LIN/normalized-PB12/sroussel/BA/normalized-BA_RDC4.dot_fibo_20null0mast_rapportOE2.0_TMAX120_K67_cod1.opb.xz,25
OPT-LIN/normalized-PB12/sroussel/BA/normalized-BA_RDC4.dot_fibo_20null0mast_rapportOE2.0_TMAX120_K67_cod2.opb.xz,19
OPT-LIN/normalized-PB12/sroussel/BA/normalized-BA_RDC4.dot_fibo_20null0mast_rapportOE2.0_TMAX120_K67_cod3.opb.xz,25
OPT-LIN/normalized-PB12/sroussel/BA/normalized-BA_RDC4.dot_fibo_20null0mast_rapportOE2.0_TMAX15_K67_cod1.opb.xz,25
OPT-LIN/normalized-PB12/sroussel/BA/normalized-BA_RDC4.dot_fibo_20null0mast_rapportOE2.0_TMAX15_K67_cod2.opb.xz,19
OPT-LIN/normalized-PB12/sroussel/BA/normalized-BA_RDC4.dot_fibo_20null0mast_rapportOE2.0_TMAX15_K67_cod3.opb.xz,25
OPT-LIN/normalized-PB12/sroussel/BA/normalized-BA_RDC4.dot_fibo_20null0mast_rapportOE2.0_TMAX180_K67_cod1.opb.xz,25
OPT-LIN/normalized-PB12/sroussel/BA/normalized-BA_RDC4.dot_fibo_20null0mast_rapportOE2.0_TMAX180_K67_cod2.opb.xz,19
OPT-LIN/normalized-PB12/sroussel/BA/normalized-BA_RDC4.dot_fibo_20null0mast_rapportOE2.0_TMAX180_K67_cod3.opb.xz,25
OPT-LIN/normalized-PB12/sroussel/BA/normalized-BA_RDC4.dot_fibo_20null0mast_rapportOE2.0_TMAX300_K67_cod1.opb.xz,25
OPT-LIN/normalized-PB12/sroussel/BA/normalized-BA_RDC4.dot_fibo_20null0mast_rapportOE2.0_TMAX300_K67_cod2.opb.xz,19
OPT-LIN/normalized-PB12/sroussel/BA/normalized-BA_RDC4.dot_fibo_20null0mast_rapportOE2.0_TMAX300_K67_cod3.opb.xz,25
OPT-LIN/normalized-PB12/sroussel/BA/normalized-BA_RDC4.dot_fibo_20null0mast_rapportOE2.0_TMAX60_K67_cod1.opb.xz,25
OPT-LIN/normalized-PB12/sroussel/BA/normalized-BA_RDC4.dot_fibo_20null0mast_rapportOE2.0_TMAX60_K67_cod2.opb.xz,19
OPT-LIN/normalized-PB12/sroussel/BA/normalized-BA_RDC4.dot_fibo_20null0mast_rapportOE2.0_TMAX60_K67_cod3.opb.xz,25
OPT-LIN/normalized-PB12/sroussel/BA/normalized-BA_RDC4.dot_fibo_20null10mast_rapportOE1.0_TMAX120_K67_cod1.opb.xz,26
OPT-LIN/normalized-PB12/sroussel/BA/normalized-BA_RDC4.dot_fibo_20null10mast_rapportOE1.0_TMAX120_K67_cod2.opb.xz,20
OPT-LIN/normalized-PB12/sroussel/BA/normalized-BA_RDC4.dot_fibo_20null10mast_rapportOE1.0_TMAX120_K67_cod3.opb.xz,26
OPT-LIN/normalized-PB12/sroussel/BA/normalized-BA_RDC4.dot_fibo_20null10mast_rapportOE1.0_TMAX15_K67_cod1.opb.xz,26
OPT-LIN/normalized-PB12/sroussel/BA/normalized-BA_RDC4.dot_fibo_20null10mast_rapportOE1.0_TMAX15_K67_cod2.opb.xz,20
OPT-LIN/normalized-PB12/sroussel/BA/normalized-BA_RDC4.dot_fibo_20null10mast_rapportOE1.0_TMAX15_K67_cod3.opb.xz,26
OPT-LIN/normalized-PB12/sroussel/BA/normalized-BA_RDC4.dot_fibo_20null10mast_rapportOE1.0_TMAX180_K67_cod1.opb.xz,26
OPT-LIN/normalized-PB12/sroussel/BA/normalized-BA_RDC4.dot_fibo_20null10mast_rapportOE1.0_TMAX180_K67_cod2.opb.xz,20
OPT-LIN/normalized-PB12/sroussel/BA/normalized-BA_RDC4.dot_fibo_20null10mast_rapportOE1.0_TMAX180_K67_cod3.opb.xz,26
OPT-LIN/normalized-PB12/sroussel/BA/normalized-BA_RDC4.dot_fibo_20null10mast_rapportOE1.0_TMAX300_K67_cod1.opb.xz,26
OPT-LIN/normalized-PB12/sroussel/BA/normalized-BA_RDC4.dot_fibo_20null10mast_rapportOE1.0_TMAX300_K67_cod2.opb.xz,20
OPT-LIN/normalized-PB12/sroussel/BA/normalized-BA_RDC4.dot_fibo_20null10mast_rapportOE1.0_TMAX300_K67_cod3.opb.xz,26
OPT-LIN/normalized-PB12/sroussel/BA/normalized-BA_RDC4.dot_fibo_20null10mast_rapportOE1.0_TMAX60_K67_cod1.opb.xz,26
OPT-LIN/normalized-PB12/sroussel/BA/normalized-BA_RDC4.dot_fibo_20null10mast_rapportOE1.0_TMAX60_K67_cod2.opb.xz,20
OPT-LIN/normalized-PB12/sroussel/BA/normalized-BA_RDC4.dot_fibo_20null10mast_rapportOE1.0_TMAX60_K67_cod3.opb.xz,26
OPT-LIN/normalized-PB12/sroussel/BA/normalized-BA_RDC4.dot_fibo_20null10mast_rapportOE2.0_TMAX120_K67_cod1.opb.xz,26
OPT-LIN/normalized-PB12/sroussel/BA/normalized-BA_RDC4.dot_fibo_20null10mast_rapportOE2.0_TMAX120_K67_cod2.opb.xz,20
OPT-LIN/normalized-PB12/sroussel/BA/normalized-BA_RDC4.dot_fibo_20null10mast_rapportOE2.0_TMAX120_K67_cod3.opb.xz,26
OPT-LIN/normalized-PB12/sroussel/BA/normalized-BA_RDC4.dot_fibo_20null10mast_rapportOE2.0_TMAX15_K67_cod1.opb.xz,26
OPT-LIN/normalized-PB12/sroussel/BA/normalized-BA_RDC4.dot_fibo_20null10mast_rapportOE2.0_TMAX15_K67_cod2.opb.xz,20
OPT-LIN/normalized-PB12/sroussel/BA/normalized-BA_RDC4.dot_fibo_20null10mast_rapportOE2.0_TMAX15_K67_cod3.opb.xz,26
OPT-LIN/normalized-PB12/sroussel/BA/normalized-BA_RDC4.dot_fibo_20null10mast_rapportOE2.0_TMAX180_K67_cod1.opb.xz,26
OPT-LIN/normalized-PB12/sroussel/BA/normalized-BA_RDC4.dot_fibo_20null10mast_rapportOE2.0_TMAX180_K67_cod2.opb.xz,20
OPT-LIN/normalized-PB12/sroussel/BA/normalized-BA_RDC4.dot_fibo_20null10mast_rapportOE2.0_TMAX180_K67_cod3.opb.xz,26
OPT-LIN/normalized-PB12/sroussel/BA/normalized-BA_RDC4.dot_fibo_20null10mast_rapportOE2.0_TMAX300_K67_cod1.opb.xz,26
OPT-LIN/normalized-PB12/sroussel/BA/normalized-BA_RDC4.dot_fibo_20null10mast_rapportOE2.0_TMAX300_K67_cod2.opb.xz,20
OPT-LIN/normalized-PB12/sroussel/BA/normalized-BA_RDC4.dot_fibo_20null10mast_rapportOE2.0_TMAX300_K67_cod3.opb.xz,26
OPT-LIN/normalized-PB12/sroussel/BA/normalized-BA_RDC4.dot_fibo_20null10mast_rapportOE2.0_TMAX60_K67_cod1.opb.xz,26
OPT-LIN/normalized-PB12/sroussel/BA/normalized-BA_RDC4.dot_fibo_20null10mast_rapportOE2.0_TMAX60_K67_cod2.opb.xz,20
OPT-LIN/normalized-PB12/sroussel/BA/normalized-BA_RDC4.dot_fibo_20null10mast_rapportOE2.0_TMAX60_K67_cod3.opb.xz,26
OPT-LIN/normalized-PB12/sroussel/BA/normalized-BA_RDC4.dot_fibo_20null20mast_rapportOE1.0_TMAX120_K67_cod1.opb.xz,27
OPT-LIN/normalized-PB12/sroussel/BA/normalized-BA_RDC4.dot_fibo_20null20mast_rapportOE1.0_TMAX120_K67_cod2.opb.xz,21
OPT-LIN/normalized-PB12/sroussel/BA/normalized-BA_RDC4.dot_fibo_20null20mast_rapportOE1.0_TMAX120_K67_cod3.opb.xz,27
OPT-LIN/normalized-PB12/sroussel/BA/normalized-BA_RDC4.dot_fibo_20null20mast_rapportOE1.0_TMAX15_K67_cod1.opb.xz,27
OPT-LIN/normalized-PB12/sroussel/BA/normalized-BA_RDC4.dot_fibo_20null20mast_rapportOE1.0_TMAX15_K67_cod2.opb.xz,21
OPT-LIN/normalized-PB12/sroussel/BA/normalized-BA_RDC4.dot_fibo_20null20mast_rapportOE1.0_TMAX15_K67_cod3.opb.xz,27
OPT-LIN/normalized-PB12/sroussel/BA/normalized-BA_RDC4.dot_fibo_20null20mast_rapportOE1.0_TMAX180_K67_cod1.opb.xz,27
OPT-LIN/normalized-PB12/sroussel/BA/normalized-BA_RDC4.dot_fibo_20null20mast_rapportOE1.0_TMAX180_K67_cod2.opb.xz,21
OPT-LIN/normalized-PB12/sroussel/BA/normalized-BA_RDC4.dot_fibo_20null20mast_rapportOE1.0_TMAX180_K67_cod3.opb.xz,27
OPT-LIN/normalized-PB12/sroussel/BA/normalized-BA_RDC4.dot_fibo_20null20mast_rapportOE1.0_TMAX300_K67_cod1.opb.xz,27
OPT-LIN/normalized-PB12/sroussel/BA/normalized-BA_RDC4.dot_fibo_20null20mast_rapportOE1.0_TMAX300_K67_cod2.opb.xz,21
OPT-LIN/normalized-PB12/sroussel/BA/normalized-BA_RDC4.dot_fibo_20null20mast_rapportOE1.0_TMAX300_K67_cod3.opb.xz,27
OPT-LIN/normalized-PB12/sroussel/BA/normalized-BA_RDC4.dot_fibo_20null20mast_rapportOE1.0_TMAX60_K67_cod1.opb.xz,27
OPT-LIN/normalized-PB12/sroussel/BA/normalized-BA_RDC4.dot_fibo_20null20mast_rapportOE1.0_TMAX60_K67_cod2.opb.xz,21
OPT-LIN/normalized-PB12/sroussel/BA/normalized-BA_RDC4.dot_fibo_20null20mast_rapportOE1.0_TMAX60_K67_cod3.opb.xz,27
OPT-LIN/normalized-PB12/sroussel/BA/normalized-BA_RDC4.dot_fibo_20null20mast_rapportOE2.0_TMAX120_K67_cod1.opb.xz,27
OPT-LIN/normalized-PB12/sroussel/BA/normalized-BA_RDC4.dot_fibo_20null20mast_rapportOE2.0_TMAX120_K67_cod2.opb.xz,21
OPT-LIN/normalized-PB12/sroussel/BA/normalized-BA_RDC4.dot_fibo_20null20mast_rapportOE2.0_TMAX120_K67_cod3.opb.xz,27
OPT-LIN/normalized-PB12/sroussel/BA/normalized-BA_RDC4.dot_fibo_20null20mast_rapportOE2.0_TMAX15_K67_cod1.opb.xz,27
OPT-LIN/normalized-PB12/sroussel/BA/normalized-BA_RDC4.dot_fibo_20null20mast_rapportOE2.0_TMAX15_K67_cod2.opb.xz,21
OPT-LIN/normalized-PB12/sroussel/BA/normalized-BA_RDC4.dot_fibo_20null20mast_rapportOE2.0_TMAX15_K67_cod3.opb.xz,27
OPT-LIN/normalized-PB12/sroussel/BA/normalized-BA_RDC4.dot_fibo_20null20mast_rapportOE2.0_TMAX180_K67_cod1.opb.xz,27
OPT-LIN/normalized-PB12/sroussel/BA/normalized-BA_RDC4.dot_fibo_20null20mast_rapportOE2.0_TMAX180_K67_cod2.opb.xz,21
OPT-LIN/normalized-PB12/sroussel/BA/normalized-BA_RDC4.dot_fibo_20null20mast_rapportOE2.0_TMAX180_K67_cod3.opb.xz,27
OPT-LIN/normalized-PB12/sroussel/BA/normalized-BA_RDC4.dot_fibo_20null20mast_rapportOE2.0_TMAX300_K67_cod1.opb.xz,27
OPT-LIN/normalized-PB12/sroussel/BA/normalized-BA_RDC4.dot_fibo_20null20mast_rapportOE2.0_TMAX300_K67_cod2.opb.xz,21
OPT-LIN/normalized-PB12/sroussel/BA/normalized-BA_RDC4.dot_fibo_20null20mast_rapportOE2.0_TMAX300_K67_cod3.opb.xz,27
OPT-LIN/normalized-PB12/sroussel/BA/normalized-BA_RDC4.dot_fibo_20null20mast_rapportOE2.0_TMAX60_K67_cod1.opb.xz,27
OPT-LIN/normalized-PB12/sroussel/BA/normalized-BA_RDC4.dot_fibo_20null20mast_rapportOE2.0_TMAX60_K67_cod2.opb.xz,21
OPT-LIN/normalized-PB12/sroussel/BA/normalized-BA_RDC4.dot_fibo_20null20mast_rapportOE2.0_TMAX60_K67_cod3.opb.xz,27
OPT-LIN/normalized-PB12/sroussel/BA/normalized-BA_RDC4.dot_fibo_20null50mast_rapportOE1.0_TMAX120_K67_cod1.opb.xz,28
OPT-LIN/normalized-PB12/sroussel/BA/normalized-BA_RDC4.dot_fibo_20null50mast_rapportOE1.0_TMAX120_K67_cod2.opb.xz,22
OPT-LIN/normalized-PB12/sroussel/BA/normalized-BA_RDC4.dot_fibo_20null50mast_rapportOE1.0_TMAX120_K67_cod3.opb.xz,28
OPT-LIN/normalized-PB12/sroussel/BA/normalized-BA_RDC4.dot_fibo_20null50mast_rapportOE1.0_TMAX15_K67_cod1.opb.xz,28
OPT-LIN/normalized-PB12/sroussel/BA/normalized-BA_RDC4.dot_fibo_20null50mast_rapportOE1.0_TMAX15_K67_cod2.opb.xz,22
OPT-LIN/normalized-PB12/sroussel/BA/normalized-BA_RDC4.dot_fibo_20null50mast_rapportOE1.0_TMAX15_K67_cod3.opb.xz,28
OPT-LIN/normalized-PB12/sroussel/BA/normalized-BA_RDC4.dot_fibo_20null50mast_rapportOE1.0_TMAX180_K67_cod1.opb.xz,28
OPT-LIN/normalized-PB12/sroussel/BA/normalized-BA_RDC4.dot_fibo_20null50mast_rapportOE1.0_TMAX180_K67_cod2.opb.xz,22
OPT-LIN/normalized-PB12/sroussel/BA/normalized-BA_RDC4.dot_fibo_20null50mast_rapportOE1.0_TMAX180_K67_cod3.opb.xz,28
OPT-LIN/normalized-PB12/sroussel/BA/normalized-BA_RDC4.dot_fibo_20null50mast_rapportOE1.0_TMAX300_K67_cod1.opb.xz,28
OPT-LIN/normalized-PB12/sroussel/BA/normalized-BA_RDC4.dot_fibo_20null50mast_rapportOE1.0_TMAX300_K67_cod2.opb.xz,22
OPT-LIN/normalized-PB12/sroussel/BA/normalized-BA_RDC4.dot_fibo_20null50mast_rapportOE1.0_TMAX300_K67_cod3.opb.xz,28
OPT-LIN/normalized-PB12/sroussel/BA/normalized-BA_RDC4.dot_fibo_20null50mast_rapportOE1.0_TMAX60_K67_cod1.opb.xz,28
OPT-LIN/normalized-PB12/sroussel/BA/normalized-BA_RDC4.dot_fibo_20null50mast_rapportOE1.0_TMAX60_K67_cod2.opb.xz,22
OPT-LIN/normalized-PB12/sroussel/BA/normalized-BA_RDC4.dot_fibo_20null50mast_rapportOE1.0_TMAX60_K67_cod3.opb.xz,28
OPT-LIN/normalized-PB12/sroussel/BA/normalized-BA_RDC4.dot_fibo_20null50mast_rapportOE2.0_TMAX120_K67_cod1.opb.xz,28
OPT-LIN/normalized-PB12/sroussel/BA/normalized-BA_RDC4.dot_fibo_20null50mast_rapportOE2.0_TMAX120_K67_cod2.opb.xz,22
OPT-LIN/normalized-PB12/sroussel/BA/normalized-BA_RDC4.dot_fibo_20null50mast_rapportOE2.0_TMAX120_K67_cod3.opb.xz,28
OPT-LIN/normalized-PB12/sroussel/BA/normalized-BA_RDC4.dot_fibo_20null50mast_rapportOE2.0_TMAX15_K67_cod1.opb.xz,28
OPT-LIN/normalized-PB12/sroussel/BA/normalized-BA_RDC4.dot_fibo_20null50mast_rapportOE2.0_TMAX15_K67_cod2.opb.xz,22
OPT-LIN/normalized-PB12/sroussel/BA/normalized-BA_RDC4.dot_fibo_20null50mast_rapportOE2.0_TMAX15_K67_cod3.opb.xz,28
OPT-LIN/normalized-PB12/sroussel/BA/normalized-BA_RDC4.dot_fibo_20null50mast_rapportOE2.0_TMAX180_K67_cod1.opb.xz,28
OPT-LIN/normalized-PB12/sroussel/BA/normalized-BA_RDC4.dot_fibo_20null50mast_rapportOE2.0_TMAX180_K67_cod2.opb.xz,22
OPT-LIN/normalized-PB12/sroussel/BA/normalized-BA_RDC4.dot_fibo_20null50mast_rapportOE2.0_TMAX180_K67_cod3.opb.xz,28
OPT-LIN/normalized-PB12/sroussel/BA/normalized-BA_RDC4.dot_fibo_20null50mast_rapportOE2.0_TMAX300_K67_cod1.opb.xz,28
OPT-LIN/normalized-PB12/sroussel/BA/normalized-BA_RDC4.dot_fibo_20null50mast_rapportOE2.0_TMAX300_K67_cod2.opb.xz,22
OPT-LIN/normalized-PB12/sroussel/BA/normalized-BA_RDC4.dot_fibo_20null50mast_rapportOE2.0_TMAX300_K67_cod3.opb.xz,28
OPT-LIN/normalized-PB12/sroussel/BA/normalized-BA_RDC4.dot_fibo_20null50mast_rapportOE2.0_TMAX60_K67_cod1.opb.xz,28
OPT-LIN/normalized-PB12/sroussel/BA/normalized-BA_RDC4.dot_fibo_20null50mast_rapportOE2.0_TMAX60_K67_cod2.opb.xz,22
OPT-LIN/normalized-PB12/sroussel/BA/normalized-BA_RDC4.dot_fibo_20null50mast_rapportOE2.0_TMAX60_K67_cod3.opb.xz,28
OPT-LIN/normalized-PB12/sroussel/BA/normalized-BA_RDC4.dot_fibo_50null0mast_rapportOE1.0_TMAX120_K67_cod1.opb.xz,24
OPT-LIN/normalized-PB12/sroussel/BA/normalized-BA_RDC4.dot_fibo_50null0mast_rapportOE1.0_TMAX120_K67_cod2.opb.xz,18
OPT-LIN/normalized-PB12/sroussel/BA/normalized-BA_RDC4.dot_fibo_50null0mast_rapportOE1.0_TMAX120_K67_cod3.opb.xz,24
OPT-LIN/normalized-PB12/sroussel/BA/normalized-BA_RDC4.dot_fibo_50null0mast_rapportOE1.0_TMAX15_K67_cod1.opb.xz,24
OPT-LIN/normalized-PB12/sroussel/BA/normalized-BA_RDC4.dot_fibo_50null0mast_rapportOE1.0_TMAX15_K67_cod2.opb.xz,18
OPT-LIN/normalized-PB12/sroussel/BA/normalized-BA_RDC4.dot_fibo_50null0mast_rapportOE1.0_TMAX15_K67_cod3.opb.xz,24
OPT-LIN/normalized-PB12/sroussel/BA/normalized-BA_RDC4.dot_fibo_50null0mast_rapportOE1.0_TMAX180_K67_cod1.opb.xz,24
OPT-LIN/normalized-PB12/sroussel/BA/normalized-BA_RDC4.dot_fibo_50null0mast_rapportOE1.0_TMAX180_K67_cod2.opb.xz,18
OPT-LIN/normalized-PB12/sroussel/BA/normalized-BA_RDC4.dot_fibo_50null0mast_rapportOE1.0_TMAX180_K67_cod3.opb.xz,24
OPT-LIN/normalized-PB12/sroussel/BA/normalized-BA_RDC4.dot_fibo_50null0mast_rapportOE1.0_TMAX300_K67_cod1.opb.xz,24
OPT-LIN/normalized-PB12/sroussel/BA/normalized-BA_RDC4.dot_fibo_50null0mast_rapportOE1.0_TMAX300_K67_cod2.opb.xz,18
OPT-LIN/normalized-PB12/sroussel/BA/normalized-BA_RDC4.dot_fibo_50null0mast_rapportOE1.0_TMAX300_K67_cod3.opb.xz,24
OPT-LIN/normalized-PB12/sroussel/BA/normalized-BA_RDC4.dot_fibo_50null0mast_rapportOE1.0_TMAX60_K67_cod1.opb.xz,24
OPT-LIN/normalized-PB12/sroussel/BA/normalized-BA_RDC4.dot_fibo_50null0mast_rapportOE1.0_TMAX60_K67_cod2.opb.xz,18
OPT-LIN/normalized-PB12/sroussel/BA/normalized-BA_RDC4.dot_fibo_50null0mast_rapportOE1.0_TMAX60_K67_cod3.opb.xz,24
OPT-LIN/normalized-PB12/sroussel/BA/normalized-BA_RDC4.dot_fibo_50null0mast_rapportOE2.0_TMAX120_K67_cod1.opb.xz,24
OPT-LIN/normalized-PB12/sroussel/BA/normalized-BA_RDC4.dot_fibo_50null0mast_rapportOE2.0_TMAX120_K67_cod2.opb.xz,18
OPT-LIN/normalized-PB12/sroussel/BA/normalized-BA_RDC4.dot_fibo_50null0mast_rapportOE2.0_TMAX120_K67_cod3.opb.xz,24
OPT-LIN/normalized-PB12/sroussel/BA/normalized-BA_RDC4.dot_fibo_50null0mast_rapportOE2.0_TMAX15_K67_cod1.opb.xz,24
OPT-LIN/normalized-PB12/sroussel/BA/normalized-BA_RDC4.dot_fibo_50null0mast_rapportOE2.0_TMAX15_K67_cod2.opb.xz,18
OPT-LIN/normalized-PB12/sroussel/BA/normalized-BA_RDC4.dot_fibo_50null0mast_rapportOE2.0_TMAX15_K67_cod3.opb.xz,24
OPT-LIN/normalized-PB12/sroussel/BA/normalized-BA_RDC4.dot_fibo_50null0mast_rapportOE2.0_TMAX180_K67_cod1.opb.xz,24
OPT-LIN/normalized-PB12/sroussel/BA/normalized-BA_RDC4.dot_fibo_50null0mast_rapportOE2.0_TMAX180_K67_cod2.opb.xz,18
OPT-LIN/normalized-PB12/sroussel/BA/normalized-BA_RDC4.dot_fibo_50null0mast_rapportOE2.0_TMAX180_K67_cod3.opb.xz,24
OPT-LIN/normalized-PB12/sroussel/BA/normalized-BA_RDC4.dot_fibo_50null0mast_rapportOE2.0_TMAX300_K67_cod1.opb.xz,24
OPT-LIN/normalized-PB12/sroussel/BA/normalized-BA_RDC4.dot_fibo_50null0mast_rapportOE2.0_TMAX300_K67_cod2.opb.xz,18
OPT-LIN/normalized-PB12/sroussel/BA/normalized-BA_RDC4.dot_fibo_50null0mast_rapportOE2.0_TMAX300_K67_cod3.opb.xz,24
OPT-LIN/normalized-PB12/sroussel/BA/normalized-BA_RDC4.dot_fibo_50null0mast_rapportOE2.0_TMAX60_K67_cod1.opb.xz,24
OPT-LIN/normalized-PB12/sroussel/BA/normalized-BA_RDC4.dot_fibo_50null0mast_rapportOE2.0_TMAX60_K67_cod2.opb.xz,18
OPT-LIN/normalized-PB12/sroussel/BA/normalized-BA_RDC4.dot_fibo_50null0mast_rapportOE2.0_TMAX60_K67_cod3.opb.xz,24
OPT-LIN/normalized-PB12/sroussel/BA/normalized-BA_RDC4.dot_fibo_50null10mast_rapportOE1.0_TMAX120_K67_cod1.opb.xz,26
OPT-LIN/normalized-PB12/sroussel/BA/normalized-BA_RDC4.dot_fibo_50null10mast_rapportOE1.0_TMAX120_K67_cod2.opb.xz,20
OPT-LIN/normalized-PB12/sroussel/BA/normalized-BA_RDC4.dot_fibo_50null10mast_rapportOE1.0_TMAX120_K67_cod3.opb.xz,26
OPT-LIN/normalized-PB12/sroussel/BA/normalized-BA_RDC4.dot_fibo_50null10mast_rapportOE1.0_TMAX15_K67_cod1.opb.xz,26
OPT-LIN/normalized-PB12/sroussel/BA/normalized-BA_RDC4.dot_fibo_50null10mast_rapportOE1.0_TMAX15_K67_cod2.opb.xz,20
OPT-LIN/normalized-PB12/sroussel/BA/normalized-BA_RDC4.dot_fibo_50null10mast_rapportOE1.0_TMAX15_K67_cod3.opb.xz,26
OPT-LIN/normalized-PB12/sroussel/BA/normalized-BA_RDC4.dot_fibo_50null10mast_rapportOE1.0_TMAX180_K67_cod1.opb.xz,26
OPT-LIN/normalized-PB12/sroussel/BA/normalized-BA_RDC4.dot_fibo_50null10mast_rapportOE1.0_TMAX180_K67_cod2.opb.xz,20
OPT-LIN/normalized-PB12/sroussel/BA/normalized-BA_RDC4.dot_fibo_50null10mast_rapportOE1.0_TMAX180_K67_cod3.opb.xz,26
OPT-LIN/normalized-PB12/sroussel/BA/normalized-BA_RDC4.dot_fibo_50null10mast_rapportOE1.0_TMAX300_K67_cod1.opb.xz,26
OPT-LIN/normalized-PB12/sroussel/BA/normalized-BA_RDC4.dot_fibo_50null10mast_rapportOE1.0_TMAX300_K67_cod2.opb.xz,20
OPT-LIN/normalized-PB12/sroussel/BA/normalized-BA_RDC4.dot_fibo_50null10mast_rapportOE1.0_TMAX300_K67_cod3.opb.xz,26
OPT-LIN/normalized-PB12/sroussel/BA/normalized-BA_RDC4.dot_fibo_50null10mast_rapportOE1.0_TMAX60_K67_cod1.opb.xz,26
OPT-LIN/normalized-PB12/sroussel/BA/normalized-BA_RDC4.dot_fibo_50null10mast_rapportOE1.0_TMAX60_K67_cod2.opb.xz,20
OPT-LIN/normalized-PB12/sroussel/BA/normalized-BA_RDC4.dot_fibo_50null10mast_rapportOE1.0_TMAX60_K67_cod3.opb.xz,26
OPT-LIN/normalized-PB12/sroussel/BA/normalized-BA_RDC4.dot_fibo_50null10mast_rapportOE2.0_TMAX120_K67_cod1.opb.xz,26
OPT-LIN/normalized-PB12/sroussel/BA/normalized-BA_RDC4.dot_fibo_50null10mast_rapportOE2.0_TMAX120_K67_cod2.opb.xz,20
OPT-LIN/normalized-PB12/sroussel/BA/normalized-BA_RDC4.dot_fibo_50null10mast_rapportOE2.0_TMAX120_K67_cod3.opb.xz,26
OPT-LIN/normalized-PB12/sroussel/BA/normalized-BA_RDC4.dot_fibo_50null10mast_rapportOE2.0_TMAX15_K67_cod1.opb.xz,26
OPT-LIN/normalized-PB12/sroussel/BA/normalized-BA_RDC4.dot_fibo_50null10mast_rapportOE2.0_TMAX15_K67_cod2.opb.xz,20
OPT-LIN/normalized-PB12/sroussel/BA/normalized-BA_RDC4.dot_fibo_50null10mast_rapportOE2.0_TMAX15_K67_cod3.opb.xz,26
OPT-LIN/normalized-PB12/sroussel/BA/normalized-BA_RDC4.dot_fibo_50null10mast_rapportOE2.0_TMAX180_K67_cod1.opb.xz,26
OPT-LIN/normalized-PB12/sroussel/BA/normalized-BA_RDC4.dot_fibo_50null10mast_rapportOE2.0_TMAX180_K67_cod2.opb.xz,20
OPT-LIN/normalized-PB12/sroussel/BA/normalized-BA_RDC4.dot_fibo_50null10mast_rapportOE2.0_TMAX180_K67_cod3.opb.xz,26
OPT-LIN/normalized-PB12/sroussel/BA/normalized-BA_RDC4.dot_fibo_50null10mast_rapportOE2.0_TMAX300_K67_cod1.opb.xz,26
OPT-LIN/normalized-PB12/sroussel/BA/normalized-BA_RDC4.dot_fibo_50null10mast_rapportOE2.0_TMAX300_K67_cod2.opb.xz,20
OPT-LIN/normalized-PB12/sroussel/BA/normalized-BA_RDC4.dot_fibo_50null10mast_rapportOE2.0_TMAX300_K67_cod3.opb.xz,26
OPT-LIN/normalized-PB12/sroussel/BA/normalized-BA_RDC4.dot_fibo_50null10mast_rapportOE2.0_TMAX60_K67_cod1.opb.xz,26
OPT-LIN/normalized-PB12/sroussel/BA/normalized-BA_RDC4.dot_fibo_50null10mast_rapportOE2.0_TMAX60_K67_cod2.opb.xz,20
OPT-LIN/normalized-PB12/sroussel/BA/normalized-BA_RDC4.dot_fibo_50null10mast_rapportOE2.0_TMAX60_K67_cod3.opb.xz,26
OPT-LIN/normalized-PB12/sroussel/BA/normalized-BA_RDC4.dot_fibo_50null20mast_rapportOE1.0_TMAX120_K67_cod1.opb.xz,27
OPT-LIN/normalized-PB12/sroussel/BA/normalized-BA_RDC4.dot_fibo_50null20mast_rapportOE1.0_TMAX120_K67_cod2.opb.xz,21
OPT-LIN/normalized-PB12/sroussel/BA/normalized-BA_RDC4.dot_fibo_50null20mast_rapportOE1.0_TMAX120_K67_cod3.opb.xz,27
OPT-LIN/normalized-PB12/sroussel/BA/normalized-BA_RDC4.dot_fibo_50null20mast_rapportOE1.0_TMAX15_K67_cod1.opb.xz,27
OPT-LIN/normalized-PB12/sroussel/BA/normalized-BA_RDC4.dot_fibo_50null20mast_rapportOE1.0_TMAX15_K67_cod2.opb.xz,21
OPT-LIN/normalized-PB12/sroussel/BA/normalized-BA_RDC4.dot_fibo_50null20mast_rapportOE1.0_TMAX15_K67_cod3.opb.xz,27
OPT-LIN/normalized-PB12/sroussel/BA/normalized-BA_RDC4.dot_fibo_50null20mast_rapportOE1.0_TMAX180_K67_cod1.opb.xz,27
OPT-LIN/normalized-PB12/sroussel/BA/normalized-BA_RDC4.dot_fibo_50null20mast_rapportOE1.0_TMAX180_K67_cod2.opb.xz,21
OPT-LIN/normalized-PB12/sroussel/BA/normalized-BA_RDC4.dot_fibo_50null20mast_rapportOE1.0_TMAX180_K67_cod3.opb.xz,27
OPT-LIN/normalized-PB12/sroussel/BA/normalized-BA_RDC4.dot_fibo_50null20mast_rapportOE1.0_TMAX300_K67_cod1.opb.xz,27
OPT-LIN/normalized-PB12/sroussel/BA/normalized-BA_RDC4.dot_fibo_50null20mast_rapportOE1.0_TMAX300_K67_cod2.opb.xz,21
OPT-LIN/normalized-PB12/sroussel/BA/normalized-BA_RDC4.dot_fibo_50null20mast_rapportOE1.0_TMAX300_K67_cod3.opb.xz,27
OPT-LIN/normalized-PB12/sroussel/BA/normalized-BA_RDC4.dot_fibo_50null20mast_rapportOE1.0_TMAX60_K67_cod1.opb.xz,27
OPT-LIN/normalized-PB12/sroussel/BA/normalized-BA_RDC4.dot_fibo_50null20mast_rapportOE1.0_TMAX60_K67_cod2.opb.xz,21
OPT-LIN/normalized-PB12/sroussel/BA/normalized-BA_RDC4.dot_fibo_50null20mast_rapportOE1.0_TMAX60_K67_cod3.opb.xz,27
OPT-LIN/normalized-PB12/sroussel/BA/normalized-BA_RDC4.dot_fibo_50null20mast_rapportOE2.0_TMAX120_K67_cod1.opb.xz,27
OPT-LIN/normalized-PB12/sroussel/BA/normalized-BA_RDC4.dot_fibo_50null20mast_rapportOE2.0_TMAX120_K67_cod2.opb.xz,21
OPT-LIN/normalized-PB12/sroussel/BA/normalized-BA_RDC4.dot_fibo_50null20mast_rapportOE2.0_TMAX120_K67_cod3.opb.xz,27
OPT-LIN/normalized-PB12/sroussel/BA/normalized-BA_RDC4.dot_fibo_50null20mast_rapportOE2.0_TMAX15_K67_cod1.opb.xz,27
OPT-LIN/normalized-PB12/sroussel/BA/normalized-BA_RDC4.dot_fibo_50null20mast_rapportOE2.0_TMAX15_K67_cod2.opb.xz,21
OPT-LIN/normalized-PB12/sroussel/BA/normalized-BA_RDC4.dot_fibo_50null20mast_rapportOE2.0_TMAX15_K67_cod3.opb.xz,27
OPT-LIN/normalized-PB12/sroussel/BA/normalized-BA_RDC4.dot_fibo_50null20mast_rapportOE2.0_TMAX180_K67_cod1.opb.xz,27
OPT-LIN/normalized-PB12/sroussel/BA/normalized-BA_RDC4.dot_fibo_50null20mast_rapportOE2.0_TMAX180_K67_cod2.opb.xz,21
OPT-LIN/normalized-PB12/sroussel/BA/normalized-BA_RDC4.dot_fibo_50null20mast_rapportOE2.0_TMAX180_K67_cod3.opb.xz,27
OPT-LIN/normalized-PB12/sroussel/BA/normalized-BA_RDC4.dot_fibo_50null20mast_rapportOE2.0_TMAX300_K67_cod1.opb.xz,27
OPT-LIN/normalized-PB12/sroussel/BA/normalized-BA_RDC4.dot_fibo_50null20mast_rapportOE2.0_TMAX300_K67_cod2.opb.xz,21
OPT-LIN/normalized-PB12/sroussel/BA/normalized-BA_RDC4.dot_fibo_50null20mast_rapportOE2.0_TMAX300_K67_cod3.opb.xz,27
OPT-LIN/normalized-PB12/sroussel/BA/normalized-BA_RDC4.dot_fibo_50null20mast_rapportOE2.0_TMAX60_K67_cod1.opb.xz,27
OPT-LIN/normalized-PB12/sroussel/BA/normalized-BA_RDC4.dot_fibo_50null20mast_rapportOE2.0_TMAX60_K67_cod2.opb.xz,21
OPT-LIN/normalized-PB12/sroussel/BA/normalized-BA_RDC4.dot_fibo_50null20mast_rapportOE2.0_TMAX60_K67_cod3.opb.xz,27
OPT-LIN/normalized-PB12/sroussel/BA/normalized-BA_RDC4.dot_fibo_50null50mast_rapportOE1.0_TMAX120_K67_cod1.opb.xz,17
OPT-LIN/normalized-PB12/sroussel/BA/normalized-BA_RDC4.dot_fibo_50null50mast_rapportOE1.0_TMAX120_K67_cod2.opb.xz,14
OPT-LIN/normalized-PB12/sroussel/BA/normalized-BA_RDC4.dot_fibo_50null50mast_rapportOE1.0_TMAX120_K67_cod3.opb.xz,17
OPT-LIN/normalized-PB12/sroussel/BA/normalized-BA_RDC4.dot_fibo_50null50mast_rapportOE1.0_TMAX15_K67_cod1.opb.xz,17
OPT-LIN/normalized-PB12/sroussel/BA/normalized-BA_RDC4.dot_fibo_50null50mast_rapportOE1.0_TMAX15_K67_cod2.opb.xz,14
OPT-LIN/normalized-PB12/sroussel/BA/normalized-BA_RDC4.dot_fibo_50null50mast_rapportOE1.0_TMAX15_K67_cod3.opb.xz,17
OPT-LIN/normalized-PB12/sroussel/BA/normalized-BA_RDC4.dot_fibo_50null50mast_rapportOE1.0_TMAX180_K67_cod1.opb.xz,17
OPT-LIN/normalized-PB12/sroussel/BA/normalized-BA_RDC4.dot_fibo_50null50mast_rapportOE1.0_TMAX180_K67_cod2.opb.xz,14
OPT-LIN/normalized-PB12/sroussel/BA/normalized-BA_RDC4.dot_fibo_50null50mast_rapportOE1.0_TMAX180_K67_cod3.opb.xz,17
OPT-LIN/normalized-PB12/sroussel/BA/normalized-BA_RDC4.dot_fibo_50null50mast_rapportOE1.0_TMAX300_K67_cod1.opb.xz,17
OPT-LIN/normalized-PB12/sroussel/BA/normalized-BA_RDC4.dot_fibo_50null50mast_rapportOE1.0_TMAX300_K67_cod2.opb.xz,14
OPT-LIN/normalized-PB12/sroussel/BA/normalized-BA_RDC4.dot_fibo_50null50mast_rapportOE1.0_TMAX300_K67_cod3.opb.xz,17
OPT-LIN/normalized-PB12/sroussel/BA/normalized-BA_RDC4.dot_fibo_50null50mast_rapportOE1.0_TMAX60_K67_cod1.opb.xz,17
OPT-LIN/normalized-PB12/sroussel/BA/normalized-BA_RDC4.dot_fibo_50null50mast_rapportOE1.0_TMAX60_K67_cod2.opb.xz,14
OPT-LIN/normalized-PB12/sroussel/BA/normalized-BA_RDC4.dot_fibo_50null50mast_rapportOE1.0_TMAX60_K67_cod3.opb.xz,17
OPT-LIN/normalized-PB12/sroussel/BA/normalized-BA_RDC4.dot_fibo_50null50mast_rapportOE2.0_TMAX120_K67_cod1.opb.xz,18
OPT-LIN/normalized-PB12/sroussel/BA/normalized-BA_RDC4.dot_fibo_50null50mast_rapportOE2.0_TMAX120_K67_cod2.opb.xz,14
OPT-LIN/normalized-PB12/sroussel/BA/normalized-BA_RDC4.dot_fibo_50null50mast_rapportOE2.0_TMAX120_K67_cod3.opb.xz,18
OPT-LIN/normalized-PB12/sroussel/BA/normalized-BA_RDC4.dot_fibo_50null50mast_rapportOE2.0_TMAX15_K67_cod1.opb.xz,18
OPT-LIN/normalized-PB12/sroussel/BA/normalized-BA_RDC4.dot_fibo_50null50mast_rapportOE2.0_TMAX15_K67_cod2.opb.xz,14
OPT-LIN/normalized-PB12/sroussel/BA/normalized-BA_RDC4.dot_fibo_50null50mast_rapportOE2.0_TMAX15_K67_cod3.opb.xz,18
OPT-LIN/normalized-PB12/sroussel/BA/normalized-BA_RDC4.dot_fibo_50null50mast_rapportOE2.0_TMAX180_K67_cod1.opb.xz,18
OPT-LIN/normalized-PB12/sroussel/BA/normalized-BA_RDC4.dot_fibo_50null50mast_rapportOE2.0_TMAX180_K67_cod2.opb.xz,14
OPT-LIN/normalized-PB12/sroussel/BA/normalized-BA_RDC4.dot_fibo_50null50mast_rapportOE2.0_TMAX180_K67_cod3.opb.xz,18
OPT-LIN/normalized-PB12/sroussel/BA/normalized-BA_RDC4.dot_fibo_50null50mast_rapportOE2.0_TMAX300_K67_cod1.opb.xz,18
OPT-LIN/normalized-PB12/sroussel/BA/normalized-BA_RDC4.dot_fibo_50null50mast_rapportOE2.0_TMAX300_K67_cod2.opb.xz,14
OPT-LIN/normalized-PB12/sroussel/BA/normalized-BA_RDC4.dot_fibo_50null50mast_rapportOE2.0_TMAX300_K67_cod3.opb.xz,18
OPT-LIN/normalized-PB12/sroussel/BA/normalized-BA_RDC4.dot_fibo_50null50mast_rapportOE2.0_TMAX60_K67_cod1.opb.xz,18
OPT-LIN/normalized-PB12/sroussel/BA/normalized-BA_RDC4.dot_fibo_50null50mast_rapportOE2.0_TMAX60_K67_cod2.opb.xz,14
OPT-LIN/normalized-PB12/sroussel/BA/normalized-BA_RDC4.dot_fibo_50null50mast_rapportOE2.0_TMAX60_K67_cod3.opb.xz,18
OPT-LIN/normalized-PB12/sroussel/BA/normalized-BA_RDC4.dot_luby_0null0mast_rapportOE1.0_TMAX120_K67_cod1.opb.xz,17
OPT-LIN/normalized-PB12/sroussel/BA/normalized-BA_RDC4.dot_luby_0null0mast_rapportOE1.0_TMAX120_K67_cod2.opb.xz,14
OPT-LIN/normalized-PB12/sroussel/BA/normalized-BA_RDC4.dot_luby_0null0mast_rapportOE1.0_TMAX120_K67_cod3.opb.xz,17
OPT-LIN/normalized-PB12/sroussel/BA/normalized-BA_RDC4.dot_luby_0null0mast_rapportOE1.0_TMAX15_K67_cod1.opb.xz,17
OPT-LIN/normalized-PB12/sroussel/BA/normalized-BA_RDC4.dot_luby_0null0mast_rapportOE1.0_TMAX15_K67_cod2.opb.xz,14
OPT-LIN/normalized-PB12/sroussel/BA/normalized-BA_RDC4.dot_luby_0null0mast_rapportOE1.0_TMAX15_K67_cod3.opb.xz,17
OPT-LIN/normalized-PB12/sroussel/BA/normalized-BA_RDC4.dot_luby_0null0mast_rapportOE1.0_TMAX180_K67_cod1.opb.xz,17
OPT-LIN/normalized-PB12/sroussel/BA/normalized-BA_RDC4.dot_luby_0null0mast_rapportOE1.0_TMAX180_K67_cod2.opb.xz,14
OPT-LIN/normalized-PB12/sroussel/BA/normalized-BA_RDC4.dot_luby_0null0mast_rapportOE1.0_TMAX180_K67_cod3.opb.xz,17
OPT-LIN/normalized-PB12/sroussel/BA/normalized-BA_RDC4.dot_luby_0null0mast_rapportOE1.0_TMAX300_K67_cod1.opb.xz,17
OPT-LIN/normalized-PB12/sroussel/BA/normalized-BA_RDC4.dot_luby_0null0mast_rapportOE1.0_TMAX300_K67_cod2.opb.xz,14
OPT-LIN/normalized-PB12/sroussel/BA/normalized-BA_RDC4.dot_luby_0null0mast_rapportOE1.0_TMAX300_K67_cod3.opb.xz,17
OPT-LIN/normalized-PB12/sroussel/BA/normalized-BA_RDC4.dot_luby_0null0mast_rapportOE1.0_TMAX60_K67_cod1.opb.xz,17
OPT-LIN/normalized-PB12/sroussel/BA/normalized-BA_RDC4.dot_luby_0null0mast_rapportOE1.0_TMAX60_K67_cod2.opb.xz,14
OPT-LIN/normalized-PB12/sroussel/BA/normalized-BA_RDC4.dot_luby_0null0mast_rapportOE1.0_TMAX60_K67_cod3.opb.xz,17
OPT-LIN/normalized-PB12/sroussel/BA/normalized-BA_RDC4.dot_luby_0null0mast_rapportOE2.0_TMAX120_K67_cod1.opb.xz,18
OPT-LIN/normalized-PB12/sroussel/BA/normalized-BA_RDC4.dot_luby_0null0mast_rapportOE2.0_TMAX120_K67_cod2.opb.xz,14
OPT-LIN/normalized-PB12/sroussel/BA/normalized-BA_RDC4.dot_luby_0null0mast_rapportOE2.0_TMAX120_K67_cod3.opb.xz,18
OPT-LIN/normalized-PB12/sroussel/BA/normalized-BA_RDC4.dot_luby_0null0mast_rapportOE2.0_TMAX15_K67_cod1.opb.xz,18
OPT-LIN/normalized-PB12/sroussel/BA/normalized-BA_RDC4.dot_luby_0null0mast_rapportOE2.0_TMAX15_K67_cod2.opb.xz,14
OPT-LIN/normalized-PB12/sroussel/BA/normalized-BA_RDC4.dot_luby_0null0mast_rapportOE2.0_TMAX15_K67_cod3.opb.xz,18
OPT-LIN/normalized-PB12/sroussel/BA/normalized-BA_RDC4.dot_luby_0null0mast_rapportOE2.0_TMAX180_K67_cod1.opb.xz,18
OPT-LIN/normalized-PB12/sroussel/BA/normalized-BA_RDC4.dot_luby_0null0mast_rapportOE2.0_TMAX180_K67_cod2.opb.xz,14
OPT-LIN/normalized-PB12/sroussel/BA/normalized-BA_RDC4.dot_luby_0null0mast_rapportOE2.0_TMAX180_K67_cod3.opb.xz,18
OPT-LIN/normalized-PB12/sroussel/BA/normalized-BA_RDC4.dot_luby_0null0mast_rapportOE2.0_TMAX300_K67_cod1.opb.xz,18
OPT-LIN/normalized-PB12/sroussel/BA/normalized-BA_RDC4.dot_luby_0null0mast_rapportOE2.0_TMAX300_K67_cod2.opb.xz,14
OPT-LIN/normalized-PB12/sroussel/BA/normalized-BA_RDC4.dot_luby_0null0mast_rapportOE2.0_TMAX300_K67_cod3.opb.xz,18
OPT-LIN/normalized-PB12/sroussel/BA/normalized-BA_RDC4.dot_luby_0null0mast_rapportOE2.0_TMAX60_K67_cod1.opb.xz,18
OPT-LIN/normalized-PB12/sroussel/BA/normalized-BA_RDC4.dot_luby_0null0mast_rapportOE2.0_TMAX60_K67_cod2.opb.xz,14
OPT-LIN/normalized-PB12/sroussel/BA/normalized-BA_RDC4.dot_luby_0null0mast_rapportOE2.0_TMAX60_K67_cod3.opb.xz,18
OPT-LIN/normalized-PB12/sroussel/BA/normalized-BA_RDC4.dot_luby_0null10mast_rapportOE1.0_TMAX120_K67_cod1.opb.xz,20
OPT-LIN/normalized-PB12/sroussel/BA/normalized-BA_RDC4.dot_luby_0null10mast_rapportOE1.0_TMAX120_K67_cod2.opb.xz,14
OPT-LIN/normalized-PB12/sroussel/BA/normalized-BA_RDC4.dot_luby_0null10mast_rapportOE1.0_TMAX120_K67_cod3.opb.xz,20
OPT-LIN/normalized-PB12/sroussel/BA/normalized-BA_RDC4.dot_luby_0null10mast_rapportOE1.0_TMAX15_K67_cod1.opb.xz,20
OPT-LIN/normalized-PB12/sroussel/BA/normalized-BA_RDC4.dot_luby_0null10mast_rapportOE1.0_TMAX15_K67_cod2.opb.xz,14
OPT-LIN/normalized-PB12/sroussel/BA/normalized-BA_RDC4.dot_luby_0null10mast_rapportOE1.0_TMAX15_K67_cod3.opb.xz,20
OPT-LIN/normalized-PB12/sroussel/BA/normalized-BA_RDC4.dot_luby_0null10mast_rapportOE1.0_TMAX180_K67_cod1.opb.xz,20
OPT-LIN/normalized-PB12/sroussel/BA/normalized-BA_RDC4.dot_luby_0null10mast_rapportOE1.0_TMAX180_K67_cod2.opb.xz,14
OPT-LIN/normalized-PB12/sroussel/BA/normalized-BA_RDC4.dot_luby_0null10mast_rapportOE1.0_TMAX180_K67_cod3.opb.xz,20
OPT-LIN/normalized-PB12/sroussel/BA/normalized-BA_RDC4.dot_luby_0null10mast_rapportOE1.0_TMAX300_K67_cod1.opb.xz,20
OPT-LIN/normalized-PB12/sroussel/BA/normalized-BA_RDC4.dot_luby_0null10mast_rapportOE1.0_TMAX300_K67_cod2.opb.xz,14
OPT-LIN/normalized-PB12/sroussel/BA/normalized-BA_RDC4.dot_luby_0null10mast_rapportOE1.0_TMAX300_K67_cod3.opb.xz,20
OPT-LIN/normalized-PB12/sroussel/BA/normalized-BA_RDC4.dot_luby_0null10mast_rapportOE1.0_TMAX60_K67_cod1.opb.xz,20
OPT-LIN/normalized-PB12/sroussel/BA/normalized-BA_RDC4.dot_luby_0null10mast_rapportOE1.0_TMAX60_K67_cod2.opb.xz,14
OPT-LIN/normalized-PB12/sroussel/BA/normalized-BA_RDC4.dot_luby_0null10mast_rapportOE1.0_TMAX60_K67_cod3.opb.xz,20
OPT-LIN/normalized-PB12/sroussel/BA/normalized-BA_RDC4.dot_luby_0null10mast_rapportOE2.0_TMAX120_K67_cod1.opb.xz,20
OPT-LIN/normalized-PB12/sroussel/BA/normalized-BA_RDC4.dot_luby_0null10mast_rapportOE2.0_TMAX120_K67_cod2.opb.xz,14
OPT-LIN/normalized-PB12/sroussel/BA/normalized-BA_RDC4.dot_luby_0null10mast_rapportOE2.0_TMAX120_K67_cod3.opb.xz,20
OPT-LIN/normalized-PB12/sroussel/BA/normalized-BA_RDC4.dot_luby_0null10mast_rapportOE2.0_TMAX15_K67_cod1.opb.xz,20
OPT-LIN/normalized-PB12/sroussel/BA/normalized-BA_RDC4.dot_luby_0null10mast_rapportOE2.0_TMAX15_K67_cod2.opb.xz,14
OPT-LIN/normalized-PB12/sroussel/BA/normalized-BA_RDC4.dot_luby_0null10mast_rapportOE2.0_TMAX15_K67_cod3.opb.xz,20
OPT-LIN/normalized-PB12/sroussel/BA/normalized-BA_RDC4.dot_luby_0null10mast_rapportOE2.0_TMAX180_K67_cod1.opb.xz,20
OPT-LIN/normalized-PB12/sroussel/BA/normalized-BA_RDC4.dot_luby_0null10mast_rapportOE2.0_TMAX180_K67_cod2.opb.xz,14
OPT-LIN/normalized-PB12/sroussel/BA/normalized-BA_RDC4.dot_luby_0null10mast_rapportOE2.0_TMAX180_K67_cod3.opb.xz,20
OPT-LIN/normalized-PB12/sroussel/BA/normalized-BA_RDC4.dot_luby_0null10mast_rapportOE2.0_TMAX300_K67_cod1.opb.xz,20
OPT-LIN/normalized-PB12/sroussel/BA/normalized-BA_RDC4.dot_luby_0null10mast_rapportOE2.0_TMAX300_K67_cod2.opb.xz,14
OPT-LIN/normalized-PB12/sroussel/BA/normalized-BA_RDC4.dot_luby_0null10mast_rapportOE2.0_TMAX300_K67_cod3.opb.xz,20
OPT-LIN/normalized-PB12/sroussel/BA/normalized-BA_RDC4.dot_luby_0null10mast_rapportOE2.0_TMAX60_K67_cod1.opb.xz,20
OPT-LIN/normalized-PB12/sroussel/BA/normalized-BA_RDC4.dot_luby_0null10mast_rapportOE2.0_TMAX60_K67_cod2.opb.xz,14
OPT-LIN/normalized-PB12/sroussel/BA/normalized-BA_RDC4.dot_luby_0null10mast_rapportOE2.0_TMAX60_K67_cod3.opb.xz,20
OPT-LIN/normalized-PB12/sroussel/BA/normalized-BA_RDC4.dot_luby_0null20mast_rapportOE1.0_TMAX120_K67_cod1.opb.xz,21
OPT-LIN/normalized-PB12/sroussel/BA/normalized-BA_RDC4.dot_luby_0null20mast_rapportOE1.0_TMAX120_K67_cod2.opb.xz,15
OPT-LIN/normalized-PB12/sroussel/BA/normalized-BA_RDC4.dot_luby_0null20mast_rapportOE1.0_TMAX120_K67_cod3.opb.xz,21
OPT-LIN/normalized-PB12/sroussel/BA/normalized-BA_RDC4.dot_luby_0null20mast_rapportOE1.0_TMAX15_K67_cod1.opb.xz,21
OPT-LIN/normalized-PB12/sroussel/BA/normalized-BA_RDC4.dot_luby_0null20mast_rapportOE1.0_TMAX15_K67_cod2.opb.xz,15
OPT-LIN/normalized-PB12/sroussel/BA/normalized-BA_RDC4.dot_luby_0null20mast_rapportOE1.0_TMAX15_K67_cod3.opb.xz,21
OPT-LIN/normalized-PB12/sroussel/BA/normalized-BA_RDC4.dot_luby_0null20mast_rapportOE1.0_TMAX180_K67_cod1.opb.xz,21
OPT-LIN/normalized-PB12/sroussel/BA/normalized-BA_RDC4.dot_luby_0null20mast_rapportOE1.0_TMAX180_K67_cod2.opb.xz,15
OPT-LIN/normalized-PB12/sroussel/BA/normalized-BA_RDC4.dot_luby_0null20mast_rapportOE1.0_TMAX180_K67_cod3.opb.xz,21
OPT-LIN/normalized-PB12/sroussel/BA/normalized-BA_RDC4.dot_luby_0null20mast_rapportOE1.0_TMAX300_K67_cod1.opb.xz,21
OPT-LIN/normalized-PB12/sroussel/BA/normalized-BA_RDC4.dot_luby_0null20mast_rapportOE1.0_TMAX300_K67_cod2.opb.xz,15
OPT-LIN/normalized-PB12/sroussel/BA/normalized-BA_RDC4.dot_luby_0null20mast_rapportOE1.0_TMAX300_K67_cod3.opb.xz,21
OPT-LIN/normalized-PB12/sroussel/BA/normalized-BA_RDC4.dot_luby_0null20mast_rapportOE1.0_TMAX60_K67_cod1.opb.xz,21
OPT-LIN/normalized-PB12/sroussel/BA/normalized-BA_RDC4.dot_luby_0null20mast_rapportOE1.0_TMAX60_K67_cod2.opb.xz,15
OPT-LIN/normalized-PB12/sroussel/BA/normalized-BA_RDC4.dot_luby_0null20mast_rapportOE1.0_TMAX60_K67_cod3.opb.xz,21
OPT-LIN/normalized-PB12/sroussel/BA/normalized-BA_RDC4.dot_luby_0null20mast_rapportOE2.0_TMAX120_K67_cod1.opb.xz,21
OPT-LIN/normalized-PB12/sroussel/BA/normalized-BA_RDC4.dot_luby_0null20mast_rapportOE2.0_TMAX120_K67_cod2.opb.xz,15
OPT-LIN/normalized-PB12/sroussel/BA/normalized-BA_RDC4.dot_luby_0null20mast_rapportOE2.0_TMAX120_K67_cod3.opb.xz,21
OPT-LIN/normalized-PB12/sroussel/BA/normalized-BA_RDC4.dot_luby_0null20mast_rapportOE2.0_TMAX15_K67_cod1.opb.xz,21
OPT-LIN/normalized-PB12/sroussel/BA/normalized-BA_RDC4.dot_luby_0null20mast_rapportOE2.0_TMAX15_K67_cod2.opb.xz,15
OPT-LIN/normalized-PB12/sroussel/BA/normalized-BA_RDC4.dot_luby_0null20mast_rapportOE2.0_TMAX15_K67_cod3.opb.xz,21
OPT-LIN/normalized-PB12/sroussel/BA/normalized-BA_RDC4.dot_luby_0null20mast_rapportOE2.0_TMAX180_K67_cod1.opb.xz,21
OPT-LIN/normalized-PB12/sroussel/BA/normalized-BA_RDC4.dot_luby_0null20mast_rapportOE2.0_TMAX180_K67_cod2.opb.xz,15
OPT-LIN/normalized-PB12/sroussel/BA/normalized-BA_RDC4.dot_luby_0null20mast_rapportOE2.0_TMAX180_K67_cod3.opb.xz,21
OPT-LIN/normalized-PB12/sroussel/BA/normalized-BA_RDC4.dot_luby_0null20mast_rapportOE2.0_TMAX300_K67_cod1.opb.xz,21
OPT-LIN/normalized-PB12/sroussel/BA/normalized-BA_RDC4.dot_luby_0null20mast_rapportOE2.0_TMAX300_K67_cod2.opb.xz,15
OPT-LIN/normalized-PB12/sroussel/BA/normalized-BA_RDC4.dot_luby_0null20mast_rapportOE2.0_TMAX300_K67_cod3.opb.xz,21
OPT-LIN/normalized-PB12/sroussel/BA/normalized-BA_RDC4.dot_luby_0null20mast_rapportOE2.0_TMAX60_K67_cod1.opb.xz,21
OPT-LIN/normalized-PB12/sroussel/BA/normalized-BA_RDC4.dot_luby_0null20mast_rapportOE2.0_TMAX60_K67_cod2.opb.xz,15
OPT-LIN/normalized-PB12/sroussel/BA/normalized-BA_RDC4.dot_luby_0null20mast_rapportOE2.0_TMAX60_K67_cod3.opb.xz,21
OPT-LIN/normalized-PB12/sroussel/BA/normalized-BA_RDC4.dot_luby_0null50mast_rapportOE1.0_TMAX120_K67_cod1.opb.xz,22
OPT-LIN/normalized-PB12/sroussel/BA/normalized-BA_RDC4.dot_luby_0null50mast_rapportOE1.0_TMAX120_K67_cod2.opb.xz,16
OPT-LIN/normalized-PB12/sroussel/BA/normalized-BA_RDC4.dot_luby_0null50mast_rapportOE1.0_TMAX120_K67_cod3.opb.xz,22
OPT-LIN/normalized-PB12/sroussel/BA/normalized-BA_RDC4.dot_luby_0null50mast_rapportOE1.0_TMAX15_K67_cod1.opb.xz,22
OPT-LIN/normalized-PB12/sroussel/BA/normalized-BA_RDC4.dot_luby_0null50mast_rapportOE1.0_TMAX15_K67_cod2.opb.xz,16
OPT-LIN/normalized-PB12/sroussel/BA/normalized-BA_RDC4.dot_luby_0null50mast_rapportOE1.0_TMAX15_K67_cod3.opb.xz,22
OPT-LIN/normalized-PB12/sroussel/BA/normalized-BA_RDC4.dot_luby_0null50mast_rapportOE1.0_TMAX180_K67_cod1.opb.xz,22
OPT-LIN/normalized-PB12/sroussel/BA/normalized-BA_RDC4.dot_luby_0null50mast_rapportOE1.0_TMAX180_K67_cod2.opb.xz,16
OPT-LIN/normalized-PB12/sroussel/BA/normalized-BA_RDC4.dot_luby_0null50mast_rapportOE1.0_TMAX180_K67_cod3.opb.xz,22
OPT-LIN/normalized-PB12/sroussel/BA/normalized-BA_RDC4.dot_luby_0null50mast_rapportOE1.0_TMAX300_K67_cod1.opb.xz,22
OPT-LIN/normalized-PB12/sroussel/BA/normalized-BA_RDC4.dot_luby_0null50mast_rapportOE1.0_TMAX300_K67_cod2.opb.xz,16
OPT-LIN/normalized-PB12/sroussel/BA/normalized-BA_RDC4.dot_luby_0null50mast_rapportOE1.0_TMAX300_K67_cod3.opb.xz,22
OPT-LIN/normalized-PB12/sroussel/BA/normalized-BA_RDC4.dot_luby_0null50mast_rapportOE1.0_TMAX60_K67_cod1.opb.xz,22
OPT-LIN/normalized-PB12/sroussel/BA/normalized-BA_RDC4.dot_luby_0null50mast_rapportOE1.0_TMAX60_K67_cod2.opb.xz,16
OPT-LIN/normalized-PB12/sroussel/BA/normalized-BA_RDC4.dot_luby_0null50mast_rapportOE1.0_TMAX60_K67_cod3.opb.xz,22
OPT-LIN/normalized-PB12/sroussel/BA/normalized-BA_RDC4.dot_luby_0null50mast_rapportOE2.0_TMAX120_K67_cod1.opb.xz,22
OPT-LIN/normalized-PB12/sroussel/BA/normalized-BA_RDC4.dot_luby_0null50mast_rapportOE2.0_TMAX120_K67_cod2.opb.xz,16
OPT-LIN/normalized-PB12/sroussel/BA/normalized-BA_RDC4.dot_luby_0null50mast_rapportOE2.0_TMAX120_K67_cod3.opb.xz,22
OPT-LIN/normalized-PB12/sroussel/BA/normalized-BA_RDC4.dot_luby_0null50mast_rapportOE2.0_TMAX15_K67_cod1.opb.xz,22
OPT-LIN/normalized-PB12/sroussel/BA/normalized-BA_RDC4.dot_luby_0null50mast_rapportOE2.0_TMAX15_K67_cod2.opb.xz,16
OPT-LIN/normalized-PB12/sroussel/BA/normalized-BA_RDC4.dot_luby_0null50mast_rapportOE2.0_TMAX15_K67_cod3.opb.xz,22
OPT-LIN/normalized-PB12/sroussel/BA/normalized-BA_RDC4.dot_luby_0null50mast_rapportOE2.0_TMAX180_K67_cod1.opb.xz,22
OPT-LIN/normalized-PB12/sroussel/BA/normalized-BA_RDC4.dot_luby_0null50mast_rapportOE2.0_TMAX180_K67_cod2.opb.xz,16
OPT-LIN/normalized-PB12/sroussel/BA/normalized-BA_RDC4.dot_luby_0null50mast_rapportOE2.0_TMAX180_K67_cod3.opb.xz,22
OPT-LIN/normalized-PB12/sroussel/BA/normalized-BA_RDC4.dot_luby_0null50mast_rapportOE2.0_TMAX300_K67_cod1.opb.xz,22
OPT-LIN/normalized-PB12/sroussel/BA/normalized-BA_RDC4.dot_luby_0null50mast_rapportOE2.0_TMAX300_K67_cod2.opb.xz,16
OPT-LIN/normalized-PB12/sroussel/BA/normalized-BA_RDC4.dot_luby_0null50mast_rapportOE2.0_TMAX300_K67_cod3.opb.xz,22
OPT-LIN/normalized-PB12/sroussel/BA/normalized-BA_RDC4.dot_luby_0null50mast_rapportOE2.0_TMAX60_K67_cod1.opb.xz,22
OPT-LIN/normalized-PB12/sroussel/BA/normalized-BA_RDC4.dot_luby_0null50mast_rapportOE2.0_TMAX60_K67_cod2.opb.xz,16
OPT-LIN/normalized-PB12/sroussel/BA/normalized-BA_RDC4.dot_luby_0null50mast_rapportOE2.0_TMAX60_K67_cod3.opb.xz,22
OPT-LIN/normalized-PB12/sroussel/BA/normalized-BA_RDC4.dot_luby_10null0mast_rapportOE1.0_TMAX120_K67_cod1.opb.xz,17
OPT-LIN/normalized-PB12/sroussel/BA/normalized-BA_RDC4.dot_luby_10null0mast_rapportOE1.0_TMAX120_K67_cod2.opb.xz,14
OPT-LIN/normalized-PB12/sroussel/BA/normalized-BA_RDC4.dot_luby_10null0mast_rapportOE1.0_TMAX120_K67_cod3.opb.xz,17
OPT-LIN/normalized-PB12/sroussel/BA/normalized-BA_RDC4.dot_luby_10null0mast_rapportOE1.0_TMAX15_K67_cod1.opb.xz,17
OPT-LIN/normalized-PB12/sroussel/BA/normalized-BA_RDC4.dot_luby_10null0mast_rapportOE1.0_TMAX15_K67_cod2.opb.xz,14
OPT-LIN/normalized-PB12/sroussel/BA/normalized-BA_RDC4.dot_luby_10null0mast_rapportOE1.0_TMAX15_K67_cod3.opb.xz,17
OPT-LIN/normalized-PB12/sroussel/BA/normalized-BA_RDC4.dot_luby_10null0mast_rapportOE1.0_TMAX180_K67_cod1.opb.xz,17
OPT-LIN/normalized-PB12/sroussel/BA/normalized-BA_RDC4.dot_luby_10null0mast_rapportOE1.0_TMAX180_K67_cod2.opb.xz,14
OPT-LIN/normalized-PB12/sroussel/BA/normalized-BA_RDC4.dot_luby_10null0mast_rapportOE1.0_TMAX180_K67_cod3.opb.xz,17
OPT-LIN/normalized-PB12/sroussel/BA/normalized-BA_RDC4.dot_luby_10null0mast_rapportOE1.0_TMAX300_K67_cod1.opb.xz,17
OPT-LIN/normalized-PB12/sroussel/BA/normalized-BA_RDC4.dot_luby_10null0mast_rapportOE1.0_TMAX300_K67_cod2.opb.xz,14
OPT-LIN/normalized-PB12/sroussel/BA/normalized-BA_RDC4.dot_luby_10null0mast_rapportOE1.0_TMAX300_K67_cod3.opb.xz,17
OPT-LIN/normalized-PB12/sroussel/BA/normalized-BA_RDC4.dot_luby_10null0mast_rapportOE1.0_TMAX60_K67_cod1.opb.xz,17
OPT-LIN/normalized-PB12/sroussel/BA/normalized-BA_RDC4.dot_luby_10null0mast_rapportOE1.0_TMAX60_K67_cod2.opb.xz,14
OPT-LIN/normalized-PB12/sroussel/BA/normalized-BA_RDC4.dot_luby_10null0mast_rapportOE1.0_TMAX60_K67_cod3.opb.xz,17
OPT-LIN/normalized-PB12/sroussel/BA/normalized-BA_RDC4.dot_luby_10null0mast_rapportOE2.0_TMAX120_K67_cod1.opb.xz,18
OPT-LIN/normalized-PB12/sroussel/BA/normalized-BA_RDC4.dot_luby_10null0mast_rapportOE2.0_TMAX120_K67_cod2.opb.xz,14
OPT-LIN/normalized-PB12/sroussel/BA/normalized-BA_RDC4.dot_luby_10null0mast_rapportOE2.0_TMAX120_K67_cod3.opb.xz,18
OPT-LIN/normalized-PB12/sroussel/BA/normalized-BA_RDC4.dot_luby_10null0mast_rapportOE2.0_TMAX15_K67_cod1.opb.xz,18
OPT-LIN/normalized-PB12/sroussel/BA/normalized-BA_RDC4.dot_luby_10null0mast_rapportOE2.0_TMAX15_K67_cod2.opb.xz,14
OPT-LIN/normalized-PB12/sroussel/BA/normalized-BA_RDC4.dot_luby_10null0mast_rapportOE2.0_TMAX15_K67_cod3.opb.xz,18
OPT-LIN/normalized-PB12/sroussel/BA/normalized-BA_RDC4.dot_luby_10null0mast_rapportOE2.0_TMAX180_K67_cod1.opb.xz,18
OPT-LIN/normalized-PB12/sroussel/BA/normalized-BA_RDC4.dot_luby_10null0mast_rapportOE2.0_TMAX180_K67_cod2.opb.xz,14
OPT-LIN/normalized-PB12/sroussel/BA/normalized-BA_RDC4.dot_luby_10null0mast_rapportOE2.0_TMAX180_K67_cod3.opb.xz,18
OPT-LIN/normalized-PB12/sroussel/BA/normalized-BA_RDC4.dot_luby_10null0mast_rapportOE2.0_TMAX300_K67_cod1.opb.xz,18
OPT-LIN/normalized-PB12/sroussel/BA/normalized-BA_RDC4.dot_luby_10null0mast_rapportOE2.0_TMAX300_K67_cod2.opb.xz,14
OPT-LIN/normalized-PB12/sroussel/BA/normalized-BA_RDC4.dot_luby_10null0mast_rapportOE2.0_TMAX300_K67_cod3.opb.xz,18
OPT-LIN/normalized-PB12/sroussel/BA/normalized-BA_RDC4.dot_luby_10null0mast_rapportOE2.0_TMAX60_K67_cod1.opb.xz,18
OPT-LIN/normalized-PB12/sroussel/BA/normalized-BA_RDC4.dot_luby_10null0mast_rapportOE2.0_TMAX60_K67_cod2.opb.xz,14
OPT-LIN/normalized-PB12/sroussel/BA/normalized-BA_RDC4.dot_luby_10null0mast_rapportOE2.0_TMAX60_K67_cod3.opb.xz,18
OPT-LIN/normalized-PB12/sroussel/BA/normalized-BA_RDC4.dot_luby_10null10mast_rapportOE1.0_TMAX120_K67_cod1.opb.xz,20
OPT-LIN/normalized-PB12/sroussel/BA/normalized-BA_RDC4.dot_luby_10null10mast_rapportOE1.0_TMAX120_K67_cod2.opb.xz,14
OPT-LIN/normalized-PB12/sroussel/BA/normalized-BA_RDC4.dot_luby_10null10mast_rapportOE1.0_TMAX120_K67_cod3.opb.xz,20
OPT-LIN/normalized-PB12/sroussel/BA/normalized-BA_RDC4.dot_luby_10null10mast_rapportOE1.0_TMAX15_K67_cod1.opb.xz,20
OPT-LIN/normalized-PB12/sroussel/BA/normalized-BA_RDC4.dot_luby_10null10mast_rapportOE1.0_TMAX15_K67_cod2.opb.xz,14
OPT-LIN/normalized-PB12/sroussel/BA/normalized-BA_RDC4.dot_luby_10null10mast_rapportOE1.0_TMAX15_K67_cod3.opb.xz,20
OPT-LIN/normalized-PB12/sroussel/BA/normalized-BA_RDC4.dot_luby_10null10mast_rapportOE1.0_TMAX180_K67_cod1.opb.xz,20
OPT-LIN/normalized-PB12/sroussel/BA/normalized-BA_RDC4.dot_luby_10null10mast_rapportOE1.0_TMAX180_K67_cod2.opb.xz,14
OPT-LIN/normalized-PB12/sroussel/BA/normalized-BA_RDC4.dot_luby_10null10mast_rapportOE1.0_TMAX180_K67_cod3.opb.xz,20
OPT-LIN/normalized-PB12/sroussel/BA/normalized-BA_RDC4.dot_luby_10null10mast_rapportOE1.0_TMAX300_K67_cod1.opb.xz,20
OPT-LIN/normalized-PB12/sroussel/BA/normalized-BA_RDC4.dot_luby_10null10mast_rapportOE1.0_TMAX300_K67_cod2.opb.xz,14
OPT-LIN/normalized-PB12/sroussel/BA/normalized-BA_RDC4.dot_luby_10null10mast_rapportOE1.0_TMAX300_K67_cod3.opb.xz,20
OPT-LIN/normalized-PB12/sroussel/BA/normalized-BA_RDC4.dot_luby_10null10mast_rapportOE1.0_TMAX60_K67_cod1.opb.xz,20
OPT-LIN/normalized-PB12/sroussel/BA/normalized-BA_RDC4.dot_luby_10null10mast_rapportOE1.0_TMAX60_K67_cod2.opb.xz,14
OPT-LIN/normalized-PB12/sroussel/BA/normalized-BA_RDC4.dot_luby_10null10mast_rapportOE1.0_TMAX60_K67_cod3.opb.xz,20
OPT-LIN/normalized-PB12/sroussel/BA/normalized-BA_RDC4.dot_luby_10null10mast_rapportOE2.0_TMAX120_K67_cod1.opb.xz,20
OPT-LIN/normalized-PB12/sroussel/BA/normalized-BA_RDC4.dot_luby_10null10mast_rapportOE2.0_TMAX120_K67_cod2.opb.xz,14
OPT-LIN/normalized-PB12/sroussel/BA/normalized-BA_RDC4.dot_luby_10null10mast_rapportOE2.0_TMAX120_K67_cod3.opb.xz,20
OPT-LIN/normalized-PB12/sroussel/BA/normalized-BA_RDC4.dot_luby_10null10mast_rapportOE2.0_TMAX15_K67_cod1.opb.xz,20
OPT-LIN/normalized-PB12/sroussel/BA/normalized-BA_RDC4.dot_luby_10null10mast_rapportOE2.0_TMAX15_K67_cod2.opb.xz,14
OPT-LIN/normalized-PB12/sroussel/BA/normalized-BA_RDC4.dot_luby_10null10mast_rapportOE2.0_TMAX15_K67_cod3.opb.xz,20
OPT-LIN/normalized-PB12/sroussel/BA/normalized-BA_RDC4.dot_luby_10null10mast_rapportOE2.0_TMAX180_K67_cod1.opb.xz,20
OPT-LIN/normalized-PB12/sroussel/BA/normalized-BA_RDC4.dot_luby_10null10mast_rapportOE2.0_TMAX180_K67_cod2.opb.xz,14
OPT-LIN/normalized-PB12/sroussel/BA/normalized-BA_RDC4.dot_luby_10null10mast_rapportOE2.0_TMAX180_K67_cod3.opb.xz,20
OPT-LIN/normalized-PB12/sroussel/BA/normalized-BA_RDC4.dot_luby_10null10mast_rapportOE2.0_TMAX300_K67_cod1.opb.xz,20
OPT-LIN/normalized-PB12/sroussel/BA/normalized-BA_RDC4.dot_luby_10null10mast_rapportOE2.0_TMAX300_K67_cod2.opb.xz,14
OPT-LIN/normalized-PB12/sroussel/BA/normalized-BA_RDC4.dot_luby_10null10mast_rapportOE2.0_TMAX300_K67_cod3.opb.xz,20
OPT-LIN/normalized-PB12/sroussel/BA/normalized-BA_RDC4.dot_luby_10null10mast_rapportOE2.0_TMAX60_K67_cod1.opb.xz,20
OPT-LIN/normalized-PB12/sroussel/BA/normalized-BA_RDC4.dot_luby_10null10mast_rapportOE2.0_TMAX60_K67_cod2.opb.xz,14
OPT-LIN/normalized-PB12/sroussel/BA/normalized-BA_RDC4.dot_luby_10null10mast_rapportOE2.0_TMAX60_K67_cod3.opb.xz,20
OPT-LIN/normalized-PB12/sroussel/BA/normalized-BA_RDC4.dot_luby_10null20mast_rapportOE1.0_TMAX120_K67_cod1.opb.xz,21
OPT-LIN/normalized-PB12/sroussel/BA/normalized-BA_RDC4.dot_luby_10null20mast_rapportOE1.0_TMAX120_K67_cod2.opb.xz,15
OPT-LIN/normalized-PB12/sroussel/BA/normalized-BA_RDC4.dot_luby_10null20mast_rapportOE1.0_TMAX120_K67_cod3.opb.xz,21
OPT-LIN/normalized-PB12/sroussel/BA/normalized-BA_RDC4.dot_luby_10null20mast_rapportOE1.0_TMAX15_K67_cod1.opb.xz,21
OPT-LIN/normalized-PB12/sroussel/BA/normalized-BA_RDC4.dot_luby_10null20mast_rapportOE1.0_TMAX15_K67_cod2.opb.xz,15
OPT-LIN/normalized-PB12/sroussel/BA/normalized-BA_RDC4.dot_luby_10null20mast_rapportOE1.0_TMAX15_K67_cod3.opb.xz,21
OPT-LIN/normalized-PB12/sroussel/BA/normalized-BA_RDC4.dot_luby_10null20mast_rapportOE1.0_TMAX180_K67_cod1.opb.xz,21
OPT-LIN/normalized-PB12/sroussel/BA/normalized-BA_RDC4.dot_luby_10null20mast_rapportOE1.0_TMAX180_K67_cod2.opb.xz,15
OPT-LIN/normalized-PB12/sroussel/BA/normalized-BA_RDC4.dot_luby_10null20mast_rapportOE1.0_TMAX180_K67_cod3.opb.xz,21
OPT-LIN/normalized-PB12/sroussel/BA/normalized-BA_RDC4.dot_luby_10null20mast_rapportOE1.0_TMAX300_K67_cod1.opb.xz,21
OPT-LIN/normalized-PB12/sroussel/BA/normalized-BA_RDC4.dot_luby_10null20mast_rapportOE1.0_TMAX300_K67_cod2.opb.xz,15
OPT-LIN/normalized-PB12/sroussel/BA/normalized-BA_RDC4.dot_luby_10null20mast_rapportOE1.0_TMAX300_K67_cod3.opb.xz,21
OPT-LIN/normalized-PB12/sroussel/BA/normalized-BA_RDC4.dot_luby_10null20mast_rapportOE1.0_TMAX60_K67_cod1.opb.xz,21
OPT-LIN/normalized-PB12/sroussel/BA/normalized-BA_RDC4.dot_luby_10null20mast_rapportOE1.0_TMAX60_K67_cod2.opb.xz,15
OPT-LIN/normalized-PB12/sroussel/BA/normalized-BA_RDC4.dot_luby_10null20mast_rapportOE1.0_TMAX60_K67_cod3.opb.xz,21
OPT-LIN/normalized-PB12/sroussel/BA/normalized-BA_RDC4.dot_luby_10null20mast_rapportOE2.0_TMAX120_K67_cod1.opb.xz,21
OPT-LIN/normalized-PB12/sroussel/BA/normalized-BA_RDC4.dot_luby_10null20mast_rapportOE2.0_TMAX120_K67_cod2.opb.xz,15
OPT-LIN/normalized-PB12/sroussel/BA/normalized-BA_RDC4.dot_luby_10null20mast_rapportOE2.0_TMAX120_K67_cod3.opb.xz,21
OPT-LIN/normalized-PB12/sroussel/BA/normalized-BA_RDC4.dot_luby_10null20mast_rapportOE2.0_TMAX15_K67_cod1.opb.xz,21
OPT-LIN/normalized-PB12/sroussel/BA/normalized-BA_RDC4.dot_luby_10null20mast_rapportOE2.0_TMAX15_K67_cod2.opb.xz,15
OPT-LIN/normalized-PB12/sroussel/BA/normalized-BA_RDC4.dot_luby_10null20mast_rapportOE2.0_TMAX15_K67_cod3.opb.xz,21
OPT-LIN/normalized-PB12/sroussel/BA/normalized-BA_RDC4.dot_luby_10null20mast_rapportOE2.0_TMAX180_K67_cod1.opb.xz,21
OPT-LIN/normalized-PB12/sroussel/BA/normalized-BA_RDC4.dot_luby_10null20mast_rapportOE2.0_TMAX180_K67_cod2.opb.xz,15
OPT-LIN/normalized-PB12/sroussel/BA/normalized-BA_RDC4.dot_luby_10null20mast_rapportOE2.0_TMAX180_K67_cod3.opb.xz,21
OPT-LIN/normalized-PB12/sroussel/BA/normalized-BA_RDC4.dot_luby_10null20mast_rapportOE2.0_TMAX300_K67_cod1.opb.xz,21
OPT-LIN/normalized-PB12/sroussel/BA/normalized-BA_RDC4.dot_luby_10null20mast_rapportOE2.0_TMAX300_K67_cod2.opb.xz,15
OPT-LIN/normalized-PB12/sroussel/BA/normalized-BA_RDC4.dot_luby_10null20mast_rapportOE2.0_TMAX300_K67_cod3.opb.xz,21
OPT-LIN/normalized-PB12/sroussel/BA/normalized-BA_RDC4.dot_luby_10null20mast_rapportOE2.0_TMAX60_K67_cod1.opb.xz,21
OPT-LIN/normalized-PB12/sroussel/BA/normalized-BA_RDC4.dot_luby_10null20mast_rapportOE2.0_TMAX60_K67_cod2.opb.xz,15
OPT-LIN/normalized-PB12/sroussel/BA/normalized-BA_RDC4.dot_luby_10null20mast_rapportOE2.0_TMAX60_K67_cod3.opb.xz,21
OPT-LIN/normalized-PB12/sroussel/BA/normalized-BA_RDC4.dot_luby_10null50mast_rapportOE1.0_TMAX120_K67_cod1.opb.xz,22
OPT-LIN/normalized-PB12/sroussel/BA/normalized-BA_RDC4.dot_luby_10null50mast_rapportOE1.0_TMAX120_K67_cod2.opb.xz,16
OPT-LIN/normalized-PB12/sroussel/BA/normalized-BA_RDC4.dot_luby_10null50mast_rapportOE1.0_TMAX120_K67_cod3.opb.xz,22
OPT-LIN/normalized-PB12/sroussel/BA/normalized-BA_RDC4.dot_luby_10null50mast_rapportOE1.0_TMAX15_K67_cod1.opb.xz,22
OPT-LIN/normalized-PB12/sroussel/BA/normalized-BA_RDC4.dot_luby_10null50mast_rapportOE1.0_TMAX15_K67_cod2.opb.xz,16
OPT-LIN/normalized-PB12/sroussel/BA/normalized-BA_RDC4.dot_luby_10null50mast_rapportOE1.0_TMAX15_K67_cod3.opb.xz,22
OPT-LIN/normalized-PB12/sroussel/BA/normalized-BA_RDC4.dot_luby_10null50mast_rapportOE1.0_TMAX180_K67_cod1.opb.xz,22
OPT-LIN/normalized-PB12/sroussel/BA/normalized-BA_RDC4.dot_luby_10null50mast_rapportOE1.0_TMAX180_K67_cod2.opb.xz,16
OPT-LIN/normalized-PB12/sroussel/BA/normalized-BA_RDC4.dot_luby_10null50mast_rapportOE1.0_TMAX180_K67_cod3.opb.xz,22
OPT-LIN/normalized-PB12/sroussel/BA/normalized-BA_RDC4.dot_luby_10null50mast_rapportOE1.0_TMAX300_K67_cod1.opb.xz,22
OPT-LIN/normalized-PB12/sroussel/BA/normalized-BA_RDC4.dot_luby_10null50mast_rapportOE1.0_TMAX300_K67_cod2.opb.xz,16
OPT-LIN/normalized-PB12/sroussel/BA/normalized-BA_RDC4.dot_luby_10null50mast_rapportOE1.0_TMAX300_K67_cod3.opb.xz,22
OPT-LIN/normalized-PB12/sroussel/BA/normalized-BA_RDC4.dot_luby_10null50mast_rapportOE1.0_TMAX60_K67_cod1.opb.xz,22
OPT-LIN/normalized-PB12/sroussel/BA/normalized-BA_RDC4.dot_luby_10null50mast_rapportOE1.0_TMAX60_K67_cod2.opb.xz,16
OPT-LIN/normalized-PB12/sroussel/BA/normalized-BA_RDC4.dot_luby_10null50mast_rapportOE1.0_TMAX60_K67_cod3.opb.xz,22
OPT-LIN/normalized-PB12/sroussel/BA/normalized-BA_RDC4.dot_luby_10null50mast_rapportOE2.0_TMAX120_K67_cod1.opb.xz,22
OPT-LIN/normalized-PB12/sroussel/BA/normalized-BA_RDC4.dot_luby_10null50mast_rapportOE2.0_TMAX120_K67_cod2.opb.xz,16
OPT-LIN/normalized-PB12/sroussel/BA/normalized-BA_RDC4.dot_luby_10null50mast_rapportOE2.0_TMAX120_K67_cod3.opb.xz,22
OPT-LIN/normalized-PB12/sroussel/BA/normalized-BA_RDC4.dot_luby_10null50mast_rapportOE2.0_TMAX15_K67_cod1.opb.xz,22
OPT-LIN/normalized-PB12/sroussel/BA/normalized-BA_RDC4.dot_luby_10null50mast_rapportOE2.0_TMAX15_K67_cod2.opb.xz,16
OPT-LIN/normalized-PB12/sroussel/BA/normalized-BA_RDC4.dot_luby_10null50mast_rapportOE2.0_TMAX15_K67_cod3.opb.xz,22
OPT-LIN/normalized-PB12/sroussel/BA/normalized-BA_RDC4.dot_luby_10null50mast_rapportOE2.0_TMAX180_K67_cod1.opb.xz,22
OPT-LIN/normalized-PB12/sroussel/BA/normalized-BA_RDC4.dot_luby_10null50mast_rapportOE2.0_TMAX180_K67_cod2.opb.xz,16
OPT-LIN/normalized-PB12/sroussel/BA/normalized-BA_RDC4.dot_luby_10null50mast_rapportOE2.0_TMAX180_K67_cod3.opb.xz,22
OPT-LIN/normalized-PB12/sroussel/BA/normalized-BA_RDC4.dot_luby_10null50mast_rapportOE2.0_TMAX300_K67_cod1.opb.xz,22
OPT-LIN/normalized-PB12/sroussel/BA/normalized-BA_RDC4.dot_luby_10null50mast_rapportOE2.0_TMAX300_K67_cod2.opb.xz,16
OPT-LIN/normalized-PB12/sroussel/BA/normalized-BA_RDC4.dot_luby_10null50mast_rapportOE2.0_TMAX300_K67_cod3.opb.xz,22
OPT-LIN/normalized-PB12/sroussel/BA/normalized-BA_RDC4.dot_luby_10null50mast_rapportOE2.0_TMAX60_K67_cod1.opb.xz,22
OPT-LIN/normalized-PB12/sroussel/BA/normalized-BA_RDC4.dot_luby_10null50mast_rapportOE2.0_TMAX60_K67_cod2.opb.xz,16
OPT-LIN/normalized-PB12/sroussel/BA/normalized-BA_RDC4.dot_luby_10null50mast_rapportOE2.0_TMAX60_K67_cod3.opb.xz,22
OPT-LIN/normalized-PB12/sroussel/BA/normalized-BA_RDC4.dot_luby_20null0mast_rapportOE1.0_TMAX120_K67_cod1.opb.xz,17
OPT-LIN/normalized-PB12/sroussel/BA/normalized-BA_RDC4.dot_luby_20null0mast_rapportOE1.0_TMAX120_K67_cod2.opb.xz,14
OPT-LIN/normalized-PB12/sroussel/BA/normalized-BA_RDC4.dot_luby_20null0mast_rapportOE1.0_TMAX120_K67_cod3.opb.xz,17
OPT-LIN/normalized-PB12/sroussel/BA/normalized-BA_RDC4.dot_luby_20null0mast_rapportOE1.0_TMAX15_K67_cod1.opb.xz,17
OPT-LIN/normalized-PB12/sroussel/BA/normalized-BA_RDC4.dot_luby_20null0mast_rapportOE1.0_TMAX15_K67_cod2.opb.xz,14
OPT-LIN/normalized-PB12/sroussel/BA/normalized-BA_RDC4.dot_luby_20null0mast_rapportOE1.0_TMAX15_K67_cod3.opb.xz,17
OPT-LIN/normalized-PB12/sroussel/BA/normalized-BA_RDC4.dot_luby_20null0mast_rapportOE1.0_TMAX180_K67_cod1.opb.xz,17
OPT-LIN/normalized-PB12/sroussel/BA/normalized-BA_RDC4.dot_luby_20null0mast_rapportOE1.0_TMAX180_K67_cod2.opb.xz,14
OPT-LIN/normalized-PB12/sroussel/BA/normalized-BA_RDC4.dot_luby_20null0mast_rapportOE1.0_TMAX180_K67_cod3.opb.xz,17
OPT-LIN/normalized-PB12/sroussel/BA/normalized-BA_RDC4.dot_luby_20null0mast_rapportOE1.0_TMAX300_K67_cod1.opb.xz,17
OPT-LIN/normalized-PB12/sroussel/BA/normalized-BA_RDC4.dot_luby_20null0mast_rapportOE1.0_TMAX300_K67_cod2.opb.xz,14
OPT-LIN/normalized-PB12/sroussel/BA/normalized-BA_RDC4.dot_luby_20null0mast_rapportOE1.0_TMAX300_K67_cod3.opb.xz,17
OPT-LIN/normalized-PB12/sroussel/BA/normalized-BA_RDC4.dot_luby_20null0mast_rapportOE1.0_TMAX60_K67_cod1.opb.xz,17
OPT-LIN/normalized-PB12/sroussel/BA/normalized-BA_RDC4.dot_luby_20null0mast_rapportOE1.0_TMAX60_K67_cod2.opb.xz,14
OPT-LIN/normalized-PB12/sroussel/BA/normalized-BA_RDC4.dot_luby_20null0mast_rapportOE1.0_TMAX60_K67_cod3.opb.xz,17
OPT-LIN/normalized-PB12/sroussel/BA/normalized-BA_RDC4.dot_luby_20null0mast_rapportOE2.0_TMAX120_K67_cod1.opb.xz,18
OPT-LIN/normalized-PB12/sroussel/BA/normalized-BA_RDC4.dot_luby_20null0mast_rapportOE2.0_TMAX120_K67_cod2.opb.xz,14
OPT-LIN/normalized-PB12/sroussel/BA/normalized-BA_RDC4.dot_luby_20null0mast_rapportOE2.0_TMAX120_K67_cod3.opb.xz,18
OPT-LIN/normalized-PB12/sroussel/BA/normalized-BA_RDC4.dot_luby_20null0mast_rapportOE2.0_TMAX15_K67_cod1.opb.xz,18
OPT-LIN/normalized-PB12/sroussel/BA/normalized-BA_RDC4.dot_luby_20null0mast_rapportOE2.0_TMAX15_K67_cod2.opb.xz,14
OPT-LIN/normalized-PB12/sroussel/BA/normalized-BA_RDC4.dot_luby_20null0mast_rapportOE2.0_TMAX15_K67_cod3.opb.xz,18
OPT-LIN/normalized-PB12/sroussel/BA/normalized-BA_RDC4.dot_luby_20null0mast_rapportOE2.0_TMAX180_K67_cod1.opb.xz,18
OPT-LIN/normalized-PB12/sroussel/BA/normalized-BA_RDC4.dot_luby_20null0mast_rapportOE2.0_TMAX180_K67_cod2.opb.xz,14
OPT-LIN/normalized-PB12/sroussel/BA/normalized-BA_RDC4.dot_luby_20null0mast_rapportOE2.0_TMAX180_K67_cod3.opb.xz,18
OPT-LIN/normalized-PB12/sroussel/BA/normalized-BA_RDC4.dot_luby_20null0mast_rapportOE2.0_TMAX300_K67_cod1.opb.xz,18
OPT-LIN/normalized-PB12/sroussel/BA/normalized-BA_RDC4.dot_luby_20null0mast_rapportOE2.0_TMAX300_K67_cod2.opb.xz,14
OPT-LIN/normalized-PB12/sroussel/BA/normalized-BA_RDC4.dot_luby_20null0mast_rapportOE2.0_TMAX300_K67_cod3.opb.xz,18
OPT-LIN/normalized-PB12/sroussel/BA/normalized-BA_RDC4.dot_luby_20null0mast_rapportOE2.0_TMAX60_K67_cod1.opb.xz,18
OPT-LIN/normalized-PB12/sroussel/BA/normalized-BA_RDC4.dot_luby_20null0mast_rapportOE2.0_TMAX60_K67_cod2.opb.xz,14
OPT-LIN/normalized-PB12/sroussel/BA/normalized-BA_RDC4.dot_luby_20null0mast_rapportOE2.0_TMAX60_K67_cod3.opb.xz,18
OPT-LIN/normalized-PB12/sroussel/BA/normalized-BA_RDC4.dot_luby_20null10mast_rapportOE1.0_TMAX120_K67_cod1.opb.xz,20
OPT-LIN/normalized-PB12/sroussel/BA/normalized-BA_RDC4.dot_luby_20null10mast_rapportOE1.0_TMAX120_K67_cod2.opb.xz,14
OPT-LIN/normalized-PB12/sroussel/BA/normalized-BA_RDC4.dot_luby_20null10mast_rapportOE1.0_TMAX120_K67_cod3.opb.xz,20
OPT-LIN/normalized-PB12/sroussel/BA/normalized-BA_RDC4.dot_luby_20null10mast_rapportOE1.0_TMAX15_K67_cod1.opb.xz,20
OPT-LIN/normalized-PB12/sroussel/BA/normalized-BA_RDC4.dot_luby_20null10mast_rapportOE1.0_TMAX15_K67_cod2.opb.xz,14
OPT-LIN/normalized-PB12/sroussel/BA/normalized-BA_RDC4.dot_luby_20null10mast_rapportOE1.0_TMAX15_K67_cod3.opb.xz,20
OPT-LIN/normalized-PB12/sroussel/BA/normalized-BA_RDC4.dot_luby_20null10mast_rapportOE1.0_TMAX180_K67_cod1.opb.xz,20
OPT-LIN/normalized-PB12/sroussel/BA/normalized-BA_RDC4.dot_luby_20null10mast_rapportOE1.0_TMAX180_K67_cod2.opb.xz,14
OPT-LIN/normalized-PB12/sroussel/BA/normalized-BA_RDC4.dot_luby_20null10mast_rapportOE1.0_TMAX180_K67_cod3.opb.xz,20
OPT-LIN/normalized-PB12/sroussel/BA/normalized-BA_RDC4.dot_luby_20null10mast_rapportOE1.0_TMAX300_K67_cod1.opb.xz,20
OPT-LIN/normalized-PB12/sroussel/BA/normalized-BA_RDC4.dot_luby_20null10mast_rapportOE1.0_TMAX300_K67_cod2.opb.xz,14
OPT-LIN/normalized-PB12/sroussel/BA/normalized-BA_RDC4.dot_luby_20null10mast_rapportOE1.0_TMAX300_K67_cod3.opb.xz,20
OPT-LIN/normalized-PB12/sroussel/BA/normalized-BA_RDC4.dot_luby_20null10mast_rapportOE1.0_TMAX60_K67_cod1.opb.xz,20
OPT-LIN/normalized-PB12/sroussel/BA/normalized-BA_RDC4.dot_luby_20null10mast_rapportOE1.0_TMAX60_K67_cod2.opb.xz,14
OPT-LIN/normalized-PB12/sroussel/BA/normalized-BA_RDC4.dot_luby_20null10mast_rapportOE1.0_TMAX60_K67_cod3.opb.xz,20
OPT-LIN/normalized-PB12/sroussel/BA/normalized-BA_RDC4.dot_luby_20null10mast_rapportOE2.0_TMAX120_K67_cod1.opb.xz,20
OPT-LIN/normalized-PB12/sroussel/BA/normalized-BA_RDC4.dot_luby_20null10mast_rapportOE2.0_TMAX120_K67_cod2.opb.xz,14
OPT-LIN/normalized-PB12/sroussel/BA/normalized-BA_RDC4.dot_luby_20null10mast_rapportOE2.0_TMAX120_K67_cod3.opb.xz,20
OPT-LIN/normalized-PB12/sroussel/BA/normalized-BA_RDC4.dot_luby_20null10mast_rapportOE2.0_TMAX15_K67_cod1.opb.xz,20
OPT-LIN/normalized-PB12/sroussel/BA/normalized-BA_RDC4.dot_luby_20null10mast_rapportOE2.0_TMAX15_K67_cod2.opb.xz,14
OPT-LIN/normalized-PB12/sroussel/BA/normalized-BA_RDC4.dot_luby_20null10mast_rapportOE2.0_TMAX15_K67_cod3.opb.xz,20
OPT-LIN/normalized-PB12/sroussel/BA/normalized-BA_RDC4.dot_luby_20null10mast_rapportOE2.0_TMAX180_K67_cod1.opb.xz,20
OPT-LIN/normalized-PB12/sroussel/BA/normalized-BA_RDC4.dot_luby_20null10mast_rapportOE2.0_TMAX180_K67_cod2.opb.xz,14
OPT-LIN/normalized-PB12/sroussel/BA/normalized-BA_RDC4.dot_luby_20null10mast_rapportOE2.0_TMAX180_K67_cod3.opb.xz,20
OPT-LIN/normalized-PB12/sroussel/BA/normalized-BA_RDC4.dot_luby_20null10mast_rapportOE2.0_TMAX300_K67_cod1.opb.xz,20
OPT-LIN/normalized-PB12/sroussel/BA/normalized-BA_RDC4.dot_luby_20null10mast_rapportOE2.0_TMAX300_K67_cod2.opb.xz,14
OPT-LIN/normalized-PB12/sroussel/BA/normalized-BA_RDC4.dot_luby_20null10mast_rapportOE2.0_TMAX300_K67_cod3.opb.xz,20
OPT-LIN/normalized-PB12/sroussel/BA/normalized-BA_RDC4.dot_luby_20null10mast_rapportOE2.0_TMAX60_K67_cod1.opb.xz,20
OPT-LIN/normalized-PB12/sroussel/BA/normalized-BA_RDC4.dot_luby_20null10mast_rapportOE2.0_TMAX60_K67_cod2.opb.xz,14
OPT-LIN/normalized-PB12/sroussel/BA/normalized-BA_RDC4.dot_luby_20null10mast_rapportOE2.0_TMAX60_K67_cod3.opb.xz,20
OPT-LIN/normalized-PB12/sroussel/BA/normalized-BA_RDC4.dot_luby_20null20mast_rapportOE1.0_TMAX120_K67_cod1.opb.xz,21
OPT-LIN/normalized-PB12/sroussel/BA/normalized-BA_RDC4.dot_luby_20null20mast_rapportOE1.0_TMAX120_K67_cod2.opb.xz,15
OPT-LIN/normalized-PB12/sroussel/BA/normalized-BA_RDC4.dot_luby_20null20mast_rapportOE1.0_TMAX120_K67_cod3.opb.xz,21
OPT-LIN/normalized-PB12/sroussel/BA/normalized-BA_RDC4.dot_luby_20null20mast_rapportOE1.0_TMAX15_K67_cod1.opb.xz,21
OPT-LIN/normalized-PB12/sroussel/BA/normalized-BA_RDC4.dot_luby_20null20mast_rapportOE1.0_TMAX15_K67_cod2.opb.xz,15
OPT-LIN/normalized-PB12/sroussel/BA/normalized-BA_RDC4.dot_luby_20null20mast_rapportOE1.0_TMAX15_K67_cod3.opb.xz,21
OPT-LIN/normalized-PB12/sroussel/BA/normalized-BA_RDC4.dot_luby_20null20mast_rapportOE1.0_TMAX180_K67_cod1.opb.xz,21
OPT-LIN/normalized-PB12/sroussel/BA/normalized-BA_RDC4.dot_luby_20null20mast_rapportOE1.0_TMAX180_K67_cod2.opb.xz,15
OPT-LIN/normalized-PB12/sroussel/BA/normalized-BA_RDC4.dot_luby_20null20mast_rapportOE1.0_TMAX180_K67_cod3.opb.xz,21
OPT-LIN/normalized-PB12/sroussel/BA/normalized-BA_RDC4.dot_luby_20null20mast_rapportOE1.0_TMAX300_K67_cod1.opb.xz,21
OPT-LIN/normalized-PB12/sroussel/BA/normalized-BA_RDC4.dot_luby_20null20mast_rapportOE1.0_TMAX300_K67_cod2.opb.xz,15
OPT-LIN/normalized-PB12/sroussel/BA/normalized-BA_RDC4.dot_luby_20null20mast_rapportOE1.0_TMAX300_K67_cod3.opb.xz,21
OPT-LIN/normalized-PB12/sroussel/BA/normalized-BA_RDC4.dot_luby_20null20mast_rapportOE1.0_TMAX60_K67_cod1.opb.xz,21
OPT-LIN/normalized-PB12/sroussel/BA/normalized-BA_RDC4.dot_luby_20null20mast_rapportOE1.0_TMAX60_K67_cod2.opb.xz,15
OPT-LIN/normalized-PB12/sroussel/BA/normalized-BA_RDC4.dot_luby_20null20mast_rapportOE1.0_TMAX60_K67_cod3.opb.xz,21
OPT-LIN/normalized-PB12/sroussel/BA/normalized-BA_RDC4.dot_luby_20null20mast_rapportOE2.0_TMAX120_K67_cod1.opb.xz,21
OPT-LIN/normalized-PB12/sroussel/BA/normalized-BA_RDC4.dot_luby_20null20mast_rapportOE2.0_TMAX120_K67_cod2.opb.xz,15
OPT-LIN/normalized-PB12/sroussel/BA/normalized-BA_RDC4.dot_luby_20null20mast_rapportOE2.0_TMAX120_K67_cod3.opb.xz,21
OPT-LIN/normalized-PB12/sroussel/BA/normalized-BA_RDC4.dot_luby_20null20mast_rapportOE2.0_TMAX15_K67_cod1.opb.xz,21
OPT-LIN/normalized-PB12/sroussel/BA/normalized-BA_RDC4.dot_luby_20null20mast_rapportOE2.0_TMAX15_K67_cod2.opb.xz,15
OPT-LIN/normalized-PB12/sroussel/BA/normalized-BA_RDC4.dot_luby_20null20mast_rapportOE2.0_TMAX15_K67_cod3.opb.xz,21
OPT-LIN/normalized-PB12/sroussel/BA/normalized-BA_RDC4.dot_luby_20null20mast_rapportOE2.0_TMAX180_K67_cod1.opb.xz,21
OPT-LIN/normalized-PB12/sroussel/BA/normalized-BA_RDC4.dot_luby_20null20mast_rapportOE2.0_TMAX180_K67_cod2.opb.xz,15
OPT-LIN/normalized-PB12/sroussel/BA/normalized-BA_RDC4.dot_luby_20null20mast_rapportOE2.0_TMAX180_K67_cod3.opb.xz,21
OPT-LIN/normalized-PB12/sroussel/BA/normalized-BA_RDC4.dot_luby_20null20mast_rapportOE2.0_TMAX300_K67_cod1.opb.xz,21
OPT-LIN/normalized-PB12/sroussel/BA/normalized-BA_RDC4.dot_luby_20null20mast_rapportOE2.0_TMAX300_K67_cod2.opb.xz,15
OPT-LIN/normalized-PB12/sroussel/BA/normalized-BA_RDC4.dot_luby_20null20mast_rapportOE2.0_TMAX300_K67_cod3.opb.xz,21
OPT-LIN/normalized-PB12/sroussel/BA/normalized-BA_RDC4.dot_luby_20null20mast_rapportOE2.0_TMAX60_K67_cod1.opb.xz,21
OPT-LIN/normalized-PB12/sroussel/BA/normalized-BA_RDC4.dot_luby_20null20mast_rapportOE2.0_TMAX60_K67_cod2.opb.xz,15
OPT-LIN/normalized-PB12/sroussel/BA/normalized-BA_RDC4.dot_luby_20null20mast_rapportOE2.0_TMAX60_K67_cod3.opb.xz,21
OPT-LIN/normalized-PB12/sroussel/BA/normalized-BA_RDC4.dot_luby_20null50mast_rapportOE1.0_TMAX120_K67_cod1.opb.xz,22
OPT-LIN/normalized-PB12/sroussel/BA/normalized-BA_RDC4.dot_luby_20null50mast_rapportOE1.0_TMAX120_K67_cod2.opb.xz,16
OPT-LIN/normalized-PB12/sroussel/BA/normalized-BA_RDC4.dot_luby_20null50mast_rapportOE1.0_TMAX120_K67_cod3.opb.xz,22
OPT-LIN/normalized-PB12/sroussel/BA/normalized-BA_RDC4.dot_luby_20null50mast_rapportOE1.0_TMAX15_K67_cod1.opb.xz,22
OPT-LIN/normalized-PB12/sroussel/BA/normalized-BA_RDC4.dot_luby_20null50mast_rapportOE1.0_TMAX15_K67_cod2.opb.xz,16
OPT-LIN/normalized-PB12/sroussel/BA/normalized-BA_RDC4.dot_luby_20null50mast_rapportOE1.0_TMAX15_K67_cod3.opb.xz,22
OPT-LIN/normalized-PB12/sroussel/BA/normalized-BA_RDC4.dot_luby_20null50mast_rapportOE1.0_TMAX180_K67_cod1.opb.xz,22
OPT-LIN/normalized-PB12/sroussel/BA/normalized-BA_RDC4.dot_luby_20null50mast_rapportOE1.0_TMAX180_K67_cod2.opb.xz,16
OPT-LIN/normalized-PB12/sroussel/BA/normalized-BA_RDC4.dot_luby_20null50mast_rapportOE1.0_TMAX180_K67_cod3.opb.xz,22
OPT-LIN/normalized-PB12/sroussel/BA/normalized-BA_RDC4.dot_luby_20null50mast_rapportOE1.0_TMAX300_K67_cod1.opb.xz,22
OPT-LIN/normalized-PB12/sroussel/BA/normalized-BA_RDC4.dot_luby_20null50mast_rapportOE1.0_TMAX300_K67_cod2.opb.xz,16
OPT-LIN/normalized-PB12/sroussel/BA/normalized-BA_RDC4.dot_luby_20null50mast_rapportOE1.0_TMAX300_K67_cod3.opb.xz,22
OPT-LIN/normalized-PB12/sroussel/BA/normalized-BA_RDC4.dot_luby_20null50mast_rapportOE1.0_TMAX60_K67_cod1.opb.xz,22
OPT-LIN/normalized-PB12/sroussel/BA/normalized-BA_RDC4.dot_luby_20null50mast_rapportOE1.0_TMAX60_K67_cod2.opb.xz,16
OPT-LIN/normalized-PB12/sroussel/BA/normalized-BA_RDC4.dot_luby_20null50mast_rapportOE1.0_TMAX60_K67_cod3.opb.xz,22
OPT-LIN/normalized-PB12/sroussel/BA/normalized-BA_RDC4.dot_luby_20null50mast_rapportOE2.0_TMAX120_K67_cod1.opb.xz,22
OPT-LIN/normalized-PB12/sroussel/BA/normalized-BA_RDC4.dot_luby_20null50mast_rapportOE2.0_TMAX120_K67_cod2.opb.xz,16
OPT-LIN/normalized-PB12/sroussel/BA/normalized-BA_RDC4.dot_luby_20null50mast_rapportOE2.0_TMAX120_K67_cod3.opb.xz,22
OPT-LIN/normalized-PB12/sroussel/BA/normalized-BA_RDC4.dot_luby_20null50mast_rapportOE2.0_TMAX15_K67_cod1.opb.xz,22
OPT-LIN/normalized-PB12/sroussel/BA/normalized-BA_RDC4.dot_luby_20null50mast_rapportOE2.0_TMAX15_K67_cod2.opb.xz,16
OPT-LIN/normalized-PB12/sroussel/BA/normalized-BA_RDC4.dot_luby_20null50mast_rapportOE2.0_TMAX15_K67_cod3.opb.xz,22
OPT-LIN/normalized-PB12/sroussel/BA/normalized-BA_RDC4.dot_luby_20null50mast_rapportOE2.0_TMAX180_K67_cod1.opb.xz,22
OPT-LIN/normalized-PB12/sroussel/BA/normalized-BA_RDC4.dot_luby_20null50mast_rapportOE2.0_TMAX180_K67_cod2.opb.xz,16
OPT-LIN/normalized-PB12/sroussel/BA/normalized-BA_RDC4.dot_luby_20null50mast_rapportOE2.0_TMAX180_K67_cod3.opb.xz,22
OPT-LIN/normalized-PB12/sroussel/BA/normalized-BA_RDC4.dot_luby_20null50mast_rapportOE2.0_TMAX300_K67_cod1.opb.xz,22
OPT-LIN/normalized-PB12/sroussel/BA/normalized-BA_RDC4.dot_luby_20null50mast_rapportOE2.0_TMAX300_K67_cod2.opb.xz,16
OPT-LIN/normalized-PB12/sroussel/BA/normalized-BA_RDC4.dot_luby_20null50mast_rapportOE2.0_TMAX300_K67_cod3.opb.xz,22
OPT-LIN/normalized-PB12/sroussel/BA/normalized-BA_RDC4.dot_luby_20null50mast_rapportOE2.0_TMAX60_K67_cod1.opb.xz,22
OPT-LIN/normalized-PB12/sroussel/BA/normalized-BA_RDC4.dot_luby_20null50mast_rapportOE2.0_TMAX60_K67_cod2.opb.xz,16
OPT-LIN/normalized-PB12/sroussel/BA/normalized-BA_RDC4.dot_luby_20null50mast_rapportOE2.0_TMAX60_K67_cod3.opb.xz,22
OPT-LIN/normalized-PB12/sroussel/BA/normalized-BA_RDC4.dot_luby_50null0mast_rapportOE1.0_TMAX120_K67_cod1.opb.xz,17
OPT-LIN/normalized-PB12/sroussel/BA/normalized-BA_RDC4.dot_luby_50null0mast_rapportOE1.0_TMAX120_K67_cod2.opb.xz,14
OPT-LIN/normalized-PB12/sroussel/BA/normalized-BA_RDC4.dot_luby_50null0mast_rapportOE1.0_TMAX120_K67_cod3.opb.xz,17
OPT-LIN/normalized-PB12/sroussel/BA/normalized-BA_RDC4.dot_luby_50null0mast_rapportOE1.0_TMAX15_K67_cod1.opb.xz,17
OPT-LIN/normalized-PB12/sroussel/BA/normalized-BA_RDC4.dot_luby_50null0mast_rapportOE1.0_TMAX15_K67_cod2.opb.xz,14
OPT-LIN/normalized-PB12/sroussel/BA/normalized-BA_RDC4.dot_luby_50null0mast_rapportOE1.0_TMAX15_K67_cod3.opb.xz,17
OPT-LIN/normalized-PB12/sroussel/BA/normalized-BA_RDC4.dot_luby_50null0mast_rapportOE1.0_TMAX180_K67_cod1.opb.xz,17
OPT-LIN/normalized-PB12/sroussel/BA/normalized-BA_RDC4.dot_luby_50null0mast_rapportOE1.0_TMAX180_K67_cod2.opb.xz,14
OPT-LIN/normalized-PB12/sroussel/BA/normalized-BA_RDC4.dot_luby_50null0mast_rapportOE1.0_TMAX180_K67_cod3.opb.xz,17
OPT-LIN/normalized-PB12/sroussel/BA/normalized-BA_RDC4.dot_luby_50null0mast_rapportOE1.0_TMAX300_K67_cod1.opb.xz,17
OPT-LIN/normalized-PB12/sroussel/BA/normalized-BA_RDC4.dot_luby_50null0mast_rapportOE1.0_TMAX300_K67_cod2.opb.xz,14
OPT-LIN/normalized-PB12/sroussel/BA/normalized-BA_RDC4.dot_luby_50null0mast_rapportOE1.0_TMAX300_K67_cod3.opb.xz,17
OPT-LIN/normalized-PB12/sroussel/BA/normalized-BA_RDC4.dot_luby_50null0mast_rapportOE1.0_TMAX60_K67_cod1.opb.xz,17
OPT-LIN/normalized-PB12/sroussel/BA/normalized-BA_RDC4.dot_luby_50null0mast_rapportOE1.0_TMAX60_K67_cod2.opb.xz,14
OPT-LIN/normalized-PB12/sroussel/BA/normalized-BA_RDC4.dot_luby_50null0mast_rapportOE1.0_TMAX60_K67_cod3.opb.xz,17
OPT-LIN/normalized-PB12/sroussel/BA/normalized-BA_RDC4.dot_luby_50null0mast_rapportOE2.0_TMAX120_K67_cod1.opb.xz,17
OPT-LIN/normalized-PB12/sroussel/BA/normalized-BA_RDC4.dot_luby_50null0mast_rapportOE2.0_TMAX120_K67_cod2.opb.xz,14
OPT-LIN/normalized-PB12/sroussel/BA/normalized-BA_RDC4.dot_luby_50null0mast_rapportOE2.0_TMAX120_K67_cod3.opb.xz,17
OPT-LIN/normalized-PB12/sroussel/BA/normalized-BA_RDC4.dot_luby_50null0mast_rapportOE2.0_TMAX15_K67_cod1.opb.xz,17
OPT-LIN/normalized-PB12/sroussel/BA/normalized-BA_RDC4.dot_luby_50null0mast_rapportOE2.0_TMAX15_K67_cod2.opb.xz,14
OPT-LIN/normalized-PB12/sroussel/BA/normalized-BA_RDC4.dot_luby_50null0mast_rapportOE2.0_TMAX15_K67_cod3.opb.xz,17
OPT-LIN/normalized-PB12/sroussel/BA/normalized-BA_RDC4.dot_luby_50null0mast_rapportOE2.0_TMAX180_K67_cod1.opb.xz,17
OPT-LIN/normalized-PB12/sroussel/BA/normalized-BA_RDC4.dot_luby_50null0mast_rapportOE2.0_TMAX180_K67_cod2.opb.xz,14
OPT-LIN/normalized-PB12/sroussel/BA/normalized-BA_RDC4.dot_luby_50null0mast_rapportOE2.0_TMAX180_K67_cod3.opb.xz,17
OPT-LIN/normalized-PB12/sroussel/BA/normalized-BA_RDC4.dot_luby_50null0mast_rapportOE2.0_TMAX300_K67_cod1.opb.xz,17
OPT-LIN/normalized-PB12/sroussel/BA/normalized-BA_RDC4.dot_luby_50null0mast_rapportOE2.0_TMAX300_K67_cod2.opb.xz,14
OPT-LIN/normalized-PB12/sroussel/BA/normalized-BA_RDC4.dot_luby_50null0mast_rapportOE2.0_TMAX300_K67_cod3.opb.xz,17
OPT-LIN/normalized-PB12/sroussel/BA/normalized-BA_RDC4.dot_luby_50null0mast_rapportOE2.0_TMAX60_K67_cod1.opb.xz,17
OPT-LIN/normalized-PB12/sroussel/BA/normalized-BA_RDC4.dot_luby_50null0mast_rapportOE2.0_TMAX60_K67_cod2.opb.xz,14
OPT-LIN/normalized-PB12/sroussel/BA/normalized-BA_RDC4.dot_luby_50null0mast_rapportOE2.0_TMAX60_K67_cod3.opb.xz,17
OPT-LIN/normalized-PB12/sroussel/BA/normalized-BA_RDC4.dot_luby_50null10mast_rapportOE1.0_TMAX120_K67_cod1.opb.xz,20
OPT-LIN/normalized-PB12/sroussel/BA/normalized-BA_RDC4.dot_luby_50null10mast_rapportOE1.0_TMAX120_K67_cod2.opb.xz,14
OPT-LIN/normalized-PB12/sroussel/BA/normalized-BA_RDC4.dot_luby_50null10mast_rapportOE1.0_TMAX120_K67_cod3.opb.xz,20
OPT-LIN/normalized-PB12/sroussel/BA/normalized-BA_RDC4.dot_luby_50null10mast_rapportOE1.0_TMAX15_K67_cod1.opb.xz,20
OPT-LIN/normalized-PB12/sroussel/BA/normalized-BA_RDC4.dot_luby_50null10mast_rapportOE1.0_TMAX15_K67_cod2.opb.xz,14
OPT-LIN/normalized-PB12/sroussel/BA/normalized-BA_RDC4.dot_luby_50null10mast_rapportOE1.0_TMAX15_K67_cod3.opb.xz,20
OPT-LIN/normalized-PB12/sroussel/BA/normalized-BA_RDC4.dot_luby_50null10mast_rapportOE1.0_TMAX180_K67_cod1.opb.xz,20
OPT-LIN/normalized-PB12/sroussel/BA/normalized-BA_RDC4.dot_luby_50null10mast_rapportOE1.0_TMAX180_K67_cod2.opb.xz,14
OPT-LIN/normalized-PB12/sroussel/BA/normalized-BA_RDC4.dot_luby_50null10mast_rapportOE1.0_TMAX180_K67_cod3.opb.xz,20
OPT-LIN/normalized-PB12/sroussel/BA/normalized-BA_RDC4.dot_luby_50null10mast_rapportOE1.0_TMAX300_K67_cod1.opb.xz,20
OPT-LIN/normalized-PB12/sroussel/BA/normalized-BA_RDC4.dot_luby_50null10mast_rapportOE1.0_TMAX300_K67_cod2.opb.xz,14
OPT-LIN/normalized-PB12/sroussel/BA/normalized-BA_RDC4.dot_luby_50null10mast_rapportOE1.0_TMAX300_K67_cod3.opb.xz,20
OPT-LIN/normalized-PB12/sroussel/BA/normalized-BA_RDC4.dot_luby_50null10mast_rapportOE1.0_TMAX60_K67_cod1.opb.xz,20
OPT-LIN/normalized-PB12/sroussel/BA/normalized-BA_RDC4.dot_luby_50null10mast_rapportOE1.0_TMAX60_K67_cod2.opb.xz,14
OPT-LIN/normalized-PB12/sroussel/BA/normalized-BA_RDC4.dot_luby_50null10mast_rapportOE1.0_TMAX60_K67_cod3.opb.xz,20
OPT-LIN/normalized-PB12/sroussel/BA/normalized-BA_RDC4.dot_luby_50null10mast_rapportOE2.0_TMAX120_K67_cod1.opb.xz,20
OPT-LIN/normalized-PB12/sroussel/BA/normalized-BA_RDC4.dot_luby_50null10mast_rapportOE2.0_TMAX120_K67_cod2.opb.xz,14
OPT-LIN/normalized-PB12/sroussel/BA/normalized-BA_RDC4.dot_luby_50null10mast_rapportOE2.0_TMAX120_K67_cod3.opb.xz,20
OPT-LIN/normalized-PB12/sroussel/BA/normalized-BA_RDC4.dot_luby_50null10mast_rapportOE2.0_TMAX15_K67_cod1.opb.xz,20
OPT-LIN/normalized-PB12/sroussel/BA/normalized-BA_RDC4.dot_luby_50null10mast_rapportOE2.0_TMAX15_K67_cod2.opb.xz,14
OPT-LIN/normalized-PB12/sroussel/BA/normalized-BA_RDC4.dot_luby_50null10mast_rapportOE2.0_TMAX15_K67_cod3.opb.xz,20
OPT-LIN/normalized-PB12/sroussel/BA/normalized-BA_RDC4.dot_luby_50null10mast_rapportOE2.0_TMAX180_K67_cod1.opb.xz,20
OPT-LIN/normalized-PB12/sroussel/BA/normalized-BA_RDC4.dot_luby_50null10mast_rapportOE2.0_TMAX180_K67_cod2.opb.xz,14
OPT-LIN/normalized-PB12/sroussel/BA/normalized-BA_RDC4.dot_luby_50null10mast_rapportOE2.0_TMAX180_K67_cod3.opb.xz,20
OPT-LIN/normalized-PB12/sroussel/BA/normalized-BA_RDC4.dot_luby_50null10mast_rapportOE2.0_TMAX300_K67_cod1.opb.xz,20
OPT-LIN/normalized-PB12/sroussel/BA/normalized-BA_RDC4.dot_luby_50null10mast_rapportOE2.0_TMAX300_K67_cod2.opb.xz,14
OPT-LIN/normalized-PB12/sroussel/BA/normalized-BA_RDC4.dot_luby_50null10mast_rapportOE2.0_TMAX300_K67_cod3.opb.xz,20
OPT-LIN/normalized-PB12/sroussel/BA/normalized-BA_RDC4.dot_luby_50null10mast_rapportOE2.0_TMAX60_K67_cod1.opb.xz,20
OPT-LIN/normalized-PB12/sroussel/BA/normalized-BA_RDC4.dot_luby_50null10mast_rapportOE2.0_TMAX60_K67_cod2.opb.xz,14
OPT-LIN/normalized-PB12/sroussel/BA/normalized-BA_RDC4.dot_luby_50null10mast_rapportOE2.0_TMAX60_K67_cod3.opb.xz,20
OPT-LIN/normalized-PB12/sroussel/BA/normalized-BA_RDC4.dot_luby_50null20mast_rapportOE1.0_TMAX120_K67_cod1.opb.xz,21
OPT-LIN/normalized-PB12/sroussel/BA/normalized-BA_RDC4.dot_luby_50null20mast_rapportOE1.0_TMAX120_K67_cod2.opb.xz,15
OPT-LIN/normalized-PB12/sroussel/BA/normalized-BA_RDC4.dot_luby_50null20mast_rapportOE1.0_TMAX120_K67_cod3.opb.xz,21
OPT-LIN/normalized-PB12/sroussel/BA/normalized-BA_RDC4.dot_luby_50null20mast_rapportOE1.0_TMAX15_K67_cod1.opb.xz,21
OPT-LIN/normalized-PB12/sroussel/BA/normalized-BA_RDC4.dot_luby_50null20mast_rapportOE1.0_TMAX15_K67_cod2.opb.xz,15
OPT-LIN/normalized-PB12/sroussel/BA/normalized-BA_RDC4.dot_luby_50null20mast_rapportOE1.0_TMAX15_K67_cod3.opb.xz,21
OPT-LIN/normalized-PB12/sroussel/BA/normalized-BA_RDC4.dot_luby_50null20mast_rapportOE1.0_TMAX180_K67_cod1.opb.xz,21
OPT-LIN/normalized-PB12/sroussel/BA/normalized-BA_RDC4.dot_luby_50null20mast_rapportOE1.0_TMAX180_K67_cod2.opb.xz,15
OPT-LIN/normalized-PB12/sroussel/BA/normalized-BA_RDC4.dot_luby_50null20mast_rapportOE1.0_TMAX180_K67_cod3.opb.xz,21
OPT-LIN/normalized-PB12/sroussel/BA/normalized-BA_RDC4.dot_luby_50null20mast_rapportOE1.0_TMAX300_K67_cod1.opb.xz,21
OPT-LIN/normalized-PB12/sroussel/BA/normalized-BA_RDC4.dot_luby_50null20mast_rapportOE1.0_TMAX300_K67_cod2.opb.xz,15
OPT-LIN/normalized-PB12/sroussel/BA/normalized-BA_RDC4.dot_luby_50null20mast_rapportOE1.0_TMAX300_K67_cod3.opb.xz,21
OPT-LIN/normalized-PB12/sroussel/BA/normalized-BA_RDC4.dot_luby_50null20mast_rapportOE1.0_TMAX60_K67_cod1.opb.xz,21
OPT-LIN/normalized-PB12/sroussel/BA/normalized-BA_RDC4.dot_luby_50null20mast_rapportOE1.0_TMAX60_K67_cod2.opb.xz,15
OPT-LIN/normalized-PB12/sroussel/BA/normalized-BA_RDC4.dot_luby_50null20mast_rapportOE1.0_TMAX60_K67_cod3.opb.xz,21
OPT-LIN/normalized-PB12/sroussel/BA/normalized-BA_RDC4.dot_luby_50null20mast_rapportOE2.0_TMAX120_K67_cod1.opb.xz,21
OPT-LIN/normalized-PB12/sroussel/BA/normalized-BA_RDC4.dot_luby_50null20mast_rapportOE2.0_TMAX120_K67_cod2.opb.xz,15
OPT-LIN/normalized-PB12/sroussel/BA/normalized-BA_RDC4.dot_luby_50null20mast_rapportOE2.0_TMAX120_K67_cod3.opb.xz,21
OPT-LIN/normalized-PB12/sroussel/BA/normalized-BA_RDC4.dot_luby_50null20mast_rapportOE2.0_TMAX15_K67_cod1.opb.xz,21
OPT-LIN/normalized-PB12/sroussel/BA/normalized-BA_RDC4.dot_luby_50null20mast_rapportOE2.0_TMAX15_K67_cod2.opb.xz,15
OPT-LIN/normalized-PB12/sroussel/BA/normalized-BA_RDC4.dot_luby_50null20mast_rapportOE2.0_TMAX15_K67_cod3.opb.xz,21
OPT-LIN/normalized-PB12/sroussel/BA/normalized-BA_RDC4.dot_luby_50null20mast_rapportOE2.0_TMAX180_K67_cod1.opb.xz,21
OPT-LIN/normalized-PB12/sroussel/BA/normalized-BA_RDC4.dot_luby_50null20mast_rapportOE2.0_TMAX180_K67_cod2.opb.xz,15
OPT-LIN/normalized-PB12/sroussel/BA/normalized-BA_RDC4.dot_luby_50null20mast_rapportOE2.0_TMAX180_K67_cod3.opb.xz,21
OPT-LIN/normalized-PB12/sroussel/BA/normalized-BA_RDC4.dot_luby_50null20mast_rapportOE2.0_TMAX300_K67_cod1.opb.xz,21
OPT-LIN/normalized-PB12/sroussel/BA/normalized-BA_RDC4.dot_luby_50null20mast_rapportOE2.0_TMAX300_K67_cod2.opb.xz,15
OPT-LIN/normalized-PB12/sroussel/BA/normalized-BA_RDC4.dot_luby_50null20mast_rapportOE2.0_TMAX300_K67_cod3.opb.xz,21
OPT-LIN/normalized-PB12/sroussel/BA/normalized-BA_RDC4.dot_luby_50null20mast_rapportOE2.0_TMAX60_K67_cod1.opb.xz,21
OPT-LIN/normalized-PB12/sroussel/BA/normalized-BA_RDC4.dot_luby_50null20mast_rapportOE2.0_TMAX60_K67_cod2.opb.xz,15
OPT-LIN/normalized-PB12/sroussel/BA/normalized-BA_RDC4.dot_luby_50null20mast_rapportOE2.0_TMAX60_K67_cod3.opb.xz,21
OPT-LIN/normalized-PB12/sroussel/BA/normalized-BA_RDC4.dot_luby_50null50mast_rapportOE1.0_TMAX120_K67_cod1.opb.xz,17
OPT-LIN/normalized-PB12/sroussel/BA/normalized-BA_RDC4.dot_luby_50null50mast_rapportOE1.0_TMAX120_K67_cod2.opb.xz,14
OPT-LIN/normalized-PB12/sroussel/BA/normalized-BA_RDC4.dot_luby_50null50mast_rapportOE1.0_TMAX120_K67_cod3.opb.xz,17
OPT-LIN/normalized-PB12/sroussel/BA/normalized-BA_RDC4.dot_luby_50null50mast_rapportOE1.0_TMAX15_K67_cod1.opb.xz,17
OPT-LIN/normalized-PB12/sroussel/BA/normalized-BA_RDC4.dot_luby_50null50mast_rapportOE1.0_TMAX15_K67_cod2.opb.xz,14
OPT-LIN/normalized-PB12/sroussel/BA/normalized-BA_RDC4.dot_luby_50null50mast_rapportOE1.0_TMAX15_K67_cod3.opb.xz,17
OPT-LIN/normalized-PB12/sroussel/BA/normalized-BA_RDC4.dot_luby_50null50mast_rapportOE1.0_TMAX180_K67_cod1.opb.xz,17
OPT-LIN/normalized-PB12/sroussel/BA/normalized-BA_RDC4.dot_luby_50null50mast_rapportOE1.0_TMAX180_K67_cod2.opb.xz,14
OPT-LIN/normalized-PB12/sroussel/BA/normalized-BA_RDC4.dot_luby_50null50mast_rapportOE1.0_TMAX180_K67_cod3.opb.xz,17
OPT-LIN/normalized-PB12/sroussel/BA/normalized-BA_RDC4.dot_luby_50null50mast_rapportOE1.0_TMAX300_K67_cod1.opb.xz,17
OPT-LIN/normalized-PB12/sroussel/BA/normalized-BA_RDC4.dot_luby_50null50mast_rapportOE1.0_TMAX300_K67_cod2.opb.xz,14
OPT-LIN/normalized-PB12/sroussel/BA/normalized-BA_RDC4.dot_luby_50null50mast_rapportOE1.0_TMAX300_K67_cod3.opb.xz,17
OPT-LIN/normalized-PB12/sroussel/BA/normalized-BA_RDC4.dot_luby_50null50mast_rapportOE1.0_TMAX60_K67_cod1.opb.xz,17
OPT-LIN/normalized-PB12/sroussel/BA/normalized-BA_RDC4.dot_luby_50null50mast_rapportOE1.0_TMAX60_K67_cod2.opb.xz,14
OPT-LIN/normalized-PB12/sroussel/BA/normalized-BA_RDC4.dot_luby_50null50mast_rapportOE1.0_TMAX60_K67_cod3.opb.xz,17
OPT-LIN/normalized-PB12/sroussel/BA/normalized-BA_RDC4.dot_luby_50null50mast_rapportOE2.0_TMAX120_K67_cod1.opb.xz,18
OPT-LIN/normalized-PB12/sroussel/BA/normalized-BA_RDC4.dot_luby_50null50mast_rapportOE2.0_TMAX120_K67_cod2.opb.xz,14
OPT-LIN/normalized-PB12/sroussel/BA/normalized-BA_RDC4.dot_luby_50null50mast_rapportOE2.0_TMAX120_K67_cod3.opb.xz,18
OPT-LIN/normalized-PB12/sroussel/BA/normalized-BA_RDC4.dot_luby_50null50mast_rapportOE2.0_TMAX15_K67_cod1.opb.xz,18
OPT-LIN/normalized-PB12/sroussel/BA/normalized-BA_RDC4.dot_luby_50null50mast_rapportOE2.0_TMAX15_K67_cod2.opb.xz,14
OPT-LIN/normalized-PB12/sroussel/BA/normalized-BA_RDC4.dot_luby_50null50mast_rapportOE2.0_TMAX15_K67_cod3.opb.xz,18
OPT-LIN/normalized-PB12/sroussel/BA/normalized-BA_RDC4.dot_luby_50null50mast_rapportOE2.0_TMAX180_K67_cod1.opb.xz,18
OPT-LIN/normalized-PB12/sroussel/BA/normalized-BA_RDC4.dot_luby_50null50mast_rapportOE2.0_TMAX180_K67_cod2.opb.xz,14
OPT-LIN/normalized-PB12/sroussel/BA/normalized-BA_RDC4.dot_luby_50null50mast_rapportOE2.0_TMAX180_K67_cod3.opb.xz,18
OPT-LIN/normalized-PB12/sroussel/BA/normalized-BA_RDC4.dot_luby_50null50mast_rapportOE2.0_TMAX300_K67_cod1.opb.xz,18
OPT-LIN/normalized-PB12/sroussel/BA/normalized-BA_RDC4.dot_luby_50null50mast_rapportOE2.0_TMAX300_K67_cod2.opb.xz,14
OPT-LIN/normalized-PB12/sroussel/BA/normalized-BA_RDC4.dot_luby_50null50mast_rapportOE2.0_TMAX300_K67_cod3.opb.xz,18
OPT-LIN/normalized-PB12/sroussel/BA/normalized-BA_RDC4.dot_luby_50null50mast_rapportOE2.0_TMAX60_K67_cod1.opb.xz,18
OPT-LIN/normalized-PB12/sroussel/BA/normalized-BA_RDC4.dot_luby_50null50mast_rapportOE2.0_TMAX60_K67_cod2.opb.xz,14
OPT-LIN/normalized-PB12/sroussel/BA/normalized-BA_RDC4.dot_luby_50null50mast_rapportOE2.0_TMAX60_K67_cod3.opb.xz,18
OPT-LIN/normalized-PB12/sroussel/BA/normalized-BA_RDC4.dot_unif_0null0mast_rapportOE1.0_TMAX120_K67_cod1.opb.xz,24
OPT-LIN/normalized-PB12/sroussel/BA/normalized-BA_RDC4.dot_unif_0null0mast_rapportOE1.0_TMAX120_K67_cod2.opb.xz,18
OPT-LIN/normalized-PB12/sroussel/BA/normalized-BA_RDC4.dot_unif_0null0mast_rapportOE1.0_TMAX120_K67_cod3.opb.xz,24
OPT-LIN/normalized-PB12/sroussel/BA/normalized-BA_RDC4.dot_unif_0null0mast_rapportOE1.0_TMAX15_K67_cod1.opb.xz,24
OPT-LIN/normalized-PB12/sroussel/BA/normalized-BA_RDC4.dot_unif_0null0mast_rapportOE1.0_TMAX15_K67_cod2.opb.xz,18
OPT-LIN/normalized-PB12/sroussel/BA/normalized-BA_RDC4.dot_unif_0null0mast_rapportOE1.0_TMAX15_K67_cod3.opb.xz,24
OPT-LIN/normalized-PB12/sroussel/BA/normalized-BA_RDC4.dot_unif_0null0mast_rapportOE1.0_TMAX180_K67_cod1.opb.xz,24
OPT-LIN/normalized-PB12/sroussel/BA/normalized-BA_RDC4.dot_unif_0null0mast_rapportOE1.0_TMAX180_K67_cod2.opb.xz,18
OPT-LIN/normalized-PB12/sroussel/BA/normalized-BA_RDC4.dot_unif_0null0mast_rapportOE1.0_TMAX180_K67_cod3.opb.xz,24
OPT-LIN/normalized-PB12/sroussel/BA/normalized-BA_RDC4.dot_unif_0null0mast_rapportOE1.0_TMAX300_K67_cod1.opb.xz,24
OPT-LIN/normalized-PB12/sroussel/BA/normalized-BA_RDC4.dot_unif_0null0mast_rapportOE1.0_TMAX300_K67_cod2.opb.xz,18
OPT-LIN/normalized-PB12/sroussel/BA/normalized-BA_RDC4.dot_unif_0null0mast_rapportOE1.0_TMAX300_K67_cod3.opb.xz,24
OPT-LIN/normalized-PB12/sroussel/BA/normalized-BA_RDC4.dot_unif_0null0mast_rapportOE1.0_TMAX60_K67_cod1.opb.xz,24
OPT-LIN/normalized-PB12/sroussel/BA/normalized-BA_RDC4.dot_unif_0null0mast_rapportOE1.0_TMAX60_K67_cod2.opb.xz,18
OPT-LIN/normalized-PB12/sroussel/BA/normalized-BA_RDC4.dot_unif_0null0mast_rapportOE1.0_TMAX60_K67_cod3.opb.xz,24
OPT-LIN/normalized-PB12/sroussel/BA/normalized-BA_RDC4.dot_unif_0null0mast_rapportOE2.0_TMAX120_K67_cod1.opb.xz,24
OPT-LIN/normalized-PB12/sroussel/BA/normalized-BA_RDC4.dot_unif_0null0mast_rapportOE2.0_TMAX120_K67_cod2.opb.xz,18
OPT-LIN/normalized-PB12/sroussel/BA/normalized-BA_RDC4.dot_unif_0null0mast_rapportOE2.0_TMAX120_K67_cod3.opb.xz,24
OPT-LIN/normalized-PB12/sroussel/BA/normalized-BA_RDC4.dot_unif_0null0mast_rapportOE2.0_TMAX15_K67_cod1.opb.xz,24
OPT-LIN/normalized-PB12/sroussel/BA/normalized-BA_RDC4.dot_unif_0null0mast_rapportOE2.0_TMAX15_K67_cod2.opb.xz,18
OPT-LIN/normalized-PB12/sroussel/BA/normalized-BA_RDC4.dot_unif_0null0mast_rapportOE2.0_TMAX15_K67_cod3.opb.xz,24
OPT-LIN/normalized-PB12/sroussel/BA/normalized-BA_RDC4.dot_unif_0null0mast_rapportOE2.0_TMAX180_K67_cod1.opb.xz,24
OPT-LIN/normalized-PB12/sroussel/BA/normalized-BA_RDC4.dot_unif_0null0mast_rapportOE2.0_TMAX180_K67_cod2.opb.xz,18
OPT-LIN/normalized-PB12/sroussel/BA/normalized-BA_RDC4.dot_unif_0null0mast_rapportOE2.0_TMAX180_K67_cod3.opb.xz,24
OPT-LIN/normalized-PB12/sroussel/BA/normalized-BA_RDC4.dot_unif_0null0mast_rapportOE2.0_TMAX300_K67_cod1.opb.xz,24
OPT-LIN/normalized-PB12/sroussel/BA/normalized-BA_RDC4.dot_unif_0null0mast_rapportOE2.0_TMAX300_K67_cod2.opb.xz,18
OPT-LIN/normalized-PB12/sroussel/BA/normalized-BA_RDC4.dot_unif_0null0mast_rapportOE2.0_TMAX300_K67_cod3.opb.xz,24
OPT-LIN/normalized-PB12/sroussel/BA/normalized-BA_RDC4.dot_unif_0null0mast_rapportOE2.0_TMAX60_K67_cod1.opb.xz,24
OPT-LIN/normalized-PB12/sroussel/BA/normalized-BA_RDC4.dot_unif_0null0mast_rapportOE2.0_TMAX60_K67_cod2.opb.xz,18
OPT-LIN/normalized-PB12/sroussel/BA/normalized-BA_RDC4.dot_unif_0null0mast_rapportOE2.0_TMAX60_K67_cod3.opb.xz,24
OPT-LIN/normalized-PB12/sroussel/BA/normalized-BA_RDC4.dot_unif_0null10mast_rapportOE1.0_TMAX120_K67_cod1.opb.xz,25
OPT-LIN/normalized-PB12/sroussel/BA/normalized-BA_RDC4.dot_unif_0null10mast_rapportOE1.0_TMAX120_K67_cod2.opb.xz,19
OPT-LIN/normalized-PB12/sroussel/BA/normalized-BA_RDC4.dot_unif_0null10mast_rapportOE1.0_TMAX120_K67_cod3.opb.xz,25
OPT-LIN/normalized-PB12/sroussel/BA/normalized-BA_RDC4.dot_unif_0null10mast_rapportOE1.0_TMAX15_K67_cod1.opb.xz,24
OPT-LIN/normalized-PB12/sroussel/BA/normalized-BA_RDC4.dot_unif_0null10mast_rapportOE1.0_TMAX15_K67_cod2.opb.xz,19
OPT-LIN/normalized-PB12/sroussel/BA/normalized-BA_RDC4.dot_unif_0null10mast_rapportOE1.0_TMAX15_K67_cod3.opb.xz,25
OPT-LIN/normalized-PB12/sroussel/BA/normalized-BA_RDC4.dot_unif_0null10mast_rapportOE1.0_TMAX180_K67_cod1.opb.xz,25
OPT-LIN/normalized-PB12/sroussel/BA/normalized-BA_RDC4.dot_unif_0null10mast_rapportOE1.0_TMAX180_K67_cod2.opb.xz,19
OPT-LIN/normalized-PB12/sroussel/BA/normalized-BA_RDC4.dot_unif_0null10mast_rapportOE1.0_TMAX180_K67_cod3.opb.xz,25
OPT-LIN/normalized-PB12/sroussel/BA/normalized-BA_RDC4.dot_unif_0null10mast_rapportOE1.0_TMAX300_K67_cod1.opb.xz,25
OPT-LIN/normalized-PB12/sroussel/BA/normalized-BA_RDC4.dot_unif_0null10mast_rapportOE1.0_TMAX300_K67_cod2.opb.xz,19
OPT-LIN/normalized-PB12/sroussel/BA/normalized-BA_RDC4.dot_unif_0null10mast_rapportOE1.0_TMAX300_K67_cod3.opb.xz,25
OPT-LIN/normalized-PB12/sroussel/BA/normalized-BA_RDC4.dot_unif_0null10mast_rapportOE1.0_TMAX60_K67_cod1.opb.xz,25
OPT-LIN/normalized-PB12/sroussel/BA/normalized-BA_RDC4.dot_unif_0null10mast_rapportOE1.0_TMAX60_K67_cod2.opb.xz,19
OPT-LIN/normalized-PB12/sroussel/BA/normalized-BA_RDC4.dot_unif_0null10mast_rapportOE1.0_TMAX60_K67_cod3.opb.xz,25
OPT-LIN/normalized-PB12/sroussel/BA/normalized-BA_RDC4.dot_unif_0null10mast_rapportOE2.0_TMAX120_K67_cod1.opb.xz,25
OPT-LIN/normalized-PB12/sroussel/BA/normalized-BA_RDC4.dot_unif_0null10mast_rapportOE2.0_TMAX120_K67_cod2.opb.xz,18
OPT-LIN/normalized-PB12/sroussel/BA/normalized-BA_RDC4.dot_unif_0null10mast_rapportOE2.0_TMAX120_K67_cod3.opb.xz,25
OPT-LIN/normalized-PB12/sroussel/BA/normalized-BA_RDC4.dot_unif_0null10mast_rapportOE2.0_TMAX15_K67_cod1.opb.xz,25
OPT-LIN/normalized-PB12/sroussel/BA/normalized-BA_RDC4.dot_unif_0null10mast_rapportOE2.0_TMAX15_K67_cod2.opb.xz,19
OPT-LIN/normalized-PB12/sroussel/BA/normalized-BA_RDC4.dot_unif_0null10mast_rapportOE2.0_TMAX15_K67_cod3.opb.xz,25
OPT-LIN/normalized-PB12/sroussel/BA/normalized-BA_RDC4.dot_unif_0null10mast_rapportOE2.0_TMAX180_K67_cod1.opb.xz,25
OPT-LIN/normalized-PB12/sroussel/BA/normalized-BA_RDC4.dot_unif_0null10mast_rapportOE2.0_TMAX180_K67_cod2.opb.xz,19
OPT-LIN/normalized-PB12/sroussel/BA/normalized-BA_RDC4.dot_unif_0null10mast_rapportOE2.0_TMAX180_K67_cod3.opb.xz,25
OPT-LIN/normalized-PB12/sroussel/BA/normalized-BA_RDC4.dot_unif_0null10mast_rapportOE2.0_TMAX300_K67_cod1.opb.xz,25
OPT-LIN/normalized-PB12/sroussel/BA/normalized-BA_RDC4.dot_unif_0null10mast_rapportOE2.0_TMAX300_K67_cod2.opb.xz,19
OPT-LIN/normalized-PB12/sroussel/BA/normalized-BA_RDC4.dot_unif_0null10mast_rapportOE2.0_TMAX300_K67_cod3.opb.xz,25
OPT-LIN/normalized-PB12/sroussel/BA/normalized-BA_RDC4.dot_unif_0null10mast_rapportOE2.0_TMAX60_K67_cod1.opb.xz,25
OPT-LIN/normalized-PB12/sroussel/BA/normalized-BA_RDC4.dot_unif_0null10mast_rapportOE2.0_TMAX60_K67_cod2.opb.xz,19
OPT-LIN/normalized-PB12/sroussel/BA/normalized-BA_RDC4.dot_unif_0null10mast_rapportOE2.0_TMAX60_K67_cod3.opb.xz,25
OPT-LIN/normalized-PB12/sroussel/BA/normalized-BA_RDC4.dot_unif_0null20mast_rapportOE1.0_TMAX120_K67_cod1.opb.xz,25
OPT-LIN/normalized-PB12/sroussel/BA/normalized-BA_RDC4.dot_unif_0null20mast_rapportOE1.0_TMAX120_K67_cod2.opb.xz,19
OPT-LIN/normalized-PB12/sroussel/BA/normalized-BA_RDC4.dot_unif_0null20mast_rapportOE1.0_TMAX120_K67_cod3.opb.xz,25
OPT-LIN/normalized-PB12/sroussel/BA/normalized-BA_RDC4.dot_unif_0null20mast_rapportOE1.0_TMAX15_K67_cod1.opb.xz,25
OPT-LIN/normalized-PB12/sroussel/BA/normalized-BA_RDC4.dot_unif_0null20mast_rapportOE1.0_TMAX15_K67_cod2.opb.xz,19
OPT-LIN/normalized-PB12/sroussel/BA/normalized-BA_RDC4.dot_unif_0null20mast_rapportOE1.0_TMAX15_K67_cod3.opb.xz,25
OPT-LIN/normalized-PB12/sroussel/BA/normalized-BA_RDC4.dot_unif_0null20mast_rapportOE1.0_TMAX180_K67_cod1.opb.xz,25
OPT-LIN/normalized-PB12/sroussel/BA/normalized-BA_RDC4.dot_unif_0null20mast_rapportOE1.0_TMAX180_K67_cod2.opb.xz,19
OPT-LIN/normalized-PB12/sroussel/BA/normalized-BA_RDC4.dot_unif_0null20mast_rapportOE1.0_TMAX180_K67_cod3.opb.xz,25
OPT-LIN/normalized-PB12/sroussel/BA/normalized-BA_RDC4.dot_unif_0null20mast_rapportOE1.0_TMAX300_K67_cod1.opb.xz,25
OPT-LIN/normalized-PB12/sroussel/BA/normalized-BA_RDC4.dot_unif_0null20mast_rapportOE1.0_TMAX300_K67_cod2.opb.xz,19
OPT-LIN/normalized-PB12/sroussel/BA/normalized-BA_RDC4.dot_unif_0null20mast_rapportOE1.0_TMAX300_K67_cod3.opb.xz,25
OPT-LIN/normalized-PB12/sroussel/BA/normalized-BA_RDC4.dot_unif_0null20mast_rapportOE1.0_TMAX60_K67_cod1.opb.xz,25
OPT-LIN/normalized-PB12/sroussel/BA/normalized-BA_RDC4.dot_unif_0null20mast_rapportOE1.0_TMAX60_K67_cod2.opb.xz,19
OPT-LIN/normalized-PB12/sroussel/BA/normalized-BA_RDC4.dot_unif_0null20mast_rapportOE1.0_TMAX60_K67_cod3.opb.xz,25
OPT-LIN/normalized-PB12/sroussel/BA/normalized-BA_RDC4.dot_unif_0null20mast_rapportOE2.0_TMAX120_K67_cod1.opb.xz,25
OPT-LIN/normalized-PB12/sroussel/BA/normalized-BA_RDC4.dot_unif_0null20mast_rapportOE2.0_TMAX120_K67_cod2.opb.xz,19
OPT-LIN/normalized-PB12/sroussel/BA/normalized-BA_RDC4.dot_unif_0null20mast_rapportOE2.0_TMAX120_K67_cod3.opb.xz,25
OPT-LIN/normalized-PB12/sroussel/BA/normalized-BA_RDC4.dot_unif_0null20mast_rapportOE2.0_TMAX15_K67_cod1.opb.xz,25
OPT-LIN/normalized-PB12/sroussel/BA/normalized-BA_RDC4.dot_unif_0null20mast_rapportOE2.0_TMAX15_K67_cod2.opb.xz,19
OPT-LIN/normalized-PB12/sroussel/BA/normalized-BA_RDC4.dot_unif_0null20mast_rapportOE2.0_TMAX15_K67_cod3.opb.xz,25
OPT-LIN/normalized-PB12/sroussel/BA/normalized-BA_RDC4.dot_unif_0null20mast_rapportOE2.0_TMAX180_K67_cod1.opb.xz,25
OPT-LIN/normalized-PB12/sroussel/BA/normalized-BA_RDC4.dot_unif_0null20mast_rapportOE2.0_TMAX180_K67_cod2.opb.xz,19
OPT-LIN/normalized-PB12/sroussel/BA/normalized-BA_RDC4.dot_unif_0null20mast_rapportOE2.0_TMAX180_K67_cod3.opb.xz,25
OPT-LIN/normalized-PB12/sroussel/BA/normalized-BA_RDC4.dot_unif_0null20mast_rapportOE2.0_TMAX300_K67_cod1.opb.xz,25
OPT-LIN/normalized-PB12/sroussel/BA/normalized-BA_RDC4.dot_unif_0null20mast_rapportOE2.0_TMAX300_K67_cod2.opb.xz,19
OPT-LIN/normalized-PB12/sroussel/BA/normalized-BA_RDC4.dot_unif_0null20mast_rapportOE2.0_TMAX300_K67_cod3.opb.xz,25
OPT-LIN/normalized-PB12/sroussel/BA/normalized-BA_RDC4.dot_unif_0null20mast_rapportOE2.0_TMAX60_K67_cod1.opb.xz,25
OPT-LIN/normalized-PB12/sroussel/BA/normalized-BA_RDC4.dot_unif_0null20mast_rapportOE2.0_TMAX60_K67_cod2.opb.xz,19
OPT-LIN/normalized-PB12/sroussel/BA/normalized-BA_RDC4.dot_unif_0null20mast_rapportOE2.0_TMAX60_K67_cod3.opb.xz,25
OPT-LIN/normalized-PB12/sroussel/BA/normalized-BA_RDC4.dot_unif_0null50mast_rapportOE1.0_TMAX120_K67_cod1.opb.xz,25
OPT-LIN/normalized-PB12/sroussel/BA/normalized-BA_RDC4.dot_unif_0null50mast_rapportOE1.0_TMAX120_K67_cod2.opb.xz,19
OPT-LIN/normalized-PB12/sroussel/BA/normalized-BA_RDC4.dot_unif_0null50mast_rapportOE1.0_TMAX120_K67_cod3.opb.xz,25
OPT-LIN/normalized-PB12/sroussel/BA/normalized-BA_RDC4.dot_unif_0null50mast_rapportOE1.0_TMAX15_K67_cod1.opb.xz,25
OPT-LIN/normalized-PB12/sroussel/BA/normalized-BA_RDC4.dot_unif_0null50mast_rapportOE1.0_TMAX15_K67_cod2.opb.xz,19
OPT-LIN/normalized-PB12/sroussel/BA/normalized-BA_RDC4.dot_unif_0null50mast_rapportOE1.0_TMAX15_K67_cod3.opb.xz,25
OPT-LIN/normalized-PB12/sroussel/BA/normalized-BA_RDC4.dot_unif_0null50mast_rapportOE1.0_TMAX180_K67_cod1.opb.xz,25
OPT-LIN/normalized-PB12/sroussel/BA/normalized-BA_RDC4.dot_unif_0null50mast_rapportOE1.0_TMAX180_K67_cod2.opb.xz,19
OPT-LIN/normalized-PB12/sroussel/BA/normalized-BA_RDC4.dot_unif_0null50mast_rapportOE1.0_TMAX180_K67_cod3.opb.xz,25
OPT-LIN/normalized-PB12/sroussel/BA/normalized-BA_RDC4.dot_unif_0null50mast_rapportOE1.0_TMAX300_K67_cod1.opb.xz,25
OPT-LIN/normalized-PB12/sroussel/BA/normalized-BA_RDC4.dot_unif_0null50mast_rapportOE1.0_TMAX300_K67_cod2.opb.xz,19
OPT-LIN/normalized-PB12/sroussel/BA/normalized-BA_RDC4.dot_unif_0null50mast_rapportOE1.0_TMAX300_K67_cod3.opb.xz,25
OPT-LIN/normalized-PB12/sroussel/BA/normalized-BA_RDC4.dot_unif_0null50mast_rapportOE1.0_TMAX60_K67_cod1.opb.xz,25
OPT-LIN/normalized-PB12/sroussel/BA/normalized-BA_RDC4.dot_unif_0null50mast_rapportOE1.0_TMAX60_K67_cod2.opb.xz,19
OPT-LIN/normalized-PB12/sroussel/BA/normalized-BA_RDC4.dot_unif_0null50mast_rapportOE1.0_TMAX60_K67_cod3.opb.xz,25
OPT-LIN/normalized-PB12/sroussel/BA/normalized-BA_RDC4.dot_unif_0null50mast_rapportOE2.0_TMAX120_K67_cod1.opb.xz,25
OPT-LIN/normalized-PB12/sroussel/BA/normalized-BA_RDC4.dot_unif_0null50mast_rapportOE2.0_TMAX120_K67_cod2.opb.xz,19
OPT-LIN/normalized-PB12/sroussel/BA/normalized-BA_RDC4.dot_unif_0null50mast_rapportOE2.0_TMAX120_K67_cod3.opb.xz,25
OPT-LIN/normalized-PB12/sroussel/BA/normalized-BA_RDC4.dot_unif_0null50mast_rapportOE2.0_TMAX15_K67_cod1.opb.xz,25
OPT-LIN/normalized-PB12/sroussel/BA/normalized-BA_RDC4.dot_unif_0null50mast_rapportOE2.0_TMAX15_K67_cod2.opb.xz,19
OPT-LIN/normalized-PB12/sroussel/BA/normalized-BA_RDC4.dot_unif_0null50mast_rapportOE2.0_TMAX15_K67_cod3.opb.xz,25
OPT-LIN/normalized-PB12/sroussel/BA/normalized-BA_RDC4.dot_unif_0null50mast_rapportOE2.0_TMAX180_K67_cod1.opb.xz,25
OPT-LIN/normalized-PB12/sroussel/BA/normalized-BA_RDC4.dot_unif_0null50mast_rapportOE2.0_TMAX180_K67_cod2.opb.xz,19
OPT-LIN/normalized-PB12/sroussel/BA/normalized-BA_RDC4.dot_unif_0null50mast_rapportOE2.0_TMAX180_K67_cod3.opb.xz,25
OPT-LIN/normalized-PB12/sroussel/BA/normalized-BA_RDC4.dot_unif_0null50mast_rapportOE2.0_TMAX300_K67_cod1.opb.xz,25
OPT-LIN/normalized-PB12/sroussel/BA/normalized-BA_RDC4.dot_unif_0null50mast_rapportOE2.0_TMAX300_K67_cod2.opb.xz,19
OPT-LIN/normalized-PB12/sroussel/BA/normalized-BA_RDC4.dot_unif_0null50mast_rapportOE2.0_TMAX300_K67_cod3.opb.xz,25
OPT-LIN/normalized-PB12/sroussel/BA/normalized-BA_RDC4.dot_unif_0null50mast_rapportOE2.0_TMAX60_K67_cod1.opb.xz,25
OPT-LIN/normalized-PB12/sroussel/BA/normalized-BA_RDC4.dot_unif_0null50mast_rapportOE2.0_TMAX60_K67_cod2.opb.xz,19
OPT-LIN/normalized-PB12/sroussel/BA/normalized-BA_RDC4.dot_unif_0null50mast_rapportOE2.0_TMAX60_K67_cod3.opb.xz,25
OPT-LIN/normalized-PB12/sroussel/BA/normalized-BA_RDC4.dot_unif_10null0mast_rapportOE1.0_TMAX120_K67_cod1.opb.xz,24
OPT-LIN/normalized-PB12/sroussel/BA/normalized-BA_RDC4.dot_unif_10null0mast_rapportOE1.0_TMAX120_K67_cod2.opb.xz,18
OPT-LIN/normalized-PB12/sroussel/BA/normalized-BA_RDC4.dot_unif_10null0mast_rapportOE1.0_TMAX120_K67_cod3.opb.xz,24
OPT-LIN/normalized-PB12/sroussel/BA/normalized-BA_RDC4.dot_unif_10null0mast_rapportOE1.0_TMAX15_K67_cod1.opb.xz,24
OPT-LIN/normalized-PB12/sroussel/BA/normalized-BA_RDC4.dot_unif_10null0mast_rapportOE1.0_TMAX15_K67_cod2.opb.xz,18
OPT-LIN/normalized-PB12/sroussel/BA/normalized-BA_RDC4.dot_unif_10null0mast_rapportOE1.0_TMAX15_K67_cod3.opb.xz,24
OPT-LIN/normalized-PB12/sroussel/BA/normalized-BA_RDC4.dot_unif_10null0mast_rapportOE1.0_TMAX180_K67_cod1.opb.xz,24
OPT-LIN/normalized-PB12/sroussel/BA/normalized-BA_RDC4.dot_unif_10null0mast_rapportOE1.0_TMAX180_K67_cod2.opb.xz,18
OPT-LIN/normalized-PB12/sroussel/BA/normalized-BA_RDC4.dot_unif_10null0mast_rapportOE1.0_TMAX180_K67_cod3.opb.xz,24
OPT-LIN/normalized-PB12/sroussel/BA/normalized-BA_RDC4.dot_unif_10null0mast_rapportOE1.0_TMAX300_K67_cod1.opb.xz,24
OPT-LIN/normalized-PB12/sroussel/BA/normalized-BA_RDC4.dot_unif_10null0mast_rapportOE1.0_TMAX300_K67_cod2.opb.xz,18
OPT-LIN/normalized-PB12/sroussel/BA/normalized-BA_RDC4.dot_unif_10null0mast_rapportOE1.0_TMAX300_K67_cod3.opb.xz,24
OPT-LIN/normalized-PB12/sroussel/BA/normalized-BA_RDC4.dot_unif_10null0mast_rapportOE1.0_TMAX60_K67_cod1.opb.xz,24
OPT-LIN/normalized-PB12/sroussel/BA/normalized-BA_RDC4.dot_unif_10null0mast_rapportOE1.0_TMAX60_K67_cod2.opb.xz,18
OPT-LIN/normalized-PB12/sroussel/BA/normalized-BA_RDC4.dot_unif_10null0mast_rapportOE1.0_TMAX60_K67_cod3.opb.xz,24
OPT-LIN/normalized-PB12/sroussel/BA/normalized-BA_RDC4.dot_unif_10null0mast_rapportOE2.0_TMAX120_K67_cod1.opb.xz,24
OPT-LIN/normalized-PB12/sroussel/BA/normalized-BA_RDC4.dot_unif_10null0mast_rapportOE2.0_TMAX120_K67_cod2.opb.xz,18
OPT-LIN/normalized-PB12/sroussel/BA/normalized-BA_RDC4.dot_unif_10null0mast_rapportOE2.0_TMAX120_K67_cod3.opb.xz,24
OPT-LIN/normalized-PB12/sroussel/BA/normalized-BA_RDC4.dot_unif_10null0mast_rapportOE2.0_TMAX15_K67_cod1.opb.xz,24
OPT-LIN/normalized-PB12/sroussel/BA/normalized-BA_RDC4.dot_unif_10null0mast_rapportOE2.0_TMAX15_K67_cod2.opb.xz,18
OPT-LIN/normalized-PB12/sroussel/BA/normalized-BA_RDC4.dot_unif_10null0mast_rapportOE2.0_TMAX15_K67_cod3.opb.xz,24
OPT-LIN/normalized-PB12/sroussel/BA/normalized-BA_RDC4.dot_unif_10null0mast_rapportOE2.0_TMAX180_K67_cod1.opb.xz,24
OPT-LIN/normalized-PB12/sroussel/BA/normalized-BA_RDC4.dot_unif_10null0mast_rapportOE2.0_TMAX180_K67_cod2.opb.xz,18
OPT-LIN/normalized-PB12/sroussel/BA/normalized-BA_RDC4.dot_unif_10null0mast_rapportOE2.0_TMAX180_K67_cod3.opb.xz,24
OPT-LIN/normalized-PB12/sroussel/BA/normalized-BA_RDC4.dot_unif_10null0mast_rapportOE2.0_TMAX300_K67_cod1.opb.xz,24
OPT-LIN/normalized-PB12/sroussel/BA/normalized-BA_RDC4.dot_unif_10null0mast_rapportOE2.0_TMAX300_K67_cod2.opb.xz,18
OPT-LIN/normalized-PB12/sroussel/BA/normalized-BA_RDC4.dot_unif_10null0mast_rapportOE2.0_TMAX300_K67_cod3.opb.xz,24
OPT-LIN/normalized-PB12/sroussel/BA/normalized-BA_RDC4.dot_unif_10null0mast_rapportOE2.0_TMAX60_K67_cod1.opb.xz,24
OPT-LIN/normalized-PB12/sroussel/BA/normalized-BA_RDC4.dot_unif_10null0mast_rapportOE2.0_TMAX60_K67_cod2.opb.xz,18
OPT-LIN/normalized-PB12/sroussel/BA/normalized-BA_RDC4.dot_unif_10null0mast_rapportOE2.0_TMAX60_K67_cod3.opb.xz,24
OPT-LIN/normalized-PB12/sroussel/BA/normalized-BA_RDC4.dot_unif_10null10mast_rapportOE1.0_TMAX120_K67_cod1.opb.xz,24
OPT-LIN/normalized-PB12/sroussel/BA/normalized-BA_RDC4.dot_unif_10null10mast_rapportOE1.0_TMAX120_K67_cod2.opb.xz,18
OPT-LIN/normalized-PB12/sroussel/BA/normalized-BA_RDC4.dot_unif_10null10mast_rapportOE1.0_TMAX120_K67_cod3.opb.xz,24
OPT-LIN/normalized-PB12/sroussel/BA/normalized-BA_RDC4.dot_unif_10null10mast_rapportOE1.0_TMAX15_K67_cod1.opb.xz,24
OPT-LIN/normalized-PB12/sroussel/BA/normalized-BA_RDC4.dot_unif_10null10mast_rapportOE1.0_TMAX15_K67_cod2.opb.xz,18
OPT-LIN/normalized-PB12/sroussel/BA/normalized-BA_RDC4.dot_unif_10null10mast_rapportOE1.0_TMAX15_K67_cod3.opb.xz,24
OPT-LIN/normalized-PB12/sroussel/BA/normalized-BA_RDC4.dot_unif_10null10mast_rapportOE1.0_TMAX180_K67_cod1.opb.xz,24
OPT-LIN/normalized-PB12/sroussel/BA/normalized-BA_RDC4.dot_unif_10null10mast_rapportOE1.0_TMAX180_K67_cod2.opb.xz,18
OPT-LIN/normalized-PB12/sroussel/BA/normalized-BA_RDC4.dot_unif_10null10mast_rapportOE1.0_TMAX180_K67_cod3.opb.xz,24
OPT-LIN/normalized-PB12/sroussel/BA/normalized-BA_RDC4.dot_unif_10null10mast_rapportOE1.0_TMAX300_K67_cod1.opb.xz,24
OPT-LIN/normalized-PB12/sroussel/BA/normalized-BA_RDC4.dot_unif_10null10mast_rapportOE1.0_TMAX300_K67_cod2.opb.xz,18
OPT-LIN/normalized-PB12/sroussel/BA/normalized-BA_RDC4.dot_unif_10null10mast_rapportOE1.0_TMAX300_K67_cod3.opb.xz,24
OPT-LIN/normalized-PB12/sroussel/BA/normalized-BA_RDC4.dot_unif_10null10mast_rapportOE1.0_TMAX60_K67_cod1.opb.xz,24
OPT-LIN/normalized-PB12/sroussel/BA/normalized-BA_RDC4.dot_unif_10null10mast_rapportOE1.0_TMAX60_K67_cod2.opb.xz,18
OPT-LIN/normalized-PB12/sroussel/BA/normalized-BA_RDC4.dot_unif_10null10mast_rapportOE1.0_TMAX60_K67_cod3.opb.xz,24
OPT-LIN/normalized-PB12/sroussel/BA/normalized-BA_RDC4.dot_unif_10null10mast_rapportOE2.0_TMAX120_K67_cod1.opb.xz,24
OPT-LIN/normalized-PB12/sroussel/BA/normalized-BA_RDC4.dot_unif_10null10mast_rapportOE2.0_TMAX120_K67_cod2.opb.xz,18
OPT-LIN/normalized-PB12/sroussel/BA/normalized-BA_RDC4.dot_unif_10null10mast_rapportOE2.0_TMAX120_K67_cod3.opb.xz,24
OPT-LIN/normalized-PB12/sroussel/BA/normalized-BA_RDC4.dot_unif_10null10mast_rapportOE2.0_TMAX15_K67_cod1.opb.xz,24
OPT-LIN/normalized-PB12/sroussel/BA/normalized-BA_RDC4.dot_unif_10null10mast_rapportOE2.0_TMAX15_K67_cod2.opb.xz,18
OPT-LIN/normalized-PB12/sroussel/BA/normalized-BA_RDC4.dot_unif_10null10mast_rapportOE2.0_TMAX15_K67_cod3.opb.xz,24
OPT-LIN/normalized-PB12/sroussel/BA/normalized-BA_RDC4.dot_unif_10null10mast_rapportOE2.0_TMAX180_K67_cod1.opb.xz,24
OPT-LIN/normalized-PB12/sroussel/BA/normalized-BA_RDC4.dot_unif_10null10mast_rapportOE2.0_TMAX180_K67_cod2.opb.xz,18
OPT-LIN/normalized-PB12/sroussel/BA/normalized-BA_RDC4.dot_unif_10null10mast_rapportOE2.0_TMAX180_K67_cod3.opb.xz,24
OPT-LIN/normalized-PB12/sroussel/BA/normalized-BA_RDC4.dot_unif_10null10mast_rapportOE2.0_TMAX300_K67_cod1.opb.xz,25
OPT-LIN/normalized-PB12/sroussel/BA/normalized-BA_RDC4.dot_unif_10null10mast_rapportOE2.0_TMAX300_K67_cod2.opb.xz,18
OPT-LIN/normalized-PB12/sroussel/BA/normalized-BA_RDC4.dot_unif_10null10mast_rapportOE2.0_TMAX300_K67_cod3.opb.xz,24
OPT-LIN/normalized-PB12/sroussel/BA/normalized-BA_RDC4.dot_unif_10null10mast_rapportOE2.0_TMAX60_K67_cod1.opb.xz,24
OPT-LIN/normalized-PB12/sroussel/BA/normalized-BA_RDC4.dot_unif_10null10mast_rapportOE2.0_TMAX60_K67_cod2.opb.xz,18
OPT-LIN/normalized-PB12/sroussel/BA/normalized-BA_RDC4.dot_unif_10null10mast_rapportOE2.0_TMAX60_K67_cod3.opb.xz,25
OPT-LIN/normalized-PB12/sroussel/BA/normalized-BA_RDC4.dot_unif_10null20mast_rapportOE1.0_TMAX120_K67_cod1.opb.xz,25
OPT-LIN/normalized-PB12/sroussel/BA/normalized-BA_RDC4.dot_unif_10null20mast_rapportOE1.0_TMAX120_K67_cod2.opb.xz,19
OPT-LIN/normalized-PB12/sroussel/BA/normalized-BA_RDC4.dot_unif_10null20mast_rapportOE1.0_TMAX120_K67_cod3.opb.xz,25
OPT-LIN/normalized-PB12/sroussel/BA/normalized-BA_RDC4.dot_unif_10null20mast_rapportOE1.0_TMAX15_K67_cod1.opb.xz,25
OPT-LIN/normalized-PB12/sroussel/BA/normalized-BA_RDC4.dot_unif_10null20mast_rapportOE1.0_TMAX15_K67_cod2.opb.xz,18
OPT-LIN/normalized-PB12/sroussel/BA/normalized-BA_RDC4.dot_unif_10null20mast_rapportOE1.0_TMAX15_K67_cod3.opb.xz,25
OPT-LIN/normalized-PB12/sroussel/BA/normalized-BA_RDC4.dot_unif_10null20mast_rapportOE1.0_TMAX180_K67_cod1.opb.xz,25
OPT-LIN/normalized-PB12/sroussel/BA/normalized-BA_RDC4.dot_unif_10null20mast_rapportOE1.0_TMAX180_K67_cod2.opb.xz,18
OPT-LIN/normalized-PB12/sroussel/BA/normalized-BA_RDC4.dot_unif_10null20mast_rapportOE1.0_TMAX180_K67_cod3.opb.xz,25
OPT-LIN/normalized-PB12/sroussel/BA/normalized-BA_RDC4.dot_unif_10null20mast_rapportOE1.0_TMAX300_K67_cod1.opb.xz,25
OPT-LIN/normalized-PB12/sroussel/BA/normalized-BA_RDC4.dot_unif_10null20mast_rapportOE1.0_TMAX300_K67_cod2.opb.xz,19
OPT-LIN/normalized-PB12/sroussel/BA/normalized-BA_RDC4.dot_unif_10null20mast_rapportOE1.0_TMAX300_K67_cod3.opb.xz,25
OPT-LIN/normalized-PB12/sroussel/BA/normalized-BA_RDC4.dot_unif_10null20mast_rapportOE1.0_TMAX60_K67_cod1.opb.xz,25
OPT-LIN/normalized-PB12/sroussel/BA/normalized-BA_RDC4.dot_unif_10null20mast_rapportOE1.0_TMAX60_K67_cod2.opb.xz,19
OPT-LIN/normalized-PB12/sroussel/BA/normalized-BA_RDC4.dot_unif_10null20mast_rapportOE1.0_TMAX60_K67_cod3.opb.xz,25
OPT-LIN/normalized-PB12/sroussel/BA/normalized-BA_RDC4.dot_unif_10null20mast_rapportOE2.0_TMAX120_K67_cod1.opb.xz,25
OPT-LIN/normalized-PB12/sroussel/BA/normalized-BA_RDC4.dot_unif_10null20mast_rapportOE2.0_TMAX120_K67_cod2.opb.xz,19
OPT-LIN/normalized-PB12/sroussel/BA/normalized-BA_RDC4.dot_unif_10null20mast_rapportOE2.0_TMAX120_K67_cod3.opb.xz,25
OPT-LIN/normalized-PB12/sroussel/BA/normalized-BA_RDC4.dot_unif_10null20mast_rapportOE2.0_TMAX15_K67_cod1.opb.xz,25
OPT-LIN/normalized-PB12/sroussel/BA/normalized-BA_RDC4.dot_unif_10null20mast_rapportOE2.0_TMAX15_K67_cod2.opb.xz,19
OPT-LIN/normalized-PB12/sroussel/BA/normalized-BA_RDC4.dot_unif_10null20mast_rapportOE2.0_TMAX15_K67_cod3.opb.xz,25
OPT-LIN/normalized-PB12/sroussel/BA/normalized-BA_RDC4.dot_unif_10null20mast_rapportOE2.0_TMAX180_K67_cod1.opb.xz,25
OPT-LIN/normalized-PB12/sroussel/BA/normalized-BA_RDC4.dot_unif_10null20mast_rapportOE2.0_TMAX180_K67_cod2.opb.xz,19
OPT-LIN/normalized-PB12/sroussel/BA/normalized-BA_RDC4.dot_unif_10null20mast_rapportOE2.0_TMAX180_K67_cod3.opb.xz,25
OPT-LIN/normalized-PB12/sroussel/BA/normalized-BA_RDC4.dot_unif_10null20mast_rapportOE2.0_TMAX300_K67_cod1.opb.xz,25
OPT-LIN/normalized-PB12/sroussel/BA/normalized-BA_RDC4.dot_unif_10null20mast_rapportOE2.0_TMAX300_K67_cod2.opb.xz,19
OPT-LIN/normalized-PB12/sroussel/BA/normalized-BA_RDC4.dot_unif_10null20mast_rapportOE2.0_TMAX300_K67_cod3.opb.xz,25
OPT-LIN/normalized-PB12/sroussel/BA/normalized-BA_RDC4.dot_unif_10null20mast_rapportOE2.0_TMAX60_K67_cod1.opb.xz,25
OPT-LIN/normalized-PB12/sroussel/BA/normalized-BA_RDC4.dot_unif_10null20mast_rapportOE2.0_TMAX60_K67_cod2.opb.xz,19
OPT-LIN/normalized-PB12/sroussel/BA/normalized-BA_RDC4.dot_unif_10null20mast_rapportOE2.0_TMAX60_K67_cod3.opb.xz,25
OPT-LIN/normalized-PB12/sroussel/BA/normalized-BA_RDC4.dot_unif_10null50mast_rapportOE1.0_TMAX120_K67_cod1.opb.xz,25
OPT-LIN/normalized-PB12/sroussel/BA/normalized-BA_RDC4.dot_unif_10null50mast_rapportOE1.0_TMAX120_K67_cod2.opb.xz,19
OPT-LIN/normalized-PB12/sroussel/BA/normalized-BA_RDC4.dot_unif_10null50mast_rapportOE1.0_TMAX120_K67_cod3.opb.xz,25
OPT-LIN/normalized-PB12/sroussel/BA/normalized-BA_RDC4.dot_unif_10null50mast_rapportOE1.0_TMAX15_K67_cod1.opb.xz,25
OPT-LIN/normalized-PB12/sroussel/BA/normalized-BA_RDC4.dot_unif_10null50mast_rapportOE1.0_TMAX15_K67_cod2.opb.xz,19
OPT-LIN/normalized-PB12/sroussel/BA/normalized-BA_RDC4.dot_unif_10null50mast_rapportOE1.0_TMAX15_K67_cod3.opb.xz,25
OPT-LIN/normalized-PB12/sroussel/BA/normalized-BA_RDC4.dot_unif_10null50mast_rapportOE1.0_TMAX180_K67_cod1.opb.xz,25
OPT-LIN/normalized-PB12/sroussel/BA/normalized-BA_RDC4.dot_unif_10null50mast_rapportOE1.0_TMAX180_K67_cod2.opb.xz,19
OPT-LIN/normalized-PB12/sroussel/BA/normalized-BA_RDC4.dot_unif_10null50mast_rapportOE1.0_TMAX180_K67_cod3.opb.xz,25
OPT-LIN/normalized-PB12/sroussel/BA/normalized-BA_RDC4.dot_unif_10null50mast_rapportOE1.0_TMAX300_K67_cod1.opb.xz,25
OPT-LIN/normalized-PB12/sroussel/BA/normalized-BA_RDC4.dot_unif_10null50mast_rapportOE1.0_TMAX300_K67_cod2.opb.xz,19
OPT-LIN/normalized-PB12/sroussel/BA/normalized-BA_RDC4.dot_unif_10null50mast_rapportOE1.0_TMAX300_K67_cod3.opb.xz,25
OPT-LIN/normalized-PB12/sroussel/BA/normalized-BA_RDC4.dot_unif_10null50mast_rapportOE1.0_TMAX60_K67_cod1.opb.xz,25
OPT-LIN/normalized-PB12/sroussel/BA/normalized-BA_RDC4.dot_unif_10null50mast_rapportOE1.0_TMAX60_K67_cod2.opb.xz,19
OPT-LIN/normalized-PB12/sroussel/BA/normalized-BA_RDC4.dot_unif_10null50mast_rapportOE1.0_TMAX60_K67_cod3.opb.xz,25
OPT-LIN/normalized-PB12/sroussel/BA/normalized-BA_RDC4.dot_unif_10null50mast_rapportOE2.0_TMAX120_K67_cod1.opb.xz,25
OPT-LIN/normalized-PB12/sroussel/BA/normalized-BA_RDC4.dot_unif_10null50mast_rapportOE2.0_TMAX120_K67_cod2.opb.xz,19
OPT-LIN/normalized-PB12/sroussel/BA/normalized-BA_RDC4.dot_unif_10null50mast_rapportOE2.0_TMAX120_K67_cod3.opb.xz,25
OPT-LIN/normalized-PB12/sroussel/BA/normalized-BA_RDC4.dot_unif_10null50mast_rapportOE2.0_TMAX15_K67_cod1.opb.xz,25
OPT-LIN/normalized-PB12/sroussel/BA/normalized-BA_RDC4.dot_unif_10null50mast_rapportOE2.0_TMAX15_K67_cod2.opb.xz,19
OPT-LIN/normalized-PB12/sroussel/BA/normalized-BA_RDC4.dot_unif_10null50mast_rapportOE2.0_TMAX15_K67_cod3.opb.xz,25
OPT-LIN/normalized-PB12/sroussel/BA/normalized-BA_RDC4.dot_unif_10null50mast_rapportOE2.0_TMAX180_K67_cod1.opb.xz,25
OPT-LIN/normalized-PB12/sroussel/BA/normalized-BA_RDC4.dot_unif_10null50mast_rapportOE2.0_TMAX180_K67_cod2.opb.xz,19
OPT-LIN/normalized-PB12/sroussel/BA/normalized-BA_RDC4.dot_unif_10null50mast_rapportOE2.0_TMAX180_K67_cod3.opb.xz,25
OPT-LIN/normalized-PB12/sroussel/BA/normalized-BA_RDC4.dot_unif_10null50mast_rapportOE2.0_TMAX300_K67_cod1.opb.xz,25
OPT-LIN/normalized-PB12/sroussel/BA/normalized-BA_RDC4.dot_unif_10null50mast_rapportOE2.0_TMAX300_K67_cod2.opb.xz,19
OPT-LIN/normalized-PB12/sroussel/BA/normalized-BA_RDC4.dot_unif_10null50mast_rapportOE2.0_TMAX300_K67_cod3.opb.xz,25
OPT-LIN/normalized-PB12/sroussel/BA/normalized-BA_RDC4.dot_unif_10null50mast_rapportOE2.0_TMAX60_K67_cod1.opb.xz,25
OPT-LIN/normalized-PB12/sroussel/BA/normalized-BA_RDC4.dot_unif_10null50mast_rapportOE2.0_TMAX60_K67_cod2.opb.xz,19
OPT-LIN/normalized-PB12/sroussel/BA/normalized-BA_RDC4.dot_unif_10null50mast_rapportOE2.0_TMAX60_K67_cod3.opb.xz,25
OPT-LIN/normalized-PB12/sroussel/BA/normalized-BA_RDC4.dot_unif_20null0mast_rapportOE1.0_TMAX120_K67_cod1.opb.xz,24
OPT-LIN/normalized-PB12/sroussel/BA/normalized-BA_RDC4.dot_unif_20null0mast_rapportOE1.0_TMAX120_K67_cod2.opb.xz,18
OPT-LIN/normalized-PB12/sroussel/BA/normalized-BA_RDC4.dot_unif_20null0mast_rapportOE1.0_TMAX120_K67_cod3.opb.xz,24
OPT-LIN/normalized-PB12/sroussel/BA/normalized-BA_RDC4.dot_unif_20null0mast_rapportOE1.0_TMAX15_K67_cod1.opb.xz,24
OPT-LIN/normalized-PB12/sroussel/BA/normalized-BA_RDC4.dot_unif_20null0mast_rapportOE1.0_TMAX15_K67_cod2.opb.xz,18
OPT-LIN/normalized-PB12/sroussel/BA/normalized-BA_RDC4.dot_unif_20null0mast_rapportOE1.0_TMAX15_K67_cod3.opb.xz,24
OPT-LIN/normalized-PB12/sroussel/BA/normalized-BA_RDC4.dot_unif_20null0mast_rapportOE1.0_TMAX180_K67_cod1.opb.xz,24
OPT-LIN/normalized-PB12/sroussel/BA/normalized-BA_RDC4.dot_unif_20null0mast_rapportOE1.0_TMAX180_K67_cod2.opb.xz,18
OPT-LIN/normalized-PB12/sroussel/BA/normalized-BA_RDC4.dot_unif_20null0mast_rapportOE1.0_TMAX180_K67_cod3.opb.xz,24
OPT-LIN/normalized-PB12/sroussel/BA/normalized-BA_RDC4.dot_unif_20null0mast_rapportOE1.0_TMAX300_K67_cod1.opb.xz,24
OPT-LIN/normalized-PB12/sroussel/BA/normalized-BA_RDC4.dot_unif_20null0mast_rapportOE1.0_TMAX300_K67_cod2.opb.xz,18
OPT-LIN/normalized-PB12/sroussel/BA/normalized-BA_RDC4.dot_unif_20null0mast_rapportOE1.0_TMAX300_K67_cod3.opb.xz,24
OPT-LIN/normalized-PB12/sroussel/BA/normalized-BA_RDC4.dot_unif_20null0mast_rapportOE1.0_TMAX60_K67_cod1.opb.xz,24
OPT-LIN/normalized-PB12/sroussel/BA/normalized-BA_RDC4.dot_unif_20null0mast_rapportOE1.0_TMAX60_K67_cod2.opb.xz,18
OPT-LIN/normalized-PB12/sroussel/BA/normalized-BA_RDC4.dot_unif_20null0mast_rapportOE1.0_TMAX60_K67_cod3.opb.xz,24
OPT-LIN/normalized-PB12/sroussel/BA/normalized-BA_RDC4.dot_unif_20null0mast_rapportOE2.0_TMAX120_K67_cod1.opb.xz,24
OPT-LIN/normalized-PB12/sroussel/BA/normalized-BA_RDC4.dot_unif_20null0mast_rapportOE2.0_TMAX120_K67_cod2.opb.xz,18
OPT-LIN/normalized-PB12/sroussel/BA/normalized-BA_RDC4.dot_unif_20null0mast_rapportOE2.0_TMAX120_K67_cod3.opb.xz,24
OPT-LIN/normalized-PB12/sroussel/BA/normalized-BA_RDC4.dot_unif_20null0mast_rapportOE2.0_TMAX15_K67_cod1.opb.xz,24
OPT-LIN/normalized-PB12/sroussel/BA/normalized-BA_RDC4.dot_unif_20null0mast_rapportOE2.0_TMAX15_K67_cod2.opb.xz,18
OPT-LIN/normalized-PB12/sroussel/BA/normalized-BA_RDC4.dot_unif_20null0mast_rapportOE2.0_TMAX15_K67_cod3.opb.xz,24
OPT-LIN/normalized-PB12/sroussel/BA/normalized-BA_RDC4.dot_unif_20null0mast_rapportOE2.0_TMAX180_K67_cod1.opb.xz,24
OPT-LIN/normalized-PB12/sroussel/BA/normalized-BA_RDC4.dot_unif_20null0mast_rapportOE2.0_TMAX180_K67_cod2.opb.xz,18
OPT-LIN/normalized-PB12/sroussel/BA/normalized-BA_RDC4.dot_unif_20null0mast_rapportOE2.0_TMAX180_K67_cod3.opb.xz,24
OPT-LIN/normalized-PB12/sroussel/BA/normalized-BA_RDC4.dot_unif_20null0mast_rapportOE2.0_TMAX300_K67_cod1.opb.xz,24
OPT-LIN/normalized-PB12/sroussel/BA/normalized-BA_RDC4.dot_unif_20null0mast_rapportOE2.0_TMAX300_K67_cod2.opb.xz,18
OPT-LIN/normalized-PB12/sroussel/BA/normalized-BA_RDC4.dot_unif_20null0mast_rapportOE2.0_TMAX300_K67_cod3.opb.xz,24
OPT-LIN/normalized-PB12/sroussel/BA/normalized-BA_RDC4.dot_unif_20null0mast_rapportOE2.0_TMAX60_K67_cod1.opb.xz,24
OPT-LIN/normalized-PB12/sroussel/BA/normalized-BA_RDC4.dot_unif_20null0mast_rapportOE2.0_TMAX60_K67_cod2.opb.xz,18
OPT-LIN/normalized-PB12/sroussel/BA/normalized-BA_RDC4.dot_unif_20null0mast_rapportOE2.0_TMAX60_K67_cod3.opb.xz,24
OPT-LIN/normalized-PB12/sroussel/BA/normalized-BA_RDC4.dot_unif_20null10mast_rapportOE1.0_TMAX120_K67_cod1.opb.xz,24
OPT-LIN/normalized-PB12/sroussel/BA/normalized-BA_RDC4.dot_unif_20null10mast_rapportOE1.0_TMAX120_K67_cod2.opb.xz,18
OPT-LIN/normalized-PB12/sroussel/BA/normalized-BA_RDC4.dot_unif_20null10mast_rapportOE1.0_TMAX120_K67_cod3.opb.xz,24
OPT-LIN/normalized-PB12/sroussel/BA/normalized-BA_RDC4.dot_unif_20null10mast_rapportOE1.0_TMAX15_K67_cod1.opb.xz,24
OPT-LIN/normalized-PB12/sroussel/BA/normalized-BA_RDC4.dot_unif_20null10mast_rapportOE1.0_TMAX15_K67_cod2.opb.xz,18
OPT-LIN/normalized-PB12/sroussel/BA/normalized-BA_RDC4.dot_unif_20null10mast_rapportOE1.0_TMAX15_K67_cod3.opb.xz,24
OPT-LIN/normalized-PB12/sroussel/BA/normalized-BA_RDC4.dot_unif_20null10mast_rapportOE1.0_TMAX180_K67_cod1.opb.xz,24
OPT-LIN/normalized-PB12/sroussel/BA/normalized-BA_RDC4.dot_unif_20null10mast_rapportOE1.0_TMAX180_K67_cod2.opb.xz,18
OPT-LIN/normalized-PB12/sroussel/BA/normalized-BA_RDC4.dot_unif_20null10mast_rapportOE1.0_TMAX180_K67_cod3.opb.xz,24
OPT-LIN/normalized-PB12/sroussel/BA/normalized-BA_RDC4.dot_unif_20null10mast_rapportOE1.0_TMAX300_K67_cod1.opb.xz,24
OPT-LIN/normalized-PB12/sroussel/BA/normalized-BA_RDC4.dot_unif_20null10mast_rapportOE1.0_TMAX300_K67_cod2.opb.xz,18
OPT-LIN/normalized-PB12/sroussel/BA/normalized-BA_RDC4.dot_unif_20null10mast_rapportOE1.0_TMAX300_K67_cod3.opb.xz,24
OPT-LIN/normalized-PB12/sroussel/BA/normalized-BA_RDC4.dot_unif_20null10mast_rapportOE1.0_TMAX60_K67_cod1.opb.xz,24
OPT-LIN/normalized-PB12/sroussel/BA/normalized-BA_RDC4.dot_unif_20null10mast_rapportOE1.0_TMAX60_K67_cod2.opb.xz,18
OPT-LIN/normalized-PB12/sroussel/BA/normalized-BA_RDC4.dot_unif_20null10mast_rapportOE1.0_TMAX60_K67_cod3.opb.xz,24
OPT-LIN/normalized-PB12/sroussel/BA/normalized-BA_RDC4.dot_unif_20null10mast_rapportOE2.0_TMAX120_K67_cod1.opb.xz,24
OPT-LIN/normalized-PB12/sroussel/BA/normalized-BA_RDC4.dot_unif_20null10mast_rapportOE2.0_TMAX120_K67_cod2.opb.xz,18
OPT-LIN/normalized-PB12/sroussel/BA/normalized-BA_RDC4.dot_unif_20null10mast_rapportOE2.0_TMAX120_K67_cod3.opb.xz,24
OPT-LIN/normalized-PB12/sroussel/BA/normalized-BA_RDC4.dot_unif_20null10mast_rapportOE2.0_TMAX15_K67_cod1.opb.xz,24
OPT-LIN/normalized-PB12/sroussel/BA/normalized-BA_RDC4.dot_unif_20null10mast_rapportOE2.0_TMAX15_K67_cod2.opb.xz,18
OPT-LIN/normalized-PB12/sroussel/BA/normalized-BA_RDC4.dot_unif_20null10mast_rapportOE2.0_TMAX15_K67_cod3.opb.xz,24
OPT-LIN/normalized-PB12/sroussel/BA/normalized-BA_RDC4.dot_unif_20null10mast_rapportOE2.0_TMAX180_K67_cod1.opb.xz,24
OPT-LIN/normalized-PB12/sroussel/BA/normalized-BA_RDC4.dot_unif_20null10mast_rapportOE2.0_TMAX180_K67_cod2.opb.xz,18
OPT-LIN/normalized-PB12/sroussel/BA/normalized-BA_RDC4.dot_unif_20null10mast_rapportOE2.0_TMAX180_K67_cod3.opb.xz,24
OPT-LIN/normalized-PB12/sroussel/BA/normalized-BA_RDC4.dot_unif_20null10mast_rapportOE2.0_TMAX300_K67_cod1.opb.xz,24
OPT-LIN/normalized-PB12/sroussel/BA/normalized-BA_RDC4.dot_unif_20null10mast_rapportOE2.0_TMAX300_K67_cod2.opb.xz,18
OPT-LIN/normalized-PB12/sroussel/BA/normalized-BA_RDC4.dot_unif_20null10mast_rapportOE2.0_TMAX300_K67_cod3.opb.xz,24
OPT-LIN/normalized-PB12/sroussel/BA/normalized-BA_RDC4.dot_unif_20null10mast_rapportOE2.0_TMAX60_K67_cod1.opb.xz,24
OPT-LIN/normalized-PB12/sroussel/BA/normalized-BA_RDC4.dot_unif_20null10mast_rapportOE2.0_TMAX60_K67_cod2.opb.xz,18
OPT-LIN/normalized-PB12/sroussel/BA/normalized-BA_RDC4.dot_unif_20null10mast_rapportOE2.0_TMAX60_K67_cod3.opb.xz,24
OPT-LIN/normalized-PB12/sroussel/BA/normalized-BA_RDC4.dot_unif_20null20mast_rapportOE1.0_TMAX120_K67_cod1.opb.xz,24
OPT-LIN/normalized-PB12/sroussel/BA/normalized-BA_RDC4.dot_unif_20null20mast_rapportOE1.0_TMAX120_K67_cod2.opb.xz,18
OPT-LIN/normalized-PB12/sroussel/BA/normalized-BA_RDC4.dot_unif_20null20mast_rapportOE1.0_TMAX120_K67_cod3.opb.xz,24
OPT-LIN/normalized-PB12/sroussel/BA/normalized-BA_RDC4.dot_unif_20null20mast_rapportOE1.0_TMAX15_K67_cod1.opb.xz,24
OPT-LIN/normalized-PB12/sroussel/BA/normalized-BA_RDC4.dot_unif_20null20mast_rapportOE1.0_TMAX15_K67_cod2.opb.xz,18
OPT-LIN/normalized-PB12/sroussel/BA/normalized-BA_RDC4.dot_unif_20null20mast_rapportOE1.0_TMAX15_K67_cod3.opb.xz,24
OPT-LIN/normalized-PB12/sroussel/BA/normalized-BA_RDC4.dot_unif_20null20mast_rapportOE1.0_TMAX180_K67_cod1.opb.xz,24
OPT-LIN/normalized-PB12/sroussel/BA/normalized-BA_RDC4.dot_unif_20null20mast_rapportOE1.0_TMAX180_K67_cod2.opb.xz,18
OPT-LIN/normalized-PB12/sroussel/BA/normalized-BA_RDC4.dot_unif_20null20mast_rapportOE1.0_TMAX180_K67_cod3.opb.xz,24
OPT-LIN/normalized-PB12/sroussel/BA/normalized-BA_RDC4.dot_unif_20null20mast_rapportOE1.0_TMAX300_K67_cod1.opb.xz,24
OPT-LIN/normalized-PB12/sroussel/BA/normalized-BA_RDC4.dot_unif_20null20mast_rapportOE1.0_TMAX300_K67_cod2.opb.xz,18
OPT-LIN/normalized-PB12/sroussel/BA/normalized-BA_RDC4.dot_unif_20null20mast_rapportOE1.0_TMAX300_K67_cod3.opb.xz,24
OPT-LIN/normalized-PB12/sroussel/BA/normalized-BA_RDC4.dot_unif_20null20mast_rapportOE1.0_TMAX60_K67_cod1.opb.xz,24
OPT-LIN/normalized-PB12/sroussel/BA/normalized-BA_RDC4.dot_unif_20null20mast_rapportOE1.0_TMAX60_K67_cod2.opb.xz,18
OPT-LIN/normalized-PB12/sroussel/BA/normalized-BA_RDC4.dot_unif_20null20mast_rapportOE1.0_TMAX60_K67_cod3.opb.xz,24
OPT-LIN/normalized-PB12/sroussel/BA/normalized-BA_RDC4.dot_unif_20null20mast_rapportOE2.0_TMAX120_K67_cod1.opb.xz,24
OPT-LIN/normalized-PB12/sroussel/BA/normalized-BA_RDC4.dot_unif_20null20mast_rapportOE2.0_TMAX120_K67_cod2.opb.xz,18
OPT-LIN/normalized-PB12/sroussel/BA/normalized-BA_RDC4.dot_unif_20null20mast_rapportOE2.0_TMAX120_K67_cod3.opb.xz,24
OPT-LIN/normalized-PB12/sroussel/BA/normalized-BA_RDC4.dot_unif_20null20mast_rapportOE2.0_TMAX15_K67_cod1.opb.xz,24
OPT-LIN/normalized-PB12/sroussel/BA/normalized-BA_RDC4.dot_unif_20null20mast_rapportOE2.0_TMAX15_K67_cod2.opb.xz,18
OPT-LIN/normalized-PB12/sroussel/BA/normalized-BA_RDC4.dot_unif_20null20mast_rapportOE2.0_TMAX15_K67_cod3.opb.xz,24
OPT-LIN/normalized-PB12/sroussel/BA/normalized-BA_RDC4.dot_unif_20null20mast_rapportOE2.0_TMAX180_K67_cod1.opb.xz,24
OPT-LIN/normalized-PB12/sroussel/BA/normalized-BA_RDC4.dot_unif_20null20mast_rapportOE2.0_TMAX180_K67_cod2.opb.xz,18
OPT-LIN/normalized-PB12/sroussel/BA/normalized-BA_RDC4.dot_unif_20null20mast_rapportOE2.0_TMAX180_K67_cod3.opb.xz,24
OPT-LIN/normalized-PB12/sroussel/BA/normalized-BA_RDC4.dot_unif_20null20mast_rapportOE2.0_TMAX300_K67_cod1.opb.xz,24
OPT-LIN/normalized-PB12/sroussel/BA/normalized-BA_RDC4.dot_unif_20null20mast_rapportOE2.0_TMAX300_K67_cod2.opb.xz,18
OPT-LIN/normalized-PB12/sroussel/BA/normalized-BA_RDC4.dot_unif_20null20mast_rapportOE2.0_TMAX300_K67_cod3.opb.xz,24
OPT-LIN/normalized-PB12/sroussel/BA/normalized-BA_RDC4.dot_unif_20null20mast_rapportOE2.0_TMAX60_K67_cod1.opb.xz,24
OPT-LIN/normalized-PB12/sroussel/BA/normalized-BA_RDC4.dot_unif_20null20mast_rapportOE2.0_TMAX60_K67_cod2.opb.xz,18
OPT-LIN/normalized-PB12/sroussel/BA/normalized-BA_RDC4.dot_unif_20null20mast_rapportOE2.0_TMAX60_K67_cod3.opb.xz,24
OPT-LIN/normalized-PB12/sroussel/BA/normalized-BA_RDC4.dot_unif_20null50mast_rapportOE1.0_TMAX120_K67_cod1.opb.xz,25
OPT-LIN/normalized-PB12/sroussel/BA/normalized-BA_RDC4.dot_unif_20null50mast_rapportOE1.0_TMAX120_K67_cod2.opb.xz,19
OPT-LIN/normalized-PB12/sroussel/BA/normalized-BA_RDC4.dot_unif_20null50mast_rapportOE1.0_TMAX120_K67_cod3.opb.xz,25
OPT-LIN/normalized-PB12/sroussel/BA/normalized-BA_RDC4.dot_unif_20null50mast_rapportOE1.0_TMAX15_K67_cod1.opb.xz,25
OPT-LIN/normalized-PB12/sroussel/BA/normalized-BA_RDC4.dot_unif_20null50mast_rapportOE1.0_TMAX15_K67_cod2.opb.xz,19
OPT-LIN/normalized-PB12/sroussel/BA/normalized-BA_RDC4.dot_unif_20null50mast_rapportOE1.0_TMAX15_K67_cod3.opb.xz,25
OPT-LIN/normalized-PB12/sroussel/BA/normalized-BA_RDC4.dot_unif_20null50mast_rapportOE1.0_TMAX180_K67_cod1.opb.xz,25
OPT-LIN/normalized-PB12/sroussel/BA/normalized-BA_RDC4.dot_unif_20null50mast_rapportOE1.0_TMAX180_K67_cod2.opb.xz,19
OPT-LIN/normalized-PB12/sroussel/BA/normalized-BA_RDC4.dot_unif_20null50mast_rapportOE1.0_TMAX180_K67_cod3.opb.xz,25
OPT-LIN/normalized-PB12/sroussel/BA/normalized-BA_RDC4.dot_unif_20null50mast_rapportOE1.0_TMAX300_K67_cod1.opb.xz,25
OPT-LIN/normalized-PB12/sroussel/BA/normalized-BA_RDC4.dot_unif_20null50mast_rapportOE1.0_TMAX300_K67_cod2.opb.xz,19
OPT-LIN/normalized-PB12/sroussel/BA/normalized-BA_RDC4.dot_unif_20null50mast_rapportOE1.0_TMAX300_K67_cod3.opb.xz,25
OPT-LIN/normalized-PB12/sroussel/BA/normalized-BA_RDC4.dot_unif_20null50mast_rapportOE1.0_TMAX60_K67_cod1.opb.xz,25
OPT-LIN/normalized-PB12/sroussel/BA/normalized-BA_RDC4.dot_unif_20null50mast_rapportOE1.0_TMAX60_K67_cod2.opb.xz,19
OPT-LIN/normalized-PB12/sroussel/BA/normalized-BA_RDC4.dot_unif_20null50mast_rapportOE1.0_TMAX60_K67_cod3.opb.xz,25
OPT-LIN/normalized-PB12/sroussel/BA/normalized-BA_RDC4.dot_unif_20null50mast_rapportOE2.0_TMAX120_K67_cod1.opb.xz,25
OPT-LIN/normalized-PB12/sroussel/BA/normalized-BA_RDC4.dot_unif_20null50mast_rapportOE2.0_TMAX120_K67_cod2.opb.xz,19
OPT-LIN/normalized-PB12/sroussel/BA/normalized-BA_RDC4.dot_unif_20null50mast_rapportOE2.0_TMAX120_K67_cod3.opb.xz,25
OPT-LIN/normalized-PB12/sroussel/BA/normalized-BA_RDC4.dot_unif_20null50mast_rapportOE2.0_TMAX15_K67_cod1.opb.xz,25
OPT-LIN/normalized-PB12/sroussel/BA/normalized-BA_RDC4.dot_unif_20null50mast_rapportOE2.0_TMAX15_K67_cod2.opb.xz,19
OPT-LIN/normalized-PB12/sroussel/BA/normalized-BA_RDC4.dot_unif_20null50mast_rapportOE2.0_TMAX15_K67_cod3.opb.xz,25
OPT-LIN/normalized-PB12/sroussel/BA/normalized-BA_RDC4.dot_unif_20null50mast_rapportOE2.0_TMAX180_K67_cod1.opb.xz,25
OPT-LIN/normalized-PB12/sroussel/BA/normalized-BA_RDC4.dot_unif_20null50mast_rapportOE2.0_TMAX180_K67_cod2.opb.xz,19
OPT-LIN/normalized-PB12/sroussel/BA/normalized-BA_RDC4.dot_unif_20null50mast_rapportOE2.0_TMAX180_K67_cod3.opb.xz,25
OPT-LIN/normalized-PB12/sroussel/BA/normalized-BA_RDC4.dot_unif_20null50mast_rapportOE2.0_TMAX300_K67_cod1.opb.xz,25
OPT-LIN/normalized-PB12/sroussel/BA/normalized-BA_RDC4.dot_unif_20null50mast_rapportOE2.0_TMAX300_K67_cod2.opb.xz,19
OPT-LIN/normalized-PB12/sroussel/BA/normalized-BA_RDC4.dot_unif_20null50mast_rapportOE2.0_TMAX300_K67_cod3.opb.xz,25
OPT-LIN/normalized-PB12/sroussel/BA/normalized-BA_RDC4.dot_unif_20null50mast_rapportOE2.0_TMAX60_K67_cod1.opb.xz,25
OPT-LIN/normalized-PB12/sroussel/BA/normalized-BA_RDC4.dot_unif_20null50mast_rapportOE2.0_TMAX60_K67_cod2.opb.xz,19
OPT-LIN/normalized-PB12/sroussel/BA/normalized-BA_RDC4.dot_unif_20null50mast_rapportOE2.0_TMAX60_K67_cod3.opb.xz,25
OPT-LIN/normalized-PB12/sroussel/BA/normalized-BA_RDC4.dot_unif_50null0mast_rapportOE1.0_TMAX120_K67_cod1.opb.xz,23
OPT-LIN/normalized-PB12/sroussel/BA/normalized-BA_RDC4.dot_unif_50null0mast_rapportOE1.0_TMAX120_K67_cod2.opb.xz,17
OPT-LIN/normalized-PB12/sroussel/BA/normalized-BA_RDC4.dot_unif_50null0mast_rapportOE1.0_TMAX120_K67_cod3.opb.xz,23
OPT-LIN/normalized-PB12/sroussel/BA/normalized-BA_RDC4.dot_unif_50null0mast_rapportOE1.0_TMAX15_K67_cod1.opb.xz,23
OPT-LIN/normalized-PB12/sroussel/BA/normalized-BA_RDC4.dot_unif_50null0mast_rapportOE1.0_TMAX15_K67_cod2.opb.xz,17
OPT-LIN/normalized-PB12/sroussel/BA/normalized-BA_RDC4.dot_unif_50null0mast_rapportOE1.0_TMAX15_K67_cod3.opb.xz,23
OPT-LIN/normalized-PB12/sroussel/BA/normalized-BA_RDC4.dot_unif_50null0mast_rapportOE1.0_TMAX180_K67_cod1.opb.xz,23
OPT-LIN/normalized-PB12/sroussel/BA/normalized-BA_RDC4.dot_unif_50null0mast_rapportOE1.0_TMAX180_K67_cod2.opb.xz,18
OPT-LIN/normalized-PB12/sroussel/BA/normalized-BA_RDC4.dot_unif_50null0mast_rapportOE1.0_TMAX180_K67_cod3.opb.xz,23
OPT-LIN/normalized-PB12/sroussel/BA/normalized-BA_RDC4.dot_unif_50null0mast_rapportOE1.0_TMAX300_K67_cod1.opb.xz,23
OPT-LIN/normalized-PB12/sroussel/BA/normalized-BA_RDC4.dot_unif_50null0mast_rapportOE1.0_TMAX300_K67_cod2.opb.xz,17
OPT-LIN/normalized-PB12/sroussel/BA/normalized-BA_RDC4.dot_unif_50null0mast_rapportOE1.0_TMAX300_K67_cod3.opb.xz,23
OPT-LIN/normalized-PB12/sroussel/BA/normalized-BA_RDC4.dot_unif_50null0mast_rapportOE1.0_TMAX60_K67_cod1.opb.xz,23
OPT-LIN/normalized-PB12/sroussel/BA/normalized-BA_RDC4.dot_unif_50null0mast_rapportOE1.0_TMAX60_K67_cod2.opb.xz,17
OPT-LIN/normalized-PB12/sroussel/BA/normalized-BA_RDC4.dot_unif_50null0mast_rapportOE1.0_TMAX60_K67_cod3.opb.xz,24
OPT-LIN/normalized-PB12/sroussel/BA/normalized-BA_RDC4.dot_unif_50null0mast_rapportOE2.0_TMAX120_K67_cod1.opb.xz,23
OPT-LIN/normalized-PB12/sroussel/BA/normalized-BA_RDC4.dot_unif_50null0mast_rapportOE2.0_TMAX120_K67_cod2.opb.xz,17
OPT-LIN/normalized-PB12/sroussel/BA/normalized-BA_RDC4.dot_unif_50null0mast_rapportOE2.0_TMAX120_K67_cod3.opb.xz,23
OPT-LIN/normalized-PB12/sroussel/BA/normalized-BA_RDC4.dot_unif_50null0mast_rapportOE2.0_TMAX15_K67_cod1.opb.xz,23
OPT-LIN/normalized-PB12/sroussel/BA/normalized-BA_RDC4.dot_unif_50null0mast_rapportOE2.0_TMAX15_K67_cod2.opb.xz,17
OPT-LIN/normalized-PB12/sroussel/BA/normalized-BA_RDC4.dot_unif_50null0mast_rapportOE2.0_TMAX15_K67_cod3.opb.xz,23
OPT-LIN/normalized-PB12/sroussel/BA/normalized-BA_RDC4.dot_unif_50null0mast_rapportOE2.0_TMAX180_K67_cod1.opb.xz,23
OPT-LIN/normalized-PB12/sroussel/BA/normalized-BA_RDC4.dot_unif_50null0mast_rapportOE2.0_TMAX180_K67_cod2.opb.xz,17
OPT-LIN/normalized-PB12/sroussel/BA/normalized-BA_RDC4.dot_unif_50null0mast_rapportOE2.0_TMAX180_K67_cod3.opb.xz,23
OPT-LIN/normalized-PB12/sroussel/BA/normalized-BA_RDC4.dot_unif_50null0mast_rapportOE2.0_TMAX300_K67_cod1.opb.xz,23
OPT-LIN/normalized-PB12/sroussel/BA/normalized-BA_RDC4.dot_unif_50null0mast_rapportOE2.0_TMAX300_K67_cod2.opb.xz,17
OPT-LIN/normalized-PB12/sroussel/BA/normalized-BA_RDC4.dot_unif_50null0mast_rapportOE2.0_TMAX300_K67_cod3.opb.xz,23
OPT-LIN/normalized-PB12/sroussel/BA/normalized-BA_RDC4.dot_unif_50null0mast_rapportOE2.0_TMAX60_K67_cod1.opb.xz,23
OPT-LIN/normalized-PB12/sroussel/BA/normalized-BA_RDC4.dot_unif_50null0mast_rapportOE2.0_TMAX60_K67_cod2.opb.xz,17
OPT-LIN/normalized-PB12/sroussel/BA/normalized-BA_RDC4.dot_unif_50null0mast_rapportOE2.0_TMAX60_K67_cod3.opb.xz,23
OPT-LIN/normalized-PB12/sroussel/BA/normalized-BA_RDC4.dot_unif_50null10mast_rapportOE1.0_TMAX120_K67_cod1.opb.xz,24
OPT-LIN/normalized-PB12/sroussel/BA/normalized-BA_RDC4.dot_unif_50null10mast_rapportOE1.0_TMAX120_K67_cod2.opb.xz,18
OPT-LIN/normalized-PB12/sroussel/BA/normalized-BA_RDC4.dot_unif_50null10mast_rapportOE1.0_TMAX120_K67_cod3.opb.xz,24
OPT-LIN/normalized-PB12/sroussel/BA/normalized-BA_RDC4.dot_unif_50null10mast_rapportOE1.0_TMAX15_K67_cod1.opb.xz,24
OPT-LIN/normalized-PB12/sroussel/BA/normalized-BA_RDC4.dot_unif_50null10mast_rapportOE1.0_TMAX15_K67_cod2.opb.xz,18
OPT-LIN/normalized-PB12/sroussel/BA/normalized-BA_RDC4.dot_unif_50null10mast_rapportOE1.0_TMAX15_K67_cod3.opb.xz,24
OPT-LIN/normalized-PB12/sroussel/BA/normalized-BA_RDC4.dot_unif_50null10mast_rapportOE1.0_TMAX180_K67_cod1.opb.xz,24
OPT-LIN/normalized-PB12/sroussel/BA/normalized-BA_RDC4.dot_unif_50null10mast_rapportOE1.0_TMAX180_K67_cod2.opb.xz,18
OPT-LIN/normalized-PB12/sroussel/BA/normalized-BA_RDC4.dot_unif_50null10mast_rapportOE1.0_TMAX180_K67_cod3.opb.xz,24
OPT-LIN/normalized-PB12/sroussel/BA/normalized-BA_RDC4.dot_unif_50null10mast_rapportOE1.0_TMAX300_K67_cod1.opb.xz,24
OPT-LIN/normalized-PB12/sroussel/BA/normalized-BA_RDC4.dot_unif_50null10mast_rapportOE1.0_TMAX300_K67_cod2.opb.xz,18
OPT-LIN/normalized-PB12/sroussel/BA/normalized-BA_RDC4.dot_unif_50null10mast_rapportOE1.0_TMAX300_K67_cod3.opb.xz,24
OPT-LIN/normalized-PB12/sroussel/BA/normalized-BA_RDC4.dot_unif_50null10mast_rapportOE1.0_TMAX60_K67_cod1.opb.xz,24
OPT-LIN/normalized-PB12/sroussel/BA/normalized-BA_RDC4.dot_unif_50null10mast_rapportOE1.0_TMAX60_K67_cod2.opb.xz,18
OPT-LIN/normalized-PB12/sroussel/BA/normalized-BA_RDC4.dot_unif_50null10mast_rapportOE1.0_TMAX60_K67_cod3.opb.xz,24
OPT-LIN/normalized-PB12/sroussel/BA/normalized-BA_RDC4.dot_unif_50null10mast_rapportOE2.0_TMAX120_K67_cod1.opb.xz,24
OPT-LIN/normalized-PB12/sroussel/BA/normalized-BA_RDC4.dot_unif_50null10mast_rapportOE2.0_TMAX120_K67_cod2.opb.xz,18
OPT-LIN/normalized-PB12/sroussel/BA/normalized-BA_RDC4.dot_unif_50null10mast_rapportOE2.0_TMAX120_K67_cod3.opb.xz,24
OPT-LIN/normalized-PB12/sroussel/BA/normalized-BA_RDC4.dot_unif_50null10mast_rapportOE2.0_TMAX15_K67_cod1.opb.xz,24
OPT-LIN/normalized-PB12/sroussel/BA/normalized-BA_RDC4.dot_unif_50null10mast_rapportOE2.0_TMAX15_K67_cod2.opb.xz,18
OPT-LIN/normalized-PB12/sroussel/BA/normalized-BA_RDC4.dot_unif_50null10mast_rapportOE2.0_TMAX15_K67_cod3.opb.xz,24
OPT-LIN/normalized-PB12/sroussel/BA/normalized-BA_RDC4.dot_unif_50null10mast_rapportOE2.0_TMAX180_K67_cod1.opb.xz,24
OPT-LIN/normalized-PB12/sroussel/BA/normalized-BA_RDC4.dot_unif_50null10mast_rapportOE2.0_TMAX180_K67_cod2.opb.xz,18
OPT-LIN/normalized-PB12/sroussel/BA/normalized-BA_RDC4.dot_unif_50null10mast_rapportOE2.0_TMAX180_K67_cod3.opb.xz,24
OPT-LIN/normalized-PB12/sroussel/BA/normalized-BA_RDC4.dot_unif_50null10mast_rapportOE2.0_TMAX300_K67_cod1.opb.xz,24
OPT-LIN/normalized-PB12/sroussel/BA/normalized-BA_RDC4.dot_unif_50null10mast_rapportOE2.0_TMAX300_K67_cod2.opb.xz,18
OPT-LIN/normalized-PB12/sroussel/BA/normalized-BA_RDC4.dot_unif_50null10mast_rapportOE2.0_TMAX300_K67_cod3.opb.xz,24
OPT-LIN/normalized-PB12/sroussel/BA/normalized-BA_RDC4.dot_unif_50null10mast_rapportOE2.0_TMAX60_K67_cod1.opb.xz,24
OPT-LIN/normalized-PB12/sroussel/BA/normalized-BA_RDC4.dot_unif_50null10mast_rapportOE2.0_TMAX60_K67_cod2.opb.xz,18
OPT-LIN/normalized-PB12/sroussel/BA/normalized-BA_RDC4.dot_unif_50null10mast_rapportOE2.0_TMAX60_K67_cod3.opb.xz,24
OPT-LIN/normalized-PB12/sroussel/BA/normalized-BA_RDC4.dot_unif_50null20mast_rapportOE1.0_TMAX120_K67_cod1.opb.xz,24
OPT-LIN/normalized-PB12/sroussel/BA/normalized-BA_RDC4.dot_unif_50null20mast_rapportOE1.0_TMAX120_K67_cod2.opb.xz,18
OPT-LIN/normalized-PB12/sroussel/BA/normalized-BA_RDC4.dot_unif_50null20mast_rapportOE1.0_TMAX120_K67_cod3.opb.xz,24
OPT-LIN/normalized-PB12/sroussel/BA/normalized-BA_RDC4.dot_unif_50null20mast_rapportOE1.0_TMAX15_K67_cod1.opb.xz,24
OPT-LIN/normalized-PB12/sroussel/BA/normalized-BA_RDC4.dot_unif_50null20mast_rapportOE1.0_TMAX15_K67_cod2.opb.xz,18
OPT-LIN/normalized-PB12/sroussel/BA/normalized-BA_RDC4.dot_unif_50null20mast_rapportOE1.0_TMAX15_K67_cod3.opb.xz,24
OPT-LIN/normalized-PB12/sroussel/BA/normalized-BA_RDC4.dot_unif_50null20mast_rapportOE1.0_TMAX180_K67_cod1.opb.xz,24
OPT-LIN/normalized-PB12/sroussel/BA/normalized-BA_RDC4.dot_unif_50null20mast_rapportOE1.0_TMAX180_K67_cod2.opb.xz,18
OPT-LIN/normalized-PB12/sroussel/BA/normalized-BA_RDC4.dot_unif_50null20mast_rapportOE1.0_TMAX180_K67_cod3.opb.xz,24
OPT-LIN/normalized-PB12/sroussel/BA/normalized-BA_RDC4.dot_unif_50null20mast_rapportOE1.0_TMAX300_K67_cod1.opb.xz,24
OPT-LIN/normalized-PB12/sroussel/BA/normalized-BA_RDC4.dot_unif_50null20mast_rapportOE1.0_TMAX300_K67_cod2.opb.xz,18
OPT-LIN/normalized-PB12/sroussel/BA/normalized-BA_RDC4.dot_unif_50null20mast_rapportOE1.0_TMAX300_K67_cod3.opb.xz,24
OPT-LIN/normalized-PB12/sroussel/BA/normalized-BA_RDC4.dot_unif_50null20mast_rapportOE1.0_TMAX60_K67_cod1.opb.xz,24
OPT-LIN/normalized-PB12/sroussel/BA/normalized-BA_RDC4.dot_unif_50null20mast_rapportOE1.0_TMAX60_K67_cod2.opb.xz,18
OPT-LIN/normalized-PB12/sroussel/BA/normalized-BA_RDC4.dot_unif_50null20mast_rapportOE1.0_TMAX60_K67_cod3.opb.xz,24
OPT-LIN/normalized-PB12/sroussel/BA/normalized-BA_RDC4.dot_unif_50null20mast_rapportOE2.0_TMAX120_K67_cod1.opb.xz,24
OPT-LIN/normalized-PB12/sroussel/BA/normalized-BA_RDC4.dot_unif_50null20mast_rapportOE2.0_TMAX120_K67_cod2.opb.xz,18
OPT-LIN/normalized-PB12/sroussel/BA/normalized-BA_RDC4.dot_unif_50null20mast_rapportOE2.0_TMAX120_K67_cod3.opb.xz,24
OPT-LIN/normalized-PB12/sroussel/BA/normalized-BA_RDC4.dot_unif_50null20mast_rapportOE2.0_TMAX15_K67_cod1.opb.xz,24
OPT-LIN/normalized-PB12/sroussel/BA/normalized-BA_RDC4.dot_unif_50null20mast_rapportOE2.0_TMAX15_K67_cod2.opb.xz,18
OPT-LIN/normalized-PB12/sroussel/BA/normalized-BA_RDC4.dot_unif_50null20mast_rapportOE2.0_TMAX15_K67_cod3.opb.xz,24
OPT-LIN/normalized-PB12/sroussel/BA/normalized-BA_RDC4.dot_unif_50null20mast_rapportOE2.0_TMAX180_K67_cod1.opb.xz,24
OPT-LIN/normalized-PB12/sroussel/BA/normalized-BA_RDC4.dot_unif_50null20mast_rapportOE2.0_TMAX180_K67_cod2.opb.xz,18
OPT-LIN/normalized-PB12/sroussel/BA/normalized-BA_RDC4.dot_unif_50null20mast_rapportOE2.0_TMAX180_K67_cod3.opb.xz,24
OPT-LIN/normalized-PB12/sroussel/BA/normalized-BA_RDC4.dot_unif_50null20mast_rapportOE2.0_TMAX300_K67_cod1.opb.xz,24
OPT-LIN/normalized-PB12/sroussel/BA/normalized-BA_RDC4.dot_unif_50null20mast_rapportOE2.0_TMAX300_K67_cod2.opb.xz,18
OPT-LIN/normalized-PB12/sroussel/BA/normalized-BA_RDC4.dot_unif_50null20mast_rapportOE2.0_TMAX300_K67_cod3.opb.xz,24
OPT-LIN/normalized-PB12/sroussel/BA/normalized-BA_RDC4.dot_unif_50null20mast_rapportOE2.0_TMAX60_K67_cod1.opb.xz,24
OPT-LIN/normalized-PB12/sroussel/BA/normalized-BA_RDC4.dot_unif_50null20mast_rapportOE2.0_TMAX60_K67_cod2.opb.xz,18
OPT-LIN/normalized-PB12/sroussel/BA/normalized-BA_RDC4.dot_unif_50null20mast_rapportOE2.0_TMAX60_K67_cod3.opb.xz,24
OPT-LIN/normalized-PB12/sroussel/BA/normalized-BA_RDC4.dot_unif_50null50mast_rapportOE1.0_TMAX120_K67_cod1.opb.xz,17
OPT-LIN/normalized-PB12/sroussel/BA/normalized-BA_RDC4.dot_unif_50null50mast_rapportOE1.0_TMAX120_K67_cod2.opb.xz,14
OPT-LIN/normalized-PB12/sroussel/BA/normalized-BA_RDC4.dot_unif_50null50mast_rapportOE1.0_TMAX120_K67_cod3.opb.xz,17
OPT-LIN/normalized-PB12/sroussel/BA/normalized-BA_RDC4.dot_unif_50null50mast_rapportOE1.0_TMAX15_K67_cod1.opb.xz,17
OPT-LIN/normalized-PB12/sroussel/BA/normalized-BA_RDC4.dot_unif_50null50mast_rapportOE1.0_TMAX15_K67_cod2.opb.xz,14
OPT-LIN/normalized-PB12/sroussel/BA/normalized-BA_RDC4.dot_unif_50null50mast_rapportOE1.0_TMAX15_K67_cod3.opb.xz,17
OPT-LIN/normalized-PB12/sroussel/BA/normalized-BA_RDC4.dot_unif_50null50mast_rapportOE1.0_TMAX180_K67_cod1.opb.xz,17
OPT-LIN/normalized-PB12/sroussel/BA/normalized-BA_RDC4.dot_unif_50null50mast_rapportOE1.0_TMAX180_K67_cod2.opb.xz,14
OPT-LIN/normalized-PB12/sroussel/BA/normalized-BA_RDC4.dot_unif_50null50mast_rapportOE1.0_TMAX180_K67_cod3.opb.xz,17
OPT-LIN/normalized-PB12/sroussel/BA/normalized-BA_RDC4.dot_unif_50null50mast_rapportOE1.0_TMAX300_K67_cod1.opb.xz,17
OPT-LIN/normalized-PB12/sroussel/BA/normalized-BA_RDC4.dot_unif_50null50mast_rapportOE1.0_TMAX300_K67_cod2.opb.xz,14
OPT-LIN/normalized-PB12/sroussel/BA/normalized-BA_RDC4.dot_unif_50null50mast_rapportOE1.0_TMAX300_K67_cod3.opb.xz,17
OPT-LIN/normalized-PB12/sroussel/BA/normalized-BA_RDC4.dot_unif_50null50mast_rapportOE1.0_TMAX60_K67_cod1.opb.xz,17
OPT-LIN/normalized-PB12/sroussel/BA/normalized-BA_RDC4.dot_unif_50null50mast_rapportOE1.0_TMAX60_K67_cod2.opb.xz,14
OPT-LIN/normalized-PB12/sroussel/BA/normalized-BA_RDC4.dot_unif_50null50mast_rapportOE1.0_TMAX60_K67_cod3.opb.xz,17
OPT-LIN/normalized-PB12/sroussel/BA/normalized-BA_RDC4.dot_unif_50null50mast_rapportOE2.0_TMAX120_K67_cod1.opb.xz,18
OPT-LIN/normalized-PB12/sroussel/BA/normalized-BA_RDC4.dot_unif_50null50mast_rapportOE2.0_TMAX120_K67_cod2.opb.xz,14
OPT-LIN/normalized-PB12/sroussel/BA/normalized-BA_RDC4.dot_unif_50null50mast_rapportOE2.0_TMAX120_K67_cod3.opb.xz,18
OPT-LIN/normalized-PB12/sroussel/BA/normalized-BA_RDC4.dot_unif_50null50mast_rapportOE2.0_TMAX15_K67_cod1.opb.xz,18
OPT-LIN/normalized-PB12/sroussel/BA/normalized-BA_RDC4.dot_unif_50null50mast_rapportOE2.0_TMAX15_K67_cod2.opb.xz,14
OPT-LIN/normalized-PB12/sroussel/BA/normalized-BA_RDC4.dot_unif_50null50mast_rapportOE2.0_TMAX15_K67_cod3.opb.xz,18
OPT-LIN/normalized-PB12/sroussel/BA/normalized-BA_RDC4.dot_unif_50null50mast_rapportOE2.0_TMAX180_K67_cod1.opb.xz,18
OPT-LIN/normalized-PB12/sroussel/BA/normalized-BA_RDC4.dot_unif_50null50mast_rapportOE2.0_TMAX180_K67_cod2.opb.xz,14
OPT-LIN/normalized-PB12/sroussel/BA/normalized-BA_RDC4.dot_unif_50null50mast_rapportOE2.0_TMAX180_K67_cod3.opb.xz,18
OPT-LIN/normalized-PB12/sroussel/BA/normalized-BA_RDC4.dot_unif_50null50mast_rapportOE2.0_TMAX300_K67_cod1.opb.xz,18
OPT-LIN/normalized-PB12/sroussel/BA/normalized-BA_RDC4.dot_unif_50null50mast_rapportOE2.0_TMAX300_K67_cod2.opb.xz,14
OPT-LIN/normalized-PB12/sroussel/BA/normalized-BA_RDC4.dot_unif_50null50mast_rapportOE2.0_TMAX300_K67_cod3.opb.xz,18
OPT-LIN/normalized-PB12/sroussel/BA/normalized-BA_RDC4.dot_unif_50null50mast_rapportOE2.0_TMAX60_K67_cod1.opb.xz,18
OPT-LIN/normalized-PB12/sroussel/BA/normalized-BA_RDC4.dot_unif_50null50mast_rapportOE2.0_TMAX60_K67_cod2.opb.xz,14
OPT-LIN/normalized-PB12/sroussel/BA/normalized-BA_RDC4.dot_unif_50null50mast_rapportOE2.0_TMAX60_K67_cod3.opb.xz,18
OPT-LIN/normalized-PB12/sroussel/NG/normalized-NG.dot_fibo_0null0mast_rapportOE1.0_TMAX120_K192_cod1.opb.xz,29
OPT-LIN/normalized-PB12/sroussel/NG/normalized-NG.dot_fibo_0null0mast_rapportOE1.0_TMAX120_K192_cod2.opb.xz,21
OPT-LIN/normalized-PB12/sroussel/NG/normalized-NG.dot_fibo_0null0mast_rapportOE1.0_TMAX15_K192_cod1.opb.xz,29
OPT-LIN/normalized-PB12/sroussel/NG/normalized-NG.dot_fibo_0null0mast_rapportOE1.0_TMAX15_K192_cod2.opb.xz,21
OPT-LIN/normalized-PB12/sroussel/NG/normalized-NG.dot_fibo_0null0mast_rapportOE1.0_TMAX180_K192_cod1.opb.xz,29
OPT-LIN/normalized-PB12/sroussel/NG/normalized-NG.dot_fibo_0null0mast_rapportOE1.0_TMAX180_K192_cod2.opb.xz,21
OPT-LIN/normalized-PB12/sroussel/NG/normalized-NG.dot_fibo_0null0mast_rapportOE1.0_TMAX300_K192_cod1.opb.xz,29
OPT-LIN/normalized-PB12/sroussel/NG/normalized-NG.dot_fibo_0null0mast_rapportOE1.0_TMAX300_K192_cod2.opb.xz,21
OPT-LIN/normalized-PB12/sroussel/NG/normalized-NG.dot_fibo_0null0mast_rapportOE1.0_TMAX60_K192_cod1.opb.xz,29
OPT-LIN/normalized-PB12/sroussel/NG/normalized-NG.dot_fibo_0null0mast_rapportOE1.0_TMAX60_K192_cod2.opb.xz,21
OPT-LIN/normalized-PB12/sroussel/NG/normalized-NG.dot_fibo_0null0mast_rapportOE2.0_TMAX120_K192_cod1.opb.xz,29
OPT-LIN/normalized-PB12/sroussel/NG/normalized-NG.dot_fibo_0null0mast_rapportOE2.0_TMAX120_K192_cod2.opb.xz,21
OPT-LIN/normalized-PB12/sroussel/NG/normalized-NG.dot_fibo_0null0mast_rapportOE2.0_TMAX15_K192_cod1.opb.xz,29
OPT-LIN/normalized-PB12/sroussel/NG/normalized-NG.dot_fibo_0null0mast_rapportOE2.0_TMAX15_K192_cod2.opb.xz,21
OPT-LIN/normalized-PB12/sroussel/NG/normalized-NG.dot_fibo_0null0mast_rapportOE2.0_TMAX180_K192_cod1.opb.xz,29
OPT-LIN/normalized-PB12/sroussel/NG/normalized-NG.dot_fibo_0null0mast_rapportOE2.0_TMAX180_K192_cod2.opb.xz,21
OPT-LIN/normalized-PB12/sroussel/NG/normalized-NG.dot_fibo_0null0mast_rapportOE2.0_TMAX300_K192_cod1.opb.xz,29
OPT-LIN/normalized-PB12/sroussel/NG/normalized-NG.dot_fibo_0null0mast_rapportOE2.0_TMAX300_K192_cod2.opb.xz,21
OPT-LIN/normalized-PB12/sroussel/NG/normalized-NG.dot_fibo_0null0mast_rapportOE2.0_TMAX60_K192_cod1.opb.xz,29
OPT-LIN/normalized-PB12/sroussel/NG/normalized-NG.dot_fibo_0null0mast_rapportOE2.0_TMAX60_K192_cod2.opb.xz,21
OPT-LIN/normalized-PB12/sroussel/NG/normalized-NG.dot_fibo_0null10mast_rapportOE1.0_TMAX120_K192_cod1.opb.xz,30
OPT-LIN/normalized-PB12/sroussel/NG/normalized-NG.dot_fibo_0null10mast_rapportOE1.0_TMAX120_K192_cod2.opb.xz,22
OPT-LIN/normalized-PB12/sroussel/NG/normalized-NG.dot_fibo_0null10mast_rapportOE1.0_TMAX15_K192_cod1.opb.xz,30
OPT-LIN/normalized-PB12/sroussel/NG/normalized-NG.dot_fibo_0null10mast_rapportOE1.0_TMAX15_K192_cod2.opb.xz,22
OPT-LIN/normalized-PB12/sroussel/NG/normalized-NG.dot_fibo_0null10mast_rapportOE1.0_TMAX180_K192_cod1.opb.xz,30
OPT-LIN/normalized-PB12/sroussel/NG/normalized-NG.dot_fibo_0null10mast_rapportOE1.0_TMAX180_K192_cod2.opb.xz,22
OPT-LIN/normalized-PB12/sroussel/NG/normalized-NG.dot_fibo_0null10mast_rapportOE1.0_TMAX300_K192_cod1.opb.xz,30
OPT-LIN/normalized-PB12/sroussel/NG/normalized-NG.dot_fibo_0null10mast_rapportOE1.0_TMAX300_K192_cod2.opb.xz,22
OPT-LIN/normalized-PB12/sroussel/NG/normalized-NG.dot_fibo_0null10mast_rapportOE1.0_TMAX60_K192_cod1.opb.xz,30
OPT-LIN/normalized-PB12/sroussel/NG/normalized-NG.dot_fibo_0null10mast_rapportOE1.0_TMAX60_K192_cod2.opb.xz,22
OPT-LIN/normalized-PB12/sroussel/NG/normalized-NG.dot_fibo_0null10mast_rapportOE2.0_TMAX120_K192_cod1.opb.xz,30
OPT-LIN/normalized-PB12/sroussel/NG/normalized-NG.dot_fibo_0null10mast_rapportOE2.0_TMAX120_K192_cod2.opb.xz,22
OPT-LIN/normalized-PB12/sroussel/NG/normalized-NG.dot_fibo_0null10mast_rapportOE2.0_TMAX15_K192_cod1.opb.xz,30
OPT-LIN/normalized-PB12/sroussel/NG/normalized-NG.dot_fibo_0null10mast_rapportOE2.0_TMAX15_K192_cod2.opb.xz,22
OPT-LIN/normalized-PB12/sroussel/NG/normalized-NG.dot_fibo_0null10mast_rapportOE2.0_TMAX180_K192_cod1.opb.xz,30
OPT-LIN/normalized-PB12/sroussel/NG/normalized-NG.dot_fibo_0null10mast_rapportOE2.0_TMAX180_K192_cod2.opb.xz,22
OPT-LIN/normalized-PB12/sroussel/NG/normalized-NG.dot_fibo_0null10mast_rapportOE2.0_TMAX300_K192_cod1.opb.xz,30
OPT-LIN/normalized-PB12/sroussel/NG/normalized-NG.dot_fibo_0null10mast_rapportOE2.0_TMAX300_K192_cod2.opb.xz,22
OPT-LIN/normalized-PB12/sroussel/NG/normalized-NG.dot_fibo_0null10mast_rapportOE2.0_TMAX60_K192_cod1.opb.xz,30
OPT-LIN/normalized-PB12/sroussel/NG/normalized-NG.dot_fibo_0null10mast_rapportOE2.0_TMAX60_K192_cod2.opb.xz,22
OPT-LIN/normalized-PB12/sroussel/NG/normalized-NG.dot_fibo_0null20mast_rapportOE1.0_TMAX120_K192_cod1.opb.xz,30
OPT-LIN/normalized-PB12/sroussel/NG/normalized-NG.dot_fibo_0null20mast_rapportOE1.0_TMAX120_K192_cod2.opb.xz,23
OPT-LIN/normalized-PB12/sroussel/NG/normalized-NG.dot_fibo_0null20mast_rapportOE1.0_TMAX15_K192_cod1.opb.xz,30
OPT-LIN/normalized-PB12/sroussel/NG/normalized-NG.dot_fibo_0null20mast_rapportOE1.0_TMAX15_K192_cod2.opb.xz,23
OPT-LIN/normalized-PB12/sroussel/NG/normalized-NG.dot_fibo_0null20mast_rapportOE1.0_TMAX180_K192_cod1.opb.xz,30
OPT-LIN/normalized-PB12/sroussel/NG/normalized-NG.dot_fibo_0null20mast_rapportOE1.0_TMAX180_K192_cod2.opb.xz,23
OPT-LIN/normalized-PB12/sroussel/NG/normalized-NG.dot_fibo_0null20mast_rapportOE1.0_TMAX300_K192_cod1.opb.xz,30
OPT-LIN/normalized-PB12/sroussel/NG/normalized-NG.dot_fibo_0null20mast_rapportOE1.0_TMAX300_K192_cod2.opb.xz,23
OPT-LIN/normalized-PB12/sroussel/NG/normalized-NG.dot_fibo_0null20mast_rapportOE1.0_TMAX60_K192_cod1.opb.xz,30
OPT-LIN/normalized-PB12/sroussel/NG/normalized-NG.dot_fibo_0null20mast_rapportOE1.0_TMAX60_K192_cod2.opb.xz,23
OPT-LIN/normalized-PB12/sroussel/NG/normalized-NG.dot_fibo_0null20mast_rapportOE2.0_TMAX120_K192_cod1.opb.xz,30
OPT-LIN/normalized-PB12/sroussel/NG/normalized-NG.dot_fibo_0null20mast_rapportOE2.0_TMAX120_K192_cod2.opb.xz,23
OPT-LIN/normalized-PB12/sroussel/NG/normalized-NG.dot_fibo_0null20mast_rapportOE2.0_TMAX15_K192_cod1.opb.xz,30
OPT-LIN/normalized-PB12/sroussel/NG/normalized-NG.dot_fibo_0null20mast_rapportOE2.0_TMAX15_K192_cod2.opb.xz,23
OPT-LIN/normalized-PB12/sroussel/NG/normalized-NG.dot_fibo_0null20mast_rapportOE2.0_TMAX180_K192_cod1.opb.xz,30
OPT-LIN/normalized-PB12/sroussel/NG/normalized-NG.dot_fibo_0null20mast_rapportOE2.0_TMAX180_K192_cod2.opb.xz,23
OPT-LIN/normalized-PB12/sroussel/NG/normalized-NG.dot_fibo_0null20mast_rapportOE2.0_TMAX300_K192_cod1.opb.xz,30
OPT-LIN/normalized-PB12/sroussel/NG/normalized-NG.dot_fibo_0null20mast_rapportOE2.0_TMAX300_K192_cod2.opb.xz,23
OPT-LIN/normalized-PB12/sroussel/NG/normalized-NG.dot_fibo_0null20mast_rapportOE2.0_TMAX60_K192_cod1.opb.xz,30
OPT-LIN/normalized-PB12/sroussel/NG/normalized-NG.dot_fibo_0null20mast_rapportOE2.0_TMAX60_K192_cod2.opb.xz,23
OPT-LIN/normalized-PB12/sroussel/NG/normalized-NG.dot_fibo_0null50mast_rapportOE1.0_TMAX120_K192_cod1.opb.xz,31
OPT-LIN/normalized-PB12/sroussel/NG/normalized-NG.dot_fibo_0null50mast_rapportOE1.0_TMAX120_K192_cod2.opb.xz,24
OPT-LIN/normalized-PB12/sroussel/NG/normalized-NG.dot_fibo_0null50mast_rapportOE1.0_TMAX15_K192_cod1.opb.xz,31
OPT-LIN/normalized-PB12/sroussel/NG/normalized-NG.dot_fibo_0null50mast_rapportOE1.0_TMAX15_K192_cod2.opb.xz,24
OPT-LIN/normalized-PB12/sroussel/NG/normalized-NG.dot_fibo_0null50mast_rapportOE1.0_TMAX180_K192_cod1.opb.xz,31
OPT-LIN/normalized-PB12/sroussel/NG/normalized-NG.dot_fibo_0null50mast_rapportOE1.0_TMAX180_K192_cod2.opb.xz,24
OPT-LIN/normalized-PB12/sroussel/NG/normalized-NG.dot_fibo_0null50mast_rapportOE1.0_TMAX300_K192_cod1.opb.xz,31
OPT-LIN/normalized-PB12/sroussel/NG/normalized-NG.dot_fibo_0null50mast_rapportOE1.0_TMAX300_K192_cod2.opb.xz,24
OPT-LIN/normalized-PB12/sroussel/NG/normalized-NG.dot_fibo_0null50mast_rapportOE1.0_TMAX60_K192_cod1.opb.xz,31
OPT-LIN/normalized-PB12/sroussel/NG/normalized-NG.dot_fibo_0null50mast_rapportOE1.0_TMAX60_K192_cod2.opb.xz,24
OPT-LIN/normalized-PB12/sroussel/NG/normalized-NG.dot_fibo_0null50mast_rapportOE2.0_TMAX120_K192_cod1.opb.xz,31
OPT-LIN/normalized-PB12/sroussel/NG/normalized-NG.dot_fibo_0null50mast_rapportOE2.0_TMAX120_K192_cod2.opb.xz,24
OPT-LIN/normalized-PB12/sroussel/NG/normalized-NG.dot_fibo_0null50mast_rapportOE2.0_TMAX15_K192_cod1.opb.xz,31
OPT-LIN/normalized-PB12/sroussel/NG/normalized-NG.dot_fibo_0null50mast_rapportOE2.0_TMAX15_K192_cod2.opb.xz,24
OPT-LIN/normalized-PB12/sroussel/NG/normalized-NG.dot_fibo_0null50mast_rapportOE2.0_TMAX180_K192_cod1.opb,31
OPT-LIN/normalized-PB12/sroussel/NG/normalized-NG.dot_fibo_0null50mast_rapportOE2.0_TMAX180_K192_cod1.opb.xz,31
OPT-LIN/normalized-PB12/sroussel/NG/normalized-NG.dot_fibo_0null50mast_rapportOE2.0_TMAX180_K192_cod2.opb.xz,24
OPT-LIN/normalized-PB12/sroussel/NG/normalized-NG.dot_fibo_0null50mast_rapportOE2.0_TMAX300_K192_cod1.opb.xz,31
OPT-LIN/normalized-PB12/sroussel/NG/normalized-NG.dot_fibo_0null50mast_rapportOE2.0_TMAX300_K192_cod2.opb.xz,24
OPT-LIN/normalized-PB12/sroussel/NG/normalized-NG.dot_fibo_0null50mast_rapportOE2.0_TMAX60_K192_cod1.opb.xz,31
OPT-LIN/normalized-PB12/sroussel/NG/normalized-NG.dot_fibo_0null50mast_rapportOE2.0_TMAX60_K192_cod2.opb.xz,24
OPT-LIN/normalized-PB12/sroussel/NG/normalized-NG.dot_fibo_10null0mast_rapportOE1.0_TMAX120_K192_cod1.opb.xz,29
OPT-LIN/normalized-PB12/sroussel/NG/normalized-NG.dot_fibo_10null0mast_rapportOE1.0_TMAX120_K192_cod2.opb.xz,21
OPT-LIN/normalized-PB12/sroussel/NG/normalized-NG.dot_fibo_10null0mast_rapportOE1.0_TMAX15_K192_cod1.opb.xz,28
OPT-LIN/normalized-PB12/sroussel/NG/normalized-NG.dot_fibo_10null0mast_rapportOE1.0_TMAX15_K192_cod2.opb.xz,21
OPT-LIN/normalized-PB12/sroussel/NG/normalized-NG.dot_fibo_10null0mast_rapportOE1.0_TMAX180_K192_cod1.opb.xz,29
OPT-LIN/normalized-PB12/sroussel/NG/normalized-NG.dot_fibo_10null0mast_rapportOE1.0_TMAX180_K192_cod2.opb.xz,21
OPT-LIN/normalized-PB12/sroussel/NG/normalized-NG.dot_fibo_10null0mast_rapportOE1.0_TMAX300_K192_cod1.opb.xz,28
OPT-LIN/normalized-PB12/sroussel/NG/normalized-NG.dot_fibo_10null0mast_rapportOE1.0_TMAX300_K192_cod2.opb.xz,21
OPT-LIN/normalized-PB12/sroussel/NG/normalized-NG.dot_fibo_10null0mast_rapportOE1.0_TMAX60_K192_cod1.opb.xz,29
OPT-LIN/normalized-PB12/sroussel/NG/normalized-NG.dot_fibo_10null0mast_rapportOE1.0_TMAX60_K192_cod2.opb.xz,21
OPT-LIN/normalized-PB12/sroussel/NG/normalized-NG.dot_fibo_10null0mast_rapportOE2.0_TMAX120_K192_cod1.opb.xz,28
OPT-LIN/normalized-PB12/sroussel/NG/normalized-NG.dot_fibo_10null0mast_rapportOE2.0_TMAX120_K192_cod2.opb.xz,21
OPT-LIN/normalized-PB12/sroussel/NG/normalized-NG.dot_fibo_10null0mast_rapportOE2.0_TMAX15_K192_cod1.opb.xz,29
OPT-LIN/normalized-PB12/sroussel/NG/normalized-NG.dot_fibo_10null0mast_rapportOE2.0_TMAX15_K192_cod2.opb.xz,21
OPT-LIN/normalized-PB12/sroussel/NG/normalized-NG.dot_fibo_10null0mast_rapportOE2.0_TMAX180_K192_cod1.opb.xz,28
OPT-LIN/normalized-PB12/sroussel/NG/normalized-NG.dot_fibo_10null0mast_rapportOE2.0_TMAX180_K192_cod2.opb.xz,21
OPT-LIN/normalized-PB12/sroussel/NG/normalized-NG.dot_fibo_10null0mast_rapportOE2.0_TMAX300_K192_cod1.opb.xz,28
OPT-LIN/normalized-PB12/sroussel/NG/normalized-NG.dot_fibo_10null0mast_rapportOE2.0_TMAX300_K192_cod2.opb.xz,21
OPT-LIN/normalized-PB12/sroussel/NG/normalized-NG.dot_fibo_10null0mast_rapportOE2.0_TMAX60_K192_cod1.opb.xz,29
OPT-LIN/normalized-PB12/sroussel/NG/normalized-NG.dot_fibo_10null0mast_rapportOE2.0_TMAX60_K192_cod2.opb.xz,21
OPT-LIN/normalized-PB12/sroussel/NG/normalized-NG.dot_fibo_10null10mast_rapportOE1.0_TMAX120_K192_cod1.opb.xz,30
OPT-LIN/normalized-PB12/sroussel/NG/normalized-NG.dot_fibo_10null10mast_rapportOE1.0_TMAX120_K192_cod2.opb.xz,22
OPT-LIN/normalized-PB12/sroussel/NG/normalized-NG.dot_fibo_10null10mast_rapportOE1.0_TMAX15_K192_cod1.opb.xz,30
OPT-LIN/normalized-PB12/sroussel/NG/normalized-NG.dot_fibo_10null10mast_rapportOE1.0_TMAX15_K192_cod2.opb.xz,22
OPT-LIN/normalized-PB12/sroussel/NG/normalized-NG.dot_fibo_10null10mast_rapportOE1.0_TMAX180_K192_cod1.opb.xz,30
OPT-LIN/normalized-PB12/sroussel/NG/normalized-NG.dot_fibo_10null10mast_rapportOE1.0_TMAX180_K192_cod2.opb.xz,22
OPT-LIN/normalized-PB12/sroussel/NG/normalized-NG.dot_fibo_10null10mast_rapportOE1.0_TMAX300_K192_cod1.opb.xz,30
OPT-LIN/normalized-PB12/sroussel/NG/normalized-NG.dot_fibo_10null10mast_rapportOE1.0_TMAX300_K192_cod2.opb.xz,22
OPT-LIN/normalized-PB12/sroussel/NG/normalized-NG.dot_fibo_10null10mast_rapportOE1.0_TMAX60_K192_cod1.opb.xz,30
OPT-LIN/normalized-PB12/sroussel/NG/normalized-NG.dot_fibo_10null10mast_rapportOE1.0_TMAX60_K192_cod2.opb.xz,22
OPT-LIN/normalized-PB12/sroussel/NG/normalized-NG.dot_fibo_10null10mast_rapportOE2.0_TMAX120_K192_cod1.opb.xz,30
OPT-LIN/normalized-PB12/sroussel/NG/normalized-NG.dot_fibo_10null10mast_rapportOE2.0_TMAX120_K192_cod2.opb.xz,22
OPT-LIN/normalized-PB12/sroussel/NG/normalized-NG.dot_fibo_10null10mast_rapportOE2.0_TMAX15_K192_cod1.opb.xz,30
OPT-LIN/normalized-PB12/sroussel/NG/normalized-NG.dot_fibo_10null10mast_rapportOE2.0_TMAX15_K192_cod2.opb.xz,22
OPT-LIN/normalized-PB12/sroussel/NG/normalized-NG.dot_fibo_10null10mast_rapportOE2.0_TMAX180_K192_cod1.opb.xz,30
OPT-LIN/normalized-PB12/sroussel/NG/normalized-NG.dot_fibo_10null10mast_rapportOE2.0_TMAX180_K192_cod2.opb.xz,22
OPT-LIN/normalized-PB12/sroussel/NG/normalized-NG.dot_fibo_10null10mast_rapportOE2.0_TMAX300_K192_cod1.opb.xz,30
OPT-LIN/normalized-PB12/sroussel/NG/normalized-NG.dot_fibo_10null10mast_rapportOE2.0_TMAX300_K192_cod2.opb.xz,22
OPT-LIN/normalized-PB12/sroussel/NG/normalized-NG.dot_fibo_10null10mast_rapportOE2.0_TMAX60_K192_cod1.opb.xz,30
OPT-LIN/normalized-PB12/sroussel/NG/normalized-NG.dot_fibo_10null10mast_rapportOE2.0_TMAX60_K192_cod2.opb.xz,22
OPT-LIN/normalized-PB12/sroussel/NG/normalized-NG.dot_fibo_10null20mast_rapportOE1.0_TMAX120_K192_cod1.opb.xz,30
OPT-LIN/normalized-PB12/sroussel/NG/normalized-NG.dot_fibo_10null20mast_rapportOE1.0_TMAX120_K192_cod2.opb.xz,23
OPT-LIN/normalized-PB12/sroussel/NG/normalized-NG.dot_fibo_10null20mast_rapportOE1.0_TMAX15_K192_cod1.opb.xz,30
OPT-LIN/normalized-PB12/sroussel/NG/normalized-NG.dot_fibo_10null20mast_rapportOE1.0_TMAX15_K192_cod2.opb.xz,23
OPT-LIN/normalized-PB12/sroussel/NG/normalized-NG.dot_fibo_10null20mast_rapportOE1.0_TMAX180_K192_cod1.opb.xz,30
OPT-LIN/normalized-PB12/sroussel/NG/normalized-NG.dot_fibo_10null20mast_rapportOE1.0_TMAX180_K192_cod2.opb.xz,23
OPT-LIN/normalized-PB12/sroussel/NG/normalized-NG.dot_fibo_10null20mast_rapportOE1.0_TMAX300_K192_cod1.opb.xz,30
OPT-LIN/normalized-PB12/sroussel/NG/normalized-NG.dot_fibo_10null20mast_rapportOE1.0_TMAX300_K192_cod2.opb.xz,23
OPT-LIN/normalized-PB12/sroussel/NG/normalized-NG.dot_fibo_10null20mast_rapportOE1.0_TMAX60_K192_cod1.opb.xz,30
OPT-LIN/normalized-PB12/sroussel/NG/normalized-NG.dot_fibo_10null20mast_rapportOE1.0_TMAX60_K192_cod2.opb.xz,23
OPT-LIN/normalized-PB12/sroussel/NG/normalized-NG.dot_fibo_10null20mast_rapportOE2.0_TMAX120_K192_cod1.opb.xz,30
OPT-LIN/normalized-PB12/sroussel/NG/normalized-NG.dot_fibo_10null20mast_rapportOE2.0_TMAX120_K192_cod2.opb.xz,23
OPT-LIN/normalized-PB12/sroussel/NG/normalized-NG.dot_fibo_10null20mast_rapportOE2.0_TMAX15_K192_cod1.opb.xz,30
OPT-LIN/normalized-PB12/sroussel/NG/normalized-NG.dot_fibo_10null20mast_rapportOE2.0_TMAX15_K192_cod2.opb.xz,23
OPT-LIN/normalized-PB12/sroussel/NG/normalized-NG.dot_fibo_10null20mast_rapportOE2.0_TMAX180_K192_cod1.opb.xz,30
OPT-LIN/normalized-PB12/sroussel/NG/normalized-NG.dot_fibo_10null20mast_rapportOE2.0_TMAX180_K192_cod2.opb.xz,23
OPT-LIN/normalized-PB12/sroussel/NG/normalized-NG.dot_fibo_10null20mast_rapportOE2.0_TMAX300_K192_cod1.opb.xz,30
OPT-LIN/normalized-PB12/sroussel/NG/normalized-NG.dot_fibo_10null20mast_rapportOE2.0_TMAX300_K192_cod2.opb.xz,23
OPT-LIN/normalized-PB12/sroussel/NG/normalized-NG.dot_fibo_10null20mast_rapportOE2.0_TMAX60_K192_cod1.opb.xz,30
OPT-LIN/normalized-PB12/sroussel/NG/normalized-NG.dot_fibo_10null20mast_rapportOE2.0_TMAX60_K192_cod2.opb.xz,23
OPT-LIN/normalized-PB12/sroussel/NG/normalized-NG.dot_fibo_10null50mast_rapportOE1.0_TMAX120_K192_cod1.opb.xz,31
OPT-LIN/normalized-PB12/sroussel/NG/normalized-NG.dot_fibo_10null50mast_rapportOE1.0_TMAX120_K192_cod2.opb.xz,24
OPT-LIN/normalized-PB12/sroussel/NG/normalized-NG.dot_fibo_10null50mast_rapportOE1.0_TMAX15_K192_cod1.opb.xz,31
OPT-LIN/normalized-PB12/sroussel/NG/normalized-NG.dot_fibo_10null50mast_rapportOE1.0_TMAX15_K192_cod2.opb.xz,24
OPT-LIN/normalized-PB12/sroussel/NG/normalized-NG.dot_fibo_10null50mast_rapportOE1.0_TMAX180_K192_cod1.opb.xz,31
OPT-LIN/normalized-PB12/sroussel/NG/normalized-NG.dot_fibo_10null50mast_rapportOE1.0_TMAX180_K192_cod2.opb.xz,24
OPT-LIN/normalized-PB12/sroussel/NG/normalized-NG.dot_fibo_10null50mast_rapportOE1.0_TMAX300_K192_cod1.opb.xz,31
OPT-LIN/normalized-PB12/sroussel/NG/normalized-NG.dot_fibo_10null50mast_rapportOE1.0_TMAX300_K192_cod2.opb.xz,24
OPT-LIN/normalized-PB12/sroussel/NG/normalized-NG.dot_fibo_10null50mast_rapportOE1.0_TMAX60_K192_cod1.opb.xz,31
OPT-LIN/normalized-PB12/sroussel/NG/normalized-NG.dot_fibo_10null50mast_rapportOE1.0_TMAX60_K192_cod2.opb.xz,24
OPT-LIN/normalized-PB12/sroussel/NG/normalized-NG.dot_fibo_10null50mast_rapportOE2.0_TMAX120_K192_cod1.opb.xz,31
OPT-LIN/normalized-PB12/sroussel/NG/normalized-NG.dot_fibo_10null50mast_rapportOE2.0_TMAX120_K192_cod2.opb.xz,24
OPT-LIN/normalized-PB12/sroussel/NG/normalized-NG.dot_fibo_10null50mast_rapportOE2.0_TMAX15_K192_cod1.opb.xz,31
OPT-LIN/normalized-PB12/sroussel/NG/normalized-NG.dot_fibo_10null50mast_rapportOE2.0_TMAX15_K192_cod2.opb.xz,24
OPT-LIN/normalized-PB12/sroussel/NG/normalized-NG.dot_fibo_10null50mast_rapportOE2.0_TMAX180_K192_cod1.opb.xz,31
OPT-LIN/normalized-PB12/sroussel/NG/normalized-NG.dot_fibo_10null50mast_rapportOE2.0_TMAX180_K192_cod2.opb.xz,24
OPT-LIN/normalized-PB12/sroussel/NG/normalized-NG.dot_fibo_10null50mast_rapportOE2.0_TMAX300_K192_cod1.opb.xz,31
OPT-LIN/normalized-PB12/sroussel/NG/normalized-NG.dot_fibo_10null50mast_rapportOE2.0_TMAX300_K192_cod2.opb.xz,24
OPT-LIN/normalized-PB12/sroussel/NG/normalized-NG.dot_fibo_10null50mast_rapportOE2.0_TMAX60_K192_cod1.opb.xz,31
OPT-LIN/normalized-PB12/sroussel/NG/normalized-NG.dot_fibo_10null50mast_rapportOE2.0_TMAX60_K192_cod2.opb.xz,24
OPT-LIN/normalized-PB12/sroussel/NG/normalized-NG.dot_fibo_20null0mast_rapportOE1.0_TMAX120_K192_cod1.opb.xz,28
OPT-LIN/normalized-PB12/sroussel/NG/normalized-NG.dot_fibo_20null0mast_rapportOE1.0_TMAX120_K192_cod2.opb.xz,21
OPT-LIN/normalized-PB12/sroussel/NG/normalized-NG.dot_fibo_20null0mast_rapportOE1.0_TMAX15_K192_cod1.opb.xz,28
OPT-LIN/normalized-PB12/sroussel/NG/normalized-NG.dot_fibo_20null0mast_rapportOE1.0_TMAX15_K192_cod2.opb.xz,21
OPT-LIN/normalized-PB12/sroussel/NG/normalized-NG.dot_fibo_20null0mast_rapportOE1.0_TMAX180_K192_cod1.opb.xz,28
OPT-LIN/normalized-PB12/sroussel/NG/normalized-NG.dot_fibo_20null0mast_rapportOE1.0_TMAX180_K192_cod2.opb.xz,21
OPT-LIN/normalized-PB12/sroussel/NG/normalized-NG.dot_fibo_20null0mast_rapportOE1.0_TMAX300_K192_cod1.opb.xz,28
OPT-LIN/normalized-PB12/sroussel/NG/normalized-NG.dot_fibo_20null0mast_rapportOE1.0_TMAX300_K192_cod2.opb.xz,21
OPT-LIN/normalized-PB12/sroussel/NG/normalized-NG.dot_fibo_20null0mast_rapportOE1.0_TMAX60_K192_cod1.opb.xz,28
OPT-LIN/normalized-PB12/sroussel/NG/normalized-NG.dot_fibo_20null0mast_rapportOE1.0_TMAX60_K192_cod2.opb.xz,21
OPT-LIN/normalized-PB12/sroussel/NG/normalized-NG.dot_fibo_20null0mast_rapportOE2.0_TMAX120_K192_cod1.opb.xz,28
OPT-LIN/normalized-PB12/sroussel/NG/normalized-NG.dot_fibo_20null0mast_rapportOE2.0_TMAX120_K192_cod2.opb.xz,21
OPT-LIN/normalized-PB12/sroussel/NG/normalized-NG.dot_fibo_20null0mast_rapportOE2.0_TMAX15_K192_cod1.opb.xz,28
OPT-LIN/normalized-PB12/sroussel/NG/normalized-NG.dot_fibo_20null0mast_rapportOE2.0_TMAX15_K192_cod2.opb.xz,21
OPT-LIN/normalized-PB12/sroussel/NG/normalized-NG.dot_fibo_20null0mast_rapportOE2.0_TMAX180_K192_cod1.opb.xz,28
OPT-LIN/normalized-PB12/sroussel/NG/normalized-NG.dot_fibo_20null0mast_rapportOE2.0_TMAX180_K192_cod2.opb.xz,21
OPT-LIN/normalized-PB12/sroussel/NG/normalized-NG.dot_fibo_20null0mast_rapportOE2.0_TMAX300_K192_cod1.opb.xz,28
OPT-LIN/normalized-PB12/sroussel/NG/normalized-NG.dot_fibo_20null0mast_rapportOE2.0_TMAX300_K192_cod2.opb.xz,21
OPT-LIN/normalized-PB12/sroussel/NG/normalized-NG.dot_fibo_20null0mast_rapportOE2.0_TMAX60_K192_cod1.opb.xz,28
OPT-LIN/normalized-PB12/sroussel/NG/normalized-NG.dot_fibo_20null0mast_rapportOE2.0_TMAX60_K192_cod2.opb.xz,21
OPT-LIN/normalized-PB12/sroussel/NG/normalized-NG.dot_fibo_20null10mast_rapportOE1.0_TMAX120_K192_cod1.opb.xz,30
OPT-LIN/normalized-PB12/sroussel/NG/normalized-NG.dot_fibo_20null10mast_rapportOE1.0_TMAX120_K192_cod2.opb.xz,22
OPT-LIN/normalized-PB12/sroussel/NG/normalized-NG.dot_fibo_20null10mast_rapportOE1.0_TMAX15_K192_cod1.opb.xz,30
OPT-LIN/normalized-PB12/sroussel/NG/normalized-NG.dot_fibo_20null10mast_rapportOE1.0_TMAX15_K192_cod2.opb.xz,22
OPT-LIN/normalized-PB12/sroussel/NG/normalized-NG.dot_fibo_20null10mast_rapportOE1.0_TMAX180_K192_cod1.opb.xz,30
OPT-LIN/normalized-PB12/sroussel/NG/normalized-NG.dot_fibo_20null10mast_rapportOE1.0_TMAX180_K192_cod2.opb.xz,22
OPT-LIN/normalized-PB12/sroussel/NG/normalized-NG.dot_fibo_20null10mast_rapportOE1.0_TMAX300_K192_cod1.opb.xz,30
OPT-LIN/normalized-PB12/sroussel/NG/normalized-NG.dot_fibo_20null10mast_rapportOE1.0_TMAX300_K192_cod2.opb.xz,22
OPT-LIN/normalized-PB12/sroussel/NG/normalized-NG.dot_fibo_20null10mast_rapportOE1.0_TMAX60_K192_cod1.opb.xz,30
OPT-LIN/normalized-PB12/sroussel/NG/normalized-NG.dot_fibo_20null10mast_rapportOE1.0_TMAX60_K192_cod2.opb.xz,22
OPT-LIN/normalized-PB12/sroussel/NG/normalized-NG.dot_fibo_20null10mast_rapportOE2.0_TMAX120_K192_cod1.opb.xz,30
OPT-LIN/normalized-PB12/sroussel/NG/normalized-NG.dot_fibo_20null10mast_rapportOE2.0_TMAX120_K192_cod2.opb.xz,22
OPT-LIN/normalized-PB12/sroussel/NG/normalized-NG.dot_fibo_20null10mast_rapportOE2.0_TMAX15_K192_cod1.opb.xz,30
OPT-LIN/normalized-PB12/sroussel/NG/normalized-NG.dot_fibo_20null10mast_rapportOE2.0_TMAX15_K192_cod2.opb.xz,22
OPT-LIN/normalized-PB12/sroussel/NG/normalized-NG.dot_fibo_20null10mast_rapportOE2.0_TMAX180_K192_cod1.opb.xz,30
OPT-LIN/normalized-PB12/sroussel/NG/normalized-NG.dot_fibo_20null10mast_rapportOE2.0_TMAX180_K192_cod2.opb.xz,22
OPT-LIN/normalized-PB12/sroussel/NG/normalized-NG.dot_fibo_20null10mast_rapportOE2.0_TMAX300_K192_cod1.opb.xz,30
OPT-LIN/normalized-PB12/sroussel/NG/normalized-NG.dot_fibo_20null10mast_rapportOE2.0_TMAX300_K192_cod2.opb.xz,22
OPT-LIN/normalized-PB12/sroussel/NG/normalized-NG.dot_fibo_20null10mast_rapportOE2.0_TMAX60_K192_cod1.opb.xz,30
OPT-LIN/normalized-PB12/sroussel/NG/normalized-NG.dot_fibo_20null10mast_rapportOE2.0_TMAX60_K192_cod2.opb.xz,22
OPT-LIN/normalized-PB12/sroussel/NG/normalized-NG.dot_fibo_20null20mast_rapportOE1.0_TMAX120_K192_cod1.opb.xz,30
OPT-LIN/normalized-PB12/sroussel/NG/normalized-NG.dot_fibo_20null20mast_rapportOE1.0_TMAX120_K192_cod2.opb.xz,23
OPT-LIN/normalized-PB12/sroussel/NG/normalized-NG.dot_fibo_20null20mast_rapportOE1.0_TMAX15_K192_cod1.opb.xz,30
OPT-LIN/normalized-PB12/sroussel/NG/normalized-NG.dot_fibo_20null20mast_rapportOE1.0_TMAX15_K192_cod2.opb.xz,23
OPT-LIN/normalized-PB12/sroussel/NG/normalized-NG.dot_fibo_20null20mast_rapportOE1.0_TMAX180_K192_cod1.opb.xz,30
OPT-LIN/normalized-PB12/sroussel/NG/normalized-NG.dot_fibo_20null20mast_rapportOE1.0_TMAX180_K192_cod2.opb.xz,23
OPT-LIN/normalized-PB12/sroussel/NG/normalized-NG.dot_fibo_20null20mast_rapportOE1.0_TMAX300_K192_cod1.opb.xz,30
OPT-LIN/normalized-PB12/sroussel/NG/normalized-NG.dot_fibo_20null20mast_rapportOE1.0_TMAX300_K192_cod2.opb.xz,23
OPT-LIN/normalized-PB12/sroussel/NG/normalized-NG.dot_fibo_20null20mast_rapportOE1.0_TMAX60_K192_cod1.opb.xz,30
OPT-LIN/normalized-PB12/sroussel/NG/normalized-NG.dot_fibo_20null20mast_rapportOE1.0_TMAX60_K192_cod2.opb.xz,23
OPT-LIN/normalized-PB12/sroussel/NG/normalized-NG.dot_fibo_20null20mast_rapportOE2.0_TMAX120_K192_cod1.opb.xz,30
OPT-LIN/normalized-PB12/sroussel/NG/normalized-NG.dot_fibo_20null20mast_rapportOE2.0_TMAX120_K192_cod2.opb.xz,23
OPT-LIN/normalized-PB12/sroussel/NG/normalized-NG.dot_fibo_20null20mast_rapportOE2.0_TMAX15_K192_cod1.opb.xz,30
OPT-LIN/normalized-PB12/sroussel/NG/normalized-NG.dot_fibo_20null20mast_rapportOE2.0_TMAX15_K192_cod2.opb.xz,23
OPT-LIN/normalized-PB12/sroussel/NG/normalized-NG.dot_fibo_20null20mast_rapportOE2.0_TMAX180_K192_cod1.opb.xz,30
OPT-LIN/normalized-PB12/sroussel/NG/normalized-NG.dot_fibo_20null20mast_rapportOE2.0_TMAX180_K192_cod2.opb.xz,23
OPT-LIN/normalized-PB12/sroussel/NG/normalized-NG.dot_fibo_20null20mast_rapportOE2.0_TMAX300_K192_cod1.opb.xz,30
OPT-LIN/normalized-PB12/sroussel/NG/normalized-NG.dot_fibo_20null20mast_rapportOE2.0_TMAX300_K192_cod2.opb.xz,23
OPT-LIN/normalized-PB12/sroussel/NG/normalized-NG.dot_fibo_20null20mast_rapportOE2.0_TMAX60_K192_cod1.opb.xz,30
OPT-LIN/normalized-PB12/sroussel/NG/normalized-NG.dot_fibo_20null20mast_rapportOE2.0_TMAX60_K192_cod2.opb.xz,23
OPT-LIN/normalized-PB12/sroussel/NG/normalized-NG.dot_fibo_20null50mast_rapportOE1.0_TMAX120_K192_cod1.opb.xz,31
OPT-LIN/normalized-PB12/sroussel/NG/normalized-NG.dot_fibo_20null50mast_rapportOE1.0_TMAX120_K192_cod2.opb.xz,24
OPT-LIN/normalized-PB12/sroussel/NG/normalized-NG.dot_fibo_20null50mast_rapportOE1.0_TMAX15_K192_cod1.opb.xz,31
OPT-LIN/normalized-PB12/sroussel/NG/normalized-NG.dot_fibo_20null50mast_rapportOE1.0_TMAX15_K192_cod2.opb.xz,24
OPT-LIN/normalized-PB12/sroussel/NG/normalized-NG.dot_fibo_20null50mast_rapportOE1.0_TMAX180_K192_cod1.opb.xz,31
OPT-LIN/normalized-PB12/sroussel/NG/normalized-NG.dot_fibo_20null50mast_rapportOE1.0_TMAX180_K192_cod2.opb.xz,24
OPT-LIN/normalized-PB12/sroussel/NG/normalized-NG.dot_fibo_20null50mast_rapportOE1.0_TMAX300_K192_cod1.opb.xz,31
OPT-LIN/normalized-PB12/sroussel/NG/normalized-NG.dot_fibo_20null50mast_rapportOE1.0_TMAX300_K192_cod2.opb.xz,24
OPT-LIN/normalized-PB12/sroussel/NG/normalized-NG.dot_fibo_20null50mast_rapportOE1.0_TMAX60_K192_cod1.opb.xz,31
OPT-LIN/normalized-PB12/sroussel/NG/normalized-NG.dot_fibo_20null50mast_rapportOE1.0_TMAX60_K192_cod2.opb.xz,24
OPT-LIN/normalized-PB12/sroussel/NG/normalized-NG.dot_fibo_20null50mast_rapportOE2.0_TMAX120_K192_cod1.opb.xz,31
OPT-LIN/normalized-PB12/sroussel/NG/normalized-NG.dot_fibo_20null50mast_rapportOE2.0_TMAX120_K192_cod2.opb.xz,24
OPT-LIN/normalized-PB12/sroussel/NG/normalized-NG.dot_fibo_20null50mast_rapportOE2.0_TMAX15_K192_cod1.opb.xz,31
OPT-LIN/normalized-PB12/sroussel/NG/normalized-NG.dot_fibo_20null50mast_rapportOE2.0_TMAX15_K192_cod2.opb.xz,24
OPT-LIN/normalized-PB12/sroussel/NG/normalized-NG.dot_fibo_20null50mast_rapportOE2.0_TMAX180_K192_cod1.opb.xz,31
OPT-LIN/normalized-PB12/sroussel/NG/normalized-NG.dot_fibo_20null50mast_rapportOE2.0_TMAX180_K192_cod2.opb.xz,24
OPT-LIN/normalized-PB12/sroussel/NG/normalized-NG.dot_fibo_20null50mast_rapportOE2.0_TMAX300_K192_cod1.opb.xz,31
OPT-LIN/normalized-PB12/sroussel/NG/normalized-NG.dot_fibo_20null50mast_rapportOE2.0_TMAX300_K192_cod2.opb.xz,24
OPT-LIN/normalized-PB12/sroussel/NG/normalized-NG.dot_fibo_20null50mast_rapportOE2.0_TMAX60_K192_cod1.opb.xz,31
OPT-LIN/normalized-PB12/sroussel/NG/normalized-NG.dot_fibo_20null50mast_rapportOE2.0_TMAX60_K192_cod2.opb.xz,24
OPT-LIN/normalized-PB12/sroussel/NG/normalized-NG.dot_fibo_50null0mast_rapportOE1.0_TMAX120_K192_cod1.opb.xz,28
OPT-LIN/normalized-PB12/sroussel/NG/normalized-NG.dot_fibo_50null0mast_rapportOE1.0_TMAX120_K192_cod2.opb.xz,20
OPT-LIN/normalized-PB12/sroussel/NG/normalized-NG.dot_fibo_50null0mast_rapportOE1.0_TMAX15_K192_cod1.opb.xz,28
OPT-LIN/normalized-PB12/sroussel/NG/normalized-NG.dot_fibo_50null0mast_rapportOE1.0_TMAX15_K192_cod2.opb.xz,20
OPT-LIN/normalized-PB12/sroussel/NG/normalized-NG.dot_fibo_50null0mast_rapportOE1.0_TMAX180_K192_cod1.opb.xz,28
OPT-LIN/normalized-PB12/sroussel/NG/normalized-NG.dot_fibo_50null0mast_rapportOE1.0_TMAX180_K192_cod2.opb.xz,20
OPT-LIN/normalized-PB12/sroussel/NG/normalized-NG.dot_fibo_50null0mast_rapportOE1.0_TMAX300_K192_cod1.opb.xz,28
OPT-LIN/normalized-PB12/sroussel/NG/normalized-NG.dot_fibo_50null0mast_rapportOE1.0_TMAX300_K192_cod2.opb.xz,20
OPT-LIN/normalized-PB12/sroussel/NG/normalized-NG.dot_fibo_50null0mast_rapportOE1.0_TMAX60_K192_cod1.opb.xz,28
OPT-LIN/normalized-PB12/sroussel/NG/normalized-NG.dot_fibo_50null0mast_rapportOE1.0_TMAX60_K192_cod2.opb.xz,20
OPT-LIN/normalized-PB12/sroussel/NG/normalized-NG.dot_fibo_50null0mast_rapportOE2.0_TMAX120_K192_cod1.opb.xz,28
OPT-LIN/normalized-PB12/sroussel/NG/normalized-NG.dot_fibo_50null0mast_rapportOE2.0_TMAX120_K192_cod2.opb.xz,20
OPT-LIN/normalized-PB12/sroussel/NG/normalized-NG.dot_fibo_50null0mast_rapportOE2.0_TMAX15_K192_cod1.opb.xz,28
OPT-LIN/normalized-PB12/sroussel/NG/normalized-NG.dot_fibo_50null0mast_rapportOE2.0_TMAX15_K192_cod2.opb.xz,20
OPT-LIN/normalized-PB12/sroussel/NG/normalized-NG.dot_fibo_50null0mast_rapportOE2.0_TMAX180_K192_cod1.opb.xz,28
OPT-LIN/normalized-PB12/sroussel/NG/normalized-NG.dot_fibo_50null0mast_rapportOE2.0_TMAX180_K192_cod2.opb.xz,20
OPT-LIN/normalized-PB12/sroussel/NG/normalized-NG.dot_fibo_50null0mast_rapportOE2.0_TMAX300_K192_cod1.opb.xz,28
OPT-LIN/normalized-PB12/sroussel/NG/normalized-NG.dot_fibo_50null0mast_rapportOE2.0_TMAX300_K192_cod2.opb.xz,20
OPT-LIN/normalized-PB12/sroussel/NG/normalized-NG.dot_fibo_50null0mast_rapportOE2.0_TMAX60_K192_cod1.opb.xz,28
OPT-LIN/normalized-PB12/sroussel/NG/normalized-NG.dot_fibo_50null0mast_rapportOE2.0_TMAX60_K192_cod2.opb.xz,20
OPT-LIN/normalized-PB12/sroussel/NG/normalized-NG.dot_fibo_50null10mast_rapportOE1.0_TMAX120_K192_cod1.opb.xz,29
OPT-LIN/normalized-PB12/sroussel/NG/normalized-NG.dot_fibo_50null10mast_rapportOE1.0_TMAX120_K192_cod2.opb.xz,22
OPT-LIN/normalized-PB12/sroussel/NG/normalized-NG.dot_fibo_50null10mast_rapportOE1.0_TMAX15_K192_cod1.opb.xz,29
OPT-LIN/normalized-PB12/sroussel/NG/normalized-NG.dot_fibo_50null10mast_rapportOE1.0_TMAX15_K192_cod2.opb.xz,22
OPT-LIN/normalized-PB12/sroussel/NG/normalized-NG.dot_fibo_50null10mast_rapportOE1.0_TMAX180_K192_cod1.opb.xz,29
OPT-LIN/normalized-PB12/sroussel/NG/normalized-NG.dot_fibo_50null10mast_rapportOE1.0_TMAX180_K192_cod2.opb.xz,22
OPT-LIN/normalized-PB12/sroussel/NG/normalized-NG.dot_fibo_50null10mast_rapportOE1.0_TMAX300_K192_cod1.opb.xz,29
OPT-LIN/normalized-PB12/sroussel/NG/normalized-NG.dot_fibo_50null10mast_rapportOE1.0_TMAX300_K192_cod2.opb.xz,22
OPT-LIN/normalized-PB12/sroussel/NG/normalized-NG.dot_fibo_50null10mast_rapportOE1.0_TMAX60_K192_cod1.opb.xz,29
OPT-LIN/normalized-PB12/sroussel/NG/normalized-NG.dot_fibo_50null10mast_rapportOE1.0_TMAX60_K192_cod2.opb.xz,22
OPT-LIN/normalized-PB12/sroussel/NG/normalized-NG.dot_fibo_50null10mast_rapportOE2.0_TMAX120_K192_cod1.opb.xz,29
OPT-LIN/normalized-PB12/sroussel/NG/normalized-NG.dot_fibo_50null10mast_rapportOE2.0_TMAX120_K192_cod2.opb.xz,22
OPT-LIN/normalized-PB12/sroussel/NG/normalized-NG.dot_fibo_50null10mast_rapportOE2.0_TMAX15_K192_cod1.opb.xz,29
OPT-LIN/normalized-PB12/sroussel/NG/normalized-NG.dot_fibo_50null10mast_rapportOE2.0_TMAX15_K192_cod2.opb.xz,22
OPT-LIN/normalized-PB12/sroussel/NG/normalized-NG.dot_fibo_50null10mast_rapportOE2.0_TMAX180_K192_cod1.opb.xz,29
OPT-LIN/normalized-PB12/sroussel/NG/normalized-NG.dot_fibo_50null10mast_rapportOE2.0_TMAX180_K192_cod2.opb.xz,22
OPT-LIN/normalized-PB12/sroussel/NG/normalized-NG.dot_fibo_50null10mast_rapportOE2.0_TMAX300_K192_cod1.opb.xz,29
OPT-LIN/normalized-PB12/sroussel/NG/normalized-NG.dot_fibo_50null10mast_rapportOE2.0_TMAX300_K192_cod2.opb.xz,22
OPT-LIN/normalized-PB12/sroussel/NG/normalized-NG.dot_fibo_50null10mast_rapportOE2.0_TMAX60_K192_cod1.opb.xz,29
OPT-LIN/normalized-PB12/sroussel/NG/normalized-NG.dot_fibo_50null10mast_rapportOE2.0_TMAX60_K192_cod2.opb.xz,22
OPT-LIN/normalized-PB12/sroussel/NG/normalized-NG.dot_fibo_50null20mast_rapportOE1.0_TMAX120_K192_cod1.opb.xz,30
OPT-LIN/normalized-PB12/sroussel/NG/normalized-NG.dot_fibo_50null20mast_rapportOE1.0_TMAX120_K192_cod2.opb.xz,23
OPT-LIN/normalized-PB12/sroussel/NG/normalized-NG.dot_fibo_50null20mast_rapportOE1.0_TMAX15_K192_cod1.opb.xz,30
OPT-LIN/normalized-PB12/sroussel/NG/normalized-NG.dot_fibo_50null20mast_rapportOE1.0_TMAX15_K192_cod2.opb.xz,23
OPT-LIN/normalized-PB12/sroussel/NG/normalized-NG.dot_fibo_50null20mast_rapportOE1.0_TMAX180_K192_cod1.opb.xz,30
OPT-LIN/normalized-PB12/sroussel/NG/normalized-NG.dot_fibo_50null20mast_rapportOE1.0_TMAX180_K192_cod2.opb.xz,23
OPT-LIN/normalized-PB12/sroussel/NG/normalized-NG.dot_fibo_50null20mast_rapportOE1.0_TMAX300_K192_cod1.opb.xz,30
OPT-LIN/normalized-PB12/sroussel/NG/normalized-NG.dot_fibo_50null20mast_rapportOE1.0_TMAX300_K192_cod2.opb.xz,23
OPT-LIN/normalized-PB12/sroussel/NG/normalized-NG.dot_fibo_50null20mast_rapportOE1.0_TMAX60_K192_cod1.opb.xz,30
OPT-LIN/normalized-PB12/sroussel/NG/normalized-NG.dot_fibo_50null20mast_rapportOE1.0_TMAX60_K192_cod2.opb.xz,23
OPT-LIN/normalized-PB12/sroussel/NG/normalized-NG.dot_fibo_50null20mast_rapportOE2.0_TMAX120_K192_cod1.opb.xz,30
OPT-LIN/normalized-PB12/sroussel/NG/normalized-NG.dot_fibo_50null20mast_rapportOE2.0_TMAX120_K192_cod2.opb.xz,23
OPT-LIN/normalized-PB12/sroussel/NG/normalized-NG.dot_fibo_50null20mast_rapportOE2.0_TMAX15_K192_cod1.opb.xz,30
OPT-LIN/normalized-PB12/sroussel/NG/normalized-NG.dot_fibo_50null20mast_rapportOE2.0_TMAX15_K192_cod2.opb.xz,23
OPT-LIN/normalized-PB12/sroussel/NG/normalized-NG.dot_fibo_50null20mast_rapportOE2.0_TMAX180_K192_cod1.opb.xz,30
OPT-LIN/normalized-PB12/sroussel/NG/normalized-NG.dot_fibo_50null20mast_rapportOE2.0_TMAX180_K192_cod2.opb.xz,23
OPT-LIN/normalized-PB12/sroussel/NG/normalized-NG.dot_fibo_50null20mast_rapportOE2.0_TMAX300_K192_cod1.opb.xz,30
OPT-LIN/normalized-PB12/sroussel/NG/normalized-NG.dot_fibo_50null20mast_rapportOE2.0_TMAX300_K192_cod2.opb.xz,23
OPT-LIN/normalized-PB12/sroussel/NG/normalized-NG.dot_fibo_50null20mast_rapportOE2.0_TMAX60_K192_cod1.opb.xz,30
OPT-LIN/normalized-PB12/sroussel/NG/normalized-NG.dot_fibo_50null20mast_rapportOE2.0_TMAX60_K192_cod2.opb.xz,23
OPT-LIN/normalized-PB12/sroussel/NG/normalized-NG.dot_fibo_50null50mast_rapportOE1.0_TMAX120_K192_cod1.opb.xz,31
OPT-LIN/normalized-PB12/sroussel/NG/normalized-NG.dot_fibo_50null50mast_rapportOE1.0_TMAX120_K192_cod2.opb.xz,24
OPT-LIN/normalized-PB12/sroussel/NG/normalized-NG.dot_fibo_50null50mast_rapportOE1.0_TMAX15_K192_cod1.opb.xz,30
OPT-LIN/normalized-PB12/sroussel/NG/normalized-NG.dot_fibo_50null50mast_rapportOE1.0_TMAX15_K192_cod2.opb.xz,23
OPT-LIN/normalized-PB12/sroussel/NG/normalized-NG.dot_fibo_50null50mast_rapportOE1.0_TMAX180_K192_cod1.opb.xz,31
OPT-LIN/normalized-PB12/sroussel/NG/normalized-NG.dot_fibo_50null50mast_rapportOE1.0_TMAX180_K192_cod2.opb.xz,23
OPT-LIN/normalized-PB12/sroussel/NG/normalized-NG.dot_fibo_50null50mast_rapportOE1.0_TMAX300_K192_cod1.opb.xz,31
OPT-LIN/normalized-PB12/sroussel/NG/normalized-NG.dot_fibo_50null50mast_rapportOE1.0_TMAX300_K192_cod2.opb.xz,20
OPT-LIN/normalized-PB12/sroussel/NG/normalized-NG.dot_fibo_50null50mast_rapportOE1.0_TMAX60_K192_cod1.opb.xz,30
OPT-LIN/normalized-PB12/sroussel/NG/normalized-NG.dot_fibo_50null50mast_rapportOE1.0_TMAX60_K192_cod2.opb.xz,20
OPT-LIN/normalized-PB12/sroussel/NG/normalized-NG.dot_fibo_50null50mast_rapportOE2.0_TMAX120_K192_cod1.opb.xz,30
OPT-LIN/normalized-PB12/sroussel/NG/normalized-NG.dot_fibo_50null50mast_rapportOE2.0_TMAX120_K192_cod2.opb.xz,20
OPT-LIN/normalized-PB12/sroussel/NG/normalized-NG.dot_fibo_50null50mast_rapportOE2.0_TMAX15_K192_cod1.opb.xz,31
OPT-LIN/normalized-PB12/sroussel/NG/normalized-NG.dot_fibo_50null50mast_rapportOE2.0_TMAX15_K192_cod2.opb.xz,20
OPT-LIN/normalized-PB12/sroussel/NG/normalized-NG.dot_fibo_50null50mast_rapportOE2.0_TMAX180_K192_cod1.opb.xz,30
OPT-LIN/normalized-PB12/sroussel/NG/normalized-NG.dot_fibo_50null50mast_rapportOE2.0_TMAX180_K192_cod2.opb.xz,23
OPT-LIN/normalized-PB12/sroussel/NG/normalized-NG.dot_fibo_50null50mast_rapportOE2.0_TMAX300_K192_cod1.opb.xz,31
OPT-LIN/normalized-PB12/sroussel/NG/normalized-NG.dot_fibo_50null50mast_rapportOE2.0_TMAX300_K192_cod2.opb.xz,20
OPT-LIN/normalized-PB12/sroussel/NG/normalized-NG.dot_fibo_50null50mast_rapportOE2.0_TMAX60_K192_cod1.opb.xz,31
OPT-LIN/normalized-PB12/sroussel/NG/normalized-NG.dot_fibo_50null50mast_rapportOE2.0_TMAX60_K192_cod2.opb.xz,24
OPT-LIN/normalized-PB12/sroussel/NG/normalized-NG.dot_luby_0null0mast_rapportOE1.0_TMAX120_K192_cod1.opb.xz,21
OPT-LIN/normalized-PB12/sroussel/NG/normalized-NG.dot_luby_0null0mast_rapportOE1.0_TMAX120_K192_cod2.opb.xz,16
OPT-LIN/normalized-PB12/sroussel/NG/normalized-NG.dot_luby_0null0mast_rapportOE1.0_TMAX15_K192_cod1.opb.xz,21
OPT-LIN/normalized-PB12/sroussel/NG/normalized-NG.dot_luby_0null0mast_rapportOE1.0_TMAX15_K192_cod2.opb.xz,16
OPT-LIN/normalized-PB12/sroussel/NG/normalized-NG.dot_luby_0null0mast_rapportOE1.0_TMAX180_K192_cod1.opb.xz,21
OPT-LIN/normalized-PB12/sroussel/NG/normalized-NG.dot_luby_0null0mast_rapportOE1.0_TMAX180_K192_cod2.opb.xz,16
OPT-LIN/normalized-PB12/sroussel/NG/normalized-NG.dot_luby_0null0mast_rapportOE1.0_TMAX300_K192_cod1.opb.xz,21
OPT-LIN/normalized-PB12/sroussel/NG/normalized-NG.dot_luby_0null0mast_rapportOE1.0_TMAX300_K192_cod2.opb.xz,16
OPT-LIN/normalized-PB12/sroussel/NG/normalized-NG.dot_luby_0null0mast_rapportOE1.0_TMAX60_K192_cod1.opb.xz,21
OPT-LIN/normalized-PB12/sroussel/NG/normalized-NG.dot_luby_0null0mast_rapportOE1.0_TMAX60_K192_cod2.opb.xz,16
OPT-LIN/normalized-PB12/sroussel/NG/normalized-NG.dot_luby_0null0mast_rapportOE2.0_TMAX120_K192_cod1.opb.xz,21
OPT-LIN/normalized-PB12/sroussel/NG/normalized-NG.dot_luby_0null0mast_rapportOE2.0_TMAX120_K192_cod2.opb.xz,17
OPT-LIN/normalized-PB12/sroussel/NG/normalized-NG.dot_luby_0null0mast_rapportOE2.0_TMAX15_K192_cod1.opb.xz,21
OPT-LIN/normalized-PB12/sroussel/NG/normalized-NG.dot_luby_0null0mast_rapportOE2.0_TMAX15_K192_cod2.opb.xz,17
OPT-LIN/normalized-PB12/sroussel/NG/normalized-NG.dot_luby_0null0mast_rapportOE2.0_TMAX180_K192_cod1.opb.xz,21
OPT-LIN/normalized-PB12/sroussel/NG/normalized-NG.dot_luby_0null0mast_rapportOE2.0_TMAX180_K192_cod2.opb.xz,17
OPT-LIN/normalized-PB12/sroussel/NG/normalized-NG.dot_luby_0null0mast_rapportOE2.0_TMAX300_K192_cod1.opb.xz,21
OPT-LIN/normalized-PB12/sroussel/NG/normalized-NG.dot_luby_0null0mast_rapportOE2.0_TMAX300_K192_cod2.opb.xz,17
OPT-LIN/normalized-PB12/sroussel/NG/normalized-NG.dot_luby_0null0mast_rapportOE2.0_TMAX60_K192_cod1.opb.xz,21
OPT-LIN/normalized-PB12/sroussel/NG/normalized-NG.dot_luby_0null0mast_rapportOE2.0_TMAX60_K192_cod2.opb.xz,17
OPT-LIN/normalized-PB12/sroussel/NG/normalized-NG.dot_luby_0null10mast_rapportOE1.0_TMAX120_K192_cod1.opb.xz,26
OPT-LIN/normalized-PB12/sroussel/NG/normalized-NG.dot_luby_0null10mast_rapportOE1.0_TMAX120_K192_cod2.opb.xz,18
OPT-LIN/normalized-PB12/sroussel/NG/normalized-NG.dot_luby_0null10mast_rapportOE1.0_TMAX15_K192_cod1.opb.xz,26
OPT-LIN/normalized-PB12/sroussel/NG/normalized-NG.dot_luby_0null10mast_rapportOE1.0_TMAX15_K192_cod2.opb.xz,18
OPT-LIN/normalized-PB12/sroussel/NG/normalized-NG.dot_luby_0null10mast_rapportOE1.0_TMAX180_K192_cod1.opb.xz,26
OPT-LIN/normalized-PB12/sroussel/NG/normalized-NG.dot_luby_0null10mast_rapportOE1.0_TMAX180_K192_cod2.opb.xz,18
OPT-LIN/normalized-PB12/sroussel/NG/normalized-NG.dot_luby_0null10mast_rapportOE1.0_TMAX300_K192_cod1.opb.xz,26
OPT-LIN/normalized-PB12/sroussel/NG/normalized-NG.dot_luby_0null10mast_rapportOE1.0_TMAX300_K192_cod2.opb.xz,18
OPT-LIN/normalized-PB12/sroussel/NG/normalized-NG.dot_luby_0null10mast_rapportOE1.0_TMAX60_K192_cod1.opb.xz,26
OPT-LIN/normalized-PB12/sroussel/NG/normalized-NG.dot_luby_0null10mast_rapportOE1.0_TMAX60_K192_cod2.opb.xz,18
OPT-LIN/normalized-PB12/sroussel/NG/normalized-NG.dot_luby_0null10mast_rapportOE2.0_TMAX120_K192_cod1.opb.xz,26
OPT-LIN/normalized-PB12/sroussel/NG/normalized-NG.dot_luby_0null10mast_rapportOE2.0_TMAX120_K192_cod2.opb.xz,18
OPT-LIN/normalized-PB12/sroussel/NG/normalized-NG.dot_luby_0null10mast_rapportOE2.0_TMAX15_K192_cod1.opb.xz,26
OPT-LIN/normalized-PB12/sroussel/NG/normalized-NG.dot_luby_0null10mast_rapportOE2.0_TMAX15_K192_cod2.opb.xz,18
OPT-LIN/normalized-PB12/sroussel/NG/normalized-NG.dot_luby_0null10mast_rapportOE2.0_TMAX180_K192_cod1.opb.xz,26
OPT-LIN/normalized-PB12/sroussel/NG/normalized-NG.dot_luby_0null10mast_rapportOE2.0_TMAX180_K192_cod2.opb.xz,18
OPT-LIN/normalized-PB12/sroussel/NG/normalized-NG.dot_luby_0null10mast_rapportOE2.0_TMAX300_K192_cod1.opb.xz,26
OPT-LIN/normalized-PB12/sroussel/NG/normalized-NG.dot_luby_0null10mast_rapportOE2.0_TMAX300_K192_cod2.opb.xz,18
OPT-LIN/normalized-PB12/sroussel/NG/normalized-NG.dot_luby_0null10mast_rapportOE2.0_TMAX60_K192_cod1.opb.xz,26
OPT-LIN/normalized-PB12/sroussel/NG/normalized-NG.dot_luby_0null10mast_rapportOE2.0_TMAX60_K192_cod2.opb.xz,18
OPT-LIN/normalized-PB12/sroussel/NG/normalized-NG.dot_luby_0null20mast_rapportOE1.0_TMAX120_K192_cod1.opb.xz,27
OPT-LIN/normalized-PB12/sroussel/NG/normalized-NG.dot_luby_0null20mast_rapportOE1.0_TMAX120_K192_cod2.opb.xz,19
OPT-LIN/normalized-PB12/sroussel/NG/normalized-NG.dot_luby_0null20mast_rapportOE1.0_TMAX15_K192_cod1.opb.xz,27
OPT-LIN/normalized-PB12/sroussel/NG/normalized-NG.dot_luby_0null20mast_rapportOE1.0_TMAX15_K192_cod2.opb.xz,19
OPT-LIN/normalized-PB12/sroussel/NG/normalized-NG.dot_luby_0null20mast_rapportOE1.0_TMAX180_K192_cod1.opb.xz,27
OPT-LIN/normalized-PB12/sroussel/NG/normalized-NG.dot_luby_0null20mast_rapportOE1.0_TMAX180_K192_cod2.opb.xz,19
OPT-LIN/normalized-PB12/sroussel/NG/normalized-NG.dot_luby_0null20mast_rapportOE1.0_TMAX300_K192_cod1.opb.xz,27
OPT-LIN/normalized-PB12/sroussel/NG/normalized-NG.dot_luby_0null20mast_rapportOE1.0_TMAX300_K192_cod2.opb.xz,19
OPT-LIN/normalized-PB12/sroussel/NG/normalized-NG.dot_luby_0null20mast_rapportOE1.0_TMAX60_K192_cod1.opb.xz,27
OPT-LIN/normalized-PB12/sroussel/NG/normalized-NG.dot_luby_0null20mast_rapportOE1.0_TMAX60_K192_cod2.opb.xz,19
OPT-LIN/normalized-PB12/sroussel/NG/normalized-NG.dot_luby_0null20mast_rapportOE2.0_TMAX120_K192_cod1.opb.xz,27
OPT-LIN/normalized-PB12/sroussel/NG/normalized-NG.dot_luby_0null20mast_rapportOE2.0_TMAX120_K192_cod2.opb.xz,19
OPT-LIN/normalized-PB12/sroussel/NG/normalized-NG.dot_luby_0null20mast_rapportOE2.0_TMAX15_K192_cod1.opb.xz,27
OPT-LIN/normalized-PB12/sroussel/NG/normalized-NG.dot_luby_0null20mast_rapportOE2.0_TMAX15_K192_cod2.opb.xz,19
OPT-LIN/normalized-PB12/sroussel/NG/normalized-NG.dot_luby_0null20mast_rapportOE2.0_TMAX180_K192_cod1.opb.xz,27
OPT-LIN/normalized-PB12/sroussel/NG/normalized-NG.dot_luby_0null20mast_rapportOE2.0_TMAX180_K192_cod2.opb.xz,19
OPT-LIN/normalized-PB12/sroussel/NG/normalized-NG.dot_luby_0null20mast_rapportOE2.0_TMAX300_K192_cod1.opb.xz,27
OPT-LIN/normalized-PB12/sroussel/NG/normalized-NG.dot_luby_0null20mast_rapportOE2.0_TMAX300_K192_cod2.opb.xz,19
OPT-LIN/normalized-PB12/sroussel/NG/normalized-NG.dot_luby_0null20mast_rapportOE2.0_TMAX60_K192_cod1.opb.xz,27
OPT-LIN/normalized-PB12/sroussel/NG/normalized-NG.dot_luby_0null20mast_rapportOE2.0_TMAX60_K192_cod2.opb.xz,19
OPT-LIN/normalized-PB12/sroussel/NG/normalized-NG.dot_luby_0null50mast_rapportOE1.0_TMAX120_K192_cod1.opb.xz,28
OPT-LIN/normalized-PB12/sroussel/NG/normalized-NG.dot_luby_0null50mast_rapportOE1.0_TMAX120_K192_cod2.opb.xz,20
OPT-LIN/normalized-PB12/sroussel/NG/normalized-NG.dot_luby_0null50mast_rapportOE1.0_TMAX15_K192_cod1.opb.xz,28
OPT-LIN/normalized-PB12/sroussel/NG/normalized-NG.dot_luby_0null50mast_rapportOE1.0_TMAX15_K192_cod2.opb.xz,20
OPT-LIN/normalized-PB12/sroussel/NG/normalized-NG.dot_luby_0null50mast_rapportOE1.0_TMAX180_K192_cod1.opb.xz,28
OPT-LIN/normalized-PB12/sroussel/NG/normalized-NG.dot_luby_0null50mast_rapportOE1.0_TMAX180_K192_cod2.opb.xz,20
OPT-LIN/normalized-PB12/sroussel/NG/normalized-NG.dot_luby_0null50mast_rapportOE1.0_TMAX300_K192_cod1.opb.xz,28
OPT-LIN/normalized-PB12/sroussel/NG/normalized-NG.dot_luby_0null50mast_rapportOE1.0_TMAX300_K192_cod2.opb.xz,20
OPT-LIN/normalized-PB12/sroussel/NG/normalized-NG.dot_luby_0null50mast_rapportOE1.0_TMAX60_K192_cod1.opb.xz,28
OPT-LIN/normalized-PB12/sroussel/NG/normalized-NG.dot_luby_0null50mast_rapportOE1.0_TMAX60_K192_cod2.opb.xz,20
OPT-LIN/normalized-PB12/sroussel/NG/normalized-NG.dot_luby_0null50mast_rapportOE2.0_TMAX120_K192_cod1.opb.xz,28
OPT-LIN/normalized-PB12/sroussel/NG/normalized-NG.dot_luby_0null50mast_rapportOE2.0_TMAX120_K192_cod2.opb.xz,20
OPT-LIN/normalized-PB12/sroussel/NG/normalized-NG.dot_luby_0null50mast_rapportOE2.0_TMAX15_K192_cod1.opb.xz,28
OPT-LIN/normalized-PB12/sroussel/NG/normalized-NG.dot_luby_0null50mast_rapportOE2.0_TMAX15_K192_cod2.opb.xz,20
OPT-LIN/normalized-PB12/sroussel/NG/normalized-NG.dot_luby_0null50mast_rapportOE2.0_TMAX180_K192_cod1.opb.xz,28
OPT-LIN/normalized-PB12/sroussel/NG/normalized-NG.dot_luby_0null50mast_rapportOE2.0_TMAX180_K192_cod2.opb.xz,20
OPT-LIN/normalized-PB12/sroussel/NG/normalized-NG.dot_luby_0null50mast_rapportOE2.0_TMAX300_K192_cod1.opb.xz,28
OPT-LIN/normalized-PB12/sroussel/NG/normalized-NG.dot_luby_0null50mast_rapportOE2.0_TMAX300_K192_cod2.opb.xz,20
OPT-LIN/normalized-PB12/sroussel/NG/normalized-NG.dot_luby_0null50mast_rapportOE2.0_TMAX60_K192_cod1.opb.xz,28
OPT-LIN/normalized-PB12/sroussel/NG/normalized-NG.dot_luby_0null50mast_rapportOE2.0_TMAX60_K192_cod2.opb.xz,20
OPT-LIN/normalized-PB12/sroussel/NG/normalized-NG.dot_luby_10null0mast_rapportOE1.0_TMAX120_K192_cod1.opb.xz,21
OPT-LIN/normalized-PB12/sroussel/NG/normalized-NG.dot_luby_10null0mast_rapportOE1.0_TMAX120_K192_cod2.opb.xz,16
OPT-LIN/normalized-PB12/sroussel/NG/normalized-NG.dot_luby_10null0mast_rapportOE1.0_TMAX15_K192_cod1.opb.xz,21
OPT-LIN/normalized-PB12/sroussel/NG/normalized-NG.dot_luby_10null0mast_rapportOE1.0_TMAX15_K192_cod2.opb.xz,16
OPT-LIN/normalized-PB12/sroussel/NG/normalized-NG.dot_luby_10null0mast_rapportOE1.0_TMAX180_K192_cod1.opb.xz,21
OPT-LIN/normalized-PB12/sroussel/NG/normalized-NG.dot_luby_10null0mast_rapportOE1.0_TMAX180_K192_cod2.opb.xz,16
OPT-LIN/normalized-PB12/sroussel/NG/normalized-NG.dot_luby_10null0mast_rapportOE1.0_TMAX300_K192_cod1.opb.xz,21
OPT-LIN/normalized-PB12/sroussel/NG/normalized-NG.dot_luby_10null0mast_rapportOE1.0_TMAX300_K192_cod2.opb.xz,16
OPT-LIN/normalized-PB12/sroussel/NG/normalized-NG.dot_luby_10null0mast_rapportOE1.0_TMAX60_K192_cod1.opb.xz,21
OPT-LIN/normalized-PB12/sroussel/NG/normalized-NG.dot_luby_10null0mast_rapportOE1.0_TMAX60_K192_cod2.opb.xz,16
OPT-LIN/normalized-PB12/sroussel/NG/normalized-NG.dot_luby_10null0mast_rapportOE2.0_TMAX120_K192_cod1.opb.xz,21
OPT-LIN/normalized-PB12/sroussel/NG/normalized-NG.dot_luby_10null0mast_rapportOE2.0_TMAX120_K192_cod2.opb.xz,17
OPT-LIN/normalized-PB12/sroussel/NG/normalized-NG.dot_luby_10null0mast_rapportOE2.0_TMAX15_K192_cod1.opb.xz,21
OPT-LIN/normalized-PB12/sroussel/NG/normalized-NG.dot_luby_10null0mast_rapportOE2.0_TMAX15_K192_cod2.opb.xz,17
OPT-LIN/normalized-PB12/sroussel/NG/normalized-NG.dot_luby_10null0mast_rapportOE2.0_TMAX180_K192_cod1.opb.xz,21
OPT-LIN/normalized-PB12/sroussel/NG/normalized-NG.dot_luby_10null0mast_rapportOE2.0_TMAX180_K192_cod2.opb.xz,17
OPT-LIN/normalized-PB12/sroussel/NG/normalized-NG.dot_luby_10null0mast_rapportOE2.0_TMAX300_K192_cod1.opb.xz,21
OPT-LIN/normalized-PB12/sroussel/NG/normalized-NG.dot_luby_10null0mast_rapportOE2.0_TMAX300_K192_cod2.opb.xz,17
OPT-LIN/normalized-PB12/sroussel/NG/normalized-NG.dot_luby_10null0mast_rapportOE2.0_TMAX60_K192_cod1.opb.xz,21
OPT-LIN/normalized-PB12/sroussel/NG/normalized-NG.dot_luby_10null0mast_rapportOE2.0_TMAX60_K192_cod2.opb.xz,17
OPT-LIN/normalized-PB12/sroussel/NG/normalized-NG.dot_luby_10null10mast_rapportOE1.0_TMAX120_K192_cod1.opb.xz,26
OPT-LIN/normalized-PB12/sroussel/NG/normalized-NG.dot_luby_10null10mast_rapportOE1.0_TMAX120_K192_cod2.opb.xz,18
OPT-LIN/normalized-PB12/sroussel/NG/normalized-NG.dot_luby_10null10mast_rapportOE1.0_TMAX15_K192_cod1.opb.xz,26
OPT-LIN/normalized-PB12/sroussel/NG/normalized-NG.dot_luby_10null10mast_rapportOE1.0_TMAX15_K192_cod2.opb.xz,18
OPT-LIN/normalized-PB12/sroussel/NG/normalized-NG.dot_luby_10null10mast_rapportOE1.0_TMAX180_K192_cod1.opb.xz,26
OPT-LIN/normalized-PB12/sroussel/NG/normalized-NG.dot_luby_10null10mast_rapportOE1.0_TMAX180_K192_cod2.opb.xz,18
OPT-LIN/normalized-PB12/sroussel/NG/normalized-NG.dot_luby_10null10mast_rapportOE1.0_TMAX300_K192_cod1.opb.xz,26
OPT-LIN/normalized-PB12/sroussel/NG/normalized-NG.dot_luby_10null10mast_rapportOE1.0_TMAX300_K192_cod2.opb.xz,18
OPT-LIN/normalized-PB12/sroussel/NG/normalized-NG.dot_luby_10null10mast_rapportOE1.0_TMAX60_K192_cod1.opb.xz,26
OPT-LIN/normalized-PB12/sroussel/NG/normalized-NG.dot_luby_10null10mast_rapportOE1.0_TMAX60_K192_cod2.opb.xz,18
OPT-LIN/normalized-PB12/sroussel/NG/normalized-NG.dot_luby_10null10mast_rapportOE2.0_TMAX120_K192_cod1.opb.xz,26
OPT-LIN/normalized-PB12/sroussel/NG/normalized-NG.dot_luby_10null10mast_rapportOE2.0_TMAX120_K192_cod2.opb.xz,18
OPT-LIN/normalized-PB12/sroussel/NG/normalized-NG.dot_luby_10null10mast_rapportOE2.0_TMAX15_K192_cod1.opb.xz,26
OPT-LIN/normalized-PB12/sroussel/NG/normalized-NG.dot_luby_10null10mast_rapportOE2.0_TMAX15_K192_cod2.opb.xz,18
OPT-LIN/normalized-PB12/sroussel/NG/normalized-NG.dot_luby_10null10mast_rapportOE2.0_TMAX180_K192_cod1.opb.xz,26
OPT-LIN/normalized-PB12/sroussel/NG/normalized-NG.dot_luby_10null10mast_rapportOE2.0_TMAX180_K192_cod2.opb.xz,18
OPT-LIN/normalized-PB12/sroussel/NG/normalized-NG.dot_luby_10null10mast_rapportOE2.0_TMAX300_K192_cod1.opb.xz,26
OPT-LIN/normalized-PB12/sroussel/NG/normalized-NG.dot_luby_10null10mast_rapportOE2.0_TMAX300_K192_cod2.opb.xz,18
OPT-LIN/normalized-PB12/sroussel/NG/normalized-NG.dot_luby_10null10mast_rapportOE2.0_TMAX60_K192_cod1.opb.xz,26
OPT-LIN/normalized-PB12/sroussel/NG/normalized-NG.dot_luby_10null10mast_rapportOE2.0_TMAX60_K192_cod2.opb.xz,18
OPT-LIN/normalized-PB12/sroussel/NG/normalized-NG.dot_luby_10null20mast_rapportOE1.0_TMAX120_K192_cod1.opb.xz,27
OPT-LIN/normalized-PB12/sroussel/NG/normalized-NG.dot_luby_10null20mast_rapportOE1.0_TMAX120_K192_cod2.opb.xz,19
OPT-LIN/normalized-PB12/sroussel/NG/normalized-NG.dot_luby_10null20mast_rapportOE1.0_TMAX15_K192_cod1.opb.xz,27
OPT-LIN/normalized-PB12/sroussel/NG/normalized-NG.dot_luby_10null20mast_rapportOE1.0_TMAX15_K192_cod2.opb.xz,19
OPT-LIN/normalized-PB12/sroussel/NG/normalized-NG.dot_luby_10null20mast_rapportOE1.0_TMAX180_K192_cod1.opb.xz,27
OPT-LIN/normalized-PB12/sroussel/NG/normalized-NG.dot_luby_10null20mast_rapportOE1.0_TMAX180_K192_cod2.opb.xz,19
OPT-LIN/normalized-PB12/sroussel/NG/normalized-NG.dot_luby_10null20mast_rapportOE1.0_TMAX300_K192_cod1.opb.xz,27
OPT-LIN/normalized-PB12/sroussel/NG/normalized-NG.dot_luby_10null20mast_rapportOE1.0_TMAX300_K192_cod2.opb.xz,19
OPT-LIN/normalized-PB12/sroussel/NG/normalized-NG.dot_luby_10null20mast_rapportOE1.0_TMAX60_K192_cod1.opb.xz,27
OPT-LIN/normalized-PB12/sroussel/NG/normalized-NG.dot_luby_10null20mast_rapportOE1.0_TMAX60_K192_cod2.opb.xz,19
OPT-LIN/normalized-PB12/sroussel/NG/normalized-NG.dot_luby_10null20mast_rapportOE2.0_TMAX120_K192_cod1.opb.xz,27
OPT-LIN/normalized-PB12/sroussel/NG/normalized-NG.dot_luby_10null20mast_rapportOE2.0_TMAX120_K192_cod2.opb.xz,19
OPT-LIN/normalized-PB12/sroussel/NG/normalized-NG.dot_luby_10null20mast_rapportOE2.0_TMAX15_K192_cod1.opb.xz,27
OPT-LIN/normalized-PB12/sroussel/NG/normalized-NG.dot_luby_10null20mast_rapportOE2.0_TMAX15_K192_cod2.opb.xz,19
OPT-LIN/normalized-PB12/sroussel/NG/normalized-NG.dot_luby_10null20mast_rapportOE2.0_TMAX180_K192_cod1.opb.xz,27
OPT-LIN/normalized-PB12/sroussel/NG/normalized-NG.dot_luby_10null20mast_rapportOE2.0_TMAX180_K192_cod2.opb.xz,19
OPT-LIN/normalized-PB12/sroussel/NG/normalized-NG.dot_luby_10null20mast_rapportOE2.0_TMAX300_K192_cod1.opb.xz,27
OPT-LIN/normalized-PB12/sroussel/NG/normalized-NG.dot_luby_10null20mast_rapportOE2.0_TMAX300_K192_cod2.opb.xz,19
OPT-LIN/normalized-PB12/sroussel/NG/normalized-NG.dot_luby_10null20mast_rapportOE2.0_TMAX60_K192_cod1.opb.xz,27
OPT-LIN/normalized-PB12/sroussel/NG/normalized-NG.dot_luby_10null20mast_rapportOE2.0_TMAX60_K192_cod2.opb.xz,19
OPT-LIN/normalized-PB12/sroussel/NG/normalized-NG.dot_luby_10null50mast_rapportOE1.0_TMAX120_K192_cod1.opb.xz,28
OPT-LIN/normalized-PB12/sroussel/NG/normalized-NG.dot_luby_10null50mast_rapportOE1.0_TMAX120_K192_cod2.opb.xz,20
OPT-LIN/normalized-PB12/sroussel/NG/normalized-NG.dot_luby_10null50mast_rapportOE1.0_TMAX15_K192_cod1.opb.xz,28
OPT-LIN/normalized-PB12/sroussel/NG/normalized-NG.dot_luby_10null50mast_rapportOE1.0_TMAX15_K192_cod2.opb.xz,20
OPT-LIN/normalized-PB12/sroussel/NG/normalized-NG.dot_luby_10null50mast_rapportOE1.0_TMAX180_K192_cod1.opb.xz,28
OPT-LIN/normalized-PB12/sroussel/NG/normalized-NG.dot_luby_10null50mast_rapportOE1.0_TMAX180_K192_cod2.opb.xz,20
OPT-LIN/normalized-PB12/sroussel/NG/normalized-NG.dot_luby_10null50mast_rapportOE1.0_TMAX300_K192_cod1.opb.xz,28
OPT-LIN/normalized-PB12/sroussel/NG/normalized-NG.dot_luby_10null50mast_rapportOE1.0_TMAX300_K192_cod2.opb.xz,20
OPT-LIN/normalized-PB12/sroussel/NG/normalized-NG.dot_luby_10null50mast_rapportOE1.0_TMAX60_K192_cod1.opb.xz,28
OPT-LIN/normalized-PB12/sroussel/NG/normalized-NG.dot_luby_10null50mast_rapportOE1.0_TMAX60_K192_cod2.opb.xz,20
OPT-LIN/normalized-PB12/sroussel/NG/normalized-NG.dot_luby_10null50mast_rapportOE2.0_TMAX120_K192_cod1.opb.xz,28
OPT-LIN/normalized-PB12/sroussel/NG/normalized-NG.dot_luby_10null50mast_rapportOE2.0_TMAX120_K192_cod2.opb.xz,20
OPT-LIN/normalized-PB12/sroussel/NG/normalized-NG.dot_luby_10null50mast_rapportOE2.0_TMAX15_K192_cod1.opb.xz,28
OPT-LIN/normalized-PB12/sroussel/NG/normalized-NG.dot_luby_10null50mast_rapportOE2.0_TMAX15_K192_cod2.opb.xz,20
OPT-LIN/normalized-PB12/sroussel/NG/normalized-NG.dot_luby_10null50mast_rapportOE2.0_TMAX180_K192_cod1.opb.xz,28
OPT-LIN/normalized-PB12/sroussel/NG/normalized-NG.dot_luby_10null50mast_rapportOE2.0_TMAX180_K192_cod2.opb.xz,20
OPT-LIN/normalized-PB12/sroussel/NG/normalized-NG.dot_luby_10null50mast_rapportOE2.0_TMAX300_K192_cod1.opb.xz,28
OPT-LIN/normalized-PB12/sroussel/NG/normalized-NG.dot_luby_10null50mast_rapportOE2.0_TMAX300_K192_cod2.opb.xz,20
OPT-LIN/normalized-PB12/sroussel/NG/normalized-NG.dot_luby_10null50mast_rapportOE2.0_TMAX60_K192_cod1.opb.xz,28
OPT-LIN/normalized-PB12/sroussel/NG/normalized-NG.dot_luby_10null50mast_rapportOE2.0_TMAX60_K192_cod2.opb.xz,20
OPT-LIN/normalized-PB12/sroussel/NG/normalized-NG.dot_luby_20null0mast_rapportOE1.0_TMAX120_K192_cod1.opb.xz,21
OPT-LIN/normalized-PB12/sroussel/NG/normalized-NG.dot_luby_20null0mast_rapportOE1.0_TMAX120_K192_cod2.opb.xz,16
OPT-LIN/normalized-PB12/sroussel/NG/normalized-NG.dot_luby_20null0mast_rapportOE1.0_TMAX15_K192_cod1.opb.xz,21
OPT-LIN/normalized-PB12/sroussel/NG/normalized-NG.dot_luby_20null0mast_rapportOE1.0_TMAX15_K192_cod2.opb.xz,16
OPT-LIN/normalized-PB12/sroussel/NG/normalized-NG.dot_luby_20null0mast_rapportOE1.0_TMAX180_K192_cod1.opb.xz,21
OPT-LIN/normalized-PB12/sroussel/NG/normalized-NG.dot_luby_20null0mast_rapportOE1.0_TMAX180_K192_cod2.opb.xz,16
OPT-LIN/normalized-PB12/sroussel/NG/normalized-NG.dot_luby_20null0mast_rapportOE1.0_TMAX300_K192_cod1.opb.xz,21
OPT-LIN/normalized-PB12/sroussel/NG/normalized-NG.dot_luby_20null0mast_rapportOE1.0_TMAX300_K192_cod2.opb.xz,16
OPT-LIN/normalized-PB12/sroussel/NG/normalized-NG.dot_luby_20null0mast_rapportOE1.0_TMAX60_K192_cod1.opb.xz,21
OPT-LIN/normalized-PB12/sroussel/NG/normalized-NG.dot_luby_20null0mast_rapportOE1.0_TMAX60_K192_cod2.opb.xz,16
OPT-LIN/normalized-PB12/sroussel/NG/normalized-NG.dot_luby_20null0mast_rapportOE2.0_TMAX120_K192_cod1.opb.xz,21
OPT-LIN/normalized-PB12/sroussel/NG/normalized-NG.dot_luby_20null0mast_rapportOE2.0_TMAX120_K192_cod2.opb.xz,17
OPT-LIN/normalized-PB12/sroussel/NG/normalized-NG.dot_luby_20null0mast_rapportOE2.0_TMAX15_K192_cod1.opb.xz,21
OPT-LIN/normalized-PB12/sroussel/NG/normalized-NG.dot_luby_20null0mast_rapportOE2.0_TMAX15_K192_cod2.opb.xz,17
OPT-LIN/normalized-PB12/sroussel/NG/normalized-NG.dot_luby_20null0mast_rapportOE2.0_TMAX180_K192_cod1.opb.xz,21
OPT-LIN/normalized-PB12/sroussel/NG/normalized-NG.dot_luby_20null0mast_rapportOE2.0_TMAX180_K192_cod2.opb.xz,17
OPT-LIN/normalized-PB12/sroussel/NG/normalized-NG.dot_luby_20null0mast_rapportOE2.0_TMAX300_K192_cod1.opb.xz,21
OPT-LIN/normalized-PB12/sroussel/NG/normalized-NG.dot_luby_20null0mast_rapportOE2.0_TMAX300_K192_cod2.opb.xz,17
OPT-LIN/normalized-PB12/sroussel/NG/normalized-NG.dot_luby_20null0mast_rapportOE2.0_TMAX60_K192_cod1.opb.xz,21
OPT-LIN/normalized-PB12/sroussel/NG/normalized-NG.dot_luby_20null0mast_rapportOE2.0_TMAX60_K192_cod2.opb.xz,16
OPT-LIN/normalized-PB12/sroussel/NG/normalized-NG.dot_luby_20null10mast_rapportOE1.0_TMAX120_K192_cod1.opb.xz,26
OPT-LIN/normalized-PB12/sroussel/NG/normalized-NG.dot_luby_20null10mast_rapportOE1.0_TMAX120_K192_cod2.opb.xz,18
OPT-LIN/normalized-PB12/sroussel/NG/normalized-NG.dot_luby_20null10mast_rapportOE1.0_TMAX15_K192_cod1.opb.xz,26
OPT-LIN/normalized-PB12/sroussel/NG/normalized-NG.dot_luby_20null10mast_rapportOE1.0_TMAX15_K192_cod2.opb.xz,18
OPT-LIN/normalized-PB12/sroussel/NG/normalized-NG.dot_luby_20null10mast_rapportOE1.0_TMAX180_K192_cod1.opb.xz,26
OPT-LIN/normalized-PB12/sroussel/NG/normalized-NG.dot_luby_20null10mast_rapportOE1.0_TMAX180_K192_cod2.opb.xz,18
OPT-LIN/normalized-PB12/sroussel/NG/normalized-NG.dot_luby_20null10mast_rapportOE1.0_TMAX300_K192_cod1.opb.xz,26
OPT-LIN/normalized-PB12/sroussel/NG/normalized-NG.dot_luby_20null10mast_rapportOE1.0_TMAX300_K192_cod2.opb.xz,18
OPT-LIN/normalized-PB12/sroussel/NG/normalized-NG.dot_luby_20null10mast_rapportOE1.0_TMAX60_K192_cod1.opb.xz,26
OPT-LIN/normalized-PB12/sroussel/NG/normalized-NG.dot_luby_20null10mast_rapportOE1.0_TMAX60_K192_cod2.opb.xz,18
OPT-LIN/normalized-PB12/sroussel/NG/normalized-NG.dot_luby_20null10mast_rapportOE2.0_TMAX120_K192_cod1.opb.xz,26
OPT-LIN/normalized-PB12/sroussel/NG/normalized-NG.dot_luby_20null10mast_rapportOE2.0_TMAX120_K192_cod2.opb.xz,18
OPT-LIN/normalized-PB12/sroussel/NG/normalized-NG.dot_luby_20null10mast_rapportOE2.0_TMAX15_K192_cod1.opb.xz,26
OPT-LIN/normalized-PB12/sroussel/NG/normalized-NG.dot_luby_20null10mast_rapportOE2.0_TMAX15_K192_cod2.opb.xz,18
OPT-LIN/normalized-PB12/sroussel/NG/normalized-NG.dot_luby_20null10mast_rapportOE2.0_TMAX180_K192_cod1.opb.xz,26
OPT-LIN/normalized-PB12/sroussel/NG/normalized-NG.dot_luby_20null10mast_rapportOE2.0_TMAX180_K192_cod2.opb.xz,18
OPT-LIN/normalized-PB12/sroussel/NG/normalized-NG.dot_luby_20null10mast_rapportOE2.0_TMAX300_K192_cod1.opb.xz,26
OPT-LIN/normalized-PB12/sroussel/NG/normalized-NG.dot_luby_20null10mast_rapportOE2.0_TMAX300_K192_cod2.opb.xz,18
OPT-LIN/normalized-PB12/sroussel/NG/normalized-NG.dot_luby_20null10mast_rapportOE2.0_TMAX60_K192_cod1.opb.xz,26
OPT-LIN/normalized-PB12/sroussel/NG/normalized-NG.dot_luby_20null10mast_rapportOE2.0_TMAX60_K192_cod2.opb.xz,18
OPT-LIN/normalized-PB12/sroussel/NG/normalized-NG.dot_luby_20null20mast_rapportOE1.0_TMAX120_K192_cod1.opb.xz,27
OPT-LIN/normalized-PB12/sroussel/NG/normalized-NG.dot_luby_20null20mast_rapportOE1.0_TMAX120_K192_cod2.opb.xz,19
OPT-LIN/normalized-PB12/sroussel/NG/normalized-NG.dot_luby_20null20mast_rapportOE1.0_TMAX15_K192_cod1.opb.xz,27
OPT-LIN/normalized-PB12/sroussel/NG/normalized-NG.dot_luby_20null20mast_rapportOE1.0_TMAX15_K192_cod2.opb.xz,19
OPT-LIN/normalized-PB12/sroussel/NG/normalized-NG.dot_luby_20null20mast_rapportOE1.0_TMAX180_K192_cod1.opb.xz,27
OPT-LIN/normalized-PB12/sroussel/NG/normalized-NG.dot_luby_20null20mast_rapportOE1.0_TMAX180_K192_cod2.opb.xz,19
OPT-LIN/normalized-PB12/sroussel/NG/normalized-NG.dot_luby_20null20mast_rapportOE1.0_TMAX300_K192_cod1.opb.xz,27
OPT-LIN/normalized-PB12/sroussel/NG/normalized-NG.dot_luby_20null20mast_rapportOE1.0_TMAX300_K192_cod2.opb.xz,19
OPT-LIN/normalized-PB12/sroussel/NG/normalized-NG.dot_luby_20null20mast_rapportOE1.0_TMAX60_K192_cod1.opb.xz,27
OPT-LIN/normalized-PB12/sroussel/NG/normalized-NG.dot_luby_20null20mast_rapportOE1.0_TMAX60_K192_cod2.opb.xz,19
OPT-LIN/normalized-PB12/sroussel/NG/normalized-NG.dot_luby_20null20mast_rapportOE2.0_TMAX120_K192_cod1.opb.xz,27
OPT-LIN/normalized-PB12/sroussel/NG/normalized-NG.dot_luby_20null20mast_rapportOE2.0_TMAX120_K192_cod2.opb.xz,19
OPT-LIN/normalized-PB12/sroussel/NG/normalized-NG.dot_luby_20null20mast_rapportOE2.0_TMAX15_K192_cod1.opb.xz,27
OPT-LIN/normalized-PB12/sroussel/NG/normalized-NG.dot_luby_20null20mast_rapportOE2.0_TMAX15_K192_cod2.opb.xz,19
OPT-LIN/normalized-PB12/sroussel/NG/normalized-NG.dot_luby_20null20mast_rapportOE2.0_TMAX180_K192_cod1.opb.xz,27
OPT-LIN/normalized-PB12/sroussel/NG/normalized-NG.dot_luby_20null20mast_rapportOE2.0_TMAX180_K192_cod2.opb.xz,19
OPT-LIN/normalized-PB12/sroussel/NG/normalized-NG.dot_luby_20null20mast_rapportOE2.0_TMAX300_K192_cod1.opb.xz,27
OPT-LIN/normalized-PB12/sroussel/NG/normalized-NG.dot_luby_20null20mast_rapportOE2.0_TMAX300_K192_cod2.opb.xz,19
OPT-LIN/normalized-PB12/sroussel/NG/normalized-NG.dot_luby_20null20mast_rapportOE2.0_TMAX60_K192_cod1.opb.xz,27
OPT-LIN/normalized-PB12/sroussel/NG/normalized-NG.dot_luby_20null20mast_rapportOE2.0_TMAX60_K192_cod2.opb.xz,19
OPT-LIN/normalized-PB12/sroussel/NG/normalized-NG.dot_luby_20null50mast_rapportOE1.0_TMAX120_K192_cod1.opb.xz,28
OPT-LIN/normalized-PB12/sroussel/NG/normalized-NG.dot_luby_20null50mast_rapportOE1.0_TMAX120_K192_cod2.opb.xz,20
OPT-LIN/normalized-PB12/sroussel/NG/normalized-NG.dot_luby_20null50mast_rapportOE1.0_TMAX15_K192_cod1.opb.xz,28
OPT-LIN/normalized-PB12/sroussel/NG/normalized-NG.dot_luby_20null50mast_rapportOE1.0_TMAX15_K192_cod2.opb.xz,20
OPT-LIN/normalized-PB12/sroussel/NG/normalized-NG.dot_luby_20null50mast_rapportOE1.0_TMAX180_K192_cod1.opb.xz,28
OPT-LIN/normalized-PB12/sroussel/NG/normalized-NG.dot_luby_20null50mast_rapportOE1.0_TMAX180_K192_cod2.opb.xz,20
OPT-LIN/normalized-PB12/sroussel/NG/normalized-NG.dot_luby_20null50mast_rapportOE1.0_TMAX300_K192_cod1.opb.xz,28
OPT-LIN/normalized-PB12/sroussel/NG/normalized-NG.dot_luby_20null50mast_rapportOE1.0_TMAX300_K192_cod2.opb.xz,20
OPT-LIN/normalized-PB12/sroussel/NG/normalized-NG.dot_luby_20null50mast_rapportOE1.0_TMAX60_K192_cod1.opb.xz,28
OPT-LIN/normalized-PB12/sroussel/NG/normalized-NG.dot_luby_20null50mast_rapportOE1.0_TMAX60_K192_cod2.opb.xz,20
OPT-LIN/normalized-PB12/sroussel/NG/normalized-NG.dot_luby_20null50mast_rapportOE2.0_TMAX120_K192_cod1.opb.xz,28
OPT-LIN/normalized-PB12/sroussel/NG/normalized-NG.dot_luby_20null50mast_rapportOE2.0_TMAX120_K192_cod2.opb.xz,20
OPT-LIN/normalized-PB12/sroussel/NG/normalized-NG.dot_luby_20null50mast_rapportOE2.0_TMAX15_K192_cod1.opb.xz,28
OPT-LIN/normalized-PB12/sroussel/NG/normalized-NG.dot_luby_20null50mast_rapportOE2.0_TMAX15_K192_cod2.opb.xz,20
OPT-LIN/normalized-PB12/sroussel/NG/normalized-NG.dot_luby_20null50mast_rapportOE2.0_TMAX180_K192_cod1.opb.xz,28
OPT-LIN/normalized-PB12/sroussel/NG/normalized-NG.dot_luby_20null50mast_rapportOE2.0_TMAX180_K192_cod2.opb.xz,20
OPT-LIN/normalized-PB12/sroussel/NG/normalized-NG.dot_luby_20null50mast_rapportOE2.0_TMAX300_K192_cod1.opb.xz,28
OPT-LIN/normalized-PB12/sroussel/NG/normalized-NG.dot_luby_20null50mast_rapportOE2.0_TMAX300_K192_cod2.opb.xz,20
OPT-LIN/normalized-PB12/sroussel/NG/normalized-NG.dot_luby_20null50mast_rapportOE2.0_TMAX60_K192_cod1.opb.xz,28
OPT-LIN/normalized-PB12/sroussel/NG/normalized-NG.dot_luby_20null50mast_rapportOE2.0_TMAX60_K192_cod2.opb.xz,20
OPT-LIN/normalized-PB12/sroussel/NG/normalized-NG.dot_luby_50null0mast_rapportOE1.0_TMAX120_K192_cod1.opb.xz,20
OPT-LIN/normalized-PB12/sroussel/NG/normalized-NG.dot_luby_50null0mast_rapportOE1.0_TMAX120_K192_cod2.opb.xz,16
OPT-LIN/normalized-PB12/sroussel/NG/normalized-NG.dot_luby_50null0mast_rapportOE1.0_TMAX15_K192_cod1.opb.xz,20
OPT-LIN/normalized-PB12/sroussel/NG/normalized-NG.dot_luby_50null0mast_rapportOE1.0_TMAX15_K192_cod2.opb.xz,16
OPT-LIN/normalized-PB12/sroussel/NG/normalized-NG.dot_luby_50null0mast_rapportOE1.0_TMAX180_K192_cod1.opb.xz,20
OPT-LIN/normalized-PB12/sroussel/NG/normalized-NG.dot_luby_50null0mast_rapportOE1.0_TMAX180_K192_cod2.opb.xz,16
OPT-LIN/normalized-PB12/sroussel/NG/normalized-NG.dot_luby_50null0mast_rapportOE1.0_TMAX300_K192_cod1.opb.xz,20
OPT-LIN/normalized-PB12/sroussel/NG/normalized-NG.dot_luby_50null0mast_rapportOE1.0_TMAX300_K192_cod2.opb.xz,16
OPT-LIN/normalized-PB12/sroussel/NG/normalized-NG.dot_luby_50null0mast_rapportOE1.0_TMAX60_K192_cod1.opb.xz,20
OPT-LIN/normalized-PB12/sroussel/NG/normalized-NG.dot_luby_50null0mast_rapportOE1.0_TMAX60_K192_cod2.opb.xz,16
OPT-LIN/normalized-PB12/sroussel/NG/normalized-NG.dot_luby_50null0mast_rapportOE2.0_TMAX120_K192_cod1.opb.xz,21
OPT-LIN/normalized-PB12/sroussel/NG/normalized-NG.dot_luby_50null0mast_rapportOE2.0_TMAX120_K192_cod2.opb.xz,16
OPT-LIN/normalized-PB12/sroussel/NG/normalized-NG.dot_luby_50null0mast_rapportOE2.0_TMAX15_K192_cod1.opb.xz,21
OPT-LIN/normalized-PB12/sroussel/NG/normalized-NG.dot_luby_50null0mast_rapportOE2.0_TMAX15_K192_cod2.opb.xz,16
OPT-LIN/normalized-PB12/sroussel/NG/normalized-NG.dot_luby_50null0mast_rapportOE2.0_TMAX180_K192_cod1.opb.xz,21
OPT-LIN/normalized-PB12/sroussel/NG/normalized-NG.dot_luby_50null0mast_rapportOE2.0_TMAX180_K192_cod2.opb.xz,16
OPT-LIN/normalized-PB12/sroussel/NG/normalized-NG.dot_luby_50null0mast_rapportOE2.0_TMAX300_K192_cod1.opb.xz,21
OPT-LIN/normalized-PB12/sroussel/NG/normalized-NG.dot_luby_50null0mast_rapportOE2.0_TMAX300_K192_cod2.opb.xz,16
OPT-LIN/normalized-PB12/sroussel/NG/normalized-NG.dot_luby_50null0mast_rapportOE2.0_TMAX60_K192_cod1.opb.xz,21
OPT-LIN/normalized-PB12/sroussel/NG/normalized-NG.dot_luby_50null0mast_rapportOE2.0_TMAX60_K192_cod2.opb.xz,16
OPT-LIN/normalized-PB12/sroussel/NG/normalized-NG.dot_luby_50null10mast_rapportOE1.0_TMAX120_K192_cod1.opb.xz,26
OPT-LIN/normalized-PB12/sroussel/NG/normalized-NG.dot_luby_50null10mast_rapportOE1.0_TMAX120_K192_cod2.opb.xz,18
OPT-LIN/normalized-PB12/sroussel/NG/normalized-NG.dot_luby_50null10mast_rapportOE1.0_TMAX15_K192_cod1.opb.xz,26
OPT-LIN/normalized-PB12/sroussel/NG/normalized-NG.dot_luby_50null10mast_rapportOE1.0_TMAX15_K192_cod2.opb.xz,18
OPT-LIN/normalized-PB12/sroussel/NG/normalized-NG.dot_luby_50null10mast_rapportOE1.0_TMAX180_K192_cod1.opb.xz,26
OPT-LIN/normalized-PB12/sroussel/NG/normalized-NG.dot_luby_50null10mast_rapportOE1.0_TMAX180_K192_cod2.opb.xz,18
OPT-LIN/normalized-PB12/sroussel/NG/normalized-NG.dot_luby_50null10mast_rapportOE1.0_TMAX300_K192_cod1.opb.xz,26
OPT-LIN/normalized-PB12/sroussel/NG/normalized-NG.dot_luby_50null10mast_rapportOE1.0_TMAX300_K192_cod2.opb.xz,18
OPT-LIN/normalized-PB12/sroussel/NG/normalized-NG.dot_luby_50null10mast_rapportOE1.0_TMAX60_K192_cod1.opb.xz,26
OPT-LIN/normalized-PB12/sroussel/NG/normalized-NG.dot_luby_50null10mast_rapportOE1.0_TMAX60_K192_cod2.opb.xz,18
OPT-LIN/normalized-PB12/sroussel/NG/normalized-NG.dot_luby_50null10mast_rapportOE2.0_TMAX120_K192_cod1.opb.xz,26
OPT-LIN/normalized-PB12/sroussel/NG/normalized-NG.dot_luby_50null10mast_rapportOE2.0_TMAX120_K192_cod2.opb.xz,18
OPT-LIN/normalized-PB12/sroussel/NG/normalized-NG.dot_luby_50null10mast_rapportOE2.0_TMAX15_K192_cod1.opb.xz,26
OPT-LIN/normalized-PB12/sroussel/NG/normalized-NG.dot_luby_50null10mast_rapportOE2.0_TMAX15_K192_cod2.opb.xz,18
OPT-LIN/normalized-PB12/sroussel/NG/normalized-NG.dot_luby_50null10mast_rapportOE2.0_TMAX180_K192_cod1.opb.xz,26
OPT-LIN/normalized-PB12/sroussel/NG/normalized-NG.dot_luby_50null10mast_rapportOE2.0_TMAX180_K192_cod2.opb.xz,18
OPT-LIN/normalized-PB12/sroussel/NG/normalized-NG.dot_luby_50null10mast_rapportOE2.0_TMAX300_K192_cod1.opb.xz,26
OPT-LIN/normalized-PB12/sroussel/NG/normalized-NG.dot_luby_50null10mast_rapportOE2.0_TMAX300_K192_cod2.opb.xz,18
OPT-LIN/normalized-PB12/sroussel/NG/normalized-NG.dot_luby_50null10mast_rapportOE2.0_TMAX60_K192_cod1.opb.xz,26
OPT-LIN/normalized-PB12/sroussel/NG/normalized-NG.dot_luby_50null10mast_rapportOE2.0_TMAX60_K192_cod2.opb.xz,18
OPT-LIN/normalized-PB12/sroussel/NG/normalized-NG.dot_luby_50null20mast_rapportOE1.0_TMAX120_K192_cod1.opb.xz,27
OPT-LIN/normalized-PB12/sroussel/NG/normalized-NG.dot_luby_50null20mast_rapportOE1.0_TMAX120_K192_cod2.opb.xz,19
OPT-LIN/normalized-PB12/sroussel/NG/normalized-NG.dot_luby_50null20mast_rapportOE1.0_TMAX15_K192_cod1.opb.xz,27
OPT-LIN/normalized-PB12/sroussel/NG/normalized-NG.dot_luby_50null20mast_rapportOE1.0_TMAX15_K192_cod2.opb.xz,19
OPT-LIN/normalized-PB12/sroussel/NG/normalized-NG.dot_luby_50null20mast_rapportOE1.0_TMAX180_K192_cod1.opb.xz,27
OPT-LIN/normalized-PB12/sroussel/NG/normalized-NG.dot_luby_50null20mast_rapportOE1.0_TMAX180_K192_cod2.opb.xz,19
OPT-LIN/normalized-PB12/sroussel/NG/normalized-NG.dot_luby_50null20mast_rapportOE1.0_TMAX300_K192_cod1.opb.xz,27
OPT-LIN/normalized-PB12/sroussel/NG/normalized-NG.dot_luby_50null20mast_rapportOE1.0_TMAX300_K192_cod2.opb.xz,19
OPT-LIN/normalized-PB12/sroussel/NG/normalized-NG.dot_luby_50null20mast_rapportOE1.0_TMAX60_K192_cod1.opb.xz,27
OPT-LIN/normalized-PB12/sroussel/NG/normalized-NG.dot_luby_50null20mast_rapportOE1.0_TMAX60_K192_cod2.opb.xz,19
OPT-LIN/normalized-PB12/sroussel/NG/normalized-NG.dot_luby_50null20mast_rapportOE2.0_TMAX120_K192_cod1.opb.xz,27
OPT-LIN/normalized-PB12/sroussel/NG/normalized-NG.dot_luby_50null20mast_rapportOE2.0_TMAX120_K192_cod2.opb.xz,19
OPT-LIN/normalized-PB12/sroussel/NG/normalized-NG.dot_luby_50null20mast_rapportOE2.0_TMAX15_K192_cod1.opb.xz,27
OPT-LIN/normalized-PB12/sroussel/NG/normalized-NG.dot_luby_50null20mast_rapportOE2.0_TMAX15_K192_cod2.opb.xz,19
OPT-LIN/normalized-PB12/sroussel/NG/normalized-NG.dot_luby_50null20mast_rapportOE2.0_TMAX180_K192_cod1.opb.xz,27
OPT-LIN/normalized-PB12/sroussel/NG/normalized-NG.dot_luby_50null20mast_rapportOE2.0_TMAX180_K192_cod2.opb.xz,19
OPT-LIN/normalized-PB12/sroussel/NG/normalized-NG.dot_luby_50null20mast_rapportOE2.0_TMAX300_K192_cod1.opb.xz,27
OPT-LIN/normalized-PB12/sroussel/NG/normalized-NG.dot_luby_50null20mast_rapportOE2.0_TMAX300_K192_cod2.opb.xz,19
OPT-LIN/normalized-PB12/sroussel/NG/normalized-NG.dot_luby_50null20mast_rapportOE2.0_TMAX60_K192_cod1.opb.xz,27
OPT-LIN/normalized-PB12/sroussel/NG/normalized-NG.dot_luby_50null20mast_rapportOE2.0_TMAX60_K192_cod2.opb.xz,19
OPT-LIN/normalized-PB12/sroussel/NG/normalized-NG.dot_luby_50null50mast_rapportOE1.0_TMAX120_K192_cod1.opb.xz,28
OPT-LIN/normalized-PB12/sroussel/NG/normalized-NG.dot_luby_50null50mast_rapportOE1.0_TMAX120_K192_cod2.opb.xz,20
OPT-LIN/normalized-PB12/sroussel/NG/normalized-NG.dot_luby_50null50mast_rapportOE1.0_TMAX15_K192_cod1.opb.xz,27
OPT-LIN/normalized-PB12/sroussel/NG/normalized-NG.dot_luby_50null50mast_rapportOE1.0_TMAX15_K192_cod2.opb.xz,20
OPT-LIN/normalized-PB12/sroussel/NG/normalized-NG.dot_luby_50null50mast_rapportOE1.0_TMAX180_K192_cod1.opb.xz,28
OPT-LIN/normalized-PB12/sroussel/NG/normalized-NG.dot_luby_50null50mast_rapportOE1.0_TMAX180_K192_cod2.opb.xz,20
OPT-LIN/normalized-PB12/sroussel/NG/normalized-NG.dot_luby_50null50mast_rapportOE1.0_TMAX300_K192_cod1.opb.xz,28
OPT-LIN/normalized-PB12/sroussel/NG/normalized-NG.dot_luby_50null50mast_rapportOE1.0_TMAX300_K192_cod2.opb.xz,16
OPT-LIN/normalized-PB12/sroussel/NG/normalized-NG.dot_luby_50null50mast_rapportOE1.0_TMAX60_K192_cod1.opb.xz,28
OPT-LIN/normalized-PB12/sroussel/NG/normalized-NG.dot_luby_50null50mast_rapportOE1.0_TMAX60_K192_cod2.opb.xz,20
OPT-LIN/normalized-PB12/sroussel/NG/normalized-NG.dot_luby_50null50mast_rapportOE2.0_TMAX120_K192_cod1.opb.xz,28
OPT-LIN/normalized-PB12/sroussel/NG/normalized-NG.dot_luby_50null50mast_rapportOE2.0_TMAX120_K192_cod2.opb.xz,20
OPT-LIN/normalized-PB12/sroussel/NG/normalized-NG.dot_luby_50null50mast_rapportOE2.0_TMAX15_K192_cod1.opb.xz,28
OPT-LIN/normalized-PB12/sroussel/NG/normalized-NG.dot_luby_50null50mast_rapportOE2.0_TMAX15_K192_cod2.opb.xz,20
OPT-LIN/normalized-PB12/sroussel/NG/normalized-NG.dot_luby_50null50mast_rapportOE2.0_TMAX180_K192_cod1.opb.xz,28
OPT-LIN/normalized-PB12/sroussel/NG/normalized-NG.dot_luby_50null50mast_rapportOE2.0_TMAX180_K192_cod2.opb.xz,20
OPT-LIN/normalized-PB12/sroussel/NG/normalized-NG.dot_luby_50null50mast_rapportOE2.0_TMAX300_K192_cod1.opb.xz,28
OPT-LIN/normalized-PB12/sroussel/NG/normalized-NG.dot_luby_50null50mast_rapportOE2.0_TMAX300_K192_cod2.opb.xz,20
OPT-LIN/normalized-PB12/sroussel/NG/normalized-NG.dot_luby_50null50mast_rapportOE2.0_TMAX60_K192_cod1.opb.xz,24
OPT-LIN/normalized-PB12/sroussel/NG/normalized-NG.dot_luby_50null50mast_rapportOE2.0_TMAX60_K192_cod2.opb.xz,19
OPT-LIN/normalized-PB12/sroussel/NG/normalized-NG.dot_unif_0null0mast_rapportOE1.0_TMAX120_K192_cod1.opb.xz,28
OPT-LIN/normalized-PB12/sroussel/NG/normalized-NG.dot_unif_0null0mast_rapportOE1.0_TMAX120_K192_cod2.opb.xz,20
OPT-LIN/normalized-PB12/sroussel/NG/normalized-NG.dot_unif_0null0mast_rapportOE1.0_TMAX15_K192_cod1.opb.xz,28
OPT-LIN/normalized-PB12/sroussel/NG/normalized-NG.dot_unif_0null0mast_rapportOE1.0_TMAX15_K192_cod2.opb.xz,20
OPT-LIN/normalized-PB12/sroussel/NG/normalized-NG.dot_unif_0null0mast_rapportOE1.0_TMAX180_K192_cod1.opb.xz,28
OPT-LIN/normalized-PB12/sroussel/NG/normalized-NG.dot_unif_0null0mast_rapportOE1.0_TMAX180_K192_cod2.opb.xz,20
OPT-LIN/normalized-PB12/sroussel/NG/normalized-NG.dot_unif_0null0mast_rapportOE1.0_TMAX300_K192_cod1.opb.xz,28
OPT-LIN/normalized-PB12/sroussel/NG/normalized-NG.dot_unif_0null0mast_rapportOE1.0_TMAX300_K192_cod2.opb.xz,20
OPT-LIN/normalized-PB12/sroussel/NG/normalized-NG.dot_unif_0null0mast_rapportOE1.0_TMAX60_K192_cod1.opb.xz,28
OPT-LIN/normalized-PB12/sroussel/NG/normalized-NG.dot_unif_0null0mast_rapportOE1.0_TMAX60_K192_cod2.opb.xz,20
OPT-LIN/normalized-PB12/sroussel/NG/normalized-NG.dot_unif_0null0mast_rapportOE2.0_TMAX120_K192_cod1.opb.xz,28
OPT-LIN/normalized-PB12/sroussel/NG/normalized-NG.dot_unif_0null0mast_rapportOE2.0_TMAX120_K192_cod2.opb.xz,20
OPT-LIN/normalized-PB12/sroussel/NG/normalized-NG.dot_unif_0null0mast_rapportOE2.0_TMAX15_K192_cod1.opb.xz,28
OPT-LIN/normalized-PB12/sroussel/NG/normalized-NG.dot_unif_0null0mast_rapportOE2.0_TMAX15_K192_cod2.opb.xz,20
OPT-LIN/normalized-PB12/sroussel/NG/normalized-NG.dot_unif_0null0mast_rapportOE2.0_TMAX180_K192_cod1.opb.xz,28
OPT-LIN/normalized-PB12/sroussel/NG/normalized-NG.dot_unif_0null0mast_rapportOE2.0_TMAX180_K192_cod2.opb.xz,20
OPT-LIN/normalized-PB12/sroussel/NG/normalized-NG.dot_unif_0null0mast_rapportOE2.0_TMAX300_K192_cod1.opb.xz,28
OPT-LIN/normalized-PB12/sroussel/NG/normalized-NG.dot_unif_0null0mast_rapportOE2.0_TMAX300_K192_cod2.opb.xz,20
OPT-LIN/normalized-PB12/sroussel/NG/normalized-NG.dot_unif_0null0mast_rapportOE2.0_TMAX60_K192_cod1.opb.xz,28
OPT-LIN/normalized-PB12/sroussel/NG/normalized-NG.dot_unif_0null0mast_rapportOE2.0_TMAX60_K192_cod2.opb.xz,20
OPT-LIN/normalized-PB12/sroussel/NG/normalized-NG.dot_unif_0null10mast_rapportOE1.0_TMAX120_K192_cod1.opb.xz,28
OPT-LIN/normalized-PB12/sroussel/NG/normalized-NG.dot_unif_0null10mast_rapportOE1.0_TMAX120_K192_cod2.opb.xz,20
OPT-LIN/normalized-PB12/sroussel/NG/normalized-NG.dot_unif_0null10mast_rapportOE1.0_TMAX15_K192_cod1.opb.xz,28
OPT-LIN/normalized-PB12/sroussel/NG/normalized-NG.dot_unif_0null10mast_rapportOE1.0_TMAX15_K192_cod2.opb.xz,20
OPT-LIN/normalized-PB12/sroussel/NG/normalized-NG.dot_unif_0null10mast_rapportOE1.0_TMAX180_K192_cod1.opb.xz,28
OPT-LIN/normalized-PB12/sroussel/NG/normalized-NG.dot_unif_0null10mast_rapportOE1.0_TMAX180_K192_cod2.opb.xz,20
OPT-LIN/normalized-PB12/sroussel/NG/normalized-NG.dot_unif_0null10mast_rapportOE1.0_TMAX300_K192_cod1.opb.xz,28
OPT-LIN/normalized-PB12/sroussel/NG/normalized-NG.dot_unif_0null10mast_rapportOE1.0_TMAX300_K192_cod2.opb.xz,20
OPT-LIN/normalized-PB12/sroussel/NG/normalized-NG.dot_unif_0null10mast_rapportOE1.0_TMAX60_K192_cod1.opb.xz,28
OPT-LIN/normalized-PB12/sroussel/NG/normalized-NG.dot_unif_0null10mast_rapportOE1.0_TMAX60_K192_cod2.opb.xz,20
OPT-LIN/normalized-PB12/sroussel/NG/normalized-NG.dot_unif_0null10mast_rapportOE2.0_TMAX120_K192_cod1.opb.xz,28
OPT-LIN/normalized-PB12/sroussel/NG/normalized-NG.dot_unif_0null10mast_rapportOE2.0_TMAX120_K192_cod2.opb.xz,20
OPT-LIN/normalized-PB12/sroussel/NG/normalized-NG.dot_unif_0null10mast_rapportOE2.0_TMAX15_K192_cod1.opb.xz,28
OPT-LIN/normalized-PB12/sroussel/NG/normalized-NG.dot_unif_0null10mast_rapportOE2.0_TMAX15_K192_cod2.opb.xz,20
OPT-LIN/normalized-PB12/sroussel/NG/normalized-NG.dot_unif_0null10mast_rapportOE2.0_TMAX180_K192_cod1.opb,28
OPT-LIN/normalized-PB12/sroussel/NG/normalized-NG.dot_unif_0null10mast_rapportOE2.0_TMAX180_K192_cod2.opb.xz,20
OPT-LIN/normalized-PB12/sroussel/NG/normalized-NG.dot_unif_0null10mast_rapportOE2.0_TMAX300_K192_cod1.opb.xz,28
OPT-LIN/normalized-PB12/sroussel/NG/normalized-NG.dot_unif_0null10mast_rapportOE2.0_TMAX300_K192_cod2.opb.xz,20
OPT-LIN/normalized-PB12/sroussel/NG/normalized-NG.dot_unif_0null10mast_rapportOE2.0_TMAX60_K192_cod1.opb.xz,28
OPT-LIN/normalized-PB12/sroussel/NG/normalized-NG.dot_unif_0null10mast_rapportOE2.0_TMAX60_K192_cod2.opb.xz,20
OPT-LIN/normalized-PB12/sroussel/NG/normalized-NG.dot_unif_0null20mast_rapportOE1.0_TMAX120_K192_cod1.opb.xz,28
OPT-LIN/normalized-PB12/sroussel/NG/normalized-NG.dot_unif_0null20mast_rapportOE1.0_TMAX120_K192_cod2.opb.xz,21
OPT-LIN/normalized-PB12/sroussel/NG/normalized-NG.dot_unif_0null20mast_rapportOE1.0_TMAX15_K192_cod1.opb.xz,28
OPT-LIN/normalized-PB12/sroussel/NG/normalized-NG.dot_unif_0null20mast_rapportOE1.0_TMAX15_K192_cod2.opb.xz,21
OPT-LIN/normalized-PB12/sroussel/NG/normalized-NG.dot_unif_0null20mast_rapportOE1.0_TMAX180_K192_cod1.opb.xz,28
OPT-LIN/normalized-PB12/sroussel/NG/normalized-NG.dot_unif_0null20mast_rapportOE1.0_TMAX180_K192_cod2.opb.xz,21
OPT-LIN/normalized-PB12/sroussel/NG/normalized-NG.dot_unif_0null20mast_rapportOE1.0_TMAX300_K192_cod1.opb.xz,28
OPT-LIN/normalized-PB12/sroussel/NG/normalized-NG.dot_unif_0null20mast_rapportOE1.0_TMAX300_K192_cod2.opb.xz,21
OPT-LIN/normalized-PB12/sroussel/NG/normalized-NG.dot_unif_0null20mast_rapportOE1.0_TMAX60_K192_cod1.opb.xz,28
OPT-LIN/normalized-PB12/sroussel/NG/normalized-NG.dot_unif_0null20mast_rapportOE1.0_TMAX60_K192_cod2.opb.xz,21
OPT-LIN/normalized-PB12/sroussel/NG/normalized-NG.dot_unif_0null20mast_rapportOE2.0_TMAX120_K192_cod1.opb.xz,28
OPT-LIN/normalized-PB12/sroussel/NG/normalized-NG.dot_unif_0null20mast_rapportOE2.0_TMAX120_K192_cod2.opb.xz,21
OPT-LIN/normalized-PB12/sroussel/NG/normalized-NG.dot_unif_0null20mast_rapportOE2.0_TMAX15_K192_cod1.opb.xz,28
OPT-LIN/normalized-PB12/sroussel/NG/normalized-NG.dot_unif_0null20mast_rapportOE2.0_TMAX15_K192_cod2.opb.xz,21
OPT-LIN/normalized-PB12/sroussel/NG/normalized-NG.dot_unif_0null20mast_rapportOE2.0_TMAX180_K192_cod1.opb.xz,28
OPT-LIN/normalized-PB12/sroussel/NG/normalized-NG.dot_unif_0null20mast_rapportOE2.0_TMAX180_K192_cod2.opb.xz,21
OPT-LIN/normalized-PB12/sroussel/NG/normalized-NG.dot_unif_0null20mast_rapportOE2.0_TMAX300_K192_cod1.opb.xz,28
OPT-LIN/normalized-PB12/sroussel/NG/normalized-NG.dot_unif_0null20mast_rapportOE2.0_TMAX300_K192_cod2.opb.xz,21
OPT-LIN/normalized-PB12/sroussel/NG/normalized-NG.dot_unif_0null20mast_rapportOE2.0_TMAX60_K192_cod1.opb.xz,28
OPT-LIN/normalized-PB12/sroussel/NG/normalized-NG.dot_unif_0null20mast_rapportOE2.0_TMAX60_K192_cod2.opb.xz,21
OPT-LIN/normalized-PB12/sroussel/NG/normalized-NG.dot_unif_0null50mast_rapportOE1.0_TMAX120_K192_cod1.opb.xz,28
OPT-LIN/normalized-PB12/sroussel/NG/normalized-NG.dot_unif_0null50mast_rapportOE1.0_TMAX120_K192_cod2.opb.xz,21
OPT-LIN/normalized-PB12/sroussel/NG/normalized-NG.dot_unif_0null50mast_rapportOE1.0_TMAX15_K192_cod1.opb.xz,28
OPT-LIN/normalized-PB12/sroussel/NG/normalized-NG.dot_unif_0null50mast_rapportOE1.0_TMAX15_K192_cod2.opb.xz,21
OPT-LIN/normalized-PB12/sroussel/NG/normalized-NG.dot_unif_0null50mast_rapportOE1.0_TMAX180_K192_cod1.opb.xz,28
OPT-LIN/normalized-PB12/sroussel/NG/normalized-NG.dot_unif_0null50mast_rapportOE1.0_TMAX180_K192_cod2.opb.xz,21
OPT-LIN/normalized-PB12/sroussel/NG/normalized-NG.dot_unif_0null50mast_rapportOE1.0_TMAX300_K192_cod1.opb.xz,28
OPT-LIN/normalized-PB12/sroussel/NG/normalized-NG.dot_unif_0null50mast_rapportOE1.0_TMAX300_K192_cod2.opb.xz,21
OPT-LIN/normalized-PB12/sroussel/NG/normalized-NG.dot_unif_0null50mast_rapportOE1.0_TMAX60_K192_cod1.opb.xz,28
OPT-LIN/normalized-PB12/sroussel/NG/normalized-NG.dot_unif_0null50mast_rapportOE1.0_TMAX60_K192_cod2.opb.xz,21
OPT-LIN/normalized-PB12/sroussel/NG/normalized-NG.dot_unif_0null50mast_rapportOE2.0_TMAX120_K192_cod1.opb.xz,28
OPT-LIN/normalized-PB12/sroussel/NG/normalized-NG.dot_unif_0null50mast_rapportOE2.0_TMAX120_K192_cod2.opb.xz,21
OPT-LIN/normalized-PB12/sroussel/NG/normalized-NG.dot_unif_0null50mast_rapportOE2.0_TMAX15_K192_cod1.opb.xz,28
OPT-LIN/normalized-PB12/sroussel/NG/normalized-NG.dot_unif_0null50mast_rapportOE2.0_TMAX15_K192_cod2.opb.xz,21
OPT-LIN/normalized-PB12/sroussel/NG/normalized-NG.dot_unif_0null50mast_rapportOE2.0_TMAX180_K192_cod1.opb.xz,28
OPT-LIN/normalized-PB12/sroussel/NG/normalized-NG.dot_unif_0null50mast_rapportOE2.0_TMAX180_K192_cod2.opb.xz,21
OPT-LIN/normalized-PB12/sroussel/NG/normalized-NG.dot_unif_0null50mast_rapportOE2.0_TMAX300_K192_cod1.opb.xz,28
OPT-LIN/normalized-PB12/sroussel/NG/normalized-NG.dot_unif_0null50mast_rapportOE2.0_TMAX300_K192_cod2.opb.xz,21
OPT-LIN/normalized-PB12/sroussel/NG/normalized-NG.dot_unif_0null50mast_rapportOE2.0_TMAX60_K192_cod1.opb.xz,28
OPT-LIN/normalized-PB12/sroussel/NG/normalized-NG.dot_unif_0null50mast_rapportOE2.0_TMAX60_K192_cod2.opb.xz,21
OPT-LIN/normalized-PB12/sroussel/NG/normalized-NG.dot_unif_10null0mast_rapportOE1.0_TMAX120_K192_cod1.opb.xz,28
OPT-LIN/normalized-PB12/sroussel/NG/normalized-NG.dot_unif_10null0mast_rapportOE1.0_TMAX120_K192_cod2.opb.xz,20
OPT-LIN/normalized-PB12/sroussel/NG/normalized-NG.dot_unif_10null0mast_rapportOE1.0_TMAX15_K192_cod1.opb.xz,28
OPT-LIN/normalized-PB12/sroussel/NG/normalized-NG.dot_unif_10null0mast_rapportOE1.0_TMAX15_K192_cod2.opb.xz,20
OPT-LIN/normalized-PB12/sroussel/NG/normalized-NG.dot_unif_10null0mast_rapportOE1.0_TMAX180_K192_cod1.opb.xz,28
OPT-LIN/normalized-PB12/sroussel/NG/normalized-NG.dot_unif_10null0mast_rapportOE1.0_TMAX180_K192_cod2.opb.xz,20
OPT-LIN/normalized-PB12/sroussel/NG/normalized-NG.dot_unif_10null0mast_rapportOE1.0_TMAX300_K192_cod1.opb.xz,28
OPT-LIN/normalized-PB12/sroussel/NG/normalized-NG.dot_unif_10null0mast_rapportOE1.0_TMAX300_K192_cod2.opb.xz,20
OPT-LIN/normalized-PB12/sroussel/NG/normalized-NG.dot_unif_10null0mast_rapportOE1.0_TMAX60_K192_cod1.opb.xz,28
OPT-LIN/normalized-PB12/sroussel/NG/normalized-NG.dot_unif_10null0mast_rapportOE1.0_TMAX60_K192_cod2.opb.xz,20
OPT-LIN/normalized-PB12/sroussel/NG/normalized-NG.dot_unif_10null0mast_rapportOE2.0_TMAX120_K192_cod1.opb.xz,28
OPT-LIN/normalized-PB12/sroussel/NG/normalized-NG.dot_unif_10null0mast_rapportOE2.0_TMAX120_K192_cod2.opb.xz,20
OPT-LIN/normalized-PB12/sroussel/NG/normalized-NG.dot_unif_10null0mast_rapportOE2.0_TMAX15_K192_cod1.opb.xz,28
OPT-LIN/normalized-PB12/sroussel/NG/normalized-NG.dot_unif_10null0mast_rapportOE2.0_TMAX15_K192_cod2.opb.xz,20
OPT-LIN/normalized-PB12/sroussel/NG/normalized-NG.dot_unif_10null0mast_rapportOE2.0_TMAX180_K192_cod1.opb.xz,28
OPT-LIN/normalized-PB12/sroussel/NG/normalized-NG.dot_unif_10null0mast_rapportOE2.0_TMAX180_K192_cod2.opb.xz,20
OPT-LIN/normalized-PB12/sroussel/NG/normalized-NG.dot_unif_10null0mast_rapportOE2.0_TMAX300_K192_cod1.opb.xz,28
OPT-LIN/normalized-PB12/sroussel/NG/normalized-NG.dot_unif_10null0mast_rapportOE2.0_TMAX300_K192_cod2.opb.xz,20
OPT-LIN/normalized-PB12/sroussel/NG/normalized-NG.dot_unif_10null0mast_rapportOE2.0_TMAX60_K192_cod1.opb.xz,28
OPT-LIN/normalized-PB12/sroussel/NG/normalized-NG.dot_unif_10null0mast_rapportOE2.0_TMAX60_K192_cod2.opb.xz,20
OPT-LIN/normalized-PB12/sroussel/NG/normalized-NG.dot_unif_10null10mast_rapportOE1.0_TMAX120_K192_cod1.opb.xz,28
OPT-LIN/normalized-PB12/sroussel/NG/normalized-NG.dot_unif_10null10mast_rapportOE1.0_TMAX120_K192_cod2.opb.xz,20
OPT-LIN/normalized-PB12/sroussel/NG/normalized-NG.dot_unif_10null10mast_rapportOE1.0_TMAX15_K192_cod1.opb.xz,28
OPT-LIN/normalized-PB12/sroussel/NG/normalized-NG.dot_unif_10null10mast_rapportOE1.0_TMAX15_K192_cod2.opb.xz,20
OPT-LIN/normalized-PB12/sroussel/NG/normalized-NG.dot_unif_10null10mast_rapportOE1.0_TMAX180_K192_cod1.opb.xz,28
OPT-LIN/normalized-PB12/sroussel/NG/normalized-NG.dot_unif_10null10mast_rapportOE1.0_TMAX180_K192_cod2.opb.xz,20
OPT-LIN/normalized-PB12/sroussel/NG/normalized-NG.dot_unif_10null10mast_rapportOE1.0_TMAX300_K192_cod1.opb.xz,28
OPT-LIN/normalized-PB12/sroussel/NG/normalized-NG.dot_unif_10null10mast_rapportOE1.0_TMAX300_K192_cod2.opb.xz,20
OPT-LIN/normalized-PB12/sroussel/NG/normalized-NG.dot_unif_10null10mast_rapportOE1.0_TMAX60_K192_cod1.opb.xz,28
OPT-LIN/normalized-PB12/sroussel/NG/normalized-NG.dot_unif_10null10mast_rapportOE1.0_TMAX60_K192_cod2.opb.xz,20
OPT-LIN/normalized-PB12/sroussel/NG/normalized-NG.dot_unif_10null10mast_rapportOE2.0_TMAX120_K192_cod1.opb.xz,28
OPT-LIN/normalized-PB12/sroussel/NG/normalized-NG.dot_unif_10null10mast_rapportOE2.0_TMAX120_K192_cod2.opb.xz,20
OPT-LIN/normalized-PB12/sroussel/NG/normalized-NG.dot_unif_10null10mast_rapportOE2.0_TMAX15_K192_cod1.opb.xz,28
OPT-LIN/normalized-PB12/sroussel/NG/normalized-NG.dot_unif_10null10mast_rapportOE2.0_TMAX15_K192_cod2.opb.xz,20
OPT-LIN/normalized-PB12/sroussel/NG/normalized-NG.dot_unif_10null10mast_rapportOE2.0_TMAX180_K192_cod1.opb.xz,28
OPT-LIN/normalized-PB12/sroussel/NG/normalized-NG.dot_unif_10null10mast_rapportOE2.0_TMAX180_K192_cod2.opb.xz,20
OPT-LIN/normalized-PB12/sroussel/NG/normalized-NG.dot_unif_10null10mast_rapportOE2.0_TMAX300_K192_cod1.opb.xz,28
OPT-LIN/normalized-PB12/sroussel/NG/normalized-NG.dot_unif_10null10mast_rapportOE2.0_TMAX300_K192_cod2.opb.xz,20
OPT-LIN/normalized-PB12/sroussel/NG/normalized-NG.dot_unif_10null10mast_rapportOE2.0_TMAX60_K192_cod1.opb.xz,28
OPT-LIN/normalized-PB12/sroussel/NG/normalized-NG.dot_unif_10null10mast_rapportOE2.0_TMAX60_K192_cod2.opb.xz,20
OPT-LIN/normalized-PB12/sroussel/NG/normalized-NG.dot_unif_10null20mast_rapportOE1.0_TMAX120_K192_cod1.opb.xz,28
OPT-LIN/normalized-PB12/sroussel/NG/normalized-NG.dot_unif_10null20mast_rapportOE1.0_TMAX120_K192_cod2.opb.xz,20
OPT-LIN/normalized-PB12/sroussel/NG/normalized-NG.dot_unif_10null20mast_rapportOE1.0_TMAX15_K192_cod1.opb.xz,28
OPT-LIN/normalized-PB12/sroussel/NG/normalized-NG.dot_unif_10null20mast_rapportOE1.0_TMAX15_K192_cod2.opb.xz,20
OPT-LIN/normalized-PB12/sroussel/NG/normalized-NG.dot_unif_10null20mast_rapportOE1.0_TMAX180_K192_cod1.opb.xz,28
OPT-LIN/normalized-PB12/sroussel/NG/normalized-NG.dot_unif_10null20mast_rapportOE1.0_TMAX180_K192_cod2.opb.xz,20
OPT-LIN/normalized-PB12/sroussel/NG/normalized-NG.dot_unif_10null20mast_rapportOE1.0_TMAX300_K192_cod1.opb.xz,28
OPT-LIN/normalized-PB12/sroussel/NG/normalized-NG.dot_unif_10null20mast_rapportOE1.0_TMAX300_K192_cod2.opb.xz,20
OPT-LIN/normalized-PB12/sroussel/NG/normalized-NG.dot_unif_10null20mast_rapportOE1.0_TMAX60_K192_cod1.opb.xz,28
OPT-LIN/normalized-PB12/sroussel/NG/normalized-NG.dot_unif_10null20mast_rapportOE1.0_TMAX60_K192_cod2.opb.xz,20
OPT-LIN/normalized-PB12/sroussel/NG/normalized-NG.dot_unif_10null20mast_rapportOE2.0_TMAX120_K192_cod1.opb.xz,28
OPT-LIN/normalized-PB12/sroussel/NG/normalized-NG.dot_unif_10null20mast_rapportOE2.0_TMAX120_K192_cod2.opb.xz,20
OPT-LIN/normalized-PB12/sroussel/NG/normalized-NG.dot_unif_10null20mast_rapportOE2.0_TMAX15_K192_cod1.opb.xz,28
OPT-LIN/normalized-PB12/sroussel/NG/normalized-NG.dot_unif_10null20mast_rapportOE2.0_TMAX15_K192_cod2.opb.xz,20
OPT-LIN/normalized-PB12/sroussel/NG/normalized-NG.dot_unif_10null20mast_rapportOE2.0_TMAX180_K192_cod1.opb.xz,28
OPT-LIN/normalized-PB12/sroussel/NG/normalized-NG.dot_unif_10null20mast_rapportOE2.0_TMAX180_K192_cod2.opb.xz,20
OPT-LIN/normalized-PB12/sroussel/NG/normalized-NG.dot_unif_10null20mast_rapportOE2.0_TMAX300_K192_cod1.opb.xz,28
OPT-LIN/normalized-PB12/sroussel/NG/normalized-NG.dot_unif_10null20mast_rapportOE2.0_TMAX300_K192_cod2.opb.xz,20
OPT-LIN/normalized-PB12/sroussel/NG/normalized-NG.dot_unif_10null20mast_rapportOE2.0_TMAX60_K192_cod1.opb.xz,28
OPT-LIN/normalized-PB12/sroussel/NG/normalized-NG.dot_unif_10null20mast_rapportOE2.0_TMAX60_K192_cod2.opb.xz,20
OPT-LIN/normalized-PB12/sroussel/NG/normalized-NG.dot_unif_10null50mast_rapportOE1.0_TMAX120_K192_cod1.opb.xz,28
OPT-LIN/normalized-PB12/sroussel/NG/normalized-NG.dot_unif_10null50mast_rapportOE1.0_TMAX120_K192_cod2.opb.xz,21
OPT-LIN/normalized-PB12/sroussel/NG/normalized-NG.dot_unif_10null50mast_rapportOE1.0_TMAX15_K192_cod1.opb.xz,28
OPT-LIN/normalized-PB12/sroussel/NG/normalized-NG.dot_unif_10null50mast_rapportOE1.0_TMAX15_K192_cod2.opb.xz,21
OPT-LIN/normalized-PB12/sroussel/NG/normalized-NG.dot_unif_10null50mast_rapportOE1.0_TMAX180_K192_cod1.opb.xz,28
OPT-LIN/normalized-PB12/sroussel/NG/normalized-NG.dot_unif_10null50mast_rapportOE1.0_TMAX180_K192_cod2.opb.xz,21
OPT-LIN/normalized-PB12/sroussel/NG/normalized-NG.dot_unif_10null50mast_rapportOE1.0_TMAX300_K192_cod1.opb.xz,28
OPT-LIN/normalized-PB12/sroussel/NG/normalized-NG.dot_unif_10null50mast_rapportOE1.0_TMAX300_K192_cod2.opb.xz,21
OPT-LIN/normalized-PB12/sroussel/NG/normalized-NG.dot_unif_10null50mast_rapportOE1.0_TMAX60_K192_cod1.opb.xz,28
OPT-LIN/normalized-PB12/sroussel/NG/normalized-NG.dot_unif_10null50mast_rapportOE1.0_TMAX60_K192_cod2.opb.xz,21
OPT-LIN/normalized-PB12/sroussel/NG/normalized-NG.dot_unif_10null50mast_rapportOE2.0_TMAX120_K192_cod1.opb.xz,28
OPT-LIN/normalized-PB12/sroussel/NG/normalized-NG.dot_unif_10null50mast_rapportOE2.0_TMAX120_K192_cod2.opb.xz,21
OPT-LIN/normalized-PB12/sroussel/NG/normalized-NG.dot_unif_10null50mast_rapportOE2.0_TMAX15_K192_cod1.opb.xz,28
OPT-LIN/normalized-PB12/sroussel/NG/normalized-NG.dot_unif_10null50mast_rapportOE2.0_TMAX15_K192_cod2.opb.xz,21
OPT-LIN/normalized-PB12/sroussel/NG/normalized-NG.dot_unif_10null50mast_rapportOE2.0_TMAX180_K192_cod1.opb.xz,28
OPT-LIN/normalized-PB12/sroussel/NG/normalized-NG.dot_unif_10null50mast_rapportOE2.0_TMAX180_K192_cod2.opb.xz,21
OPT-LIN/normalized-PB12/sroussel/NG/normalized-NG.dot_unif_10null50mast_rapportOE2.0_TMAX300_K192_cod1.opb.xz,28
OPT-LIN/normalized-PB12/sroussel/NG/normalized-NG.dot_unif_10null50mast_rapportOE2.0_TMAX300_K192_cod2.opb.xz,21
OPT-LIN/normalized-PB12/sroussel/NG/normalized-NG.dot_unif_10null50mast_rapportOE2.0_TMAX60_K192_cod1.opb.xz,28
OPT-LIN/normalized-PB12/sroussel/NG/normalized-NG.dot_unif_10null50mast_rapportOE2.0_TMAX60_K192_cod2.opb.xz,21
OPT-LIN/normalized-PB12/sroussel/NG/normalized-NG.dot_unif_20null0mast_rapportOE1.0_TMAX120_K192_cod1.opb.xz,28
OPT-LIN/normalized-PB12/sroussel/NG/normalized-NG.dot_unif_20null0mast_rapportOE1.0_TMAX120_K192_cod2.opb.xz,20
OPT-LIN/normalized-PB12/sroussel/NG/normalized-NG.dot_unif_20null0mast_rapportOE1.0_TMAX15_K192_cod1.opb.xz,27
OPT-LIN/normalized-PB12/sroussel/NG/normalized-NG.dot_unif_20null0mast_rapportOE1.0_TMAX15_K192_cod2.opb.xz,20
OPT-LIN/normalized-PB12/sroussel/NG/normalized-NG.dot_unif_20null0mast_rapportOE1.0_TMAX180_K192_cod1.opb.xz,28
OPT-LIN/normalized-PB12/sroussel/NG/normalized-NG.dot_unif_20null0mast_rapportOE1.0_TMAX180_K192_cod2.opb.xz,20
OPT-LIN/normalized-PB12/sroussel/NG/normalized-NG.dot_unif_20null0mast_rapportOE1.0_TMAX300_K192_cod1.opb.xz,28
OPT-LIN/normalized-PB12/sroussel/NG/normalized-NG.dot_unif_20null0mast_rapportOE1.0_TMAX300_K192_cod2.opb.xz,20
OPT-LIN/normalized-PB12/sroussel/NG/normalized-NG.dot_unif_20null0mast_rapportOE1.0_TMAX60_K192_cod1.opb.xz,28
OPT-LIN/normalized-PB12/sroussel/NG/normalized-NG.dot_unif_20null0mast_rapportOE1.0_TMAX60_K192_cod2.opb.xz,20
OPT-LIN/normalized-PB12/sroussel/NG/normalized-NG.dot_unif_20null0mast_rapportOE2.0_TMAX120_K192_cod1.opb.xz,28
OPT-LIN/normalized-PB12/sroussel/NG/normalized-NG.dot_unif_20null0mast_rapportOE2.0_TMAX120_K192_cod2.opb.xz,20
OPT-LIN/normalized-PB12/sroussel/NG/normalized-NG.dot_unif_20null0mast_rapportOE2.0_TMAX15_K192_cod1.opb.xz,28
OPT-LIN/normalized-PB12/sroussel/NG/normalized-NG.dot_unif_20null0mast_rapportOE2.0_TMAX15_K192_cod2.opb.xz,20
OPT-LIN/normalized-PB12/sroussel/NG/normalized-NG.dot_unif_20null0mast_rapportOE2.0_TMAX180_K192_cod1.opb.xz,28
OPT-LIN/normalized-PB12/sroussel/NG/normalized-NG.dot_unif_20null0mast_rapportOE2.0_TMAX180_K192_cod2.opb.xz,20
OPT-LIN/normalized-PB12/sroussel/NG/normalized-NG.dot_unif_20null0mast_rapportOE2.0_TMAX300_K192_cod1.opb.xz,28
OPT-LIN/normalized-PB12/sroussel/NG/normalized-NG.dot_unif_20null0mast_rapportOE2.0_TMAX300_K192_cod2.opb.xz,20
OPT-LIN/normalized-PB12/sroussel/NG/normalized-NG.dot_unif_20null0mast_rapportOE2.0_TMAX60_K192_cod1.opb.xz,28
OPT-LIN/normalized-PB12/sroussel/NG/normalized-NG.dot_unif_20null0mast_rapportOE2.0_TMAX60_K192_cod2.opb.xz,20
OPT-LIN/normalized-PB12/sroussel/NG/normalized-NG.dot_unif_20null10mast_rapportOE1.0_TMAX120_K192_cod1.opb.xz,28
OPT-LIN/normalized-PB12/sroussel/NG/normalized-NG.dot_unif_20null10mast_rapportOE1.0_TMAX120_K192_cod2.opb.xz,20
OPT-LIN/normalized-PB12/sroussel/NG/normalized-NG.dot_unif_20null10mast_rapportOE1.0_TMAX15_K192_cod1.opb.xz,28
OPT-LIN/normalized-PB12/sroussel/NG/normalized-NG.dot_unif_20null10mast_rapportOE1.0_TMAX15_K192_cod2.opb.xz,20
OPT-LIN/normalized-PB12/sroussel/NG/normalized-NG.dot_unif_20null10mast_rapportOE1.0_TMAX180_K192_cod1.opb.xz,28
OPT-LIN/normalized-PB12/sroussel/NG/normalized-NG.dot_unif_20null10mast_rapportOE1.0_TMAX180_K192_cod2.opb.xz,20
OPT-LIN/normalized-PB12/sroussel/NG/normalized-NG.dot_unif_20null10mast_rapportOE1.0_TMAX300_K192_cod1.opb.xz,28
OPT-LIN/normalized-PB12/sroussel/NG/normalized-NG.dot_unif_20null10mast_rapportOE1.0_TMAX300_K192_cod2.opb.xz,20
OPT-LIN/normalized-PB12/sroussel/NG/normalized-NG.dot_unif_20null10mast_rapportOE1.0_TMAX60_K192_cod1.opb.xz,28
OPT-LIN/normalized-PB12/sroussel/NG/normalized-NG.dot_unif_20null10mast_rapportOE1.0_TMAX60_K192_cod2.opb.xz,20
OPT-LIN/normalized-PB12/sroussel/NG/normalized-NG.dot_unif_20null10mast_rapportOE2.0_TMAX120_K192_cod1.opb.xz,28
OPT-LIN/normalized-PB12/sroussel/NG/normalized-NG.dot_unif_20null10mast_rapportOE2.0_TMAX120_K192_cod2.opb.xz,20
OPT-LIN/normalized-PB12/sroussel/NG/normalized-NG.dot_unif_20null10mast_rapportOE2.0_TMAX15_K192_cod1.opb.xz,28
OPT-LIN/normalized-PB12/sroussel/NG/normalized-NG.dot_unif_20null10mast_rapportOE2.0_TMAX15_K192_cod2.opb.xz,20
OPT-LIN/normalized-PB12/sroussel/NG/normalized-NG.dot_unif_20null10mast_rapportOE2.0_TMAX180_K192_cod1.opb.xz,28
OPT-LIN/normalized-PB12/sroussel/NG/normalized-NG.dot_unif_20null10mast_rapportOE2.0_TMAX180_K192_cod2.opb.xz,20
OPT-LIN/normalized-PB12/sroussel/NG/normalized-NG.dot_unif_20null10mast_rapportOE2.0_TMAX300_K192_cod1.opb.xz,28
OPT-LIN/normalized-PB12/sroussel/NG/normalized-NG.dot_unif_20null10mast_rapportOE2.0_TMAX300_K192_cod2.opb.xz,20
OPT-LIN/normalized-PB12/sroussel/NG/normalized-NG.dot_unif_20null10mast_rapportOE2.0_TMAX60_K192_cod1.opb.xz,28
OPT-LIN/normalized-PB12/sroussel/NG/normalized-NG.dot_unif_20null10mast_rapportOE2.0_TMAX60_K192_cod2.opb.xz,20
OPT-LIN/normalized-PB12/sroussel/NG/normalized-NG.dot_unif_20null20mast_rapportOE1.0_TMAX120_K192_cod1.opb.xz,28
OPT-LIN/normalized-PB12/sroussel/NG/normalized-NG.dot_unif_20null20mast_rapportOE1.0_TMAX120_K192_cod2.opb.xz,20
OPT-LIN/normalized-PB12/sroussel/NG/normalized-NG.dot_unif_20null20mast_rapportOE1.0_TMAX15_K192_cod1.opb.xz,28
OPT-LIN/normalized-PB12/sroussel/NG/normalized-NG.dot_unif_20null20mast_rapportOE1.0_TMAX15_K192_cod2.opb.xz,20
OPT-LIN/normalized-PB12/sroussel/NG/normalized-NG.dot_unif_20null20mast_rapportOE1.0_TMAX180_K192_cod1.opb.xz,28
OPT-LIN/normalized-PB12/sroussel/NG/normalized-NG.dot_unif_20null20mast_rapportOE1.0_TMAX180_K192_cod2.opb.xz,20
OPT-LIN/normalized-PB12/sroussel/NG/normalized-NG.dot_unif_20null20mast_rapportOE1.0_TMAX300_K192_cod1.opb.xz,28
OPT-LIN/normalized-PB12/sroussel/NG/normalized-NG.dot_unif_20null20mast_rapportOE1.0_TMAX300_K192_cod2.opb.xz,20
OPT-LIN/normalized-PB12/sroussel/NG/normalized-NG.dot_unif_20null20mast_rapportOE1.0_TMAX60_K192_cod1.opb.xz,28
OPT-LIN/normalized-PB12/sroussel/NG/normalized-NG.dot_unif_20null20mast_rapportOE1.0_TMAX60_K192_cod2.opb.xz,20
OPT-LIN/normalized-PB12/sroussel/NG/normalized-NG.dot_unif_20null20mast_rapportOE2.0_TMAX120_K192_cod1.opb.xz,28
OPT-LIN/normalized-PB12/sroussel/NG/normalized-NG.dot_unif_20null20mast_rapportOE2.0_TMAX120_K192_cod2.opb.xz,20
OPT-LIN/normalized-PB12/sroussel/NG/normalized-NG.dot_unif_20null20mast_rapportOE2.0_TMAX15_K192_cod1.opb.xz,28
OPT-LIN/normalized-PB12/sroussel/NG/normalized-NG.dot_unif_20null20mast_rapportOE2.0_TMAX15_K192_cod2.opb.xz,20
OPT-LIN/normalized-PB12/sroussel/NG/normalized-NG.dot_unif_20null20mast_rapportOE2.0_TMAX180_K192_cod1.opb.xz,28
OPT-LIN/normalized-PB12/sroussel/NG/normalized-NG.dot_unif_20null20mast_rapportOE2.0_TMAX180_K192_cod2.opb.xz,20
OPT-LIN/normalized-PB12/sroussel/NG/normalized-NG.dot_unif_20null20mast_rapportOE2.0_TMAX300_K192_cod1.opb.xz,28
OPT-LIN/normalized-PB12/sroussel/NG/normalized-NG.dot_unif_20null20mast_rapportOE2.0_TMAX300_K192_cod2.opb.xz,20
OPT-LIN/normalized-PB12/sroussel/NG/normalized-NG.dot_unif_20null20mast_rapportOE2.0_TMAX60_K192_cod1.opb.xz,28
OPT-LIN/normalized-PB12/sroussel/NG/normalized-NG.dot_unif_20null20mast_rapportOE2.0_TMAX60_K192_cod2.opb.xz,20
OPT-LIN/normalized-PB12/sroussel/NG/normalized-NG.dot_unif_20null50mast_rapportOE1.0_TMAX120_K192_cod1.opb.xz,28
OPT-LIN/normalized-PB12/sroussel/NG/normalized-NG.dot_unif_20null50mast_rapportOE1.0_TMAX120_K192_cod2.opb.xz,21
OPT-LIN/normalized-PB12/sroussel/NG/normalized-NG.dot_unif_20null50mast_rapportOE1.0_TMAX15_K192_cod1.opb.xz,28
OPT-LIN/normalized-PB12/sroussel/NG/normalized-NG.dot_unif_20null50mast_rapportOE1.0_TMAX15_K192_cod2.opb.xz,21
OPT-LIN/normalized-PB12/sroussel/NG/normalized-NG.dot_unif_20null50mast_rapportOE1.0_TMAX180_K192_cod1.opb.xz,28
OPT-LIN/normalized-PB12/sroussel/NG/normalized-NG.dot_unif_20null50mast_rapportOE1.0_TMAX180_K192_cod2.opb.xz,21
OPT-LIN/normalized-PB12/sroussel/NG/normalized-NG.dot_unif_20null50mast_rapportOE1.0_TMAX300_K192_cod1.opb.xz,28
OPT-LIN/normalized-PB12/sroussel/NG/normalized-NG.dot_unif_20null50mast_rapportOE1.0_TMAX300_K192_cod2.opb.xz,21
OPT-LIN/normalized-PB12/sroussel/NG/normalized-NG.dot_unif_20null50mast_rapportOE1.0_TMAX60_K192_cod1.opb.xz,28
OPT-LIN/normalized-PB12/sroussel/NG/normalized-NG.dot_unif_20null50mast_rapportOE1.0_TMAX60_K192_cod2.opb.xz,21
OPT-LIN/normalized-PB12/sroussel/NG/normalized-NG.dot_unif_20null50mast_rapportOE2.0_TMAX120_K192_cod1.opb.xz,28
OPT-LIN/normalized-PB12/sroussel/NG/normalized-NG.dot_unif_20null50mast_rapportOE2.0_TMAX120_K192_cod2.opb.xz,21
OPT-LIN/normalized-PB12/sroussel/NG/normalized-NG.dot_unif_20null50mast_rapportOE2.0_TMAX15_K192_cod1.opb.xz,28
OPT-LIN/normalized-PB12/sroussel/NG/normalized-NG.dot_unif_20null50mast_rapportOE2.0_TMAX15_K192_cod2.opb.xz,21
OPT-LIN/normalized-PB12/sroussel/NG/normalized-NG.dot_unif_20null50mast_rapportOE2.0_TMAX180_K192_cod1.opb.xz,28
OPT-LIN/normalized-PB12/sroussel/NG/normalized-NG.dot_unif_20null50mast_rapportOE2.0_TMAX180_K192_cod2.opb.xz,21
OPT-LIN/normalized-PB12/sroussel/NG/normalized-NG.dot_unif_20null50mast_rapportOE2.0_TMAX300_K192_cod1.opb.xz,28
OPT-LIN/normalized-PB12/sroussel/NG/normalized-NG.dot_unif_20null50mast_rapportOE2.0_TMAX300_K192_cod2.opb.xz,21
OPT-LIN/normalized-PB12/sroussel/NG/normalized-NG.dot_unif_20null50mast_rapportOE2.0_TMAX60_K192_cod1.opb.xz,28
OPT-LIN/normalized-PB12/sroussel/NG/normalized-NG.dot_unif_20null50mast_rapportOE2.0_TMAX60_K192_cod2.opb.xz,21
OPT-LIN/normalized-PB12/sroussel/NG/normalized-NG.dot_unif_50null0mast_rapportOE1.0_TMAX120_K192_cod1.opb.xz,27
OPT-LIN/normalized-PB12/sroussel/NG/normalized-NG.dot_unif_50null0mast_rapportOE1.0_TMAX120_K192_cod2.opb.xz,19
OPT-LIN/normalized-PB12/sroussel/NG/normalized-NG.dot_unif_50null0mast_rapportOE1.0_TMAX15_K192_cod1.opb.xz,27
OPT-LIN/normalized-PB12/sroussel/NG/normalized-NG.dot_unif_50null0mast_rapportOE1.0_TMAX15_K192_cod2.opb.xz,19
OPT-LIN/normalized-PB12/sroussel/NG/normalized-NG.dot_unif_50null0mast_rapportOE1.0_TMAX180_K192_cod1.opb.xz,27
OPT-LIN/normalized-PB12/sroussel/NG/normalized-NG.dot_unif_50null0mast_rapportOE1.0_TMAX180_K192_cod2.opb.xz,19
OPT-LIN/normalized-PB12/sroussel/NG/normalized-NG.dot_unif_50null0mast_rapportOE1.0_TMAX300_K192_cod1.opb.xz,27
OPT-LIN/normalized-PB12/sroussel/NG/normalized-NG.dot_unif_50null0mast_rapportOE1.0_TMAX300_K192_cod2.opb.xz,19
OPT-LIN/normalized-PB12/sroussel/NG/normalized-NG.dot_unif_50null0mast_rapportOE1.0_TMAX60_K192_cod1.opb.xz,27
OPT-LIN/normalized-PB12/sroussel/NG/normalized-NG.dot_unif_50null0mast_rapportOE1.0_TMAX60_K192_cod2.opb.xz,19
OPT-LIN/normalized-PB12/sroussel/NG/normalized-NG.dot_unif_50null0mast_rapportOE2.0_TMAX120_K192_cod1.opb.xz,27
OPT-LIN/normalized-PB12/sroussel/NG/normalized-NG.dot_unif_50null0mast_rapportOE2.0_TMAX120_K192_cod2.opb.xz,19
OPT-LIN/normalized-PB12/sroussel/NG/normalized-NG.dot_unif_50null0mast_rapportOE2.0_TMAX15_K192_cod1.opb.xz,27
OPT-LIN/normalized-PB12/sroussel/NG/normalized-NG.dot_unif_50null0mast_rapportOE2.0_TMAX15_K192_cod2.opb.xz,19
OPT-LIN/normalized-PB12/sroussel/NG/normalized-NG.dot_unif_50null0mast_rapportOE2.0_TMAX180_K192_cod1.opb.xz,27
OPT-LIN/normalized-PB12/sroussel/NG/normalized-NG.dot_unif_50null0mast_rapportOE2.0_TMAX180_K192_cod2.opb.xz,19
OPT-LIN/normalized-PB12/sroussel/NG/normalized-NG.dot_unif_50null0mast_rapportOE2.0_TMAX300_K192_cod1.opb.xz,27
OPT-LIN/normalized-PB12/sroussel/NG/normalized-NG.dot_unif_50null0mast_rapportOE2.0_TMAX300_K192_cod2.opb.xz,19
OPT-LIN/normalized-PB12/sroussel/NG/normalized-NG.dot_unif_50null0mast_rapportOE2.0_TMAX60_K192_cod1.opb.xz,27
OPT-LIN/normalized-PB12/sroussel/NG/normalized-NG.dot_unif_50null0mast_rapportOE2.0_TMAX60_K192_cod2.opb.xz,19
OPT-LIN/normalized-PB12/sroussel/NG/normalized-NG.dot_unif_50null10mast_rapportOE1.0_TMAX120_K192_cod1.opb.xz,27
OPT-LIN/normalized-PB12/sroussel/NG/normalized-NG.dot_unif_50null10mast_rapportOE1.0_TMAX120_K192_cod2.opb.xz,20
OPT-LIN/normalized-PB12/sroussel/NG/normalized-NG.dot_unif_50null10mast_rapportOE1.0_TMAX15_K192_cod1.opb.xz,27
OPT-LIN/normalized-PB12/sroussel/NG/normalized-NG.dot_unif_50null10mast_rapportOE1.0_TMAX15_K192_cod2.opb.xz,19
OPT-LIN/normalized-PB12/sroussel/NG/normalized-NG.dot_unif_50null10mast_rapportOE1.0_TMAX180_K192_cod1.opb.xz,27
OPT-LIN/normalized-PB12/sroussel/NG/normalized-NG.dot_unif_50null10mast_rapportOE1.0_TMAX180_K192_cod2.opb.xz,20
OPT-LIN/normalized-PB12/sroussel/NG/normalized-NG.dot_unif_50null10mast_rapportOE1.0_TMAX300_K192_cod1.opb.xz,27
OPT-LIN/normalized-PB12/sroussel/NG/normalized-NG.dot_unif_50null10mast_rapportOE1.0_TMAX300_K192_cod2.opb.xz,20
OPT-LIN/normalized-PB12/sroussel/NG/normalized-NG.dot_unif_50null10mast_rapportOE1.0_TMAX60_K192_cod1.opb.xz,27
OPT-LIN/normalized-PB12/sroussel/NG/normalized-NG.dot_unif_50null10mast_rapportOE1.0_TMAX60_K192_cod2.opb.xz,20
OPT-LIN/normalized-PB12/sroussel/NG/normalized-NG.dot_unif_50null10mast_rapportOE2.0_TMAX120_K192_cod1.opb.xz,27
OPT-LIN/normalized-PB12/sroussel/NG/normalized-NG.dot_unif_50null10mast_rapportOE2.0_TMAX120_K192_cod2.opb.xz,20
OPT-LIN/normalized-PB12/sroussel/NG/normalized-NG.dot_unif_50null10mast_rapportOE2.0_TMAX15_K192_cod1.opb.xz,27
OPT-LIN/normalized-PB12/sroussel/NG/normalized-NG.dot_unif_50null10mast_rapportOE2.0_TMAX15_K192_cod2.opb.xz,20
OPT-LIN/normalized-PB12/sroussel/NG/normalized-NG.dot_unif_50null10mast_rapportOE2.0_TMAX180_K192_cod1.opb.xz,27
OPT-LIN/normalized-PB12/sroussel/NG/normalized-NG.dot_unif_50null10mast_rapportOE2.0_TMAX180_K192_cod2.opb.xz,20
OPT-LIN/normalized-PB12/sroussel/NG/normalized-NG.dot_unif_50null10mast_rapportOE2.0_TMAX300_K192_cod1.opb.xz,27
OPT-LIN/normalized-PB12/sroussel/NG/normalized-NG.dot_unif_50null10mast_rapportOE2.0_TMAX300_K192_cod2.opb.xz,20
OPT-LIN/normalized-PB12/sroussel/NG/normalized-NG.dot_unif_50null10mast_rapportOE2.0_TMAX60_K192_cod1.opb.xz,27
OPT-LIN/normalized-PB12/sroussel/NG/normalized-NG.dot_unif_50null10mast_rapportOE2.0_TMAX60_K192_cod2.opb.xz,20
OPT-LIN/normalized-PB12/sroussel/NG/normalized-NG.dot_unif_50null20mast_rapportOE1.0_TMAX120_K192_cod1.opb.xz,27
OPT-LIN/normalized-PB12/sroussel/NG/normalized-NG.dot_unif_50null20mast_rapportOE1.0_TMAX120_K192_cod2.opb.xz,20
OPT-LIN/normalized-PB12/sroussel/NG/normalized-NG.dot_unif_50null20mast_rapportOE1.0_TMAX15_K192_cod1.opb.xz,27
OPT-LIN/normalized-PB12/sroussel/NG/normalized-NG.dot_unif_50null20mast_rapportOE1.0_TMAX15_K192_cod2.opb.xz,20
OPT-LIN/normalized-PB12/sroussel/NG/normalized-NG.dot_unif_50null20mast_rapportOE1.0_TMAX180_K192_cod1.opb.xz,27
OPT-LIN/normalized-PB12/sroussel/NG/normalized-NG.dot_unif_50null20mast_rapportOE1.0_TMAX180_K192_cod2.opb.xz,20
OPT-LIN/normalized-PB12/sroussel/NG/normalized-NG.dot_unif_50null20mast_rapportOE1.0_TMAX300_K192_cod1.opb.xz,27
OPT-LIN/normalized-PB12/sroussel/NG/normalized-NG.dot_unif_50null20mast_rapportOE1.0_TMAX300_K192_cod2.opb.xz,20
OPT-LIN/normalized-PB12/sroussel/NG/normalized-NG.dot_unif_50null20mast_rapportOE1.0_TMAX60_K192_cod1.opb.xz,27
OPT-LIN/normalized-PB12/sroussel/NG/normalized-NG.dot_unif_50null20mast_rapportOE1.0_TMAX60_K192_cod2.opb.xz,20
OPT-LIN/normalized-PB12/sroussel/NG/normalized-NG.dot_unif_50null20mast_rapportOE2.0_TMAX120_K192_cod1.opb.xz,27
OPT-LIN/normalized-PB12/sroussel/NG/normalized-NG.dot_unif_50null20mast_rapportOE2.0_TMAX120_K192_cod2.opb.xz,20
OPT-LIN/normalized-PB12/sroussel/NG/normalized-NG.dot_unif_50null20mast_rapportOE2.0_TMAX15_K192_cod1.opb.xz,27
OPT-LIN/normalized-PB12/sroussel/NG/normalized-NG.dot_unif_50null20mast_rapportOE2.0_TMAX15_K192_cod2.opb.xz,20
OPT-LIN/normalized-PB12/sroussel/NG/normalized-NG.dot_unif_50null20mast_rapportOE2.0_TMAX180_K192_cod1.opb.xz,27
OPT-LIN/normalized-PB12/sroussel/NG/normalized-NG.dot_unif_50null20mast_rapportOE2.0_TMAX180_K192_cod2.opb.xz,20
OPT-LIN/normalized-PB12/sroussel/NG/normalized-NG.dot_unif_50null20mast_rapportOE2.0_TMAX300_K192_cod1.opb.xz,27
OPT-LIN/normalized-PB12/sroussel/NG/normalized-NG.dot_unif_50null20mast_rapportOE2.0_TMAX300_K192_cod2.opb.xz,20
OPT-LIN/normalized-PB12/sroussel/NG/normalized-NG.dot_unif_50null20mast_rapportOE2.0_TMAX60_K192_cod1.opb.xz,27
OPT-LIN/normalized-PB12/sroussel/NG/normalized-NG.dot_unif_50null20mast_rapportOE2.0_TMAX60_K192_cod2.opb.xz,20
OPT-LIN/normalized-PB12/sroussel/NG/normalized-NG.dot_unif_50null50mast_rapportOE1.0_TMAX120_K192_cod1.opb.xz,25
OPT-LIN/normalized-PB12/sroussel/NG/normalized-NG.dot_unif_50null50mast_rapportOE1.0_TMAX120_K192_cod2.opb.xz,20
OPT-LIN/normalized-PB12/sroussel/NG/normalized-NG.dot_unif_50null50mast_rapportOE1.0_TMAX15_K192_cod1.opb.xz,24
OPT-LIN/normalized-PB12/sroussel/NG/normalized-NG.dot_unif_50null50mast_rapportOE1.0_TMAX15_K192_cod2.opb.xz,18
OPT-LIN/normalized-PB12/sroussel/NG/normalized-NG.dot_unif_50null50mast_rapportOE1.0_TMAX180_K192_cod1.opb.xz,27
OPT-LIN/normalized-PB12/sroussel/NG/normalized-NG.dot_unif_50null50mast_rapportOE1.0_TMAX180_K192_cod2.opb.xz,20
OPT-LIN/normalized-PB12/sroussel/NG/normalized-NG.dot_unif_50null50mast_rapportOE1.0_TMAX300_K192_cod1.opb.xz,28
OPT-LIN/normalized-PB12/sroussel/NG/normalized-NG.dot_unif_50null50mast_rapportOE1.0_TMAX300_K192_cod2.opb.xz,20
OPT-LIN/normalized-PB12/sroussel/NG/normalized-NG.dot_unif_50null50mast_rapportOE1.0_TMAX60_K192_cod1.opb.xz,27
OPT-LIN/normalized-PB12/sroussel/NG/normalized-NG.dot_unif_50null50mast_rapportOE1.0_TMAX60_K192_cod2.opb.xz,19
OPT-LIN/normalized-PB12/sroussel/NG/normalized-NG.dot_unif_50null50mast_rapportOE2.0_TMAX120_K192_cod1.opb.xz,28
OPT-LIN/normalized-PB12/sroussel/NG/normalized-NG.dot_unif_50null50mast_rapportOE2.0_TMAX120_K192_cod2.opb.xz,18
OPT-LIN/normalized-PB12/sroussel/NG/normalized-NG.dot_unif_50null50mast_rapportOE2.0_TMAX15_K192_cod1.opb.xz,27
OPT-LIN/normalized-PB12/sroussel/NG/normalized-NG.dot_unif_50null50mast_rapportOE2.0_TMAX15_K192_cod2.opb.xz,17
OPT-LIN/normalized-PB12/sroussel/NG/normalized-NG.dot_unif_50null50mast_rapportOE2.0_TMAX180_K192_cod1.opb.xz,28
OPT-LIN/normalized-PB12/sroussel/NG/normalized-NG.dot_unif_50null50mast_rapportOE2.0_TMAX180_K192_cod2.opb.xz,18
OPT-LIN/normalized-PB12/sroussel/NG/normalized-NG.dot_unif_50null50mast_rapportOE2.0_TMAX300_K192_cod1.opb.xz,27
OPT-LIN/normalized-PB12/sroussel/NG/normalized-NG.dot_unif_50null50mast_rapportOE2.0_TMAX300_K192_cod2.opb.xz,18
OPT-LIN/normalized-PB12/sroussel/NG/normalized-NG.dot_unif_50null50mast_rapportOE2.0_TMAX60_K192_cod1.opb.xz,26
OPT-LIN/normalized-PB12/sroussel/NG/normalized-NG.dot_unif_50null50mast_rapportOE2.0_TMAX60_K192_cod2.opb.xz,17
OPT-LIN/normalized-PB12/zahidi/Base/normalized-minisat100_4_32_0.opb.xz,38
OPT-LIN/normalized-PB12/zahidi/Base/normalized-minisat100_4_32_1.opb.xz,38
OPT-LIN/normalized-PB12/zahidi/Base/normalized-minisat100_4_32_2.opb.xz,38
OPT-LIN/normalized-PB12/zahidi/Base/normalized-minisat100_4_32_3.opb.xz,38
OPT-LIN/normalized-PB12/zahidi/Base/normalized-minisat100_4_32_4.opb.xz,38
OPT-LIN/normalized-PB12/zahidi/Base/normalized-minisat100_4_32_5.opb.xz,38
OPT-LIN/normalized-PB12/zahidi/Base/normalized-minisat100_4_32_6.opb.xz,38
OPT-LIN/normalized-PB12/zahidi/Base/normalized-minisat100_4_32_7.opb.xz,38
OPT-LIN/normalized-PB12/zahidi/Base/normalized-minisat100_4_32_8.opb.xz,38
OPT-LIN/normalized-PB12/zahidi/Base/normalized-minisat100_4_32_9.opb.xz,38
OPT-LIN/normalized-PB12/zahidi/Base/normalized-minisat50_4_16_0.opb.xz,36
OPT-LIN/normalized-PB12/zahidi/Base/normalized-minisat50_4_16_1.opb.xz,36
OPT-LIN/normalized-PB12/zahidi/Base/normalized-minisat50_4_16_2.opb.xz,36
OPT-LIN/normalized-PB12/zahidi/Base/normalized-minisat50_4_16_3.opb.xz,36
OPT-LIN/normalized-PB12/zahidi/Base/normalized-minisat50_4_16_4.opb.xz,36
OPT-LIN/normalized-PB12/zahidi/Base/normalized-minisat50_4_16_5.opb.xz,36
OPT-LIN/normalized-PB12/zahidi/Base/normalized-minisat50_4_16_6.opb.xz,36
OPT-LIN/normalized-PB12/zahidi/Base/normalized-minisat50_4_16_7.opb.xz,36
OPT-LIN/normalized-PB12/zahidi/Base/normalized-minisat50_4_16_8.opb.xz,36
OPT-LIN/normalized-PB12/zahidi/Base/normalized-minisat50_4_16_9.opb.xz,36
OPT-LIN/normalized-PB12/zahidi/Base/normalized-minisat70_4_22_0.opb.xz,37
OPT-LIN/normalized-PB12/zahidi/Base/normalized-minisat70_4_22_1.opb.xz,37
OPT-LIN/normalized-PB12/zahidi/Base/normalized-minisat70_4_22_2.opb.xz,37
OPT-LIN/normalized-PB12/zahidi/Base/normalized-minisat70_4_22_3.opb.xz,37
OPT-LIN/normalized-PB12/zahidi/Base/normalized-minisat70_4_22_4.opb.xz,37
OPT-LIN/normalized-PB12/zahidi/Base/normalized-minisat70_4_22_5.opb.xz,37
OPT-LIN/normalized-PB12/zahidi/Base/normalized-minisat70_4_22_6.opb.xz,37
OPT-LIN/normalized-PB12/zahidi/Base/normalized-minisat70_4_22_7.opb.xz,37
OPT-LIN/normalized-PB12/zahidi/Base/normalized-minisat70_4_22_8.opb.xz,37
OPT-LIN/normalized-PB12/zahidi/Base/normalized-minisat70_4_22_9.opb.xz,37
OPT-LIN/normalized-PB12/zahidi/Base/normalized-minisat85_4_27_0.opb.xz,37
OPT-LIN/normalized-PB12/zahidi/Base/normalized-minisat85_4_27_1.opb.xz,37
OPT-LIN/normalized-PB12/zahidi/Base/normalized-minisat85_4_27_2.opb.xz,37
OPT-LIN/normalized-PB12/zahidi/Base/normalized-minisat85_4_27_3.opb.xz,37
OPT-LIN/normalized-PB12/zahidi/Base/normalized-minisat85_4_27_4.opb.xz,38
OPT-LIN/normalized-PB12/zahidi/Base/normalized-minisat85_4_27_5.opb.xz,37
OPT-LIN/normalized-PB12/zahidi/Base/normalized-minisat85_4_27_6.opb.xz,37
OPT-LIN/normalized-PB12/zahidi/Base/normalized-minisat85_4_27_7.opb.xz,38
OPT-LIN/normalized-PB12/zahidi/Base/normalized-minisat85_4_27_8.opb.xz,37
OPT-LIN/normalized-PB12/zahidi/Base/normalized-minisat85_4_27_9.opb.xz,37
OPT-LIN/normalized-PB12/zahidi/IC/normalized-minisat15_5_3_0_ic.opb.xz,32
OPT-LIN/normalized-PB12/zahidi/IC/normalized-minisat15_5_3_1_ic.opb.xz,33
OPT-LIN/normalized-PB12/zahidi/IC/normalized-minisat15_5_3_2_ic.opb.xz,32
OPT-LIN/normalized-PB12/zahidi/IC/normalized-minisat15_5_3_3_ic.opb.xz,32
OPT-LIN/normalized-PB12/zahidi/IC/normalized-minisat15_5_3_4_ic.opb.xz,32
OPT-LIN/normalized-PB12/zahidi/IC/normalized-minisat15_5_3_5_ic.opb.xz,32
OPT-LIN/normalized-PB12/zahidi/IC/normalized-minisat15_5_3_6_ic.opb.xz,32
OPT-LIN/normalized-PB12/zahidi/IC/normalized-minisat15_5_3_7_ic.opb.xz,33
OPT-LIN/normalized-PB12/zahidi/IC/normalized-minisat15_5_3_8_ic.opb.xz,32
OPT-LIN/normalized-PB12/zahidi/IC/normalized-minisat15_5_3_9_ic.opb.xz,32
OPT-LIN/normalized-PB12/zahidi/IC/normalized-minisat25_6_3_0_ic.opb.xz,34
OPT-LIN/normalized-PB12/zahidi/IC/normalized-minisat25_6_3_1_ic.opb.xz,34
OPT-LIN/normalized-PB12/zahidi/IC/normalized-minisat25_6_3_2_ic.opb.xz,34
OPT-LIN/normalized-PB12/zahidi/IC/normalized-minisat25_6_3_3_ic.opb.xz,34
OPT-LIN/normalized-PB12/zahidi/IC/normalized-minisat25_6_3_4_ic.opb.xz,34
OPT-LIN/normalized-PB12/zahidi/IC/normalized-minisat25_6_3_5_ic.opb.xz,34
OPT-LIN/normalized-PB12/zahidi/IC/normalized-minisat25_6_3_6_ic.opb.xz,33
OPT-LIN/normalized-PB12/zahidi/IC/normalized-minisat25_6_3_7_ic.opb.xz,34
OPT-LIN/normalized-PB12/zahidi/IC/normalized-minisat25_6_3_8_ic.opb.xz,34
OPT-LIN/normalized-PB12/zahidi/IC/normalized-minisat25_6_3_9_ic.opb.xz,34
OPT-LIN/normalized-PB12/zahidi/IC/normalized-minisat50_6_9_0_ic.opb.xz,36
OPT-LIN/normalized-PB12/zahidi/IC/normalized-minisat50_6_9_1_ic.opb.xz,36
OPT-LIN/normalized-PB12/zahidi/IC/normalized-minisat50_6_9_2_ic.opb.xz,36
OPT-LIN/normalized-PB12/zahidi/IC/normalized-minisat50_6_9_3_ic.opb.xz,36
OPT-LIN/normalized-PB12/zahidi/IC/normalized-minisat50_6_9_4_ic.opb.xz,36
OPT-LIN/normalized-PB12/zahidi/IC/normalized-minisat50_6_9_5_ic.opb.xz,36
OPT-LIN/normalized-PB12/zahidi/IC/normalized-minisat50_6_9_6_ic.opb.xz,36
OPT-LIN/normalized-PB12/zahidi/IC/normalized-minisat50_6_9_7_ic.opb.xz,36
OPT-LIN/normalized-PB12/zahidi/IC/normalized-minisat50_6_9_8_ic.opb.xz,36
OPT-LIN/normalized-PB12/zahidi/IC/normalized-minisat50_6_9_9_ic.opb.xz,36
OPT-LIN/normalized-PB12/zahidi/Large/normalized-minisat100_16_6_0_ic.opb.xz,38
OPT-LIN/normalized-PB12/zahidi/Large/normalized-minisat100_16_6_0_mh.opb.xz,39
OPT-LIN/normalized-PB12/zahidi/Large/normalized-minisat100_16_6_1_ic.opb.xz,38
OPT-LIN/normalized-PB12/zahidi/Large/normalized-minisat100_16_6_1_mh.opb.xz,39
OPT-LIN/normalized-PB12/zahidi/Large/normalized-minisat100_16_6_2_ic.opb.xz,38
OPT-LIN/normalized-PB12/zahidi/Large/normalized-minisat100_16_6_2_mh.opb.xz,39
OPT-LIN/normalized-PB12/zahidi/Large/normalized-minisat100_16_6_3_ic.opb.xz,38
OPT-LIN/normalized-PB12/zahidi/Large/normalized-minisat100_16_6_3_mh.opb.xz,39
OPT-LIN/normalized-PB12/zahidi/Large/normalized-minisat100_16_6_4_ic.opb.xz,38
OPT-LIN/normalized-PB12/zahidi/Large/normalized-minisat100_16_6_4_mh.opb.xz,39
OPT-LIN/normalized-PB12/zahidi/Large/normalized-minisat100_16_6_5_ic.opb.xz,38
OPT-LIN/normalized-PB12/zahidi/Large/normalized-minisat100_16_6_5_mh.opb.xz,39
OPT-LIN/normalized-PB12/zahidi/Large/normalized-minisat100_16_6_6_ic.opb.xz,38
OPT-LIN/normalized-PB12/zahidi/Large/normalized-minisat100_16_6_6_mh.opb.xz,39
OPT-LIN/normalized-PB12/zahidi/Large/normalized-minisat100_16_6_7_ic.opb.xz,38
OPT-LIN/normalized-PB12/zahidi/Large/normalized-minisat100_16_6_7_mh.opb.xz,39
OPT-LIN/normalized-PB12/zahidi/Large/normalized-minisat100_16_6_8_ic.opb.xz,38
OPT-LIN/normalized-PB12/zahidi/Large/normalized-minisat100_16_6_8_mh.opb.xz,39
OPT-LIN/normalized-PB12/zahidi/Large/normalized-minisat100_16_6_9_ic.opb.xz,38
OPT-LIN/normalized-PB12/zahidi/Large/normalized-minisat100_16_6_9_mh.opb.xz,39
OPT-LIN/normalized-PB12/zahidi/MH+IC/normalized-minisat15_4_4_0_mh_ic.opb.xz,32
OPT-LIN/normalized-PB12/zahidi/MH+IC/normalized-minisat15_4_4_1_mh_ic.opb.xz,32
OPT-LIN/normalized-PB12/zahidi/MH+IC/normalized-minisat15_4_4_2_mh_ic.opb.xz,32
OPT-LIN/normalized-PB12/zahidi/MH+IC/normalized-minisat15_4_4_3_mh_ic.opb.xz,33
OPT-LIN/normalized-PB12/zahidi/MH+IC/normalized-minisat15_4_4_4_mh_ic.opb.xz,32
OPT-LIN/normalized-PB12/zahidi/MH+IC/normalized-minisat15_4_4_5_mh_ic.opb.xz,33
OPT-LIN/normalized-PB12/zahidi/MH+IC/normalized-minisat15_4_4_6_mh_ic.opb.xz,33
OPT-LIN/normalized-PB12/zahidi/MH+IC/normalized-minisat15_4_4_7_mh_ic.opb.xz,33
OPT-LIN/normalized-PB12/zahidi/MH+IC/normalized-minisat15_4_4_8_mh_ic.opb.xz,33
OPT-LIN/normalized-PB12/zahidi/MH+IC/normalized-minisat15_4_4_9_mh_ic.opb.xz,33
OPT-LIN/normalized-PB12/zahidi/MH+IC/normalized-minisat25_4_7_0_mh_ic.opb.xz,35
OPT-LIN/normalized-PB12/zahidi/MH+IC/normalized-minisat25_4_7_1_mh_ic.opb.xz,34
OPT-LIN/normalized-PB12/zahidi/MH+IC/normalized-minisat25_4_7_2_mh_ic.opb.xz,34
OPT-LIN/normalized-PB12/zahidi/MH+IC/normalized-minisat25_4_7_3_mh_ic.opb.xz,34
OPT-LIN/normalized-PB12/zahidi/MH+IC/normalized-minisat25_4_7_4_mh_ic.opb.xz,34
OPT-LIN/normalized-PB12/zahidi/MH+IC/normalized-minisat25_4_7_5_mh_ic.opb.xz,34
OPT-LIN/normalized-PB12/zahidi/MH+IC/normalized-minisat25_4_7_6_mh_ic.opb.xz,34
OPT-LIN/normalized-PB12/zahidi/MH+IC/normalized-minisat25_4_7_7_mh_ic.opb.xz,35
OPT-LIN/normalized-PB12/zahidi/MH+IC/normalized-minisat25_4_7_8_mh_ic.opb.xz,34
OPT-LIN/normalized-PB12/zahidi/MH+IC/normalized-minisat25_4_7_9_mh_ic.opb.xz,34
OPT-LIN/normalized-PB12/zahidi/MH+IC/normalized-minisat35_4_11_0_mh_ic.opb.xz,35
OPT-LIN/normalized-PB12/zahidi/MH+IC/normalized-minisat35_4_11_1_mh_ic.opb.xz,35
OPT-LIN/normalized-PB12/zahidi/MH+IC/normalized-minisat35_4_11_2_mh_ic.opb.xz,35
OPT-LIN/normalized-PB12/zahidi/MH+IC/normalized-minisat35_4_11_3_mh_ic.opb.xz,35
OPT-LIN/normalized-PB12/zahidi/MH+IC/normalized-minisat35_4_11_4_mh_ic.opb.xz,36
OPT-LIN/normalized-PB12/zahidi/MH+IC/normalized-minisat35_4_11_5_mh_ic.opb.xz,36
OPT-LIN/normalized-PB12/zahidi/MH+IC/normalized-minisat35_4_11_6_mh_ic.opb.xz,35
OPT-LIN/normalized-PB12/zahidi/MH+IC/normalized-minisat35_4_11_7_mh_ic.opb.xz,35
OPT-LIN/normalized-PB12/zahidi/MH+IC/normalized-minisat35_4_11_8_mh_ic.opb.xz,36
OPT-LIN/normalized-PB12/zahidi/MH+IC/normalized-minisat35_4_11_9_mh_ic.opb.xz,36
OPT-LIN/normalized-PB12/zahidi/MH+IC/normalized-minisat50_4_16_0_mh_ic.opb.xz,36
OPT-LIN/normalized-PB12/zahidi/MH+IC/normalized-minisat50_4_16_1_mh_ic.opb.xz,37
OPT-LIN/normalized-PB12/zahidi/MH+IC/normalized-minisat50_4_16_2_mh_ic.opb.xz,37
OPT-LIN/normalized-PB12/zahidi/MH+IC/normalized-minisat50_4_16_3_mh_ic.opb.xz,37
OPT-LIN/normalized-PB12/zahidi/MH+IC/normalized-minisat50_4_16_4_mh_ic.opb.xz,36
OPT-LIN/normalized-PB12/zahidi/MH+IC/normalized-minisat50_4_16_5_mh_ic.opb.xz,36
OPT-LIN/normalized-PB12/zahidi/MH+IC/normalized-minisat50_4_16_6_mh_ic.opb.xz,36
OPT-LIN/normalized-PB12/zahidi/MH+IC/normalized-minisat50_4_16_7_mh_ic.opb.xz,37
OPT-LIN/normalized-PB12/zahidi/MH+IC/normalized-minisat50_4_16_8_mh_ic.opb.xz,37
OPT-LIN/normalized-PB12/zahidi/MH+IC/normalized-minisat50_4_16_9_mh_ic.opb.xz,37
OPT-LIN/normalized-PB12/zahidi/Multihop/normalized-minisat15_5_3_0_mh.opb.xz,32
OPT-LIN/normalized-PB12/zahidi/Multihop/normalized-minisat15_5_3_1_mh.opb.xz,33
OPT-LIN/normalized-PB12/zahidi/Multihop/normalized-minisat15_5_3_2_mh.opb.xz,32
OPT-LIN/normalized-PB12/zahidi/Multihop/normalized-minisat15_5_3_3_mh.opb.xz,32
OPT-LIN/normalized-PB12/zahidi/Multihop/normalized-minisat15_5_3_4_mh.opb.xz,32
OPT-LIN/normalized-PB12/zahidi/Multihop/normalized-minisat15_5_3_5_mh.opb.xz,32
OPT-LIN/normalized-PB12/zahidi/Multihop/normalized-minisat15_5_3_6_mh.opb.xz,32
OPT-LIN/normalized-PB12/zahidi/Multihop/normalized-minisat15_5_3_7_mh.opb.xz,33
OPT-LIN/normalized-PB12/zahidi/Multihop/normalized-minisat15_5_3_8_mh.opb.xz,33
OPT-LIN/normalized-PB12/zahidi/Multihop/normalized-minisat15_5_3_9_mh.opb.xz,33
OPT-LIN/normalized-PB12/zahidi/Multihop/normalized-minisat25_6_4_0_mh.opb.xz,34
OPT-LIN/normalized-PB12/zahidi/Multihop/normalized-minisat25_6_4_1_mh.opb.xz,34
OPT-LIN/normalized-PB12/zahidi/Multihop/normalized-minisat25_6_4_2_mh.opb.xz,34
OPT-LIN/normalized-PB12/zahidi/Multihop/normalized-minisat25_6_4_3_mh.opb.xz,34
OPT-LIN/normalized-PB12/zahidi/Multihop/normalized-minisat25_6_4_4_mh.opb.xz,34
OPT-LIN/normalized-PB12/zahidi/Multihop/normalized-minisat25_6_4_5_mh.opb.xz,34
OPT-LIN/normalized-PB12/zahidi/Multihop/normalized-minisat25_6_4_6_mh.opb.xz,35
OPT-LIN/normalized-PB12/zahidi/Multihop/normalized-minisat25_6_4_7_mh.opb.xz,34
OPT-LIN/normalized-PB12/zahidi/Multihop/normalized-minisat25_6_4_8_mh.opb.xz,34
OPT-LIN/normalized-PB12/zahidi/Multihop/normalized-minisat25_6_4_9_mh.opb.xz,34
OPT-LIN/normalized-PB12/zahidi/Multihop/normalized-minisat50_6_9_0_mh.opb.xz,36
OPT-LIN/normalized-PB12/zahidi/Multihop/normalized-minisat50_6_9_1_mh.opb.xz,36
OPT-LIN/normalized-PB12/zahidi/Multihop/normalized-minisat50_6_9_2_mh.opb.xz,37
OPT-LIN/normalized-PB12/zahidi/Multihop/normalized-minisat50_6_9_3_mh.opb.xz,36
OPT-LIN/normalized-PB12/zahidi/Multihop/normalized-minisat50_6_9_4_mh.opb.xz,37
OPT-LIN/normalized-PB12/zahidi/Multihop/normalized-minisat50_6_9_5_mh.opb.xz,37
OPT-LIN/normalized-PB12/zahidi/Multihop/normalized-minisat50_6_9_6_mh.opb.xz,36
OPT-LIN/normalized-PB12/zahidi/Multihop/normalized-minisat50_6_9_7_mh.opb.xz,37
OPT-LIN/normalized-PB12/zahidi/Multihop/normalized-minisat50_6_9_8_mh.opb.xz,36
OPT-LIN/normalized-PB12/zahidi/Multihop/normalized-minisat50_6_9_9_mh.opb.xz,37
