path,intsize
OPT-LIN/normalized-PB06/mps-v2-20-10/MIPLIB/miplib/normalized-mps-v2-20-10-air01.opb.xz,21
OPT-LIN/normalized-PB06/mps-v2-20-10/MIPLIB/miplib/normalized-mps-v2-20-10-air02.opb.xz,23
OPT-LIN/normalized-PB06/mps-v2-20-10/MIPLIB/miplib/normalized-mps-v2-20-10-air03.opb.xz,24
OPT-LIN/normalized-PB06/mps-v2-20-10/MIPLIB/miplib/normalized-mps-v2-20-10-air06.opb.xz,23
OPT-LIN/normalized-PB06/mps-v2-20-10/MIPLIB/miplib/normalized-mps-v2-20-10-bell3a.opb.xz,58
OPT-LIN/normalized-PB06/mps-v2-20-10/MIPLIB/miplib/normalized-mps-v2-20-10-bell3b.opb.xz,60
OPT-LIN/normalized-PB06/mps-v2-20-10/MIPLIB/miplib/normalized-mps-v2-20-10-bell4.opb.xz,57
OPT-LIN/normalized-PB06/mps-v2-20-10/MIPLIB/miplib/normalized-mps-v2-20-10-bell5.opb.xz,60
OPT-LIN/normalized-PB06/mps-v2-20-10/MIPLIB/miplib/normalized-mps-v2-20-10-bm23.opb.xz,8
OPT-LIN/normalized-PB06/mps-v2-20-10/MIPLIB/miplib/normalized-mps-v2-20-10-cracpb1.opb.xz,20
OPT-LIN/normalized-PB06/mps-v2-20-10/MIPLIB/miplib/normalized-mps-v2-20-10-dcmulti.opb.xz,46
OPT-LIN/normalized-PB06/mps-v2-20-10/MIPLIB/miplib/normalized-mps-v2-20-10-diamond.opb.xz,3
OPT-LIN/normalized-PB06/mps-v2-20-10/MIPLIB/miplib/normalized-mps-v2-20-10-egout.opb.xz,44
OPT-LIN/normalized-PB06/mps-v2-20-10/MIPLIB/miplib/normalized-mps-v2-20-10-enigma.opb.xz,24
OPT-LIN/normalized-PB06/mps-v2-20-10/MIPLIB/miplib/normalized-mps-v2-20-10-fixnet3.opb.xz,45
OPT-LIN/normalized-PB06/mps-v2-20-10/MIPLIB/miplib/normalized-mps-v2-20-10-fixnet4.opb.xz,42
OPT-LIN/normalized-PB06/mps-v2-20-10/MIPLIB/miplib/normalized-mps-v2-20-10-flugpl.opb.xz,38
OPT-LIN/normalized-PB06/mps-v2-20-10/MIPLIB/miplib/normalized-mps-v2-20-10-gen.opb.xz,61
OPT-LIN/normalized-PB06/mps-v2-20-10/MIPLIB/miplib/normalized-mps-v2-20-10-khb05250.opb.xz,53
OPT-LIN/normalized-PB06/mps-v2-20-10/MIPLIB/miplib/normalized-mps-v2-20-10-l152lav.opb.xz,19
OPT-LIN/normalized-PB06/mps-v2-20-10/MIPLIB/miplib/normalized-mps-v2-20-10-lp4l.opb.xz,18
OPT-LIN/normalized-PB06/mps-v2-20-10/MIPLIB/miplib/normalized-mps-v2-20-10-lseu.opb.xz,14
OPT-LIN/normalized-PB06/mps-v2-20-10/MIPLIB/miplib/normalized-mps-v2-20-10-misc01.opb.xz,32
OPT-LIN/normalized-PB06/mps-v2-20-10/MIPLIB/miplib/normalized-mps-v2-20-10-misc02.opb.xz,32
OPT-LIN/normalized-PB06/mps-v2-20-10/MIPLIB/miplib/normalized-mps-v2-20-10-misc03.opb.xz,32
OPT-LIN/normalized-PB06/mps-v2-20-10/MIPLIB/miplib/normalized-mps-v2-20-10-misc05.opb.xz,37
OPT-LIN/normalized-PB06/mps-v2-20-10/MIPLIB/miplib/normalized-mps-v2-20-10-mod008.opb.xz,20
OPT-LIN/normalized-PB06/mps-v2-20-10/MIPLIB/miplib/normalized-mps-v2-20-10-mod010.opb.xz,19
OPT-LIN/normalized-PB06/mps-v2-20-10/MIPLIB/miplib/normalized-mps-v2-20-10-mod013.opb.xz,44
OPT-LIN/normalized-PB06/mps-v2-20-10/MIPLIB/miplib/normalized-mps-v2-20-10-p0033.opb.xz,13
OPT-LIN/normalized-PB06/mps-v2-20-10/MIPLIB/miplib/normalized-mps-v2-20-10-p0040.opb.xz,19
OPT-LIN/normalized-PB06/mps-v2-20-10/MIPLIB/miplib/normalized-mps-v2-20-10-p0201.opb.xz,15
OPT-LIN/normalized-PB06/mps-v2-20-10/MIPLIB/miplib/normalized-mps-v2-20-10-p0282.opb.xz,21
OPT-LIN/normalized-PB06/mps-v2-20-10/MIPLIB/miplib/normalized-mps-v2-20-10-p0291.opb.xz,30
OPT-LIN/normalized-PB06/mps-v2-20-10/MIPLIB/miplib/normalized-mps-v2-20-10-p0548.opb.xz,17
OPT-LIN/normalized-PB06/mps-v2-20-10/MIPLIB/miplib/normalized-mps-v2-20-10-p6000.opb.xz,25
OPT-LIN/normalized-PB06/mps-v2-20-10/MIPLIB/miplib/normalized-mps-v2-20-10-pipex.opb.xz,22
OPT-LIN/normalized-PB06/mps-v2-20-10/MIPLIB/miplib/normalized-mps-v2-20-10-rgn.opb.xz,38
OPT-LIN/normalized-PB06/mps-v2-20-10/MIPLIB/miplib/normalized-mps-v2-20-10-sample2.opb.xz,37
OPT-LIN/normalized-PB06/mps-v2-20-10/MIPLIB/miplib/normalized-mps-v2-20-10-sentoy.opb.xz,15
OPT-LIN/normalized-PB06/mps-v2-20-10/MIPLIB/miplib/normalized-mps-v2-20-10-set1al.opb.xz,41
OPT-LIN/normalized-PB06/mps-v2-20-10/MIPLIB/miplib/normalized-mps-v2-20-10-set1cl.opb.xz,41
OPT-LIN/normalized-PB06/mps-v2-20-10/MIPLIB/miplib/normalized-mps-v2-20-10-stein15.opb.xz,5
OPT-LIN/normalized-PB06/mps-v2-20-10/MIPLIB/miplib/normalized-mps-v2-20-10-stein27.opb.xz,6
OPT-LIN/normalized-PB06/mps-v2-20-10/MIPLIB/miplib/normalized-mps-v2-20-10-stein45.opb.xz,7
OPT-LIN/normalized-PB06/mps-v2-20-10/MIPLIB/miplib/normalized-mps-v2-20-10-stein9.opb.xz,4
OPT-LIN/normalized-PB06/mps-v2-20-10/MIPLIB/miplib/normalized-mps-v2-20-10-vpm1.opb.xz,23
OPT-LIN/normalized-PB06/mps-v2-20-10/MIPLIB/miplib2003/normalized-mps-v2-20-10-10teams.opb.xz,16
OPT-LIN/normalized-PB06/mps-v2-20-10/MIPLIB/miplib2003/normalized-mps-v2-20-10-a1c1s1.opb.xz,58
OPT-LIN/normalized-PB06/mps-v2-20-10/MIPLIB/miplib2003/normalized-mps-v2-20-10-aflow30a.opb.xz,22
OPT-LIN/normalized-PB06/mps-v2-20-10/MIPLIB/miplib2003/normalized-mps-v2-20-10-aflow40b.opb.xz,23
OPT-LIN/normalized-PB06/mps-v2-20-10/MIPLIB/miplib2003/normalized-mps-v2-20-10-air04.opb.xz,23
OPT-LIN/normalized-PB06/mps-v2-20-10/MIPLIB/miplib2003/normalized-mps-v2-20-10-air05.opb.xz,22
OPT-LIN/normalized-PB06/mps-v2-20-10/MIPLIB/miplib2003/normalized-mps-v2-20-10-arki001.opb.xz,53
OPT-LIN/normalized-PB06/mps-v2-20-10/MIPLIB/miplib2003/normalized-mps-v2-20-10-atlanta-ip.opb.xz,47
OPT-LIN/normalized-PB06/mps-v2-20-10/MIPLIB/miplib2003/normalized-mps-v2-20-10-dano3mip.opb.xz,40
OPT-LIN/normalized-PB06/mps-v2-20-10/MIPLIB/miplib2003/normalized-mps-v2-20-10-danoint.opb.xz,36
OPT-LIN/normalized-PB06/mps-v2-20-10/MIPLIB/miplib2003/normalized-mps-v2-20-10-ds.opb.xz,46
OPT-LIN/normalized-PB06/mps-v2-20-10/MIPLIB/miplib2003/normalized-mps-v2-20-10-fast0507.opb.xz,17
OPT-LIN/normalized-PB06/mps-v2-20-10/MIPLIB/miplib2003/normalized-mps-v2-20-10-fiber.opb.xz,33
OPT-LIN/normalized-PB06/mps-v2-20-10/MIPLIB/miplib2003/normalized-mps-v2-20-10-fixnet6.opb.xz,39
OPT-LIN/normalized-PB06/mps-v2-20-10/MIPLIB/miplib2003/normalized-mps-v2-20-10-gesa2-o.opb.xz,58
OPT-LIN/normalized-PB06/mps-v2-20-10/MIPLIB/miplib2003/normalized-mps-v2-20-10-gesa2.opb.xz,58
OPT-LIN/normalized-PB06/mps-v2-20-10/MIPLIB/miplib2003/normalized-mps-v2-20-10-harp2.opb.xz,36
OPT-LIN/normalized-PB06/mps-v2-20-10/MIPLIB/miplib2003/normalized-mps-v2-20-10-liu.opb.xz,32
OPT-LIN/normalized-PB06/mps-v2-20-10/MIPLIB/miplib2003/normalized-mps-v2-20-10-manna81.opb.xz,15
OPT-LIN/normalized-PB06/mps-v2-20-10/MIPLIB/miplib2003/normalized-mps-v2-20-10-markshare1.opb.xz,33
OPT-LIN/normalized-PB06/mps-v2-20-10/MIPLIB/miplib2003/normalized-mps-v2-20-10-markshare2.opb.xz,33
OPT-LIN/normalized-PB06/mps-v2-20-10/MIPLIB/miplib2003/normalized-mps-v2-20-10-misc07.opb.xz,32
OPT-LIN/normalized-PB06/mps-v2-20-10/MIPLIB/miplib2003/normalized-mps-v2-20-10-mkc.opb.xz,38
OPT-LIN/normalized-PB06/mps-v2-20-10/MIPLIB/miplib2003/normalized-mps-v2-20-10-msc98-ip.opb.xz,63
OPT-LIN/normalized-PB06/mps-v2-20-10/MIPLIB/miplib2003/normalized-mps-v2-20-10-mzzv11.opb.xz,17
OPT-LIN/normalized-PB06/mps-v2-20-10/MIPLIB/miplib2003/normalized-mps-v2-20-10-mzzv42z.opb.xz,17
OPT-LIN/normalized-PB06/mps-v2-20-10/MIPLIB/miplib2003/normalized-mps-v2-20-10-net12.opb.xz,18
OPT-LIN/normalized-PB06/mps-v2-20-10/MIPLIB/miplib2003/normalized-mps-v2-20-10-noswot.opb.xz,48
OPT-LIN/normalized-PB06/mps-v2-20-10/MIPLIB/miplib2003/normalized-mps-v2-20-10-nsrand-ipx.opb.xz,35
OPT-LIN/normalized-PB06/mps-v2-20-10/MIPLIB/miplib2003/normalized-mps-v2-20-10-nw04.opb.xz,27
OPT-LIN/normalized-PB06/mps-v2-20-10/MIPLIB/miplib2003/normalized-mps-v2-20-10-opt1217.opb.xz,20
OPT-LIN/normalized-PB06/mps-v2-20-10/MIPLIB/miplib2003/normalized-mps-v2-20-10-p2756.opb.xz,19
OPT-LIN/normalized-PB06/mps-v2-20-10/MIPLIB/miplib2003/normalized-mps-v2-20-10-pk1.opb.xz,32
OPT-LIN/normalized-PB06/mps-v2-20-10/MIPLIB/miplib2003/normalized-mps-v2-20-10-pp08a.opb.xz,38
OPT-LIN/normalized-PB06/mps-v2-20-10/MIPLIB/miplib2003/normalized-mps-v2-20-10-pp08aCUTS.opb.xz,38
OPT-LIN/normalized-PB06/mps-v2-20-10/MIPLIB/miplib2003/normalized-mps-v2-20-10-protfold.opb.xz,10
OPT-LIN/normalized-PB06/mps-v2-20-10/MIPLIB/miplib2003/normalized-mps-v2-20-10-qiu.opb.xz,53
OPT-LIN/normalized-PB06/mps-v2-20-10/MIPLIB/miplib2003/normalized-mps-v2-20-10-rd-rplusc-21.opb.xz,63
OPT-LIN/normalized-PB06/mps-v2-20-10/MIPLIB/miplib2003/normalized-mps-v2-20-10-roll3000.opb.xz,41
OPT-LIN/normalized-PB06/mps-v2-20-10/MIPLIB/miplib2003/normalized-mps-v2-20-10-rout.opb.xz,37
OPT-LIN/normalized-PB06/mps-v2-20-10/MIPLIB/miplib2003/normalized-mps-v2-20-10-set1ch.opb.xz,41
OPT-LIN/normalized-PB06/mps-v2-20-10/MIPLIB/miplib2003/normalized-mps-v2-20-10-seymour.opb.xz,11
OPT-LIN/normalized-PB06/mps-v2-20-10/MIPLIB/miplib2003/normalized-mps-v2-20-10-sp97ar.opb.xz,64
OPT-LIN/normalized-PB06/mps-v2-20-10/MIPLIB/miplib2003/normalized-mps-v2-20-10-stp3d.opb.xz,33
OPT-LIN/normalized-PB06/mps-v2-20-10/MIPLIB/miplib2003/normalized-mps-v2-20-10-swath.opb.xz,46
OPT-LIN/normalized-PB06/mps-v2-20-10/MIPLIB/miplib2003/normalized-mps-v2-20-10-t1717.opb.xz,28
OPT-LIN/normalized-PB06/mps-v2-20-10/MIPLIB/miplib2003/normalized-mps-v2-20-10-timtab2.opb.xz,59
OPT-LIN/normalized-PB06/mps-v2-20-10/MIPLIB/miplib2003/normalized-mps-v2-20-10-tr12-30.opb.xz,40
OPT-LIN/normalized-PB06/mps-v2-20-10/MIPLIB/miplib2003/normalized-mps-v2-20-10-van.opb.xz,40
OPT-LIN/normalized-PB06/mps-v2-20-10/MIPLIB/miplib2003/normalized-mps-v2-20-10-vpm2.opb.xz,23
OPT-LIN/normalized-PB06/mps-v2-20-10/MIPLIB/miplib3/normalized-mps-v2-20-10-blend2.opb.xz,61
OPT-LIN/normalized-PB06/mps-v2-20-10/MIPLIB/miplib3/normalized-mps-v2-20-10-gesa3.opb.xz,58
OPT-LIN/normalized-PB06/mps-v2-20-10/MIPLIB/miplib3/normalized-mps-v2-20-10-gesa3_o.opb.xz,58
OPT-LIN/normalized-PB06/mps-v2-20-10/MIPLIB/miplib3/normalized-mps-v2-20-10-gt2.opb.xz,22
OPT-LIN/normalized-PB06/mps-v2-20-10/MIPLIB/miplib3/normalized-mps-v2-20-10-mitre.opb.xz,20
OPT-LIN/normalized-PB06/mps-v2-20-10/MIPLIB/miplib3/normalized-mps-v2-20-10-qnet1.opb.xz,44
OPT-LIN/normalized-PB06/mps-v2-20-10/MIPLIB/miplib3/normalized-mps-v2-20-10-qnet1_o.opb.xz,44
OPT-LIN/normalized-PB06/mps-v2-20-10/ftp.netlib.org/lp/data/normalized-mps-v2-20-10-25fv47.opb.xz,60
OPT-LIN/normalized-PB06/mps-v2-20-10/ftp.netlib.org/lp/data/normalized-mps-v2-20-10-80bau3b.opb.xz,63
OPT-LIN/normalized-PB06/mps-v2-20-10/ftp.netlib.org/lp/data/normalized-mps-v2-20-10-adlittle.opb.xz,53
OPT-LIN/normalized-PB06/mps-v2-20-10/ftp.netlib.org/lp/data/normalized-mps-v2-20-10-afiro.opb.xz,45
OPT-LIN/normalized-PB06/mps-v2-20-10/ftp.netlib.org/lp/data/normalized-mps-v2-20-10-agg.opb.xz,56
OPT-LIN/normalized-PB06/mps-v2-20-10/ftp.netlib.org/lp/data/normalized-mps-v2-20-10-agg2.opb.xz,56
OPT-LIN/normalized-PB06/mps-v2-20-10/ftp.netlib.org/lp/data/normalized-mps-v2-20-10-agg3.opb.xz,56
OPT-LIN/normalized-PB06/mps-v2-20-10/ftp.netlib.org/lp/data/normalized-mps-v2-20-10-bandm.opb.xz,53
OPT-LIN/normalized-PB06/mps-v2-20-10/ftp.netlib.org/lp/data/normalized-mps-v2-20-10-beaconfd.opb.xz,49
OPT-LIN/normalized-PB06/mps-v2-20-10/ftp.netlib.org/lp/data/normalized-mps-v2-20-10-blend.opb.xz,50
OPT-LIN/normalized-PB06/mps-v2-20-10/ftp.netlib.org/lp/data/normalized-mps-v2-20-10-bnl1.opb.xz,60
OPT-LIN/normalized-PB06/mps-v2-20-10/ftp.netlib.org/lp/data/normalized-mps-v2-20-10-bnl2.opb.xz,54
OPT-LIN/normalized-PB06/mps-v2-20-10/ftp.netlib.org/lp/data/normalized-mps-v2-20-10-boeing1.opb.xz,59
OPT-LIN/normalized-PB06/mps-v2-20-10/ftp.netlib.org/lp/data/normalized-mps-v2-20-10-boeing2.opb.xz,54
OPT-LIN/normalized-PB06/mps-v2-20-10/ftp.netlib.org/lp/data/normalized-mps-v2-20-10-bore3d.opb.xz,57
OPT-LIN/normalized-PB06/mps-v2-20-10/ftp.netlib.org/lp/data/normalized-mps-v2-20-10-brandy.opb.xz,47
OPT-LIN/normalized-PB06/mps-v2-20-10/ftp.netlib.org/lp/data/normalized-mps-v2-20-10-capri.opb.xz,57
OPT-LIN/normalized-PB06/mps-v2-20-10/ftp.netlib.org/lp/data/normalized-mps-v2-20-10-cycle.opb.xz,60
OPT-LIN/normalized-PB06/mps-v2-20-10/ftp.netlib.org/lp/data/normalized-mps-v2-20-10-d2q06c.opb.xz,64
OPT-LIN/normalized-PB06/mps-v2-20-10/ftp.netlib.org/lp/data/normalized-mps-v2-20-10-d6cube.opb.xz,44
OPT-LIN/normalized-PB06/mps-v2-20-10/ftp.netlib.org/lp/data/normalized-mps-v2-20-10-degen2.opb.xz,49
OPT-LIN/normalized-PB06/mps-v2-20-10/ftp.netlib.org/lp/data/normalized-mps-v2-20-10-degen3.opb.xz,49
OPT-LIN/normalized-PB06/mps-v2-20-10/ftp.netlib.org/lp/data/normalized-mps-v2-20-10-e226.opb.xz,56
OPT-LIN/normalized-PB06/mps-v2-20-10/ftp.netlib.org/lp/data/normalized-mps-v2-20-10-fit1d.opb.xz,30
OPT-LIN/normalized-PB06/mps-v2-20-10/ftp.netlib.org/lp/data/normalized-mps-v2-20-10-fit1p.opb.xz,48
OPT-LIN/normalized-PB06/mps-v2-20-10/ftp.netlib.org/lp/data/normalized-mps-v2-20-10-fit2d.opb.xz,36
OPT-LIN/normalized-PB06/mps-v2-20-10/ftp.netlib.org/lp/data/normalized-mps-v2-20-10-fit2p.opb.xz,47
OPT-LIN/normalized-PB06/mps-v2-20-10/ftp.netlib.org/lp/data/normalized-mps-v2-20-10-forplan.opb.xz,60
OPT-LIN/normalized-PB06/mps-v2-20-10/ftp.netlib.org/lp/data/normalized-mps-v2-20-10-ganges.opb.xz,45
OPT-LIN/normalized-PB06/mps-v2-20-10/ftp.netlib.org/lp/data/normalized-mps-v2-20-10-gfrd-pnc.opb.xz,46
OPT-LIN/normalized-PB06/mps-v2-20-10/ftp.netlib.org/lp/data/normalized-mps-v2-20-10-greenbea.opb.xz,55
OPT-LIN/normalized-PB06/mps-v2-20-10/ftp.netlib.org/lp/data/normalized-mps-v2-20-10-greenbeb.opb.xz,55
OPT-LIN/normalized-PB06/mps-v2-20-10/ftp.netlib.org/lp/data/normalized-mps-v2-20-10-grow15.opb.xz,53
OPT-LIN/normalized-PB06/mps-v2-20-10/ftp.netlib.org/lp/data/normalized-mps-v2-20-10-grow22.opb.xz,53
OPT-LIN/normalized-PB06/mps-v2-20-10/ftp.netlib.org/lp/data/normalized-mps-v2-20-10-grow7.opb.xz,53
OPT-LIN/normalized-PB06/mps-v2-20-10/ftp.netlib.org/lp/data/normalized-mps-v2-20-10-israel.opb.xz,54
OPT-LIN/normalized-PB06/mps-v2-20-10/ftp.netlib.org/lp/data/normalized-mps-v2-20-10-kb2.opb.xz,57
OPT-LIN/normalized-PB06/mps-v2-20-10/ftp.netlib.org/lp/data/normalized-mps-v2-20-10-maros-r7.opb.xz,53
OPT-LIN/normalized-PB06/mps-v2-20-10/ftp.netlib.org/lp/data/normalized-mps-v2-20-10-maros.opb.xz,64
OPT-LIN/normalized-PB06/mps-v2-20-10/ftp.netlib.org/lp/data/normalized-mps-v2-20-10-modszk1.opb.xz,64
OPT-LIN/normalized-PB06/mps-v2-20-10/ftp.netlib.org/lp/data/normalized-mps-v2-20-10-nesm.opb.xz,63
OPT-LIN/normalized-PB06/mps-v2-20-10/ftp.netlib.org/lp/data/normalized-mps-v2-20-10-pilot.opb.xz,59
OPT-LIN/normalized-PB06/mps-v2-20-10/ftp.netlib.org/lp/data/normalized-mps-v2-20-10-pilot87.opb.xz,61
OPT-LIN/normalized-PB06/mps-v2-20-10/ftp.netlib.org/lp/data/normalized-mps-v2-20-10-recipe.opb.xz,57
OPT-LIN/normalized-PB06/mps-v2-20-10/ftp.netlib.org/lp/data/normalized-mps-v2-20-10-sc105.opb.xz,35
OPT-LIN/normalized-PB06/mps-v2-20-10/ftp.netlib.org/lp/data/normalized-mps-v2-20-10-sc205.opb.xz,35
OPT-LIN/normalized-PB06/mps-v2-20-10/ftp.netlib.org/lp/data/normalized-mps-v2-20-10-sc50a.opb.xz,35
OPT-LIN/normalized-PB06/mps-v2-20-10/ftp.netlib.org/lp/data/normalized-mps-v2-20-10-sc50b.opb.xz,35
OPT-LIN/normalized-PB06/mps-v2-20-10/ftp.netlib.org/lp/data/normalized-mps-v2-20-10-scagr25.opb.xz,53
OPT-LIN/normalized-PB06/mps-v2-20-10/ftp.netlib.org/lp/data/normalized-mps-v2-20-10-scagr7.opb.xz,51
OPT-LIN/normalized-PB06/mps-v2-20-10/ftp.netlib.org/lp/data/normalized-mps-v2-20-10-scfxm1.opb.xz,49
OPT-LIN/normalized-PB06/mps-v2-20-10/ftp.netlib.org/lp/data/normalized-mps-v2-20-10-scfxm2.opb.xz,49
OPT-LIN/normalized-PB06/mps-v2-20-10/ftp.netlib.org/lp/data/normalized-mps-v2-20-10-scfxm3.opb.xz,49
OPT-LIN/normalized-PB06/mps-v2-20-10/ftp.netlib.org/lp/data/normalized-mps-v2-20-10-scorpion.opb.xz,50
OPT-LIN/normalized-PB06/mps-v2-20-10/ftp.netlib.org/lp/data/normalized-mps-v2-20-10-sctap1.opb.xz,43
OPT-LIN/normalized-PB06/mps-v2-20-10/ftp.netlib.org/lp/data/normalized-mps-v2-20-10-sctap2.opb.xz,45
OPT-LIN/normalized-PB06/mps-v2-20-10/ftp.netlib.org/lp/data/normalized-mps-v2-20-10-sctap3.opb.xz,45
OPT-LIN/normalized-PB06/mps-v2-20-10/ftp.netlib.org/lp/data/normalized-mps-v2-20-10-seba.opb.xz,53
OPT-LIN/normalized-PB06/mps-v2-20-10/ftp.netlib.org/lp/data/normalized-mps-v2-20-10-share1b.opb.xz,56
OPT-LIN/normalized-PB06/mps-v2-20-10/ftp.netlib.org/lp/data/normalized-mps-v2-20-10-share2b.opb.xz,44
OPT-LIN/normalized-PB06/mps-v2-20-10/ftp.netlib.org/lp/data/normalized-mps-v2-20-10-shell.opb.xz,48
OPT-LIN/normalized-PB06/mps-v2-20-10/ftp.netlib.org/lp/data/normalized-mps-v2-20-10-ship04l.opb.xz,59
OPT-LIN/normalized-PB06/mps-v2-20-10/ftp.netlib.org/lp/data/normalized-mps-v2-20-10-ship04s.opb.xz,58
OPT-LIN/normalized-PB06/mps-v2-20-10/ftp.netlib.org/lp/data/normalized-mps-v2-20-10-ship08l.opb.xz,58
OPT-LIN/normalized-PB06/mps-v2-20-10/ftp.netlib.org/lp/data/normalized-mps-v2-20-10-ship08s.opb.xz,57
OPT-LIN/normalized-PB06/mps-v2-20-10/ftp.netlib.org/lp/data/normalized-mps-v2-20-10-ship12l.opb.xz,59
OPT-LIN/normalized-PB06/mps-v2-20-10/ftp.netlib.org/lp/data/normalized-mps-v2-20-10-ship12s.opb.xz,58
OPT-LIN/normalized-PB06/mps-v2-20-10/ftp.netlib.org/lp/data/normalized-mps-v2-20-10-sierra.opb.xz,50
OPT-LIN/normalized-PB06/mps-v2-20-10/ftp.netlib.org/lp/data/normalized-mps-v2-20-10-stair.opb.xz,52
OPT-LIN/normalized-PB06/mps-v2-20-10/ftp.netlib.org/lp/data/normalized-mps-v2-20-10-standata.opb.xz,52
OPT-LIN/normalized-PB06/mps-v2-20-10/ftp.netlib.org/lp/data/normalized-mps-v2-20-10-standgub.opb.xz,52
OPT-LIN/normalized-PB06/mps-v2-20-10/ftp.netlib.org/lp/data/normalized-mps-v2-20-10-stocfor1.opb.xz,62
OPT-LIN/normalized-PB06/mps-v2-20-10/ftp.netlib.org/lp/data/normalized-mps-v2-20-10-tuff.opb.xz,60
OPT-LIN/normalized-PB06/mps-v2-20-10/ftp.netlib.org/lp/data/normalized-mps-v2-20-10-vtp.base.opb.xz,54
OPT-LIN/normalized-PB06/mps-v2-20-10/ftp.netlib.org/lp/data/normalized-mps-v2-20-10-woodw.opb.xz,49
OPT-LIN/normalized-PB06/mps-v2-20-10/plato.asu.edu/pub/fctp/normalized-mps-v2-20-10-bal8x12.opb.xz,46
OPT-LIN/normalized-PB06/mps-v2-20-10/plato.asu.edu/pub/fctp/normalized-mps-v2-20-10-bk4x3.opb.xz,36
OPT-LIN/normalized-PB06/mps-v2-20-10/plato.asu.edu/pub/fctp/normalized-mps-v2-20-10-gr4x6.opb.xz,42
OPT-LIN/normalized-PB06/mps-v2-20-10/plato.asu.edu/pub/fctp/normalized-mps-v2-20-10-n3700.opb.xz,45
OPT-LIN/normalized-PB06/mps-v2-20-10/plato.asu.edu/pub/fctp/normalized-mps-v2-20-10-n3701.opb.xz,45
OPT-LIN/normalized-PB06/mps-v2-20-10/plato.asu.edu/pub/fctp/normalized-mps-v2-20-10-n3702.opb.xz,45
OPT-LIN/normalized-PB06/mps-v2-20-10/plato.asu.edu/pub/fctp/normalized-mps-v2-20-10-n3703.opb.xz,45
OPT-LIN/normalized-PB06/mps-v2-20-10/plato.asu.edu/pub/fctp/normalized-mps-v2-20-10-n3704.opb.xz,45
OPT-LIN/normalized-PB06/mps-v2-20-10/plato.asu.edu/pub/fctp/normalized-mps-v2-20-10-n3705.opb.xz,45
OPT-LIN/normalized-PB06/mps-v2-20-10/plato.asu.edu/pub/fctp/normalized-mps-v2-20-10-n3706.opb.xz,45
OPT-LIN/normalized-PB06/mps-v2-20-10/plato.asu.edu/pub/fctp/normalized-mps-v2-20-10-n3707.opb.xz,45
OPT-LIN/normalized-PB06/mps-v2-20-10/plato.asu.edu/pub/fctp/normalized-mps-v2-20-10-n3708.opb.xz,45
OPT-LIN/normalized-PB06/mps-v2-20-10/plato.asu.edu/pub/fctp/normalized-mps-v2-20-10-n3709.opb.xz,45
OPT-LIN/normalized-PB06/mps-v2-20-10/plato.asu.edu/pub/fctp/normalized-mps-v2-20-10-n370a.opb.xz,45
OPT-LIN/normalized-PB06/mps-v2-20-10/plato.asu.edu/pub/fctp/normalized-mps-v2-20-10-n370b.opb.xz,45
OPT-LIN/normalized-PB06/mps-v2-20-10/plato.asu.edu/pub/fctp/normalized-mps-v2-20-10-n370c.opb.xz,45
OPT-LIN/normalized-PB06/mps-v2-20-10/plato.asu.edu/pub/fctp/normalized-mps-v2-20-10-n370e.opb.xz,45
OPT-LIN/normalized-PB06/mps-v2-20-10/plato.asu.edu/pub/fctp/normalized-mps-v2-20-10-ran10x10a.opb.xz,40
OPT-LIN/normalized-PB06/mps-v2-20-10/plato.asu.edu/pub/fctp/normalized-mps-v2-20-10-ran10x10b.opb.xz,39
OPT-LIN/normalized-PB06/mps-v2-20-10/plato.asu.edu/pub/fctp/normalized-mps-v2-20-10-ran10x10c.opb.xz,39
OPT-LIN/normalized-PB06/mps-v2-20-10/plato.asu.edu/pub/fctp/normalized-mps-v2-20-10-ran10x12.opb.xz,40
OPT-LIN/normalized-PB06/mps-v2-20-10/plato.asu.edu/pub/fctp/normalized-mps-v2-20-10-ran10x26.opb.xz,41
OPT-LIN/normalized-PB06/mps-v2-20-10/plato.asu.edu/pub/fctp/normalized-mps-v2-20-10-ran12x12.opb.xz,40
OPT-LIN/normalized-PB06/mps-v2-20-10/plato.asu.edu/pub/fctp/normalized-mps-v2-20-10-ran12x21.opb.xz,41
OPT-LIN/normalized-PB06/mps-v2-20-10/plato.asu.edu/pub/fctp/normalized-mps-v2-20-10-ran13x13.opb.xz,40
OPT-LIN/normalized-PB06/mps-v2-20-10/plato.asu.edu/pub/fctp/normalized-mps-v2-20-10-ran14x18.opb.xz,41
OPT-LIN/normalized-PB06/mps-v2-20-10/plato.asu.edu/pub/fctp/normalized-mps-v2-20-10-ran16x16.opb.xz,41
OPT-LIN/normalized-PB06/mps-v2-20-10/plato.asu.edu/pub/fctp/normalized-mps-v2-20-10-ran17x17.opb.xz,41
OPT-LIN/normalized-PB06/mps-v2-20-10/plato.asu.edu/pub/fctp/normalized-mps-v2-20-10-ran4x64.opb.xz,41
OPT-LIN/normalized-PB06/mps-v2-20-10/plato.asu.edu/pub/fctp/normalized-mps-v2-20-10-ran6x43.opb.xz,41
OPT-LIN/normalized-PB06/mps-v2-20-10/plato.asu.edu/pub/fctp/normalized-mps-v2-20-10-ran8x32.opb.xz,41
OPT-LIN/normalized-PB06/mps-v2-20-10/plato.asu.edu/pub/milp/normalized-mps-v2-20-10-bienst1.opb.xz,34
OPT-LIN/normalized-PB06/mps-v2-20-10/plato.asu.edu/pub/milp/normalized-mps-v2-20-10-bienst2.opb.xz,34
OPT-LIN/normalized-PB06/mps-v2-20-10/plato.asu.edu/pub/milp/normalized-mps-v2-20-10-dano3_3.opb.xz,40
OPT-LIN/normalized-PB06/mps-v2-20-10/plato.asu.edu/pub/milp/normalized-mps-v2-20-10-dano3_4.opb.xz,40
OPT-LIN/normalized-PB06/mps-v2-20-10/plato.asu.edu/pub/milp/normalized-mps-v2-20-10-dano3_5.opb.xz,40
OPT-LIN/normalized-PB06/mps-v2-20-10/plato.asu.edu/pub/milp/normalized-mps-v2-20-10-markshare1_1.opb.xz,33
OPT-LIN/normalized-PB06/mps-v2-20-10/plato.asu.edu/pub/milp/normalized-mps-v2-20-10-markshare2_1.opb.xz,33
OPT-LIN/normalized-PB06/mps-v2-20-10/plato.asu.edu/pub/milp/normalized-mps-v2-20-10-mkc1.opb.xz,41
OPT-LIN/normalized-PB06/mps-v2-20-10/plato.asu.edu/pub/milp/normalized-mps-v2-20-10-neos1.opb.xz,9
OPT-LIN/normalized-PB06/mps-v2-20-10/plato.asu.edu/pub/milp/normalized-mps-v2-20-10-neos10.opb.xz,15
OPT-LIN/normalized-PB06/mps-v2-20-10/plato.asu.edu/pub/milp/normalized-mps-v2-20-10-neos11.opb.xz,38
OPT-LIN/normalized-PB06/mps-v2-20-10/plato.asu.edu/pub/milp/normalized-mps-v2-20-10-neos12.opb.xz,39
OPT-LIN/normalized-PB06/mps-v2-20-10/plato.asu.edu/pub/milp/normalized-mps-v2-20-10-neos13.opb.xz,40
OPT-LIN/normalized-PB06/mps-v2-20-10/plato.asu.edu/pub/milp/normalized-mps-v2-20-10-neos16.opb.xz,10
OPT-LIN/normalized-PB06/mps-v2-20-10/plato.asu.edu/pub/milp/normalized-mps-v2-20-10-neos17.opb.xz,56
OPT-LIN/normalized-PB06/mps-v2-20-10/plato.asu.edu/pub/milp/normalized-mps-v2-20-10-neos18.opb.xz,8
OPT-LIN/normalized-PB06/mps-v2-20-10/plato.asu.edu/pub/milp/normalized-mps-v2-20-10-neos19.opb.xz,17
OPT-LIN/normalized-PB06/mps-v2-20-10/plato.asu.edu/pub/milp/normalized-mps-v2-20-10-neos20.opb.xz,39
OPT-LIN/normalized-PB06/mps-v2-20-10/plato.asu.edu/pub/milp/normalized-mps-v2-20-10-neos5.opb.xz,17
OPT-LIN/normalized-PB06/mps-v2-20-10/plato.asu.edu/pub/milp/normalized-mps-v2-20-10-neos6.opb.xz,38
OPT-LIN/normalized-PB06/mps-v2-20-10/plato.asu.edu/pub/milp/normalized-mps-v2-20-10-neos7.opb.xz,50
OPT-LIN/normalized-PB06/mps-v2-20-10/plato.asu.edu/pub/milp/normalized-mps-v2-20-10-neos8.opb.xz,16
OPT-LIN/normalized-PB06/mps-v2-20-10/plato.asu.edu/pub/milp/normalized-mps-v2-20-10-neos9.opb.xz,26
OPT-LIN/normalized-PB06/mps-v2-20-10/plato.asu.edu/pub/milp/normalized-mps-v2-20-10-nug08.opb.xz,34
OPT-LIN/normalized-PB06/mps-v2-20-10/plato.asu.edu/pub/milp/normalized-mps-v2-20-10-qap10.opb.xz,35
OPT-LIN/normalized-PB06/mps-v2-20-10/plato.asu.edu/pub/milp/normalized-mps-v2-20-10-seymour1.opb.xz,22
OPT-LIN/normalized-PB06/mps-v2-20-10/plato.asu.edu/pub/milp/normalized-mps-v2-20-10-swath1.opb.xz,53
OPT-LIN/normalized-PB06/mps-v2-20-10/plato.asu.edu/pub/milp/normalized-mps-v2-20-10-swath2.opb.xz,53
OPT-LIN/normalized-PB06/mps-v2-20-10/plato.asu.edu/pub/milp/normalized-mps-v2-20-10-swath3.opb.xz,53
OPT-LIN/normalized-PB06/mps-v2-20-10/plato.asu.edu/pub/unibo/normalized-mps-v2-20-10-A1C1S1.opb.xz,54
OPT-LIN/normalized-PB06/mps-v2-20-10/plato.asu.edu/pub/unibo/normalized-mps-v2-20-10-A2C1S1.opb.xz,54
OPT-LIN/normalized-PB06/mps-v2-20-10/plato.asu.edu/pub/unibo/normalized-mps-v2-20-10-B1C1S1.opb.xz,49
OPT-LIN/normalized-PB06/mps-v2-20-10/plato.asu.edu/pub/unibo/normalized-mps-v2-20-10-B2C1S1.opb.xz,49
OPT-LIN/normalized-PB06/mps-v2-20-10/plato.asu.edu/pub/unibo/normalized-mps-v2-20-10-CMS750_4.opb.xz,32
OPT-LIN/normalized-PB06/mps-v2-20-10/plato.asu.edu/pub/unibo/normalized-mps-v2-20-10-UMTS.opb.xz,42
OPT-LIN/normalized-PB06/mps-v2-20-10/plato.asu.edu/pub/unibo/normalized-mps-v2-20-10-berlin_5_8_0.opb.xz,32
OPT-LIN/normalized-PB06/mps-v2-20-10/plato.asu.edu/pub/unibo/normalized-mps-v2-20-10-bg512142.opb.xz,50
OPT-LIN/normalized-PB06/mps-v2-20-10/plato.asu.edu/pub/unibo/normalized-mps-v2-20-10-blp-ar98.opb.xz,50
OPT-LIN/normalized-PB06/mps-v2-20-10/plato.asu.edu/pub/unibo/normalized-mps-v2-20-10-blp-ic97.opb.xz,49
OPT-LIN/normalized-PB06/mps-v2-20-10/plato.asu.edu/pub/unibo/normalized-mps-v2-20-10-blp-ic98.opb.xz,50
OPT-LIN/normalized-PB06/mps-v2-20-10/plato.asu.edu/pub/unibo/normalized-mps-v2-20-10-blp-ir98.opb.xz,49
OPT-LIN/normalized-PB06/mps-v2-20-10/plato.asu.edu/pub/unibo/normalized-mps-v2-20-10-core2536-691.opb.xz,15
OPT-LIN/normalized-PB06/mps-v2-20-10/plato.asu.edu/pub/unibo/normalized-mps-v2-20-10-core2586-950.opb.xz,15
OPT-LIN/normalized-PB06/mps-v2-20-10/plato.asu.edu/pub/unibo/normalized-mps-v2-20-10-core4284-1064.opb.xz,16
OPT-LIN/normalized-PB06/mps-v2-20-10/plato.asu.edu/pub/unibo/normalized-mps-v2-20-10-core4872-1529.opb.xz,16
OPT-LIN/normalized-PB06/mps-v2-20-10/plato.asu.edu/pub/unibo/normalized-mps-v2-20-10-dg012142.opb.xz,50
OPT-LIN/normalized-PB06/mps-v2-20-10/plato.asu.edu/pub/unibo/normalized-mps-v2-20-10-nsrand_ipx.opb.xz,35
OPT-LIN/normalized-PB06/mps-v2-20-10/plato.asu.edu/pub/unibo/normalized-mps-v2-20-10-rail507.opb.xz,17
OPT-LIN/normalized-PB06/mps-v2-20-10/plato.asu.edu/pub/unibo/normalized-mps-v2-20-10-railway_8_1_0.opb.xz,32
OPT-LIN/normalized-PB06/mps-v2-20-10/plato.asu.edu/pub/unibo/normalized-mps-v2-20-10-roll3000.opb.xz,41
OPT-LIN/normalized-PB06/mps-v2-20-10/plato.asu.edu/pub/unibo/normalized-mps-v2-20-10-sp97ar.opb.xz,40
OPT-LIN/normalized-PB06/mps-v2-20-10/plato.asu.edu/pub/unibo/normalized-mps-v2-20-10-sp97ic.opb.xz,42
OPT-LIN/normalized-PB06/mps-v2-20-10/plato.asu.edu/pub/unibo/normalized-mps-v2-20-10-sp98ar.opb.xz,41
OPT-LIN/normalized-PB06/mps-v2-20-10/plato.asu.edu/pub/unibo/normalized-mps-v2-20-10-sp98ic.opb.xz,42
OPT-LIN/normalized-PB06/mps-v2-20-10/plato.asu.edu/pub/unibo/normalized-mps-v2-20-10-tr12-30.opb.xz,40
OPT-LIN/normalized-PB06/mps-v2-20-10/plato.asu.edu/pub/unibo/normalized-mps-v2-20-10-usAbbrv.8.25_70.opb.xz,32
OPT-LIN/normalized-PB06/mps-v2-20-10/plato.asu.edu/pub/unibo/normalized-mps-v2-20-10-van.opb.xz,40
OPT-LIN/normalized-PB06/mps-v2-20-10/www.csit.fsu.edu/~burkardt/datasets/mps/normalized-mps-v2-20-10-maros.opb.xz,34
OPT-LIN/normalized-PB06/mps-v2-20-10/www.csit.fsu.edu/~burkardt/datasets/mps/normalized-mps-v2-20-10-nazareth.opb.xz,35
OPT-LIN/normalized-PB06/mps-v2-20-10/www.csit.fsu.edu/~burkardt/datasets/mps/normalized-mps-v2-20-10-testprob.opb.xz,35
OPT-LIN/normalized-PB06/submitted-PB05/manquinho/logic-synthesis/normalized-5xp1.b.opb.xz,9
OPT-LIN/normalized-PB06/submitted-PB05/manquinho/logic-synthesis/normalized-9sym.b.opb.xz,9
OPT-LIN/normalized-PB06/submitted-PB05/manquinho/logic-synthesis/normalized-alu4.b.opb.xz,10
OPT-LIN/normalized-PB06/submitted-PB05/manquinho/logic-synthesis/normalized-apex4.a.opb.xz,13
OPT-LIN/normalized-PB06/submitted-PB05/manquinho/logic-synthesis/normalized-bench1.pi.opb.xz,13
OPT-LIN/normalized-PB06/submitted-PB05/manquinho/logic-synthesis/normalized-clip.b.opb.xz,9
OPT-LIN/normalized-PB06/submitted-PB05/manquinho/logic-synthesis/normalized-count.b.opb.xz,9
OPT-LIN/normalized-PB06/submitted-PB05/manquinho/logic-synthesis/normalized-e64.b.opb.xz,10
OPT-LIN/normalized-PB06/submitted-PB05/manquinho/logic-synthesis/normalized-ex5.pi.opb.xz,12
OPT-LIN/normalized-PB06/submitted-PB05/manquinho/logic-synthesis/normalized-exam.pi.opb.xz,13
OPT-LIN/normalized-PB06/submitted-PB05/manquinho/logic-synthesis/normalized-f51m.b.opb.xz,9
OPT-LIN/normalized-PB06/submitted-PB05/manquinho/logic-synthesis/normalized-jac3.opb.xz,11
OPT-LIN/normalized-PB06/submitted-PB05/manquinho/logic-synthesis/normalized-max1024.pi.opb.xz,11
OPT-LIN/normalized-PB06/submitted-PB05/manquinho/logic-synthesis/normalized-prom2.pi.opb.xz,12
OPT-LIN/normalized-PB06/submitted-PB05/manquinho/logic-synthesis/normalized-rot.b.opb.xz,11
OPT-LIN/normalized-PB06/submitted-PB05/manquinho/logic-synthesis/normalized-sao2.b.opb.xz,9
OPT-LIN/normalized-PB06/submitted-PB05/manquinho/logic-synthesis/normalized-test4.pi.opb.xz,13
OPT-LIN/normalized-PB06/submitted-PB05/manquinho/primes-dimacs-cnf/normalized-aim-100-1_6-yes1-1.opb.xz,8
OPT-LIN/normalized-PB06/submitted-PB05/manquinho/primes-dimacs-cnf/normalized-aim-100-1_6-yes1-2.opb.xz,8
OPT-LIN/normalized-PB06/submitted-PB05/manquinho/primes-dimacs-cnf/normalized-aim-100-1_6-yes1-3.opb.xz,8
OPT-LIN/normalized-PB06/submitted-PB05/manquinho/primes-dimacs-cnf/normalized-aim-100-1_6-yes1-4.opb.xz,8
OPT-LIN/normalized-PB06/submitted-PB05/manquinho/primes-dimacs-cnf/normalized-aim-100-2_0-yes1-1.opb.xz,8
OPT-LIN/normalized-PB06/submitted-PB05/manquinho/primes-dimacs-cnf/normalized-aim-100-2_0-yes1-2.opb.xz,8
OPT-LIN/normalized-PB06/submitted-PB05/manquinho/primes-dimacs-cnf/normalized-aim-100-2_0-yes1-3.opb.xz,8
OPT-LIN/normalized-PB06/submitted-PB05/manquinho/primes-dimacs-cnf/normalized-aim-100-2_0-yes1-4.opb.xz,8
OPT-LIN/normalized-PB06/submitted-PB05/manquinho/primes-dimacs-cnf/normalized-aim-100-3_4-yes1-1.opb.xz,8
OPT-LIN/normalized-PB06/submitted-PB05/manquinho/primes-dimacs-cnf/normalized-aim-100-3_4-yes1-2.opb.xz,8
OPT-LIN/normalized-PB06/submitted-PB05/manquinho/primes-dimacs-cnf/normalized-aim-100-3_4-yes1-3.opb.xz,8
OPT-LIN/normalized-PB06/submitted-PB05/manquinho/primes-dimacs-cnf/normalized-aim-100-3_4-yes1-4.opb.xz,8
OPT-LIN/normalized-PB06/submitted-PB05/manquinho/primes-dimacs-cnf/normalized-aim-100-6_0-yes1-1.opb.xz,8
OPT-LIN/normalized-PB06/submitted-PB05/manquinho/primes-dimacs-cnf/normalized-aim-100-6_0-yes1-2.opb.xz,8
OPT-LIN/normalized-PB06/submitted-PB05/manquinho/primes-dimacs-cnf/normalized-aim-100-6_0-yes1-3.opb.xz,8
OPT-LIN/normalized-PB06/submitted-PB05/manquinho/primes-dimacs-cnf/normalized-aim-100-6_0-yes1-4.opb.xz,8
OPT-LIN/normalized-PB06/submitted-PB05/manquinho/primes-dimacs-cnf/normalized-aim-200-1_6-yes1-1.opb.xz,9
OPT-LIN/normalized-PB06/submitted-PB05/manquinho/primes-dimacs-cnf/normalized-aim-200-1_6-yes1-2.opb.xz,9
OPT-LIN/normalized-PB06/submitted-PB05/manquinho/primes-dimacs-cnf/normalized-aim-200-1_6-yes1-3.opb.xz,9
OPT-LIN/normalized-PB06/submitted-PB05/manquinho/primes-dimacs-cnf/normalized-aim-200-1_6-yes1-4.opb.xz,9
OPT-LIN/normalized-PB06/submitted-PB05/manquinho/primes-dimacs-cnf/normalized-aim-200-2_0-yes1-1.opb.xz,9
OPT-LIN/normalized-PB06/submitted-PB05/manquinho/primes-dimacs-cnf/normalized-aim-200-2_0-yes1-2.opb.xz,9
OPT-LIN/normalized-PB06/submitted-PB05/manquinho/primes-dimacs-cnf/normalized-aim-200-2_0-yes1-3.opb.xz,9
OPT-LIN/normalized-PB06/submitted-PB05/manquinho/primes-dimacs-cnf/normalized-aim-200-2_0-yes1-4.opb.xz,9
OPT-LIN/normalized-PB06/submitted-PB05/manquinho/primes-dimacs-cnf/normalized-aim-200-3_4-yes1-1.opb.xz,9
OPT-LIN/normalized-PB06/submitted-PB05/manquinho/primes-dimacs-cnf/normalized-aim-200-3_4-yes1-2.opb.xz,9
OPT-LIN/normalized-PB06/submitted-PB05/manquinho/primes-dimacs-cnf/normalized-aim-200-3_4-yes1-3.opb.xz,9
OPT-LIN/normalized-PB06/submitted-PB05/manquinho/primes-dimacs-cnf/normalized-aim-200-3_4-yes1-4.opb.xz,9
OPT-LIN/normalized-PB06/submitted-PB05/manquinho/primes-dimacs-cnf/normalized-aim-200-6_0-yes1-1.opb.xz,9
OPT-LIN/normalized-PB06/submitted-PB05/manquinho/primes-dimacs-cnf/normalized-aim-200-6_0-yes1-2.opb.xz,9
OPT-LIN/normalized-PB06/submitted-PB05/manquinho/primes-dimacs-cnf/normalized-aim-200-6_0-yes1-3.opb.xz,9
OPT-LIN/normalized-PB06/submitted-PB05/manquinho/primes-dimacs-cnf/normalized-aim-200-6_0-yes1-4.opb.xz,9
OPT-LIN/normalized-PB06/submitted-PB05/manquinho/primes-dimacs-cnf/normalized-aim-50-1_6-yes1-1.opb.xz,7
OPT-LIN/normalized-PB06/submitted-PB05/manquinho/primes-dimacs-cnf/normalized-aim-50-1_6-yes1-2.opb.xz,7
OPT-LIN/normalized-PB06/submitted-PB05/manquinho/primes-dimacs-cnf/normalized-aim-50-1_6-yes1-3.opb.xz,7
OPT-LIN/normalized-PB06/submitted-PB05/manquinho/primes-dimacs-cnf/normalized-aim-50-1_6-yes1-4.opb.xz,7
OPT-LIN/normalized-PB06/submitted-PB05/manquinho/primes-dimacs-cnf/normalized-aim-50-2_0-yes1-1.opb.xz,7
OPT-LIN/normalized-PB06/submitted-PB05/manquinho/primes-dimacs-cnf/normalized-aim-50-2_0-yes1-2.opb.xz,7
OPT-LIN/normalized-PB06/submitted-PB05/manquinho/primes-dimacs-cnf/normalized-aim-50-2_0-yes1-3.opb.xz,7
OPT-LIN/normalized-PB06/submitted-PB05/manquinho/primes-dimacs-cnf/normalized-aim-50-2_0-yes1-4.opb.xz,7
OPT-LIN/normalized-PB06/submitted-PB05/manquinho/primes-dimacs-cnf/normalized-aim-50-3_4-yes1-1.opb.xz,7
OPT-LIN/normalized-PB06/submitted-PB05/manquinho/primes-dimacs-cnf/normalized-aim-50-3_4-yes1-2.opb.xz,7
OPT-LIN/normalized-PB06/submitted-PB05/manquinho/primes-dimacs-cnf/normalized-aim-50-3_4-yes1-3.opb.xz,7
OPT-LIN/normalized-PB06/submitted-PB05/manquinho/primes-dimacs-cnf/normalized-aim-50-3_4-yes1-4.opb.xz,7
OPT-LIN/normalized-PB06/submitted-PB05/manquinho/primes-dimacs-cnf/normalized-aim-50-6_0-yes1-1.opb.xz,7
OPT-LIN/normalized-PB06/submitted-PB05/manquinho/primes-dimacs-cnf/normalized-aim-50-6_0-yes1-2.opb.xz,7
OPT-LIN/normalized-PB06/submitted-PB05/manquinho/primes-dimacs-cnf/normalized-aim-50-6_0-yes1-3.opb.xz,7
OPT-LIN/normalized-PB06/submitted-PB05/manquinho/primes-dimacs-cnf/normalized-aim-50-6_0-yes1-4.opb.xz,7
OPT-LIN/normalized-PB06/submitted-PB05/manquinho/primes-dimacs-cnf/normalized-bf0432-007.opb.xz,12
OPT-LIN/normalized-PB06/submitted-PB05/manquinho/primes-dimacs-cnf/normalized-bf1355-075.opb.xz,13
OPT-LIN/normalized-PB06/submitted-PB05/manquinho/primes-dimacs-cnf/normalized-bf1355-638.opb.xz,13
OPT-LIN/normalized-PB06/submitted-PB05/manquinho/primes-dimacs-cnf/normalized-bf2670-001.opb.xz,12
OPT-LIN/normalized-PB06/submitted-PB05/manquinho/primes-dimacs-cnf/normalized-f1000.opb.xz,11
OPT-LIN/normalized-PB06/submitted-PB05/manquinho/primes-dimacs-cnf/normalized-f2000.opb.xz,12
OPT-LIN/normalized-PB06/submitted-PB05/manquinho/primes-dimacs-cnf/normalized-f600.opb.xz,11
OPT-LIN/normalized-PB06/submitted-PB05/manquinho/primes-dimacs-cnf/normalized-g125.17.opb.xz,13
OPT-LIN/normalized-PB06/submitted-PB05/manquinho/primes-dimacs-cnf/normalized-g125.18.opb.xz,13
OPT-LIN/normalized-PB06/submitted-PB05/manquinho/primes-dimacs-cnf/normalized-g250.15.opb.xz,13
OPT-LIN/normalized-PB06/submitted-PB05/manquinho/primes-dimacs-cnf/normalized-g250.29.opb.xz,14
OPT-LIN/normalized-PB06/submitted-PB05/manquinho/primes-dimacs-cnf/normalized-hanoi4.opb.xz,11
OPT-LIN/normalized-PB06/submitted-PB05/manquinho/primes-dimacs-cnf/normalized-hanoi5.opb.xz,12
OPT-LIN/normalized-PB06/submitted-PB05/manquinho/primes-dimacs-cnf/normalized-ii16a1.opb.xz,12
OPT-LIN/normalized-PB06/submitted-PB05/manquinho/primes-dimacs-cnf/normalized-ii16a2.opb.xz,12
OPT-LIN/normalized-PB06/submitted-PB05/manquinho/primes-dimacs-cnf/normalized-ii16b1.opb.xz,12
OPT-LIN/normalized-PB06/submitted-PB05/manquinho/primes-dimacs-cnf/normalized-ii16b2.opb.xz,12
OPT-LIN/normalized-PB06/submitted-PB05/manquinho/primes-dimacs-cnf/normalized-ii16c1.opb.xz,12
OPT-LIN/normalized-PB06/submitted-PB05/manquinho/primes-dimacs-cnf/normalized-ii16c2.opb.xz,11
OPT-LIN/normalized-PB06/submitted-PB05/manquinho/primes-dimacs-cnf/normalized-ii16d1.opb.xz,12
OPT-LIN/normalized-PB06/submitted-PB05/manquinho/primes-dimacs-cnf/normalized-ii16d2.opb.xz,11
OPT-LIN/normalized-PB06/submitted-PB05/manquinho/primes-dimacs-cnf/normalized-ii16e1.opb.xz,12
OPT-LIN/normalized-PB06/submitted-PB05/manquinho/primes-dimacs-cnf/normalized-ii16e2.opb.xz,11
OPT-LIN/normalized-PB06/submitted-PB05/manquinho/primes-dimacs-cnf/normalized-ii32a1.opb.xz,10
OPT-LIN/normalized-PB06/submitted-PB05/manquinho/primes-dimacs-cnf/normalized-ii32b1.opb.xz,9
OPT-LIN/normalized-PB06/submitted-PB05/manquinho/primes-dimacs-cnf/normalized-ii32b2.opb.xz,10
OPT-LIN/normalized-PB06/submitted-PB05/manquinho/primes-dimacs-cnf/normalized-ii32b3.opb.xz,10
OPT-LIN/normalized-PB06/submitted-PB05/manquinho/primes-dimacs-cnf/normalized-ii32b4.opb.xz,10
OPT-LIN/normalized-PB06/submitted-PB05/manquinho/primes-dimacs-cnf/normalized-ii32c1.opb.xz,9
OPT-LIN/normalized-PB06/submitted-PB05/manquinho/primes-dimacs-cnf/normalized-ii32c2.opb.xz,9
OPT-LIN/normalized-PB06/submitted-PB05/manquinho/primes-dimacs-cnf/normalized-ii32c3.opb.xz,10
OPT-LIN/normalized-PB06/submitted-PB05/manquinho/primes-dimacs-cnf/normalized-ii32c4.opb.xz,11
OPT-LIN/normalized-PB06/submitted-PB05/manquinho/primes-dimacs-cnf/normalized-ii32d1.opb.xz,10
OPT-LIN/normalized-PB06/submitted-PB05/manquinho/primes-dimacs-cnf/normalized-ii32d2.opb.xz,10
OPT-LIN/normalized-PB06/submitted-PB05/manquinho/primes-dimacs-cnf/normalized-ii32d3.opb.xz,11
OPT-LIN/normalized-PB06/submitted-PB05/manquinho/primes-dimacs-cnf/normalized-ii32e1.opb.xz,9
OPT-LIN/normalized-PB06/submitted-PB05/manquinho/primes-dimacs-cnf/normalized-ii32e2.opb.xz,10
OPT-LIN/normalized-PB06/submitted-PB05/manquinho/primes-dimacs-cnf/normalized-ii32e3.opb.xz,10
OPT-LIN/normalized-PB06/submitted-PB05/manquinho/primes-dimacs-cnf/normalized-ii32e4.opb.xz,10
OPT-LIN/normalized-PB06/submitted-PB05/manquinho/primes-dimacs-cnf/normalized-ii32e5.opb.xz,11
OPT-LIN/normalized-PB06/submitted-PB05/manquinho/primes-dimacs-cnf/normalized-ii8a1.opb.xz,8
OPT-LIN/normalized-PB06/submitted-PB05/manquinho/primes-dimacs-cnf/normalized-ii8a2.opb.xz,9
OPT-LIN/normalized-PB06/submitted-PB05/manquinho/primes-dimacs-cnf/normalized-ii8a3.opb.xz,10
OPT-LIN/normalized-PB06/submitted-PB05/manquinho/primes-dimacs-cnf/normalized-ii8a4.opb.xz,10
OPT-LIN/normalized-PB06/submitted-PB05/manquinho/primes-dimacs-cnf/normalized-ii8b1.opb.xz,10
OPT-LIN/normalized-PB06/submitted-PB05/manquinho/primes-dimacs-cnf/normalized-ii8b2.opb.xz,11
OPT-LIN/normalized-PB06/submitted-PB05/manquinho/primes-dimacs-cnf/normalized-ii8b3.opb.xz,11
OPT-LIN/normalized-PB06/submitted-PB05/manquinho/primes-dimacs-cnf/normalized-ii8b4.opb.xz,12
OPT-LIN/normalized-PB06/submitted-PB05/manquinho/primes-dimacs-cnf/normalized-ii8c1.opb.xz,10
OPT-LIN/normalized-PB06/submitted-PB05/manquinho/primes-dimacs-cnf/normalized-ii8c2.opb.xz,11
OPT-LIN/normalized-PB06/submitted-PB05/manquinho/primes-dimacs-cnf/normalized-ii8d1.opb.xz,11
OPT-LIN/normalized-PB06/submitted-PB05/manquinho/primes-dimacs-cnf/normalized-ii8d2.opb.xz,11
OPT-LIN/normalized-PB06/submitted-PB05/manquinho/primes-dimacs-cnf/normalized-ii8e1.opb.xz,11
OPT-LIN/normalized-PB06/submitted-PB05/manquinho/primes-dimacs-cnf/normalized-ii8e2.opb.xz,11
OPT-LIN/normalized-PB06/submitted-PB05/manquinho/primes-dimacs-cnf/normalized-jnh1.opb.xz,8
OPT-LIN/normalized-PB06/submitted-PB05/manquinho/primes-dimacs-cnf/normalized-jnh12.opb.xz,8
OPT-LIN/normalized-PB06/submitted-PB05/manquinho/primes-dimacs-cnf/normalized-jnh17.opb.xz,8
OPT-LIN/normalized-PB06/submitted-PB05/manquinho/primes-dimacs-cnf/normalized-jnh201.opb.xz,8
OPT-LIN/normalized-PB06/submitted-PB05/manquinho/primes-dimacs-cnf/normalized-jnh204.opb.xz,8
OPT-LIN/normalized-PB06/submitted-PB05/manquinho/primes-dimacs-cnf/normalized-jnh205.opb.xz,8
OPT-LIN/normalized-PB06/submitted-PB05/manquinho/primes-dimacs-cnf/normalized-jnh207.opb.xz,8
OPT-LIN/normalized-PB06/submitted-PB05/manquinho/primes-dimacs-cnf/normalized-jnh209.opb.xz,8
OPT-LIN/normalized-PB06/submitted-PB05/manquinho/primes-dimacs-cnf/normalized-jnh210.opb.xz,8
OPT-LIN/normalized-PB06/submitted-PB05/manquinho/primes-dimacs-cnf/normalized-jnh212.opb.xz,8
OPT-LIN/normalized-PB06/submitted-PB05/manquinho/primes-dimacs-cnf/normalized-jnh213.opb.xz,8
OPT-LIN/normalized-PB06/submitted-PB05/manquinho/primes-dimacs-cnf/normalized-jnh217.opb.xz,8
OPT-LIN/normalized-PB06/submitted-PB05/manquinho/primes-dimacs-cnf/normalized-jnh218.opb.xz,8
OPT-LIN/normalized-PB06/submitted-PB05/manquinho/primes-dimacs-cnf/normalized-jnh220.opb.xz,8
OPT-LIN/normalized-PB06/submitted-PB05/manquinho/primes-dimacs-cnf/normalized-jnh301.opb.xz,8
OPT-LIN/normalized-PB06/submitted-PB05/manquinho/primes-dimacs-cnf/normalized-jnh7.opb.xz,8
OPT-LIN/normalized-PB06/submitted-PB05/manquinho/primes-dimacs-cnf/normalized-par16-1-c.opb.xz,10
OPT-LIN/normalized-PB06/submitted-PB05/manquinho/primes-dimacs-cnf/normalized-par16-1.opb.xz,11
OPT-LIN/normalized-PB06/submitted-PB05/manquinho/primes-dimacs-cnf/normalized-par16-2-c.opb.xz,10
OPT-LIN/normalized-PB06/submitted-PB05/manquinho/primes-dimacs-cnf/normalized-par16-2.opb.xz,11
OPT-LIN/normalized-PB06/submitted-PB05/manquinho/primes-dimacs-cnf/normalized-par16-3-c.opb.xz,10
OPT-LIN/normalized-PB06/submitted-PB05/manquinho/primes-dimacs-cnf/normalized-par16-3.opb.xz,11
OPT-LIN/normalized-PB06/submitted-PB05/manquinho/primes-dimacs-cnf/normalized-par16-4-c.opb.xz,10
OPT-LIN/normalized-PB06/submitted-PB05/manquinho/primes-dimacs-cnf/normalized-par16-4.opb.xz,11
OPT-LIN/normalized-PB06/submitted-PB05/manquinho/primes-dimacs-cnf/normalized-par16-5-c.opb.xz,10
OPT-LIN/normalized-PB06/submitted-PB05/manquinho/primes-dimacs-cnf/normalized-par16-5.opb.xz,11
OPT-LIN/normalized-PB06/submitted-PB05/manquinho/primes-dimacs-cnf/normalized-par32-1-c.opb.xz,12
OPT-LIN/normalized-PB06/submitted-PB05/manquinho/primes-dimacs-cnf/normalized-par32-1.opb.xz,13
OPT-LIN/normalized-PB06/submitted-PB05/manquinho/primes-dimacs-cnf/normalized-par32-2-c.opb.xz,12
OPT-LIN/normalized-PB06/submitted-PB05/manquinho/primes-dimacs-cnf/normalized-par32-2.opb.xz,13
OPT-LIN/normalized-PB06/submitted-PB05/manquinho/primes-dimacs-cnf/normalized-par32-3-c.opb.xz,12
OPT-LIN/normalized-PB06/submitted-PB05/manquinho/primes-dimacs-cnf/normalized-par32-3.opb.xz,13
OPT-LIN/normalized-PB06/submitted-PB05/manquinho/primes-dimacs-cnf/normalized-par32-4-c.opb.xz,12
OPT-LIN/normalized-PB06/submitted-PB05/manquinho/primes-dimacs-cnf/normalized-par32-4.opb.xz,13
OPT-LIN/normalized-PB06/submitted-PB05/manquinho/primes-dimacs-cnf/normalized-par32-5-c.opb.xz,12
OPT-LIN/normalized-PB06/submitted-PB05/manquinho/primes-dimacs-cnf/normalized-par32-5.opb.xz,13
OPT-LIN/normalized-PB06/submitted-PB05/manquinho/primes-dimacs-cnf/normalized-par8-1-c.opb.xz,8
OPT-LIN/normalized-PB06/submitted-PB05/manquinho/primes-dimacs-cnf/normalized-par8-1.opb.xz,10
OPT-LIN/normalized-PB06/submitted-PB05/manquinho/primes-dimacs-cnf/normalized-par8-2-c.opb.xz,8
OPT-LIN/normalized-PB06/submitted-PB05/manquinho/primes-dimacs-cnf/normalized-par8-2.opb.xz,10
OPT-LIN/normalized-PB06/submitted-PB05/manquinho/primes-dimacs-cnf/normalized-par8-3-c.opb.xz,8
OPT-LIN/normalized-PB06/submitted-PB05/manquinho/primes-dimacs-cnf/normalized-par8-3.opb.xz,10
OPT-LIN/normalized-PB06/submitted-PB05/manquinho/primes-dimacs-cnf/normalized-par8-4-c.opb.xz,8
OPT-LIN/normalized-PB06/submitted-PB05/manquinho/primes-dimacs-cnf/normalized-par8-4.opb.xz,10
OPT-LIN/normalized-PB06/submitted-PB05/manquinho/primes-dimacs-cnf/normalized-par8-5-c.opb.xz,8
OPT-LIN/normalized-PB06/submitted-PB05/manquinho/primes-dimacs-cnf/normalized-par8-5.opb.xz,10
OPT-LIN/normalized-PB06/submitted-PB05/manquinho/primes-dimacs-cnf/normalized-ssa0432-003.opb.xz,10
OPT-LIN/normalized-PB06/submitted-PB05/manquinho/primes-dimacs-cnf/normalized-ssa2670-130.opb.xz,12
OPT-LIN/normalized-PB06/submitted-PB05/manquinho/primes-dimacs-cnf/normalized-ssa2670-141.opb.xz,11
OPT-LIN/normalized-PB06/submitted-PB05/manquinho/primes-dimacs-cnf/normalized-ssa6288-047.opb.xz,15
OPT-LIN/normalized-PB06/submitted-PB05/manquinho/primes-dimacs-cnf/normalized-ssa7552-038.opb.xz,12
OPT-LIN/normalized-PB06/submitted-PB05/manquinho/primes-dimacs-cnf/normalized-ssa7552-158.opb.xz,12
OPT-LIN/normalized-PB06/submitted-PB05/manquinho/primes-dimacs-cnf/normalized-ssa7552-159.opb.xz,12
OPT-LIN/normalized-PB06/submitted-PB05/manquinho/primes-dimacs-cnf/normalized-ssa7552-160.opb.xz,12
OPT-LIN/normalized-PB06/submitted-PB05/manquinho/routing/normalized-s3-3-3-1pb.opb.xz,8
OPT-LIN/normalized-PB06/submitted-PB05/manquinho/routing/normalized-s3-3-3-2pb.opb.xz,9
OPT-LIN/normalized-PB06/submitted-PB05/manquinho/routing/normalized-s3-3-3-3pb.opb.xz,8
OPT-LIN/normalized-PB06/submitted-PB05/manquinho/routing/normalized-s3-3-3-4pb.opb.xz,8
OPT-LIN/normalized-PB06/submitted-PB05/manquinho/routing/normalized-s3-3-3-5pb.opb.xz,8
OPT-LIN/normalized-PB06/submitted-PB05/manquinho/routing/normalized-s4-4-3-10pb.opb.xz,10
OPT-LIN/normalized-PB06/submitted-PB05/manquinho/routing/normalized-s4-4-3-1pb.opb.xz,10
OPT-LIN/normalized-PB06/submitted-PB05/manquinho/routing/normalized-s4-4-3-2pb.opb.xz,10
OPT-LIN/normalized-PB06/submitted-PB05/manquinho/routing/normalized-s4-4-3-3pb.opb.xz,10
OPT-LIN/normalized-PB06/submitted-PB05/manquinho/routing/normalized-s4-4-3-4pb.opb.xz,10
OPT-LIN/normalized-PB06/submitted-PB05/manquinho/routing/normalized-s4-4-3-5pb.opb.xz,10
OPT-LIN/normalized-PB06/submitted-PB05/manquinho/routing/normalized-s4-4-3-6pb.opb.xz,10
OPT-LIN/normalized-PB06/submitted-PB05/manquinho/routing/normalized-s4-4-3-7pb.opb.xz,10
OPT-LIN/normalized-PB06/submitted-PB05/manquinho/routing/normalized-s4-4-3-8pb.opb.xz,9
OPT-LIN/normalized-PB06/submitted-PB05/manquinho/routing/normalized-s4-4-3-9pb.opb.xz,10
OPT-LIN/normalized-PB06/submitted-PB05/manquinho/synthesis-ptl-cmos-circuits/normalized-9symml.opb.xz,15
OPT-LIN/normalized-PB06/submitted-PB05/manquinho/synthesis-ptl-cmos-circuits/normalized-C17.opb.xz,10
OPT-LIN/normalized-PB06/submitted-PB05/manquinho/synthesis-ptl-cmos-circuits/normalized-C432.opb.xz,16
OPT-LIN/normalized-PB06/submitted-PB05/manquinho/synthesis-ptl-cmos-circuits/normalized-b1.opb.xz,10
OPT-LIN/normalized-PB06/submitted-PB05/manquinho/synthesis-ptl-cmos-circuits/normalized-c8.opb.xz,14
OPT-LIN/normalized-PB06/submitted-PB05/manquinho/synthesis-ptl-cmos-circuits/normalized-cc.opb.xz,13
OPT-LIN/normalized-PB06/submitted-PB05/manquinho/synthesis-ptl-cmos-circuits/normalized-cm42a.opb.xz,12
OPT-LIN/normalized-PB06/submitted-PB05/manquinho/synthesis-ptl-cmos-circuits/normalized-cmb.opb.xz,14
OPT-LIN/normalized-PB06/submitted-PB05/manquinho/synthesis-ptl-cmos-circuits/normalized-mux.opb.xz,14
OPT-LIN/normalized-PB06/submitted-PB05/manquinho/synthesis-ptl-cmos-circuits/normalized-my_adder.opb.xz,15
OPT-LIN/normalized-PB06/submitted-PB05/manquinho/ttp/normalized-circ10_3.opb.xz,12
OPT-LIN/normalized-PB06/submitted-PB05/manquinho/ttp/normalized-circ4_3.opb.xz,7
OPT-LIN/normalized-PB06/submitted-PB05/manquinho/ttp/normalized-circ6_3.opb.xz,9
OPT-LIN/normalized-PB06/submitted-PB05/manquinho/ttp/normalized-circ8_3.opb.xz,11
OPT-LIN/normalized-PB06/submitted-PB05/manquinho/ttp/normalized-data10_3.opb.xz,20
OPT-LIN/normalized-PB06/submitted-PB05/manquinho/ttp/normalized-data4_3.opb.xz,15
OPT-LIN/normalized-PB06/submitted-PB05/manquinho/ttp/normalized-data6_3.opb.xz,17
OPT-LIN/normalized-PB06/submitted-PB05/manquinho/ttp/normalized-data8_3.opb.xz,19
OPT-LIN/normalized-PB06/submitted-PB05/sorensson/garden/normalized-g100x100.opb.xz,14
OPT-LIN/normalized-PB06/submitted-PB05/sorensson/garden/normalized-g15x15.opb.xz,8
OPT-LIN/normalized-PB06/submitted-PB05/sorensson/garden/normalized-g2x2.opb.xz,3
OPT-LIN/normalized-PB06/submitted-PB05/sorensson/garden/normalized-g4x4.opb.xz,5
OPT-LIN/normalized-PB06/submitted-PB05/sorensson/garden/normalized-g7x7.opb.xz,6
OPT-LIN/normalized-PB06/submitted-PB05/sorensson/garden/normalized-g9x3.opb.xz,5
OPT-LIN/normalized-PB06/submitted-PB05/sorensson/garden/normalized-g9x9.opb.xz,7
OPT-LIN/normalized-PB06/submitted-PB06/liu/domset/normalized-domset_v500_e2000_w30_mw19_10.opb.PB06.opb.xz,9
OPT-LIN/normalized-PB06/submitted-PB06/liu/domset/normalized-domset_v500_e2000_w30_mw19_11.opb.PB06.opb.xz,9
OPT-LIN/normalized-PB06/submitted-PB06/liu/domset/normalized-domset_v500_e2000_w30_mw19_12.opb.PB06.opb.xz,9
OPT-LIN/normalized-PB06/submitted-PB06/liu/domset/normalized-domset_v500_e2000_w30_mw19_13.opb.PB06.opb.xz,9
OPT-LIN/normalized-PB06/submitted-PB06/liu/domset/normalized-domset_v500_e2000_w30_mw19_14.opb.PB06.opb.xz,9
OPT-LIN/normalized-PB06/submitted-PB06/liu/domset/normalized-domset_v500_e2000_w30_mw19_15.opb.PB06.opb.xz,9
OPT-LIN/normalized-PB06/submitted-PB06/liu/domset/normalized-domset_v500_e2000_w30_mw19_16.opb.PB06.opb.xz,9
OPT-LIN/normalized-PB06/submitted-PB06/liu/domset/normalized-domset_v500_e2000_w30_mw19_17.opb.PB06.opb.xz,9
OPT-LIN/normalized-PB06/submitted-PB06/liu/domset/normalized-domset_v500_e2000_w30_mw19_18.opb.PB06.opb.xz,9
OPT-LIN/normalized-PB06/submitted-PB06/liu/domset/normalized-domset_v500_e2000_w30_mw19_19.opb.PB06.opb.xz,9
OPT-LIN/normalized-PB06/submitted-PB06/liu/domset/normalized-domset_v500_e2000_w30_mw19_20.opb.PB06.opb.xz,9
OPT-LIN/normalized-PB06/submitted-PB06/liu/domset/normalized-domset_v500_e2000_w30_mw19_21.opb.PB06.opb.xz,9
OPT-LIN/normalized-PB06/submitted-PB06/liu/domset/normalized-domset_v500_e2000_w30_mw19_22.opb.PB06.opb.xz,9
OPT-LIN/normalized-PB06/submitted-PB06/liu/domset/normalized-domset_v500_e2000_w30_mw19_23.opb.PB06.opb.xz,9
OPT-LIN/normalized-PB06/submitted-PB06/liu/domset/normalized-domset_v500_e2000_w30_mw19_24.opb.PB06.opb.xz,9
OPT-LIN/normalized-PB06/submitted-PB06/liu/vtxcov/normalized-vtxcov_v2000_e4000_0.opb.PB06.opb.xz,11
OPT-LIN/normalized-PB06/submitted-PB06/liu/vtxcov/normalized-vtxcov_v2000_e4000_1.opb.PB06.opb.xz,11
OPT-LIN/normalized-PB06/submitted-PB06/liu/vtxcov/normalized-vtxcov_v2000_e4000_11.opb.PB06.opb.xz,11
OPT-LIN/normalized-PB06/submitted-PB06/liu/vtxcov/normalized-vtxcov_v2000_e4000_12.opb.PB06.opb.xz,11
OPT-LIN/normalized-PB06/submitted-PB06/liu/vtxcov/normalized-vtxcov_v2000_e4000_18.opb.PB06.opb.xz,11
OPT-LIN/normalized-PB06/submitted-PB06/liu/vtxcov/normalized-vtxcov_v2000_e4000_2.opb.PB06.opb.xz,11
OPT-LIN/normalized-PB06/submitted-PB06/liu/vtxcov/normalized-vtxcov_v2000_e4000_21.opb.PB06.opb.xz,11
OPT-LIN/normalized-PB06/submitted-PB06/liu/vtxcov/normalized-vtxcov_v2000_e4000_33.opb.PB06.opb.xz,11
OPT-LIN/normalized-PB06/submitted-PB06/liu/vtxcov/normalized-vtxcov_v2000_e4000_34.opb.PB06.opb.xz,11
OPT-LIN/normalized-PB06/submitted-PB06/liu/vtxcov/normalized-vtxcov_v2000_e4000_36.opb.PB06.opb.xz,11
OPT-LIN/normalized-PB06/submitted-PB06/liu/vtxcov/normalized-vtxcov_v2000_e4000_43.opb.PB06.opb.xz,11
OPT-LIN/normalized-PB06/submitted-PB06/liu/vtxcov/normalized-vtxcov_v2000_e4000_5.opb.PB06.opb.xz,11
OPT-LIN/normalized-PB06/submitted-PB06/liu/vtxcov/normalized-vtxcov_v2000_e4000_6.opb.PB06.opb.xz,11
OPT-LIN/normalized-PB06/submitted-PB06/liu/vtxcov/normalized-vtxcov_v2000_e4000_7.opb.PB06.opb.xz,11
OPT-LIN/normalized-PB06/submitted-PB06/liu/vtxcov/normalized-vtxcov_v2000_e4000_8.opb.PB06.opb.xz,11
OPT-LIN/normalized-PB06/submitted-PB06/liu/wnq/normalized-wnq_n100_mw99_0.opb.PB06.opb.xz,19
OPT-LIN/normalized-PB06/submitted-PB06/liu/wnq/normalized-wnq_n100_mw99_1.opb.PB06.opb.xz,19
OPT-LIN/normalized-PB06/submitted-PB06/liu/wnq/normalized-wnq_n100_mw99_10.opb.PB06.opb.xz,19
OPT-LIN/normalized-PB06/submitted-PB06/liu/wnq/normalized-wnq_n100_mw99_11.opb.PB06.opb.xz,19
OPT-LIN/normalized-PB06/submitted-PB06/liu/wnq/normalized-wnq_n100_mw99_12.opb.PB06.opb.xz,19
OPT-LIN/normalized-PB06/submitted-PB06/liu/wnq/normalized-wnq_n100_mw99_13.opb.PB06.opb.xz,19
OPT-LIN/normalized-PB06/submitted-PB06/liu/wnq/normalized-wnq_n100_mw99_14.opb.PB06.opb.xz,19
OPT-LIN/normalized-PB06/submitted-PB06/liu/wnq/normalized-wnq_n100_mw99_2.opb.PB06.opb.xz,19
OPT-LIN/normalized-PB06/submitted-PB06/liu/wnq/normalized-wnq_n100_mw99_3.opb.PB06.opb.xz,19
OPT-LIN/normalized-PB06/submitted-PB06/liu/wnq/normalized-wnq_n100_mw99_4.opb.PB06.opb.xz,19
OPT-LIN/normalized-PB06/submitted-PB06/liu/wnq/normalized-wnq_n100_mw99_5.opb.PB06.opb.xz,19
OPT-LIN/normalized-PB06/submitted-PB06/liu/wnq/normalized-wnq_n100_mw99_6.opb.PB06.opb.xz,19
OPT-LIN/normalized-PB06/submitted-PB06/liu/wnq/normalized-wnq_n100_mw99_7.opb.PB06.opb.xz,19
OPT-LIN/normalized-PB06/submitted-PB06/liu/wnq/normalized-wnq_n100_mw99_8.opb.PB06.opb.xz,19
OPT-LIN/normalized-PB06/submitted-PB06/liu/wnq/normalized-wnq_n100_mw99_9.opb.PB06.opb.xz,19
OPT-LIN/normalized-PB06/submitted-PB06/manquiho/bounded_golomb_rulers/normalized-bogr_10.opb.xz,10
OPT-LIN/normalized-PB06/submitted-PB06/manquiho/bounded_golomb_rulers/normalized-bogr_11.opb.xz,10
OPT-LIN/normalized-PB06/submitted-PB06/manquiho/bounded_golomb_rulers/normalized-bogr_12.opb.xz,11
OPT-LIN/normalized-PB06/submitted-PB06/manquiho/bounded_golomb_rulers/normalized-bogr_13.opb.xz,11
OPT-LIN/normalized-PB06/submitted-PB06/manquiho/bounded_golomb_rulers/normalized-bogr_14.opb.xz,11
OPT-LIN/normalized-PB06/submitted-PB06/manquiho/bounded_golomb_rulers/normalized-bogr_15.opb.xz,11
OPT-LIN/normalized-PB06/submitted-PB06/manquiho/bounded_golomb_rulers/normalized-bogr_16.opb.xz,11
OPT-LIN/normalized-PB06/submitted-PB06/manquiho/bounded_golomb_rulers/normalized-bogr_17.opb.xz,12
OPT-LIN/normalized-PB06/submitted-PB06/manquiho/bounded_golomb_rulers/normalized-bogr_18.opb.xz,12
OPT-LIN/normalized-PB06/submitted-PB06/manquiho/bounded_golomb_rulers/normalized-bogr_19.opb.xz,12
OPT-LIN/normalized-PB06/submitted-PB06/manquiho/bounded_golomb_rulers/normalized-bogr_20.opb.xz,12
OPT-LIN/normalized-PB06/submitted-PB06/manquiho/bounded_golomb_rulers/normalized-bogr_4.opb.xz,7
OPT-LIN/normalized-PB06/submitted-PB06/manquiho/bounded_golomb_rulers/normalized-bogr_5.opb.xz,8
OPT-LIN/normalized-PB06/submitted-PB06/manquiho/bounded_golomb_rulers/normalized-bogr_6.opb.xz,9
OPT-LIN/normalized-PB06/submitted-PB06/manquiho/bounded_golomb_rulers/normalized-bogr_7.opb.xz,9
OPT-LIN/normalized-PB06/submitted-PB06/manquiho/bounded_golomb_rulers/normalized-bogr_8.opb.xz,9
OPT-LIN/normalized-PB06/submitted-PB06/manquiho/bounded_golomb_rulers/normalized-bogr_9.opb.xz,10
OPT-LIN/normalized-PB06/submitted-PB06/manquiho/golomb-rulers/normalized-OGR_10.opb.xz,10
OPT-LIN/normalized-PB06/submitted-PB06/manquiho/golomb-rulers/normalized-OGR_11.opb.xz,10
OPT-LIN/normalized-PB06/submitted-PB06/manquiho/golomb-rulers/normalized-OGR_12.opb.xz,11
OPT-LIN/normalized-PB06/submitted-PB06/manquiho/golomb-rulers/normalized-OGR_13.opb.xz,11
OPT-LIN/normalized-PB06/submitted-PB06/manquiho/golomb-rulers/normalized-OGR_14.opb.xz,11
OPT-LIN/normalized-PB06/submitted-PB06/manquiho/golomb-rulers/normalized-OGR_15.opb.xz,11
OPT-LIN/normalized-PB06/submitted-PB06/manquiho/golomb-rulers/normalized-OGR_16.opb.xz,12
OPT-LIN/normalized-PB06/submitted-PB06/manquiho/golomb-rulers/normalized-OGR_17.opb.xz,12
OPT-LIN/normalized-PB06/submitted-PB06/manquiho/golomb-rulers/normalized-OGR_18.opb.xz,12
OPT-LIN/normalized-PB06/submitted-PB06/manquiho/golomb-rulers/normalized-OGR_19.opb.xz,12
OPT-LIN/normalized-PB06/submitted-PB06/manquiho/golomb-rulers/normalized-OGR_20.opb.xz,12
OPT-LIN/normalized-PB06/submitted-PB06/manquiho/golomb-rulers/normalized-OGR_4.opb.xz,8
OPT-LIN/normalized-PB06/submitted-PB06/manquiho/golomb-rulers/normalized-OGR_5.opb.xz,8
OPT-LIN/normalized-PB06/submitted-PB06/manquiho/golomb-rulers/normalized-OGR_6.opb.xz,9
OPT-LIN/normalized-PB06/submitted-PB06/manquiho/golomb-rulers/normalized-OGR_7.opb.xz,9
OPT-LIN/normalized-PB06/submitted-PB06/manquiho/golomb-rulers/normalized-OGR_8.opb.xz,10
OPT-LIN/normalized-PB06/submitted-PB06/manquiho/golomb-rulers/normalized-OGR_9.opb.xz,10
OPT-LIN/normalized-PB06/submitted-PB06/manquiho/haplotype/normalized-simp-nonunif-100_100.02.opb.xz,9
OPT-LIN/normalized-PB06/submitted-PB06/manquiho/haplotype/normalized-simp-nonunif-100_100.07.opb.xz,9
OPT-LIN/normalized-PB06/submitted-PB06/manquiho/haplotype/normalized-simp-nonunif-100_100.10.opb.xz,9
OPT-LIN/normalized-PB06/submitted-PB06/manquiho/haplotype/normalized-simp-nonunif-100_100.11.opb.xz,9
OPT-LIN/normalized-PB06/submitted-PB06/manquiho/haplotype/normalized-simp-nonunif-100_100.12.opb.xz,9
OPT-LIN/normalized-PB06/submitted-PB06/manquiho/haplotype/normalized-simp-nonunif-100_100.14.opb.xz,9
OPT-LIN/normalized-PB06/submitted-PB06/manquiho/haplotype/normalized-simp-unif-100_100.00.opb.xz,8
OPT-LIN/normalized-PB06/submitted-PB06/manquiho/haplotype/normalized-simp-unif-100_100.08.opb.xz,8
OPT-LIN/normalized-PB06/submitted-PB06/manquiho/logic_synthesis/normalized-C499.a.opb.xz,11
OPT-LIN/normalized-PB06/submitted-PB06/manquiho/logic_synthesis/normalized-C499.b.opb.xz,13
OPT-LIN/normalized-PB06/submitted-PB06/manquiho/logic_synthesis/normalized-C880.a.opb.xz,9
OPT-LIN/normalized-PB06/submitted-PB06/manquiho/logic_synthesis/normalized-C880.b.opb.xz,10
OPT-LIN/normalized-PB06/submitted-PB06/manquiho/logic_synthesis/normalized-addm4.r.opb.xz,11
OPT-LIN/normalized-PB06/submitted-PB06/manquiho/logic_synthesis/normalized-alu2.b.opb.xz,11
OPT-LIN/normalized-PB06/submitted-PB06/manquiho/logic_synthesis/normalized-apex6.b.opb.xz,12
OPT-LIN/normalized-PB06/submitted-PB06/manquiho/logic_synthesis/normalized-apex7.b.opb.xz,11
OPT-LIN/normalized-PB06/submitted-PB06/manquiho/logic_synthesis/normalized-bbara.r.opb.xz,5
OPT-LIN/normalized-PB06/submitted-PB06/manquiho/logic_synthesis/normalized-bench1.r.opb.xz,13
OPT-LIN/normalized-PB06/submitted-PB06/manquiho/logic_synthesis/normalized-bw.b.opb.xz,12
OPT-LIN/normalized-PB06/submitted-PB06/manquiho/logic_synthesis/normalized-des.a.opb.xz,13
OPT-LIN/normalized-PB06/submitted-PB06/manquiho/logic_synthesis/normalized-dk512x.r.opb.xz,6
OPT-LIN/normalized-PB06/submitted-PB06/manquiho/logic_synthesis/normalized-duke2.b.opb.xz,11
OPT-LIN/normalized-PB06/submitted-PB06/manquiho/logic_synthesis/normalized-ex1010.pi.opb.xz,15
OPT-LIN/normalized-PB06/submitted-PB06/manquiho/logic_synthesis/normalized-ex4inp.r.opb.xz,8
OPT-LIN/normalized-PB06/submitted-PB06/manquiho/logic_synthesis/normalized-ex5.r.opb.xz,12
OPT-LIN/normalized-PB06/submitted-PB06/manquiho/logic_synthesis/normalized-ex5inp.r.opb.xz,6
OPT-LIN/normalized-PB06/submitted-PB06/manquiho/logic_synthesis/normalized-ex6inp.r.opb.xz,7
OPT-LIN/normalized-PB06/submitted-PB06/manquiho/logic_synthesis/normalized-exps.r.opb.xz,10
OPT-LIN/normalized-PB06/submitted-PB06/manquiho/logic_synthesis/normalized-fout.r.opb.xz,9
OPT-LIN/normalized-PB06/submitted-PB06/manquiho/logic_synthesis/normalized-lin.rom.r.opb.xz,11
OPT-LIN/normalized-PB06/submitted-PB06/manquiho/logic_synthesis/normalized-m100_100_10_10.r.opb.xz,7
OPT-LIN/normalized-PB06/submitted-PB06/manquiho/logic_synthesis/normalized-m100_100_10_15.r.opb.xz,7
OPT-LIN/normalized-PB06/submitted-PB06/manquiho/logic_synthesis/normalized-m100_100_10_30.r.opb.xz,7
OPT-LIN/normalized-PB06/submitted-PB06/manquiho/logic_synthesis/normalized-m100_100_30_30.r.opb.xz,7
OPT-LIN/normalized-PB06/submitted-PB06/manquiho/logic_synthesis/normalized-m100_100_50_50.r.opb.xz,7
OPT-LIN/normalized-PB06/submitted-PB06/manquiho/logic_synthesis/normalized-m100_100_70_70.r.opb.xz,7
OPT-LIN/normalized-PB06/submitted-PB06/manquiho/logic_synthesis/normalized-m100_100_90_90.r.opb.xz,7
OPT-LIN/normalized-PB06/submitted-PB06/manquiho/logic_synthesis/normalized-m100_300_10_10.r.opb.xz,9
OPT-LIN/normalized-PB06/submitted-PB06/manquiho/logic_synthesis/normalized-m100_300_10_14.r.opb.xz,9
OPT-LIN/normalized-PB06/submitted-PB06/manquiho/logic_synthesis/normalized-m100_300_10_15.r.opb.xz,9
OPT-LIN/normalized-PB06/submitted-PB06/manquiho/logic_synthesis/normalized-m100_300_10_20.r.opb.xz,9
OPT-LIN/normalized-PB06/submitted-PB06/manquiho/logic_synthesis/normalized-m100_50_10_10.r.opb.xz,6
OPT-LIN/normalized-PB06/submitted-PB06/manquiho/logic_synthesis/normalized-m100_50_20_20.r.opb.xz,6
OPT-LIN/normalized-PB06/submitted-PB06/manquiho/logic_synthesis/normalized-m100_50_30_30.r.opb.xz,6
OPT-LIN/normalized-PB06/submitted-PB06/manquiho/logic_synthesis/normalized-m100_50_40_40.r.opb.xz,6
OPT-LIN/normalized-PB06/submitted-PB06/manquiho/logic_synthesis/normalized-m200_500_10_10.r.opb.xz,9
OPT-LIN/normalized-PB06/submitted-PB06/manquiho/logic_synthesis/normalized-m4.r.opb.xz,10
OPT-LIN/normalized-PB06/submitted-PB06/manquiho/logic_synthesis/normalized-m50_100_10_10.r.opb.xz,7
OPT-LIN/normalized-PB06/submitted-PB06/manquiho/logic_synthesis/normalized-m50_100_10_15.r.opb.xz,7
OPT-LIN/normalized-PB06/submitted-PB06/manquiho/logic_synthesis/normalized-m50_100_30_30.r.opb.xz,7
OPT-LIN/normalized-PB06/submitted-PB06/manquiho/logic_synthesis/normalized-m50_100_50_50.r.opb.xz,7
OPT-LIN/normalized-PB06/submitted-PB06/manquiho/logic_synthesis/normalized-m50_100_70_70.r.opb.xz,7
OPT-LIN/normalized-PB06/submitted-PB06/manquiho/logic_synthesis/normalized-m50_100_90_90.r.opb.xz,7
OPT-LIN/normalized-PB06/submitted-PB06/manquiho/logic_synthesis/normalized-maincont.r.opb.xz,7
OPT-LIN/normalized-PB06/submitted-PB06/manquiho/logic_synthesis/normalized-max1024.r.opb.xz,11
OPT-LIN/normalized-PB06/submitted-PB06/manquiho/logic_synthesis/normalized-max512.r.opb.xz,10
OPT-LIN/normalized-PB06/submitted-PB06/manquiho/logic_synthesis/normalized-mlp4.r.opb.xz,10
OPT-LIN/normalized-PB06/submitted-PB06/manquiho/logic_synthesis/normalized-opus.r.opb.xz,6
OPT-LIN/normalized-PB06/submitted-PB06/manquiho/logic_synthesis/normalized-pdc.r.opb.xz,15
OPT-LIN/normalized-PB06/submitted-PB06/manquiho/logic_synthesis/normalized-prom2.r.opb.xz,12
OPT-LIN/normalized-PB06/submitted-PB06/manquiho/logic_synthesis/normalized-rd73.b.opb.xz,8
OPT-LIN/normalized-PB06/submitted-PB06/manquiho/logic_synthesis/normalized-rd84.b.opb.xz,10
OPT-LIN/normalized-PB06/submitted-PB06/manquiho/logic_synthesis/normalized-ricks.r.opb.xz,9
OPT-LIN/normalized-PB06/submitted-PB06/manquiho/logic_synthesis/normalized-saucier.r.opb.xz,13
OPT-LIN/normalized-PB06/submitted-PB06/manquiho/logic_synthesis/normalized-test1.r.opb.xz,12
OPT-LIN/normalized-PB06/submitted-PB06/manquiho/market-split/normalized-market-split_4_30_1.opb.xz,12
OPT-LIN/normalized-PB06/submitted-PB06/manquiho/market-split/normalized-market-split_4_30_2.opb.xz,12
OPT-LIN/normalized-PB06/submitted-PB06/manquiho/market-split/normalized-market-split_4_30_3.opb.xz,12
OPT-LIN/normalized-PB06/submitted-PB06/manquiho/market-split/normalized-market-split_4_30_4.opb.xz,12
OPT-LIN/normalized-PB06/submitted-PB06/manquiho/market-split/normalized-market-split_5_40_1.opb.xz,12
OPT-LIN/normalized-PB06/submitted-PB06/manquiho/market-split/normalized-market-split_5_40_2.opb.xz,12
OPT-LIN/normalized-PB06/submitted-PB06/manquiho/market-split/normalized-market-split_5_40_3.opb.xz,12
OPT-LIN/normalized-PB06/submitted-PB06/manquiho/market-split/normalized-market-split_5_40_4.opb.xz,12
OPT-LIN/normalized-PB06/submitted-PB06/manquiho/market-split/normalized-market-split_6_50_1.opb.xz,12
OPT-LIN/normalized-PB06/submitted-PB06/manquiho/market-split/normalized-market-split_6_50_2.opb.xz,12
OPT-LIN/normalized-PB06/submitted-PB06/manquiho/market-split/normalized-market-split_6_50_3.opb.xz,12
OPT-LIN/normalized-PB06/submitted-PB06/manquiho/market-split/normalized-market-split_6_50_4.opb.xz,13
OPT-LIN/normalized-PB06/submitted-PB06/manquiho/market-split/normalized-market-split_7_60_1.opb.xz,13
OPT-LIN/normalized-PB06/submitted-PB06/manquiho/market-split/normalized-market-split_7_60_2.opb.xz,13
OPT-LIN/normalized-PB06/submitted-PB06/manquiho/market-split/normalized-market-split_7_60_3.opb.xz,13
OPT-LIN/normalized-PB06/submitted-PB06/manquiho/market-split/normalized-market-split_7_60_4.opb.xz,13
OPT-LIN/normalized-PB06/submitted-PB06/manquiho/market-split/normalized-market-split_8_70_1.opb.xz,13
OPT-LIN/normalized-PB06/submitted-PB06/manquiho/market-split/normalized-market-split_8_70_2.opb.xz,13
OPT-LIN/normalized-PB06/submitted-PB06/manquiho/market-split/normalized-market-split_8_70_3.opb.xz,13
OPT-LIN/normalized-PB06/submitted-PB06/manquiho/market-split/normalized-market-split_8_70_4.opb.xz,13
OPT-LIN/normalized-PB06/submitted-PB06/manquiho/market-split/normalized-opt-market-split_4_30_1.opb.xz,12
OPT-LIN/normalized-PB06/submitted-PB06/manquiho/market-split/normalized-opt-market-split_4_30_2.opb.xz,12
OPT-LIN/normalized-PB06/submitted-PB06/manquiho/market-split/normalized-opt-market-split_4_30_3.opb.xz,12
OPT-LIN/normalized-PB06/submitted-PB06/manquiho/market-split/normalized-opt-market-split_4_30_4.opb.xz,12
OPT-LIN/normalized-PB06/submitted-PB06/manquiho/market-split/normalized-opt-market-split_5_40_1.opb.xz,12
OPT-LIN/normalized-PB06/submitted-PB06/manquiho/market-split/normalized-opt-market-split_5_40_2.opb.xz,13
OPT-LIN/normalized-PB06/submitted-PB06/manquiho/market-split/normalized-opt-market-split_5_40_3.opb.xz,12
OPT-LIN/normalized-PB06/submitted-PB06/manquiho/market-split/normalized-opt-market-split_5_40_4.opb.xz,13
OPT-LIN/normalized-PB06/submitted-PB06/manquiho/market-split/normalized-opt-market-split_6_50_1.opb.xz,13
OPT-LIN/normalized-PB06/submitted-PB06/manquiho/market-split/normalized-opt-market-split_6_50_2.opb.xz,13
OPT-LIN/normalized-PB06/submitted-PB06/manquiho/market-split/normalized-opt-market-split_6_50_3.opb.xz,13
OPT-LIN/normalized-PB06/submitted-PB06/manquiho/market-split/normalized-opt-market-split_6_50_4.opb.xz,13
OPT-LIN/normalized-PB06/submitted-PB06/manquiho/market-split/normalized-opt-market-split_7_60_1.opb.xz,13
OPT-LIN/normalized-PB06/submitted-PB06/manquiho/market-split/normalized-opt-market-split_7_60_2.opb.xz,13
OPT-LIN/normalized-PB06/submitted-PB06/manquiho/market-split/normalized-opt-market-split_7_60_3.opb.xz,13
OPT-LIN/normalized-PB06/submitted-PB06/manquiho/market-split/normalized-opt-market-split_7_60_4.opb.xz,13
OPT-LIN/normalized-PB06/submitted-PB06/manquiho/market-split/normalized-opt-market-split_8_70_1.opb.xz,13
OPT-LIN/normalized-PB06/submitted-PB06/manquiho/market-split/normalized-opt-market-split_8_70_2.opb.xz,13
OPT-LIN/normalized-PB06/submitted-PB06/manquiho/market-split/normalized-opt-market-split_8_70_3.opb.xz,13
OPT-LIN/normalized-PB06/submitted-PB06/manquiho/market-split/normalized-opt-market-split_8_70_4.opb.xz,13
OPT-LIN/normalized-PB06/submitted-PB06/roussel/factor/normalized-factor-size=9-P=101-Q=223.opb.xz,19
OPT-LIN/normalized-PB06/submitted-PB06/roussel/factor/normalized-factor-size=9-P=101-Q=379.opb.xz,19
OPT-LIN/normalized-PB06/submitted-PB06/roussel/factor/normalized-factor-size=9-P=101-Q=409.opb.xz,19
OPT-LIN/normalized-PB06/submitted-PB06/roussel/factor/normalized-factor-size=9-P=101-Q=457.opb.xz,19
OPT-LIN/normalized-PB06/submitted-PB06/roussel/factor/normalized-factor-size=9-P=107-Q=373.opb.xz,19
OPT-LIN/normalized-PB06/submitted-PB06/roussel/factor/normalized-factor-size=9-P=107-Q=503.opb.xz,19
OPT-LIN/normalized-PB06/submitted-PB06/roussel/factor/normalized-factor-size=9-P=109-Q=373.opb.xz,19
OPT-LIN/normalized-PB06/submitted-PB06/roussel/factor/normalized-factor-size=9-P=109-Q=419.opb.xz,19
OPT-LIN/normalized-PB06/submitted-PB06/roussel/factor/normalized-factor-size=9-P=11-Q=283.opb.xz,19
OPT-LIN/normalized-PB06/submitted-PB06/roussel/factor/normalized-factor-size=9-P=11-Q=53.opb.xz,18
OPT-LIN/normalized-PB06/submitted-PB06/roussel/factor/normalized-factor-size=9-P=113-Q=233.opb.xz,19
OPT-LIN/normalized-PB06/submitted-PB06/roussel/factor/normalized-factor-size=9-P=113-Q=331.opb.xz,19
OPT-LIN/normalized-PB06/submitted-PB06/roussel/factor/normalized-factor-size=9-P=113-Q=479.opb.xz,19
OPT-LIN/normalized-PB06/submitted-PB06/roussel/factor/normalized-factor-size=9-P=113-Q=521.opb.xz,19
OPT-LIN/normalized-PB06/submitted-PB06/roussel/factor/normalized-factor-size=9-P=127-Q=137.opb.xz,19
OPT-LIN/normalized-PB06/submitted-PB06/roussel/factor/normalized-factor-size=9-P=127-Q=149.opb.xz,19
OPT-LIN/normalized-PB06/submitted-PB06/roussel/factor/normalized-factor-size=9-P=127-Q=211.opb.xz,19
OPT-LIN/normalized-PB06/submitted-PB06/roussel/factor/normalized-factor-size=9-P=127-Q=359.opb.xz,19
OPT-LIN/normalized-PB06/submitted-PB06/roussel/factor/normalized-factor-size=9-P=127-Q=389.opb.xz,19
OPT-LIN/normalized-PB06/submitted-PB06/roussel/factor/normalized-factor-size=9-P=127-Q=487.opb.xz,19
OPT-LIN/normalized-PB06/submitted-PB06/roussel/factor/normalized-factor-size=9-P=127-Q=491.opb.xz,19
OPT-LIN/normalized-PB06/submitted-PB06/roussel/factor/normalized-factor-size=9-P=127-Q=499.opb.xz,19
OPT-LIN/normalized-PB06/submitted-PB06/roussel/factor/normalized-factor-size=9-P=13-Q=179.opb.xz,19
OPT-LIN/normalized-PB06/submitted-PB06/roussel/factor/normalized-factor-size=9-P=131-Q=137.opb.xz,19
OPT-LIN/normalized-PB06/submitted-PB06/roussel/factor/normalized-factor-size=9-P=131-Q=157.opb.xz,19
OPT-LIN/normalized-PB06/submitted-PB06/roussel/factor/normalized-factor-size=9-P=131-Q=163.opb.xz,19
OPT-LIN/normalized-PB06/submitted-PB06/roussel/factor/normalized-factor-size=9-P=131-Q=277.opb.xz,19
OPT-LIN/normalized-PB06/submitted-PB06/roussel/factor/normalized-factor-size=9-P=139-Q=191.opb.xz,19
OPT-LIN/normalized-PB06/submitted-PB06/roussel/factor/normalized-factor-size=9-P=149-Q=163.opb.xz,19
OPT-LIN/normalized-PB06/submitted-PB06/roussel/factor/normalized-factor-size=9-P=149-Q=167.opb.xz,19
OPT-LIN/normalized-PB06/submitted-PB06/roussel/factor/normalized-factor-size=9-P=149-Q=251.opb.xz,19
OPT-LIN/normalized-PB06/submitted-PB06/roussel/factor/normalized-factor-size=9-P=149-Q=271.opb.xz,19
OPT-LIN/normalized-PB06/submitted-PB06/roussel/factor/normalized-factor-size=9-P=149-Q=293.opb.xz,19
OPT-LIN/normalized-PB06/submitted-PB06/roussel/factor/normalized-factor-size=9-P=149-Q=397.opb.xz,19
OPT-LIN/normalized-PB06/submitted-PB06/roussel/factor/normalized-factor-size=9-P=149-Q=409.opb.xz,19
OPT-LIN/normalized-PB06/submitted-PB06/roussel/factor/normalized-factor-size=9-P=149-Q=487.opb.xz,19
OPT-LIN/normalized-PB06/submitted-PB06/roussel/factor/normalized-factor-size=9-P=149-Q=509.opb.xz,19
OPT-LIN/normalized-PB06/submitted-PB06/roussel/factor/normalized-factor-size=9-P=151-Q=167.opb.xz,19
OPT-LIN/normalized-PB06/submitted-PB06/roussel/factor/normalized-factor-size=9-P=157-Q=163.opb.xz,19
OPT-LIN/normalized-PB06/submitted-PB06/roussel/factor/normalized-factor-size=9-P=157-Q=181.opb.xz,19
OPT-LIN/normalized-PB06/submitted-PB06/roussel/factor/normalized-factor-size=9-P=157-Q=373.opb.xz,19
OPT-LIN/normalized-PB06/submitted-PB06/roussel/factor/normalized-factor-size=9-P=167-Q=173.opb.xz,19
OPT-LIN/normalized-PB06/submitted-PB06/roussel/factor/normalized-factor-size=9-P=167-Q=179.opb.xz,19
OPT-LIN/normalized-PB06/submitted-PB06/roussel/factor/normalized-factor-size=9-P=167-Q=347.opb.xz,19
OPT-LIN/normalized-PB06/submitted-PB06/roussel/factor/normalized-factor-size=9-P=17-Q=347.opb.xz,19
OPT-LIN/normalized-PB06/submitted-PB06/roussel/factor/normalized-factor-size=9-P=17-Q=457.opb.xz,19
OPT-LIN/normalized-PB06/submitted-PB06/roussel/factor/normalized-factor-size=9-P=17-Q=487.opb.xz,19
OPT-LIN/normalized-PB06/submitted-PB06/roussel/factor/normalized-factor-size=9-P=173-Q=173.opb.xz,19
OPT-LIN/normalized-PB06/submitted-PB06/roussel/factor/normalized-factor-size=9-P=173-Q=191.opb.xz,19
OPT-LIN/normalized-PB06/submitted-PB06/roussel/factor/normalized-factor-size=9-P=173-Q=211.opb.xz,19
OPT-LIN/normalized-PB06/submitted-PB06/roussel/factor/normalized-factor-size=9-P=179-Q=509.opb.xz,19
OPT-LIN/normalized-PB06/submitted-PB06/roussel/factor/normalized-factor-size=9-P=191-Q=251.opb.xz,19
OPT-LIN/normalized-PB06/submitted-PB06/roussel/factor/normalized-factor-size=9-P=191-Q=389.opb.xz,19
OPT-LIN/normalized-PB06/submitted-PB06/roussel/factor/normalized-factor-size=9-P=191-Q=449.opb.xz,19
OPT-LIN/normalized-PB06/submitted-PB06/roussel/factor/normalized-factor-size=9-P=191-Q=509.opb.xz,19
OPT-LIN/normalized-PB06/submitted-PB06/roussel/factor/normalized-factor-size=9-P=197-Q=479.opb.xz,19
OPT-LIN/normalized-PB06/submitted-PB06/roussel/factor/normalized-factor-size=9-P=211-Q=347.opb.xz,19
OPT-LIN/normalized-PB06/submitted-PB06/roussel/factor/normalized-factor-size=9-P=211-Q=479.opb.xz,19
OPT-LIN/normalized-PB06/submitted-PB06/roussel/factor/normalized-factor-size=9-P=223-Q=263.opb.xz,19
OPT-LIN/normalized-PB06/submitted-PB06/roussel/factor/normalized-factor-size=9-P=223-Q=307.opb.xz,19
OPT-LIN/normalized-PB06/submitted-PB06/roussel/factor/normalized-factor-size=9-P=223-Q=347.opb.xz,19
OPT-LIN/normalized-PB06/submitted-PB06/roussel/factor/normalized-factor-size=9-P=223-Q=379.opb.xz,19
OPT-LIN/normalized-PB06/submitted-PB06/roussel/factor/normalized-factor-size=9-P=223-Q=383.opb.xz,19
OPT-LIN/normalized-PB06/submitted-PB06/roussel/factor/normalized-factor-size=9-P=223-Q=421.opb.xz,19
OPT-LIN/normalized-PB06/submitted-PB06/roussel/factor/normalized-factor-size=9-P=223-Q=431.opb.xz,19
OPT-LIN/normalized-PB06/submitted-PB06/roussel/factor/normalized-factor-size=9-P=223-Q=499.opb.xz,19
OPT-LIN/normalized-PB06/submitted-PB06/roussel/factor/normalized-factor-size=9-P=227-Q=383.opb.xz,19
OPT-LIN/normalized-PB06/submitted-PB06/roussel/factor/normalized-factor-size=9-P=229-Q=239.opb.xz,19
OPT-LIN/normalized-PB06/submitted-PB06/roussel/factor/normalized-factor-size=9-P=229-Q=307.opb.xz,19
OPT-LIN/normalized-PB06/submitted-PB06/roussel/factor/normalized-factor-size=9-P=23-Q=293.opb.xz,19
OPT-LIN/normalized-PB06/submitted-PB06/roussel/factor/normalized-factor-size=9-P=23-Q=379.opb.xz,19
OPT-LIN/normalized-PB06/submitted-PB06/roussel/factor/normalized-factor-size=9-P=23-Q=521.opb.xz,19
OPT-LIN/normalized-PB06/submitted-PB06/roussel/factor/normalized-factor-size=9-P=233-Q=347.opb.xz,19
OPT-LIN/normalized-PB06/submitted-PB06/roussel/factor/normalized-factor-size=9-P=239-Q=373.opb.xz,19
OPT-LIN/normalized-PB06/submitted-PB06/roussel/factor/normalized-factor-size=9-P=239-Q=487.opb.xz,19
OPT-LIN/normalized-PB06/submitted-PB06/roussel/factor/normalized-factor-size=9-P=251-Q=277.opb.xz,19
OPT-LIN/normalized-PB06/submitted-PB06/roussel/factor/normalized-factor-size=9-P=251-Q=307.opb.xz,19
OPT-LIN/normalized-PB06/submitted-PB06/roussel/factor/normalized-factor-size=9-P=251-Q=331.opb.xz,19
OPT-LIN/normalized-PB06/submitted-PB06/roussel/factor/normalized-factor-size=9-P=251-Q=379.opb.xz,19
OPT-LIN/normalized-PB06/submitted-PB06/roussel/factor/normalized-factor-size=9-P=251-Q=419.opb.xz,19
OPT-LIN/normalized-PB06/submitted-PB06/roussel/factor/normalized-factor-size=9-P=257-Q=331.opb.xz,19
OPT-LIN/normalized-PB06/submitted-PB06/roussel/factor/normalized-factor-size=9-P=257-Q=449.opb.xz,19
OPT-LIN/normalized-PB06/submitted-PB06/roussel/factor/normalized-factor-size=9-P=257-Q=503.opb.xz,19
OPT-LIN/normalized-PB06/submitted-PB06/roussel/factor/normalized-factor-size=9-P=263-Q=307.opb.xz,19
OPT-LIN/normalized-PB06/submitted-PB06/roussel/factor/normalized-factor-size=9-P=263-Q=367.opb.xz,19
OPT-LIN/normalized-PB06/submitted-PB06/roussel/factor/normalized-factor-size=9-P=269-Q=359.opb.xz,19
OPT-LIN/normalized-PB06/submitted-PB06/roussel/factor/normalized-factor-size=9-P=269-Q=431.opb.xz,19
OPT-LIN/normalized-PB06/submitted-PB06/roussel/factor/normalized-factor-size=9-P=269-Q=433.opb.xz,19
OPT-LIN/normalized-PB06/submitted-PB06/roussel/factor/normalized-factor-size=9-P=281-Q=331.opb.xz,19
OPT-LIN/normalized-PB06/submitted-PB06/roussel/factor/normalized-factor-size=9-P=281-Q=499.opb.xz,19
OPT-LIN/normalized-PB06/submitted-PB06/roussel/factor/normalized-factor-size=9-P=283-Q=293.opb.xz,19
OPT-LIN/normalized-PB06/submitted-PB06/roussel/factor/normalized-factor-size=9-P=29-Q=163.opb.xz,19
OPT-LIN/normalized-PB06/submitted-PB06/roussel/factor/normalized-factor-size=9-P=29-Q=277.opb.xz,19
OPT-LIN/normalized-PB06/submitted-PB06/roussel/factor/normalized-factor-size=9-P=29-Q=331.opb.xz,19
OPT-LIN/normalized-PB06/submitted-PB06/roussel/factor/normalized-factor-size=9-P=29-Q=409.opb.xz,19
OPT-LIN/normalized-PB06/submitted-PB06/roussel/factor/normalized-factor-size=9-P=29-Q=479.opb.xz,19
OPT-LIN/normalized-PB06/submitted-PB06/roussel/factor/normalized-factor-size=9-P=29-Q=521.opb.xz,19
OPT-LIN/normalized-PB06/submitted-PB06/roussel/factor/normalized-factor-size=9-P=29-Q=71.opb.xz,19
OPT-LIN/normalized-PB06/submitted-PB06/roussel/factor/normalized-factor-size=9-P=293-Q=307.opb.xz,19
OPT-LIN/normalized-PB06/submitted-PB06/roussel/factor/normalized-factor-size=9-P=307-Q=307.opb.xz,19
OPT-LIN/normalized-PB06/submitted-PB06/roussel/factor/normalized-factor-size=9-P=307-Q=317.opb.xz,19
OPT-LIN/normalized-PB06/submitted-PB06/roussel/factor/normalized-factor-size=9-P=307-Q=331.opb.xz,19
OPT-LIN/normalized-PB06/submitted-PB06/roussel/factor/normalized-factor-size=9-P=307-Q=347.opb.xz,19
OPT-LIN/normalized-PB06/submitted-PB06/roussel/factor/normalized-factor-size=9-P=307-Q=367.opb.xz,19
OPT-LIN/normalized-PB06/submitted-PB06/roussel/factor/normalized-factor-size=9-P=307-Q=431.opb.xz,19
OPT-LIN/normalized-PB06/submitted-PB06/roussel/factor/normalized-factor-size=9-P=307-Q=449.opb.xz,19
OPT-LIN/normalized-PB06/submitted-PB06/roussel/factor/normalized-factor-size=9-P=31-Q=439.opb.xz,19
OPT-LIN/normalized-PB06/submitted-PB06/roussel/factor/normalized-factor-size=9-P=313-Q=503.opb.xz,19
OPT-LIN/normalized-PB06/submitted-PB06/roussel/factor/normalized-factor-size=9-P=317-Q=389.opb.xz,19
OPT-LIN/normalized-PB06/submitted-PB06/roussel/factor/normalized-factor-size=9-P=331-Q=331.opb.xz,19
OPT-LIN/normalized-PB06/submitted-PB06/roussel/factor/normalized-factor-size=9-P=331-Q=347.opb.xz,19
OPT-LIN/normalized-PB06/submitted-PB06/roussel/factor/normalized-factor-size=9-P=331-Q=359.opb.xz,19
OPT-LIN/normalized-PB06/submitted-PB06/roussel/factor/normalized-factor-size=9-P=331-Q=379.opb.xz,19
OPT-LIN/normalized-PB06/submitted-PB06/roussel/factor/normalized-factor-size=9-P=331-Q=389.opb.xz,19
OPT-LIN/normalized-PB06/submitted-PB06/roussel/factor/normalized-factor-size=9-P=331-Q=479.opb.xz,19
OPT-LIN/normalized-PB06/submitted-PB06/roussel/factor/normalized-factor-size=9-P=347-Q=379.opb.xz,19
OPT-LIN/normalized-PB06/submitted-PB06/roussel/factor/normalized-factor-size=9-P=347-Q=419.opb.xz,19
OPT-LIN/normalized-PB06/submitted-PB06/roussel/factor/normalized-factor-size=9-P=347-Q=421.opb.xz,19
OPT-LIN/normalized-PB06/submitted-PB06/roussel/factor/normalized-factor-size=9-P=347-Q=431.opb.xz,19
OPT-LIN/normalized-PB06/submitted-PB06/roussel/factor/normalized-factor-size=9-P=347-Q=439.opb.xz,19
OPT-LIN/normalized-PB06/submitted-PB06/roussel/factor/normalized-factor-size=9-P=347-Q=487.opb.xz,19
OPT-LIN/normalized-PB06/submitted-PB06/roussel/factor/normalized-factor-size=9-P=353-Q=479.opb.xz,19
OPT-LIN/normalized-PB06/submitted-PB06/roussel/factor/normalized-factor-size=9-P=359-Q=379.opb.xz,19
OPT-LIN/normalized-PB06/submitted-PB06/roussel/factor/normalized-factor-size=9-P=367-Q=389.opb.xz,19
OPT-LIN/normalized-PB06/submitted-PB06/roussel/factor/normalized-factor-size=9-P=37-Q=107.opb.xz,19
OPT-LIN/normalized-PB06/submitted-PB06/roussel/factor/normalized-factor-size=9-P=37-Q=443.opb.xz,19
OPT-LIN/normalized-PB06/submitted-PB06/roussel/factor/normalized-factor-size=9-P=379-Q=397.opb.xz,19
OPT-LIN/normalized-PB06/submitted-PB06/roussel/factor/normalized-factor-size=9-P=379-Q=431.opb.xz,19
OPT-LIN/normalized-PB06/submitted-PB06/roussel/factor/normalized-factor-size=9-P=379-Q=521.opb.xz,19
OPT-LIN/normalized-PB06/submitted-PB06/roussel/factor/normalized-factor-size=9-P=383-Q=509.opb.xz,19
OPT-LIN/normalized-PB06/submitted-PB06/roussel/factor/normalized-factor-size=9-P=383-Q=521.opb.xz,19
OPT-LIN/normalized-PB06/submitted-PB06/roussel/factor/normalized-factor-size=9-P=389-Q=433.opb.xz,19
OPT-LIN/normalized-PB06/submitted-PB06/roussel/factor/normalized-factor-size=9-P=397-Q=449.opb.xz,19
OPT-LIN/normalized-PB06/submitted-PB06/roussel/factor/normalized-factor-size=9-P=397-Q=521.opb.xz,19
OPT-LIN/normalized-PB06/submitted-PB06/roussel/factor/normalized-factor-size=9-P=409-Q=499.opb.xz,19
OPT-LIN/normalized-PB06/submitted-PB06/roussel/factor/normalized-factor-size=9-P=409-Q=509.opb.xz,19
OPT-LIN/normalized-PB06/submitted-PB06/roussel/factor/normalized-factor-size=9-P=41-Q=347.opb.xz,19
OPT-LIN/normalized-PB06/submitted-PB06/roussel/factor/normalized-factor-size=9-P=421-Q=449.opb.xz,19
OPT-LIN/normalized-PB06/submitted-PB06/roussel/factor/normalized-factor-size=9-P=421-Q=487.opb.xz,19
OPT-LIN/normalized-PB06/submitted-PB06/roussel/factor/normalized-factor-size=9-P=43-Q=227.opb.xz,19
OPT-LIN/normalized-PB06/submitted-PB06/roussel/factor/normalized-factor-size=9-P=431-Q=503.opb.xz,19
OPT-LIN/normalized-PB06/submitted-PB06/roussel/factor/normalized-factor-size=9-P=439-Q=509.opb.xz,19
OPT-LIN/normalized-PB06/submitted-PB06/roussel/factor/normalized-factor-size=9-P=443-Q=487.opb.xz,19
OPT-LIN/normalized-PB06/submitted-PB06/roussel/factor/normalized-factor-size=9-P=449-Q=479.opb.xz,19
OPT-LIN/normalized-PB06/submitted-PB06/roussel/factor/normalized-factor-size=9-P=47-Q=197.opb.xz,19
OPT-LIN/normalized-PB06/submitted-PB06/roussel/factor/normalized-factor-size=9-P=47-Q=421.opb.xz,19
OPT-LIN/normalized-PB06/submitted-PB06/roussel/factor/normalized-factor-size=9-P=47-Q=487.opb.xz,19
OPT-LIN/normalized-PB06/submitted-PB06/roussel/factor/normalized-factor-size=9-P=47-Q=71.opb.xz,19
OPT-LIN/normalized-PB06/submitted-PB06/roussel/factor/normalized-factor-size=9-P=487-Q=499.opb.xz,19
OPT-LIN/normalized-PB06/submitted-PB06/roussel/factor/normalized-factor-size=9-P=487-Q=503.opb.xz,19
OPT-LIN/normalized-PB06/submitted-PB06/roussel/factor/normalized-factor-size=9-P=5-Q=317.opb.xz,19
OPT-LIN/normalized-PB06/submitted-PB06/roussel/factor/normalized-factor-size=9-P=53-Q=127.opb.xz,19
OPT-LIN/normalized-PB06/submitted-PB06/roussel/factor/normalized-factor-size=9-P=53-Q=151.opb.xz,19
OPT-LIN/normalized-PB06/submitted-PB06/roussel/factor/normalized-factor-size=9-P=53-Q=191.opb.xz,19
OPT-LIN/normalized-PB06/submitted-PB06/roussel/factor/normalized-factor-size=9-P=53-Q=97.opb.xz,19
OPT-LIN/normalized-PB06/submitted-PB06/roussel/factor/normalized-factor-size=9-P=59-Q=131.opb.xz,19
OPT-LIN/normalized-PB06/submitted-PB06/roussel/factor/normalized-factor-size=9-P=59-Q=307.opb.xz,19
OPT-LIN/normalized-PB06/submitted-PB06/roussel/factor/normalized-factor-size=9-P=59-Q=337.opb.xz,19
OPT-LIN/normalized-PB06/submitted-PB06/roussel/factor/normalized-factor-size=9-P=59-Q=419.opb.xz,19
OPT-LIN/normalized-PB06/submitted-PB06/roussel/factor/normalized-factor-size=9-P=59-Q=431.opb.xz,19
OPT-LIN/normalized-PB06/submitted-PB06/roussel/factor/normalized-factor-size=9-P=61-Q=163.opb.xz,19
OPT-LIN/normalized-PB06/submitted-PB06/roussel/factor/normalized-factor-size=9-P=61-Q=307.opb.xz,19
OPT-LIN/normalized-PB06/submitted-PB06/roussel/factor/normalized-factor-size=9-P=61-Q=419.opb.xz,19
OPT-LIN/normalized-PB06/submitted-PB06/roussel/factor/normalized-factor-size=9-P=67-Q=191.opb.xz,19
OPT-LIN/normalized-PB06/submitted-PB06/roussel/factor/normalized-factor-size=9-P=67-Q=223.opb.xz,19
OPT-LIN/normalized-PB06/submitted-PB06/roussel/factor/normalized-factor-size=9-P=7-Q=179.opb.xz,19
OPT-LIN/normalized-PB06/submitted-PB06/roussel/factor/normalized-factor-size=9-P=7-Q=223.opb.xz,19
OPT-LIN/normalized-PB06/submitted-PB06/roussel/factor/normalized-factor-size=9-P=7-Q=31.opb.xz,18
OPT-LIN/normalized-PB06/submitted-PB06/roussel/factor/normalized-factor-size=9-P=71-Q=409.opb.xz,19
OPT-LIN/normalized-PB06/submitted-PB06/roussel/factor/normalized-factor-size=9-P=71-Q=461.opb.xz,19
OPT-LIN/normalized-PB06/submitted-PB06/roussel/factor/normalized-factor-size=9-P=71-Q=491.opb.xz,19
OPT-LIN/normalized-PB06/submitted-PB06/roussel/factor/normalized-factor-size=9-P=73-Q=449.opb.xz,19
OPT-LIN/normalized-PB06/submitted-PB06/roussel/factor/normalized-factor-size=9-P=79-Q=137.opb.xz,19
OPT-LIN/normalized-PB06/submitted-PB06/roussel/factor/normalized-factor-size=9-P=79-Q=173.opb.xz,19
OPT-LIN/normalized-PB06/submitted-PB06/roussel/factor/normalized-factor-size=9-P=79-Q=257.opb.xz,19
OPT-LIN/normalized-PB06/submitted-PB06/roussel/factor/normalized-factor-size=9-P=79-Q=331.opb.xz,19
OPT-LIN/normalized-PB06/submitted-PB06/roussel/factor/normalized-factor-size=9-P=83-Q=197.opb.xz,19
OPT-LIN/normalized-PB06/submitted-PB06/roussel/factor/normalized-factor-size=9-P=83-Q=271.opb.xz,19
OPT-LIN/normalized-PB06/submitted-PB06/roussel/factor/normalized-factor-size=9-P=83-Q=367.opb.xz,19
OPT-LIN/normalized-PB06/submitted-PB06/roussel/factor/normalized-factor-size=9-P=83-Q=449.opb.xz,19
OPT-LIN/normalized-PB06/submitted-PB06/roussel/factor/normalized-factor-size=9-P=83-Q=89.opb.xz,19
OPT-LIN/normalized-PB06/submitted-PB06/roussel/factor/normalized-factor-size=9-P=89-Q=211.opb.xz,19
OPT-LIN/normalized-PB06/submitted-PB06/roussel/factor/normalized-factor-size=9-P=89-Q=263.opb.xz,19
OPT-LIN/normalized-PB06/submitted-PB06/roussel/factor/normalized-factor-size=9-P=89-Q=293.opb.xz,19
OPT-LIN/normalized-PB06/submitted-PB06/roussel/factor/normalized-factor-size=9-P=89-Q=317.opb.xz,19
OPT-LIN/normalized-PB06/submitted-PB06/roussel/factor/normalized-factor-size=9-P=89-Q=347.opb.xz,19
OPT-LIN/normalized-PB06/submitted-PB06/roussel/factor/normalized-factor-size=9-P=89-Q=431.opb.xz,19
OPT-LIN/normalized-PB06/submitted-PB06/roussel/factor/normalized-factor-size=9-P=89-Q=487.opb.xz,19
OPT-LIN/normalized-PB06/submitted-PB06/roussel/factor/normalized-factor-size=9-P=97-Q=331.opb.xz,19
OPT-LIN/normalized-PB06/submitted-PB06/roussel/factor/normalized-factor-size=9-P=97-Q=457.opb.xz,19
OPT-LIN/normalized-PB06/submitted-PB06/roussel/factor/normalized-factor-size=9-P=97-Q=479.opb.xz,19
OPT-LIN/normalized-PB06/submitted-PB06/roussel/factor/normalized-factor-size=9-P=97-Q=509.opb.xz,19
OPT-LIN/normalized-PB06/submitted-PB06/roussel/factor/normalized-factor-sizeN=20-sizeP=11-sizeQ=20-496708-max.opb.xz,31
OPT-LIN/normalized-PB06/submitted-PB06/roussel/factor/normalized-factor-sizeN=20-sizeP=11-sizeQ=20-496708.opb.xz,31
OPT-LIN/normalized-PB06/submitted-PB06/roussel/factor/normalized-factor-sizeN=20-sizeP=11-sizeQ=20-900543-max.opb.xz,31
OPT-LIN/normalized-PB06/submitted-PB06/roussel/factor/normalized-factor-sizeN=20-sizeP=11-sizeQ=20-900543.opb.xz,31
OPT-LIN/normalized-PB06/submitted-PB06/roussel/factor/normalized-factor-sizeN=40-sizeP=21-sizeQ=40-289612555-max.opb.xz,61
OPT-LIN/normalized-PB06/submitted-PB06/roussel/factor/normalized-factor-sizeN=40-sizeP=21-sizeQ=40-289612555.opb.xz,61
OPT-LIN/normalized-PB06/submitted-PB06/roussel/factor/normalized-factor-sizeN=40-sizeP=21-sizeQ=40-793490986-max.opb.xz,61
OPT-LIN/normalized-PB06/submitted-PB06/roussel/factor/normalized-factor-sizeN=40-sizeP=21-sizeQ=40-793490986.opb.xz,61
OPT-LIN/normalized-PB06/web/www.nlsde.buaa.edu.cn/~kexu/benchmarks/frb30-15-opb/normalized-frb30-15-1.opb.xz,9
OPT-LIN/normalized-PB06/web/www.nlsde.buaa.edu.cn/~kexu/benchmarks/frb30-15-opb/normalized-frb30-15-2.opb.xz,9
OPT-LIN/normalized-PB06/web/www.nlsde.buaa.edu.cn/~kexu/benchmarks/frb30-15-opb/normalized-frb30-15-3.opb.xz,9
OPT-LIN/normalized-PB06/web/www.nlsde.buaa.edu.cn/~kexu/benchmarks/frb30-15-opb/normalized-frb30-15-4.opb.xz,9
OPT-LIN/normalized-PB06/web/www.nlsde.buaa.edu.cn/~kexu/benchmarks/frb30-15-opb/normalized-frb30-15-5.opb.xz,9
OPT-LIN/normalized-PB06/web/www.nlsde.buaa.edu.cn/~kexu/benchmarks/frb35-17-opb/normalized-frb35-17-1.opb.xz,10
OPT-LIN/normalized-PB06/web/www.nlsde.buaa.edu.cn/~kexu/benchmarks/frb35-17-opb/normalized-frb35-17-2.opb.xz,10
OPT-LIN/normalized-PB06/web/www.nlsde.buaa.edu.cn/~kexu/benchmarks/frb35-17-opb/normalized-frb35-17-3.opb.xz,10
OPT-LIN/normalized-PB06/web/www.nlsde.buaa.edu.cn/~kexu/benchmarks/frb35-17-opb/normalized-frb35-17-4.opb.xz,10
OPT-LIN/normalized-PB06/web/www.nlsde.buaa.edu.cn/~kexu/benchmarks/frb35-17-opb/normalized-frb35-17-5.opb.xz,10
OPT-LIN/normalized-PB06/web/www.nlsde.buaa.edu.cn/~kexu/benchmarks/frb40-19-opb/normalized-frb40-19-1.opb.xz,10
OPT-LIN/normalized-PB06/web/www.nlsde.buaa.edu.cn/~kexu/benchmarks/frb40-19-opb/normalized-frb40-19-2.opb.xz,10
OPT-LIN/normalized-PB06/web/www.nlsde.buaa.edu.cn/~kexu/benchmarks/frb40-19-opb/normalized-frb40-19-3.opb.xz,10
OPT-LIN/normalized-PB06/web/www.nlsde.buaa.edu.cn/~kexu/benchmarks/frb40-19-opb/normalized-frb40-19-4.opb.xz,10
OPT-LIN/normalized-PB06/web/www.nlsde.buaa.edu.cn/~kexu/benchmarks/frb40-19-opb/normalized-frb40-19-5.opb.xz,10
OPT-LIN/normalized-PB06/web/www.nlsde.buaa.edu.cn/~kexu/benchmarks/frb45-21-opb/normalized-frb45-21-1.opb.xz,10
OPT-LIN/normalized-PB06/web/www.nlsde.buaa.edu.cn/~kexu/benchmarks/frb45-21-opb/normalized-frb45-21-2.opb.xz,10
OPT-LIN/normalized-PB06/web/www.nlsde.buaa.edu.cn/~kexu/benchmarks/frb45-21-opb/normalized-frb45-21-3.opb.xz,10
OPT-LIN/normalized-PB06/web/www.nlsde.buaa.edu.cn/~kexu/benchmarks/frb45-21-opb/normalized-frb45-21-4.opb.xz,10
OPT-LIN/normalized-PB06/web/www.nlsde.buaa.edu.cn/~kexu/benchmarks/frb45-21-opb/normalized-frb45-21-5.opb.xz,10
OPT-LIN/normalized-PB06/web/www.nlsde.buaa.edu.cn/~kexu/benchmarks/frb50-23-opb/normalized-frb50-23-1.opb.xz,11
OPT-LIN/normalized-PB06/web/www.nlsde.buaa.edu.cn/~kexu/benchmarks/frb50-23-opb/normalized-frb50-23-2.opb.xz,11
OPT-LIN/normalized-PB06/web/www.nlsde.buaa.edu.cn/~kexu/benchmarks/frb50-23-opb/normalized-frb50-23-3.opb.xz,11
OPT-LIN/normalized-PB06/web/www.nlsde.buaa.edu.cn/~kexu/benchmarks/frb50-23-opb/normalized-frb50-23-4.opb.xz,11
OPT-LIN/normalized-PB06/web/www.nlsde.buaa.edu.cn/~kexu/benchmarks/frb50-23-opb/normalized-frb50-23-5.opb.xz,11
OPT-LIN/normalized-PB06/web/www.nlsde.buaa.edu.cn/~kexu/benchmarks/frb53-24-opb/normalized-frb53-24-1.opb.xz,11
OPT-LIN/normalized-PB06/web/www.nlsde.buaa.edu.cn/~kexu/benchmarks/frb53-24-opb/normalized-frb53-24-2.opb.xz,11
OPT-LIN/normalized-PB06/web/www.nlsde.buaa.edu.cn/~kexu/benchmarks/frb53-24-opb/normalized-frb53-24-3.opb.xz,11
OPT-LIN/normalized-PB06/web/www.nlsde.buaa.edu.cn/~kexu/benchmarks/frb53-24-opb/normalized-frb53-24-4.opb.xz,11
OPT-LIN/normalized-PB06/web/www.nlsde.buaa.edu.cn/~kexu/benchmarks/frb53-24-opb/normalized-frb53-24-5.opb.xz,11
OPT-LIN/normalized-PB06/web/www.nlsde.buaa.edu.cn/~kexu/benchmarks/frb56-25-opb/normalized-frb56-25-1.opb.xz,11
OPT-LIN/normalized-PB06/web/www.nlsde.buaa.edu.cn/~kexu/benchmarks/frb56-25-opb/normalized-frb56-25-2.opb.xz,11
OPT-LIN/normalized-PB06/web/www.nlsde.buaa.edu.cn/~kexu/benchmarks/frb56-25-opb/normalized-frb56-25-3.opb.xz,11
OPT-LIN/normalized-PB06/web/www.nlsde.buaa.edu.cn/~kexu/benchmarks/frb56-25-opb/normalized-frb56-25-4.opb.xz,11
OPT-LIN/normalized-PB06/web/www.nlsde.buaa.edu.cn/~kexu/benchmarks/frb56-25-opb/normalized-frb56-25-5.opb.xz,11
OPT-LIN/normalized-PB06/web/www.nlsde.buaa.edu.cn/~kexu/benchmarks/frb59-26-opb/normalized-frb59-26-1.opb.xz,11
OPT-LIN/normalized-PB06/web/www.nlsde.buaa.edu.cn/~kexu/benchmarks/frb59-26-opb/normalized-frb59-26-2.opb.xz,11
OPT-LIN/normalized-PB06/web/www.nlsde.buaa.edu.cn/~kexu/benchmarks/frb59-26-opb/normalized-frb59-26-3.opb.xz,11
OPT-LIN/normalized-PB06/web/www.nlsde.buaa.edu.cn/~kexu/benchmarks/frb59-26-opb/normalized-frb59-26-4.opb.xz,11
OPT-LIN/normalized-PB06/web/www.nlsde.buaa.edu.cn/~kexu/benchmarks/frb59-26-opb/normalized-frb59-26-5.opb.xz,11
OPT-LIN/normalized-PB06/web/www.ps.uni-sb.de/~walser/benchmarks/course-ass/normalized-ss97-2.opb.xz,19
OPT-LIN/normalized-PB06/web/www.ps.uni-sb.de/~walser/benchmarks/course-ass/normalized-ss97-4.opb.xz,17
OPT-LIN/normalized-PB06/web/www.ps.uni-sb.de/~walser/benchmarks/course-ass/normalized-ss97-6.opb.xz,14
OPT-LIN/normalized-PB06/web/www.ps.uni-sb.de/~walser/benchmarks/course-ass/normalized-ws97-3.opb.xz,21
OPT-LIN/normalized-PB06/web/www.ps.uni-sb.de/~walser/benchmarks/course-ass/normalized-ws97-5.opb.xz,16
OPT-LIN/normalized-PB06/web/www.ps.uni-sb.de/~walser/benchmarks/radar/normalized-10:10:4.5:0.5:100.opb.xz,10
OPT-LIN/normalized-PB06/web/www.ps.uni-sb.de/~walser/benchmarks/radar/normalized-10:10:4.5:0.95:100.opb.xz,11
OPT-LIN/normalized-PB06/web/www.ps.uni-sb.de/~walser/benchmarks/radar/normalized-10:10:4.5:0.95:98.opb.xz,11
OPT-LIN/normalized-PB06/web/www.ps.uni-sb.de/~walser/benchmarks/radar/normalized-10:20:4.5:0.5:100.opb.xz,12
OPT-LIN/normalized-PB06/web/www.ps.uni-sb.de/~walser/benchmarks/radar/normalized-10:20:4.5:0.95:100.opb.xz,12
OPT-LIN/normalized-PB06/web/www.ps.uni-sb.de/~walser/benchmarks/radar/normalized-10:20:4.5:0.95:98.opb.xz,12
OPT-LIN/normalized-PB06/web/www.ps.uni-sb.de/~walser/benchmarks/radar/normalized-30:30:4.5:0.5:100.opb.xz,14
OPT-LIN/normalized-PB06/web/www.ps.uni-sb.de/~walser/benchmarks/radar/normalized-30:30:4.5:0.95:100.opb.xz,14
OPT-LIN/normalized-PB06/web/www.ps.uni-sb.de/~walser/benchmarks/radar/normalized-30:30:4.5:0.95:98.opb.xz,14
OPT-LIN/normalized-PB06/web/www.ps.uni-sb.de/~walser/benchmarks/radar/normalized-30:70:4.5:0.5:100.opb.xz,15
OPT-LIN/normalized-PB06/web/www.ps.uni-sb.de/~walser/benchmarks/radar/normalized-30:70:4.5:0.95:100.opb.xz,15
OPT-LIN/normalized-PB06/web/www.ps.uni-sb.de/~walser/benchmarks/radar/normalized-30:70:4.5:0.95:98.opb.xz,15
OPT-LIN/normalized-PB07/submittedPB07/aksoy/area_delay/normalized-fir01_area_delay.opb.xz,6
OPT-LIN/normalized-PB07/submittedPB07/aksoy/area_delay/normalized-fir02_area_delay.opb.xz,9
OPT-LIN/normalized-PB07/submittedPB07/aksoy/area_delay/normalized-fir03_area_delay.opb.xz,11
OPT-LIN/normalized-PB07/submittedPB07/aksoy/area_delay/normalized-fir04_area_delay.opb.xz,9
OPT-LIN/normalized-PB07/submittedPB07/aksoy/area_delay/normalized-fir05_area_delay.opb.xz,11
OPT-LIN/normalized-PB07/submittedPB07/aksoy/area_delay/normalized-fir06_area_delay.opb.xz,12
OPT-LIN/normalized-PB07/submittedPB07/aksoy/area_delay/normalized-fir07_area_delay.opb.xz,13
OPT-LIN/normalized-PB07/submittedPB07/aksoy/area_delay/normalized-fir08_area_delay.opb.xz,16
OPT-LIN/normalized-PB07/submittedPB07/aksoy/area_delay/normalized-fir09_area_delay.opb.xz,13
OPT-LIN/normalized-PB07/submittedPB07/aksoy/area_delay/normalized-fir10_area_delay.opb.xz,15
OPT-LIN/normalized-PB07/submittedPB07/aksoy/area_opers/normalized-fir01_area_opers.opb.xz,7
OPT-LIN/normalized-PB07/submittedPB07/aksoy/area_opers/normalized-fir02_area_opers.opb.xz,10
OPT-LIN/normalized-PB07/submittedPB07/aksoy/area_opers/normalized-fir03_area_opers.opb.xz,12
OPT-LIN/normalized-PB07/submittedPB07/aksoy/area_opers/normalized-fir04_area_opers.opb.xz,10
OPT-LIN/normalized-PB07/submittedPB07/aksoy/area_opers/normalized-fir05_area_opers.opb.xz,12
OPT-LIN/normalized-PB07/submittedPB07/aksoy/area_opers/normalized-fir06_area_opers.opb.xz,13
OPT-LIN/normalized-PB07/submittedPB07/aksoy/area_opers/normalized-fir07_area_opers.opb.xz,14
OPT-LIN/normalized-PB07/submittedPB07/aksoy/area_opers/normalized-fir08_area_opers.opb.xz,17
OPT-LIN/normalized-PB07/submittedPB07/aksoy/area_opers/normalized-fir09_area_opers.opb.xz,14
OPT-LIN/normalized-PB07/submittedPB07/aksoy/area_opers/normalized-fir10_area_opers.opb.xz,16
OPT-LIN/normalized-PB07/submittedPB07/aksoy/area_partials/normalized-fir02_area_partials.opb.xz,6
OPT-LIN/normalized-PB07/submittedPB07/aksoy/area_partials/normalized-fir03_area_partials.opb.xz,8
OPT-LIN/normalized-PB07/submittedPB07/aksoy/area_partials/normalized-fir04_area_partials.opb.xz,6
OPT-LIN/normalized-PB07/submittedPB07/aksoy/area_partials/normalized-fir05_area_partials.opb.xz,8
OPT-LIN/normalized-PB07/submittedPB07/aksoy/area_partials/normalized-fir06_area_partials.opb.xz,8
OPT-LIN/normalized-PB07/submittedPB07/aksoy/area_partials/normalized-fir07_area_partials.opb.xz,7
OPT-LIN/normalized-PB07/submittedPB07/aksoy/area_partials/normalized-fir08_area_partials.opb.xz,11
OPT-LIN/normalized-PB07/submittedPB07/aksoy/area_partials/normalized-fir09_area_partials.opb.xz,10
OPT-LIN/normalized-PB07/submittedPB07/aksoy/area_partials/normalized-fir10_area_partials.opb.xz,9
OPT-LIN/normalized-PB07/submittedPB07/aksoy/decomp/normalized-matrix_5x3_1.opb.xz,11
OPT-LIN/normalized-PB07/submittedPB07/aksoy/decomp/normalized-matrix_5x3_10.opb.xz,11
OPT-LIN/normalized-PB07/submittedPB07/aksoy/decomp/normalized-matrix_5x3_2.opb.xz,10
OPT-LIN/normalized-PB07/submittedPB07/aksoy/decomp/normalized-matrix_5x3_3.opb.xz,10
OPT-LIN/normalized-PB07/submittedPB07/aksoy/decomp/normalized-matrix_5x3_4.opb.xz,12
OPT-LIN/normalized-PB07/submittedPB07/aksoy/decomp/normalized-matrix_5x3_5.opb.xz,10
OPT-LIN/normalized-PB07/submittedPB07/aksoy/decomp/normalized-matrix_5x3_6.opb.xz,10
OPT-LIN/normalized-PB07/submittedPB07/aksoy/decomp/normalized-matrix_5x3_7.opb.xz,10
OPT-LIN/normalized-PB07/submittedPB07/aksoy/decomp/normalized-matrix_5x3_8.opb.xz,10
OPT-LIN/normalized-PB07/submittedPB07/aksoy/decomp/normalized-matrix_5x3_9.opb.xz,11
OPT-LIN/normalized-PB07/submittedPB07/aksoy/trarea_ac/normalized-fir01_trarea_ac.opb.xz,18
OPT-LIN/normalized-PB07/submittedPB07/aksoy/trarea_ac/normalized-fir02_trarea_ac.opb.xz,20
OPT-LIN/normalized-PB07/submittedPB07/aksoy/trarea_ac/normalized-fir03_trarea_ac.opb.xz,21
OPT-LIN/normalized-PB07/submittedPB07/aksoy/trarea_ac/normalized-fir04_trarea_ac.opb.xz,21
OPT-LIN/normalized-PB07/submittedPB07/aksoy/trarea_ac/normalized-fir05_trarea_ac.opb.xz,21
OPT-LIN/normalized-PB07/submittedPB07/aksoy/trarea_ac/normalized-fir06_trarea_ac.opb.xz,22
OPT-LIN/normalized-PB07/submittedPB07/aksoy/trarea_ac/normalized-fir07_trarea_ac.opb.xz,21
OPT-LIN/normalized-PB07/submittedPB07/aksoy/trarea_ac/normalized-fir08_trarea_ac.opb.xz,25
OPT-LIN/normalized-PB07/submittedPB07/aksoy/trarea_ac/normalized-fir09_trarea_ac.opb.xz,22
OPT-LIN/normalized-PB07/submittedPB07/aksoy/trarea_ac/normalized-fir10_trarea_ac.opb.xz,25
OPT-LIN/normalized-PB07/submittedPB07/manquinho/areaDelay/normalized-f20c10b_001_area_delay.opb.xz,13
OPT-LIN/normalized-PB07/submittedPB07/manquinho/areaDelay/normalized-f20c10b_002_area_delay.opb.xz,12
OPT-LIN/normalized-PB07/submittedPB07/manquinho/areaDelay/normalized-f20c10b_003_area_delay.opb.xz,12
OPT-LIN/normalized-PB07/submittedPB07/manquinho/areaDelay/normalized-f20c10b_004_area_delay.opb.xz,12
OPT-LIN/normalized-PB07/submittedPB07/manquinho/areaDelay/normalized-f20c10b_005_area_delay.opb.xz,14
OPT-LIN/normalized-PB07/submittedPB07/manquinho/areaDelay/normalized-f20c10b_006_area_delay.opb.xz,11
OPT-LIN/normalized-PB07/submittedPB07/manquinho/areaDelay/normalized-f20c10b_007_area_delay.opb.xz,13
OPT-LIN/normalized-PB07/submittedPB07/manquinho/areaDelay/normalized-f20c10b_008_area_delay.opb.xz,11
OPT-LIN/normalized-PB07/submittedPB07/manquinho/areaDelay/normalized-f20c10b_009_area_delay.opb.xz,12
OPT-LIN/normalized-PB07/submittedPB07/manquinho/areaDelay/normalized-f20c10b_010_area_delay.opb.xz,13
OPT-LIN/normalized-PB07/submittedPB07/manquinho/areaDelay/normalized-f20c10b_011_area_delay.opb.xz,13
OPT-LIN/normalized-PB07/submittedPB07/manquinho/areaDelay/normalized-f20c10b_012_area_delay.opb.xz,13
OPT-LIN/normalized-PB07/submittedPB07/manquinho/areaDelay/normalized-f20c10b_013_area_delay.opb.xz,14
OPT-LIN/normalized-PB07/submittedPB07/manquinho/areaDelay/normalized-f20c10b_014_area_delay.opb.xz,12
OPT-LIN/normalized-PB07/submittedPB07/manquinho/areaDelay/normalized-f20c10b_015_area_delay.opb.xz,12
OPT-LIN/normalized-PB07/submittedPB07/manquinho/areaDelay/normalized-f20c10b_016_area_delay.opb.xz,13
OPT-LIN/normalized-PB07/submittedPB07/manquinho/areaDelay/normalized-f20c10b_017_area_delay.opb.xz,13
OPT-LIN/normalized-PB07/submittedPB07/manquinho/areaDelay/normalized-f20c10b_018_area_delay.opb.xz,11
OPT-LIN/normalized-PB07/submittedPB07/manquinho/areaDelay/normalized-f20c10b_019_area_delay.opb.xz,12
OPT-LIN/normalized-PB07/submittedPB07/manquinho/areaDelay/normalized-f20c10b_020_area_delay.opb.xz,12
OPT-LIN/normalized-PB07/submittedPB07/manquinho/areaDelay/normalized-f20c10b_021_area_delay.opb.xz,13
OPT-LIN/normalized-PB07/submittedPB07/manquinho/areaDelay/normalized-f20c10b_022_area_delay.opb.xz,12
OPT-LIN/normalized-PB07/submittedPB07/manquinho/areaDelay/normalized-f20c10b_023_area_delay.opb.xz,14
OPT-LIN/normalized-PB07/submittedPB07/manquinho/areaDelay/normalized-f20c10b_024_area_delay.opb.xz,11
OPT-LIN/normalized-PB07/submittedPB07/manquinho/areaDelay/normalized-f20c10b_025_area_delay.opb.xz,13
OPT-LIN/normalized-PB07/submittedPB07/manquinho/areaDelay/normalized-f20c10b_026_area_delay.opb.xz,13
OPT-LIN/normalized-PB07/submittedPB07/manquinho/areaDelay/normalized-f20c10b_027_area_delay.opb.xz,13
OPT-LIN/normalized-PB07/submittedPB07/manquinho/areaDelay/normalized-f20c10b_028_area_delay.opb.xz,13
OPT-LIN/normalized-PB07/submittedPB07/manquinho/areaDelay/normalized-f20c10b_029_area_delay.opb.xz,14
OPT-LIN/normalized-PB07/submittedPB07/manquinho/areaDelay/normalized-f20c10b_030_area_delay.opb.xz,12
OPT-LIN/normalized-PB07/submittedPB07/poldner/PB/testset/normalized-10_20.opb.xz,17
OPT-LIN/normalized-PB07/submittedPB07/poldner/PB/testset/normalized-11_22.opb.xz,17
OPT-LIN/normalized-PB07/submittedPB07/poldner/PB/testset/normalized-5_10.opb.xz,15
OPT-LIN/normalized-PB07/submittedPB07/poldner/PB/testset/normalized-6_12.opb.xz,16
OPT-LIN/normalized-PB07/submittedPB07/poldner/PB/testset/normalized-7_14.opb.xz,16
OPT-LIN/normalized-PB07/submittedPB07/poldner/PB/testset/normalized-8_16.opb.xz,16
OPT-LIN/normalized-PB09/aries-da_nrp/normalized-aries-da_network_1000_5__369_766.opb.xz,28
OPT-LIN/normalized-PB09/aries-da_nrp/normalized-aries-da_network_1000_5__369_766__1024.opb.xz,38
OPT-LIN/normalized-PB09/aries-da_nrp/normalized-aries-da_network_1000_5__369_766__128.opb.xz,35
OPT-LIN/normalized-PB09/aries-da_nrp/normalized-aries-da_network_1000_5__369_766__16.opb.xz,32
OPT-LIN/normalized-PB09/aries-da_nrp/normalized-aries-da_network_1000_5__369_766__2048.opb.xz,39
OPT-LIN/normalized-PB09/aries-da_nrp/normalized-aries-da_network_1000_5__369_766__256.opb.xz,36
OPT-LIN/normalized-PB09/aries-da_nrp/normalized-aries-da_network_1000_5__369_766__32.opb.xz,33
OPT-LIN/normalized-PB09/aries-da_nrp/normalized-aries-da_network_1000_5__369_766__512.opb.xz,37
OPT-LIN/normalized-PB09/aries-da_nrp/normalized-aries-da_network_1000_5__369_766__64.opb.xz,34
OPT-LIN/normalized-PB09/aries-da_nrp/normalized-aries-da_network_1000_5__369_766__8.opb.xz,31
OPT-LIN/normalized-PB09/aries-da_nrp/normalized-aries-da_network_100_3__3_91.opb.xz,24
OPT-LIN/normalized-PB09/aries-da_nrp/normalized-aries-da_network_100_3__3_91__1024.opb.xz,34
OPT-LIN/normalized-PB09/aries-da_nrp/normalized-aries-da_network_100_3__3_91__128.opb.xz,31
OPT-LIN/normalized-PB09/aries-da_nrp/normalized-aries-da_network_100_3__3_91__16.opb.xz,28
OPT-LIN/normalized-PB09/aries-da_nrp/normalized-aries-da_network_100_3__3_91__2048.opb.xz,35
OPT-LIN/normalized-PB09/aries-da_nrp/normalized-aries-da_network_100_3__3_91__256.opb.xz,32
OPT-LIN/normalized-PB09/aries-da_nrp/normalized-aries-da_network_100_3__3_91__32.opb.xz,29
OPT-LIN/normalized-PB09/aries-da_nrp/normalized-aries-da_network_100_3__3_91__512.opb.xz,33
OPT-LIN/normalized-PB09/aries-da_nrp/normalized-aries-da_network_100_3__3_91__64.opb.xz,30
OPT-LIN/normalized-PB09/aries-da_nrp/normalized-aries-da_network_100_3__3_91__8.opb.xz,27
OPT-LIN/normalized-PB09/aries-da_nrp/normalized-aries-da_network_2000_5__647_1792.opb.xz,29
OPT-LIN/normalized-PB09/aries-da_nrp/normalized-aries-da_network_2000_5__647_1792__1024.opb.xz,39
OPT-LIN/normalized-PB09/aries-da_nrp/normalized-aries-da_network_2000_5__647_1792__128.opb.xz,36
OPT-LIN/normalized-PB09/aries-da_nrp/normalized-aries-da_network_2000_5__647_1792__16.opb.xz,33
OPT-LIN/normalized-PB09/aries-da_nrp/normalized-aries-da_network_2000_5__647_1792__256.opb.xz,37
OPT-LIN/normalized-PB09/aries-da_nrp/normalized-aries-da_network_2000_5__647_1792__32.opb.xz,34
OPT-LIN/normalized-PB09/aries-da_nrp/normalized-aries-da_network_2000_5__647_1792__512.opb.xz,38
OPT-LIN/normalized-PB09/aries-da_nrp/normalized-aries-da_network_2000_5__647_1792__64.opb.xz,35
OPT-LIN/normalized-PB09/aries-da_nrp/normalized-aries-da_network_2000_5__647_1792__8.opb.xz,32
OPT-LIN/normalized-PB09/aries-da_nrp/normalized-aries-da_network_20_2__17_12.opb.xz,21
OPT-LIN/normalized-PB09/aries-da_nrp/normalized-aries-da_network_20_2__17_12__1024.opb.xz,31
OPT-LIN/normalized-PB09/aries-da_nrp/normalized-aries-da_network_20_2__17_12__128.opb.xz,28
OPT-LIN/normalized-PB09/aries-da_nrp/normalized-aries-da_network_20_2__17_12__16.opb.xz,25
OPT-LIN/normalized-PB09/aries-da_nrp/normalized-aries-da_network_20_2__17_12__2048.opb.xz,32
OPT-LIN/normalized-PB09/aries-da_nrp/normalized-aries-da_network_20_2__17_12__256.opb.xz,29
OPT-LIN/normalized-PB09/aries-da_nrp/normalized-aries-da_network_20_2__17_12__32.opb.xz,26
OPT-LIN/normalized-PB09/aries-da_nrp/normalized-aries-da_network_20_2__17_12__512.opb.xz,30
OPT-LIN/normalized-PB09/aries-da_nrp/normalized-aries-da_network_20_2__17_12__64.opb.xz,27
OPT-LIN/normalized-PB09/aries-da_nrp/normalized-aries-da_network_20_2__17_12__8.opb.xz,24
OPT-LIN/normalized-PB09/aries-da_nrp/normalized-aries-da_network_3000_5__126_2812.opb.xz,29
OPT-LIN/normalized-PB09/aries-da_nrp/normalized-aries-da_network_3000_5__126_2812__1024.opb.xz,39
OPT-LIN/normalized-PB09/aries-da_nrp/normalized-aries-da_network_3000_5__126_2812__128.opb.xz,36
OPT-LIN/normalized-PB09/aries-da_nrp/normalized-aries-da_network_3000_5__126_2812__16.opb.xz,33
OPT-LIN/normalized-PB09/aries-da_nrp/normalized-aries-da_network_3000_5__126_2812__256.opb.xz,37
OPT-LIN/normalized-PB09/aries-da_nrp/normalized-aries-da_network_3000_5__126_2812__32.opb.xz,34
OPT-LIN/normalized-PB09/aries-da_nrp/normalized-aries-da_network_3000_5__126_2812__512.opb.xz,38
OPT-LIN/normalized-PB09/aries-da_nrp/normalized-aries-da_network_3000_5__126_2812__64.opb.xz,35
OPT-LIN/normalized-PB09/aries-da_nrp/normalized-aries-da_network_3000_5__126_2812__8.opb.xz,32
OPT-LIN/normalized-PB09/aries-da_nrp/normalized-aries-da_network_500_3__212_366.opb.xz,26
OPT-LIN/normalized-PB09/aries-da_nrp/normalized-aries-da_network_500_3__212_366__1024.opb.xz,36
OPT-LIN/normalized-PB09/aries-da_nrp/normalized-aries-da_network_500_3__212_366__128.opb.xz,33
OPT-LIN/normalized-PB09/aries-da_nrp/normalized-aries-da_network_500_3__212_366__16.opb.xz,30
OPT-LIN/normalized-PB09/aries-da_nrp/normalized-aries-da_network_500_3__212_366__2048.opb.xz,37
OPT-LIN/normalized-PB09/aries-da_nrp/normalized-aries-da_network_500_3__212_366__256.opb.xz,34
OPT-LIN/normalized-PB09/aries-da_nrp/normalized-aries-da_network_500_3__212_366__32.opb.xz,31
OPT-LIN/normalized-PB09/aries-da_nrp/normalized-aries-da_network_500_3__212_366__512.opb.xz,35
OPT-LIN/normalized-PB09/aries-da_nrp/normalized-aries-da_network_500_3__212_366__64.opb.xz,32
OPT-LIN/normalized-PB09/aries-da_nrp/normalized-aries-da_network_500_3__212_366__8.opb.xz,29
OPT-LIN/normalized-PB09/aries-da_nrp/normalized-aries-da_network_50_2__8_45.opb.xz,22
OPT-LIN/normalized-PB09/aries-da_nrp/normalized-aries-da_network_50_2__8_45__1024.opb.xz,32
OPT-LIN/normalized-PB09/aries-da_nrp/normalized-aries-da_network_50_2__8_45__128.opb.xz,29
OPT-LIN/normalized-PB09/aries-da_nrp/normalized-aries-da_network_50_2__8_45__16.opb.xz,26
OPT-LIN/normalized-PB09/aries-da_nrp/normalized-aries-da_network_50_2__8_45__2048.opb.xz,33
OPT-LIN/normalized-PB09/aries-da_nrp/normalized-aries-da_network_50_2__8_45__256.opb.xz,30
OPT-LIN/normalized-PB09/aries-da_nrp/normalized-aries-da_network_50_2__8_45__32.opb.xz,27
OPT-LIN/normalized-PB09/aries-da_nrp/normalized-aries-da_network_50_2__8_45__512.opb.xz,31
OPT-LIN/normalized-PB09/aries-da_nrp/normalized-aries-da_network_50_2__8_45__64.opb.xz,28
OPT-LIN/normalized-PB09/aries-da_nrp/normalized-aries-da_network_50_2__8_45__8.opb.xz,25
OPT-LIN/normalized-PB09/featureSubscription/normalized-50-250-false-45-90-4-10000opt.opb.xz,9
OPT-LIN/normalized-PB09/featureSubscription/normalized-50-250-false-45-90-4-1000opt.opb.xz,9
OPT-LIN/normalized-PB09/featureSubscription/normalized-50-250-false-45-90-4-2000opt.opb.xz,9
OPT-LIN/normalized-PB09/featureSubscription/normalized-50-250-false-45-90-4-3000opt.opb.xz,9
OPT-LIN/normalized-PB09/featureSubscription/normalized-50-250-false-45-90-4-4000opt.opb.xz,9
OPT-LIN/normalized-PB09/featureSubscription/normalized-50-250-false-45-90-4-5000opt.opb.xz,9
OPT-LIN/normalized-PB09/featureSubscription/normalized-50-250-false-45-90-4-6000opt.opb.xz,9
OPT-LIN/normalized-PB09/featureSubscription/normalized-50-250-false-45-90-4-7000opt.opb.xz,9
OPT-LIN/normalized-PB09/featureSubscription/normalized-50-250-false-45-90-4-8000opt.opb.xz,9
OPT-LIN/normalized-PB09/featureSubscription/normalized-50-250-false-45-90-4-9000opt.opb.xz,9
OPT-LIN/normalized-PB09/featureSubscription/normalized-50-750-false-45-90-4-10000opt.opb.xz,9
OPT-LIN/normalized-PB09/featureSubscription/normalized-50-750-false-45-90-4-1000opt.opb.xz,9
OPT-LIN/normalized-PB09/featureSubscription/normalized-50-750-false-45-90-4-2000opt.opb.xz,9
OPT-LIN/normalized-PB09/featureSubscription/normalized-50-750-false-45-90-4-3000opt.opb.xz,9
OPT-LIN/normalized-PB09/featureSubscription/normalized-50-750-false-45-90-4-4000opt.opb.xz,9
OPT-LIN/normalized-PB09/featureSubscription/normalized-50-750-false-45-90-4-5000opt.opb.xz,9
OPT-LIN/normalized-PB09/featureSubscription/normalized-50-750-false-45-90-4-6000opt.opb.xz,9
OPT-LIN/normalized-PB09/featureSubscription/normalized-50-750-false-45-90-4-7000opt.opb.xz,9
OPT-LIN/normalized-PB09/featureSubscription/normalized-50-750-false-45-90-4-8000opt.opb.xz,9
OPT-LIN/normalized-PB09/featureSubscription/normalized-50-750-false-45-90-4-9000opt.opb.xz,9
OPT-LIN/normalized-PB09/flexray/normalized-fx30.opb.xz,9
OPT-LIN/normalized-PB09/flexray/normalized-fx49.opb.xz,10
OPT-LIN/normalized-PB09/flexray/normalized-fx57.opb.xz,10
OPT-LIN/normalized-PB09/flexray/normalized-fx60.opb.xz,10
OPT-LIN/normalized-PB09/flexray/normalized-fx63.opb.xz,10
OPT-LIN/normalized-PB09/flexray/normalized-fx75.opb.xz,10
OPT-LIN/normalized-PB09/flexray/normalized-fx84.opb.xz,11
OPT-LIN/normalized-PB09/flexray/normalized-fx92.opb.xz,11
OPT-LIN/normalized-PB09/flexray/normalized-fx97.opb.xz,11
OPT-LIN/normalized-PB10/leberre/opb-paranoid/misc2010/datasets/10orplus/normalized-codebreaker.cudf.paranoid.opb.xz,24
OPT-LIN/normalized-PB10/leberre/opb-paranoid/misc2010/datasets/10orplus/normalized-dwww.cudf.paranoid.opb.xz,24
OPT-LIN/normalized-PB10/leberre/opb-paranoid/misc2010/datasets/10orplus/normalized-epiphany-browser.cudf.paranoid.opb.xz,24
OPT-LIN/normalized-PB10/leberre/opb-paranoid/misc2010/datasets/10orplus/normalized-evolution-dev.cudf.paranoid.opb.xz,24
OPT-LIN/normalized-PB10/leberre/opb-paranoid/misc2010/datasets/10orplus/normalized-hal-cups-utils.cudf.paranoid.opb.xz,24
OPT-LIN/normalized-PB10/leberre/opb-paranoid/misc2010/datasets/10orplus/normalized-konq-plugins.cudf.paranoid.opb.xz,24
OPT-LIN/normalized-PB10/leberre/opb-paranoid/misc2010/datasets/10orplus/normalized-libcatalyst-perl.cudf.paranoid.opb.xz,24
OPT-LIN/normalized-PB10/leberre/opb-paranoid/misc2010/datasets/10orplus/normalized-libcyrus-imap-perl22.cudf.paranoid.opb.xz,24
OPT-LIN/normalized-PB10/leberre/opb-paranoid/misc2010/datasets/10orplus/normalized-libhtml-parser-perl.cudf.paranoid.opb.xz,24
OPT-LIN/normalized-PB10/leberre/opb-paranoid/misc2010/datasets/10orplus/normalized-libpango-perl.cudf.paranoid.opb.xz,24
OPT-LIN/normalized-PB10/leberre/opb-paranoid/misc2010/datasets/10orplus/normalized-libpoe-perl.cudf.paranoid.opb.xz,24
OPT-LIN/normalized-PB10/leberre/opb-paranoid/misc2010/datasets/10orplus/normalized-monodevelop-nunit.cudf.paranoid.opb.xz,24
OPT-LIN/normalized-PB10/leberre/opb-paranoid/misc2010/datasets/10orplus/normalized-python-cairo.cudf.paranoid.opb.xz,24
OPT-LIN/normalized-PB10/leberre/opb-paranoid/misc2010/datasets/10orplus/normalized-python-hippocanvas.cudf.paranoid.opb.xz,24
OPT-LIN/normalized-PB10/leberre/opb-paranoid/misc2010/datasets/10orplus/normalized-synaptic.cudf.paranoid.opb.xz,24
OPT-LIN/normalized-PB10/leberre/opb-paranoid/misc2010/datasets/10orplus/normalized-system-config-printer.cudf.paranoid.opb.xz,24
OPT-LIN/normalized-PB10/leberre/opb-paranoid/misc2010/datasets/10orplus/normalized-txt2html.cudf.paranoid.opb.xz,24
OPT-LIN/normalized-PB10/leberre/opb-paranoid/misc2010/datasets/10orplus/normalized-unattended-upgrades.cudf.paranoid.opb.xz,24
OPT-LIN/normalized-PB10/leberre/opb-paranoid/misc2010/datasets/9orless/normalized-gtwitter.cudf.paranoid.opb.xz,24
OPT-LIN/normalized-PB10/leberre/opb-paranoid/misc2010/datasets/9orless/normalized-kdessh.cudf.paranoid.opb.xz,24
OPT-LIN/normalized-PB10/leberre/opb-paranoid/misc2010/datasets/9orless/normalized-kjumpingcube.cudf.paranoid.opb.xz,24
OPT-LIN/normalized-PB10/leberre/opb-paranoid/misc2010/datasets/9orless/normalized-kmines.cudf.paranoid.opb.xz,24
OPT-LIN/normalized-PB10/leberre/opb-paranoid/misc2010/datasets/9orless/normalized-kphotoalbum.cudf.paranoid.opb.xz,24
OPT-LIN/normalized-PB10/leberre/opb-paranoid/misc2010/datasets/9orless/normalized-libgnokii4.cudf.paranoid.opb.xz,24
OPT-LIN/normalized-PB10/leberre/opb-paranoid/misc2010/datasets/9orless/normalized-libmono-relaxng1.0-cil.cudf.paranoid.opb.xz,24
OPT-LIN/normalized-PB10/leberre/opb-paranoid/misc2010/datasets/9orless/normalized-mono-gac.cudf.paranoid.opb.xz,24
OPT-LIN/normalized-PB10/leberre/opb-paranoid/misc2010/datasets/9orless/normalized-mono-mcs.cudf.paranoid.opb.xz,24
OPT-LIN/normalized-PB10/leberre/opb-paranoid/misc2010/datasets/9orless/normalized-plasma-widgets-workspace.cudf.paranoid.opb.xz,24
OPT-LIN/normalized-PB10/leberre/opb-paranoid/misc2010/datasets/9orless/normalized-r-cran-car.cudf.paranoid.opb.xz,24
OPT-LIN/normalized-PB10/leberre/opb-paranoid/misc2010/datasets/9orless/normalized-r-cran-rodbc.cudf.paranoid.opb.xz,24
OPT-LIN/normalized-PB10/leberre/opb-paranoid/misc2010/datasets/9orless/normalized-tasque.cudf.paranoid.opb.xz,24
OPT-LIN/normalized-PB10/leberre/opb-paranoid/misc2010/datasets/9orless/normalized-upstart-compat-sysv.cudf.paranoid.opb.xz,24
OPT-LIN/normalized-PB10/leberre/opb-paranoid/misc2010/datasets/caixa/normalized-1034.cudf.paranoid.opb.xz,9
OPT-LIN/normalized-PB10/leberre/opb-paranoid/misc2010/datasets/caixa/normalized-1037.cudf.paranoid.opb.xz,8
OPT-LIN/normalized-PB10/leberre/opb-paranoid/misc2010/datasets/caixa/normalized-1077.cudf.paranoid.opb.xz,9
OPT-LIN/normalized-PB10/leberre/opb-paranoid/misc2010/datasets/caixa/normalized-1078.cudf.paranoid.opb.xz,3
OPT-LIN/normalized-PB10/leberre/opb-paranoid/misc2010/datasets/caixa/normalized-1093.cudf.paranoid.opb.xz,9
OPT-LIN/normalized-PB10/leberre/opb-paranoid/misc2010/datasets/caixa/normalized-1094.cudf.paranoid.opb.xz,8
OPT-LIN/normalized-PB10/leberre/opb-paranoid/misc2010/datasets/caixa/normalized-1097.cudf.paranoid.opb.xz,8
OPT-LIN/normalized-PB10/leberre/opb-paranoid/misc2010/datasets/caixa/normalized-1098.cudf.paranoid.opb.xz,9
OPT-LIN/normalized-PB10/leberre/opb-paranoid/misc2010/datasets/caixa/normalized-1125.cudf.paranoid.opb.xz,7
OPT-LIN/normalized-PB10/leberre/opb-paranoid/misc2010/datasets/caixa/normalized-1131.cudf.paranoid.opb.xz,23
OPT-LIN/normalized-PB10/leberre/opb-paranoid/misc2010/datasets/caixa/normalized-121.cudf.paranoid.opb.xz,20
OPT-LIN/normalized-PB10/leberre/opb-paranoid/misc2010/datasets/caixa/normalized-122.cudf.paranoid.opb.xz,20
OPT-LIN/normalized-PB10/leberre/opb-paranoid/misc2010/datasets/caixa/normalized-1468.cudf.paranoid.opb.xz,23
OPT-LIN/normalized-PB10/leberre/opb-paranoid/misc2010/datasets/caixa/normalized-520.cudf.paranoid.opb.xz,22
OPT-LIN/normalized-PB10/leberre/opb-paranoid/misc2010/datasets/caixa/normalized-550.cudf.paranoid.opb.xz,22
OPT-LIN/normalized-PB10/leberre/opb-paranoid/misc2010/datasets/caixa/normalized-658.cudf.paranoid.opb.xz,8
OPT-LIN/normalized-PB10/leberre/opb-paranoid/misc2010/datasets/caixa/normalized-787.cudf.paranoid.opb.xz,4
OPT-LIN/normalized-PB10/leberre/opb-paranoid/misc2010/datasets/caixa/normalized-869.cudf.paranoid.opb.xz,8
OPT-LIN/normalized-PB10/leberre/opb-paranoid/misc2010/datasets/caixa/normalized-902.cudf.paranoid.opb.xz,9
OPT-LIN/normalized-PB10/leberre/opb-paranoid/misc2010/datasets/caixa/normalized-990.cudf.paranoid.opb.xz,9
OPT-LIN/normalized-PB10/leberre/opb-paranoid/misc2010/datasets/caixa/normalized-995.cudf.paranoid.opb.xz,7
OPT-LIN/normalized-PB10/leberre/opb-paranoid/misc2010/random/rand.biglist/normalized-rand0c02bc.cudf.paranoid.opb.xz,20
OPT-LIN/normalized-PB10/leberre/opb-paranoid/misc2010/random/rand.biglist/normalized-rand199fd6.cudf.paranoid.opb.xz,20
OPT-LIN/normalized-PB10/leberre/opb-paranoid/misc2010/random/rand.biglist/normalized-rand2d8467.cudf.paranoid.opb.xz,20
OPT-LIN/normalized-PB10/leberre/opb-paranoid/misc2010/random/rand.biglist/normalized-rand35d0c8.cudf.paranoid.opb.xz,20
OPT-LIN/normalized-PB10/leberre/opb-paranoid/misc2010/random/rand.biglist/normalized-rand43bd88.cudf.paranoid.opb.xz,21
OPT-LIN/normalized-PB10/leberre/opb-paranoid/misc2010/random/rand.biglist/normalized-rand4bf850.cudf.paranoid.opb.xz,20
OPT-LIN/normalized-PB10/leberre/opb-paranoid/misc2010/random/rand.biglist/normalized-rand5c0b12.cudf.paranoid.opb.xz,21
OPT-LIN/normalized-PB10/leberre/opb-paranoid/misc2010/random/rand.biglist/normalized-rand659e05.cudf.paranoid.opb.xz,21
OPT-LIN/normalized-PB10/leberre/opb-paranoid/misc2010/random/rand.biglist/normalized-rand65d021.cudf.paranoid.opb.xz,20
OPT-LIN/normalized-PB10/leberre/opb-paranoid/misc2010/random/rand.biglist/normalized-rand902db1.cudf.paranoid.opb.xz,20
OPT-LIN/normalized-PB10/leberre/opb-paranoid/misc2010/random/rand.biglist/normalized-randa09fe9.cudf.paranoid.opb.xz,20
OPT-LIN/normalized-PB10/leberre/opb-paranoid/misc2010/random/rand.biglist/normalized-randa491d5.cudf.paranoid.opb.xz,20
OPT-LIN/normalized-PB10/leberre/opb-paranoid/misc2010/random/rand.biglist/normalized-randa6997e.cudf.paranoid.opb.xz,20
OPT-LIN/normalized-PB10/leberre/opb-paranoid/misc2010/random/rand.biglist/normalized-randaef248.cudf.paranoid.opb.xz,20
OPT-LIN/normalized-PB10/leberre/opb-paranoid/misc2010/random/rand.biglist/normalized-randaefc7c.cudf.paranoid.opb.xz,20
OPT-LIN/normalized-PB10/leberre/opb-paranoid/misc2010/random/rand.biglist/normalized-randb87834.cudf.paranoid.opb.xz,20
OPT-LIN/normalized-PB10/leberre/opb-paranoid/misc2010/random/rand.biglist/normalized-randbccf2d.cudf.paranoid.opb.xz,20
OPT-LIN/normalized-PB10/leberre/opb-paranoid/misc2010/random/rand.biglist/normalized-randd1cab2.cudf.paranoid.opb.xz,20
OPT-LIN/normalized-PB10/leberre/opb-paranoid/misc2010/random/rand.biglist/normalized-randee102b.cudf.paranoid.opb.xz,21
OPT-LIN/normalized-PB10/leberre/opb-paranoid/misc2010/random/rand.biglist/normalized-randf7d077.cudf.paranoid.opb.xz,20
OPT-LIN/normalized-PB10/leberre/opb-paranoid/misc2010/random/rand.biglist/normalized-randfe95e3.cudf.paranoid.opb.xz,20
OPT-LIN/normalized-PB10/leberre/opb-paranoid/misc2010/random/rand.newlist/normalized-rand00ebc7.cudf.paranoid.opb.xz,20
OPT-LIN/normalized-PB10/leberre/opb-paranoid/misc2010/random/rand.newlist/normalized-rand085d8a.cudf.paranoid.opb.xz,20
OPT-LIN/normalized-PB10/leberre/opb-paranoid/misc2010/random/rand.newlist/normalized-rand0a62b6.cudf.paranoid.opb.xz,20
OPT-LIN/normalized-PB10/leberre/opb-paranoid/misc2010/random/rand.newlist/normalized-rand18b530.cudf.paranoid.opb.xz,20
OPT-LIN/normalized-PB10/leberre/opb-paranoid/misc2010/random/rand.newlist/normalized-rand271a0d.cudf.paranoid.opb.xz,20
OPT-LIN/normalized-PB10/leberre/opb-paranoid/misc2010/random/rand.newlist/normalized-rand27da90.cudf.paranoid.opb.xz,20
OPT-LIN/normalized-PB10/leberre/opb-paranoid/misc2010/random/rand.newlist/normalized-rand362510.cudf.paranoid.opb.xz,20
OPT-LIN/normalized-PB10/leberre/opb-paranoid/misc2010/random/rand.newlist/normalized-rand3c03fd.cudf.paranoid.opb.xz,20
OPT-LIN/normalized-PB10/leberre/opb-paranoid/misc2010/random/rand.newlist/normalized-rand4a23d9.cudf.paranoid.opb.xz,20
OPT-LIN/normalized-PB10/leberre/opb-paranoid/misc2010/random/rand.newlist/normalized-rand4b919e.cudf.paranoid.opb.xz,20
OPT-LIN/normalized-PB10/leberre/opb-paranoid/misc2010/random/rand.newlist/normalized-rand5d20db.cudf.paranoid.opb.xz,20
OPT-LIN/normalized-PB10/leberre/opb-paranoid/misc2010/random/rand.newlist/normalized-rand71b131.cudf.paranoid.opb.xz,20
OPT-LIN/normalized-PB10/leberre/opb-paranoid/misc2010/random/rand.newlist/normalized-rand767898.cudf.paranoid.opb.xz,20
OPT-LIN/normalized-PB10/leberre/opb-paranoid/misc2010/random/rand.newlist/normalized-rand9ffe99.cudf.paranoid.opb.xz,20
OPT-LIN/normalized-PB10/leberre/opb-paranoid/misc2010/random/rand.newlist/normalized-randa2004a.cudf.paranoid.opb.xz,20
OPT-LIN/normalized-PB10/leberre/opb-paranoid/misc2010/random/rand.newlist/normalized-randb54299.cudf.paranoid.opb.xz,20
OPT-LIN/normalized-PB10/leberre/opb-paranoid/misc2010/random/rand.newlist/normalized-randc18b26.cudf.paranoid.opb.xz,20
OPT-LIN/normalized-PB10/leberre/opb-paranoid/misc2010/random/rand.newlist/normalized-randc5b1f2.cudf.paranoid.opb.xz,20
OPT-LIN/normalized-PB10/leberre/opb-paranoid/misc2010/random/rand.newlist/normalized-randc5fe62.cudf.paranoid.opb.xz,20
OPT-LIN/normalized-PB10/leberre/opb-paranoid/misc2010/random/rand.newlist/normalized-randc7f8e5.cudf.paranoid.opb.xz,20
OPT-LIN/normalized-PB10/leberre/opb-paranoid/misc2010/random/rand.newlist/normalized-randcebca4.cudf.paranoid.opb.xz,20
OPT-LIN/normalized-PB10/leberre/opb-paranoid/misc2010/random/rand.newlist/normalized-randd7b2b4.cudf.paranoid.opb.xz,20
OPT-LIN/normalized-PB10/leberre/opb-paranoid/misc2010/random/rand.newlist/normalized-randd92c9f.cudf.paranoid.opb.xz,20
OPT-LIN/normalized-PB10/leberre/opb-paranoid/misc2010/random/rand.newlist/normalized-randec6fe1.cudf.paranoid.opb.xz,20
OPT-LIN/normalized-PB10/leberre/opb-paranoid/misc2010/random/rand.newlist/normalized-randf66c83.cudf.paranoid.opb.xz,20
OPT-LIN/normalized-PB10/leberre/opb-paranoid/misc2010/random/rand.newlist/normalized-randf794d2.cudf.paranoid.opb.xz,20
OPT-LIN/normalized-PB10/leberre/opb-paranoid/misc2010/random/rand.newlist/normalized-randfd04d4.cudf.paranoid.opb.xz,20
OPT-LIN/normalized-PB10/leberre/opb-paranoid/misc2010/random/rand.smallist/normalized-rand2fa1f8.cudf.paranoid.opb.xz,22
OPT-LIN/normalized-PB10/leberre/opb-paranoid/misc2010/random/rand.smallist/normalized-rand396cf8.cudf.paranoid.opb.xz,22
OPT-LIN/normalized-PB10/leberre/opb-paranoid/misc2010/random/rand.smallist/normalized-rand49e642.cudf.paranoid.opb.xz,22
OPT-LIN/normalized-PB10/leberre/opb-paranoid/misc2010/random/rand.smallist/normalized-rand56b853.cudf.paranoid.opb.xz,21
OPT-LIN/normalized-PB10/leberre/opb-paranoid/misc2010/random/rand.smallist/normalized-rand59f7dd.cudf.paranoid.opb.xz,22
OPT-LIN/normalized-PB10/leberre/opb-paranoid/misc2010/random/rand.smallist/normalized-rand682c92.cudf.paranoid.opb.xz,22
OPT-LIN/normalized-PB10/leberre/opb-paranoid/misc2010/random/rand.smallist/normalized-rand6c4744.cudf.paranoid.opb.xz,22
OPT-LIN/normalized-PB10/leberre/opb-paranoid/misc2010/random/rand.smallist/normalized-rand88811a.cudf.paranoid.opb.xz,22
OPT-LIN/normalized-PB10/leberre/opb-paranoid/misc2010/random/rand.smallist/normalized-randa65dfb.cudf.paranoid.opb.xz,22
OPT-LIN/normalized-PB10/leberre/opb-paranoid/misc2010/random/rand.smallist/normalized-randab5933.cudf.paranoid.opb.xz,22
OPT-LIN/normalized-PB10/leberre/opb-paranoid/misc2010/random/rand.smallist/normalized-randd6bc17.cudf.paranoid.opb.xz,21
OPT-LIN/normalized-PB10/leberre/opb-paranoid/misc2010/random/rand.smallist/normalized-randdd5509.cudf.paranoid.opb.xz,22
OPT-LIN/normalized-PB10/leberre/opb-paranoid/misc2010/random/rand.smallist/normalized-rande22180.cudf.paranoid.opb.xz,22
OPT-LIN/normalized-PB10/leberre/opb-paranoid/misc2010/random/rand.smallist/normalized-randea4da3.cudf.paranoid.opb.xz,22
OPT-LIN/normalized-PB10/leberre/opb-trendy/misc2010/datasets/10orplus/normalized-gnochm.cudf.trendy.opb.xz,48
OPT-LIN/normalized-PB10/leberre/opb-trendy/misc2010/datasets/10orplus/normalized-idle.cudf.trendy.opb.xz,48
OPT-LIN/normalized-PB10/leberre/opb-trendy/misc2010/datasets/10orplus/normalized-konq-plugins.cudf.trendy.opb.xz,48
OPT-LIN/normalized-PB10/leberre/opb-trendy/misc2010/datasets/10orplus/normalized-libdbd-pg-perl.cudf.trendy.opb.xz,48
OPT-LIN/normalized-PB10/leberre/opb-trendy/misc2010/datasets/10orplus/normalized-libpoe-perl.cudf.trendy.opb.xz,48
OPT-LIN/normalized-PB10/leberre/opb-trendy/misc2010/datasets/10orplus/normalized-lirc.cudf.trendy.opb.xz,48
OPT-LIN/normalized-PB10/leberre/opb-trendy/misc2010/datasets/10orplus/normalized-mercurial-common.cudf.trendy.opb.xz,48
OPT-LIN/normalized-PB10/leberre/opb-trendy/misc2010/datasets/10orplus/normalized-monodevelop-nunit.cudf.trendy.opb.xz,48
OPT-LIN/normalized-PB10/leberre/opb-trendy/misc2010/datasets/10orplus/normalized-sonata.cudf.trendy.opb.xz,48
OPT-LIN/normalized-PB10/leberre/opb-trendy/misc2010/datasets/10orplus/normalized-texlive-generic-recommended.cudf.trendy.opb.xz,48
OPT-LIN/normalized-PB10/leberre/opb-trendy/misc2010/datasets/10orplus/normalized-txt2html.cudf.trendy.opb.xz,48
OPT-LIN/normalized-PB10/leberre/opb-trendy/misc2010/datasets/10orplus/normalized-xvfb.cudf.trendy.opb.xz,48
OPT-LIN/normalized-PB10/leberre/opb-trendy/misc2010/datasets/9orless/normalized-ark.cudf.trendy.opb.xz,48
OPT-LIN/normalized-PB10/leberre/opb-trendy/misc2010/datasets/9orless/normalized-gnash-common-opengl.cudf.trendy.opb.xz,48
OPT-LIN/normalized-PB10/leberre/opb-trendy/misc2010/datasets/9orless/normalized-gtwitter.cudf.trendy.opb.xz,48
OPT-LIN/normalized-PB10/leberre/opb-trendy/misc2010/datasets/9orless/normalized-inetutils-syslogd.cudf.trendy.opb.xz,48
OPT-LIN/normalized-PB10/leberre/opb-trendy/misc2010/datasets/9orless/normalized-kblocks.cudf.trendy.opb.xz,48
OPT-LIN/normalized-PB10/leberre/opb-trendy/misc2010/datasets/9orless/normalized-kommander.cudf.trendy.opb.xz,48
OPT-LIN/normalized-PB10/leberre/opb-trendy/misc2010/datasets/9orless/normalized-kphotoalbum.cudf.trendy.opb.xz,48
OPT-LIN/normalized-PB10/leberre/opb-trendy/misc2010/datasets/9orless/normalized-libmono-addins-gui0.2-cil.cudf.trendy.opb.xz,48
OPT-LIN/normalized-PB10/leberre/opb-trendy/misc2010/datasets/9orless/normalized-mono-gac.cudf.trendy.opb.xz,48
OPT-LIN/normalized-PB10/leberre/opb-trendy/misc2010/datasets/9orless/normalized-plasma-widgets-workspace.cudf.trendy.opb.xz,48
OPT-LIN/normalized-PB10/leberre/opb-trendy/misc2010/datasets/9orless/normalized-r-cran-car.cudf.trendy.opb.xz,48
OPT-LIN/normalized-PB10/leberre/opb-trendy/misc2010/datasets/caixa/normalized-1021.cudf.trendy.opb.xz,19
OPT-LIN/normalized-PB10/leberre/opb-trendy/misc2010/datasets/caixa/normalized-1078.cudf.trendy.opb.xz,8
OPT-LIN/normalized-PB10/leberre/opb-trendy/misc2010/datasets/caixa/normalized-1093.cudf.trendy.opb.xz,26
OPT-LIN/normalized-PB10/leberre/opb-trendy/misc2010/datasets/caixa/normalized-1097.cudf.trendy.opb.xz,22
OPT-LIN/normalized-PB10/leberre/opb-trendy/misc2010/datasets/caixa/normalized-1098.cudf.trendy.opb.xz,25
OPT-LIN/normalized-PB10/leberre/opb-trendy/misc2010/datasets/caixa/normalized-121.cudf.trendy.opb.xz,39
OPT-LIN/normalized-PB10/leberre/opb-trendy/misc2010/datasets/caixa/normalized-1335.cudf.trendy.opb.xz,45
OPT-LIN/normalized-PB10/leberre/opb-trendy/misc2010/datasets/caixa/normalized-557.cudf.trendy.opb.xz,43
OPT-LIN/normalized-PB10/leberre/opb-trendy/misc2010/datasets/caixa/normalized-658.cudf.trendy.opb.xz,23
OPT-LIN/normalized-PB10/leberre/opb-trendy/misc2010/datasets/caixa/normalized-787.cudf.trendy.opb.xz,12
OPT-LIN/normalized-PB10/leberre/opb-trendy/misc2010/datasets/caixa/normalized-902.cudf.trendy.opb.xz,26
OPT-LIN/normalized-PB10/leberre/opb-trendy/misc2010/datasets/caixa/normalized-995.cudf.trendy.opb.xz,19
OPT-LIN/normalized-PB10/leberre/opb-trendy/misc2010/random/rand.biglist/normalized-rand0c02bc.cudf.trendy.opb.xz,42
OPT-LIN/normalized-PB10/leberre/opb-trendy/misc2010/random/rand.biglist/normalized-rand2d8467.cudf.trendy.opb.xz,42
OPT-LIN/normalized-PB10/leberre/opb-trendy/misc2010/random/rand.biglist/normalized-rand5c0b12.cudf.trendy.opb.xz,43
OPT-LIN/normalized-PB10/leberre/opb-trendy/misc2010/random/rand.biglist/normalized-rand659e05.cudf.trendy.opb.xz,42
OPT-LIN/normalized-PB10/leberre/opb-trendy/misc2010/random/rand.biglist/normalized-rand65d021.cudf.trendy.opb.xz,42
OPT-LIN/normalized-PB10/leberre/opb-trendy/misc2010/random/rand.biglist/normalized-rand6d579e.cudf.trendy.opb.xz,42
OPT-LIN/normalized-PB10/leberre/opb-trendy/misc2010/random/rand.biglist/normalized-rand8177e7.cudf.trendy.opb.xz,43
OPT-LIN/normalized-PB10/leberre/opb-trendy/misc2010/random/rand.biglist/normalized-randa491d5.cudf.trendy.opb.xz,42
OPT-LIN/normalized-PB10/leberre/opb-trendy/misc2010/random/rand.biglist/normalized-randaefc7c.cudf.trendy.opb.xz,41
OPT-LIN/normalized-PB10/leberre/opb-trendy/misc2010/random/rand.biglist/normalized-randb87834.cudf.trendy.opb.xz,42
OPT-LIN/normalized-PB10/leberre/opb-trendy/misc2010/random/rand.biglist/normalized-randd1cab2.cudf.trendy.opb.xz,42
OPT-LIN/normalized-PB10/leberre/opb-trendy/misc2010/random/rand.biglist/normalized-randee102b.cudf.trendy.opb.xz,43
OPT-LIN/normalized-PB10/leberre/opb-trendy/misc2010/random/rand.biglist/normalized-randf7d077.cudf.trendy.opb.xz,42
OPT-LIN/normalized-PB10/leberre/opb-trendy/misc2010/random/rand.biglist/normalized-randfe95e3.cudf.trendy.opb.xz,42
OPT-LIN/normalized-PB10/leberre/opb-trendy/misc2010/random/rand.newlist/normalized-rand00ebc7.cudf.trendy.opb.xz,41
OPT-LIN/normalized-PB10/leberre/opb-trendy/misc2010/random/rand.newlist/normalized-rand085d8a.cudf.trendy.opb.xz,41
OPT-LIN/normalized-PB10/leberre/opb-trendy/misc2010/random/rand.newlist/normalized-rand0a62b6.cudf.trendy.opb.xz,42
OPT-LIN/normalized-PB10/leberre/opb-trendy/misc2010/random/rand.newlist/normalized-rand271a0d.cudf.trendy.opb.xz,41
OPT-LIN/normalized-PB10/leberre/opb-trendy/misc2010/random/rand.newlist/normalized-rand27da90.cudf.trendy.opb.xz,41
OPT-LIN/normalized-PB10/leberre/opb-trendy/misc2010/random/rand.newlist/normalized-rand362510.cudf.trendy.opb.xz,42
OPT-LIN/normalized-PB10/leberre/opb-trendy/misc2010/random/rand.newlist/normalized-rand5d20db.cudf.trendy.opb.xz,42
OPT-LIN/normalized-PB10/leberre/opb-trendy/misc2010/random/rand.newlist/normalized-rand767898.cudf.trendy.opb.xz,41
OPT-LIN/normalized-PB10/leberre/opb-trendy/misc2010/random/rand.newlist/normalized-randb54299.cudf.trendy.opb.xz,41
OPT-LIN/normalized-PB10/leberre/opb-trendy/misc2010/random/rand.newlist/normalized-randc18b26.cudf.trendy.opb.xz,42
OPT-LIN/normalized-PB10/leberre/opb-trendy/misc2010/random/rand.newlist/normalized-randc5b1f2.cudf.trendy.opb.xz,41
OPT-LIN/normalized-PB10/leberre/opb-trendy/misc2010/random/rand.newlist/normalized-randc5fe62.cudf.trendy.opb.xz,42
OPT-LIN/normalized-PB10/leberre/opb-trendy/misc2010/random/rand.newlist/normalized-randd92c9f.cudf.trendy.opb.xz,41
OPT-LIN/normalized-PB10/leberre/opb-trendy/misc2010/random/rand.newlist/normalized-randec6fe1.cudf.trendy.opb.xz,41
OPT-LIN/normalized-PB10/leberre/opb-trendy/misc2010/random/rand.newlist/normalized-randf794d2.cudf.trendy.opb.xz,42
OPT-LIN/normalized-PB10/leberre/opb-trendy/misc2010/random/rand.newlist/normalized-randfd04d4.cudf.trendy.opb.xz,42
OPT-LIN/normalized-PB10/leberre/opb-trendy/misc2010/random/rand.smallist/normalized-rand03b0b5.cudf.trendy.opb.xz,43
OPT-LIN/normalized-PB10/leberre/opb-trendy/misc2010/random/rand.smallist/normalized-rand1958fb.cudf.trendy.opb.xz,44
OPT-LIN/normalized-PB10/leberre/opb-trendy/misc2010/random/rand.smallist/normalized-rand56b853.cudf.trendy.opb.xz,43
OPT-LIN/normalized-PB10/leberre/opb-trendy/misc2010/random/rand.smallist/normalized-rand7e9372.cudf.trendy.opb.xz,44
OPT-LIN/normalized-PB10/leberre/opb-trendy/misc2010/random/rand.smallist/normalized-randa65dfb.cudf.trendy.opb.xz,43
OPT-LIN/normalized-PB10/leberre/opb-trendy/misc2010/random/rand.smallist/normalized-randcbf550.cudf.trendy.opb.xz,43
OPT-LIN/normalized-PB10/leberre/opb-trendy/misc2010/random/rand.smallist/normalized-randcef367.cudf.trendy.opb.xz,44
OPT-LIN/normalized-PB10/leberre/opb-trendy/misc2010/random/rand.smallist/normalized-randd6bc17.cudf.trendy.opb.xz,42
OPT-LIN/normalized-PB10/leberre/opb-trendy/misc2010/random/rand.smallist/normalized-randdd5509.cudf.trendy.opb.xz,44
OPT-LIN/normalized-PB10/leberre/opb-trendy/misc2010/random/rand.smallist/normalized-rande2165e.cudf.trendy.opb.xz,44
OPT-LIN/normalized-PB10/oliveras/j120opt/normalized-j12013_5.std.opb.xz,16
OPT-LIN/normalized-PB10/oliveras/j120opt/normalized-j12015_5.std.opb.xz,16
OPT-LIN/normalized-PB10/oliveras/j120opt/normalized-j12016_10.std.opb.xz,16
OPT-LIN/normalized-PB10/oliveras/j120opt/normalized-j12016_2.std.opb.xz,16
OPT-LIN/normalized-PB10/oliveras/j120opt/normalized-j12017_7.std.opb.xz,16
OPT-LIN/normalized-PB10/oliveras/j120opt/normalized-j12018_6.std.opb.xz,16
OPT-LIN/normalized-PB10/oliveras/j120opt/normalized-j12019_2.std.opb.xz,16
OPT-LIN/normalized-PB10/oliveras/j120opt/normalized-j12019_5.std.opb.xz,16
OPT-LIN/normalized-PB10/oliveras/j120opt/normalized-j1201_2.std.opb.xz,16
OPT-LIN/normalized-PB10/oliveras/j120opt/normalized-j12020_5.std.opb.xz,16
OPT-LIN/normalized-PB10/oliveras/j120opt/normalized-j12020_7.std.opb.xz,16
OPT-LIN/normalized-PB10/oliveras/j120opt/normalized-j12020_8.std.opb.xz,16
OPT-LIN/normalized-PB10/oliveras/j120opt/normalized-j12021_8.std.opb.xz,16
OPT-LIN/normalized-PB10/oliveras/j120opt/normalized-j12024_7.std.opb.xz,16
OPT-LIN/normalized-PB10/oliveras/j120opt/normalized-j12025_2.std.opb.xz,16
OPT-LIN/normalized-PB10/oliveras/j120opt/normalized-j12025_6.std.opb.xz,16
OPT-LIN/normalized-PB10/oliveras/j120opt/normalized-j12025_7.std.opb.xz,16
OPT-LIN/normalized-PB10/oliveras/j120opt/normalized-j12026_4.std.opb.xz,16
OPT-LIN/normalized-PB10/oliveras/j120opt/normalized-j12026_6.std.opb.xz,16
OPT-LIN/normalized-PB10/oliveras/j120opt/normalized-j1202_7.std.opb.xz,16
OPT-LIN/normalized-PB10/oliveras/j120opt/normalized-j12030_10.std.opb.xz,16
OPT-LIN/normalized-PB10/oliveras/j120opt/normalized-j12036_6.std.opb.xz,16
OPT-LIN/normalized-PB10/oliveras/j120opt/normalized-j12036_9.std.opb.xz,16
OPT-LIN/normalized-PB10/oliveras/j120opt/normalized-j12037_10.std.opb.xz,16
OPT-LIN/normalized-PB10/oliveras/j120opt/normalized-j12037_6.std.opb.xz,16
OPT-LIN/normalized-PB10/oliveras/j120opt/normalized-j12038_4.std.opb.xz,16
OPT-LIN/normalized-PB10/oliveras/j120opt/normalized-j12039_5.std.opb.xz,16
OPT-LIN/normalized-PB10/oliveras/j120opt/normalized-j12040_1.std.opb.xz,16
OPT-LIN/normalized-PB10/oliveras/j120opt/normalized-j12040_4.std.opb.xz,16
OPT-LIN/normalized-PB10/oliveras/j120opt/normalized-j12041_1.std.opb.xz,16
OPT-LIN/normalized-PB10/oliveras/j120opt/normalized-j12044_1.std.opb.xz,16
OPT-LIN/normalized-PB10/oliveras/j120opt/normalized-j12044_8.std.opb.xz,16
OPT-LIN/normalized-PB10/oliveras/j120opt/normalized-j12046_3.std.opb.xz,16
OPT-LIN/normalized-PB10/oliveras/j120opt/normalized-j12047_2.std.opb.xz,16
OPT-LIN/normalized-PB10/oliveras/j120opt/normalized-j12048_10.std.opb.xz,16
OPT-LIN/normalized-PB10/oliveras/j120opt/normalized-j12048_7.std.opb.xz,16
OPT-LIN/normalized-PB10/oliveras/j120opt/normalized-j12049_10.std.opb.xz,16
OPT-LIN/normalized-PB10/oliveras/j120opt/normalized-j1204_1.std.opb.xz,16
OPT-LIN/normalized-PB10/oliveras/j120opt/normalized-j1204_10.std.opb.xz,16
OPT-LIN/normalized-PB10/oliveras/j120opt/normalized-j12051_6.std.opb.xz,16
OPT-LIN/normalized-PB10/oliveras/j120opt/normalized-j12052_10.std.opb.xz,16
OPT-LIN/normalized-PB10/oliveras/j120opt/normalized-j12052_2.std.opb.xz,16
OPT-LIN/normalized-PB10/oliveras/j120opt/normalized-j12053_3.std.opb.xz,16
OPT-LIN/normalized-PB10/oliveras/j120opt/normalized-j12053_6.std.opb.xz,16
OPT-LIN/normalized-PB10/oliveras/j120opt/normalized-j12055_4.std.opb.xz,16
OPT-LIN/normalized-PB10/oliveras/j120opt/normalized-j12057_1.std.opb.xz,16
OPT-LIN/normalized-PB10/oliveras/j120opt/normalized-j12058_7.std.opb.xz,16
OPT-LIN/normalized-PB10/oliveras/j120opt/normalized-j1205_7.std.opb.xz,16
OPT-LIN/normalized-PB10/oliveras/j120opt/normalized-j12060_5.std.opb.xz,16
OPT-LIN/normalized-PB10/oliveras/j120opt/normalized-j12060_6.std.opb.xz,16
OPT-LIN/normalized-PB10/oliveras/j120opt/normalized-j1206_4.std.opb.xz,16
OPT-LIN/normalized-PB10/oliveras/j120opt/normalized-j1207_10.std.opb.xz,16
OPT-LIN/normalized-PB10/oliveras/j120opt/normalized-j1207_6.std.opb.xz,16
OPT-LIN/normalized-PB10/oliveras/j120opt/normalized-j1209_1.std.opb.xz,16
OPT-LIN/normalized-PB10/oliveras/j120opt/normalized-j1209_3.std.opb.xz,16
OPT-LIN/normalized-PB10/oliveras/j30opt/normalized-j3010_10.std.opb.xz,16
OPT-LIN/normalized-PB10/oliveras/j30opt/normalized-j3010_3.std.opb.xz,16
OPT-LIN/normalized-PB10/oliveras/j30opt/normalized-j3010_4.std.opb.xz,16
OPT-LIN/normalized-PB10/oliveras/j30opt/normalized-j3016_8.std.opb.xz,16
OPT-LIN/normalized-PB10/oliveras/j30opt/normalized-j301_8.std.opb.xz,16
OPT-LIN/normalized-PB10/oliveras/j30opt/normalized-j3020_9.std.opb.xz,16
OPT-LIN/normalized-PB10/oliveras/j30opt/normalized-j3021_10.std.opb.xz,16
OPT-LIN/normalized-PB10/oliveras/j30opt/normalized-j3024_7.std.opb.xz,16
OPT-LIN/normalized-PB10/oliveras/j30opt/normalized-j3027_1.std.opb.xz,16
OPT-LIN/normalized-PB10/oliveras/j30opt/normalized-j3028_7.std.opb.xz,16
OPT-LIN/normalized-PB10/oliveras/j30opt/normalized-j3028_8.std.opb.xz,16
OPT-LIN/normalized-PB10/oliveras/j30opt/normalized-j3029_1.std.opb.xz,16
OPT-LIN/normalized-PB10/oliveras/j30opt/normalized-j3030_10.std.opb.xz,16
OPT-LIN/normalized-PB10/oliveras/j30opt/normalized-j3032_2.std.opb.xz,16
OPT-LIN/normalized-PB10/oliveras/j30opt/normalized-j3034_9.std.opb.xz,16
OPT-LIN/normalized-PB10/oliveras/j30opt/normalized-j3037_10.std.opb.xz,16
OPT-LIN/normalized-PB10/oliveras/j30opt/normalized-j3039_1.std.opb.xz,16
OPT-LIN/normalized-PB10/oliveras/j30opt/normalized-j3039_5.std.opb.xz,16
OPT-LIN/normalized-PB10/oliveras/j30opt/normalized-j3040_5.std.opb.xz,16
OPT-LIN/normalized-PB10/oliveras/j30opt/normalized-j3044_1.std.opb.xz,16
OPT-LIN/normalized-PB10/oliveras/j30opt/normalized-j3045_1.std.opb.xz,16
OPT-LIN/normalized-PB10/oliveras/j30opt/normalized-j3046_5.std.opb.xz,16
OPT-LIN/normalized-PB10/oliveras/j30opt/normalized-j3047_1.std.opb.xz,16
OPT-LIN/normalized-PB10/oliveras/j30opt/normalized-j304_5.std.opb.xz,16
OPT-LIN/normalized-PB10/oliveras/j30opt/normalized-j305_3.std.opb.xz,16
OPT-LIN/normalized-PB10/oliveras/j30opt/normalized-j307_6.std.opb.xz,16
OPT-LIN/normalized-PB10/oliveras/j30opt/normalized-j308_4.std.opb.xz,16
OPT-LIN/normalized-PB10/oliveras/j30opt/normalized-j309_3.std.opb.xz,16
OPT-LIN/normalized-PB10/oliveras/j30opt/normalized-j309_7.std.opb.xz,16
OPT-LIN/normalized-PB10/oliveras/j60opt/normalized-j6012_3.std.opb.xz,16
OPT-LIN/normalized-PB10/oliveras/j60opt/normalized-j6012_9.std.opb.xz,16
OPT-LIN/normalized-PB10/oliveras/j60opt/normalized-j6013_4.std.opb.xz,16
OPT-LIN/normalized-PB10/oliveras/j60opt/normalized-j6019_2.std.opb.xz,16
OPT-LIN/normalized-PB10/oliveras/j60opt/normalized-j6020_6.std.opb.xz,16
OPT-LIN/normalized-PB10/oliveras/j60opt/normalized-j6021_5.std.opb.xz,16
OPT-LIN/normalized-PB10/oliveras/j60opt/normalized-j6026_2.std.opb.xz,16
OPT-LIN/normalized-PB10/oliveras/j60opt/normalized-j6027_6.std.opb.xz,16
OPT-LIN/normalized-PB10/oliveras/j60opt/normalized-j6029_8.std.opb.xz,16
OPT-LIN/normalized-PB10/oliveras/j60opt/normalized-j602_4.std.opb.xz,16
OPT-LIN/normalized-PB10/oliveras/j60opt/normalized-j6030_8.std.opb.xz,16
OPT-LIN/normalized-PB10/oliveras/j60opt/normalized-j6031_6.std.opb.xz,16
OPT-LIN/normalized-PB10/oliveras/j60opt/normalized-j6035_5.std.opb.xz,16
OPT-LIN/normalized-PB10/oliveras/j60opt/normalized-j6039_5.std.opb.xz,16
OPT-LIN/normalized-PB10/oliveras/j60opt/normalized-j603_6.std.opb.xz,16
OPT-LIN/normalized-PB10/oliveras/j60opt/normalized-j603_9.std.opb.xz,16
OPT-LIN/normalized-PB10/oliveras/j60opt/normalized-j6043_1.std.opb.xz,16
OPT-LIN/normalized-PB10/oliveras/j60opt/normalized-j6044_1.std.opb.xz,16
OPT-LIN/normalized-PB10/oliveras/j60opt/normalized-j6046_1.std.opb.xz,16
OPT-LIN/normalized-PB10/oliveras/j60opt/normalized-j605_7.std.opb.xz,16
OPT-LIN/normalized-PB10/oliveras/j60opt/normalized-j606_1.std.opb.xz,16
OPT-LIN/normalized-PB10/oliveras/j60opt/normalized-j607_3.std.opb.xz,16
OPT-LIN/normalized-PB10/oliveras/j60opt/normalized-j609_6.std.opb.xz,16
OPT-LIN/normalized-PB10/oliveras/j90opt/normalized-j9010_6.std.opb.xz,16
OPT-LIN/normalized-PB10/oliveras/j90opt/normalized-j9013_1.std.opb.xz,16
OPT-LIN/normalized-PB10/oliveras/j90opt/normalized-j9013_9.std.opb.xz,16
OPT-LIN/normalized-PB10/oliveras/j90opt/normalized-j9014_2.std.opb.xz,16
OPT-LIN/normalized-PB10/oliveras/j90opt/normalized-j9016_1.std.opb.xz,16
OPT-LIN/normalized-PB10/oliveras/j90opt/normalized-j9017_9.std.opb.xz,16
OPT-LIN/normalized-PB10/oliveras/j90opt/normalized-j9019_6.std.opb.xz,16
OPT-LIN/normalized-PB10/oliveras/j90opt/normalized-j901_1.std.opb.xz,16
OPT-LIN/normalized-PB10/oliveras/j90opt/normalized-j9020_8.std.opb.xz,16
OPT-LIN/normalized-PB10/oliveras/j90opt/normalized-j9021_5.std.opb.xz,16
OPT-LIN/normalized-PB10/oliveras/j90opt/normalized-j9022_8.std.opb.xz,16
OPT-LIN/normalized-PB10/oliveras/j90opt/normalized-j9023_3.std.opb.xz,16
OPT-LIN/normalized-PB10/oliveras/j90opt/normalized-j9024_9.std.opb.xz,16
OPT-LIN/normalized-PB10/oliveras/j90opt/normalized-j9025_10.std.opb.xz,16
OPT-LIN/normalized-PB10/oliveras/j90opt/normalized-j9025_7.std.opb.xz,16
OPT-LIN/normalized-PB10/oliveras/j90opt/normalized-j9027_5.std.opb.xz,16
OPT-LIN/normalized-PB10/oliveras/j90opt/normalized-j9027_6.std.opb.xz,16
OPT-LIN/normalized-PB10/oliveras/j90opt/normalized-j902_10.std.opb.xz,16
OPT-LIN/normalized-PB10/oliveras/j90opt/normalized-j902_3.std.opb.xz,16
OPT-LIN/normalized-PB10/oliveras/j90opt/normalized-j9031_6.std.opb.xz,16
OPT-LIN/normalized-PB10/oliveras/j90opt/normalized-j9033_3.std.opb.xz,16
OPT-LIN/normalized-PB10/oliveras/j90opt/normalized-j9036_4.std.opb.xz,16
OPT-LIN/normalized-PB10/oliveras/j90opt/normalized-j9038_2.std.opb.xz,16
OPT-LIN/normalized-PB10/oliveras/j90opt/normalized-j9038_7.std.opb.xz,16
OPT-LIN/normalized-PB10/oliveras/j90opt/normalized-j9039_4.std.opb.xz,16
OPT-LIN/normalized-PB10/oliveras/j90opt/normalized-j9041_1.std.opb.xz,16
OPT-LIN/normalized-PB10/oliveras/j90opt/normalized-j9043_10.std.opb.xz,16
OPT-LIN/normalized-PB10/oliveras/j90opt/normalized-j9043_5.std.opb.xz,16
OPT-LIN/normalized-PB10/oliveras/j90opt/normalized-j9044_5.std.opb.xz,16
OPT-LIN/normalized-PB10/oliveras/j90opt/normalized-j9045_2.std.opb.xz,16
OPT-LIN/normalized-PB10/oliveras/j90opt/normalized-j907_10.std.opb.xz,16
OPT-LIN/normalized-PB10/oliveras/j90opt/normalized-j909_4.std.opb.xz,16
OPT-LIN/normalized-PB11/heinz/normalized-222__neos-1330346.opb.xz,6
OPT-LIN/normalized-PB11/heinz/normalized-acc-tight4.opb.xz,5
OPT-LIN/normalized-PB11/heinz/normalized-acc-tight6.opb.xz,5
OPT-LIN/normalized-PB11/heinz/normalized-air04.opb.xz,23
OPT-LIN/normalized-PB11/heinz/normalized-ash608gpia-3col.opb.xz,3
OPT-LIN/normalized-PB11/heinz/normalized-bley_xl1.opb.xz,21
OPT-LIN/normalized-PB11/heinz/normalized-bnatt350.opb.xz,12
OPT-LIN/normalized-PB11/heinz/normalized-bnatt400.opb.xz,12
OPT-LIN/normalized-PB11/heinz/normalized-co-100.opb.xz,37
OPT-LIN/normalized-PB11/heinz/normalized-datt256.opb.xz,19
OPT-LIN/normalized-PB11/heinz/normalized-ds-big.opb.xz,60
OPT-LIN/normalized-PB11/heinz/normalized-ex1010-pi.opb.xz,15
OPT-LIN/normalized-PB11/heinz/normalized-ex9.opb.xz,14
OPT-LIN/normalized-PB11/heinz/normalized-f2000.opb.xz,12
OPT-LIN/normalized-PB11/heinz/normalized-go19.opb.xz,9
OPT-LIN/normalized-PB11/heinz/normalized-hanoi5.opb.xz,12
OPT-LIN/normalized-PB11/heinz/normalized-harp2.opb.xz,36
OPT-LIN/normalized-PB11/heinz/normalized-iis-bupa-cov.opb.xz,9
OPT-LIN/normalized-PB11/heinz/normalized-iis-pima-cov.opb.xz,10
OPT-LIN/normalized-PB11/heinz/normalized-macrophage.opb.xz,11
OPT-LIN/normalized-PB11/heinz/normalized-methanosarcina.opb.xz,13
OPT-LIN/normalized-PB11/heinz/normalized-mspp16.opb.xz,12
OPT-LIN/normalized-PB11/heinz/normalized-n3div36.opb.xz,22
OPT-LIN/normalized-PB11/heinz/normalized-n3seq24.opb.xz,24
OPT-LIN/normalized-PB11/heinz/normalized-neos-1109824.opb.xz,16
OPT-LIN/normalized-PB11/heinz/normalized-neos-1440225.opb.xz,11
OPT-LIN/normalized-PB11/heinz/normalized-neos-1616732.opb.xz,8
OPT-LIN/normalized-PB11/heinz/normalized-neos-506428.opb.xz,5
OPT-LIN/normalized-PB11/heinz/normalized-neos-538867.opb.xz,15
OPT-LIN/normalized-PB11/heinz/normalized-neos-544324.opb.xz,14
OPT-LIN/normalized-PB11/heinz/normalized-neos-547911.opb.xz,12
OPT-LIN/normalized-PB11/heinz/normalized-neos-631710.opb.xz,10
OPT-LIN/normalized-PB11/heinz/normalized-neos-777800.opb.xz,13
OPT-LIN/normalized-PB11/heinz/normalized-neos-785912.opb.xz,11
OPT-LIN/normalized-PB11/heinz/normalized-neos-807456.opb.xz,11
OPT-LIN/normalized-PB11/heinz/normalized-neos-859770.opb.xz,15
OPT-LIN/normalized-PB11/heinz/normalized-neos-941313.opb.xz,24
OPT-LIN/normalized-PB11/heinz/normalized-neos18.opb.xz,8
OPT-LIN/normalized-PB11/heinz/normalized-neos788725.opb.xz,7
OPT-LIN/normalized-PB11/heinz/normalized-netdiversion.opb.xz,25
OPT-LIN/normalized-PB11/heinz/normalized-ns1663818.opb.xz,22
OPT-LIN/normalized-PB11/heinz/normalized-ns1685374.opb.xz,31
OPT-LIN/normalized-PB11/heinz/normalized-ns1696083.opb.xz,15
OPT-LIN/normalized-PB11/heinz/normalized-ns1745726.opb.xz,14
OPT-LIN/normalized-PB11/heinz/normalized-ns1853823.opb.xz,12
OPT-LIN/normalized-PB11/heinz/normalized-ns894244.opb.xz,8
OPT-LIN/normalized-PB11/heinz/normalized-ns894788.opb.xz,7
OPT-LIN/normalized-PB11/heinz/normalized-opm2-z10-s2.opb.xz,24
OPT-LIN/normalized-PB11/heinz/normalized-opm2-z11-s8.opb.xz,25
OPT-LIN/normalized-PB11/heinz/normalized-opm2-z12-s14.opb.xz,25
OPT-LIN/normalized-PB11/heinz/normalized-opm2-z12-s7.opb.xz,25
OPT-LIN/normalized-PB11/heinz/normalized-opm2-z7-s2.opb.xz,23
OPT-LIN/normalized-PB11/heinz/normalized-opm2-z9-s14.opb.xz,24
OPT-LIN/normalized-PB11/heinz/normalized-p6b.opb.xz,9
OPT-LIN/normalized-PB11/heinz/normalized-pb-simp-nonunif.opb.xz,9
OPT-LIN/normalized-PB11/heinz/normalized-protfold.opb.xz,10
OPT-LIN/normalized-PB11/heinz/normalized-queens-30.opb.xz,10
OPT-LIN/normalized-PB11/heinz/normalized-seymour.opb.xz,11
OPT-LIN/normalized-PB11/heinz/normalized-stp3d.opb.xz,33
OPT-LIN/normalized-PB11/heinz/normalized-t1717.opb.xz,28
OPT-LIN/normalized-PB11/heinz/normalized-t1722.opb.xz,27
OPT-LIN/normalized-PB11/heinz/normalized-tanglegram1.opb.xz,16
OPT-LIN/normalized-PB11/heinz/normalized-tanglegram3.opb.xz,17
OPT-LIN/normalized-PB11/heinz/normalized-toll-like.opb.xz,12
OPT-LIN/normalized-PB11/heinz/normalized-wnq-n100-mw99-14.opb.xz,19
OPT-LIN/normalized-PB11/heinz/normalized-zib01.opb.xz,24
OPT-LIN/normalized-PB11/kullmann/normalized-mul_8_11_shg.opb.xz,14
OPT-LIN/normalized-PB11/kullmann/normalized-mul_8_13_shg.opb.xz,14
OPT-LIN/normalized-PB11/kullmann/normalized-mul_8_14_shg.opb.xz,14
OPT-LIN/normalized-PB11/kullmann/normalized-mul_8_3_shg.opb.xz,13
OPT-LIN/normalized-PB11/kullmann/normalized-mul_8_9_shg.opb.xz,13
OPT-LIN/normalized-PB11/kullmann/normalized-sbox_4_shg.opb.xz,8
OPT-LIN/normalized-PB11/kullmann/normalized-sbox_8_shg.opb.xz,18
OPT-LIN/normalized-PB12/graca/normalized-ped2.B.recomb1-0.01-1.opb.xz,20
OPT-LIN/normalized-PB12/graca/normalized-ped2.B.recomb1-0.01-2.opb.xz,20
OPT-LIN/normalized-PB12/graca/normalized-ped2.B.recomb1-0.01-3.opb.xz,20
OPT-LIN/normalized-PB12/graca/normalized-ped2.B.recomb1-0.01-4.opb.xz,20
OPT-LIN/normalized-PB12/graca/normalized-ped2.B.recomb1-0.01-5.opb.xz,20
OPT-LIN/normalized-PB12/graca/normalized-ped2.B.recomb1-0.10-10.opb.xz,20
OPT-LIN/normalized-PB12/graca/normalized-ped2.B.recomb1-0.10-6.opb.xz,20
OPT-LIN/normalized-PB12/graca/normalized-ped2.B.recomb1-0.10-7.opb.xz,20
OPT-LIN/normalized-PB12/graca/normalized-ped2.B.recomb1-0.10-8.opb.xz,20
OPT-LIN/normalized-PB12/graca/normalized-ped2.B.recomb1-0.10-9.opb.xz,20
OPT-LIN/normalized-PB12/graca/normalized-ped2.B.recomb1-0.20-11.opb.xz,20
OPT-LIN/normalized-PB12/graca/normalized-ped2.B.recomb1-0.20-12.opb.xz,20
OPT-LIN/normalized-PB12/graca/normalized-ped2.B.recomb1-0.20-13.opb.xz,20
OPT-LIN/normalized-PB12/graca/normalized-ped2.B.recomb1-0.20-14.opb.xz,20
OPT-LIN/normalized-PB12/graca/normalized-ped2.B.recomb1-0.20-15.opb.xz,20
OPT-LIN/normalized-PB12/graca/normalized-ped2.G.recomb1-0.01-2.opb.xz,24
OPT-LIN/normalized-PB12/graca/normalized-ped2.G.recomb1-0.10-8.opb.xz,24
OPT-LIN/normalized-PB12/graca/normalized-ped2.G.recomb1-0.20-13.opb.xz,24
OPT-LIN/normalized-PB12/graca/normalized-ped2.G.recomb1-0.20-15.opb.xz,24
OPT-LIN/normalized-PB12/graca/normalized-ped2.G.recomb10-0.01-2.opb.xz,24
OPT-LIN/normalized-PB12/graca/normalized-ped2.G.recomb10-0.01-4.opb.xz,24
OPT-LIN/normalized-PB12/graca/normalized-ped2.G.recomb10-0.01-5.opb.xz,24
OPT-LIN/normalized-PB12/graca/normalized-ped2.G.recomb10-0.10-10.opb.xz,24
OPT-LIN/normalized-PB12/graca/normalized-ped2.G.recomb10-0.10-7.opb.xz,24
OPT-LIN/normalized-PB12/graca/normalized-ped2.G.recomb10-0.20-11.opb.xz,24
OPT-LIN/normalized-PB12/graca/normalized-ped2.G.recomb10-0.20-13.opb.xz,24
OPT-LIN/normalized-PB12/graca/normalized-ped2.G.recomb10-0.20-14.opb.xz,24
OPT-LIN/normalized-PB12/graca/normalized-ped2.G.recomb5-0.01-1.opb.xz,24
OPT-LIN/normalized-PB12/graca/normalized-ped2.G.recomb5-0.01-2.opb.xz,24
OPT-LIN/normalized-PB12/graca/normalized-ped2.G.recomb5-0.01-5.opb.xz,24
OPT-LIN/normalized-PB12/graca/normalized-ped2.G.recomb5-0.10-10.opb.xz,24
OPT-LIN/normalized-PB12/graca/normalized-ped2.G.recomb5-0.10-7.opb.xz,24
OPT-LIN/normalized-PB12/graca/normalized-ped2.G.recomb5-0.10-8.opb.xz,24
OPT-LIN/normalized-PB12/graca/normalized-ped2.G.recomb5-0.10-9.opb.xz,24
OPT-LIN/normalized-PB12/graca/normalized-ped3.D.recomb10-0.20-11.opb.xz,20
OPT-LIN/normalized-PB12/graca/normalized-ped3.D.recomb10-0.20-12.opb.xz,20
OPT-LIN/normalized-PB12/graca/normalized-ped3.D.recomb10-0.20-13.opb.xz,20
OPT-LIN/normalized-PB12/graca/normalized-ped3.D.recomb10-0.20-14.opb.xz,20
OPT-LIN/normalized-PB12/graca/normalized-ped3.D.recomb10-0.20-15.opb.xz,20
OPT-LIN/normalized-PB12/graca/normalized-ped3.E.recomb10-0.20-11.opb.xz,21
OPT-LIN/normalized-PB12/graca/normalized-ped3.E.recomb10-0.20-14.opb.xz,21
OPT-LIN/normalized-PB12/graca/normalized-ped3.F.recomb10-0.01-1.opb.xz,21
OPT-LIN/normalized-PB12/graca/normalized-ped3.F.recomb10-0.10-10.opb.xz,21
OPT-LIN/normalized-PB12/graca/normalized-ped3.F.recomb10-0.10-7.opb.xz,21
OPT-LIN/normalized-PB12/graca/normalized-ped3.F.recomb10-0.10-9.opb.xz,21
OPT-LIN/normalized-PB12/graca/normalized-ped3.F.recomb10-0.20-12.opb.xz,21
OPT-LIN/normalized-PB12/graca/normalized-ped3.G.recomb10-0.01-2.opb.xz,22
OPT-LIN/normalized-PB12/graca/normalized-ped3.G.recomb10-0.10-10.opb.xz,22
OPT-LIN/normalized-PB12/graca/normalized-ped3.G.recomb10-0.20-12.opb.xz,22
OPT-LIN/normalized-PB12/graca/normalized-ped3.G.recomb10-0.20-13.opb.xz,22
OPT-LIN/normalized-PB12/sroussel/BA/normalized-BA_RDC4.dot_fibo_0null0mast_rapportOE1.0_TMAX120_K67_cod3.opb.xz,25
OPT-LIN/normalized-PB12/sroussel/BA/normalized-BA_RDC4.dot_fibo_0null0mast_rapportOE1.0_TMAX180_K67_cod3.opb.xz,25
OPT-LIN/normalized-PB12/sroussel/BA/normalized-BA_RDC4.dot_fibo_0null0mast_rapportOE1.0_TMAX300_K67_cod1.opb.xz,25
OPT-LIN/normalized-PB12/sroussel/BA/normalized-BA_RDC4.dot_fibo_0null0mast_rapportOE2.0_TMAX180_K67_cod2.opb.xz,19
OPT-LIN/normalized-PB12/sroussel/BA/normalized-BA_RDC4.dot_fibo_0null20mast_rapportOE2.0_TMAX120_K67_cod2.opb.xz,21
OPT-LIN/normalized-PB12/sroussel/BA/normalized-BA_RDC4.dot_fibo_0null50mast_rapportOE1.0_TMAX300_K67_cod3.opb.xz,28
OPT-LIN/normalized-PB12/sroussel/BA/normalized-BA_RDC4.dot_fibo_10null10mast_rapportOE1.0_TMAX120_K67_cod2.opb.xz,20
OPT-LIN/normalized-PB12/sroussel/BA/normalized-BA_RDC4.dot_fibo_10null10mast_rapportOE1.0_TMAX300_K67_cod3.opb.xz,26
OPT-LIN/normalized-PB12/sroussel/BA/normalized-BA_RDC4.dot_fibo_10null50mast_rapportOE1.0_TMAX120_K67_cod3.opb.xz,28
OPT-LIN/normalized-PB12/sroussel/BA/normalized-BA_RDC4.dot_fibo_20null0mast_rapportOE1.0_TMAX180_K67_cod2.opb.xz,19
OPT-LIN/normalized-PB12/sroussel/BA/normalized-BA_RDC4.dot_fibo_20null0mast_rapportOE2.0_TMAX15_K67_cod1.opb.xz,25
OPT-LIN/normalized-PB12/sroussel/BA/normalized-BA_RDC4.dot_fibo_20null10mast_rapportOE1.0_TMAX120_K67_cod1.opb.xz,26
OPT-LIN/normalized-PB12/sroussel/BA/normalized-BA_RDC4.dot_fibo_20null10mast_rapportOE2.0_TMAX15_K67_cod2.opb.xz,20
OPT-LIN/normalized-PB12/sroussel/BA/normalized-BA_RDC4.dot_fibo_20null50mast_rapportOE2.0_TMAX60_K67_cod2.opb.xz,22
OPT-LIN/normalized-PB12/sroussel/BA/normalized-BA_RDC4.dot_fibo_50null0mast_rapportOE1.0_TMAX120_K67_cod2.opb.xz,18
OPT-LIN/normalized-PB12/sroussel/BA/normalized-BA_RDC4.dot_fibo_50null10mast_rapportOE1.0_TMAX15_K67_cod3.opb.xz,26
OPT-LIN/normalized-PB12/sroussel/BA/normalized-BA_RDC4.dot_fibo_50null10mast_rapportOE2.0_TMAX300_K67_cod3.opb.xz,26
OPT-LIN/normalized-PB12/sroussel/BA/normalized-BA_RDC4.dot_fibo_50null10mast_rapportOE2.0_TMAX60_K67_cod1.opb.xz,26
OPT-LIN/normalized-PB12/sroussel/BA/normalized-BA_RDC4.dot_fibo_50null20mast_rapportOE1.0_TMAX15_K67_cod2.opb.xz,21
OPT-LIN/normalized-PB12/sroussel/BA/normalized-BA_RDC4.dot_fibo_50null20mast_rapportOE2.0_TMAX60_K67_cod1.opb.xz,27
OPT-LIN/normalized-PB12/sroussel/BA/normalized-BA_RDC4.dot_fibo_50null50mast_rapportOE2.0_TMAX15_K67_cod2.opb.xz,14
OPT-LIN/normalized-PB12/sroussel/BA/normalized-BA_RDC4.dot_luby_0null0mast_rapportOE1.0_TMAX15_K67_cod1.opb.xz,17
OPT-LIN/normalized-PB12/sroussel/BA/normalized-BA_RDC4.dot_luby_0null0mast_rapportOE2.0_TMAX120_K67_cod1.opb.xz,18
OPT-LIN/normalized-PB12/sroussel/BA/normalized-BA_RDC4.dot_luby_0null10mast_rapportOE1.0_TMAX120_K67_cod3.opb.xz,20
OPT-LIN/normalized-PB12/sroussel/BA/normalized-BA_RDC4.dot_luby_0null20mast_rapportOE2.0_TMAX120_K67_cod2.opb.xz,15
OPT-LIN/normalized-PB12/sroussel/BA/normalized-BA_RDC4.dot_luby_0null20mast_rapportOE2.0_TMAX300_K67_cod2.opb.xz,15
OPT-LIN/normalized-PB12/sroussel/BA/normalized-BA_RDC4.dot_luby_0null50mast_rapportOE1.0_TMAX180_K67_cod1.opb.xz,22
OPT-LIN/normalized-PB12/sroussel/BA/normalized-BA_RDC4.dot_luby_10null0mast_rapportOE1.0_TMAX120_K67_cod1.opb.xz,17
OPT-LIN/normalized-PB12/sroussel/BA/normalized-BA_RDC4.dot_luby_10null0mast_rapportOE1.0_TMAX60_K67_cod1.opb.xz,17
OPT-LIN/normalized-PB12/sroussel/BA/normalized-BA_RDC4.dot_luby_10null0mast_rapportOE2.0_TMAX60_K67_cod1.opb.xz,18
OPT-LIN/normalized-PB12/sroussel/BA/normalized-BA_RDC4.dot_luby_10null10mast_rapportOE2.0_TMAX120_K67_cod1.opb.xz,20
OPT-LIN/normalized-PB12/sroussel/BA/normalized-BA_RDC4.dot_luby_10null10mast_rapportOE2.0_TMAX15_K67_cod1.opb.xz,20
OPT-LIN/normalized-PB12/sroussel/BA/normalized-BA_RDC4.dot_luby_10null10mast_rapportOE2.0_TMAX60_K67_cod3.opb.xz,20
OPT-LIN/normalized-PB12/sroussel/BA/normalized-BA_RDC4.dot_luby_10null20mast_rapportOE2.0_TMAX300_K67_cod3.opb.xz,21
OPT-LIN/normalized-PB12/sroussel/BA/normalized-BA_RDC4.dot_luby_10null50mast_rapportOE1.0_TMAX120_K67_cod1.opb.xz,22
OPT-LIN/normalized-PB12/sroussel/BA/normalized-BA_RDC4.dot_luby_20null0mast_rapportOE1.0_TMAX60_K67_cod2.opb.xz,14
OPT-LIN/normalized-PB12/sroussel/BA/normalized-BA_RDC4.dot_luby_20null0mast_rapportOE2.0_TMAX180_K67_cod1.opb.xz,18
OPT-LIN/normalized-PB12/sroussel/BA/normalized-BA_RDC4.dot_luby_20null0mast_rapportOE2.0_TMAX300_K67_cod2.opb.xz,14
OPT-LIN/normalized-PB12/sroussel/BA/normalized-BA_RDC4.dot_luby_20null10mast_rapportOE1.0_TMAX180_K67_cod1.opb.xz,20
OPT-LIN/normalized-PB12/sroussel/BA/normalized-BA_RDC4.dot_luby_20null10mast_rapportOE1.0_TMAX60_K67_cod3.opb.xz,20
OPT-LIN/normalized-PB12/sroussel/BA/normalized-BA_RDC4.dot_luby_20null50mast_rapportOE1.0_TMAX15_K67_cod1.opb.xz,22
OPT-LIN/normalized-PB12/sroussel/BA/normalized-BA_RDC4.dot_luby_50null0mast_rapportOE1.0_TMAX300_K67_cod2.opb.xz,14
OPT-LIN/normalized-PB12/sroussel/BA/normalized-BA_RDC4.dot_luby_50null20mast_rapportOE1.0_TMAX180_K67_cod3.opb.xz,21
OPT-LIN/normalized-PB12/sroussel/BA/normalized-BA_RDC4.dot_luby_50null20mast_rapportOE2.0_TMAX120_K67_cod1.opb.xz,21
OPT-LIN/normalized-PB12/sroussel/BA/normalized-BA_RDC4.dot_luby_50null50mast_rapportOE1.0_TMAX300_K67_cod1.opb.xz,17
OPT-LIN/normalized-PB12/sroussel/BA/normalized-BA_RDC4.dot_luby_50null50mast_rapportOE2.0_TMAX120_K67_cod2.opb.xz,14
OPT-LIN/normalized-PB12/sroussel/BA/normalized-BA_RDC4.dot_unif_0null50mast_rapportOE2.0_TMAX15_K67_cod1.opb.xz,25
OPT-LIN/normalized-PB12/sroussel/BA/normalized-BA_RDC4.dot_unif_10null10mast_rapportOE1.0_TMAX60_K67_cod2.opb.xz,18
OPT-LIN/normalized-PB12/sroussel/BA/normalized-BA_RDC4.dot_unif_10null50mast_rapportOE2.0_TMAX120_K67_cod3.opb.xz,25
OPT-LIN/normalized-PB12/sroussel/BA/normalized-BA_RDC4.dot_unif_20null0mast_rapportOE1.0_TMAX180_K67_cod1.opb.xz,24
OPT-LIN/normalized-PB12/sroussel/BA/normalized-BA_RDC4.dot_unif_20null0mast_rapportOE1.0_TMAX180_K67_cod2.opb.xz,18
OPT-LIN/normalized-PB12/sroussel/BA/normalized-BA_RDC4.dot_unif_20null10mast_rapportOE1.0_TMAX60_K67_cod1.opb.xz,24
OPT-LIN/normalized-PB12/sroussel/BA/normalized-BA_RDC4.dot_unif_20null10mast_rapportOE2.0_TMAX180_K67_cod2.opb.xz,18
OPT-LIN/normalized-PB12/sroussel/BA/normalized-BA_RDC4.dot_unif_20null10mast_rapportOE2.0_TMAX60_K67_cod1.opb.xz,24
OPT-LIN/normalized-PB12/sroussel/BA/normalized-BA_RDC4.dot_unif_20null10mast_rapportOE2.0_TMAX60_K67_cod3.opb.xz,24
OPT-LIN/normalized-PB12/sroussel/BA/normalized-BA_RDC4.dot_unif_20null20mast_rapportOE1.0_TMAX120_K67_cod1.opb.xz,24
OPT-LIN/normalized-PB12/sroussel/BA/normalized-BA_RDC4.dot_unif_20null50mast_rapportOE1.0_TMAX15_K67_cod3.opb.xz,25
OPT-LIN/normalized-PB12/sroussel/BA/normalized-BA_RDC4.dot_unif_50null0mast_rapportOE1.0_TMAX180_K67_cod2.opb.xz,18
OPT-LIN/normalized-PB12/sroussel/BA/normalized-BA_RDC4.dot_unif_50null0mast_rapportOE1.0_TMAX300_K67_cod1.opb.xz,23
OPT-LIN/normalized-PB12/sroussel/BA/normalized-BA_RDC4.dot_unif_50null50mast_rapportOE2.0_TMAX15_K67_cod1.opb.xz,18
OPT-LIN/normalized-PB12/sroussel/NG/normalized-NG.dot_fibo_0null0mast_rapportOE2.0_TMAX15_K192_cod2.opb.xz,21
OPT-LIN/normalized-PB12/sroussel/NG/normalized-NG.dot_fibo_0null10mast_rapportOE1.0_TMAX180_K192_cod1.opb.xz,30
OPT-LIN/normalized-PB12/sroussel/NG/normalized-NG.dot_fibo_10null0mast_rapportOE1.0_TMAX180_K192_cod1.opb.xz,29
OPT-LIN/normalized-PB12/sroussel/NG/normalized-NG.dot_fibo_10null10mast_rapportOE1.0_TMAX15_K192_cod1.opb.xz,30
OPT-LIN/normalized-PB12/sroussel/NG/normalized-NG.dot_fibo_10null10mast_rapportOE1.0_TMAX300_K192_cod1.opb.xz,30
OPT-LIN/normalized-PB12/sroussel/NG/normalized-NG.dot_fibo_10null10mast_rapportOE2.0_TMAX15_K192_cod1.opb.xz,30
OPT-LIN/normalized-PB12/sroussel/NG/normalized-NG.dot_fibo_20null20mast_rapportOE2.0_TMAX120_K192_cod1.opb.xz,30
OPT-LIN/normalized-PB12/sroussel/NG/normalized-NG.dot_fibo_20null50mast_rapportOE1.0_TMAX300_K192_cod2.opb.xz,24
OPT-LIN/normalized-PB12/sroussel/NG/normalized-NG.dot_fibo_20null50mast_rapportOE1.0_TMAX60_K192_cod1.opb.xz,31
OPT-LIN/normalized-PB12/sroussel/NG/normalized-NG.dot_fibo_50null0mast_rapportOE2.0_TMAX120_K192_cod2.opb.xz,20
OPT-LIN/normalized-PB12/sroussel/NG/normalized-NG.dot_fibo_50null10mast_rapportOE2.0_TMAX15_K192_cod2.opb.xz,22
OPT-LIN/normalized-PB12/sroussel/NG/normalized-NG.dot_fibo_50null10mast_rapportOE2.0_TMAX180_K192_cod1.opb.xz,29
OPT-LIN/normalized-PB12/sroussel/NG/normalized-NG.dot_fibo_50null20mast_rapportOE2.0_TMAX15_K192_cod2.opb.xz,23
OPT-LIN/normalized-PB12/sroussel/NG/normalized-NG.dot_fibo_50null50mast_rapportOE2.0_TMAX120_K192_cod2.opb.xz,20
OPT-LIN/normalized-PB12/sroussel/NG/normalized-NG.dot_luby_0null10mast_rapportOE1.0_TMAX300_K192_cod1.opb.xz,26
OPT-LIN/normalized-PB12/sroussel/NG/normalized-NG.dot_luby_10null0mast_rapportOE1.0_TMAX60_K192_cod2.opb.xz,16
OPT-LIN/normalized-PB12/sroussel/NG/normalized-NG.dot_luby_10null10mast_rapportOE1.0_TMAX15_K192_cod2.opb.xz,18
OPT-LIN/normalized-PB12/sroussel/NG/normalized-NG.dot_luby_10null10mast_rapportOE1.0_TMAX300_K192_cod2.opb.xz,18
OPT-LIN/normalized-PB12/sroussel/NG/normalized-NG.dot_luby_10null10mast_rapportOE1.0_TMAX60_K192_cod1.opb.xz,26
OPT-LIN/normalized-PB12/sroussel/NG/normalized-NG.dot_luby_10null10mast_rapportOE2.0_TMAX15_K192_cod1.opb.xz,26
OPT-LIN/normalized-PB12/sroussel/NG/normalized-NG.dot_luby_10null10mast_rapportOE2.0_TMAX180_K192_cod2.opb.xz,18
OPT-LIN/normalized-PB12/sroussel/NG/normalized-NG.dot_luby_10null10mast_rapportOE2.0_TMAX60_K192_cod1.opb.xz,26
OPT-LIN/normalized-PB12/sroussel/NG/normalized-NG.dot_luby_10null20mast_rapportOE1.0_TMAX180_K192_cod2.opb.xz,19
OPT-LIN/normalized-PB12/sroussel/NG/normalized-NG.dot_luby_10null20mast_rapportOE1.0_TMAX300_K192_cod2.opb.xz,19
OPT-LIN/normalized-PB12/sroussel/NG/normalized-NG.dot_luby_10null20mast_rapportOE1.0_TMAX60_K192_cod2.opb.xz,19
OPT-LIN/normalized-PB12/sroussel/NG/normalized-NG.dot_luby_10null50mast_rapportOE2.0_TMAX60_K192_cod1.opb.xz,28
OPT-LIN/normalized-PB12/sroussel/NG/normalized-NG.dot_luby_20null0mast_rapportOE2.0_TMAX300_K192_cod2.opb.xz,17
OPT-LIN/normalized-PB12/sroussel/NG/normalized-NG.dot_luby_20null10mast_rapportOE1.0_TMAX180_K192_cod2.opb.xz,18
OPT-LIN/normalized-PB12/sroussel/NG/normalized-NG.dot_luby_20null20mast_rapportOE1.0_TMAX300_K192_cod1.opb.xz,27
OPT-LIN/normalized-PB12/sroussel/NG/normalized-NG.dot_luby_20null20mast_rapportOE2.0_TMAX120_K192_cod1.opb.xz,27
OPT-LIN/normalized-PB12/sroussel/NG/normalized-NG.dot_luby_20null20mast_rapportOE2.0_TMAX300_K192_cod1.opb.xz,27
OPT-LIN/normalized-PB12/sroussel/NG/normalized-NG.dot_luby_20null50mast_rapportOE1.0_TMAX15_K192_cod2.opb.xz,20
OPT-LIN/normalized-PB12/sroussel/NG/normalized-NG.dot_luby_50null0mast_rapportOE1.0_TMAX15_K192_cod2.opb.xz,16
OPT-LIN/normalized-PB12/sroussel/NG/normalized-NG.dot_luby_50null20mast_rapportOE1.0_TMAX180_K192_cod1.opb.xz,27
OPT-LIN/normalized-PB12/sroussel/NG/normalized-NG.dot_luby_50null20mast_rapportOE2.0_TMAX60_K192_cod2.opb.xz,19
OPT-LIN/normalized-PB12/sroussel/NG/normalized-NG.dot_luby_50null50mast_rapportOE1.0_TMAX180_K192_cod2.opb.xz,20
OPT-LIN/normalized-PB12/sroussel/NG/normalized-NG.dot_luby_50null50mast_rapportOE1.0_TMAX300_K192_cod2.opb.xz,16
OPT-LIN/normalized-PB12/sroussel/NG/normalized-NG.dot_luby_50null50mast_rapportOE2.0_TMAX120_K192_cod2.opb.xz,20
OPT-LIN/normalized-PB12/sroussel/NG/normalized-NG.dot_luby_50null50mast_rapportOE2.0_TMAX300_K192_cod1.opb.xz,28
OPT-LIN/normalized-PB12/sroussel/NG/normalized-NG.dot_unif_0null10mast_rapportOE1.0_TMAX60_K192_cod2.opb.xz,20
OPT-LIN/normalized-PB12/sroussel/NG/normalized-NG.dot_unif_0null20mast_rapportOE2.0_TMAX120_K192_cod2.opb.xz,21
OPT-LIN/normalized-PB12/sroussel/NG/normalized-NG.dot_unif_0null50mast_rapportOE1.0_TMAX300_K192_cod1.opb.xz,28
OPT-LIN/normalized-PB12/sroussel/NG/normalized-NG.dot_unif_10null0mast_rapportOE2.0_TMAX15_K192_cod2.opb.xz,20
OPT-LIN/normalized-PB12/sroussel/NG/normalized-NG.dot_unif_10null0mast_rapportOE2.0_TMAX300_K192_cod1.opb.xz,28
OPT-LIN/normalized-PB12/sroussel/NG/normalized-NG.dot_unif_10null0mast_rapportOE2.0_TMAX60_K192_cod1.opb.xz,28
OPT-LIN/normalized-PB12/sroussel/NG/normalized-NG.dot_unif_10null20mast_rapportOE1.0_TMAX300_K192_cod2.opb.xz,20
OPT-LIN/normalized-PB12/sroussel/NG/normalized-NG.dot_unif_10null20mast_rapportOE2.0_TMAX60_K192_cod2.opb.xz,20
OPT-LIN/normalized-PB12/sroussel/NG/normalized-NG.dot_unif_20null0mast_rapportOE1.0_TMAX300_K192_cod2.opb.xz,20
OPT-LIN/normalized-PB12/sroussel/NG/normalized-NG.dot_unif_20null0mast_rapportOE2.0_TMAX180_K192_cod2.opb.xz,20
OPT-LIN/normalized-PB12/sroussel/NG/normalized-NG.dot_unif_20null20mast_rapportOE1.0_TMAX120_K192_cod2.opb.xz,20
OPT-LIN/normalized-PB12/sroussel/NG/normalized-NG.dot_unif_20null20mast_rapportOE2.0_TMAX120_K192_cod1.opb.xz,28
OPT-LIN/normalized-PB12/sroussel/NG/normalized-NG.dot_unif_20null20mast_rapportOE2.0_TMAX15_K192_cod2.opb.xz,20
OPT-LIN/normalized-PB12/sroussel/NG/normalized-NG.dot_unif_20null20mast_rapportOE2.0_TMAX180_K192_cod1.opb.xz,28
OPT-LIN/normalized-PB12/sroussel/NG/normalized-NG.dot_unif_20null20mast_rapportOE2.0_TMAX300_K192_cod2.opb.xz,20
OPT-LIN/normalized-PB12/sroussel/NG/normalized-NG.dot_unif_50null0mast_rapportOE2.0_TMAX60_K192_cod2.opb.xz,19
OPT-LIN/normalized-PB12/sroussel/NG/normalized-NG.dot_unif_50null20mast_rapportOE1.0_TMAX15_K192_cod2.opb.xz,20
OPT-LIN/normalized-PB12/sroussel/NG/normalized-NG.dot_unif_50null20mast_rapportOE2.0_TMAX120_K192_cod2.opb.xz,20
OPT-LIN/normalized-PB12/sroussel/NG/normalized-NG.dot_unif_50null50mast_rapportOE1.0_TMAX15_K192_cod1.opb.xz,24
OPT-LIN/normalized-PB12/sroussel/NG/normalized-NG.dot_unif_50null50mast_rapportOE1.0_TMAX180_K192_cod2.opb.xz,20
OPT-LIN/normalized-PB12/zahidi/Base/normalized-minisat100_4_32_2.opb.xz,38
OPT-LIN/normalized-PB12/zahidi/Base/normalized-minisat100_4_32_3.opb.xz,38
OPT-LIN/normalized-PB12/zahidi/Base/normalized-minisat100_4_32_4.opb.xz,38
OPT-LIN/normalized-PB12/zahidi/Base/normalized-minisat100_4_32_6.opb.xz,38
OPT-LIN/normalized-PB12/zahidi/Base/normalized-minisat100_4_32_7.opb.xz,38
OPT-LIN/normalized-PB12/zahidi/Base/normalized-minisat100_4_32_8.opb.xz,38
OPT-LIN/normalized-PB12/zahidi/Base/normalized-minisat100_4_32_9.opb.xz,38
OPT-LIN/normalized-PB12/zahidi/Base/normalized-minisat50_4_16_0.opb.xz,36
OPT-LIN/normalized-PB12/zahidi/Base/normalized-minisat50_4_16_1.opb.xz,36
OPT-LIN/normalized-PB12/zahidi/Base/normalized-minisat50_4_16_2.opb.xz,36
OPT-LIN/normalized-PB12/zahidi/Base/normalized-minisat50_4_16_5.opb.xz,36
OPT-LIN/normalized-PB12/zahidi/Base/normalized-minisat50_4_16_6.opb.xz,36
OPT-LIN/normalized-PB12/zahidi/Base/normalized-minisat50_4_16_8.opb.xz,36
OPT-LIN/normalized-PB12/zahidi/Base/normalized-minisat50_4_16_9.opb.xz,36
OPT-LIN/normalized-PB12/zahidi/Base/normalized-minisat70_4_22_0.opb.xz,37
OPT-LIN/normalized-PB12/zahidi/Base/normalized-minisat70_4_22_2.opb.xz,37
OPT-LIN/normalized-PB12/zahidi/Base/normalized-minisat70_4_22_3.opb.xz,37
OPT-LIN/normalized-PB12/zahidi/Base/normalized-minisat70_4_22_4.opb.xz,37
OPT-LIN/normalized-PB12/zahidi/Base/normalized-minisat70_4_22_5.opb.xz,37
OPT-LIN/normalized-PB12/zahidi/Base/normalized-minisat70_4_22_6.opb.xz,37
OPT-LIN/normalized-PB12/zahidi/Base/normalized-minisat70_4_22_7.opb.xz,37
OPT-LIN/normalized-PB12/zahidi/Base/normalized-minisat70_4_22_8.opb.xz,37
OPT-LIN/normalized-PB12/zahidi/Base/normalized-minisat70_4_22_9.opb.xz,37
OPT-LIN/normalized-PB12/zahidi/Base/normalized-minisat85_4_27_0.opb.xz,37
OPT-LIN/normalized-PB12/zahidi/Base/normalized-minisat85_4_27_1.opb.xz,37
OPT-LIN/normalized-PB12/zahidi/Base/normalized-minisat85_4_27_4.opb.xz,38
OPT-LIN/normalized-PB12/zahidi/Base/normalized-minisat85_4_27_5.opb.xz,37
OPT-LIN/normalized-PB12/zahidi/Base/normalized-minisat85_4_27_7.opb.xz,38
OPT-LIN/normalized-PB12/zahidi/Base/normalized-minisat85_4_27_8.opb.xz,37
OPT-LIN/normalized-PB12/zahidi/Base/normalized-minisat85_4_27_9.opb.xz,37
OPT-LIN/normalized-PB12/zahidi/IC/normalized-minisat15_5_3_0_ic.opb.xz,32
OPT-LIN/normalized-PB12/zahidi/IC/normalized-minisat15_5_3_1_ic.opb.xz,33
OPT-LIN/normalized-PB12/zahidi/IC/normalized-minisat15_5_3_2_ic.opb.xz,32
OPT-LIN/normalized-PB12/zahidi/IC/normalized-minisat15_5_3_3_ic.opb.xz,32
OPT-LIN/normalized-PB12/zahidi/IC/normalized-minisat15_5_3_4_ic.opb.xz,32
OPT-LIN/normalized-PB12/zahidi/IC/normalized-minisat15_5_3_5_ic.opb.xz,32
OPT-LIN/normalized-PB12/zahidi/IC/normalized-minisat15_5_3_6_ic.opb.xz,32
OPT-LIN/normalized-PB12/zahidi/IC/normalized-minisat15_5_3_7_ic.opb.xz,33
OPT-LIN/normalized-PB12/zahidi/IC/normalized-minisat15_5_3_8_ic.opb.xz,32
OPT-LIN/normalized-PB12/zahidi/IC/normalized-minisat15_5_3_9_ic.opb.xz,32
OPT-LIN/normalized-PB12/zahidi/IC/normalized-minisat25_6_3_0_ic.opb.xz,34
OPT-LIN/normalized-PB12/zahidi/IC/normalized-minisat25_6_3_1_ic.opb.xz,34
OPT-LIN/normalized-PB12/zahidi/IC/normalized-minisat25_6_3_2_ic.opb.xz,34
OPT-LIN/normalized-PB12/zahidi/IC/normalized-minisat25_6_3_3_ic.opb.xz,34
OPT-LIN/normalized-PB12/zahidi/IC/normalized-minisat25_6_3_4_ic.opb.xz,34
OPT-LIN/normalized-PB12/zahidi/IC/normalized-minisat25_6_3_5_ic.opb.xz,34
OPT-LIN/normalized-PB12/zahidi/IC/normalized-minisat25_6_3_6_ic.opb.xz,33
OPT-LIN/normalized-PB12/zahidi/IC/normalized-minisat25_6_3_7_ic.opb.xz,34
OPT-LIN/normalized-PB12/zahidi/IC/normalized-minisat25_6_3_8_ic.opb.xz,34
OPT-LIN/normalized-PB12/zahidi/IC/normalized-minisat25_6_3_9_ic.opb.xz,34
OPT-LIN/normalized-PB12/zahidi/IC/normalized-minisat50_6_9_0_ic.opb.xz,36
OPT-LIN/normalized-PB12/zahidi/IC/normalized-minisat50_6_9_1_ic.opb.xz,36
OPT-LIN/normalized-PB12/zahidi/IC/normalized-minisat50_6_9_2_ic.opb.xz,36
OPT-LIN/normalized-PB12/zahidi/IC/normalized-minisat50_6_9_3_ic.opb.xz,36
OPT-LIN/normalized-PB12/zahidi/IC/normalized-minisat50_6_9_4_ic.opb.xz,36
OPT-LIN/normalized-PB12/zahidi/IC/normalized-minisat50_6_9_5_ic.opb.xz,36
OPT-LIN/normalized-PB12/zahidi/IC/normalized-minisat50_6_9_6_ic.opb.xz,36
OPT-LIN/normalized-PB12/zahidi/IC/normalized-minisat50_6_9_7_ic.opb.xz,36
OPT-LIN/normalized-PB12/zahidi/IC/normalized-minisat50_6_9_8_ic.opb.xz,36
OPT-LIN/normalized-PB12/zahidi/IC/normalized-minisat50_6_9_9_ic.opb.xz,36
OPT-LIN/normalized-PB12/zahidi/Large/normalized-minisat100_16_6_0_ic.opb.xz,38
OPT-LIN/normalized-PB12/zahidi/Large/normalized-minisat100_16_6_0_mh.opb.xz,39
OPT-LIN/normalized-PB12/zahidi/Large/normalized-minisat100_16_6_1_ic.opb.xz,38
OPT-LIN/normalized-PB12/zahidi/Large/normalized-minisat100_16_6_1_mh.opb.xz,39
OPT-LIN/normalized-PB12/zahidi/Large/normalized-minisat100_16_6_2_ic.opb.xz,38
OPT-LIN/normalized-PB12/zahidi/Large/normalized-minisat100_16_6_2_mh.opb.xz,39
OPT-LIN/normalized-PB12/zahidi/Large/normalized-minisat100_16_6_3_ic.opb.xz,38
OPT-LIN/normalized-PB12/zahidi/Large/normalized-minisat100_16_6_3_mh.opb.xz,39
OPT-LIN/normalized-PB12/zahidi/Large/normalized-minisat100_16_6_4_ic.opb.xz,38
OPT-LIN/normalized-PB12/zahidi/Large/normalized-minisat100_16_6_4_mh.opb.xz,39
OPT-LIN/normalized-PB12/zahidi/Large/normalized-minisat100_16_6_5_ic.opb.xz,38
OPT-LIN/normalized-PB12/zahidi/Large/normalized-minisat100_16_6_5_mh.opb.xz,39
OPT-LIN/normalized-PB12/zahidi/Large/normalized-minisat100_16_6_6_ic.opb.xz,38
OPT-LIN/normalized-PB12/zahidi/Large/normalized-minisat100_16_6_6_mh.opb.xz,39
OPT-LIN/normalized-PB12/zahidi/Large/normalized-minisat100_16_6_7_ic.opb.xz,38
OPT-LIN/normalized-PB12/zahidi/Large/normalized-minisat100_16_6_7_mh.opb.xz,39
OPT-LIN/normalized-PB12/zahidi/Large/normalized-minisat100_16_6_8_ic.opb.xz,38
OPT-LIN/normalized-PB12/zahidi/Large/normalized-minisat100_16_6_8_mh.opb.xz,39
OPT-LIN/normalized-PB12/zahidi/Large/normalized-minisat100_16_6_9_ic.opb.xz,38
OPT-LIN/normalized-PB12/zahidi/Large/normalized-minisat100_16_6_9_mh.opb.xz,39
OPT-LIN/normalized-PB12/zahidi/MH+IC/normalized-minisat15_4_4_0_mh_ic.opb.xz,32
OPT-LIN/normalized-PB12/zahidi/MH+IC/normalized-minisat15_4_4_1_mh_ic.opb.xz,32
OPT-LIN/normalized-PB12/zahidi/MH+IC/normalized-minisat15_4_4_3_mh_ic.opb.xz,33
OPT-LIN/normalized-PB12/zahidi/MH+IC/normalized-minisat15_4_4_5_mh_ic.opb.xz,33
OPT-LIN/normalized-PB12/zahidi/MH+IC/normalized-minisat15_4_4_6_mh_ic.opb.xz,33
OPT-LIN/normalized-PB12/zahidi/MH+IC/normalized-minisat15_4_4_8_mh_ic.opb.xz,33
OPT-LIN/normalized-PB12/zahidi/MH+IC/normalized-minisat15_4_4_9_mh_ic.opb.xz,33
OPT-LIN/normalized-PB12/zahidi/MH+IC/normalized-minisat25_4_7_0_mh_ic.opb.xz,35
OPT-LIN/normalized-PB12/zahidi/MH+IC/normalized-minisat25_4_7_1_mh_ic.opb.xz,34
OPT-LIN/normalized-PB12/zahidi/MH+IC/normalized-minisat25_4_7_2_mh_ic.opb.xz,34
OPT-LIN/normalized-PB12/zahidi/MH+IC/normalized-minisat25_4_7_3_mh_ic.opb.xz,34
OPT-LIN/normalized-PB12/zahidi/MH+IC/normalized-minisat25_4_7_4_mh_ic.opb.xz,34
OPT-LIN/normalized-PB12/zahidi/MH+IC/normalized-minisat25_4_7_5_mh_ic.opb.xz,34
OPT-LIN/normalized-PB12/zahidi/MH+IC/normalized-minisat25_4_7_6_mh_ic.opb.xz,34
OPT-LIN/normalized-PB12/zahidi/MH+IC/normalized-minisat25_4_7_8_mh_ic.opb.xz,34
OPT-LIN/normalized-PB12/zahidi/MH+IC/normalized-minisat35_4_11_0_mh_ic.opb.xz,35
OPT-LIN/normalized-PB12/zahidi/MH+IC/normalized-minisat35_4_11_4_mh_ic.opb.xz,36
OPT-LIN/normalized-PB12/zahidi/MH+IC/normalized-minisat35_4_11_6_mh_ic.opb.xz,35
OPT-LIN/normalized-PB12/zahidi/MH+IC/normalized-minisat35_4_11_7_mh_ic.opb.xz,35
OPT-LIN/normalized-PB12/zahidi/MH+IC/normalized-minisat35_4_11_8_mh_ic.opb.xz,36
OPT-LIN/normalized-PB12/zahidi/MH+IC/normalized-minisat35_4_11_9_mh_ic.opb.xz,36
OPT-LIN/normalized-PB12/zahidi/MH+IC/normalized-minisat50_4_16_0_mh_ic.opb.xz,36
OPT-LIN/normalized-PB12/zahidi/MH+IC/normalized-minisat50_4_16_1_mh_ic.opb.xz,37
OPT-LIN/normalized-PB12/zahidi/MH+IC/normalized-minisat50_4_16_3_mh_ic.opb.xz,37
OPT-LIN/normalized-PB12/zahidi/MH+IC/normalized-minisat50_4_16_4_mh_ic.opb.xz,36
OPT-LIN/normalized-PB12/zahidi/MH+IC/normalized-minisat50_4_16_5_mh_ic.opb.xz,36
OPT-LIN/normalized-PB12/zahidi/MH+IC/normalized-minisat50_4_16_6_mh_ic.opb.xz,36
OPT-LIN/normalized-PB12/zahidi/MH+IC/normalized-minisat50_4_16_7_mh_ic.opb.xz,37
OPT-LIN/normalized-PB12/zahidi/MH+IC/normalized-minisat50_4_16_8_mh_ic.opb.xz,37
OPT-LIN/normalized-PB12/zahidi/MH+IC/normalized-minisat50_4_16_9_mh_ic.opb.xz,37
OPT-LIN/normalized-PB12/zahidi/Multihop/normalized-minisat15_5_3_0_mh.opb.xz,32
OPT-LIN/normalized-PB12/zahidi/Multihop/normalized-minisat15_5_3_1_mh.opb.xz,33
OPT-LIN/normalized-PB12/zahidi/Multihop/normalized-minisat15_5_3_2_mh.opb.xz,32
OPT-LIN/normalized-PB12/zahidi/Multihop/normalized-minisat15_5_3_3_mh.opb.xz,32
OPT-LIN/normalized-PB12/zahidi/Multihop/normalized-minisat15_5_3_4_mh.opb.xz,32
OPT-LIN/normalized-PB12/zahidi/Multihop/normalized-minisat15_5_3_5_mh.opb.xz,32
OPT-LIN/normalized-PB12/zahidi/Multihop/normalized-minisat15_5_3_6_mh.opb.xz,32
OPT-LIN/normalized-PB12/zahidi/Multihop/normalized-minisat15_5_3_7_mh.opb.xz,33
OPT-LIN/normalized-PB12/zahidi/Multihop/normalized-minisat15_5_3_8_mh.opb.xz,33
OPT-LIN/normalized-PB12/zahidi/Multihop/normalized-minisat15_5_3_9_mh.opb.xz,33
OPT-LIN/normalized-PB12/zahidi/Multihop/normalized-minisat25_6_4_0_mh.opb.xz,34
OPT-LIN/normalized-PB12/zahidi/Multihop/normalized-minisat25_6_4_1_mh.opb.xz,34
OPT-LIN/normalized-PB12/zahidi/Multihop/normalized-minisat25_6_4_2_mh.opb.xz,34
OPT-LIN/normalized-PB12/zahidi/Multihop/normalized-minisat25_6_4_3_mh.opb.xz,34
OPT-LIN/normalized-PB12/zahidi/Multihop/normalized-minisat25_6_4_4_mh.opb.xz,34
OPT-LIN/normalized-PB12/zahidi/Multihop/normalized-minisat25_6_4_5_mh.opb.xz,34
OPT-LIN/normalized-PB12/zahidi/Multihop/normalized-minisat25_6_4_6_mh.opb.xz,35
OPT-LIN/normalized-PB12/zahidi/Multihop/normalized-minisat25_6_4_7_mh.opb.xz,34
OPT-LIN/normalized-PB12/zahidi/Multihop/normalized-minisat25_6_4_8_mh.opb.xz,34
OPT-LIN/normalized-PB12/zahidi/Multihop/normalized-minisat25_6_4_9_mh.opb.xz,34
OPT-LIN/normalized-PB12/zahidi/Multihop/normalized-minisat50_6_9_0_mh.opb.xz,36
OPT-LIN/normalized-PB12/zahidi/Multihop/normalized-minisat50_6_9_1_mh.opb.xz,36
OPT-LIN/normalized-PB12/zahidi/Multihop/normalized-minisat50_6_9_2_mh.opb.xz,37
OPT-LIN/normalized-PB12/zahidi/Multihop/normalized-minisat50_6_9_3_mh.opb.xz,36
OPT-LIN/normalized-PB12/zahidi/Multihop/normalized-minisat50_6_9_4_mh.opb.xz,37
OPT-LIN/normalized-PB12/zahidi/Multihop/normalized-minisat50_6_9_5_mh.opb.xz,37
OPT-LIN/normalized-PB12/zahidi/Multihop/normalized-minisat50_6_9_6_mh.opb.xz,36
OPT-LIN/normalized-PB12/zahidi/Multihop/normalized-minisat50_6_9_7_mh.opb.xz,37
OPT-LIN/normalized-PB12/zahidi/Multihop/normalized-minisat50_6_9_8_mh.opb.xz,36
OPT-LIN/normalized-PB12/zahidi/Multihop/normalized-minisat50_6_9_9_mh.opb.xz,37
OPT-LIN/normalized-PB15eval/EmployeeScheduling/normalized-aug4.5.opb.xz,10
OPT-LIN/normalized-PB15eval/EmployeeScheduling/normalized-aug5.5.opb.xz,10
OPT-LIN/normalized-PB15eval/EmployeeScheduling/normalized-aug6.5.opb.xz,10
OPT-LIN/normalized-PB15eval/EmployeeScheduling/normalized-jul4.5.opb.xz,10
OPT-LIN/normalized-PB15eval/EmployeeScheduling/normalized-jul5.5.opb.xz,10
OPT-LIN/normalized-PB15eval/EmployeeScheduling/normalized-jul6.5.opb.xz,10
OPT-LIN/normalized-PB15eval/EmployeeScheduling/normalized-jun5.5.opb.xz,10
OPT-LIN/normalized-PB15eval/EmployeeScheduling/normalized-jun6.5.opb.xz,10
OPT-LIN/normalized-PB15eval/EmployeeScheduling/normalized-may4.5.opb.xz,10
OPT-LIN/normalized-PB15eval/EmployeeScheduling/normalized-may5.5.opb.xz,10
OPT-LIN/normalized-PB15eval/EmployeeScheduling/normalized-may6.5.opb.xz,10
OPT-LIN/normalized-PB15eval/EmployeeScheduling/normalized-oct4.5.opb.xz,10
OPT-LIN/normalized-PB15eval/EmployeeScheduling/normalized-oct5.5.opb.xz,10
OPT-LIN/normalized-PB15eval/EmployeeScheduling/normalized-oct6.5.opb.xz,10
OPT-LIN/normalized-PB15eval/EmployeeScheduling/normalized-sep4.5.opb.xz,10
OPT-LIN/normalized-PB15eval/EmployeeScheduling/normalized-sep5.5.opb.xz,10
OPT-LIN/normalized-PB15eval/EmployeeScheduling/normalized-sep6.5.opb.xz,10
OPT-LIN/normalized-PB15eval/dt-problems/normalized-lo_10x10_000.opb.metafix.opb.xz,7
OPT-LIN/normalized-PB15eval/dt-problems/normalized-lo_10x10_001.opb.metafix.opb.xz,7
OPT-LIN/normalized-PB15eval/dt-problems/normalized-lo_10x10_002.opb.metafix.opb.xz,7
OPT-LIN/normalized-PB15eval/dt-problems/normalized-lo_10x10_003.opb.metafix.opb.xz,7
OPT-LIN/normalized-PB15eval/dt-problems/normalized-lo_10x10_004.opb.metafix.opb.xz,7
OPT-LIN/normalized-PB15eval/dt-problems/normalized-lo_10x10_005.opb.metafix.opb.xz,7
OPT-LIN/normalized-PB15eval/dt-problems/normalized-lo_10x10_006.opb.metafix.opb.xz,7
OPT-LIN/normalized-PB15eval/dt-problems/normalized-lo_10x10_007.opb.metafix.opb.xz,7
OPT-LIN/normalized-PB15eval/dt-problems/normalized-lo_10x10_008.opb.metafix.opb.xz,7
OPT-LIN/normalized-PB15eval/dt-problems/normalized-lo_10x10_009.opb.metafix.opb.xz,7
OPT-LIN/normalized-PB15eval/dt-problems/normalized-lo_12x12_000.opb.metafix.opb.xz,8
OPT-LIN/normalized-PB15eval/dt-problems/normalized-lo_12x12_001.opb.metafix.opb.xz,8
OPT-LIN/normalized-PB15eval/dt-problems/normalized-lo_12x12_002.opb.metafix.opb.xz,8
OPT-LIN/normalized-PB15eval/dt-problems/normalized-lo_12x12_003.opb.metafix.opb.xz,8
OPT-LIN/normalized-PB15eval/dt-problems/normalized-lo_12x12_004.opb.metafix.opb.xz,8
OPT-LIN/normalized-PB15eval/dt-problems/normalized-lo_12x12_005.opb.metafix.opb.xz,8
OPT-LIN/normalized-PB15eval/dt-problems/normalized-lo_12x12_006.opb.metafix.opb.xz,8
OPT-LIN/normalized-PB15eval/dt-problems/normalized-lo_12x12_007.opb.metafix.opb.xz,8
OPT-LIN/normalized-PB15eval/dt-problems/normalized-lo_12x12_008.opb.metafix.opb.xz,8
OPT-LIN/normalized-PB15eval/dt-problems/normalized-lo_12x12_009.opb.metafix.opb.xz,8
OPT-LIN/normalized-PB15eval/dt-problems/normalized-lo_14x14_000.opb.metafix.opb.xz,8
OPT-LIN/normalized-PB15eval/dt-problems/normalized-lo_14x14_001.opb.metafix.opb.xz,8
OPT-LIN/normalized-PB15eval/dt-problems/normalized-lo_14x14_002.opb.metafix.opb.xz,8
OPT-LIN/normalized-PB15eval/dt-problems/normalized-lo_14x14_003.opb.metafix.opb.xz,8
OPT-LIN/normalized-PB15eval/dt-problems/normalized-lo_14x14_004.opb.metafix.opb.xz,8
OPT-LIN/normalized-PB15eval/dt-problems/normalized-lo_14x14_005.opb.metafix.opb.xz,8
OPT-LIN/normalized-PB15eval/dt-problems/normalized-lo_14x14_006.opb.metafix.opb.xz,8
OPT-LIN/normalized-PB15eval/dt-problems/normalized-lo_14x14_007.opb.metafix.opb.xz,8
OPT-LIN/normalized-PB15eval/dt-problems/normalized-lo_14x14_008.opb.metafix.opb.xz,8
OPT-LIN/normalized-PB15eval/dt-problems/normalized-lo_14x14_009.opb.metafix.opb.xz,8
OPT-LIN/normalized-PB15eval/dt-problems/normalized-lo_16x16_000.opb.metafix.opb.xz,9
OPT-LIN/normalized-PB15eval/dt-problems/normalized-lo_16x16_001.opb.metafix.opb.xz,9
OPT-LIN/normalized-PB15eval/dt-problems/normalized-lo_16x16_002.opb.metafix.opb.xz,9
OPT-LIN/normalized-PB15eval/dt-problems/normalized-lo_16x16_003.opb.metafix.opb.xz,9
OPT-LIN/normalized-PB15eval/dt-problems/normalized-lo_16x16_004.opb.metafix.opb.xz,9
OPT-LIN/normalized-PB15eval/dt-problems/normalized-lo_16x16_005.opb.metafix.opb.xz,9
OPT-LIN/normalized-PB15eval/dt-problems/normalized-lo_16x16_006.opb.metafix.opb.xz,9
OPT-LIN/normalized-PB15eval/dt-problems/normalized-lo_16x16_007.opb.metafix.opb.xz,9
OPT-LIN/normalized-PB15eval/dt-problems/normalized-lo_16x16_008.opb.metafix.opb.xz,9
OPT-LIN/normalized-PB15eval/dt-problems/normalized-lo_16x16_009.opb.metafix.opb.xz,9
OPT-LIN/normalized-PB15eval/dt-problems/normalized-lo_6x6_000.opb.metafix.opb.xz,6
OPT-LIN/normalized-PB15eval/dt-problems/normalized-lo_6x6_001.opb.metafix.opb.xz,6
OPT-LIN/normalized-PB15eval/dt-problems/normalized-lo_6x6_002.opb.metafix.opb.xz,6
OPT-LIN/normalized-PB15eval/dt-problems/normalized-lo_6x6_003.opb.metafix.opb.xz,6
OPT-LIN/normalized-PB15eval/dt-problems/normalized-lo_6x6_004.opb.metafix.opb.xz,6
OPT-LIN/normalized-PB15eval/dt-problems/normalized-lo_6x6_005.opb.metafix.opb.xz,6
OPT-LIN/normalized-PB15eval/dt-problems/normalized-lo_6x6_006.opb.metafix.opb.xz,6
OPT-LIN/normalized-PB15eval/dt-problems/normalized-lo_6x6_007.opb.metafix.opb.xz,6
OPT-LIN/normalized-PB15eval/dt-problems/normalized-lo_6x6_008.opb.metafix.opb.xz,6
OPT-LIN/normalized-PB15eval/dt-problems/normalized-lo_6x6_009.opb.metafix.opb.xz,6
OPT-LIN/normalized-PB15eval/dt-problems/normalized-lo_8x8_000.opb.metafix.opb.xz,7
OPT-LIN/normalized-PB15eval/dt-problems/normalized-lo_8x8_001.opb.metafix.opb.xz,7
OPT-LIN/normalized-PB15eval/dt-problems/normalized-lo_8x8_002.opb.metafix.opb.xz,7
OPT-LIN/normalized-PB15eval/dt-problems/normalized-lo_8x8_003.opb.metafix.opb.xz,7
OPT-LIN/normalized-PB15eval/dt-problems/normalized-lo_8x8_004.opb.metafix.opb.xz,7
OPT-LIN/normalized-PB15eval/dt-problems/normalized-lo_8x8_005.opb.metafix.opb.xz,7
OPT-LIN/normalized-PB15eval/dt-problems/normalized-lo_8x8_006.opb.metafix.opb.xz,7
OPT-LIN/normalized-PB15eval/dt-problems/normalized-lo_8x8_007.opb.metafix.opb.xz,7
OPT-LIN/normalized-PB15eval/dt-problems/normalized-lo_8x8_008.opb.metafix.opb.xz,7
OPT-LIN/normalized-PB15eval/dt-problems/normalized-lo_8x8_009.opb.metafix.opb.xz,7
OPT-LIN/normalized-PB15eval/minlplib2-pb-0.1.0/opb/normalized-autocorr_bern20-03.lin.opb.xz,7
OPT-LIN/normalized-PB15eval/minlplib2-pb-0.1.0/opb/normalized-autocorr_bern20-05.lin.opb.xz,13
OPT-LIN/normalized-PB15eval/minlplib2-pb-0.1.0/opb/normalized-autocorr_bern20-10.lin.opb.xz,15
OPT-LIN/normalized-PB15eval/minlplib2-pb-0.1.0/opb/normalized-autocorr_bern20-15.lin.opb.xz,17
OPT-LIN/normalized-PB15eval/minlplib2-pb-0.1.0/opb/normalized-autocorr_bern25-03.lin.opb.xz,7
OPT-LIN/normalized-PB15eval/minlplib2-pb-0.1.0/opb/normalized-autocorr_bern25-06.lin.opb.xz,13
OPT-LIN/normalized-PB15eval/minlplib2-pb-0.1.0/opb/normalized-autocorr_bern25-13.lin.opb.xz,18
OPT-LIN/normalized-PB15eval/minlplib2-pb-0.1.0/opb/normalized-autocorr_bern25-19.lin.opb.xz,18
OPT-LIN/normalized-PB15eval/minlplib2-pb-0.1.0/opb/normalized-autocorr_bern25-25.lin.opb.xz,18
OPT-LIN/normalized-PB15eval/minlplib2-pb-0.1.0/opb/normalized-autocorr_bern30-04.lin.opb.xz,12
OPT-LIN/normalized-PB15eval/minlplib2-pb-0.1.0/opb/normalized-autocorr_bern30-08.lin.opb.xz,16
OPT-LIN/normalized-PB15eval/minlplib2-pb-0.1.0/opb/normalized-autocorr_bern30-15.lin.opb.xz,19
OPT-LIN/normalized-PB15eval/minlplib2-pb-0.1.0/opb/normalized-autocorr_bern30-23.lin.opb.xz,20
OPT-LIN/normalized-PB15eval/minlplib2-pb-0.1.0/opb/normalized-autocorr_bern30-30.lin.opb.xz,18
OPT-LIN/normalized-PB15eval/minlplib2-pb-0.1.0/opb/normalized-autocorr_bern35-04.lin.opb.xz,12
OPT-LIN/normalized-PB15eval/minlplib2-pb-0.1.0/opb/normalized-autocorr_bern35-09.lin.opb.xz,17
OPT-LIN/normalized-PB15eval/minlplib2-pb-0.1.0/opb/normalized-autocorr_bern35-18.lin.opb.xz,19
OPT-LIN/normalized-PB15eval/minlplib2-pb-0.1.0/opb/normalized-autocorr_bern35-26.lin.opb.xz,19
OPT-LIN/normalized-PB15eval/minlplib2-pb-0.1.0/opb/normalized-autocorr_bern40-05.lin.opb.xz,14
OPT-LIN/normalized-PB15eval/minlplib2-pb-0.1.0/opb/normalized-autocorr_bern40-10.lin.opb.xz,16
OPT-LIN/normalized-PB15eval/minlplib2-pb-0.1.0/opb/normalized-autocorr_bern40-20.lin.opb.xz,20
OPT-LIN/normalized-PB15eval/minlplib2-pb-0.1.0/opb/normalized-autocorr_bern40-30.lin.opb.xz,20
OPT-LIN/normalized-PB15eval/minlplib2-pb-0.1.0/opb/normalized-autocorr_bern40-40.lin.opb.xz,21
OPT-LIN/normalized-PB15eval/minlplib2-pb-0.1.0/opb/normalized-autocorr_bern45-05.lin.opb.xz,14
OPT-LIN/normalized-PB15eval/minlplib2-pb-0.1.0/opb/normalized-autocorr_bern45-11.lin.opb.xz,18
OPT-LIN/normalized-PB15eval/minlplib2-pb-0.1.0/opb/normalized-autocorr_bern45-23.lin.opb.xz,21
OPT-LIN/normalized-PB15eval/minlplib2-pb-0.1.0/opb/normalized-autocorr_bern45-34.lin.opb.xz,21
OPT-LIN/normalized-PB15eval/minlplib2-pb-0.1.0/opb/normalized-autocorr_bern45-45.lin.opb.xz,21
OPT-LIN/normalized-PB15eval/minlplib2-pb-0.1.0/opb/normalized-autocorr_bern50-06.lin.opb.xz,14
OPT-LIN/normalized-PB15eval/minlplib2-pb-0.1.0/opb/normalized-autocorr_bern50-13.lin.opb.xz,19
OPT-LIN/normalized-PB15eval/minlplib2-pb-0.1.0/opb/normalized-autocorr_bern50-25.lin.opb.xz,22
OPT-LIN/normalized-PB15eval/minlplib2-pb-0.1.0/opb/normalized-autocorr_bern50-38.lin.opb.xz,22
OPT-LIN/normalized-PB15eval/minlplib2-pb-0.1.0/opb/normalized-autocorr_bern50-50.lin.opb.xz,21
OPT-LIN/normalized-PB15eval/minlplib2-pb-0.1.0/opb/normalized-autocorr_bern55-06.lin.opb.xz,14
OPT-LIN/normalized-PB15eval/minlplib2-pb-0.1.0/opb/normalized-autocorr_bern55-14.lin.opb.xz,19
OPT-LIN/normalized-PB15eval/minlplib2-pb-0.1.0/opb/normalized-autocorr_bern55-28.lin.opb.xz,22
OPT-LIN/normalized-PB15eval/minlplib2-pb-0.1.0/opb/normalized-autocorr_bern55-41.lin.opb.xz,23
OPT-LIN/normalized-PB15eval/minlplib2-pb-0.1.0/opb/normalized-autocorr_bern55-55.lin.opb.xz,23
OPT-LIN/normalized-PB15eval/minlplib2-pb-0.1.0/opb/normalized-autocorr_bern60-08.lin.opb.xz,17
OPT-LIN/normalized-PB15eval/minlplib2-pb-0.1.0/opb/normalized-autocorr_bern60-15.lin.opb.xz,20
OPT-LIN/normalized-PB15eval/minlplib2-pb-0.1.0/opb/normalized-autocorr_bern60-30.lin.opb.xz,22
OPT-LIN/normalized-PB15eval/minlplib2-pb-0.1.0/opb/normalized-autocorr_bern60-45.lin.opb.xz,24
OPT-LIN/normalized-PB15eval/minlplib2-pb-0.1.0/opb/normalized-autocorr_bern60-60.lin.opb.xz,23
OPT-LIN/normalized-PB15eval/minlplib2-pb-0.1.0/opb/normalized-cardqp_inlp.lin.opb.xz,45
OPT-LIN/normalized-PB15eval/minlplib2-pb-0.1.0/opb/normalized-crossdock_15x7.lin.opb.xz,20
OPT-LIN/normalized-PB15eval/minlplib2-pb-0.1.0/opb/normalized-crossdock_15x8.lin.opb.xz,21
OPT-LIN/normalized-PB15eval/minlplib2-pb-0.1.0/opb/normalized-edgecross10-010.lin.opb.xz,8
OPT-LIN/normalized-PB15eval/minlplib2-pb-0.1.0/opb/normalized-edgecross10-020.lin.opb.xz,10
OPT-LIN/normalized-PB15eval/minlplib2-pb-0.1.0/opb/normalized-edgecross10-030.lin.opb.xz,11
OPT-LIN/normalized-PB15eval/minlplib2-pb-0.1.0/opb/normalized-edgecross10-040.lin.opb.xz,11
OPT-LIN/normalized-PB15eval/minlplib2-pb-0.1.0/opb/normalized-edgecross10-050.lin.opb.xz,12
OPT-LIN/normalized-PB15eval/minlplib2-pb-0.1.0/opb/normalized-edgecross10-070.lin.opb.xz,12
OPT-LIN/normalized-PB15eval/minlplib2-pb-0.1.0/opb/normalized-edgecross10-090.lin.opb.xz,12
OPT-LIN/normalized-PB15eval/minlplib2-pb-0.1.0/opb/normalized-edgecross14-019.lin.opb.xz,10
OPT-LIN/normalized-PB15eval/minlplib2-pb-0.1.0/opb/normalized-edgecross14-058.lin.opb.xz,12
OPT-LIN/normalized-PB15eval/minlplib2-pb-0.1.0/opb/normalized-edgecross14-098.lin.opb.xz,14
OPT-LIN/normalized-PB15eval/minlplib2-pb-0.1.0/opb/normalized-edgecross14-117.lin.opb.xz,14
OPT-LIN/normalized-PB15eval/minlplib2-pb-0.1.0/opb/normalized-edgecross14-137.lin.opb.xz,14
OPT-LIN/normalized-PB15eval/minlplib2-pb-0.1.0/opb/normalized-edgecross14-176.lin.opb.xz,14
OPT-LIN/normalized-PB15eval/minlplib2-pb-0.1.0/opb/normalized-edgecross20-040.lin.opb.xz,12
OPT-LIN/normalized-PB15eval/minlplib2-pb-0.1.0/opb/normalized-edgecross20-080.lin.opb.xz,14
OPT-LIN/normalized-PB15eval/minlplib2-pb-0.1.0/opb/normalized-edgecross22-048.lin.opb.xz,12
OPT-LIN/normalized-PB15eval/minlplib2-pb-0.1.0/opb/normalized-edgecross22-096.lin.opb.xz,14
OPT-LIN/normalized-PB15eval/minlplib2-pb-0.1.0/opb/normalized-edgecross24-057.lin.opb.xz,13
OPT-LIN/normalized-PB15eval/minlplib2-pb-0.1.0/opb/normalized-edgecross24-115.lin.opb.xz,15
OPT-LIN/normalized-PB15eval/minlplib2-pb-0.1.0/opb/normalized-faclay20h.lin.opb.xz,18
OPT-LIN/normalized-PB15eval/minlplib2-pb-0.1.0/opb/normalized-faclay25.lin.opb.xz,16
OPT-LIN/normalized-PB15eval/minlplib2-pb-0.1.0/opb/normalized-faclay30.lin.opb.xz,17
OPT-LIN/normalized-PB15eval/minlplib2-pb-0.1.0/opb/normalized-faclay30h.lin.opb.xz,20
OPT-LIN/normalized-PB15eval/minlplib2-pb-0.1.0/opb/normalized-faclay33.lin.opb.xz,20
OPT-LIN/normalized-PB15eval/minlplib2-pb-0.1.0/opb/normalized-faclay35.lin.opb.xz,20
OPT-LIN/normalized-PB15eval/minlplib2-pb-0.1.0/opb/normalized-faclay60.lin.opb.xz,25
OPT-LIN/normalized-PB15eval/minlplib2-pb-0.1.0/opb/normalized-faclay70.lin.opb.xz,25
OPT-LIN/normalized-PB15eval/minlplib2-pb-0.1.0/opb/normalized-faclay75.lin.opb.xz,26
OPT-LIN/normalized-PB15eval/minlplib2-pb-0.1.0/opb/normalized-faclay80.lin.opb.xz,26
OPT-LIN/normalized-PB15eval/minlplib2-pb-0.1.0/opb/normalized-graphpart_2g-0044-1601.lin.opb.xz,23
OPT-LIN/normalized-PB15eval/minlplib2-pb-0.1.0/opb/normalized-graphpart_2g-0055-0062.lin.opb.xz,24
OPT-LIN/normalized-PB15eval/minlplib2-pb-0.1.0/opb/normalized-graphpart_2g-0066-0066.lin.opb.xz,25
OPT-LIN/normalized-PB15eval/minlplib2-pb-0.1.0/opb/normalized-graphpart_2g-0077-0077.lin.opb.xz,25
OPT-LIN/normalized-PB15eval/minlplib2-pb-0.1.0/opb/normalized-graphpart_2g-0088-0088.lin.opb.xz,25
OPT-LIN/normalized-PB15eval/minlplib2-pb-0.1.0/opb/normalized-graphpart_2g-0099-9211.lin.opb.xz,26
OPT-LIN/normalized-PB15eval/minlplib2-pb-0.1.0/opb/normalized-graphpart_2g-1010-0824.lin.opb.xz,26
OPT-LIN/normalized-PB15eval/minlplib2-pb-0.1.0/opb/normalized-graphpart_2pm-0044-0044.lin.opb.xz,7
OPT-LIN/normalized-PB15eval/minlplib2-pb-0.1.0/opb/normalized-graphpart_2pm-0055-0055.lin.opb.xz,8
OPT-LIN/normalized-PB15eval/minlplib2-pb-0.1.0/opb/normalized-graphpart_2pm-0066-0066.lin.opb.xz,8
OPT-LIN/normalized-PB15eval/minlplib2-pb-0.1.0/opb/normalized-graphpart_2pm-0077-0777.lin.opb.xz,9
OPT-LIN/normalized-PB15eval/minlplib2-pb-0.1.0/opb/normalized-graphpart_2pm-0088-0888.lin.opb.xz,9
OPT-LIN/normalized-PB15eval/minlplib2-pb-0.1.0/opb/normalized-graphpart_2pm-0099-0999.lin.opb.xz,9
OPT-LIN/normalized-PB15eval/minlplib2-pb-0.1.0/opb/normalized-graphpart_3g-0234-0234.lin.opb.xz,24
OPT-LIN/normalized-PB15eval/minlplib2-pb-0.1.0/opb/normalized-graphpart_3g-0244-0244.lin.opb.xz,25
OPT-LIN/normalized-PB15eval/minlplib2-pb-0.1.0/opb/normalized-graphpart_3g-0333-0333.lin.opb.xz,25
OPT-LIN/normalized-PB15eval/minlplib2-pb-0.1.0/opb/normalized-graphpart_3g-0334-0334.lin.opb.xz,25
OPT-LIN/normalized-PB15eval/minlplib2-pb-0.1.0/opb/normalized-graphpart_3g-0344-0344.lin.opb.xz,26
OPT-LIN/normalized-PB15eval/minlplib2-pb-0.1.0/opb/normalized-graphpart_3g-0444-0444.lin.opb.xz,26
OPT-LIN/normalized-PB15eval/minlplib2-pb-0.1.0/opb/normalized-graphpart_3pm-0234-0234.lin.opb.xz,8
OPT-LIN/normalized-PB15eval/minlplib2-pb-0.1.0/opb/normalized-graphpart_3pm-0244-0244.lin.opb.xz,8
OPT-LIN/normalized-PB15eval/minlplib2-pb-0.1.0/opb/normalized-graphpart_3pm-0333-0333.lin.opb.xz,8
OPT-LIN/normalized-PB15eval/minlplib2-pb-0.1.0/opb/normalized-graphpart_3pm-0334-0334.lin.opb.xz,9
OPT-LIN/normalized-PB15eval/minlplib2-pb-0.1.0/opb/normalized-graphpart_3pm-0344-0344.lin.opb.xz,9
OPT-LIN/normalized-PB15eval/minlplib2-pb-0.1.0/opb/normalized-graphpart_3pm-0444-0444.lin.opb.xz,10
OPT-LIN/normalized-PB15eval/minlplib2-pb-0.1.0/opb/normalized-graphpart_clique-20.lin.opb.xz,12
OPT-LIN/normalized-PB15eval/minlplib2-pb-0.1.0/opb/normalized-graphpart_clique-30.lin.opb.xz,14
OPT-LIN/normalized-PB15eval/minlplib2-pb-0.1.0/opb/normalized-graphpart_clique-40.lin.opb.xz,15
OPT-LIN/normalized-PB15eval/minlplib2-pb-0.1.0/opb/normalized-graphpart_clique-50.lin.opb.xz,16
OPT-LIN/normalized-PB15eval/minlplib2-pb-0.1.0/opb/normalized-graphpart_clique-60.lin.opb.xz,17
OPT-LIN/normalized-PB15eval/minlplib2-pb-0.1.0/opb/normalized-graphpart_clique-70.lin.opb.xz,18
OPT-LIN/normalized-PB15eval/minlplib2-pb-0.1.0/opb/normalized-hmittelman.lin.opb.xz,6
OPT-LIN/normalized-PB15eval/minlplib2-pb-0.1.0/opb/normalized-pb302035.lin.opb.xz,31
OPT-LIN/normalized-PB15eval/minlplib2-pb-0.1.0/opb/normalized-pb302055.lin.opb.xz,31
OPT-LIN/normalized-PB15eval/minlplib2-pb-0.1.0/opb/normalized-pb302075.lin.opb.xz,31
OPT-LIN/normalized-PB15eval/minlplib2-pb-0.1.0/opb/normalized-pb302095.lin.opb.xz,31
OPT-LIN/normalized-PB15eval/minlplib2-pb-0.1.0/opb/normalized-pb351535.lin.opb.xz,31
OPT-LIN/normalized-PB15eval/minlplib2-pb-0.1.0/opb/normalized-pb351555.lin.opb.xz,31
OPT-LIN/normalized-PB15eval/minlplib2-pb-0.1.0/opb/normalized-pb351575.lin.opb.xz,31
OPT-LIN/normalized-PB15eval/minlplib2-pb-0.1.0/opb/normalized-pb351595.lin.opb.xz,31
OPT-LIN/normalized-PB15eval/minlplib2-pb-0.1.0/opb/normalized-qap.lin.opb.xz,26
OPT-LIN/normalized-PB15eval/minlplib2-pb-0.1.0/opb/normalized-sporttournament06.lin.opb.xz,6
OPT-LIN/normalized-PB15eval/minlplib2-pb-0.1.0/opb/normalized-sporttournament08.lin.opb.xz,7
OPT-LIN/normalized-PB15eval/minlplib2-pb-0.1.0/opb/normalized-sporttournament10.lin.opb.xz,7
OPT-LIN/normalized-PB15eval/minlplib2-pb-0.1.0/opb/normalized-sporttournament12.lin.opb.xz,8
OPT-LIN/normalized-PB15eval/minlplib2-pb-0.1.0/opb/normalized-sporttournament16.lin.opb.xz,9
OPT-LIN/normalized-PB15eval/minlplib2-pb-0.1.0/opb/normalized-sporttournament18.lin.opb.xz,9
OPT-LIN/normalized-PB15eval/minlplib2-pb-0.1.0/opb/normalized-sporttournament20.lin.opb.xz,10
OPT-LIN/normalized-PB15eval/minlplib2-pb-0.1.0/opb/normalized-sporttournament22.lin.opb.xz,10
OPT-LIN/normalized-PB15eval/minlplib2-pb-0.1.0/opb/normalized-sporttournament24.lin.opb.xz,10
OPT-LIN/normalized-PB15eval/minlplib2-pb-0.1.0/opb/normalized-sporttournament26.lin.opb.xz,10
OPT-LIN/normalized-PB15eval/minlplib2-pb-0.1.0/opb/normalized-sporttournament28.lin.opb.xz,11
OPT-LIN/normalized-PB15eval/minlplib2-pb-0.1.0/opb/normalized-sporttournament30.lin.opb.xz,11
OPT-LIN/normalized-PB15eval/minlplib2-pb-0.1.0/opb/normalized-sporttournament32.lin.opb.xz,11
OPT-LIN/normalized-PB15eval/minlplib2-pb-0.1.0/opb/normalized-sporttournament34.lin.opb.xz,11
OPT-LIN/normalized-PB15eval/minlplib2-pb-0.1.0/opb/normalized-sporttournament36.lin.opb.xz,11
OPT-LIN/normalized-PB15eval/minlplib2-pb-0.1.0/opb/normalized-sporttournament38.lin.opb.xz,11
OPT-LIN/normalized-PB15eval/minlplib2-pb-0.1.0/opb/normalized-sporttournament40.lin.opb.xz,12
OPT-LIN/normalized-PB15eval/minlplib2-pb-0.1.0/opb/normalized-sporttournament42.lin.opb.xz,12
OPT-LIN/normalized-PB15eval/minlplib2-pb-0.1.0/opb/normalized-sporttournament44.lin.opb.xz,12
OPT-LIN/normalized-PB15eval/minlplib2-pb-0.1.0/opb/normalized-sporttournament46.lin.opb.xz,12
OPT-LIN/normalized-PB15eval/minlplib2-pb-0.1.0/opb/normalized-sporttournament48.lin.opb.xz,12
OPT-LIN/normalized-PB15eval/minlplib2-pb-0.1.0/opb/normalized-sporttournament50.lin.opb.xz,12
OPT-LIN/normalized-PB15eval/pbfvmc-formulae/hw128/normalized-hw128-vm100p-opt.opb.negationfix.opb.xz,21
OPT-LIN/normalized-PB15eval/pbfvmc-formulae/hw128/normalized-hw128-vm25p-opt.opb.negationfix.opb.xz,20
OPT-LIN/normalized-PB15eval/pbfvmc-formulae/hw128/normalized-hw128-vm50p-opt.opb.negationfix.opb.xz,20
OPT-LIN/normalized-PB15eval/pbfvmc-formulae/hw128/normalized-hw128-vm75p-opt.opb.negationfix.opb.xz,20
OPT-LIN/normalized-PB15eval/pbfvmc-formulae/hw128/normalized-hw128-vm85p-opt.opb.negationfix.opb.xz,20
OPT-LIN/normalized-PB15eval/pbfvmc-formulae/hw128/normalized-hw128-vm90p-opt.opb.negationfix.opb.xz,21
OPT-LIN/normalized-PB15eval/pbfvmc-formulae/hw128/normalized-hw128-vm95p-opt.opb.negationfix.opb.xz,21
OPT-LIN/normalized-PB15eval/pbfvmc-formulae/hw128/normalized-hw128-vm98p-opt.opb.negationfix.opb.xz,21
OPT-LIN/normalized-PB15eval/pbfvmc-formulae/hw128/normalized-hw128-vm99p-opt.opb.negationfix.opb.xz,21
OPT-LIN/normalized-PB15eval/pbfvmc-formulae/hw32/normalized-hw32-vm100p-opt.opb.negationfix.opb.xz,19
OPT-LIN/normalized-PB15eval/pbfvmc-formulae/hw32/normalized-hw32-vm25p-opt.opb.negationfix.opb.xz,18
OPT-LIN/normalized-PB15eval/pbfvmc-formulae/hw32/normalized-hw32-vm50p-opt.opb.negationfix.opb.xz,18
OPT-LIN/normalized-PB15eval/pbfvmc-formulae/hw32/normalized-hw32-vm75p-opt.opb.negationfix.opb.xz,18
OPT-LIN/normalized-PB15eval/pbfvmc-formulae/hw32/normalized-hw32-vm85p-opt.opb.negationfix.opb.xz,19
OPT-LIN/normalized-PB15eval/pbfvmc-formulae/hw32/normalized-hw32-vm90p-opt.opb.negationfix.opb.xz,19
OPT-LIN/normalized-PB15eval/pbfvmc-formulae/hw32/normalized-hw32-vm95p-opt.opb.negationfix.opb.xz,19
OPT-LIN/normalized-PB15eval/pbfvmc-formulae/hw32/normalized-hw32-vm98p-opt.opb.negationfix.opb.xz,19
OPT-LIN/normalized-PB15eval/pbfvmc-formulae/hw32/normalized-hw32-vm99p-opt.opb.negationfix.opb.xz,19
OPT-LIN/normalized-PB15eval/pbfvmc-formulae/hw64/normalized-hw64-vm100p-opt.opb.negationfix.opb.xz,20
OPT-LIN/normalized-PB15eval/pbfvmc-formulae/hw64/normalized-hw64-vm25p-opt.opb.negationfix.opb.xz,19
OPT-LIN/normalized-PB15eval/pbfvmc-formulae/hw64/normalized-hw64-vm50p-opt.opb.negationfix.opb.xz,19
OPT-LIN/normalized-PB15eval/pbfvmc-formulae/hw64/normalized-hw64-vm75p-opt.opb.negationfix.opb.xz,19
OPT-LIN/normalized-PB15eval/pbfvmc-formulae/hw64/normalized-hw64-vm85p-opt.opb.negationfix.opb.xz,20
OPT-LIN/normalized-PB15eval/pbfvmc-formulae/hw64/normalized-hw64-vm90p-opt.opb.negationfix.opb.xz,20
OPT-LIN/normalized-PB15eval/pbfvmc-formulae/hw64/normalized-hw64-vm95p-opt.opb.negationfix.opb.xz,20
OPT-LIN/normalized-PB15eval/pbfvmc-formulae/hw64/normalized-hw64-vm98p-opt.opb.negationfix.opb.xz,20
OPT-LIN/normalized-PB15eval/pbfvmc-formulae/hw64/normalized-hw64-vm99p-opt.opb.negationfix.opb.xz,20
OPT-LIN/normalized-PB16/lion9-single-obj/normalized-single-obj-f10-DCTotalLoss.seq-A-2-2-irEDCBA.opb.xz,38
OPT-LIN/normalized-PB16/lion9-single-obj/normalized-single-obj-f10-DCTotalLoss.seq-A-3-1-irEDCBA.opb.xz,38
OPT-LIN/normalized-PB16/lion9-single-obj/normalized-single-obj-f10-DCTotalLoss.seq-A-3-1-irabcde.opb.xz,38
OPT-LIN/normalized-PB16/lion9-single-obj/normalized-single-obj-f10-DCTotalLoss.seq-A-3-2-irEDCBA.opb.xz,38
OPT-LIN/normalized-PB16/lion9-single-obj/normalized-single-obj-f10-DCTotalLoss.seq-A-3-2-irabcde.opb.xz,38
OPT-LIN/normalized-PB16/lion9-single-obj/normalized-single-obj-f10-DCTotalLoss.seq-A-3-combined-irabcde.opb.xz,38
OPT-LIN/normalized-PB16/lion9-single-obj/normalized-single-obj-f10-DCTotalLoss.seq-B-2-1-irEDCBA.opb.xz,38
OPT-LIN/normalized-PB16/lion9-single-obj/normalized-single-obj-f10-DCTotalLoss.seq-B-2-1-irabcde.opb.xz,38
OPT-LIN/normalized-PB16/lion9-single-obj/normalized-single-obj-f10-DCTotalLoss.seq-B-2-2-irabcde.opb.xz,38
OPT-LIN/normalized-PB16/lion9-single-obj/normalized-single-obj-f10-DCTotalLoss.seq-B-2-combined-irEDCBA.opb.xz,38
OPT-LIN/normalized-PB16/lion9-single-obj/normalized-single-obj-f10-DCTotalLoss.seq-B-2-combined-irabcde.opb.xz,38
OPT-LIN/normalized-PB16/lion9-single-obj/normalized-single-obj-f10-DCTotalLoss.seq-B-3-1-irEDCBA.opb.xz,38
OPT-LIN/normalized-PB16/lion9-single-obj/normalized-single-obj-f10-DCTotalLoss.seq-B-3-1-irabcde.opb.xz,38
OPT-LIN/normalized-PB16/lion9-single-obj/normalized-single-obj-f10-DCTotalLoss.seq-B-3-combined-abcdeir.opb.xz,38
OPT-LIN/normalized-PB16/lion9-single-obj/normalized-single-obj-f10-DCTotalLoss.seq-B-3-combined-irabcde.opb.xz,38
OPT-LIN/normalized-PB16/lion9-single-obj/normalized-single-obj-f11-DCTotalLoss.seq-A-2-1-irEDCBA.opb.xz,38
OPT-LIN/normalized-PB16/lion9-single-obj/normalized-single-obj-f11-DCTotalLoss.seq-A-2-1-irabcde.opb.xz,38
OPT-LIN/normalized-PB16/lion9-single-obj/normalized-single-obj-f11-DCTotalLoss.seq-A-2-2-irabcde.opb.xz,38
OPT-LIN/normalized-PB16/lion9-single-obj/normalized-single-obj-f11-DCTotalLoss.seq-A-2-combined-irEDCBA.opb.xz,38
OPT-LIN/normalized-PB16/lion9-single-obj/normalized-single-obj-f11-DCTotalLoss.seq-A-2-combined-irabcde.opb.xz,38
OPT-LIN/normalized-PB16/lion9-single-obj/normalized-single-obj-f11-DCTotalLoss.seq-A-3-1-EDCBAir.opb.xz,38
OPT-LIN/normalized-PB16/lion9-single-obj/normalized-single-obj-f11-DCTotalLoss.seq-A-3-combined-irEDCBA.opb.xz,38
OPT-LIN/normalized-PB16/lion9-single-obj/normalized-single-obj-f11-DCTotalLoss.seq-B-2-2-irEDCBA.opb.xz,38
OPT-LIN/normalized-PB16/lion9-single-obj/normalized-single-obj-f11-DCTotalLoss.seq-B-3-1-abcdeir.opb.xz,38
OPT-LIN/normalized-PB16/lion9-single-obj/normalized-single-obj-f11-DCTotalLoss.seq-B-3-2-irEDCBA.opb.xz,38
OPT-LIN/normalized-PB16/lion9-single-obj/normalized-single-obj-f11-DCTotalLoss.seq-B-3-2-irabcde.opb.xz,38
OPT-LIN/normalized-PB16/lion9-single-obj/normalized-single-obj-f11-DCTotalLoss.seq-B-3-combined-irEDCBA.opb.xz,38
OPT-LIN/normalized-PB16/lion9-single-obj/normalized-single-obj-f16-DCdoubleLoss.seq-A-2-1-abcdeir.opb.xz,38
OPT-LIN/normalized-PB16/lion9-single-obj/normalized-single-obj-f16-DCdoubleLoss.seq-A-2-1-irEDCBA.opb.xz,38
OPT-LIN/normalized-PB16/lion9-single-obj/normalized-single-obj-f16-DCdoubleLoss.seq-A-2-1-irabcde.opb.xz,38
OPT-LIN/normalized-PB16/lion9-single-obj/normalized-single-obj-f16-DCdoubleLoss.seq-A-2-combined-irEDCBA.opb.xz,38
OPT-LIN/normalized-PB16/lion9-single-obj/normalized-single-obj-f16-DCdoubleLoss.seq-A-2-combined-irabcde.opb.xz,38
OPT-LIN/normalized-PB16/lion9-single-obj/normalized-single-obj-f16-DCdoubleLoss.seq-B-2-1-irEDCBA.opb.xz,38
OPT-LIN/normalized-PB16/lion9-single-obj/normalized-single-obj-f16-DCdoubleLoss.seq-B-2-1-irabcde.opb.xz,38
OPT-LIN/normalized-PB16/lion9-single-obj/normalized-single-obj-f17-DCdoubleLoss.seq-A-2-2-irEDCBA.opb.xz,38
OPT-LIN/normalized-PB16/lion9-single-obj/normalized-single-obj-f17-DCdoubleLoss.seq-A-2-2-irabcde.opb.xz,38
OPT-LIN/normalized-PB16/lion9-single-obj/normalized-single-obj-f17-DCdoubleLoss.seq-B-2-2-irEDCBA.opb.xz,38
OPT-LIN/normalized-PB16/lion9-single-obj/normalized-single-obj-f17-DCdoubleLoss.seq-B-2-2-irabcde.opb.xz,38
OPT-LIN/normalized-PB16/lion9-single-obj/normalized-single-obj-f17-DCdoubleLoss.seq-B-2-combined-irEDCBA.opb.xz,38
OPT-LIN/normalized-PB16/lion9-single-obj/normalized-single-obj-f17-DCdoubleLoss.seq-B-2-combined-irabcde.opb.xz,38
OPT-LIN/normalized-PB16/lion9-single-obj/normalized-single-obj-f33-AC_ESS.seq-A-2-1-irabcde.opb.xz,35
OPT-LIN/normalized-PB16/lion9-single-obj/normalized-single-obj-f33-AC_ESS.seq-A-2-2-irabcde.opb.xz,35
OPT-LIN/normalized-PB16/lion9-single-obj/normalized-single-obj-f33-AC_ESS.seq-B-2-1-irabcde.opb.xz,35
OPT-LIN/normalized-PB16/lion9-single-obj/normalized-single-obj-f33-AC_ESS.seq-B-2-2-irEDCBA.opb.xz,35
OPT-LIN/normalized-PB16/lion9-single-obj/normalized-single-obj-f33-AC_ESS.seq-B-2-2-irabcde.opb.xz,35
OPT-LIN/normalized-PB16/lion9-single-obj/normalized-single-obj-f33-AC_ESS.seq-B-2-combined-irEDCBA.opb.xz,35
OPT-LIN/normalized-PB16/lion9-single-obj/normalized-single-obj-f33-AC_ESS.seq-B-2-combined-irabcde.opb.xz,35
OPT-LIN/normalized-PB16/lion9-single-obj/normalized-single-obj-f34-AC_ESS.seq-A-2-1-irEDCBA.opb.xz,35
OPT-LIN/normalized-PB16/lion9-single-obj/normalized-single-obj-f34-AC_ESS.seq-A-2-2-irEDCBA.opb.xz,35
OPT-LIN/normalized-PB16/lion9-single-obj/normalized-single-obj-f34-AC_ESS.seq-A-2-combined-irEDCBA.opb.xz,35
OPT-LIN/normalized-PB16/lion9-single-obj/normalized-single-obj-f34-AC_ESS.seq-A-2-combined-irabcde.opb.xz,35
OPT-LIN/normalized-PB16/lion9-single-obj/normalized-single-obj-f34-AC_ESS.seq-B-2-1-irEDCBA.opb.xz,35
OPT-LIN/normalized-PB16/lion9-single-obj/normalized-single-obj-f37-AC_TotalLoss.seq-A-2-1-irEDCBA.opb.xz,34
OPT-LIN/normalized-PB16/lion9-single-obj/normalized-single-obj-f37-AC_TotalLoss.seq-A-2-1-irabcde.opb.xz,34
OPT-LIN/normalized-PB16/lion9-single-obj/normalized-single-obj-f37-AC_TotalLoss.seq-A-2-2-irabcde.opb.xz,34
OPT-LIN/normalized-PB16/lion9-single-obj/normalized-single-obj-f37-AC_TotalLoss.seq-A-2-combined-irEDCBA.opb.xz,34
OPT-LIN/normalized-PB16/lion9-single-obj/normalized-single-obj-f37-AC_TotalLoss.seq-B-2-1-irEDCBA.opb.xz,34
OPT-LIN/normalized-PB16/lion9-single-obj/normalized-single-obj-f37-AC_TotalLoss.seq-B-2-1-irabcde.opb.xz,34
OPT-LIN/normalized-PB16/lion9-single-obj/normalized-single-obj-f37-AC_TotalLoss.seq-B-2-2-irEDCBA.opb.xz,34
OPT-LIN/normalized-PB16/lion9-single-obj/normalized-single-obj-f37-AC_TotalLoss.seq-B-2-2-irabcde.opb.xz,34
OPT-LIN/normalized-PB16/lion9-single-obj/normalized-single-obj-f37-AC_TotalLoss.seq-B-2-combined-irEDCBA.opb.xz,34
OPT-LIN/normalized-PB16/lion9-single-obj/normalized-single-obj-f37-AC_TotalLoss.seq-B-2-combined-irabcde.opb.xz,34
OPT-LIN/normalized-PB16/lion9-single-obj/normalized-single-obj-f38-AC_TotalLoss.seq-A-2-2-irEDCBA.opb.xz,34
OPT-LIN/normalized-PB16/lion9-single-obj/normalized-single-obj-f38-AC_TotalLoss.seq-A-2-combined-irabcde.opb.xz,34
OPT-LIN/normalized-PB16/lion9-single-obj/normalized-single-obj-f4-DataDisplay_2_order9.seq-A-3-1-abcdeir.opb.xz,29
OPT-LIN/normalized-PB16/lion9-single-obj/normalized-single-obj-f4-DataDisplay_2_order9.seq-A-3-1-irEDCBA.opb.xz,29
OPT-LIN/normalized-PB16/lion9-single-obj/normalized-single-obj-f4-DataDisplay_2_order9.seq-A-3-1-irabcde.opb.xz,29
OPT-LIN/normalized-PB16/lion9-single-obj/normalized-single-obj-f4-DataDisplay_2_order9.seq-A-3-2-irEDCBA.opb.xz,29
OPT-LIN/normalized-PB16/lion9-single-obj/normalized-single-obj-f4-DataDisplay_2_order9.seq-A-3-2-irabcde.opb.xz,29
OPT-LIN/normalized-PB16/lion9-single-obj/normalized-single-obj-f4-DataDisplay_2_order9.seq-A-3-combined-EDCBAir.opb.xz,29
OPT-LIN/normalized-PB16/lion9-single-obj/normalized-single-obj-f4-DataDisplay_2_order9.seq-A-3-combined-irEDCBA.opb.xz,29
OPT-LIN/normalized-PB16/lion9-single-obj/normalized-single-obj-f4-DataDisplay_2_order9.seq-A-3-combined-irabcde.opb.xz,29
OPT-LIN/normalized-PB16/lion9-single-obj/normalized-single-obj-f4-DataDisplay_2_order9.seq-B-3-1-irEDCBA.opb.xz,29
OPT-LIN/normalized-PB16/lion9-single-obj/normalized-single-obj-f4-DataDisplay_2_order9.seq-B-3-1-irabcde.opb.xz,29
OPT-LIN/normalized-PB16/lion9-single-obj/normalized-single-obj-f4-DataDisplay_2_order9.seq-B-3-2-irEDCBA.opb.xz,29
OPT-LIN/normalized-PB16/lion9-single-obj/normalized-single-obj-f4-DataDisplay_2_order9.seq-B-3-2-irabcde.opb.xz,29
OPT-LIN/normalized-PB16/lion9-single-obj/normalized-single-obj-f4-DataDisplay_2_order9.seq-B-3-combined-EDCBAir.opb.xz,29
OPT-LIN/normalized-PB16/lion9-single-obj/normalized-single-obj-f4-DataDisplay_2_order9.seq-B-3-combined-irEDCBA.opb.xz,29
OPT-LIN/normalized-PB16/lion9-single-obj/normalized-single-obj-f4-DataDisplay_2_order9.seq-B-3-combined-irabcde.opb.xz,29
OPT-LIN/normalized-PB16/lion9-single-obj/normalized-single-obj-f41-DC_DoubleLoss.seq-A-2-1-irabcde.opb.xz,37
OPT-LIN/normalized-PB16/lion9-single-obj/normalized-single-obj-f41-DC_DoubleLoss.seq-A-2-2-irEDCBA.opb.xz,37
OPT-LIN/normalized-PB16/lion9-single-obj/normalized-single-obj-f41-DC_DoubleLoss.seq-A-2-2-irabcde.opb.xz,37
OPT-LIN/normalized-PB16/lion9-single-obj/normalized-single-obj-f41-DC_DoubleLoss.seq-A-2-combined-irabcde.opb.xz,37
OPT-LIN/normalized-PB16/lion9-single-obj/normalized-single-obj-f41-DC_DoubleLoss.seq-B-2-1-irEDCBA.opb.xz,37
OPT-LIN/normalized-PB16/lion9-single-obj/normalized-single-obj-f41-DC_DoubleLoss.seq-B-2-combined-irabcde.opb.xz,37
OPT-LIN/normalized-PB16/lion9-single-obj/normalized-single-obj-f42-DC_DoubleLoss.seq-A-2-1-irEDCBA.opb.xz,37
OPT-LIN/normalized-PB16/lion9-single-obj/normalized-single-obj-f42-DC_DoubleLoss.seq-A-2-combined-irEDCBA.opb.xz,37
OPT-LIN/normalized-PB16/lion9-single-obj/normalized-single-obj-f42-DC_DoubleLoss.seq-B-2-1-irabcde.opb.xz,37
OPT-LIN/normalized-PB16/lion9-single-obj/normalized-single-obj-f42-DC_DoubleLoss.seq-B-2-2-irEDCBA.opb.xz,37
OPT-LIN/normalized-PB16/lion9-single-obj/normalized-single-obj-f42-DC_DoubleLoss.seq-B-2-2-irabcde.opb.xz,37
OPT-LIN/normalized-PB16/lion9-single-obj/normalized-single-obj-f42-DC_DoubleLoss.seq-B-2-combined-irEDCBA.opb.xz,37
OPT-LIN/normalized-PB16/lion9-single-obj/normalized-single-obj-f43-DC_ESS.seq-A-2-1-abcdeir.opb.xz,37
OPT-LIN/normalized-PB16/lion9-single-obj/normalized-single-obj-f43-DC_ESS.seq-A-2-1-irEDCBA.opb.xz,37
OPT-LIN/normalized-PB16/lion9-single-obj/normalized-single-obj-f43-DC_ESS.seq-A-2-2-irabcde.opb.xz,37
OPT-LIN/normalized-PB16/lion9-single-obj/normalized-single-obj-f43-DC_ESS.seq-A-2-combined-irEDCBA.opb.xz,37
OPT-LIN/normalized-PB16/lion9-single-obj/normalized-single-obj-f43-DC_ESS.seq-B-2-1-irEDCBA.opb.xz,37
OPT-LIN/normalized-PB16/lion9-single-obj/normalized-single-obj-f44-DC_ESS.seq-A-2-1-EDCBAir.opb.xz,37
OPT-LIN/normalized-PB16/lion9-single-obj/normalized-single-obj-f44-DC_ESS.seq-A-2-1-irabcde.opb.xz,37
OPT-LIN/normalized-PB16/lion9-single-obj/normalized-single-obj-f44-DC_ESS.seq-A-2-2-irEDCBA.opb.xz,37
OPT-LIN/normalized-PB16/lion9-single-obj/normalized-single-obj-f44-DC_ESS.seq-A-2-combined-irabcde.opb.xz,37
OPT-LIN/normalized-PB16/lion9-single-obj/normalized-single-obj-f44-DC_ESS.seq-B-2-1-irabcde.opb.xz,37
OPT-LIN/normalized-PB16/lion9-single-obj/normalized-single-obj-f44-DC_ESS.seq-B-2-2-irEDCBA.opb.xz,37
OPT-LIN/normalized-PB16/lion9-single-obj/normalized-single-obj-f44-DC_ESS.seq-B-2-2-irabcde.opb.xz,37
OPT-LIN/normalized-PB16/lion9-single-obj/normalized-single-obj-f44-DC_ESS.seq-B-2-combined-irEDCBA.opb.xz,37
OPT-LIN/normalized-PB16/lion9-single-obj/normalized-single-obj-f44-DC_ESS.seq-B-2-combined-irabcde.opb.xz,37
OPT-LIN/normalized-PB16/lion9-single-obj/normalized-single-obj-f46-DC_Side1.seq-A-2-1-irEDCBA.opb.xz,37
OPT-LIN/normalized-PB16/lion9-single-obj/normalized-single-obj-f46-DC_Side1.seq-A-2-1-irabcde.opb.xz,37
OPT-LIN/normalized-PB16/lion9-single-obj/normalized-single-obj-f46-DC_Side1.seq-A-2-2-irabcde.opb.xz,37
OPT-LIN/normalized-PB16/lion9-single-obj/normalized-single-obj-f46-DC_Side1.seq-A-2-combined-irEDCBA.opb.xz,37
OPT-LIN/normalized-PB16/lion9-single-obj/normalized-single-obj-f46-DC_Side1.seq-A-2-combined-irabcde.opb.xz,37
OPT-LIN/normalized-PB16/lion9-single-obj/normalized-single-obj-f46-DC_Side1.seq-B-2-1-irEDCBA.opb.xz,37
OPT-LIN/normalized-PB16/lion9-single-obj/normalized-single-obj-f46-DC_Side1.seq-B-2-1-irabcde.opb.xz,37
OPT-LIN/normalized-PB16/lion9-single-obj/normalized-single-obj-f47-DC_Side1.seq-A-2-2-irEDCBA.opb.xz,37
OPT-LIN/normalized-PB16/lion9-single-obj/normalized-single-obj-f47-DC_Side1.seq-B-2-1-EDCBAir.opb.xz,37
OPT-LIN/normalized-PB16/lion9-single-obj/normalized-single-obj-f47-DC_Side1.seq-B-2-2-irEDCBA.opb.xz,37
OPT-LIN/normalized-PB16/lion9-single-obj/normalized-single-obj-f47-DC_Side1.seq-B-2-2-irabcde.opb.xz,37
OPT-LIN/normalized-PB16/lion9-single-obj/normalized-single-obj-f47-DC_Side1.seq-B-2-combined-irEDCBA.opb.xz,37
OPT-LIN/normalized-PB16/lion9-single-obj/normalized-single-obj-f47-DC_Side1.seq-B-2-combined-irabcde.opb.xz,37
OPT-LIN/normalized-PB16/lion9-single-obj/normalized-single-obj-f48-DC_TotalLoss.seq-A-2-2-irabcde.opb.xz,37
OPT-LIN/normalized-PB16/lion9-single-obj/normalized-single-obj-f48-DC_TotalLoss.seq-A-2-combined-irabcde.opb.xz,37
OPT-LIN/normalized-PB16/lion9-single-obj/normalized-single-obj-f48-DC_TotalLoss.seq-B-2-1-irabcde.opb.xz,37
OPT-LIN/normalized-PB16/lion9-single-obj/normalized-single-obj-f48-DC_TotalLoss.seq-B-2-2-irEDCBA.opb.xz,37
OPT-LIN/normalized-PB16/lion9-single-obj/normalized-single-obj-f48-DC_TotalLoss.seq-B-2-2-irabcde.opb.xz,37
OPT-LIN/normalized-PB16/lion9-single-obj/normalized-single-obj-f48-DC_TotalLoss.seq-B-2-combined-irEDCBA.opb.xz,37
OPT-LIN/normalized-PB16/lion9-single-obj/normalized-single-obj-f48-DC_TotalLoss.seq-B-2-combined-irabcde.opb.xz,37
OPT-LIN/normalized-PB16/lion9-single-obj/normalized-single-obj-f49-DC_TotalLoss.seq-A-2-1-irEDCBA.opb.xz,37
OPT-LIN/normalized-PB16/lion9-single-obj/normalized-single-obj-f49-DC_TotalLoss.seq-A-2-1-irabcde.opb.xz,37
OPT-LIN/normalized-PB16/lion9-single-obj/normalized-single-obj-f49-DC_TotalLoss.seq-A-2-2-irEDCBA.opb.xz,37
OPT-LIN/normalized-PB16/lion9-single-obj/normalized-single-obj-f49-DC_TotalLoss.seq-A-2-combined-irEDCBA.opb.xz,37
OPT-LIN/normalized-PB16/lion9-single-obj/normalized-single-obj-f49-DC_TotalLoss.seq-B-2-1-irEDCBA.opb.xz,37
OPT-LIN/normalized-PB16/lion9-single-obj/normalized-single-obj-f50-DC_side2.seq-A-2-1-irEDCBA.opb.xz,37
OPT-LIN/normalized-PB16/lion9-single-obj/normalized-single-obj-f50-DC_side2.seq-A-2-1-irabcde.opb.xz,37
OPT-LIN/normalized-PB16/lion9-single-obj/normalized-single-obj-f50-DC_side2.seq-A-2-combined-irEDCBA.opb.xz,37
OPT-LIN/normalized-PB16/lion9-single-obj/normalized-single-obj-f50-DC_side2.seq-A-2-combined-irabcde.opb.xz,37
OPT-LIN/normalized-PB16/lion9-single-obj/normalized-single-obj-f50-DC_side2.seq-B-2-combined-irEDCBA.opb.xz,37
OPT-LIN/normalized-PB16/lion9-single-obj/normalized-single-obj-f50-DC_side2.seq-B-2-combined-irabcde.opb.xz,37
OPT-LIN/normalized-PB16/lion9-single-obj/normalized-single-obj-f51-DC_side2.seq-A-2-2-irEDCBA.opb.xz,37
OPT-LIN/normalized-PB16/lion9-single-obj/normalized-single-obj-f51-DC_side2.seq-A-2-2-irabcde.opb.xz,37
OPT-LIN/normalized-PB16/lion9-single-obj/normalized-single-obj-f51-DC_side2.seq-B-2-1-irEDCBA.opb.xz,37
OPT-LIN/normalized-PB16/lion9-single-obj/normalized-single-obj-f51-DC_side2.seq-B-2-1-irabcde.opb.xz,37
OPT-LIN/normalized-PB16/lion9-single-obj/normalized-single-obj-f51-DC_side2.seq-B-2-2-irEDCBA.opb.xz,37
OPT-LIN/normalized-PB16/lion9-single-obj/normalized-single-obj-f51-DC_side2.seq-B-2-2-irabcde.opb.xz,37
OPT-LIN/normalized-PB16/lion9-single-obj/normalized-single-obj-f52-ACTotalLoss.seq-A-2-1-irEDCBA.opb.xz,35
OPT-LIN/normalized-PB16/lion9-single-obj/normalized-single-obj-f52-ACTotalLoss.seq-A-2-1-irabcde.opb.xz,35
OPT-LIN/normalized-PB16/lion9-single-obj/normalized-single-obj-f52-ACTotalLoss.seq-A-2-2-irabcde.opb.xz,35
OPT-LIN/normalized-PB16/lion9-single-obj/normalized-single-obj-f52-ACTotalLoss.seq-A-2-combined-irEDCBA.opb.xz,35
OPT-LIN/normalized-PB16/lion9-single-obj/normalized-single-obj-f52-ACTotalLoss.seq-B-2-1-irEDCBA.opb.xz,35
OPT-LIN/normalized-PB16/lion9-single-obj/normalized-single-obj-f52-ACTotalLoss.seq-B-2-2-irabcde.opb.xz,35
OPT-LIN/normalized-PB16/lion9-single-obj/normalized-single-obj-f53-AC_FC1.seq-A-2-1-EDCBAir.opb.xz,44
OPT-LIN/normalized-PB16/lion9-single-obj/normalized-single-obj-f53-AC_FC1.seq-A-2-1-abcdeir.opb.xz,44
OPT-LIN/normalized-PB16/lion9-single-obj/normalized-single-obj-f53-AC_FC1.seq-A-2-1-irEDCBA.opb.xz,44
OPT-LIN/normalized-PB16/lion9-single-obj/normalized-single-obj-f53-AC_FC1.seq-A-2-1-irabcde.opb.xz,44
OPT-LIN/normalized-PB16/lion9-single-obj/normalized-single-obj-f53-AC_FC1.seq-A-2-2-irEDCBA.opb.xz,44
OPT-LIN/normalized-PB16/lion9-single-obj/normalized-single-obj-f53-AC_FC1.seq-A-2-2-irabcde.opb.xz,44
OPT-LIN/normalized-PB16/lion9-single-obj/normalized-single-obj-f53-AC_FC1.seq-A-2-combined-EDCBAir.opb.xz,44
OPT-LIN/normalized-PB16/lion9-single-obj/normalized-single-obj-f53-AC_FC1.seq-A-2-combined-irEDCBA.opb.xz,44
OPT-LIN/normalized-PB16/lion9-single-obj/normalized-single-obj-f53-AC_FC1.seq-A-2-combined-irabcde.opb.xz,44
OPT-LIN/normalized-PB16/lion9-single-obj/normalized-single-obj-f53-AC_FC1.seq-B-2-1-EDCBAir.opb.xz,44
OPT-LIN/normalized-PB16/lion9-single-obj/normalized-single-obj-f53-AC_FC1.seq-B-2-1-abcdeir.opb.xz,44
OPT-LIN/normalized-PB16/lion9-single-obj/normalized-single-obj-f53-AC_FC1.seq-B-2-1-irEDCBA.opb.xz,44
OPT-LIN/normalized-PB16/lion9-single-obj/normalized-single-obj-f53-AC_FC1.seq-B-2-1-irabcde.opb.xz,44
OPT-LIN/normalized-PB16/lion9-single-obj/normalized-single-obj-f53-AC_FC1.seq-B-2-2-irEDCBA.opb.xz,44
OPT-LIN/normalized-PB16/lion9-single-obj/normalized-single-obj-f53-AC_FC1.seq-B-2-2-irabcde.opb.xz,44
OPT-LIN/normalized-PB16/lion9-single-obj/normalized-single-obj-f53-AC_FC1.seq-B-2-combined-EDCBAir.opb.xz,44
OPT-LIN/normalized-PB16/lion9-single-obj/normalized-single-obj-f53-AC_FC1.seq-B-2-combined-irEDCBA.opb.xz,44
OPT-LIN/normalized-PB16/lion9-single-obj/normalized-single-obj-f53-AC_FC1.seq-B-2-combined-irabcde.opb.xz,44
OPT-LIN/normalized-PB16/lion9-single-obj/normalized-single-obj-f56-FCS_FC1_order3_PB.seq-A-2-1-EDCBAir.opb.xz,44
OPT-LIN/normalized-PB16/lion9-single-obj/normalized-single-obj-f56-FCS_FC1_order3_PB.seq-A-2-1-abcdeir.opb.xz,44
OPT-LIN/normalized-PB16/lion9-single-obj/normalized-single-obj-f56-FCS_FC1_order3_PB.seq-A-2-1-irEDCBA.opb.xz,44
OPT-LIN/normalized-PB16/lion9-single-obj/normalized-single-obj-f56-FCS_FC1_order3_PB.seq-A-2-1-irabcde.opb.xz,44
OPT-LIN/normalized-PB16/lion9-single-obj/normalized-single-obj-f56-FCS_FC1_order3_PB.seq-A-2-2-EDCBAir.opb.xz,44
OPT-LIN/normalized-PB16/lion9-single-obj/normalized-single-obj-f56-FCS_FC1_order3_PB.seq-A-2-2-irEDCBA.opb.xz,44
OPT-LIN/normalized-PB16/lion9-single-obj/normalized-single-obj-f56-FCS_FC1_order3_PB.seq-A-2-2-irabcde.opb.xz,44
OPT-LIN/normalized-PB16/lion9-single-obj/normalized-single-obj-f56-FCS_FC1_order3_PB.seq-A-2-combined-EDCBAir.opb.xz,44
OPT-LIN/normalized-PB16/lion9-single-obj/normalized-single-obj-f56-FCS_FC1_order3_PB.seq-A-2-combined-irEDCBA.opb.xz,44
OPT-LIN/normalized-PB16/lion9-single-obj/normalized-single-obj-f56-FCS_FC1_order3_PB.seq-A-2-combined-irabcde.opb.xz,44
OPT-LIN/normalized-PB16/lion9-single-obj/normalized-single-obj-f56-FCS_FC1_order3_PB.seq-B-2-1-EDCBAir.opb.xz,44
OPT-LIN/normalized-PB16/lion9-single-obj/normalized-single-obj-f56-FCS_FC1_order3_PB.seq-B-2-1-abcdeir.opb.xz,44
OPT-LIN/normalized-PB16/lion9-single-obj/normalized-single-obj-f56-FCS_FC1_order3_PB.seq-B-2-1-irEDCBA.opb.xz,44
OPT-LIN/normalized-PB16/lion9-single-obj/normalized-single-obj-f56-FCS_FC1_order3_PB.seq-B-2-1-irabcde.opb.xz,44
OPT-LIN/normalized-PB16/lion9-single-obj/normalized-single-obj-f56-FCS_FC1_order3_PB.seq-B-2-2-EDCBAir.opb.xz,44
OPT-LIN/normalized-PB16/lion9-single-obj/normalized-single-obj-f56-FCS_FC1_order3_PB.seq-B-2-2-irEDCBA.opb.xz,44
OPT-LIN/normalized-PB16/lion9-single-obj/normalized-single-obj-f56-FCS_FC1_order3_PB.seq-B-2-2-irabcde.opb.xz,44
OPT-LIN/normalized-PB16/lion9-single-obj/normalized-single-obj-f56-FCS_FC1_order3_PB.seq-B-2-combined-EDCBAir.opb.xz,44
OPT-LIN/normalized-PB16/lion9-single-obj/normalized-single-obj-f56-FCS_FC1_order3_PB.seq-B-2-combined-irEDCBA.opb.xz,44
OPT-LIN/normalized-PB16/lion9-single-obj/normalized-single-obj-f56-FCS_FC1_order3_PB.seq-B-2-combined-irabcde.opb.xz,44
OPT-LIN/normalized-PB16/lion9-single-obj/normalized-single-obj-f58-fob_fxl_loss.seq-A-2-1-irEDCBA.opb.xz,38
OPT-LIN/normalized-PB16/lion9-single-obj/normalized-single-obj-f58-fob_fxl_loss.seq-A-2-1-irabcde.opb.xz,38
OPT-LIN/normalized-PB16/lion9-single-obj/normalized-single-obj-f58-fob_fxl_loss.seq-A-2-2-irabcde.opb.xz,38
OPT-LIN/normalized-PB16/lion9-single-obj/normalized-single-obj-f58-fob_fxl_loss.seq-A-2-combined-irabcde.opb.xz,38
OPT-LIN/normalized-PB16/lion9-single-obj/normalized-single-obj-f58-fob_fxl_loss.seq-A-3-1-EDCBAir.opb.xz,38
OPT-LIN/normalized-PB16/lion9-single-obj/normalized-single-obj-f58-fob_fxl_loss.seq-A-3-1-abcdeir.opb.xz,38
OPT-LIN/normalized-PB16/lion9-single-obj/normalized-single-obj-f58-fob_fxl_loss.seq-A-3-1-irEDCBA.opb.xz,38
OPT-LIN/normalized-PB16/lion9-single-obj/normalized-single-obj-f58-fob_fxl_loss.seq-A-3-1-irabcde.opb.xz,38
OPT-LIN/normalized-PB16/lion9-single-obj/normalized-single-obj-f58-fob_fxl_loss.seq-A-3-2-EDCBAir.opb.xz,38
OPT-LIN/normalized-PB16/lion9-single-obj/normalized-single-obj-f58-fob_fxl_loss.seq-A-3-2-abcdeir.opb.xz,38
OPT-LIN/normalized-PB16/lion9-single-obj/normalized-single-obj-f58-fob_fxl_loss.seq-A-3-2-irEDCBA.opb.xz,38
OPT-LIN/normalized-PB16/lion9-single-obj/normalized-single-obj-f58-fob_fxl_loss.seq-A-3-2-irabcde.opb.xz,38
OPT-LIN/normalized-PB16/lion9-single-obj/normalized-single-obj-f58-fob_fxl_loss.seq-A-3-combined-EDCBAir.opb.xz,38
OPT-LIN/normalized-PB16/lion9-single-obj/normalized-single-obj-f58-fob_fxl_loss.seq-A-3-combined-abcdeir.opb.xz,38
OPT-LIN/normalized-PB16/lion9-single-obj/normalized-single-obj-f58-fob_fxl_loss.seq-A-3-combined-irEDCBA.opb.xz,38
OPT-LIN/normalized-PB16/lion9-single-obj/normalized-single-obj-f58-fob_fxl_loss.seq-A-3-combined-irabcde.opb.xz,38
OPT-LIN/normalized-PB16/lion9-single-obj/normalized-single-obj-f58-fob_fxl_loss.seq-B-2-1-abcdeir.opb.xz,38
OPT-LIN/normalized-PB16/lion9-single-obj/normalized-single-obj-f58-fob_fxl_loss.seq-B-2-1-irEDCBA.opb.xz,38
OPT-LIN/normalized-PB16/lion9-single-obj/normalized-single-obj-f58-fob_fxl_loss.seq-B-2-1-irabcde.opb.xz,38
OPT-LIN/normalized-PB16/lion9-single-obj/normalized-single-obj-f58-fob_fxl_loss.seq-B-2-2-irEDCBA.opb.xz,38
OPT-LIN/normalized-PB16/lion9-single-obj/normalized-single-obj-f58-fob_fxl_loss.seq-B-2-2-irabcde.opb.xz,38
OPT-LIN/normalized-PB16/lion9-single-obj/normalized-single-obj-f58-fob_fxl_loss.seq-B-2-combined-irabcde.opb.xz,38
OPT-LIN/normalized-PB16/lion9-single-obj/normalized-single-obj-f58-fob_fxl_loss.seq-B-3-1-EDCBAir.opb.xz,38
OPT-LIN/normalized-PB16/lion9-single-obj/normalized-single-obj-f58-fob_fxl_loss.seq-B-3-1-abcdeir.opb.xz,38
OPT-LIN/normalized-PB16/lion9-single-obj/normalized-single-obj-f58-fob_fxl_loss.seq-B-3-1-irEDCBA.opb.xz,38
OPT-LIN/normalized-PB16/lion9-single-obj/normalized-single-obj-f58-fob_fxl_loss.seq-B-3-1-irabcde.opb.xz,38
OPT-LIN/normalized-PB16/lion9-single-obj/normalized-single-obj-f58-fob_fxl_loss.seq-B-3-2-EDCBAir.opb.xz,38
OPT-LIN/normalized-PB16/lion9-single-obj/normalized-single-obj-f58-fob_fxl_loss.seq-B-3-2-abcdeir.opb.xz,38
OPT-LIN/normalized-PB16/lion9-single-obj/normalized-single-obj-f58-fob_fxl_loss.seq-B-3-2-irEDCBA.opb.xz,38
OPT-LIN/normalized-PB16/lion9-single-obj/normalized-single-obj-f58-fob_fxl_loss.seq-B-3-2-irabcde.opb.xz,38
OPT-LIN/normalized-PB16/lion9-single-obj/normalized-single-obj-f58-fob_fxl_loss.seq-B-3-combined-EDCBAir.opb.xz,38
OPT-LIN/normalized-PB16/lion9-single-obj/normalized-single-obj-f58-fob_fxl_loss.seq-B-3-combined-abcdeir.opb.xz,38
OPT-LIN/normalized-PB16/lion9-single-obj/normalized-single-obj-f58-fob_fxl_loss.seq-B-3-combined-irEDCBA.opb.xz,38
OPT-LIN/normalized-PB16/lion9-single-obj/normalized-single-obj-f58-fob_fxl_loss.seq-B-3-combined-irabcde.opb.xz,38
OPT-LIN/normalized-PB16/lion9-single-obj/normalized-single-obj-f6-ACTotalLoss.seq-A-2-2-irEDCBA.opb.xz,35
OPT-LIN/normalized-PB16/lion9-single-obj/normalized-single-obj-f6-ACTotalLoss.seq-A-2-combined-irabcde.opb.xz,35
OPT-LIN/normalized-PB16/lion9-single-obj/normalized-single-obj-f6-ACTotalLoss.seq-B-2-1-irabcde.opb.xz,35
OPT-LIN/normalized-PB16/lion9-single-obj/normalized-single-obj-f6-ACTotalLoss.seq-B-2-2-irEDCBA.opb.xz,35
OPT-LIN/normalized-PB16/lion9-single-obj/normalized-single-obj-f6-ACTotalLoss.seq-B-2-combined-irEDCBA.opb.xz,35
OPT-LIN/normalized-PB16/lion9-single-obj/normalized-single-obj-f6-ACTotalLoss.seq-B-2-combined-irabcde.opb.xz,35
