path,intsize
DEC-LIN/normalized-PB06/submitted-PB05/aloul/FPGA_SAT05/normalized-chnl10_11_pb.cnf.cr.opb.xz,4
DEC-LIN/normalized-PB06/submitted-PB05/aloul/FPGA_SAT05/normalized-chnl10_15_pb.cnf.cr.opb.xz,5
DEC-LIN/normalized-PB06/submitted-PB05/aloul/FPGA_SAT05/normalized-chnl10_20_pb.cnf.cr.opb.xz,5
DEC-LIN/normalized-PB06/submitted-PB05/aloul/FPGA_SAT05/normalized-chnl15_16_pb.cnf.cr.opb.xz,5
DEC-LIN/normalized-PB06/submitted-PB05/aloul/FPGA_SAT05/normalized-chnl15_20_pb.cnf.cr.opb.xz,5
DEC-LIN/normalized-PB06/submitted-PB05/aloul/FPGA_SAT05/normalized-chnl15_25_pb.cnf.cr.opb.xz,5
DEC-LIN/normalized-PB06/submitted-PB05/aloul/FPGA_SAT05/normalized-chnl20_21_pb.cnf.cr.opb.xz,5
DEC-LIN/normalized-PB06/submitted-PB05/aloul/FPGA_SAT05/normalized-chnl20_25_pb.cnf.cr.opb.xz,5
DEC-LIN/normalized-PB06/submitted-PB05/aloul/FPGA_SAT05/normalized-chnl20_30_pb.cnf.cr.opb.xz,5
DEC-LIN/normalized-PB06/submitted-PB05/aloul/FPGA_SAT05/normalized-chnl30_31_pb.cnf.cr.opb.xz,6
DEC-LIN/normalized-PB06/submitted-PB05/aloul/FPGA_SAT05/normalized-chnl30_35_pb.cnf.cr.opb.xz,6
DEC-LIN/normalized-PB06/submitted-PB05/aloul/FPGA_SAT05/normalized-chnl30_40_pb.cnf.cr.opb.xz,6
DEC-LIN/normalized-PB06/submitted-PB05/aloul/FPGA_SAT05/normalized-chnl35_36_pb.cnf.cr.opb.xz,6
DEC-LIN/normalized-PB06/submitted-PB05/aloul/FPGA_SAT05/normalized-chnl35_40_pb.cnf.cr.opb.xz,6
DEC-LIN/normalized-PB06/submitted-PB05/aloul/FPGA_SAT05/normalized-chnl35_45_pb.cnf.cr.opb.xz,6
DEC-LIN/normalized-PB06/submitted-PB05/aloul/FPGA_SAT05/normalized-chnl40_41_pb.cnf.cr.opb.xz,6
DEC-LIN/normalized-PB06/submitted-PB05/aloul/FPGA_SAT05/normalized-chnl40_45_pb.cnf.cr.opb.xz,6
DEC-LIN/normalized-PB06/submitted-PB05/aloul/FPGA_SAT05/normalized-chnl40_50_pb.cnf.cr.opb.xz,6
DEC-LIN/normalized-PB06/submitted-PB05/aloul/FPGA_SAT05/normalized-chnl50_51_pb.cnf.cr.opb.xz,6
DEC-LIN/normalized-PB06/submitted-PB05/aloul/FPGA_SAT05/normalized-chnl50_55_pb.cnf.cr.opb.xz,6
DEC-LIN/normalized-PB06/submitted-PB05/aloul/FPGA_SAT05/normalized-chnl50_60_pb.cnf.cr.opb.xz,6
DEC-LIN/normalized-PB06/submitted-PB05/aloul/FPGA_SAT05/normalized-fpga10_10_sat_pb.cnf.cr.opb.xz,4
DEC-LIN/normalized-PB06/submitted-PB05/aloul/FPGA_SAT05/normalized-fpga10_8_sat_pb.cnf.cr.opb.xz,4
DEC-LIN/normalized-PB06/submitted-PB05/aloul/FPGA_SAT05/normalized-fpga10_9_sat_pb.cnf.cr.opb.xz,4
DEC-LIN/normalized-PB06/submitted-PB05/aloul/FPGA_SAT05/normalized-fpga11_10_sat_pb.cnf.cr.opb.xz,4
DEC-LIN/normalized-PB06/submitted-PB05/aloul/FPGA_SAT05/normalized-fpga11_11_sat_pb.cnf.cr.opb.xz,4
DEC-LIN/normalized-PB06/submitted-PB05/aloul/FPGA_SAT05/normalized-fpga11_9_sat_pb.cnf.cr.opb.xz,4
DEC-LIN/normalized-PB06/submitted-PB05/aloul/FPGA_SAT05/normalized-fpga12_10_sat_pb.cnf.cr.opb.xz,4
DEC-LIN/normalized-PB06/submitted-PB05/aloul/FPGA_SAT05/normalized-fpga12_11_sat_pb.cnf.cr.opb.xz,4
DEC-LIN/normalized-PB06/submitted-PB05/aloul/FPGA_SAT05/normalized-fpga12_12_sat_pb.cnf.cr.opb.xz,4
DEC-LIN/normalized-PB06/submitted-PB05/aloul/FPGA_SAT05/normalized-fpga13_11_sat_pb.cnf.cr.opb.xz,4
DEC-LIN/normalized-PB06/submitted-PB05/aloul/FPGA_SAT05/normalized-fpga13_12_sat_pb.cnf.cr.opb.xz,4
DEC-LIN/normalized-PB06/submitted-PB05/aloul/FPGA_SAT05/normalized-fpga13_13_sat_pb.cnf.cr.opb.xz,4
DEC-LIN/normalized-PB06/submitted-PB05/aloul/FPGA_SAT05/normalized-fpga14_12_sat_pb.cnf.cr.opb.xz,4
DEC-LIN/normalized-PB06/submitted-PB05/aloul/FPGA_SAT05/normalized-fpga14_13_sat_pb.cnf.cr.opb.xz,4
DEC-LIN/normalized-PB06/submitted-PB05/aloul/FPGA_SAT05/normalized-fpga14_14_sat_pb.cnf.cr.opb.xz,4
DEC-LIN/normalized-PB06/submitted-PB05/aloul/FPGA_SAT05/normalized-fpga15_13_sat_pb.cnf.cr.opb.xz,5
DEC-LIN/normalized-PB06/submitted-PB05/aloul/FPGA_SAT05/normalized-fpga15_14_sat_pb.cnf.cr.opb.xz,5
DEC-LIN/normalized-PB06/submitted-PB05/aloul/FPGA_SAT05/normalized-fpga15_15_sat_pb.cnf.cr.opb.xz,5
DEC-LIN/normalized-PB06/submitted-PB05/aloul/FPGA_SAT05/normalized-fpga20_18_sat_pb.cnf.cr.opb.xz,5
DEC-LIN/normalized-PB06/submitted-PB05/aloul/FPGA_SAT05/normalized-fpga20_19_sat_pb.cnf.cr.opb.xz,5
DEC-LIN/normalized-PB06/submitted-PB05/aloul/FPGA_SAT05/normalized-fpga20_20_sat_pb.cnf.cr.opb.xz,5
DEC-LIN/normalized-PB06/submitted-PB05/aloul/FPGA_SAT05/normalized-fpga25_23_sat_pb.cnf.cr.opb.xz,5
DEC-LIN/normalized-PB06/submitted-PB05/aloul/FPGA_SAT05/normalized-fpga25_24_sat_pb.cnf.cr.opb.xz,5
DEC-LIN/normalized-PB06/submitted-PB05/aloul/FPGA_SAT05/normalized-fpga25_25_sat_pb.cnf.cr.opb.xz,5
DEC-LIN/normalized-PB06/submitted-PB05/aloul/FPGA_SAT05/normalized-fpga30_28_sat_pb.cnf.cr.opb.xz,5
DEC-LIN/normalized-PB06/submitted-PB05/aloul/FPGA_SAT05/normalized-fpga30_29_sat_pb.cnf.cr.opb.xz,5
DEC-LIN/normalized-PB06/submitted-PB05/aloul/FPGA_SAT05/normalized-fpga30_30_sat_pb.cnf.cr.opb.xz,5
DEC-LIN/normalized-PB06/submitted-PB05/aloul/FPGA_SAT05/normalized-fpga35_33_sat_pb.cnf.cr.opb.xz,6
DEC-LIN/normalized-PB06/submitted-PB05/aloul/FPGA_SAT05/normalized-fpga35_34_sat_pb.cnf.cr.opb.xz,6
DEC-LIN/normalized-PB06/submitted-PB05/aloul/FPGA_SAT05/normalized-fpga35_35_sat_pb.cnf.cr.opb.xz,6
DEC-LIN/normalized-PB06/submitted-PB05/aloul/FPGA_SAT05/normalized-fpga40_38_sat_pb.cnf.cr.opb.xz,6
DEC-LIN/normalized-PB06/submitted-PB05/aloul/FPGA_SAT05/normalized-fpga40_39_sat_pb.cnf.cr.opb.xz,6
DEC-LIN/normalized-PB06/submitted-PB05/aloul/FPGA_SAT05/normalized-fpga40_40_sat_pb.cnf.cr.opb.xz,6
DEC-LIN/normalized-PB06/submitted-PB05/aloul/FPGA_SAT05/normalized-fpga45_43_sat_pb.cnf.cr.opb.xz,6
DEC-LIN/normalized-PB06/submitted-PB05/aloul/FPGA_SAT05/normalized-fpga45_44_sat_pb.cnf.cr.opb.xz,6
DEC-LIN/normalized-PB06/submitted-PB05/aloul/FPGA_SAT05/normalized-fpga45_45_sat_pb.cnf.cr.opb.xz,6
DEC-LIN/normalized-PB06/submitted-PB06/liu/dbst/normalized-dbst_v30_e350_d15_mw10_1.opb.PB06.opb.xz,10
DEC-LIN/normalized-PB06/submitted-PB06/liu/dbst/normalized-dbst_v30_e350_d15_mw10_2.opb.PB06.opb.xz,10
DEC-LIN/normalized-PB06/submitted-PB06/liu/dbst/normalized-dbst_v30_e350_d15_mw10_3.opb.PB06.opb.xz,10
DEC-LIN/normalized-PB06/submitted-PB06/liu/dbst/normalized-dbst_v30_e350_d15_mw10_8.opb.PB06.opb.xz,10
DEC-LIN/normalized-PB06/submitted-PB06/liu/dbst/normalized-dbst_v30_e350_d15_mw10_9.opb.PB06.opb.xz,10
DEC-LIN/normalized-PB06/submitted-PB06/liu/dbst/normalized-dbst_v40_e600_d20_mw10_0.opb.PB06.opb.xz,11
DEC-LIN/normalized-PB06/submitted-PB06/liu/dbst/normalized-dbst_v40_e600_d20_mw10_2.opb.PB06.opb.xz,11
DEC-LIN/normalized-PB06/submitted-PB06/liu/dbst/normalized-dbst_v40_e600_d20_mw10_5.opb.PB06.opb.xz,11
DEC-LIN/normalized-PB06/submitted-PB06/liu/dbst/normalized-dbst_v40_e600_d20_mw10_6.opb.PB06.opb.xz,11
DEC-LIN/normalized-PB06/submitted-PB06/liu/dbst/normalized-dbst_v40_e600_d20_mw10_9.opb.PB06.opb.xz,11
DEC-LIN/normalized-PB06/submitted-PB06/liu/dbst/normalized-dbst_v50_e1000_d25_mw10_1.opb.PB06.opb.xz,12
DEC-LIN/normalized-PB06/submitted-PB06/liu/dbst/normalized-dbst_v50_e1000_d25_mw10_3.opb.PB06.opb.xz,12
DEC-LIN/normalized-PB06/submitted-PB06/liu/dbst/normalized-dbst_v50_e1000_d25_mw10_5.opb.PB06.opb.xz,12
DEC-LIN/normalized-PB06/submitted-PB06/liu/dbst/normalized-dbst_v50_e1000_d25_mw10_6.opb.PB06.opb.xz,12
DEC-LIN/normalized-PB06/submitted-PB06/liu/dbst/normalized-dbst_v50_e1000_d25_mw10_9.opb.PB06.opb.xz,12
DEC-LIN/normalized-PB06/submitted-PB06/liu/vdw/normalized-vdw_k3_l5_n550.opb.xz,4
DEC-LIN/normalized-PB06/submitted-PB06/liu/vdw/normalized-vdw_k3_l6_n1500.opb.xz,4
DEC-LIN/normalized-PB06/submitted-PB06/liu/vdw/normalized-vdw_k4_l4_n360.opb.xz,3
DEC-LIN/normalized-PB06/submitted-PB06/liu/vdw/normalized-vdw_k5_l4_n750.opb.xz,3
DEC-LIN/normalized-PB06/submitted-PB06/liu/vdw/normalized-vdw_k6_l3_n170.opb.xz,3
DEC-LIN/normalized-PB06/submitted-PB06/manquiho/Aardal_1/normalized-cuww1.opb.xz,30
DEC-LIN/normalized-PB06/submitted-PB06/manquiho/Aardal_1/normalized-cuww2.opb.xz,30
DEC-LIN/normalized-PB06/submitted-PB06/manquiho/Aardal_1/normalized-cuww3.opb.xz,30
DEC-LIN/normalized-PB06/submitted-PB06/manquiho/Aardal_1/normalized-cuww4.opb.xz,31
DEC-LIN/normalized-PB06/submitted-PB06/manquiho/Aardal_1/normalized-cuww5.opb.xz,30
DEC-LIN/normalized-PB06/submitted-PB06/manquiho/Aardal_1/normalized-prob1.opb.xz,29
DEC-LIN/normalized-PB06/submitted-PB06/manquiho/Aardal_1/normalized-prob10.opb.xz,31
DEC-LIN/normalized-PB06/submitted-PB06/manquiho/Aardal_1/normalized-prob2.opb.xz,28
DEC-LIN/normalized-PB06/submitted-PB06/manquiho/Aardal_1/normalized-prob3.opb.xz,27
DEC-LIN/normalized-PB06/submitted-PB06/manquiho/Aardal_1/normalized-prob4.opb.xz,30
DEC-LIN/normalized-PB06/submitted-PB06/manquiho/Aardal_1/normalized-prob5.opb.xz,30
DEC-LIN/normalized-PB06/submitted-PB06/manquiho/Aardal_1/normalized-prob6.opb.xz,29
DEC-LIN/normalized-PB06/submitted-PB06/manquiho/Aardal_1/normalized-prob7.opb.xz,29
DEC-LIN/normalized-PB06/submitted-PB06/manquiho/Aardal_1/normalized-prob8.opb.xz,29
DEC-LIN/normalized-PB06/submitted-PB06/namasivayam/tsp/normalized-t3002.11tsp11.1900544463.opb.xz,10
DEC-LIN/normalized-PB06/submitted-PB06/namasivayam/tsp/normalized-t3002.11tsp11.1900544484.opb.xz,10
DEC-LIN/normalized-PB06/submitted-PB06/namasivayam/tsp/normalized-t3002.11tsp11.1900545610.opb.xz,10
DEC-LIN/normalized-PB06/submitted-PB06/namasivayam/tsp/normalized-t3002.11tsp11.1900546076.opb.xz,10
DEC-LIN/normalized-PB06/submitted-PB06/namasivayam/tsp/normalized-t3002.11tsp11.1900546417.opb.xz,10
DEC-LIN/normalized-PB06/submitted-PB06/namasivayam/tsp/normalized-t3002.11tsp11.1900547334.opb.xz,10
DEC-LIN/normalized-PB06/submitted-PB06/namasivayam/tsp/normalized-t3002.11tsp11.1900547353.opb.xz,10
DEC-LIN/normalized-PB06/submitted-PB06/namasivayam/tsp/normalized-t3002.11tsp11.1900547389.opb.xz,10
DEC-LIN/normalized-PB06/submitted-PB06/namasivayam/tsp/normalized-t3002.11tsp11.1900547416.opb.xz,10
DEC-LIN/normalized-PB06/submitted-PB06/namasivayam/tsp/normalized-t3002.11tsp11.1900547427.opb.xz,10
DEC-LIN/normalized-PB06/submitted-PB06/namasivayam/tsp/normalized-t3002.11tsp11.1900547461.opb.xz,10
DEC-LIN/normalized-PB06/submitted-PB06/namasivayam/tsp/normalized-t3002.11tsp11.1900548667.opb.xz,10
DEC-LIN/normalized-PB06/submitted-PB06/namasivayam/tsp/normalized-t3002.11tsp11.1900549974.opb.xz,10
DEC-LIN/normalized-PB06/submitted-PB06/namasivayam/tsp/normalized-t3002.11tsp11.1900550006.opb.xz,10
DEC-LIN/normalized-PB06/submitted-PB06/namasivayam/tsp/normalized-t3002.11tsp11.1900550720.opb.xz,10
DEC-LIN/normalized-PB06/submitted-PB06/namasivayam/tsp/normalized-t3002.11tsp11.1900551347.opb.xz,10
DEC-LIN/normalized-PB06/submitted-PB06/namasivayam/tsp/normalized-t3002.11tsp11.1900551864.opb.xz,10
DEC-LIN/normalized-PB06/submitted-PB06/namasivayam/tsp/normalized-t3002.11tsp11.1900552288.opb.xz,10
DEC-LIN/normalized-PB06/submitted-PB06/namasivayam/tsp/normalized-t3002.11tsp11.1900552311.opb.xz,10
DEC-LIN/normalized-PB06/submitted-PB06/namasivayam/tsp/normalized-t3002.11tsp11.1900552423.opb.xz,10
DEC-LIN/normalized-PB06/submitted-PB06/namasivayam/tsp/normalized-t3002.11tsp11.1900552735.opb.xz,10
DEC-LIN/normalized-PB06/submitted-PB06/namasivayam/tsp/normalized-t3002.11tsp11.1900553606.opb.xz,10
DEC-LIN/normalized-PB06/submitted-PB06/namasivayam/tsp/normalized-t3002.11tsp11.1900553644.opb.xz,10
DEC-LIN/normalized-PB06/submitted-PB06/namasivayam/tsp/normalized-t3002.11tsp11.1900553647.opb.xz,10
DEC-LIN/normalized-PB06/submitted-PB06/namasivayam/tsp/normalized-t3002.11tsp11.1900553812.opb.xz,10
DEC-LIN/normalized-PB06/submitted-PB06/namasivayam/tsp/normalized-t3002.11tsp11.1900554067.opb.xz,10
DEC-LIN/normalized-PB06/submitted-PB06/namasivayam/tsp/normalized-t3002.11tsp11.1900554072.opb.xz,10
DEC-LIN/normalized-PB06/submitted-PB06/namasivayam/tsp/normalized-t3002.11tsp11.1900554154.opb.xz,10
DEC-LIN/normalized-PB06/submitted-PB06/namasivayam/tsp/normalized-t3002.11tsp11.1900554373.opb.xz,10
DEC-LIN/normalized-PB06/submitted-PB06/namasivayam/tsp/normalized-t3002.11tsp11.1900554375.opb.xz,10
DEC-LIN/normalized-PB06/submitted-PB06/namasivayam/tsp/normalized-t3002.11tsp11.1900554389.opb.xz,10
DEC-LIN/normalized-PB06/submitted-PB06/namasivayam/tsp/normalized-t3002.11tsp11.1900554420.opb.xz,10
DEC-LIN/normalized-PB06/submitted-PB06/namasivayam/tsp/normalized-t3002.11tsp11.1900556231.opb.xz,10
DEC-LIN/normalized-PB06/submitted-PB06/namasivayam/tsp/normalized-t3002.11tsp11.1900557362.opb.xz,10
DEC-LIN/normalized-PB06/submitted-PB06/namasivayam/tsp/normalized-t3002.11tsp11.1900557413.opb.xz,10
DEC-LIN/normalized-PB06/submitted-PB06/namasivayam/tsp/normalized-t3002.11tsp11.1900557568.opb.xz,10
DEC-LIN/normalized-PB06/submitted-PB06/namasivayam/tsp/normalized-t3002.11tsp11.1900557574.opb.xz,10
DEC-LIN/normalized-PB06/submitted-PB06/namasivayam/tsp/normalized-t3002.11tsp11.1900557957.opb.xz,10
DEC-LIN/normalized-PB06/submitted-PB06/namasivayam/tsp/normalized-t3002.11tsp11.1900558106.opb.xz,10
DEC-LIN/normalized-PB06/submitted-PB06/namasivayam/tsp/normalized-t3002.11tsp11.1900558739.opb.xz,10
DEC-LIN/normalized-PB06/submitted-PB06/namasivayam/tsp/normalized-t3002.11tsp11.1900559365.opb.xz,10
DEC-LIN/normalized-PB06/submitted-PB06/namasivayam/tsp/normalized-t3002.11tsp11.1900559416.opb.xz,10
DEC-LIN/normalized-PB06/submitted-PB06/namasivayam/tsp/normalized-t3002.11tsp11.1900559641.opb.xz,10
DEC-LIN/normalized-PB06/submitted-PB06/namasivayam/tsp/normalized-t3002.11tsp11.1900559676.opb.xz,10
DEC-LIN/normalized-PB06/submitted-PB06/namasivayam/tsp/normalized-t3002.11tsp11.1900561288.opb.xz,10
DEC-LIN/normalized-PB06/submitted-PB06/namasivayam/tsp/normalized-t3002.11tsp11.1900561384.opb.xz,10
DEC-LIN/normalized-PB06/submitted-PB06/namasivayam/tsp/normalized-t3002.11tsp11.1900561389.opb.xz,10
DEC-LIN/normalized-PB06/submitted-PB06/namasivayam/tsp/normalized-t3002.11tsp11.1900562192.opb.xz,10
DEC-LIN/normalized-PB06/submitted-PB06/namasivayam/tsp/normalized-t3002.11tsp11.1900563250.opb.xz,10
DEC-LIN/normalized-PB06/submitted-PB06/namasivayam/tsp/normalized-t3002.11tsp11.1900563801.opb.xz,10
DEC-LIN/normalized-PB06/submitted-PB06/namasivayam/tsp/normalized-t3002.11tsp11.1900564281.opb.xz,10
DEC-LIN/normalized-PB06/submitted-PB06/namasivayam/tsp/normalized-t3002.11tsp11.1900564822.opb.xz,10
DEC-LIN/normalized-PB06/submitted-PB06/namasivayam/tsp/normalized-t3002.11tsp11.1900564824.opb.xz,10
DEC-LIN/normalized-PB06/submitted-PB06/namasivayam/tsp/normalized-t3002.11tsp11.1900565527.opb.xz,10
DEC-LIN/normalized-PB06/submitted-PB06/namasivayam/tsp/normalized-t3002.11tsp11.1900565534.opb.xz,10
DEC-LIN/normalized-PB06/submitted-PB06/namasivayam/tsp/normalized-t3002.11tsp11.1900566151.opb.xz,10
DEC-LIN/normalized-PB06/submitted-PB06/namasivayam/tsp/normalized-t3002.11tsp11.1900566157.opb.xz,10
DEC-LIN/normalized-PB06/submitted-PB06/namasivayam/tsp/normalized-t3002.11tsp11.1900566263.opb.xz,10
DEC-LIN/normalized-PB06/submitted-PB06/namasivayam/tsp/normalized-t3002.11tsp11.1900566270.opb.xz,10
DEC-LIN/normalized-PB06/submitted-PB06/namasivayam/tsp/normalized-t3002.11tsp11.1900567003.opb.xz,10
DEC-LIN/normalized-PB06/submitted-PB06/namasivayam/tsp/normalized-t3002.11tsp11.1900567024.opb.xz,10
DEC-LIN/normalized-PB06/submitted-PB06/namasivayam/tsp/normalized-t3002.11tsp11.1900567135.opb.xz,10
DEC-LIN/normalized-PB06/submitted-PB06/namasivayam/tsp/normalized-t3002.11tsp11.1900567939.opb.xz,10
DEC-LIN/normalized-PB06/submitted-PB06/namasivayam/tsp/normalized-t3002.11tsp11.1900567985.opb.xz,10
DEC-LIN/normalized-PB06/submitted-PB06/namasivayam/tsp/normalized-t3002.11tsp11.1900568186.opb.xz,10
DEC-LIN/normalized-PB06/submitted-PB06/namasivayam/tsp/normalized-t3002.11tsp11.1900568706.opb.xz,10
DEC-LIN/normalized-PB06/submitted-PB06/namasivayam/tsp/normalized-t3002.11tsp11.1900568952.opb.xz,10
DEC-LIN/normalized-PB06/submitted-PB06/namasivayam/tsp/normalized-t3002.11tsp11.1900569834.opb.xz,10
DEC-LIN/normalized-PB06/submitted-PB06/namasivayam/tsp/normalized-t3002.11tsp11.1900570242.opb.xz,10
DEC-LIN/normalized-PB06/submitted-PB06/namasivayam/tsp/normalized-t3002.11tsp11.1900571131.opb.xz,10
DEC-LIN/normalized-PB06/submitted-PB06/namasivayam/tsp/normalized-t3002.11tsp11.1900571132.opb.xz,10
DEC-LIN/normalized-PB06/submitted-PB06/namasivayam/tsp/normalized-t3002.11tsp11.1900571761.opb.xz,10
DEC-LIN/normalized-PB06/submitted-PB06/namasivayam/tsp/normalized-t3002.11tsp11.1900573137.opb.xz,10
DEC-LIN/normalized-PB06/submitted-PB06/namasivayam/tsp/normalized-t3002.11tsp11.1900573901.opb.xz,10
DEC-LIN/normalized-PB06/submitted-PB06/namasivayam/tsp/normalized-t3002.11tsp11.1900574864.opb.xz,10
DEC-LIN/normalized-PB06/submitted-PB06/namasivayam/tsp/normalized-t3002.11tsp11.1900574948.opb.xz,10
DEC-LIN/normalized-PB06/submitted-PB06/namasivayam/tsp/normalized-t3002.11tsp11.1900574974.opb.xz,10
DEC-LIN/normalized-PB06/submitted-PB06/namasivayam/tsp/normalized-t3002.11tsp11.1900575442.opb.xz,10
DEC-LIN/normalized-PB06/submitted-PB06/namasivayam/tsp/normalized-t3002.11tsp11.1900576151.opb.xz,10
DEC-LIN/normalized-PB06/submitted-PB06/namasivayam/tsp/normalized-t3002.11tsp11.1900576360.opb.xz,10
DEC-LIN/normalized-PB06/submitted-PB06/namasivayam/tsp/normalized-t3002.11tsp11.1900576918.opb.xz,10
DEC-LIN/normalized-PB06/submitted-PB06/namasivayam/tsp/normalized-t3002.11tsp11.1900576927.opb.xz,10
DEC-LIN/normalized-PB06/submitted-PB06/namasivayam/tsp/normalized-t3002.11tsp11.1900577000.opb.xz,10
DEC-LIN/normalized-PB06/submitted-PB06/namasivayam/tsp/normalized-t3002.11tsp11.1900577940.opb.xz,10
DEC-LIN/normalized-PB06/submitted-PB06/namasivayam/tsp/normalized-t3002.11tsp11.1900579996.opb.xz,10
DEC-LIN/normalized-PB06/submitted-PB06/namasivayam/tsp/normalized-t3002.11tsp11.1900581320.opb.xz,10
DEC-LIN/normalized-PB06/submitted-PB06/namasivayam/tsp/normalized-t3002.11tsp11.1900581321.opb.xz,10
DEC-LIN/normalized-PB06/submitted-PB06/namasivayam/tsp/normalized-t3002.11tsp11.1900582300.opb.xz,10
DEC-LIN/normalized-PB06/submitted-PB06/namasivayam/tsp/normalized-t3002.11tsp11.1900582376.opb.xz,10
DEC-LIN/normalized-PB06/submitted-PB06/namasivayam/tsp/normalized-t3002.11tsp11.1900583053.opb.xz,10
DEC-LIN/normalized-PB06/submitted-PB06/namasivayam/tsp/normalized-t3002.11tsp11.1900584106.opb.xz,10
DEC-LIN/normalized-PB06/submitted-PB06/namasivayam/tsp/normalized-t3002.11tsp11.1900584219.opb.xz,10
DEC-LIN/normalized-PB06/submitted-PB06/namasivayam/tsp/normalized-t3002.11tsp11.1900667195.opb.xz,10
DEC-LIN/normalized-PB06/submitted-PB06/namasivayam/tsp/normalized-t3002.11tsp11.1900669299.opb.xz,10
DEC-LIN/normalized-PB06/submitted-PB06/namasivayam/tsp/normalized-t3002.11tsp11.1900669309.opb.xz,10
DEC-LIN/normalized-PB06/submitted-PB06/namasivayam/tsp/normalized-t3002.11tsp11.1900669797.opb.xz,10
DEC-LIN/normalized-PB06/submitted-PB06/namasivayam/tsp/normalized-t3002.11tsp11.1900670167.opb.xz,10
DEC-LIN/normalized-PB06/submitted-PB06/namasivayam/tsp/normalized-t3002.11tsp11.1900670234.opb.xz,10
DEC-LIN/normalized-PB06/submitted-PB06/namasivayam/tsp/normalized-t3002.11tsp11.1900670675.opb.xz,10
DEC-LIN/normalized-PB06/submitted-PB06/namasivayam/tsp/normalized-t3002.11tsp11.1900670756.opb.xz,10
DEC-LIN/normalized-PB06/submitted-PB06/namasivayam/wnqueen/normalized-t2001.13queen13.1110966483.opb.xz,11
DEC-LIN/normalized-PB06/submitted-PB06/namasivayam/wnqueen/normalized-t2001.13queen13.1110966688.opb.xz,11
DEC-LIN/normalized-PB06/submitted-PB06/namasivayam/wnqueen/normalized-t2001.13queen13.1110967142.opb.xz,11
DEC-LIN/normalized-PB06/submitted-PB06/namasivayam/wnqueen/normalized-t2001.13queen13.1110967327.opb.xz,11
DEC-LIN/normalized-PB06/submitted-PB06/namasivayam/wnqueen/normalized-t2001.13queen13.1110967523.opb.xz,11
DEC-LIN/normalized-PB06/submitted-PB06/namasivayam/wnqueen/normalized-t2001.13queen13.1110967729.opb.xz,11
DEC-LIN/normalized-PB06/submitted-PB06/namasivayam/wnqueen/normalized-t2001.13queen13.1110968094.opb.xz,11
DEC-LIN/normalized-PB06/submitted-PB06/namasivayam/wnqueen/normalized-t2001.13queen13.1110968431.opb.xz,11
DEC-LIN/normalized-PB06/submitted-PB06/namasivayam/wnqueen/normalized-t2001.13queen13.1110968561.opb.xz,11
DEC-LIN/normalized-PB06/submitted-PB06/namasivayam/wnqueen/normalized-t2001.13queen13.1110968898.opb.xz,11
DEC-LIN/normalized-PB06/submitted-PB06/namasivayam/wnqueen/normalized-t2001.13queen13.1110969170.opb.xz,11
DEC-LIN/normalized-PB06/submitted-PB06/namasivayam/wnqueen/normalized-t2001.13queen13.1110969577.opb.xz,11
DEC-LIN/normalized-PB06/submitted-PB06/namasivayam/wnqueen/normalized-t2001.13queen13.1110969860.opb.xz,11
DEC-LIN/normalized-PB06/submitted-PB06/namasivayam/wnqueen/normalized-t2001.13queen13.1110969933.opb.xz,11
DEC-LIN/normalized-PB06/submitted-PB06/namasivayam/wnqueen/normalized-t2001.13queen13.1110970170.opb.xz,11
DEC-LIN/normalized-PB06/submitted-PB06/namasivayam/wnqueen/normalized-t2001.13queen13.1110970277.opb.xz,11
DEC-LIN/normalized-PB06/submitted-PB06/namasivayam/wnqueen/normalized-t2001.13queen13.1110970444.opb.xz,11
DEC-LIN/normalized-PB06/submitted-PB06/namasivayam/wnqueen/normalized-t2001.13queen13.1110970631.opb.xz,11
DEC-LIN/normalized-PB06/submitted-PB06/namasivayam/wnqueen/normalized-t2001.13queen13.1110971097.opb.xz,11
DEC-LIN/normalized-PB06/submitted-PB06/namasivayam/wnqueen/normalized-t2001.13queen13.1110971363.opb.xz,11
DEC-LIN/normalized-PB06/submitted-PB06/namasivayam/wnqueen/normalized-t2001.13queen13.1110971697.opb.xz,11
DEC-LIN/normalized-PB06/submitted-PB06/namasivayam/wnqueen/normalized-t2001.13queen13.1110971766.opb.xz,11
DEC-LIN/normalized-PB06/submitted-PB06/namasivayam/wnqueen/normalized-t2001.13queen13.1110972154.opb.xz,11
DEC-LIN/normalized-PB06/submitted-PB06/namasivayam/wnqueen/normalized-t2001.13queen13.1110972763.opb.xz,11
DEC-LIN/normalized-PB06/submitted-PB06/namasivayam/wnqueen/normalized-t2001.13queen13.1110972958.opb.xz,11
DEC-LIN/normalized-PB06/submitted-PB06/namasivayam/wnqueen/normalized-t2001.13queen13.1110973163.opb.xz,11
DEC-LIN/normalized-PB06/submitted-PB06/namasivayam/wnqueen/normalized-t2001.13queen13.1110973364.opb.xz,11
DEC-LIN/normalized-PB06/submitted-PB06/namasivayam/wnqueen/normalized-t2001.13queen13.1110973478.opb.xz,11
DEC-LIN/normalized-PB06/submitted-PB06/namasivayam/wnqueen/normalized-t2001.13queen13.1110973670.opb.xz,11
DEC-LIN/normalized-PB06/submitted-PB06/namasivayam/wnqueen/normalized-t2001.13queen13.1110973863.opb.xz,11
DEC-LIN/normalized-PB06/submitted-PB06/namasivayam/wnqueen/normalized-t2001.13queen13.1110974180.opb.xz,11
DEC-LIN/normalized-PB06/submitted-PB06/namasivayam/wnqueen/normalized-t2001.13queen13.1110974372.opb.xz,11
DEC-LIN/normalized-PB06/submitted-PB06/namasivayam/wnqueen/normalized-t2001.13queen13.1110974553.opb.xz,11
DEC-LIN/normalized-PB06/submitted-PB06/namasivayam/wnqueen/normalized-t2001.13queen13.1110975607.opb.xz,11
DEC-LIN/normalized-PB06/submitted-PB06/namasivayam/wnqueen/normalized-t2001.13queen13.1110975678.opb.xz,11
DEC-LIN/normalized-PB06/submitted-PB06/namasivayam/wnqueen/normalized-t2001.13queen13.1110975832.opb.xz,11
DEC-LIN/normalized-PB06/submitted-PB06/namasivayam/wnqueen/normalized-t2001.13queen13.1110975965.opb.xz,11
DEC-LIN/normalized-PB06/submitted-PB06/namasivayam/wnqueen/normalized-t2001.13queen13.1110976157.opb.xz,11
DEC-LIN/normalized-PB06/submitted-PB06/namasivayam/wnqueen/normalized-t2001.13queen13.1110976730.opb.xz,11
DEC-LIN/normalized-PB06/submitted-PB06/namasivayam/wnqueen/normalized-t2001.13queen13.1110976735.opb.xz,11
DEC-LIN/normalized-PB06/submitted-PB06/namasivayam/wnqueen/normalized-t2001.13queen13.1110976935.opb.xz,11
DEC-LIN/normalized-PB06/submitted-PB06/namasivayam/wnqueen/normalized-t2001.13queen13.1110977266.opb.xz,11
DEC-LIN/normalized-PB06/submitted-PB06/namasivayam/wnqueen/normalized-t2001.13queen13.1110977273.opb.xz,11
DEC-LIN/normalized-PB06/submitted-PB06/namasivayam/wnqueen/normalized-t2001.13queen13.1110977464.opb.xz,11
DEC-LIN/normalized-PB06/submitted-PB06/namasivayam/wnqueen/normalized-t2001.13queen13.1110977780.opb.xz,11
DEC-LIN/normalized-PB06/submitted-PB06/namasivayam/wnqueen/normalized-t2001.13queen13.1110978113.opb.xz,11
DEC-LIN/normalized-PB06/submitted-PB06/namasivayam/wnqueen/normalized-t2001.13queen13.1110978334.opb.xz,11
DEC-LIN/normalized-PB06/submitted-PB06/namasivayam/wnqueen/normalized-t2001.13queen13.1111212272.opb.xz,11
DEC-LIN/normalized-PB06/submitted-PB06/namasivayam/wnqueen/normalized-t2001.13queen13.1111212476.opb.xz,11
DEC-LIN/normalized-PB06/submitted-PB06/namasivayam/wnqueen/normalized-t2001.13queen13.1111212923.opb.xz,11
DEC-LIN/normalized-PB06/submitted-PB06/namasivayam/wnqueen/normalized-t2001.13queen13.1111213670.opb.xz,11
DEC-LIN/normalized-PB06/submitted-PB06/namasivayam/wnqueen/normalized-t2001.13queen13.1111213868.opb.xz,11
DEC-LIN/normalized-PB06/submitted-PB06/namasivayam/wnqueen/normalized-t2001.13queen13.1111216188.opb.xz,11
DEC-LIN/normalized-PB06/submitted-PB06/namasivayam/wnqueen/normalized-t2001.13queen13.1111216411.opb.xz,11
DEC-LIN/normalized-PB06/submitted-PB06/namasivayam/wnqueen/normalized-t2001.13queen13.1111216823.opb.xz,11
DEC-LIN/normalized-PB06/submitted-PB06/namasivayam/wnqueen/normalized-t2001.13queen13.1111216864.opb.xz,11
DEC-LIN/normalized-PB06/submitted-PB06/namasivayam/wnqueen/normalized-t2001.13queen13.1111217374.opb.xz,11
DEC-LIN/normalized-PB06/submitted-PB06/namasivayam/wnqueen/normalized-t2001.13queen13.1111217380.opb.xz,11
DEC-LIN/normalized-PB06/submitted-PB06/namasivayam/wnqueen/normalized-t2001.13queen13.1111217392.opb.xz,11
DEC-LIN/normalized-PB06/submitted-PB06/namasivayam/wnqueen/normalized-t2001.13queen13.1111217555.opb.xz,11
DEC-LIN/normalized-PB06/submitted-PB06/namasivayam/wnqueen/normalized-t2001.13queen13.1111218024.opb.xz,11
DEC-LIN/normalized-PB06/submitted-PB06/namasivayam/wnqueen/normalized-t2001.13queen13.1111218308.opb.xz,11
DEC-LIN/normalized-PB06/submitted-PB06/namasivayam/wnqueen/normalized-t2001.13queen13.1111218757.opb.xz,11
DEC-LIN/normalized-PB06/submitted-PB06/namasivayam/wnqueen/normalized-t2001.13queen13.1111218955.opb.xz,11
DEC-LIN/normalized-PB06/submitted-PB06/namasivayam/wnqueen/normalized-t2001.13queen13.1111219348.opb.xz,11
DEC-LIN/normalized-PB06/submitted-PB06/namasivayam/wnqueen/normalized-t2001.13queen13.1111219399.opb.xz,11
DEC-LIN/normalized-PB06/submitted-PB06/namasivayam/wnqueen/normalized-t2001.13queen13.1111219799.opb.xz,11
DEC-LIN/normalized-PB06/submitted-PB06/namasivayam/wnqueen/normalized-t2001.13queen13.1111220019.opb.xz,11
DEC-LIN/normalized-PB06/submitted-PB06/namasivayam/wnqueen/normalized-t2001.13queen13.1111220546.opb.xz,11
DEC-LIN/normalized-PB06/submitted-PB06/namasivayam/wnqueen/normalized-t2001.13queen13.1111220767.opb.xz,11
DEC-LIN/normalized-PB06/submitted-PB06/namasivayam/wnqueen/normalized-t2001.13queen13.1111221203.opb.xz,11
DEC-LIN/normalized-PB06/submitted-PB06/namasivayam/wnqueen/normalized-t2001.13queen13.1111221624.opb.xz,11
DEC-LIN/normalized-PB06/submitted-PB06/namasivayam/wnqueen/normalized-t2001.13queen13.1111221953.opb.xz,11
DEC-LIN/normalized-PB06/submitted-PB06/namasivayam/wnqueen/normalized-t2001.13queen13.1111222080.opb.xz,11
DEC-LIN/normalized-PB06/submitted-PB06/namasivayam/wnqueen/normalized-t2001.13queen13.1111222248.opb.xz,11
DEC-LIN/normalized-PB06/submitted-PB06/namasivayam/wnqueen/normalized-t2001.13queen13.1111222257.opb.xz,11
DEC-LIN/normalized-PB06/submitted-PB06/namasivayam/wnqueen/normalized-t2001.13queen13.1111222539.opb.xz,11
DEC-LIN/normalized-PB06/submitted-PB06/namasivayam/wnqueen/normalized-t2001.13queen13.1111223004.opb.xz,11
DEC-LIN/normalized-PB06/submitted-PB06/namasivayam/wnqueen/normalized-t2001.13queen13.1111223220.opb.xz,11
DEC-LIN/normalized-PB06/submitted-PB06/namasivayam/wnqueen/normalized-t2001.13queen13.1111223416.opb.xz,11
DEC-LIN/normalized-PB06/submitted-PB06/namasivayam/wnqueen/normalized-t2001.13queen13.1111223596.opb.xz,11
DEC-LIN/normalized-PB06/submitted-PB06/namasivayam/wnqueen/normalized-t2001.13queen13.1111223689.opb.xz,11
DEC-LIN/normalized-PB06/submitted-PB06/namasivayam/wnqueen/normalized-t2001.13queen13.1111223696.opb.xz,11
DEC-LIN/normalized-PB06/submitted-PB06/namasivayam/wnqueen/normalized-t2001.13queen13.1111224059.opb.xz,11
DEC-LIN/normalized-PB06/submitted-PB06/namasivayam/wnqueen/normalized-t2001.13queen13.1111224255.opb.xz,11
DEC-LIN/normalized-PB06/submitted-PB06/namasivayam/wnqueen/normalized-t2001.13queen13.1111224451.opb.xz,11
DEC-LIN/normalized-PB06/submitted-PB06/namasivayam/wnqueen/normalized-t2001.13queen13.1111224522.opb.xz,11
DEC-LIN/normalized-PB06/submitted-PB06/namasivayam/wnqueen/normalized-t2001.13queen13.1111224929.opb.xz,11
DEC-LIN/normalized-PB06/submitted-PB06/namasivayam/wnqueen/normalized-t2001.13queen13.1111225122.opb.xz,11
DEC-LIN/normalized-PB06/submitted-PB06/namasivayam/wnqueen/normalized-t2001.13queen13.1111225605.opb.xz,11
DEC-LIN/normalized-PB06/submitted-PB06/namasivayam/wnqueen/normalized-t2001.13queen13.1111226062.opb.xz,11
DEC-LIN/normalized-PB06/submitted-PB06/namasivayam/wnqueen/normalized-t2001.13queen13.1111226241.opb.xz,11
DEC-LIN/normalized-PB06/submitted-PB06/namasivayam/wnqueen/normalized-t2001.13queen13.1111226284.opb.xz,11
DEC-LIN/normalized-PB06/submitted-PB06/namasivayam/wnqueen/normalized-t2001.13queen13.1111226368.opb.xz,11
DEC-LIN/normalized-PB06/submitted-PB06/namasivayam/wnqueen/normalized-t2001.13queen13.1111226680.opb.xz,11
DEC-LIN/normalized-PB06/submitted-PB06/namasivayam/wnqueen/normalized-t2001.13queen13.1111227012.opb.xz,11
DEC-LIN/normalized-PB06/submitted-PB06/namasivayam/wnqueen/normalized-t2001.13queen13.1111227326.opb.xz,11
DEC-LIN/normalized-PB06/submitted-PB06/namasivayam/wnqueen/normalized-t2001.13queen13.1111227418.opb.xz,11
DEC-LIN/normalized-PB06/submitted-PB06/namasivayam/wnqueen/normalized-t2001.13queen13.1111227861.opb.xz,11
DEC-LIN/normalized-PB06/submitted-PB06/namasivayam/wnqueen/normalized-t2001.13queen13.1111228076.opb.xz,11
DEC-LIN/normalized-PB06/submitted-PB06/prestwich/armies/normalized-army10.14bt.opb.xz,7
DEC-LIN/normalized-PB06/submitted-PB06/prestwich/armies/normalized-army10.14ls.opb.xz,7
DEC-LIN/normalized-PB06/submitted-PB06/prestwich/armies/normalized-army11.17bt.opb.xz,8
DEC-LIN/normalized-PB06/submitted-PB06/prestwich/armies/normalized-army11.17ls.opb.xz,8
DEC-LIN/normalized-PB06/submitted-PB06/prestwich/armies/normalized-army12.21bt.opb.xz,8
DEC-LIN/normalized-PB06/submitted-PB06/prestwich/armies/normalized-army12.21ls.opb.xz,8
DEC-LIN/normalized-PB06/submitted-PB06/prestwich/armies/normalized-army13.24bt.opb.xz,8
DEC-LIN/normalized-PB06/submitted-PB06/prestwich/armies/normalized-army13.24ls.opb.xz,8
DEC-LIN/normalized-PB06/submitted-PB06/prestwich/armies/normalized-army8.9bt.opb.xz,7
DEC-LIN/normalized-PB06/submitted-PB06/prestwich/armies/normalized-army8.9ls.opb.xz,7
DEC-LIN/normalized-PB06/submitted-PB06/prestwich/armies/normalized-army9.12bt.opb.xz,7
DEC-LIN/normalized-PB06/submitted-PB06/prestwich/armies/normalized-army9.12ls.opb.xz,7
DEC-LIN/normalized-PB06/submitted-PB06/prestwich/robin/normalized-robin10.opb.xz,7
DEC-LIN/normalized-PB06/submitted-PB06/prestwich/robin/normalized-robin12.opb.xz,7
DEC-LIN/normalized-PB06/submitted-PB06/prestwich/robin/normalized-robin14.opb.xz,8
DEC-LIN/normalized-PB06/submitted-PB06/prestwich/robin/normalized-robin16.opb.xz,8
DEC-LIN/normalized-PB06/submitted-PB06/prestwich/robin/normalized-robin18.opb.xz,9
DEC-LIN/normalized-PB06/submitted-PB06/prestwich/robin/normalized-robin8.opb.xz,6
DEC-LIN/normalized-PB06/submitted-PB06/roussel/normalized-pigeon-cardinality-101-100.opb.xz,7
DEC-LIN/normalized-PB06/submitted-PB06/roussel/normalized-pigeon-cardinality-105-100.opb.xz,7
DEC-LIN/normalized-PB06/submitted-PB06/roussel/normalized-pigeon-cardinality-11-10.opb.xz,4
DEC-LIN/normalized-PB06/submitted-PB06/roussel/normalized-pigeon-cardinality-15-10.opb.xz,5
DEC-LIN/normalized-PB06/submitted-PB06/roussel/normalized-pigeon-cardinality-21-20.opb.xz,5
DEC-LIN/normalized-PB06/submitted-PB06/roussel/normalized-pigeon-cardinality-25-20.opb.xz,5
DEC-LIN/normalized-PB06/submitted-PB06/roussel/normalized-pigeon-cardinality-31-30.opb.xz,6
DEC-LIN/normalized-PB06/submitted-PB06/roussel/normalized-pigeon-cardinality-35-30.opb.xz,6
DEC-LIN/normalized-PB06/submitted-PB06/roussel/normalized-pigeon-cardinality-41-40.opb.xz,6
DEC-LIN/normalized-PB06/submitted-PB06/roussel/normalized-pigeon-cardinality-45-40.opb.xz,6
DEC-LIN/normalized-PB06/submitted-PB06/roussel/normalized-pigeon-cardinality-51-50.opb.xz,6
DEC-LIN/normalized-PB06/submitted-PB06/roussel/normalized-pigeon-cardinality-55-50.opb.xz,6
DEC-LIN/normalized-PB06/submitted-PB06/roussel/normalized-pigeon-cardinality-61-60.opb.xz,6
DEC-LIN/normalized-PB06/submitted-PB06/roussel/normalized-pigeon-cardinality-65-60.opb.xz,7
DEC-LIN/normalized-PB06/submitted-PB06/roussel/normalized-pigeon-cardinality-71-70.opb.xz,7
DEC-LIN/normalized-PB06/submitted-PB06/roussel/normalized-pigeon-cardinality-75-70.opb.xz,7
DEC-LIN/normalized-PB06/submitted-PB06/roussel/normalized-pigeon-cardinality-81-80.opb.xz,7
DEC-LIN/normalized-PB06/submitted-PB06/roussel/normalized-pigeon-cardinality-85-80.opb.xz,7
DEC-LIN/normalized-PB06/submitted-PB06/roussel/normalized-pigeon-cardinality-91-90.opb.xz,7
DEC-LIN/normalized-PB06/submitted-PB06/roussel/normalized-pigeon-cardinality-95-90.opb.xz,7
DEC-LIN/normalized-PB06/submitted-PB06/roussel/normalized-pigeon-clauses-101-100.opb.xz,7
DEC-LIN/normalized-PB06/submitted-PB06/roussel/normalized-pigeon-clauses-105-100.opb.xz,7
DEC-LIN/normalized-PB06/submitted-PB06/roussel/normalized-pigeon-clauses-11-10.opb.xz,4
DEC-LIN/normalized-PB06/submitted-PB06/roussel/normalized-pigeon-clauses-15-10.opb.xz,4
DEC-LIN/normalized-PB06/submitted-PB06/roussel/normalized-pigeon-clauses-21-20.opb.xz,5
DEC-LIN/normalized-PB06/submitted-PB06/roussel/normalized-pigeon-clauses-25-20.opb.xz,5
DEC-LIN/normalized-PB06/submitted-PB06/roussel/normalized-pigeon-clauses-31-30.opb.xz,5
DEC-LIN/normalized-PB06/submitted-PB06/roussel/normalized-pigeon-clauses-35-30.opb.xz,5
DEC-LIN/normalized-PB06/submitted-PB06/roussel/normalized-pigeon-clauses-41-40.opb.xz,6
DEC-LIN/normalized-PB06/submitted-PB06/roussel/normalized-pigeon-clauses-45-40.opb.xz,6
DEC-LIN/normalized-PB06/submitted-PB06/roussel/normalized-pigeon-clauses-51-50.opb.xz,6
DEC-LIN/normalized-PB06/submitted-PB06/roussel/normalized-pigeon-clauses-55-50.opb.xz,6
DEC-LIN/normalized-PB06/submitted-PB06/roussel/normalized-pigeon-clauses-61-60.opb.xz,6
DEC-LIN/normalized-PB06/submitted-PB06/roussel/normalized-pigeon-clauses-65-60.opb.xz,6
DEC-LIN/normalized-PB06/submitted-PB06/roussel/normalized-pigeon-clauses-71-70.opb.xz,7
DEC-LIN/normalized-PB06/submitted-PB06/roussel/normalized-pigeon-clauses-75-70.opb.xz,7
DEC-LIN/normalized-PB06/submitted-PB06/roussel/normalized-pigeon-clauses-81-80.opb.xz,7
DEC-LIN/normalized-PB06/submitted-PB06/roussel/normalized-pigeon-clauses-85-80.opb.xz,7
DEC-LIN/normalized-PB06/submitted-PB06/roussel/normalized-pigeon-clauses-91-90.opb.xz,7
DEC-LIN/normalized-PB06/submitted-PB06/roussel/normalized-pigeon-clauses-95-90.opb.xz,7
DEC-LIN/normalized-PB06/web/uclid_pb_benchmarks/normalized-22s.smv.opb.xz,10
DEC-LIN/normalized-PB06/web/uclid_pb_benchmarks/normalized-25s.smv.opb.xz,10
DEC-LIN/normalized-PB06/web/uclid_pb_benchmarks/normalized-37s.smv.opb.xz,8
DEC-LIN/normalized-PB06/web/uclid_pb_benchmarks/normalized-43s.smv.opb.xz,10
DEC-LIN/normalized-PB06/web/uclid_pb_benchmarks/normalized-44s.smv.opb.xz,9
DEC-LIN/normalized-PB06/web/uclid_pb_benchmarks/normalized-46s.smv.opb.xz,9
DEC-LIN/normalized-PB06/web/uclid_pb_benchmarks/normalized-blast-floppy1-2.ucl.opb.xz,12
DEC-LIN/normalized-PB06/web/uclid_pb_benchmarks/normalized-blast-floppy1-3.ucl.opb.xz,9
DEC-LIN/normalized-PB06/web/uclid_pb_benchmarks/normalized-blast-floppy1-4.ucl.opb.xz,12
DEC-LIN/normalized-PB06/web/uclid_pb_benchmarks/normalized-blast-floppy1-6.ucl.opb.xz,12
DEC-LIN/normalized-PB06/web/uclid_pb_benchmarks/normalized-blast-floppy1-7.ucl.opb.xz,15
DEC-LIN/normalized-PB06/web/uclid_pb_benchmarks/normalized-blast-floppy1-8.ucl.opb.xz,15
DEC-LIN/normalized-PB06/web/uclid_pb_benchmarks/normalized-blast-tlan2.ucl.opb.xz,12
DEC-LIN/normalized-PB06/web/uclid_pb_benchmarks/normalized-blast-tlan3.ucl.opb.xz,12
DEC-LIN/normalized-PB06/web/uclid_pb_benchmarks/normalized-cache-ibm-q-full.all.ucl.opb.xz,9
DEC-LIN/normalized-PB06/web/uclid_pb_benchmarks/normalized-cache-ibm-q-unbounded.Ic22arity.ucl.opb.xz,10
DEC-LIN/normalized-PB06/web/uclid_pb_benchmarks/normalized-cache-ibm-q-unbounded.Icl2arity.ucl.opb.xz,9
DEC-LIN/normalized-PB06/web/uclid_pb_benchmarks/normalized-cache-ibm-q-unbounded.Ih1arity.ucl.opb.xz,10
DEC-LIN/normalized-PB06/web/uclid_pb_benchmarks/normalized-cache-ibm-q-unbounded.Ih2arity.ucl.opb.xz,10
DEC-LIN/normalized-PB06/web/uclid_pb_benchmarks/normalized-cache.inv10.ucl.opb.xz,6
DEC-LIN/normalized-PB06/web/uclid_pb_benchmarks/normalized-cache.inv12.ucl.opb.xz,6
DEC-LIN/normalized-PB06/web/uclid_pb_benchmarks/normalized-cache.inv14.ucl.opb.xz,7
DEC-LIN/normalized-PB06/web/uclid_pb_benchmarks/normalized-cache.inv8.ucl.opb.xz,6
DEC-LIN/normalized-PB06/web/uclid_pb_benchmarks/normalized-dlx1c.rwmem.ucl.opb.xz,7
DEC-LIN/normalized-PB06/web/uclid_pb_benchmarks/normalized-dlx1c.rwmem1.ucl.opb.xz,7
DEC-LIN/normalized-PB06/web/uclid_pb_benchmarks/normalized-dlx1c.ucl.opb.xz,7
DEC-LIN/normalized-PB06/web/uclid_pb_benchmarks/normalized-elf.rf10.ucl.opb.xz,9
DEC-LIN/normalized-PB06/web/uclid_pb_benchmarks/normalized-elf.rf6.ucl.opb.xz,5
DEC-LIN/normalized-PB06/web/uclid_pb_benchmarks/normalized-elf.rf7.ucl.opb.xz,7
DEC-LIN/normalized-PB06/web/uclid_pb_benchmarks/normalized-elf.rf8.ucl.opb.xz,7
DEC-LIN/normalized-PB06/web/uclid_pb_benchmarks/normalized-elf.rf9.ucl.opb.xz,8
DEC-LIN/normalized-PB06/web/uclid_pb_benchmarks/normalized-ooo.burch_dill.2.accl.ucl.opb.xz,8
DEC-LIN/normalized-PB06/web/uclid_pb_benchmarks/normalized-ooo.burch_dill.3.accl.ucl.opb.xz,8
DEC-LIN/normalized-PB06/web/uclid_pb_benchmarks/normalized-ooo.burch_dill.4.accl.ucl.opb.xz,9
DEC-LIN/normalized-PB06/web/uclid_pb_benchmarks/normalized-ooo.burch_dill.6.accl.ucl.opb.xz,9
DEC-LIN/normalized-PB06/web/uclid_pb_benchmarks/normalized-ooo.burch_dill.8.accl.ucl.opb.xz,9
DEC-LIN/normalized-PB06/web/uclid_pb_benchmarks/normalized-ooo.ex.br.mem.RobRegValid_bar.ucl.opb.xz,9
DEC-LIN/normalized-PB06/web/uclid_pb_benchmarks/normalized-ooo.ex.br.mem.Src1Valid_Src1ValidBar.ucl.opb.xz,10
DEC-LIN/normalized-PB06/web/uclid_pb_benchmarks/normalized-ooo.ex.mem.LdValue.ucl.opb.xz,9
DEC-LIN/normalized-PB06/web/uclid_pb_benchmarks/normalized-ooo.ex.mem.LsqHdStrong.ucl.opb.xz,10
DEC-LIN/normalized-PB06/web/uclid_pb_benchmarks/normalized-ooo.rf10.ucl.opb.xz,8
DEC-LIN/normalized-PB06/web/uclid_pb_benchmarks/normalized-ooo.rf6.ucl.opb.xz,7
DEC-LIN/normalized-PB06/web/uclid_pb_benchmarks/normalized-ooo.rf7.ucl.opb.xz,7
DEC-LIN/normalized-PB06/web/uclid_pb_benchmarks/normalized-ooo.rf8.ucl.opb.xz,7
DEC-LIN/normalized-PB06/web/uclid_pb_benchmarks/normalized-ooo.rf9.ucl.opb.xz,7
DEC-LIN/normalized-PB06/web/uclid_pb_benchmarks/normalized-ooo.tag10.ucl.opb.xz,8
DEC-LIN/normalized-PB06/web/uclid_pb_benchmarks/normalized-ooo.tag12.ucl.opb.xz,8
DEC-LIN/normalized-PB06/web/uclid_pb_benchmarks/normalized-ooo.tag14.ucl.opb.xz,8
DEC-LIN/normalized-PB06/web/uclid_pb_benchmarks/normalized-ooo.tag8.ucl.opb.xz,7
DEC-LIN/normalized-PB06/web/uclid_pb_benchmarks/normalized-ooo.unbounded.all.ucl.opb.xz,9
"DEC-LIN/normalized-PB06/web/www.ps.uni-sb.de/~walser/benchmarks/ppp-problems/normalized-ppp:1,3-13,19.opb.xz",7
"DEC-LIN/normalized-PB06/web/www.ps.uni-sb.de/~walser/benchmarks/ppp-problems/normalized-ppp:1-11,19,21.opb.xz",7
"DEC-LIN/normalized-PB06/web/www.ps.uni-sb.de/~walser/benchmarks/ppp-problems/normalized-ppp:1-12,16.opb.xz",7
DEC-LIN/normalized-PB06/web/www.ps.uni-sb.de/~walser/benchmarks/ppp-problems/normalized-ppp:1-13.opb.xz,7
"DEC-LIN/normalized-PB06/web/www.ps.uni-sb.de/~walser/benchmarks/ppp-problems/normalized-ppp:1-9,16-19.opb.xz",7
"DEC-LIN/normalized-PB06/web/www.ps.uni-sb.de/~walser/benchmarks/ppp-problems/normalized-ppp:3-13,25,26.opb.xz",7
DEC-LIN/normalized-PB10/leberre/opb-paranoid/misc2010/datasets/caixa/normalized-1096.cudf.paranoid.opb.xz,2
DEC-LIN/normalized-PB10/oliveras/j120/normalized-j12010_10-sat.opb.xz,9
DEC-LIN/normalized-PB10/oliveras/j120/normalized-j12013_1-unsat.opb.xz,10
DEC-LIN/normalized-PB10/oliveras/j120/normalized-j12015_3-unsat.opb.xz,10
DEC-LIN/normalized-PB10/oliveras/j120/normalized-j12016_4-sat.opb.xz,10
DEC-LIN/normalized-PB10/oliveras/j120/normalized-j1201_5-sat.opb.xz,8
DEC-LIN/normalized-PB10/oliveras/j120/normalized-j12021_4-sat.opb.xz,8
DEC-LIN/normalized-PB10/oliveras/j120/normalized-j12022_9-sat.opb.xz,8
DEC-LIN/normalized-PB10/oliveras/j120/normalized-j12023_3-unsat.opb.xz,8
DEC-LIN/normalized-PB10/oliveras/j120/normalized-j12026_5-unsat.opb.xz,9
DEC-LIN/normalized-PB10/oliveras/j120/normalized-j12027_7-unsat.opb.xz,9
DEC-LIN/normalized-PB10/oliveras/j120/normalized-j12028_8-sat.opb.xz,9
DEC-LIN/normalized-PB10/oliveras/j120/normalized-j12032_3-unsat.opb.xz,10
DEC-LIN/normalized-PB10/oliveras/j120/normalized-j12032_8-unsat.opb.xz,10
DEC-LIN/normalized-PB10/oliveras/j120/normalized-j12033_3-sat.opb.xz,10
DEC-LIN/normalized-PB10/oliveras/j120/normalized-j12034_4-sat.opb.xz,10
DEC-LIN/normalized-PB10/oliveras/j120/normalized-j12035_4-sat.opb.xz,10
DEC-LIN/normalized-PB10/oliveras/j120/normalized-j12036_3-sat.opb.xz,10
DEC-LIN/normalized-PB10/oliveras/j120/normalized-j12036_4-sat.opb.xz,10
DEC-LIN/normalized-PB10/oliveras/j120/normalized-j12037_7-sat.opb.xz,10
DEC-LIN/normalized-PB10/oliveras/j120/normalized-j12038_3-sat.opb.xz,10
DEC-LIN/normalized-PB10/oliveras/j120/normalized-j12038_7-unsat.opb.xz,10
DEC-LIN/normalized-PB10/oliveras/j120/normalized-j12038_8-unsat.opb.xz,10
DEC-LIN/normalized-PB10/oliveras/j120/normalized-j12039_7-sat.opb.xz,10
DEC-LIN/normalized-PB10/oliveras/j120/normalized-j1203_2-sat.opb.xz,8
DEC-LIN/normalized-PB10/oliveras/j120/normalized-j12041_4-unsat.opb.xz,8
DEC-LIN/normalized-PB10/oliveras/j120/normalized-j12045_10-sat.opb.xz,8
DEC-LIN/normalized-PB10/oliveras/j120/normalized-j12046_2-sat.opb.xz,9
DEC-LIN/normalized-PB10/oliveras/j120/normalized-j12047_10-unsat.opb.xz,9
DEC-LIN/normalized-PB10/oliveras/j120/normalized-j12047_6-sat.opb.xz,9
DEC-LIN/normalized-PB10/oliveras/j120/normalized-j12048_4-unsat.opb.xz,9
DEC-LIN/normalized-PB10/oliveras/j120/normalized-j12049_6-unsat.opb.xz,9
DEC-LIN/normalized-PB10/oliveras/j120/normalized-j1204_7-sat.opb.xz,8
DEC-LIN/normalized-PB10/oliveras/j120/normalized-j12052_5-unsat.opb.xz,10
DEC-LIN/normalized-PB10/oliveras/j120/normalized-j12056_10-unsat.opb.xz,10
DEC-LIN/normalized-PB10/oliveras/j120/normalized-j12058_4-sat.opb.xz,10
DEC-LIN/normalized-PB10/oliveras/j120/normalized-j12059_3-unsat.opb.xz,10
DEC-LIN/normalized-PB10/oliveras/j120/normalized-j1205_1-unsat.opb.xz,8
DEC-LIN/normalized-PB10/oliveras/j120/normalized-j1205_3-unsat.opb.xz,8
DEC-LIN/normalized-PB10/oliveras/j120/normalized-j1206_6-sat.opb.xz,9
DEC-LIN/normalized-PB10/oliveras/j120/normalized-j1206_8-unsat.opb.xz,9
DEC-LIN/normalized-PB10/oliveras/j120/normalized-j1208_10-unsat.opb.xz,9
DEC-LIN/normalized-PB10/oliveras/j120/normalized-j1208_6-sat.opb.xz,9
DEC-LIN/normalized-PB10/oliveras/j120/normalized-j1209_4-sat.opb.xz,9
DEC-LIN/normalized-PB10/oliveras/j30/normalized-j3011_9-unsat.opb.xz,8
DEC-LIN/normalized-PB10/oliveras/j30/normalized-j3017_6-sat.opb.xz,7
DEC-LIN/normalized-PB10/oliveras/j30/normalized-j301_4-unsat.opb.xz,7
DEC-LIN/normalized-PB10/oliveras/j30/normalized-j3020_1-sat.opb.xz,7
DEC-LIN/normalized-PB10/oliveras/j30/normalized-j3024_2-sat.opb.xz,8
DEC-LIN/normalized-PB10/oliveras/j30/normalized-j3024_3-sat.opb.xz,8
DEC-LIN/normalized-PB10/oliveras/j30/normalized-j3024_4-sat.opb.xz,8
DEC-LIN/normalized-PB10/oliveras/j30/normalized-j3024_5-sat.opb.xz,8
DEC-LIN/normalized-PB10/oliveras/j30/normalized-j3025_1-sat.opb.xz,8
DEC-LIN/normalized-PB10/oliveras/j30/normalized-j3025_10-sat.opb.xz,8
DEC-LIN/normalized-PB10/oliveras/j30/normalized-j3025_7-sat.opb.xz,8
DEC-LIN/normalized-PB10/oliveras/j30/normalized-j3027_8-sat.opb.xz,8
DEC-LIN/normalized-PB10/oliveras/j30/normalized-j3029_6-sat.opb.xz,8
DEC-LIN/normalized-PB10/oliveras/j30/normalized-j3029_8-unsat.opb.xz,8
DEC-LIN/normalized-PB10/oliveras/j30/normalized-j3030_6-sat.opb.xz,8
DEC-LIN/normalized-PB10/oliveras/j30/normalized-j3031_7-sat.opb.xz,8
DEC-LIN/normalized-PB10/oliveras/j30/normalized-j3037_5-sat.opb.xz,7
DEC-LIN/normalized-PB10/oliveras/j30/normalized-j3041_4-unsat.opb.xz,8
DEC-LIN/normalized-PB10/oliveras/j30/normalized-j3042_5-unsat.opb.xz,8
DEC-LIN/normalized-PB10/oliveras/j30/normalized-j3043_8-sat.opb.xz,8
DEC-LIN/normalized-PB10/oliveras/j30/normalized-j3046_4-unsat.opb.xz,8
DEC-LIN/normalized-PB10/oliveras/j30/normalized-j3048_8-sat.opb.xz,8
DEC-LIN/normalized-PB10/oliveras/j30/normalized-j307_10-sat.opb.xz,7
DEC-LIN/normalized-PB10/oliveras/j30/normalized-j307_9-unsat.opb.xz,7
DEC-LIN/normalized-PB10/oliveras/j30/normalized-j308_1-unsat.opb.xz,8
DEC-LIN/normalized-PB10/oliveras/j30/normalized-j308_6-sat.opb.xz,7
DEC-LIN/normalized-PB10/oliveras/j30/normalized-j308_6-unsat.opb.xz,7
DEC-LIN/normalized-PB10/oliveras/j30/normalized-j309_10-unsat.opb.xz,8
DEC-LIN/normalized-PB10/oliveras/j30/normalized-j309_6-sat.opb.xz,8
DEC-LIN/normalized-PB10/oliveras/j30/normalized-j309_9-sat.opb.xz,8
DEC-LIN/normalized-PB10/oliveras/j60/normalized-j6010_2-unsat.opb.xz,9
DEC-LIN/normalized-PB10/oliveras/j60/normalized-j6010_7-unsat.opb.xz,9
DEC-LIN/normalized-PB10/oliveras/j60/normalized-j6013_2-unsat.opb.xz,9
DEC-LIN/normalized-PB10/oliveras/j60/normalized-j6014_2-sat.opb.xz,9
DEC-LIN/normalized-PB10/oliveras/j60/normalized-j6015_4-sat.opb.xz,9
DEC-LIN/normalized-PB10/oliveras/j60/normalized-j6016_10-unsat.opb.xz,9
DEC-LIN/normalized-PB10/oliveras/j60/normalized-j6018_3-sat.opb.xz,7
DEC-LIN/normalized-PB10/oliveras/j60/normalized-j601_8-unsat.opb.xz,7
DEC-LIN/normalized-PB10/oliveras/j60/normalized-j6020_9-sat.opb.xz,7
DEC-LIN/normalized-PB10/oliveras/j60/normalized-j6022_1-sat.opb.xz,8
DEC-LIN/normalized-PB10/oliveras/j60/normalized-j6027_4-unsat.opb.xz,9
DEC-LIN/normalized-PB10/oliveras/j60/normalized-j6027_9-unsat.opb.xz,9
DEC-LIN/normalized-PB10/oliveras/j60/normalized-j6028_7-sat.opb.xz,9
DEC-LIN/normalized-PB10/oliveras/j60/normalized-j6028_9-unsat.opb.xz,9
DEC-LIN/normalized-PB10/oliveras/j60/normalized-j6029_8-unsat.opb.xz,9
DEC-LIN/normalized-PB10/oliveras/j60/normalized-j602_7-unsat.opb.xz,7
DEC-LIN/normalized-PB10/oliveras/j60/normalized-j6030_8-sat.opb.xz,9
DEC-LIN/normalized-PB10/oliveras/j60/normalized-j6030_9-unsat.opb.xz,9
DEC-LIN/normalized-PB10/oliveras/j60/normalized-j6032_1-unsat.opb.xz,9
DEC-LIN/normalized-PB10/oliveras/j60/normalized-j6033_2-unsat.opb.xz,7
DEC-LIN/normalized-PB10/oliveras/j60/normalized-j6035_10-sat.opb.xz,7
DEC-LIN/normalized-PB10/oliveras/j60/normalized-j603_2-unsat.opb.xz,7
DEC-LIN/normalized-PB10/oliveras/j60/normalized-j6040_1-sat.opb.xz,8
DEC-LIN/normalized-PB10/oliveras/j60/normalized-j6040_10-sat.opb.xz,8
DEC-LIN/normalized-PB10/oliveras/j60/normalized-j6040_3-sat.opb.xz,8
DEC-LIN/normalized-PB10/oliveras/j60/normalized-j6041_4-sat.opb.xz,9
DEC-LIN/normalized-PB10/oliveras/j60/normalized-j6042_2-sat.opb.xz,9
DEC-LIN/normalized-PB10/oliveras/j60/normalized-j6043_4-sat.opb.xz,9
DEC-LIN/normalized-PB10/oliveras/j60/normalized-j6048_4-sat.opb.xz,9
DEC-LIN/normalized-PB10/oliveras/j60/normalized-j605_1-unsat.opb.xz,8
DEC-LIN/normalized-PB10/oliveras/j60/normalized-j605_10-unsat.opb.xz,8
DEC-LIN/normalized-PB10/oliveras/j60/normalized-j605_7-sat.opb.xz,8
DEC-LIN/normalized-PB10/oliveras/j60/normalized-j606_1-unsat.opb.xz,8
DEC-LIN/normalized-PB10/oliveras/j60/normalized-j607_4-unsat.opb.xz,8
DEC-LIN/normalized-PB10/oliveras/j90/normalized-j9010_10-unsat.opb.xz,9
DEC-LIN/normalized-PB10/oliveras/j90/normalized-j9010_6-unsat.opb.xz,9
DEC-LIN/normalized-PB10/oliveras/j90/normalized-j9010_8-sat.opb.xz,9
DEC-LIN/normalized-PB10/oliveras/j90/normalized-j9012_2-unsat.opb.xz,9
DEC-LIN/normalized-PB10/oliveras/j90/normalized-j9012_5-sat.opb.xz,9
DEC-LIN/normalized-PB10/oliveras/j90/normalized-j9014_1-unsat.opb.xz,10
DEC-LIN/normalized-PB10/oliveras/j90/normalized-j9015_10-unsat.opb.xz,10
DEC-LIN/normalized-PB10/oliveras/j90/normalized-j9015_7-unsat.opb.xz,10
DEC-LIN/normalized-PB10/oliveras/j90/normalized-j9016_7-sat.opb.xz,10
DEC-LIN/normalized-PB10/oliveras/j90/normalized-j901_6-sat.opb.xz,8
DEC-LIN/normalized-PB10/oliveras/j90/normalized-j9027_5-sat.opb.xz,9
DEC-LIN/normalized-PB10/oliveras/j90/normalized-j9028_2-unsat.opb.xz,9
DEC-LIN/normalized-PB10/oliveras/j90/normalized-j902_5-sat.opb.xz,8
DEC-LIN/normalized-PB10/oliveras/j90/normalized-j9035_1-unsat.opb.xz,8
DEC-LIN/normalized-PB10/oliveras/j90/normalized-j9035_5-sat.opb.xz,8
DEC-LIN/normalized-PB10/oliveras/j90/normalized-j9038_3-unsat.opb.xz,9
DEC-LIN/normalized-PB10/oliveras/j90/normalized-j9039_3-unsat.opb.xz,9
DEC-LIN/normalized-PB10/oliveras/j90/normalized-j903_10-unsat.opb.xz,8
DEC-LIN/normalized-PB10/oliveras/j90/normalized-j9040_1-sat.opb.xz,9
DEC-LIN/normalized-PB10/oliveras/j90/normalized-j9040_1-unsat.opb.xz,9
DEC-LIN/normalized-PB10/oliveras/j90/normalized-j9042_4-sat.opb.xz,9
DEC-LIN/normalized-PB10/oliveras/j90/normalized-j9042_5-sat.opb.xz,9
DEC-LIN/normalized-PB10/oliveras/j90/normalized-j9043_2-sat.opb.xz,9
DEC-LIN/normalized-PB10/oliveras/j90/normalized-j9045_1-sat.opb.xz,10
DEC-LIN/normalized-PB10/oliveras/j90/normalized-j9048_1-unsat.opb.xz,10
DEC-LIN/normalized-PB10/oliveras/j90/normalized-j9048_9-sat.opb.xz,10
DEC-LIN/normalized-PB10/oliveras/j90/normalized-j905_6-unsat.opb.xz,9
DEC-LIN/normalized-PB10/oliveras/j90/normalized-j906_2-sat.opb.xz,9
DEC-LIN/normalized-PB10/oliveras/j90/normalized-j907_8-unsat.opb.xz,9
DEC-LIN/normalized-PB10/oliveras/j90/normalized-j908_8-unsat.opb.xz,9
DEC-LIN/normalized-PB11/heinz/normalized-neos-820146.opb.xz,4
DEC-LIN/normalized-PB11/heinz/normalized-neos-820157.opb.xz,5
DEC-LIN/normalized-PB11/heinz/normalized-neos-849702.opb.xz,6
DEC-LIN/normalized-PB11/heinz/normalized-neos808444.opb.xz,10
DEC-LIN/normalized-PB11/lopes/normalized-05.opb.xz,8
DEC-LIN/normalized-PB11/lopes/normalized-101.opb.xz,8
DEC-LIN/normalized-PB11/lopes/normalized-107.opb.xz,10
DEC-LIN/normalized-PB11/lopes/normalized-112.opb.xz,10
DEC-LIN/normalized-PB11/lopes/normalized-116.opb.xz,10
DEC-LIN/normalized-PB11/lopes/normalized-117.opb.xz,10
DEC-LIN/normalized-PB11/lopes/normalized-120.opb.xz,10
DEC-LIN/normalized-PB11/lopes/normalized-122.opb.xz,10
DEC-LIN/normalized-PB11/lopes/normalized-123.opb.xz,10
DEC-LIN/normalized-PB11/lopes/normalized-129.opb.xz,10
DEC-LIN/normalized-PB11/lopes/normalized-130.opb.xz,10
DEC-LIN/normalized-PB11/lopes/normalized-135.opb.xz,10
DEC-LIN/normalized-PB11/lopes/normalized-137.opb.xz,10
DEC-LIN/normalized-PB11/lopes/normalized-141.opb.xz,10
DEC-LIN/normalized-PB11/lopes/normalized-146.opb.xz,10
DEC-LIN/normalized-PB11/lopes/normalized-147.opb.xz,10
DEC-LIN/normalized-PB11/lopes/normalized-153.opb.xz,10
DEC-LIN/normalized-PB11/lopes/normalized-154.opb.xz,10
DEC-LIN/normalized-PB11/lopes/normalized-162.opb.xz,11
DEC-LIN/normalized-PB11/lopes/normalized-164.opb.xz,11
DEC-LIN/normalized-PB11/lopes/normalized-167.opb.xz,11
DEC-LIN/normalized-PB11/lopes/normalized-170.opb.xz,11
DEC-LIN/normalized-PB11/lopes/normalized-172.opb.xz,12
DEC-LIN/normalized-PB11/lopes/normalized-173.opb.xz,12
DEC-LIN/normalized-PB11/lopes/normalized-175.opb.xz,12
DEC-LIN/normalized-PB11/lopes/normalized-178.opb.xz,12
DEC-LIN/normalized-PB11/lopes/normalized-180.opb.xz,12
DEC-LIN/normalized-PB11/lopes/normalized-181.opb.xz,12
DEC-LIN/normalized-PB11/lopes/normalized-182.opb.xz,12
DEC-LIN/normalized-PB11/lopes/normalized-184.opb.xz,13
DEC-LIN/normalized-PB11/lopes/normalized-185.opb.xz,6
DEC-LIN/normalized-PB11/lopes/normalized-188.opb.xz,5
DEC-LIN/normalized-PB11/lopes/normalized-20.opb.xz,8
DEC-LIN/normalized-PB11/lopes/normalized-21.opb.xz,8
DEC-LIN/normalized-PB11/lopes/normalized-24.opb.xz,8
DEC-LIN/normalized-PB11/lopes/normalized-27.opb.xz,8
DEC-LIN/normalized-PB11/lopes/normalized-31.opb.xz,8
DEC-LIN/normalized-PB11/lopes/normalized-37.opb.xz,8
DEC-LIN/normalized-PB11/lopes/normalized-40.opb.xz,8
DEC-LIN/normalized-PB11/lopes/normalized-41.opb.xz,8
DEC-LIN/normalized-PB11/lopes/normalized-47.opb.xz,8
DEC-LIN/normalized-PB11/lopes/normalized-48.opb.xz,8
DEC-LIN/normalized-PB11/lopes/normalized-53.opb.xz,8
DEC-LIN/normalized-PB11/lopes/normalized-60.opb.xz,9
DEC-LIN/normalized-PB11/lopes/normalized-61.opb.xz,8
DEC-LIN/normalized-PB11/lopes/normalized-70.opb.xz,9
DEC-LIN/normalized-PB11/lopes/normalized-73.opb.xz,8
DEC-LIN/normalized-PB11/lopes/normalized-76.opb.xz,9
DEC-LIN/normalized-PB11/lopes/normalized-89.opb.xz,8
DEC-LIN/normalized-PB11/lopes/normalized-91.opb.xz,8
DEC-LIN/normalized-PB11/lopes/normalized-99.opb.xz,8
DEC-LIN/normalized-PB12/sroussel/ShortestPathBA/normalized-BeauxArts_K65.opb.xz,7
DEC-LIN/normalized-PB12/sroussel/ShortestPathBA/normalized-BeauxArts_K66.opb.xz,7
DEC-LIN/normalized-PB12/sroussel/ShortestPathBA/normalized-BeauxArts_K67.opb.xz,7
DEC-LIN/normalized-PB12/sroussel/ShortestPathBA/normalized-BeauxArts_K68.opb.xz,7
DEC-LIN/normalized-PB12/sroussel/ShortestPathBA/normalized-BeauxArts_K69.opb.xz,7
DEC-LIN/normalized-PB12/sroussel/ShortestPathBA/normalized-BeauxArts_K70.opb.xz,7
DEC-LIN/normalized-PB12/sroussel/ShortestPathBA/normalized-BeauxArts_K71.opb.xz,7
DEC-LIN/normalized-PB12/sroussel/ShortestPathBA/normalized-BeauxArts_K72.opb.xz,7
DEC-LIN/normalized-PB12/sroussel/ShortestPathBA/normalized-BeauxArts_K73.opb.xz,7
DEC-LIN/normalized-PB12/sroussel/ShortestPathBA/normalized-BeauxArts_K74.opb.xz,7
DEC-LIN/normalized-PB12/sroussel/ShortestPathBA/normalized-BeauxArts_K75.opb.xz,7
DEC-LIN/normalized-PB12/sroussel/ShortestPathBA/normalized-BeauxArts_K76.opb.xz,7
DEC-LIN/normalized-PB12/sroussel/ShortestPathBA/normalized-BeauxArts_K77.opb.xz,7
DEC-LIN/normalized-PB12/sroussel/ShortestPathBA/normalized-BeauxArts_K78.opb.xz,7
DEC-LIN/normalized-PB12/sroussel/ShortestPathBA/normalized-BeauxArts_K79.opb.xz,7
DEC-LIN/normalized-PB12/sroussel/ShortestPathBA/normalized-BeauxArts_K80.opb.xz,7
DEC-LIN/normalized-PB12/sroussel/ShortestPathNG/normalized-NG_K125.opb.xz,7
DEC-LIN/normalized-PB12/sroussel/ShortestPathNG/normalized-NG_K126.opb.xz,7
DEC-LIN/normalized-PB12/sroussel/ShortestPathNG/normalized-NG_K128.opb.xz,8
DEC-LIN/normalized-PB12/sroussel/ShortestPathNG/normalized-NG_K129.opb.xz,8
DEC-LIN/normalized-PB12/sroussel/ShortestPathNG/normalized-NG_K131.opb.xz,8
DEC-LIN/normalized-PB12/sroussel/ShortestPathNG/normalized-NG_K132.opb.xz,8
DEC-LIN/normalized-PB12/sroussel/ShortestPathNG/normalized-NG_K133.opb.xz,8
DEC-LIN/normalized-PB12/sroussel/ShortestPathNG/normalized-NG_K138.opb.xz,8
DEC-LIN/normalized-PB12/sroussel/ShortestPathNG/normalized-NG_K139.opb.xz,8
DEC-LIN/normalized-PB12/sroussel/ShortestPathNG/normalized-NG_K140.opb.xz,8
DEC-LIN/normalized-PB12/sroussel/ShortestPathNG/normalized-NG_K141.opb.xz,8
DEC-LIN/normalized-PB12/sroussel/ShortestPathNG/normalized-NG_K143.opb.xz,8
DEC-LIN/normalized-PB12/sroussel/ShortestPathNG/normalized-NG_K148.opb.xz,8
DEC-LIN/normalized-PB12/sroussel/ShortestPathNG/normalized-NG_K152.opb.xz,8
DEC-LIN/normalized-PB12/sroussel/ShortestPathNG/normalized-NG_K156.opb.xz,8
DEC-LIN/normalized-PB12/sroussel/ShortestPathNG/normalized-NG_K160.opb.xz,8
DEC-LIN/normalized-PB12/sroussel/ShortestPathNG/normalized-NG_K163.opb.xz,8
DEC-LIN/normalized-PB12/sroussel/ShortestPathNG/normalized-NG_K164.opb.xz,8
DEC-LIN/normalized-PB12/sroussel/ShortestPathNG/normalized-NG_K167.opb.xz,8
DEC-LIN/normalized-PB12/sroussel/ShortestPathNG/normalized-NG_K168.opb.xz,8
DEC-LIN/normalized-PB12/sroussel/ShortestPathNG/normalized-NG_K175.opb.xz,8
DEC-LIN/normalized-PB12/sroussel/ShortestPathNG/normalized-NG_K176.opb.xz,8
DEC-LIN/normalized-PB12/sroussel/ShortestPathNG/normalized-NG_K177.opb.xz,8
DEC-LIN/normalized-PB12/sroussel/ShortestPathNG/normalized-NG_K180.opb.xz,8
DEC-LIN/normalized-PB12/sroussel/ShortestPathNG/normalized-NG_K181.opb.xz,8
DEC-LIN/normalized-PB12/sroussel/ShortestPathNG/normalized-NG_K183.opb.xz,8
DEC-LIN/normalized-PB12/sroussel/ShortestPathNG/normalized-NG_K192.opb.xz,8
DEC-LIN/normalized-PB12/sroussel/ShortestPathNG/normalized-NG_K196.opb.xz,8
DEC-LIN/normalized-PB12/sroussel/ShortestPathNG/normalized-NG_K199.opb.xz,8
DEC-LIN/normalized-PB12/sroussel/ShortestPathNG/normalized-NG_K200.opb.xz,8
DEC-LIN/normalized-PB12/sroussel/ShortestPathTate/normalized-TateBritain_K100.opb.xz,7
DEC-LIN/normalized-PB12/sroussel/ShortestPathTate/normalized-TateBritain_K101.opb.xz,7
DEC-LIN/normalized-PB12/sroussel/ShortestPathTate/normalized-TateBritain_K102.opb.xz,7
DEC-LIN/normalized-PB12/sroussel/ShortestPathTate/normalized-TateBritain_K103.opb.xz,7
DEC-LIN/normalized-PB12/sroussel/ShortestPathTate/normalized-TateBritain_K104.opb.xz,7
DEC-LIN/normalized-PB12/sroussel/ShortestPathTate/normalized-TateBritain_K105.opb.xz,7
DEC-LIN/normalized-PB12/sroussel/ShortestPathTate/normalized-TateBritain_K106.opb.xz,7
DEC-LIN/normalized-PB12/sroussel/ShortestPathTate/normalized-TateBritain_K107.opb.xz,7
DEC-LIN/normalized-PB12/sroussel/ShortestPathTate/normalized-TateBritain_K108.opb.xz,7
DEC-LIN/normalized-PB12/sroussel/ShortestPathTate/normalized-TateBritain_K109.opb.xz,7
DEC-LIN/normalized-PB12/sroussel/ShortestPathTate/normalized-TateBritain_K80.opb.xz,7
DEC-LIN/normalized-PB12/sroussel/ShortestPathTate/normalized-TateBritain_K81.opb.xz,7
DEC-LIN/normalized-PB12/sroussel/ShortestPathTate/normalized-TateBritain_K82.opb.xz,7
DEC-LIN/normalized-PB12/sroussel/ShortestPathTate/normalized-TateBritain_K83.opb.xz,7
DEC-LIN/normalized-PB12/sroussel/ShortestPathTate/normalized-TateBritain_K84.opb.xz,7
DEC-LIN/normalized-PB12/sroussel/ShortestPathTate/normalized-TateBritain_K85.opb.xz,7
DEC-LIN/normalized-PB12/sroussel/ShortestPathTate/normalized-TateBritain_K86.opb.xz,7
DEC-LIN/normalized-PB12/sroussel/ShortestPathTate/normalized-TateBritain_K87.opb.xz,7
DEC-LIN/normalized-PB12/sroussel/ShortestPathTate/normalized-TateBritain_K88.opb.xz,7
DEC-LIN/normalized-PB12/sroussel/ShortestPathTate/normalized-TateBritain_K89.opb.xz,7
DEC-LIN/normalized-PB12/sroussel/ShortestPathTate/normalized-TateBritain_K90.opb.xz,7
DEC-LIN/normalized-PB12/sroussel/ShortestPathTate/normalized-TateBritain_K91.opb.xz,7
DEC-LIN/normalized-PB12/sroussel/ShortestPathTate/normalized-TateBritain_K92.opb.xz,7
DEC-LIN/normalized-PB12/sroussel/ShortestPathTate/normalized-TateBritain_K93.opb.xz,7
DEC-LIN/normalized-PB12/sroussel/ShortestPathTate/normalized-TateBritain_K94.opb.xz,7
DEC-LIN/normalized-PB12/sroussel/ShortestPathTate/normalized-TateBritain_K95.opb.xz,7
DEC-LIN/normalized-PB12/sroussel/ShortestPathTate/normalized-TateBritain_K96.opb.xz,7
DEC-LIN/normalized-PB12/sroussel/ShortestPathTate/normalized-TateBritain_K97.opb.xz,7
DEC-LIN/normalized-PB12/sroussel/ShortestPathTate/normalized-TateBritain_K98.opb.xz,7
DEC-LIN/normalized-PB12/sroussel/ShortestPathTate/normalized-TateBritain_K99.opb.xz,7
DEC-LIN/normalized-PB15eval/3COL/normalized-3col-left3reg-l010-r010-n1.opb.xz,3
DEC-LIN/normalized-PB15eval/3COL/normalized-3col-left3reg-l020-r019-n1.opb.xz,3
DEC-LIN/normalized-PB15eval/3COL/normalized-3col-left3reg-l030-r029-n1.opb.xz,3
DEC-LIN/normalized-PB15eval/3COL/normalized-3col-left3reg-l040-r039-n1.opb.xz,3
DEC-LIN/normalized-PB15eval/3COL/normalized-3col-left3reg-l050-r049-n1.opb.xz,3
DEC-LIN/normalized-PB15eval/3COL/normalized-3col-left3reg-l060-r059-n1.opb.xz,3
DEC-LIN/normalized-PB15eval/3COL/normalized-3col-left3reg-l070-r069-n1.opb.xz,3
DEC-LIN/normalized-PB15eval/3COL/normalized-3col-left3reg-l080-r079-n1.opb.xz,3
DEC-LIN/normalized-PB15eval/3COL/normalized-3col-left3reg-l090-r089-n1.opb.xz,3
DEC-LIN/normalized-PB15eval/3COL/normalized-3col-left3reg-l100-r099-n1.opb.xz,3
DEC-LIN/normalized-PB15eval/EC_ODD_GRIDS/normalized-ECgrid3x100split.opb.xz,3
DEC-LIN/normalized-PB15eval/EC_ODD_GRIDS/normalized-ECgrid3x10split.opb.xz,3
DEC-LIN/normalized-PB15eval/EC_ODD_GRIDS/normalized-ECgrid3x20split.opb.xz,3
DEC-LIN/normalized-PB15eval/EC_ODD_GRIDS/normalized-ECgrid3x30split.opb.xz,3
DEC-LIN/normalized-PB15eval/EC_ODD_GRIDS/normalized-ECgrid3x40split.opb.xz,3
DEC-LIN/normalized-PB15eval/EC_ODD_GRIDS/normalized-ECgrid3x50split.opb.xz,3
DEC-LIN/normalized-PB15eval/EC_ODD_GRIDS/normalized-ECgrid3x60split.opb.xz,3
DEC-LIN/normalized-PB15eval/EC_ODD_GRIDS/normalized-ECgrid3x70split.opb.xz,3
DEC-LIN/normalized-PB15eval/EC_ODD_GRIDS/normalized-ECgrid3x80split.opb.xz,3
DEC-LIN/normalized-PB15eval/EC_ODD_GRIDS/normalized-ECgrid3x90split.opb.xz,3
DEC-LIN/normalized-PB15eval/EC_ODD_GRIDS/normalized-ECgrid5x100split.opb.xz,3
DEC-LIN/normalized-PB15eval/EC_ODD_GRIDS/normalized-ECgrid5x10split.opb.xz,3
DEC-LIN/normalized-PB15eval/EC_ODD_GRIDS/normalized-ECgrid5x20split.opb.xz,3
DEC-LIN/normalized-PB15eval/EC_ODD_GRIDS/normalized-ECgrid5x30split.opb.xz,3
DEC-LIN/normalized-PB15eval/EC_ODD_GRIDS/normalized-ECgrid5x40split.opb.xz,3
DEC-LIN/normalized-PB15eval/EC_ODD_GRIDS/normalized-ECgrid5x50split.opb.xz,3
DEC-LIN/normalized-PB15eval/EC_ODD_GRIDS/normalized-ECgrid5x60split.opb.xz,3
DEC-LIN/normalized-PB15eval/EC_ODD_GRIDS/normalized-ECgrid5x70split.opb.xz,3
DEC-LIN/normalized-PB15eval/EC_ODD_GRIDS/normalized-ECgrid5x80split.opb.xz,3
DEC-LIN/normalized-PB15eval/EC_ODD_GRIDS/normalized-ECgrid5x90split.opb.xz,3
DEC-LIN/normalized-PB15eval/ProofComplexity-Extracted-Cardinality-Constraints/ProofComplexity/normalized-fixed-bandwidth-100.cnf.gz-extracted.pb.metafix.opb.xz,4
DEC-LIN/normalized-PB15eval/ProofComplexity-Extracted-Cardinality-Constraints/ProofComplexity/normalized-fixed-bandwidth-15.cnf.gz-plain.pb.metafix.opb.xz,3
DEC-LIN/normalized-PB15eval/ProofComplexity-Extracted-Cardinality-Constraints/ProofComplexity/normalized-fixed-bandwidth-16.cnf.gz-extracted.pb.metafix.opb.xz,4
DEC-LIN/normalized-PB15eval/ProofComplexity-Extracted-Cardinality-Constraints/ProofComplexity/normalized-fixed-bandwidth-16.cnf.gz-plain.pb.metafix.opb.xz,3
DEC-LIN/normalized-PB15eval/ProofComplexity-Extracted-Cardinality-Constraints/ProofComplexity/normalized-fixed-bandwidth-17.cnf.gz-extracted.pb.metafix.opb.xz,4
DEC-LIN/normalized-PB15eval/ProofComplexity-Extracted-Cardinality-Constraints/ProofComplexity/normalized-fixed-bandwidth-17.cnf.gz-plain.pb.metafix.opb.xz,3
DEC-LIN/normalized-PB15eval/ProofComplexity-Extracted-Cardinality-Constraints/ProofComplexity/normalized-fixed-bandwidth-18.cnf.gz-extracted.pb.metafix.opb.xz,4
DEC-LIN/normalized-PB15eval/ProofComplexity-Extracted-Cardinality-Constraints/ProofComplexity/normalized-fixed-bandwidth-18.cnf.gz-plain.pb.metafix.opb.xz,3
DEC-LIN/normalized-PB15eval/ProofComplexity-Extracted-Cardinality-Constraints/ProofComplexity/normalized-fixed-bandwidth-19.cnf.gz-extracted.pb.metafix.opb.xz,4
DEC-LIN/normalized-PB15eval/ProofComplexity-Extracted-Cardinality-Constraints/ProofComplexity/normalized-fixed-bandwidth-19.cnf.gz-plain.pb.metafix.opb.xz,3
DEC-LIN/normalized-PB15eval/ProofComplexity-Extracted-Cardinality-Constraints/ProofComplexity/normalized-fixed-bandwidth-20.cnf.gz-extracted.pb.metafix.opb.xz,4
DEC-LIN/normalized-PB15eval/ProofComplexity-Extracted-Cardinality-Constraints/ProofComplexity/normalized-fixed-bandwidth-21.cnf.gz-extracted.pb.metafix.opb.xz,4
DEC-LIN/normalized-PB15eval/ProofComplexity-Extracted-Cardinality-Constraints/ProofComplexity/normalized-fixed-bandwidth-22.cnf.gz-extracted.pb.metafix.opb.xz,4
DEC-LIN/normalized-PB15eval/ProofComplexity-Extracted-Cardinality-Constraints/ProofComplexity/normalized-fixed-bandwidth-23.cnf.gz-extracted.pb.metafix.opb.xz,4
DEC-LIN/normalized-PB15eval/ProofComplexity-Extracted-Cardinality-Constraints/ProofComplexity/normalized-fixed-bandwidth-24.cnf.gz-extracted.pb.metafix.opb.xz,4
DEC-LIN/normalized-PB15eval/ProofComplexity-Extracted-Cardinality-Constraints/ProofComplexity/normalized-fixed-bandwidth-25.cnf.gz-extracted.pb.metafix.opb.xz,4
DEC-LIN/normalized-PB15eval/ProofComplexity-Extracted-Cardinality-Constraints/ProofComplexity/normalized-fixed-bandwidth-26.cnf.gz-extracted.pb.metafix.opb.xz,4
DEC-LIN/normalized-PB15eval/ProofComplexity-Extracted-Cardinality-Constraints/ProofComplexity/normalized-fixed-bandwidth-27.cnf.gz-extracted.pb.metafix.opb.xz,4
DEC-LIN/normalized-PB15eval/ProofComplexity-Extracted-Cardinality-Constraints/ProofComplexity/normalized-fixed-bandwidth-51.cnf.gz-extracted.pb.metafix.opb.xz,4
DEC-LIN/normalized-PB15eval/ProofComplexity-Extracted-Cardinality-Constraints/ProofComplexity/normalized-fixed-bandwidth-55.cnf.gz-extracted.pb.metafix.opb.xz,4
DEC-LIN/normalized-PB15eval/ProofComplexity-Extracted-Cardinality-Constraints/ProofComplexity/normalized-fixed-bandwidth-58.cnf.gz-extracted.pb.metafix.opb.xz,4
DEC-LIN/normalized-PB15eval/ProofComplexity-Extracted-Cardinality-Constraints/ProofComplexity/normalized-fixed-bandwidth-60.cnf.gz-extracted.pb.metafix.opb.xz,4
DEC-LIN/normalized-PB15eval/ProofComplexity-Extracted-Cardinality-Constraints/ProofComplexity/normalized-fixed-bandwidth-61.cnf.gz-extracted.pb.metafix.opb.xz,4
DEC-LIN/normalized-PB15eval/ProofComplexity-Extracted-Cardinality-Constraints/ProofComplexity/normalized-fixed-bandwidth-62.cnf.gz-extracted.pb.metafix.opb.xz,4
DEC-LIN/normalized-PB15eval/ProofComplexity-Extracted-Cardinality-Constraints/ProofComplexity/normalized-fixed-bandwidth-63.cnf.gz-extracted.pb.metafix.opb.xz,4
DEC-LIN/normalized-PB15eval/ProofComplexity-Extracted-Cardinality-Constraints/ProofComplexity/normalized-fixed-bandwidth-64.cnf.gz-extracted.pb.metafix.opb.xz,4
DEC-LIN/normalized-PB15eval/ProofComplexity-Extracted-Cardinality-Constraints/ProofComplexity/normalized-fixed-bandwidth-65.cnf.gz-extracted.pb.metafix.opb.xz,4
DEC-LIN/normalized-PB15eval/ProofComplexity-Extracted-Cardinality-Constraints/ProofComplexity/normalized-fixed-bandwidth-66.cnf.gz-extracted.pb.metafix.opb.xz,4
DEC-LIN/normalized-PB15eval/ProofComplexity-Extracted-Cardinality-Constraints/ProofComplexity/normalized-fixed-bandwidth-67.cnf.gz-extracted.pb.metafix.opb.xz,4
DEC-LIN/normalized-PB15eval/ProofComplexity-Extracted-Cardinality-Constraints/ProofComplexity/normalized-fixed-bandwidth-68.cnf.gz-extracted.pb.metafix.opb.xz,4
DEC-LIN/normalized-PB15eval/ProofComplexity-Extracted-Cardinality-Constraints/ProofComplexity/normalized-fixed-bandwidth-69.cnf.gz-extracted.pb.metafix.opb.xz,4
DEC-LIN/normalized-PB15eval/ProofComplexity-Extracted-Cardinality-Constraints/ProofComplexity/normalized-fixed-bandwidth-70.cnf.gz-extracted.pb.metafix.opb.xz,4
DEC-LIN/normalized-PB15eval/ProofComplexity-Extracted-Cardinality-Constraints/ProofComplexity/normalized-fixed-bandwidth-71.cnf.gz-extracted.pb.metafix.opb.xz,4
DEC-LIN/normalized-PB15eval/ProofComplexity-Extracted-Cardinality-Constraints/ProofComplexity/normalized-fixed-bandwidth-72.cnf.gz-extracted.pb.metafix.opb.xz,4
DEC-LIN/normalized-PB15eval/ProofComplexity-Extracted-Cardinality-Constraints/ProofComplexity/normalized-fixed-bandwidth-73.cnf.gz-extracted.pb.metafix.opb.xz,4
DEC-LIN/normalized-PB15eval/ProofComplexity-Extracted-Cardinality-Constraints/ProofComplexity/normalized-fixed-bandwidth-75.cnf.gz-extracted.pb.metafix.opb.xz,4
DEC-LIN/normalized-PB15eval/ProofComplexity-Extracted-Cardinality-Constraints/ProofComplexity/normalized-fixed-bandwidth-76.cnf.gz-extracted.pb.metafix.opb.xz,4
DEC-LIN/normalized-PB15eval/ProofComplexity-Extracted-Cardinality-Constraints/ProofComplexity/normalized-fixed-bandwidth-77.cnf.gz-extracted.pb.metafix.opb.xz,4
DEC-LIN/normalized-PB15eval/ProofComplexity-Extracted-Cardinality-Constraints/ProofComplexity/normalized-fixed-bandwidth-78.cnf.gz-extracted.pb.metafix.opb.xz,4
DEC-LIN/normalized-PB15eval/ProofComplexity-Extracted-Cardinality-Constraints/ProofComplexity/normalized-fixed-bandwidth-80.cnf.gz-extracted.pb.metafix.opb.xz,4
DEC-LIN/normalized-PB15eval/ProofComplexity-Extracted-Cardinality-Constraints/ProofComplexity/normalized-fixed-bandwidth-81.cnf.gz-extracted.pb.metafix.opb.xz,4
DEC-LIN/normalized-PB15eval/ProofComplexity-Extracted-Cardinality-Constraints/ProofComplexity/normalized-fixed-bandwidth-83.cnf.gz-extracted.pb.metafix.opb.xz,4
DEC-LIN/normalized-PB15eval/ProofComplexity-Extracted-Cardinality-Constraints/ProofComplexity/normalized-fixed-bandwidth-84.cnf.gz-extracted.pb.metafix.opb.xz,4
DEC-LIN/normalized-PB15eval/ProofComplexity-Extracted-Cardinality-Constraints/ProofComplexity/normalized-fixed-bandwidth-85.cnf.gz-extracted.pb.metafix.opb.xz,4
DEC-LIN/normalized-PB15eval/ProofComplexity-Extracted-Cardinality-Constraints/ProofComplexity/normalized-fixed-bandwidth-86.cnf.gz-extracted.pb.metafix.opb.xz,4
DEC-LIN/normalized-PB15eval/ProofComplexity-Extracted-Cardinality-Constraints/ProofComplexity/normalized-fixed-bandwidth-87.cnf.gz-extracted.pb.metafix.opb.xz,4
DEC-LIN/normalized-PB15eval/ProofComplexity-Extracted-Cardinality-Constraints/ProofComplexity/normalized-fixed-bandwidth-88.cnf.gz-extracted.pb.metafix.opb.xz,4
DEC-LIN/normalized-PB15eval/ProofComplexity-Extracted-Cardinality-Constraints/ProofComplexity/normalized-fixed-bandwidth-89.cnf.gz-extracted.pb.metafix.opb.xz,4
DEC-LIN/normalized-PB15eval/ProofComplexity-Extracted-Cardinality-Constraints/ProofComplexity/normalized-fixed-bandwidth-90.cnf.gz-extracted.pb.metafix.opb.xz,4
DEC-LIN/normalized-PB15eval/ProofComplexity-Extracted-Cardinality-Constraints/ProofComplexity/normalized-fixed-bandwidth-91.cnf.gz-extracted.pb.metafix.opb.xz,4
DEC-LIN/normalized-PB15eval/ProofComplexity-Extracted-Cardinality-Constraints/ProofComplexity/normalized-fixed-bandwidth-92.cnf.gz-extracted.pb.metafix.opb.xz,4
DEC-LIN/normalized-PB15eval/ProofComplexity-Extracted-Cardinality-Constraints/ProofComplexity/normalized-fixed-bandwidth-93.cnf.gz-extracted.pb.metafix.opb.xz,4
DEC-LIN/normalized-PB15eval/ProofComplexity-Extracted-Cardinality-Constraints/ProofComplexity/normalized-fixed-bandwidth-94.cnf.gz-extracted.pb.metafix.opb.xz,4
DEC-LIN/normalized-PB15eval/ProofComplexity-Extracted-Cardinality-Constraints/ProofComplexity/normalized-fixed-bandwidth-95.cnf.gz-extracted.pb.metafix.opb.xz,4
DEC-LIN/normalized-PB15eval/ProofComplexity-Extracted-Cardinality-Constraints/ProofComplexity/normalized-fixed-bandwidth-97.cnf.gz-extracted.pb.metafix.opb.xz,4
DEC-LIN/normalized-PB15eval/ProofComplexity-Extracted-Cardinality-Constraints/ProofComplexity/normalized-fixed-bandwidth-98.cnf.gz-extracted.pb.metafix.opb.xz,4
DEC-LIN/normalized-PB15eval/ProofComplexity-Extracted-Cardinality-Constraints/ProofComplexity/normalized-regular-n16-d4-i2.cnf.gz-plain.pb.metafix.opb.xz,3
DEC-LIN/normalized-PB15eval/ProofComplexity-Extracted-Cardinality-Constraints/ProofComplexity/normalized-regular-n17-d4-i1.cnf.gz-plain.pb.metafix.opb.xz,3
DEC-LIN/normalized-PB15eval/ProofComplexity-Extracted-Cardinality-Constraints/ProofComplexity/normalized-regular-n17-d4-i2.cnf.gz-plain.pb.metafix.opb.xz,3
DEC-LIN/normalized-PB15eval/ProofComplexity-Extracted-Cardinality-Constraints/ProofComplexity/normalized-regular-n17-d4-i3.cnf.gz-plain.pb.metafix.opb.xz,3
DEC-LIN/normalized-PB15eval/ProofComplexity-Extracted-Cardinality-Constraints/ProofComplexity/normalized-regular-n18-d4-i1.cnf.gz-plain.pb.metafix.opb.xz,3
DEC-LIN/normalized-PB15eval/ProofComplexity-Extracted-Cardinality-Constraints/ProofComplexity/normalized-regular-n18-d4-i2.cnf.gz-plain.pb.metafix.opb.xz,3
DEC-LIN/normalized-PB15eval/ProofComplexity-Extracted-Cardinality-Constraints/ProofComplexity/normalized-regular-n19-d4-i1.cnf.gz-extracted.pb.metafix.opb.xz,4
DEC-LIN/normalized-PB15eval/ProofComplexity-Extracted-Cardinality-Constraints/ProofComplexity/normalized-regular-n19-d4-i1.cnf.gz-plain.pb.metafix.opb.xz,3
DEC-LIN/normalized-PB15eval/ProofComplexity-Extracted-Cardinality-Constraints/ProofComplexity/normalized-regular-n19-d4-i3.cnf.gz-plain.pb.metafix.opb.xz,3
DEC-LIN/normalized-PB15eval/ProofComplexity-Extracted-Cardinality-Constraints/ProofComplexity/normalized-regular-n20-d4-i1.cnf.gz-plain.pb.metafix.opb.xz,3
DEC-LIN/normalized-PB15eval/ProofComplexity-Extracted-Cardinality-Constraints/ProofComplexity/normalized-regular-n20-d4-i3.cnf.gz-plain.pb.metafix.opb.xz,3
DEC-LIN/normalized-PB15eval/ProofComplexity-Extracted-Cardinality-Constraints/ProofComplexity/normalized-regular-n21-d4-i1.cnf.gz-plain.pb.metafix.opb.xz,3
DEC-LIN/normalized-PB15eval/ProofComplexity-Extracted-Cardinality-Constraints/ProofComplexity/normalized-regular-n21-d4-i2.cnf.gz-extracted.pb.metafix.opb.xz,4
DEC-LIN/normalized-PB15eval/ProofComplexity-Extracted-Cardinality-Constraints/ProofComplexity/normalized-regular-n21-d4-i3.cnf.gz-extracted.pb.metafix.opb.xz,4
DEC-LIN/normalized-PB15eval/ProofComplexity-Extracted-Cardinality-Constraints/ProofComplexity/normalized-regular-n21-d4-i3.cnf.gz-plain.pb.metafix.opb.xz,3
DEC-LIN/normalized-PB15eval/ProofComplexity-Extracted-Cardinality-Constraints/ProofComplexity/normalized-regular-n22-d4-i1.cnf.gz-extracted.pb.metafix.opb.xz,4
DEC-LIN/normalized-PB15eval/ProofComplexity-Extracted-Cardinality-Constraints/ProofComplexity/normalized-regular-n22-d4-i2.cnf.gz-extracted.pb.metafix.opb.xz,4
DEC-LIN/normalized-PB15eval/ProofComplexity-Extracted-Cardinality-Constraints/ProofComplexity/normalized-regular-n22-d4-i2.cnf.gz-plain.pb.metafix.opb.xz,3
DEC-LIN/normalized-PB15eval/ProofComplexity-Extracted-Cardinality-Constraints/ProofComplexity/normalized-regular-n22-d4-i3.cnf.gz-extracted.pb.metafix.opb.xz,4
DEC-LIN/normalized-PB15eval/ProofComplexity-Extracted-Cardinality-Constraints/ProofComplexity/normalized-regular-n22-d4-i3.cnf.gz-plain.pb.metafix.opb.xz,3
DEC-LIN/normalized-PB15eval/ProofComplexity-Extracted-Cardinality-Constraints/ProofComplexity/normalized-regular-n23-d4-i1.cnf.gz-extracted.pb.metafix.opb.xz,4
DEC-LIN/normalized-PB15eval/ProofComplexity-Extracted-Cardinality-Constraints/ProofComplexity/normalized-regular-n23-d4-i1.cnf.gz-plain.pb.metafix.opb.xz,3
DEC-LIN/normalized-PB15eval/ProofComplexity-Extracted-Cardinality-Constraints/ProofComplexity/normalized-regular-n23-d4-i2.cnf.gz-extracted.pb.metafix.opb.xz,4
DEC-LIN/normalized-PB15eval/ProofComplexity-Extracted-Cardinality-Constraints/ProofComplexity/normalized-regular-n23-d4-i2.cnf.gz-plain.pb.metafix.opb.xz,3
DEC-LIN/normalized-PB15eval/ProofComplexity-Extracted-Cardinality-Constraints/ProofComplexity/normalized-regular-n23-d4-i3.cnf.gz-extracted.pb.metafix.opb.xz,4
DEC-LIN/normalized-PB15eval/ProofComplexity-Extracted-Cardinality-Constraints/ProofComplexity/normalized-regular-n24-d4-i1.cnf.gz-plain.pb.metafix.opb.xz,3
DEC-LIN/normalized-PB15eval/ProofComplexity-Extracted-Cardinality-Constraints/ProofComplexity/normalized-regular-n24-d4-i2.cnf.gz-extracted.pb.metafix.opb.xz,4
DEC-LIN/normalized-PB15eval/ProofComplexity-Extracted-Cardinality-Constraints/ProofComplexity/normalized-regular-n24-d4-i2.cnf.gz-plain.pb.metafix.opb.xz,3
DEC-LIN/normalized-PB15eval/ProofComplexity-Extracted-Cardinality-Constraints/ProofComplexity/normalized-regular-n24-d4-i3.cnf.gz-extracted.pb.metafix.opb.xz,4
DEC-LIN/normalized-PB15eval/ProofComplexity-Extracted-Cardinality-Constraints/ProofComplexity/normalized-regular-n24-d4-i3.cnf.gz-plain.pb.metafix.opb.xz,3
DEC-LIN/normalized-PB15eval/ProofComplexity-Extracted-Cardinality-Constraints/ProofComplexity/normalized-regular-n25-d4-i1.cnf.gz-extracted.pb.metafix.opb.xz,4
DEC-LIN/normalized-PB15eval/ProofComplexity-Extracted-Cardinality-Constraints/ProofComplexity/normalized-regular-n25-d4-i2.cnf.gz-extracted.pb.metafix.opb.xz,4
DEC-LIN/normalized-PB15eval/ProofComplexity-Extracted-Cardinality-Constraints/ProofComplexity/normalized-regular-n25-d4-i2.cnf.gz-plain.pb.metafix.opb.xz,3
DEC-LIN/normalized-PB15eval/ProofComplexity-Extracted-Cardinality-Constraints/ProofComplexity/normalized-regular-n25-d4-i3.cnf.gz-plain.pb.metafix.opb.xz,3
DEC-LIN/normalized-PB15eval/ProofComplexity-Extracted-Cardinality-Constraints/ProofComplexity/normalized-regular-n26-d4-i1.cnf.gz-extracted.pb.metafix.opb.xz,4
DEC-LIN/normalized-PB15eval/ProofComplexity-Extracted-Cardinality-Constraints/ProofComplexity/normalized-regular-n26-d4-i2.cnf.gz-extracted.pb.metafix.opb.xz,4
DEC-LIN/normalized-PB15eval/ProofComplexity-Extracted-Cardinality-Constraints/ProofComplexity/normalized-regular-n26-d4-i3.cnf.gz-extracted.pb.metafix.opb.xz,4
DEC-LIN/normalized-PB15eval/ProofComplexity-Extracted-Cardinality-Constraints/ProofComplexity/normalized-regular-n26-d4-i3.cnf.gz-plain.pb.metafix.opb.xz,3
DEC-LIN/normalized-PB15eval/ProofComplexity-Extracted-Cardinality-Constraints/ProofComplexity/normalized-regular-n27-d4-i2.cnf.gz-extracted.pb.metafix.opb.xz,4
DEC-LIN/normalized-PB15eval/ProofComplexity-Extracted-Cardinality-Constraints/ProofComplexity/normalized-regular-n27-d4-i3.cnf.gz-extracted.pb.metafix.opb.xz,4
DEC-LIN/normalized-PB15eval/ProofComplexity-Extracted-Cardinality-Constraints/ProofComplexity/normalized-regular-n28-d4-i3.cnf.gz-extracted.pb.metafix.opb.xz,4
DEC-LIN/normalized-PB15eval/ProofComplexity-Extracted-Cardinality-Constraints/ProofComplexity/normalized-regular-n28-d4-i3.cnf.gz-plain.pb.metafix.opb.xz,3
DEC-LIN/normalized-PB15eval/ProofComplexity-Extracted-Cardinality-Constraints/ProofComplexity/normalized-regular-n29-d4-i2.cnf.gz-extracted.pb.metafix.opb.xz,4
DEC-LIN/normalized-PB15eval/ProofComplexity-Extracted-Cardinality-Constraints/ProofComplexity/normalized-regular-n29-d4-i2.cnf.gz-plain.pb.metafix.opb.xz,3
DEC-LIN/normalized-PB15eval/ProofComplexity-Extracted-Cardinality-Constraints/ProofComplexity/normalized-subsetCardinalitySigma-17-3.cnf.gz-plain.pb.metafix.opb.xz,3
DEC-LIN/normalized-PB15eval/ProofComplexity-Extracted-Cardinality-Constraints/ProofComplexity/normalized-subsetCardinalitySigma-18-1.cnf.gz-plain.pb.metafix.opb.xz,3
DEC-LIN/normalized-PB15eval/ProofComplexity-Extracted-Cardinality-Constraints/ProofComplexity/normalized-subsetCardinalitySigma-19-2.cnf.gz-plain.pb.metafix.opb.xz,3
DEC-LIN/normalized-PB15eval/ProofComplexity-Extracted-Cardinality-Constraints/ProofComplexity/normalized-subsetCardinalitySigma-19-3.cnf.gz-plain.pb.metafix.opb.xz,3
DEC-LIN/normalized-PB15eval/ProofComplexity-Extracted-Cardinality-Constraints/ProofComplexity/normalized-subsetCardinalitySigma-20-1.cnf.gz-plain.pb.metafix.opb.xz,3
DEC-LIN/normalized-PB15eval/ProofComplexity-Extracted-Cardinality-Constraints/ProofComplexity/normalized-subsetCardinalitySigma-20-2.cnf.gz-plain.pb.metafix.opb.xz,3
DEC-LIN/normalized-PB15eval/ProofComplexity-Extracted-Cardinality-Constraints/ProofComplexity/normalized-subsetCardinalitySigma-20-3.cnf.gz-plain.pb.metafix.opb.xz,3
DEC-LIN/normalized-PB15eval/ProofComplexity-Extracted-Cardinality-Constraints/ProofComplexity/normalized-subsetCardinalitySigma-21-1.cnf.gz-plain.pb.metafix.opb.xz,3
DEC-LIN/normalized-PB15eval/ProofComplexity-Extracted-Cardinality-Constraints/ProofComplexity/normalized-subsetCardinalitySigma-21-2.cnf.gz-plain.pb.metafix.opb.xz,3
DEC-LIN/normalized-PB15eval/ProofComplexity-Extracted-Cardinality-Constraints/ProofComplexity/normalized-subsetCardinalitySigma-22-1.cnf.gz-extracted.pb.metafix.opb.xz,4
DEC-LIN/normalized-PB15eval/ProofComplexity-Extracted-Cardinality-Constraints/ProofComplexity/normalized-subsetCardinalitySigma-22-1.cnf.gz-plain.pb.metafix.opb.xz,3
DEC-LIN/normalized-PB15eval/ProofComplexity-Extracted-Cardinality-Constraints/ProofComplexity/normalized-subsetCardinalitySigma-22-2.cnf.gz-plain.pb.metafix.opb.xz,3
DEC-LIN/normalized-PB15eval/ProofComplexity-Extracted-Cardinality-Constraints/ProofComplexity/normalized-subsetCardinalitySigma-22-3.cnf.gz-plain.pb.metafix.opb.xz,3
DEC-LIN/normalized-PB15eval/ProofComplexity-Extracted-Cardinality-Constraints/ProofComplexity/normalized-subsetCardinalitySigma-23-1.cnf.gz-plain.pb.metafix.opb.xz,3
DEC-LIN/normalized-PB15eval/ProofComplexity-Extracted-Cardinality-Constraints/ProofComplexity/normalized-subsetCardinalitySigma-23-2.cnf.gz-extracted.pb.metafix.opb.xz,4
DEC-LIN/normalized-PB15eval/ProofComplexity-Extracted-Cardinality-Constraints/ProofComplexity/normalized-subsetCardinalitySigma-23-2.cnf.gz-plain.pb.metafix.opb.xz,3
DEC-LIN/normalized-PB15eval/ProofComplexity-Extracted-Cardinality-Constraints/ProofComplexity/normalized-subsetCardinalitySigma-23-3.cnf.gz-extracted.pb.metafix.opb.xz,4
DEC-LIN/normalized-PB15eval/ProofComplexity-Extracted-Cardinality-Constraints/ProofComplexity/normalized-subsetCardinalitySigma-23-3.cnf.gz-plain.pb.metafix.opb.xz,3
DEC-LIN/normalized-PB15eval/ProofComplexity-Extracted-Cardinality-Constraints/ProofComplexity/normalized-subsetCardinalitySigma-24-1.cnf.gz-plain.pb.metafix.opb.xz,3
DEC-LIN/normalized-PB15eval/ProofComplexity-Extracted-Cardinality-Constraints/ProofComplexity/normalized-subsetCardinalitySigma-24-2.cnf.gz-extracted.pb.metafix.opb.xz,4
DEC-LIN/normalized-PB15eval/ProofComplexity-Extracted-Cardinality-Constraints/ProofComplexity/normalized-subsetCardinalitySigma-24-2.cnf.gz-plain.pb.metafix.opb.xz,3
DEC-LIN/normalized-PB15eval/ProofComplexity-Extracted-Cardinality-Constraints/ProofComplexity/normalized-subsetCardinalitySigma-24-3.cnf.gz-extracted.pb.metafix.opb.xz,4
DEC-LIN/normalized-PB15eval/ProofComplexity-Extracted-Cardinality-Constraints/ProofComplexity/normalized-subsetCardinalitySigma-24-3.cnf.gz-plain.pb.metafix.opb.xz,3
DEC-LIN/normalized-PB15eval/ProofComplexity-Extracted-Cardinality-Constraints/ProofComplexity/normalized-subsetCardinalitySigma-25-1.cnf.gz-extracted.pb.metafix.opb.xz,4
DEC-LIN/normalized-PB15eval/ProofComplexity-Extracted-Cardinality-Constraints/ProofComplexity/normalized-subsetCardinalitySigma-25-1.cnf.gz-plain.pb.metafix.opb.xz,3
DEC-LIN/normalized-PB15eval/ProofComplexity-Extracted-Cardinality-Constraints/ProofComplexity/normalized-subsetCardinalitySigma-25-2.cnf.gz-extracted.pb.metafix.opb.xz,4
DEC-LIN/normalized-PB15eval/ProofComplexity-Extracted-Cardinality-Constraints/ProofComplexity/normalized-subsetCardinalitySigma-25-2.cnf.gz-plain.pb.metafix.opb.xz,3
DEC-LIN/normalized-PB15eval/ProofComplexity-Extracted-Cardinality-Constraints/ProofComplexity/normalized-subsetCardinalitySigma-25-3.cnf.gz-extracted.pb.metafix.opb.xz,4
DEC-LIN/normalized-PB15eval/ProofComplexity-Extracted-Cardinality-Constraints/ProofComplexity/normalized-subsetCardinalitySigma-25-3.cnf.gz-plain.pb.metafix.opb.xz,3
DEC-LIN/normalized-PB15eval/ProofComplexity-Extracted-Cardinality-Constraints/ProofComplexity/normalized-subsetCardinalitySigma-26-1.cnf.gz-extracted.pb.metafix.opb.xz,4
DEC-LIN/normalized-PB15eval/ProofComplexity-Extracted-Cardinality-Constraints/ProofComplexity/normalized-subsetCardinalitySigma-26-1.cnf.gz-plain.pb.metafix.opb.xz,3
DEC-LIN/normalized-PB15eval/ProofComplexity-Extracted-Cardinality-Constraints/ProofComplexity/normalized-subsetCardinalitySigma-26-2.cnf.gz-extracted.pb.metafix.opb.xz,4
DEC-LIN/normalized-PB15eval/ProofComplexity-Extracted-Cardinality-Constraints/ProofComplexity/normalized-subsetCardinalitySigma-26-2.cnf.gz-plain.pb.metafix.opb.xz,3
DEC-LIN/normalized-PB15eval/ProofComplexity-Extracted-Cardinality-Constraints/ProofComplexity/normalized-subsetCardinalitySigma-26-3.cnf.gz-extracted.pb.metafix.opb.xz,4
DEC-LIN/normalized-PB15eval/ProofComplexity-Extracted-Cardinality-Constraints/ProofComplexity/normalized-subsetCardinalitySigma-27-1.cnf.gz-extracted.pb.metafix.opb.xz,4
DEC-LIN/normalized-PB15eval/ProofComplexity-Extracted-Cardinality-Constraints/ProofComplexity/normalized-subsetCardinalitySigma-27-1.cnf.gz-plain.pb.metafix.opb.xz,3
DEC-LIN/normalized-PB15eval/ProofComplexity-Extracted-Cardinality-Constraints/ProofComplexity/normalized-subsetCardinalitySigma-27-2.cnf.gz-extracted.pb.metafix.opb.xz,4
DEC-LIN/normalized-PB15eval/ProofComplexity-Extracted-Cardinality-Constraints/ProofComplexity/normalized-subsetCardinalitySigma-27-2.cnf.gz-plain.pb.metafix.opb.xz,3
DEC-LIN/normalized-PB15eval/ProofComplexity-Extracted-Cardinality-Constraints/ProofComplexity/normalized-subsetCardinalitySigma-27-3.cnf.gz-extracted.pb.metafix.opb.xz,4
DEC-LIN/normalized-PB15eval/ProofComplexity-Extracted-Cardinality-Constraints/ProofComplexity/normalized-subsetCardinalitySigma-27-3.cnf.gz-plain.pb.metafix.opb.xz,3
DEC-LIN/normalized-PB15eval/ProofComplexity-Extracted-Cardinality-Constraints/ProofComplexity/normalized-subsetCardinalitySigma-28-2.cnf.gz-extracted.pb.metafix.opb.xz,4
DEC-LIN/normalized-PB15eval/ProofComplexity-Extracted-Cardinality-Constraints/ProofComplexity/normalized-subsetCardinalitySigma-28-2.cnf.gz-plain.pb.metafix.opb.xz,3
DEC-LIN/normalized-PB15eval/ProofComplexity-Extracted-Cardinality-Constraints/ProofComplexity/normalized-subsetCardinalitySigma-28-3.cnf.gz-extracted.pb.metafix.opb.xz,4
DEC-LIN/normalized-PB15eval/ProofComplexity-Extracted-Cardinality-Constraints/ProofComplexity/normalized-subsetCardinalitySigma-29-1.cnf.gz-extracted.pb.metafix.opb.xz,4
DEC-LIN/normalized-PB15eval/ProofComplexity-Extracted-Cardinality-Constraints/ProofComplexity/normalized-subsetCardinalitySigma-29-3.cnf.gz-extracted.pb.metafix.opb.xz,4
DEC-LIN/normalized-PB15eval/ProofComplexity-Extracted-Cardinality-Constraints/ProofComplexity/normalized-subsetCardinalitySigma-30-2.cnf.gz-extracted.pb.metafix.opb.xz,4
DEC-LIN/normalized-PB15eval/ProofComplexity-Extracted-Cardinality-Constraints/ProofComplexity/normalized-subsetCardinalitySigma-31-1.cnf.gz-extracted.pb.metafix.opb.xz,4
DEC-LIN/normalized-PB15eval/ProofComplexity-Extracted-Cardinality-Constraints/ProofComplexity/normalized-tseitin-regular-n36-d3-i3-r2.cnf.gz-plain.pb.metafix.opb.xz,3
DEC-LIN/normalized-PB15eval/ProofComplexity-Extracted-Cardinality-Constraints/ProofComplexity/normalized-tseitin-regular-n38-d3-i1-f.cnf.gz-plain.pb.metafix.opb.xz,3
DEC-LIN/normalized-PB15eval/ProofComplexity-Extracted-Cardinality-Constraints/ProofComplexity/normalized-tseitin-regular-n38-d3-i1-r2.cnf.gz-plain.pb.metafix.opb.xz,3
DEC-LIN/normalized-PB15eval/ProofComplexity-Extracted-Cardinality-Constraints/ProofComplexity/normalized-tseitin-regular-n38-d3-i2-f.cnf.gz-plain.pb.metafix.opb.xz,3
DEC-LIN/normalized-PB15eval/ProofComplexity-Extracted-Cardinality-Constraints/ProofComplexity/normalized-tseitin-regular-n38-d3-i2-r1.cnf.gz-plain.pb.metafix.opb.xz,3
DEC-LIN/normalized-PB15eval/ProofComplexity-Extracted-Cardinality-Constraints/ProofComplexity/normalized-tseitin-regular-n38-d3-i3-f.cnf.gz-plain.pb.metafix.opb.xz,3
DEC-LIN/normalized-PB15eval/ProofComplexity-Extracted-Cardinality-Constraints/ProofComplexity/normalized-tseitin-regular-n38-d3-i3-r1.cnf.gz-plain.pb.metafix.opb.xz,3
DEC-LIN/normalized-PB15eval/ProofComplexity-Extracted-Cardinality-Constraints/ProofComplexity/normalized-tseitin-regular-n38-d3-i3-r2.cnf.gz-plain.pb.metafix.opb.xz,3
DEC-LIN/normalized-PB15eval/ProofComplexity-Extracted-Cardinality-Constraints/ProofComplexity/normalized-tseitin-regular-n40-d3-i1-f.cnf.gz-plain.pb.metafix.opb.xz,3
DEC-LIN/normalized-PB15eval/ProofComplexity-Extracted-Cardinality-Constraints/ProofComplexity/normalized-tseitin-regular-n40-d3-i1-r1.cnf.gz-plain.pb.metafix.opb.xz,3
DEC-LIN/normalized-PB15eval/ProofComplexity-Extracted-Cardinality-Constraints/ProofComplexity/normalized-tseitin-regular-n40-d3-i2-f.cnf.gz-plain.pb.metafix.opb.xz,3
DEC-LIN/normalized-PB15eval/ProofComplexity-Extracted-Cardinality-Constraints/ProofComplexity/normalized-tseitin-regular-n40-d3-i2-r1.cnf.gz-plain.pb.metafix.opb.xz,3
DEC-LIN/normalized-PB15eval/ProofComplexity-Extracted-Cardinality-Constraints/ProofComplexity/normalized-tseitin-regular-n40-d3-i2-r2.cnf.gz-plain.pb.metafix.opb.xz,3
DEC-LIN/normalized-PB15eval/ProofComplexity-Extracted-Cardinality-Constraints/ProofComplexity/normalized-tseitin-regular-n40-d3-i3-f.cnf.gz-plain.pb.metafix.opb.xz,3
DEC-LIN/normalized-PB15eval/ProofComplexity-Extracted-Cardinality-Constraints/ProofComplexity/normalized-tseitin-regular-n40-d3-i3-r1.cnf.gz-plain.pb.metafix.opb.xz,3
DEC-LIN/normalized-PB15eval/ProofComplexity-Extracted-Cardinality-Constraints/ProofComplexity/normalized-tseitin-regular-n40-d3-i3-r2.cnf.gz-plain.pb.metafix.opb.xz,3
DEC-LIN/normalized-PB15eval/ProofComplexity-Extracted-Cardinality-Constraints/ProofComplexity/normalized-tseitin-regular-n42-d3-i1-f.cnf.gz-plain.pb.metafix.opb.xz,3
DEC-LIN/normalized-PB15eval/ProofComplexity-Extracted-Cardinality-Constraints/ProofComplexity/normalized-tseitin-regular-n42-d3-i1-r1.cnf.gz-plain.pb.metafix.opb.xz,3
DEC-LIN/normalized-PB15eval/ProofComplexity-Extracted-Cardinality-Constraints/ProofComplexity/normalized-tseitin-regular-n42-d3-i1-r2.cnf.gz-plain.pb.metafix.opb.xz,3
DEC-LIN/normalized-PB15eval/ProofComplexity-Extracted-Cardinality-Constraints/ProofComplexity/normalized-tseitin-regular-n42-d3-i2-f.cnf.gz-plain.pb.metafix.opb.xz,3
DEC-LIN/normalized-PB15eval/ProofComplexity-Extracted-Cardinality-Constraints/ProofComplexity/normalized-tseitin-regular-n42-d3-i2-r1.cnf.gz-plain.pb.metafix.opb.xz,3
DEC-LIN/normalized-PB15eval/ProofComplexity-Extracted-Cardinality-Constraints/ProofComplexity/normalized-tseitin-regular-n42-d3-i2-r2.cnf.gz-plain.pb.metafix.opb.xz,3
DEC-LIN/normalized-PB15eval/ProofComplexity-Extracted-Cardinality-Constraints/ProofComplexity/normalized-tseitin-regular-n42-d3-i3-f.cnf.gz-plain.pb.metafix.opb.xz,3
DEC-LIN/normalized-PB15eval/ProofComplexity-Extracted-Cardinality-Constraints/ProofComplexity/normalized-tseitin-regular-n42-d3-i3-r1.cnf.gz-plain.pb.metafix.opb.xz,3
DEC-LIN/normalized-PB15eval/ProofComplexity-Extracted-Cardinality-Constraints/ProofComplexity/normalized-tseitin-regular-n44-d3-i1-f.cnf.gz-plain.pb.metafix.opb.xz,3
DEC-LIN/normalized-PB15eval/ProofComplexity-Extracted-Cardinality-Constraints/ProofComplexity/normalized-tseitin-regular-n44-d3-i1-r1.cnf.gz-plain.pb.metafix.opb.xz,3
DEC-LIN/normalized-PB15eval/ProofComplexity-Extracted-Cardinality-Constraints/ProofComplexity/normalized-tseitin-regular-n44-d3-i2-f.cnf.gz-plain.pb.metafix.opb.xz,3
DEC-LIN/normalized-PB15eval/ProofComplexity-Extracted-Cardinality-Constraints/ProofComplexity/normalized-tseitin-regular-n44-d3-i2-r2.cnf.gz-plain.pb.metafix.opb.xz,3
DEC-LIN/normalized-PB15eval/ProofComplexity-Extracted-Cardinality-Constraints/ProofComplexity/normalized-tseitin-regular-n44-d3-i3-f.cnf.gz-plain.pb.metafix.opb.xz,3
DEC-LIN/normalized-PB15eval/ProofComplexity-Extracted-Cardinality-Constraints/ProofComplexity/normalized-tseitin-regular-n44-d3-i3-r1.cnf.gz-plain.pb.metafix.opb.xz,3
DEC-LIN/normalized-PB15eval/ProofComplexity-Extracted-Cardinality-Constraints/ProofComplexity/normalized-tseitin-regular-n44-d3-i3-r2.cnf.gz-plain.pb.metafix.opb.xz,3
DEC-LIN/normalized-PB15eval/ProofComplexity-Extracted-Cardinality-Constraints/ProofComplexity/normalized-tseitin-regular-n46-d3-i1-f.cnf.gz-plain.pb.metafix.opb.xz,3
DEC-LIN/normalized-PB15eval/ProofComplexity-Extracted-Cardinality-Constraints/ProofComplexity/normalized-tseitin-regular-n46-d3-i1-r1.cnf.gz-plain.pb.metafix.opb.xz,3
DEC-LIN/normalized-PB15eval/ProofComplexity-Extracted-Cardinality-Constraints/ProofComplexity/normalized-tseitin-regular-n46-d3-i1-r2.cnf.gz-plain.pb.metafix.opb.xz,3
DEC-LIN/normalized-PB15eval/ProofComplexity-Extracted-Cardinality-Constraints/ProofComplexity/normalized-tseitin-regular-n46-d3-i2-r1.cnf.gz-plain.pb.metafix.opb.xz,3
DEC-LIN/normalized-PB15eval/ProofComplexity-Extracted-Cardinality-Constraints/ProofComplexity/normalized-tseitin-regular-n46-d3-i2-r2.cnf.gz-plain.pb.metafix.opb.xz,3
DEC-LIN/normalized-PB15eval/ProofComplexity-Extracted-Cardinality-Constraints/ProofComplexity/normalized-tseitin-regular-n46-d3-i3-f.cnf.gz-plain.pb.metafix.opb.xz,3
DEC-LIN/normalized-PB15eval/ProofComplexity-Extracted-Cardinality-Constraints/ProofComplexity/normalized-tseitin-regular-n46-d3-i3-r1.cnf.gz-plain.pb.metafix.opb.xz,3
DEC-LIN/normalized-PB15eval/ProofComplexity-Extracted-Cardinality-Constraints/ProofComplexity/normalized-tseitin-regular-n46-d3-i3-r2.cnf.gz-plain.pb.metafix.opb.xz,3
DEC-LIN/normalized-PB15eval/ProofComplexity-Extracted-Cardinality-Constraints/ProofComplexity/normalized-tseitin-regular-n48-d3-i1-f.cnf.gz-plain.pb.metafix.opb.xz,3
DEC-LIN/normalized-PB15eval/ProofComplexity-Extracted-Cardinality-Constraints/ProofComplexity/normalized-tseitin-regular-n48-d3-i1-r1.cnf.gz-plain.pb.metafix.opb.xz,3
DEC-LIN/normalized-PB15eval/ProofComplexity-Extracted-Cardinality-Constraints/ProofComplexity/normalized-tseitin-regular-n48-d3-i1-r2.cnf.gz-plain.pb.metafix.opb.xz,3
DEC-LIN/normalized-PB15eval/ProofComplexity-Extracted-Cardinality-Constraints/ProofComplexity/normalized-tseitin-regular-n48-d3-i2-f.cnf.gz-plain.pb.metafix.opb.xz,3
DEC-LIN/normalized-PB15eval/ProofComplexity-Extracted-Cardinality-Constraints/ProofComplexity/normalized-tseitin-regular-n48-d3-i2-r1.cnf.gz-plain.pb.metafix.opb.xz,3
DEC-LIN/normalized-PB15eval/ProofComplexity-Extracted-Cardinality-Constraints/ProofComplexity/normalized-tseitin-regular-n48-d3-i2-r2.cnf.gz-plain.pb.metafix.opb.xz,3
DEC-LIN/normalized-PB15eval/ProofComplexity-Extracted-Cardinality-Constraints/ProofComplexity/normalized-tseitin-regular-n48-d3-i3-f.cnf.gz-plain.pb.metafix.opb.xz,3
DEC-LIN/normalized-PB15eval/ProofComplexity-Extracted-Cardinality-Constraints/ProofComplexity/normalized-tseitin-regular-n48-d3-i3-r2.cnf.gz-plain.pb.metafix.opb.xz,3
DEC-LIN/normalized-PB15eval/ProofComplexity-Extracted-Cardinality-Constraints/ProofComplexity/normalized-tseitin-regular-n50-d3-i1-f.cnf.gz-plain.pb.metafix.opb.xz,3
DEC-LIN/normalized-PB15eval/ProofComplexity-Extracted-Cardinality-Constraints/ProofComplexity/normalized-tseitin-regular-n50-d3-i1-r1.cnf.gz-plain.pb.metafix.opb.xz,3
DEC-LIN/normalized-PB15eval/ProofComplexity-Extracted-Cardinality-Constraints/ProofComplexity/normalized-tseitin-regular-n50-d3-i1-r2.cnf.gz-plain.pb.metafix.opb.xz,3
DEC-LIN/normalized-PB15eval/ProofComplexity-Extracted-Cardinality-Constraints/ProofComplexity/normalized-tseitin-regular-n50-d3-i2-f.cnf.gz-plain.pb.metafix.opb.xz,3
DEC-LIN/normalized-PB15eval/ProofComplexity-Extracted-Cardinality-Constraints/ProofComplexity/normalized-tseitin-regular-n50-d3-i2-r1.cnf.gz-plain.pb.metafix.opb.xz,3
DEC-LIN/normalized-PB15eval/ProofComplexity-Extracted-Cardinality-Constraints/ProofComplexity/normalized-tseitin-regular-n50-d3-i2-r2.cnf.gz-plain.pb.metafix.opb.xz,3
DEC-LIN/normalized-PB15eval/ProofComplexity-Extracted-Cardinality-Constraints/ProofComplexity/normalized-tseitin-regular-n50-d3-i3-r2.cnf.gz-plain.pb.metafix.opb.xz,3
DEC-LIN/normalized-PB15eval/ProofComplexity-Extracted-Cardinality-Constraints/ProofComplexity/normalized-tseitin-regular-n52-d3-i1-f.cnf.gz-plain.pb.metafix.opb.xz,3
DEC-LIN/normalized-PB15eval/ProofComplexity-Extracted-Cardinality-Constraints/ProofComplexity/normalized-tseitin-regular-n52-d3-i1-r1.cnf.gz-plain.pb.metafix.opb.xz,3
DEC-LIN/normalized-PB15eval/ProofComplexity-Extracted-Cardinality-Constraints/ProofComplexity/normalized-tseitin-regular-n52-d3-i1-r2.cnf.gz-plain.pb.metafix.opb.xz,3
DEC-LIN/normalized-PB15eval/ProofComplexity-Extracted-Cardinality-Constraints/ProofComplexity/normalized-tseitin-regular-n52-d3-i2-f.cnf.gz-plain.pb.metafix.opb.xz,3
DEC-LIN/normalized-PB15eval/ProofComplexity-Extracted-Cardinality-Constraints/ProofComplexity/normalized-tseitin-regular-n52-d3-i2-r1.cnf.gz-plain.pb.metafix.opb.xz,3
DEC-LIN/normalized-PB15eval/ProofComplexity-Extracted-Cardinality-Constraints/ProofComplexity/normalized-tseitin-regular-n52-d3-i2-r2.cnf.gz-plain.pb.metafix.opb.xz,3
DEC-LIN/normalized-PB15eval/ProofComplexity-Extracted-Cardinality-Constraints/ProofComplexity/normalized-tseitin-regular-n52-d3-i3-f.cnf.gz-plain.pb.metafix.opb.xz,3
DEC-LIN/normalized-PB15eval/ProofComplexity-Extracted-Cardinality-Constraints/ProofComplexity/normalized-tseitin-regular-n52-d3-i3-r1.cnf.gz-plain.pb.metafix.opb.xz,3
DEC-LIN/normalized-PB15eval/ProofComplexity-Extracted-Cardinality-Constraints/ProofComplexity/normalized-tseitin-regular-n52-d3-i3-r2.cnf.gz-plain.pb.metafix.opb.xz,3
DEC-LIN/normalized-PB15eval/ProofComplexity-Extracted-Cardinality-Constraints/ProofComplexity/normalized-tseitin-regular-n54-d3-i1-r1.cnf.gz-plain.pb.metafix.opb.xz,3
DEC-LIN/normalized-PB15eval/ProofComplexity-Extracted-Cardinality-Constraints/ProofComplexity/normalized-tseitin-regular-n54-d3-i2-f.cnf.gz-plain.pb.metafix.opb.xz,3
DEC-LIN/normalized-PB15eval/ProofComplexity-Extracted-Cardinality-Constraints/ProofComplexity/normalized-tseitin-regular-n54-d3-i2-r1.cnf.gz-plain.pb.metafix.opb.xz,3
DEC-LIN/normalized-PB15eval/ProofComplexity-Extracted-Cardinality-Constraints/ProofComplexity/normalized-tseitin-regular-n54-d3-i2-r2.cnf.gz-plain.pb.metafix.opb.xz,3
DEC-LIN/normalized-PB15eval/ProofComplexity-Extracted-Cardinality-Constraints/ProofComplexity/normalized-tseitin-regular-n54-d3-i3-f.cnf.gz-plain.pb.metafix.opb.xz,3
DEC-LIN/normalized-PB15eval/ProofComplexity-Extracted-Cardinality-Constraints/ProofComplexity/normalized-tseitin-regular-n56-d3-i1-f.cnf.gz-plain.pb.metafix.opb.xz,3
DEC-LIN/normalized-PB15eval/ProofComplexity-Extracted-Cardinality-Constraints/ProofComplexity/normalized-tseitin-regular-n56-d3-i1-r1.cnf.gz-plain.pb.metafix.opb.xz,3
DEC-LIN/normalized-PB15eval/ProofComplexity-Extracted-Cardinality-Constraints/ProofComplexity/normalized-tseitin-regular-n56-d3-i1-r2.cnf.gz-plain.pb.metafix.opb.xz,3
DEC-LIN/normalized-PB15eval/ProofComplexity-Extracted-Cardinality-Constraints/ProofComplexity/normalized-tseitin-regular-n56-d3-i2-r1.cnf.gz-plain.pb.metafix.opb.xz,3
DEC-LIN/normalized-PB15eval/ProofComplexity-Extracted-Cardinality-Constraints/ProofComplexity/normalized-tseitin-regular-n56-d3-i2-r2.cnf.gz-plain.pb.metafix.opb.xz,3
DEC-LIN/normalized-PB15eval/ProofComplexity-Extracted-Cardinality-Constraints/ProofComplexity/normalized-tseitin-regular-n56-d3-i3-r1.cnf.gz-plain.pb.metafix.opb.xz,3
DEC-LIN/normalized-PB15eval/ProofComplexity-Extracted-Cardinality-Constraints/ProofComplexity/normalized-tseitin-regular-n56-d3-i3-r2.cnf.gz-plain.pb.metafix.opb.xz,3
DEC-LIN/normalized-PB15eval/ProofComplexity-Extracted-Cardinality-Constraints/ProofComplexity/normalized-tseitin-regular-n58-d3-i1-f.cnf.gz-plain.pb.metafix.opb.xz,3
DEC-LIN/normalized-PB15eval/ProofComplexity-Extracted-Cardinality-Constraints/ProofComplexity/normalized-tseitin-regular-n58-d3-i1-r1.cnf.gz-plain.pb.metafix.opb.xz,3
DEC-LIN/normalized-PB15eval/ProofComplexity-Extracted-Cardinality-Constraints/ProofComplexity/normalized-tseitin-regular-n58-d3-i1-r2.cnf.gz-plain.pb.metafix.opb.xz,3
DEC-LIN/normalized-PB15eval/ProofComplexity-Extracted-Cardinality-Constraints/ProofComplexity/normalized-tseitin-regular-n58-d3-i2-f.cnf.gz-plain.pb.metafix.opb.xz,3
DEC-LIN/normalized-PB15eval/ProofComplexity-Extracted-Cardinality-Constraints/ProofComplexity/normalized-tseitin-regular-n58-d3-i2-r1.cnf.gz-plain.pb.metafix.opb.xz,3
DEC-LIN/normalized-PB15eval/ProofComplexity-Extracted-Cardinality-Constraints/ProofComplexity/normalized-tseitin-regular-n58-d3-i3-f.cnf.gz-plain.pb.metafix.opb.xz,3
DEC-LIN/normalized-PB15eval/ProofComplexity-Extracted-Cardinality-Constraints/ProofComplexity/normalized-tseitin-regular-n58-d3-i3-r2.cnf.gz-plain.pb.metafix.opb.xz,3
DEC-LIN/normalized-PB15eval/ProofComplexity-Extracted-Cardinality-Constraints/ProofComplexity/normalized-tseitin-regular-n60-d3-i1-f.cnf.gz-plain.pb.metafix.opb.xz,3
DEC-LIN/normalized-PB15eval/ProofComplexity-Extracted-Cardinality-Constraints/ProofComplexity/normalized-tseitin-regular-n60-d3-i1-r2.cnf.gz-plain.pb.metafix.opb.xz,3
DEC-LIN/normalized-PB15eval/ProofComplexity-Extracted-Cardinality-Constraints/ProofComplexity/normalized-tseitin-regular-n60-d3-i2-f.cnf.gz-plain.pb.metafix.opb.xz,3
DEC-LIN/normalized-PB15eval/ProofComplexity-Extracted-Cardinality-Constraints/ProofComplexity/normalized-tseitin-regular-n60-d3-i2-r1.cnf.gz-plain.pb.metafix.opb.xz,3
DEC-LIN/normalized-PB15eval/ProofComplexity-Extracted-Cardinality-Constraints/ProofComplexity/normalized-tseitin-regular-n60-d3-i2-r2.cnf.gz-plain.pb.metafix.opb.xz,3
DEC-LIN/normalized-PB15eval/ProofComplexity-Extracted-Cardinality-Constraints/ProofComplexity/normalized-tseitin-regular-n60-d3-i3-f.cnf.gz-plain.pb.metafix.opb.xz,3
DEC-LIN/normalized-PB15eval/ProofComplexity-Extracted-Cardinality-Constraints/ProofComplexity/normalized-tseitin-regular-n60-d3-i3-r1.cnf.gz-plain.pb.metafix.opb.xz,3
DEC-LIN/normalized-PB15eval/ProofComplexity-Extracted-Cardinality-Constraints/ProofComplexity/normalized-tseitin-regular-n62-d3-i1-r2.cnf.gz-plain.pb.metafix.opb.xz,3
DEC-LIN/normalized-PB15eval/ProofComplexity-Extracted-Cardinality-Constraints/ProofComplexity/normalized-tseitin-regular-n62-d3-i2-r1.cnf.gz-plain.pb.metafix.opb.xz,3
DEC-LIN/normalized-PB15eval/ProofComplexity-Extracted-Cardinality-Constraints/ProofComplexity/normalized-tseitin-regular-n62-d3-i2-r2.cnf.gz-plain.pb.metafix.opb.xz,3
DEC-LIN/normalized-PB15eval/ProofComplexity-Extracted-Cardinality-Constraints/ProofComplexity/normalized-tseitin-regular-n62-d3-i3-f.cnf.gz-plain.pb.metafix.opb.xz,3
DEC-LIN/normalized-PB15eval/ProofComplexity-Extracted-Cardinality-Constraints/ProofComplexity/normalized-tseitin-regular-n62-d3-i3-r1.cnf.gz-plain.pb.metafix.opb.xz,3
DEC-LIN/normalized-PB15eval/ProofComplexity-Extracted-Cardinality-Constraints/ProofComplexity/normalized-tseitin-regular-n62-d3-i3-r2.cnf.gz-plain.pb.metafix.opb.xz,3
DEC-LIN/normalized-PB15eval/ProofComplexity-Extracted-Cardinality-Constraints/ProofComplexity/normalized-tseitin-regular-n64-d3-i1-f.cnf.gz-plain.pb.metafix.opb.xz,3
DEC-LIN/normalized-PB15eval/ProofComplexity-Extracted-Cardinality-Constraints/ProofComplexity/normalized-tseitin-regular-n64-d3-i1-r1.cnf.gz-plain.pb.metafix.opb.xz,3
DEC-LIN/normalized-PB15eval/ProofComplexity-Extracted-Cardinality-Constraints/ProofComplexity/normalized-tseitin-regular-n64-d3-i1-r2.cnf.gz-plain.pb.metafix.opb.xz,3
DEC-LIN/normalized-PB15eval/ProofComplexity-Extracted-Cardinality-Constraints/ProofComplexity/normalized-tseitin-regular-n64-d3-i2-f.cnf.gz-plain.pb.metafix.opb.xz,3
DEC-LIN/normalized-PB15eval/ProofComplexity-Extracted-Cardinality-Constraints/ProofComplexity/normalized-tseitin-regular-n64-d3-i2-r2.cnf.gz-plain.pb.metafix.opb.xz,3
DEC-LIN/normalized-PB15eval/ProofComplexity-Extracted-Cardinality-Constraints/ProofComplexity/normalized-tseitin-regular-n64-d3-i3-r1.cnf.gz-plain.pb.metafix.opb.xz,3
DEC-LIN/normalized-PB15eval/ProofComplexity-Extracted-Cardinality-Constraints/ProofComplexity/normalized-tseitin-regular-n64-d3-i3-r2.cnf.gz-plain.pb.metafix.opb.xz,3
DEC-LIN/normalized-PB15eval/ProofComplexity-Extracted-Cardinality-Constraints/ProofComplexity/normalized-tseitin-regular-n66-d3-i1-f.cnf.gz-plain.pb.metafix.opb.xz,3
DEC-LIN/normalized-PB15eval/ProofComplexity-Extracted-Cardinality-Constraints/ProofComplexity/normalized-tseitin-regular-n66-d3-i1-r1.cnf.gz-plain.pb.metafix.opb.xz,3
DEC-LIN/normalized-PB15eval/ProofComplexity-Extracted-Cardinality-Constraints/ProofComplexity/normalized-tseitin-regular-n66-d3-i2-f.cnf.gz-plain.pb.metafix.opb.xz,3
DEC-LIN/normalized-PB15eval/ProofComplexity-Extracted-Cardinality-Constraints/ProofComplexity/normalized-tseitin-regular-n66-d3-i2-r1.cnf.gz-plain.pb.metafix.opb.xz,3
DEC-LIN/normalized-PB15eval/ProofComplexity-Extracted-Cardinality-Constraints/ProofComplexity/normalized-tseitin-regular-n66-d3-i3-f.cnf.gz-plain.pb.metafix.opb.xz,3
DEC-LIN/normalized-PB15eval/ProofComplexity-Extracted-Cardinality-Constraints/ProofComplexity/normalized-tseitin-regular-n66-d3-i3-r1.cnf.gz-plain.pb.metafix.opb.xz,3
DEC-LIN/normalized-PB15eval/ProofComplexity-Extracted-Cardinality-Constraints/ProofComplexity/normalized-tseitin-regular-n68-d3-i1-f.cnf.gz-plain.pb.metafix.opb.xz,3
DEC-LIN/normalized-PB15eval/ProofComplexity-Extracted-Cardinality-Constraints/ProofComplexity/normalized-tseitin-regular-n68-d3-i1-r2.cnf.gz-plain.pb.metafix.opb.xz,3
DEC-LIN/normalized-PB15eval/ProofComplexity-Extracted-Cardinality-Constraints/ProofComplexity/normalized-tseitin-regular-n68-d3-i2-f.cnf.gz-plain.pb.metafix.opb.xz,3
DEC-LIN/normalized-PB15eval/ProofComplexity-Extracted-Cardinality-Constraints/ProofComplexity/normalized-tseitin-regular-n68-d3-i2-r1.cnf.gz-plain.pb.metafix.opb.xz,3
DEC-LIN/normalized-PB15eval/ProofComplexity-Extracted-Cardinality-Constraints/ProofComplexity/normalized-tseitin-regular-n68-d3-i2-r2.cnf.gz-plain.pb.metafix.opb.xz,3
DEC-LIN/normalized-PB15eval/ProofComplexity-Extracted-Cardinality-Constraints/ProofComplexity/normalized-tseitin-regular-n68-d3-i3-f.cnf.gz-plain.pb.metafix.opb.xz,3
DEC-LIN/normalized-PB15eval/ProofComplexity-Extracted-Cardinality-Constraints/ProofComplexity/normalized-tseitin-regular-n68-d3-i3-r1.cnf.gz-plain.pb.metafix.opb.xz,3
DEC-LIN/normalized-PB15eval/ProofComplexity-Extracted-Cardinality-Constraints/ProofComplexity/normalized-tseitin-regular-n68-d3-i3-r2.cnf.gz-plain.pb.metafix.opb.xz,3
DEC-LIN/normalized-PB15eval/ProofComplexity-Extracted-Cardinality-Constraints/ProofComplexity/normalized-tseitin-regular-n70-d3-i1-f.cnf.gz-plain.pb.metafix.opb.xz,3
DEC-LIN/normalized-PB15eval/ProofComplexity-Extracted-Cardinality-Constraints/ProofComplexity/normalized-tseitin-regular-n70-d3-i1-r1.cnf.gz-plain.pb.metafix.opb.xz,3
DEC-LIN/normalized-PB15eval/ProofComplexity-Extracted-Cardinality-Constraints/ProofComplexity/normalized-tseitin-regular-n70-d3-i1-r2.cnf.gz-plain.pb.metafix.opb.xz,3
DEC-LIN/normalized-PB15eval/ProofComplexity-Extracted-Cardinality-Constraints/ProofComplexity/normalized-tseitin-regular-n70-d3-i2-f.cnf.gz-plain.pb.metafix.opb.xz,3
DEC-LIN/normalized-PB15eval/ProofComplexity-Extracted-Cardinality-Constraints/ProofComplexity/normalized-tseitin-regular-n70-d3-i2-r1.cnf.gz-plain.pb.metafix.opb.xz,3
DEC-LIN/normalized-PB15eval/ProofComplexity-Extracted-Cardinality-Constraints/ProofComplexity/normalized-tseitin-regular-n70-d3-i2-r2.cnf.gz-plain.pb.metafix.opb.xz,3
DEC-LIN/normalized-PB15eval/ProofComplexity-Extracted-Cardinality-Constraints/ProofComplexity/normalized-tseitin-regular-n70-d3-i3-f.cnf.gz-plain.pb.metafix.opb.xz,3
DEC-LIN/normalized-PB15eval/ProofComplexity-Extracted-Cardinality-Constraints/ProofComplexity/normalized-tseitin-regular-n70-d3-i3-r1.cnf.gz-plain.pb.metafix.opb.xz,3
DEC-LIN/normalized-PB15eval/ProofComplexity-Extracted-Cardinality-Constraints/ProofComplexity/normalized-tseitin-regular-n70-d3-i3-r2.cnf.gz-plain.pb.metafix.opb.xz,3
DEC-LIN/normalized-PB15eval/ProofComplexity-Extracted-Cardinality-Constraints/ProofComplexity/normalized-tseitin-regular-n72-d3-i1-f.cnf.gz-plain.pb.metafix.opb.xz,3
DEC-LIN/normalized-PB15eval/ProofComplexity-Extracted-Cardinality-Constraints/ProofComplexity/normalized-tseitin-regular-n72-d3-i1-r1.cnf.gz-plain.pb.metafix.opb.xz,3
DEC-LIN/normalized-PB15eval/ProofComplexity-Extracted-Cardinality-Constraints/ProofComplexity/normalized-tseitin-regular-n72-d3-i1-r2.cnf.gz-plain.pb.metafix.opb.xz,3
DEC-LIN/normalized-PB15eval/ProofComplexity-Extracted-Cardinality-Constraints/ProofComplexity/normalized-tseitin-regular-n72-d3-i2-f.cnf.gz-plain.pb.metafix.opb.xz,3
DEC-LIN/normalized-PB15eval/ProofComplexity-Extracted-Cardinality-Constraints/ProofComplexity/normalized-tseitin-regular-n72-d3-i2-r1.cnf.gz-plain.pb.metafix.opb.xz,3
DEC-LIN/normalized-PB15eval/ProofComplexity-Extracted-Cardinality-Constraints/ProofComplexity/normalized-tseitin-regular-n72-d3-i3-f.cnf.gz-plain.pb.metafix.opb.xz,3
DEC-LIN/normalized-PB15eval/ProofComplexity-Extracted-Cardinality-Constraints/ProofComplexity/normalized-tseitin-regular-n72-d3-i3-r1.cnf.gz-plain.pb.metafix.opb.xz,3
DEC-LIN/normalized-PB15eval/ProofComplexity-Extracted-Cardinality-Constraints/ProofComplexity/normalized-tseitin-regular-n74-d3-i1-f.cnf.gz-plain.pb.metafix.opb.xz,3
DEC-LIN/normalized-PB15eval/ProofComplexity-Extracted-Cardinality-Constraints/ProofComplexity/normalized-tseitin-regular-n74-d3-i1-r1.cnf.gz-plain.pb.metafix.opb.xz,3
DEC-LIN/normalized-PB15eval/ProofComplexity-Extracted-Cardinality-Constraints/ProofComplexity/normalized-tseitin-regular-n74-d3-i1-r2.cnf.gz-plain.pb.metafix.opb.xz,3
DEC-LIN/normalized-PB15eval/ProofComplexity-Extracted-Cardinality-Constraints/ProofComplexity/normalized-tseitin-regular-n74-d3-i2-f.cnf.gz-plain.pb.metafix.opb.xz,3
DEC-LIN/normalized-PB15eval/ProofComplexity-Extracted-Cardinality-Constraints/ProofComplexity/normalized-tseitin-regular-n74-d3-i3-f.cnf.gz-plain.pb.metafix.opb.xz,3
DEC-LIN/normalized-PB15eval/ProofComplexity-Extracted-Cardinality-Constraints/ProofComplexity/normalized-tseitin-regular-n74-d3-i3-r1.cnf.gz-plain.pb.metafix.opb.xz,3
DEC-LIN/normalized-PB15eval/ProofComplexity-Extracted-Cardinality-Constraints/ProofComplexity/normalized-tseitin-regular-n74-d3-i3-r2.cnf.gz-plain.pb.metafix.opb.xz,3
DEC-LIN/normalized-PB15eval/ProofComplexity-Extracted-Cardinality-Constraints/ProofComplexity/normalized-tseitin-regular-n76-d3-i1-r1.cnf.gz-plain.pb.metafix.opb.xz,3
DEC-LIN/normalized-PB15eval/ProofComplexity-Extracted-Cardinality-Constraints/ProofComplexity/normalized-tseitin-regular-n76-d3-i1-r2.cnf.gz-plain.pb.metafix.opb.xz,3
DEC-LIN/normalized-PB15eval/ProofComplexity-Extracted-Cardinality-Constraints/ProofComplexity/normalized-tseitin-regular-n76-d3-i2-f.cnf.gz-plain.pb.metafix.opb.xz,3
DEC-LIN/normalized-PB15eval/ProofComplexity-Extracted-Cardinality-Constraints/ProofComplexity/normalized-tseitin-regular-n76-d3-i2-r1.cnf.gz-plain.pb.metafix.opb.xz,3
DEC-LIN/normalized-PB15eval/ProofComplexity-Extracted-Cardinality-Constraints/ProofComplexity/normalized-tseitin-regular-n76-d3-i2-r2.cnf.gz-plain.pb.metafix.opb.xz,3
DEC-LIN/normalized-PB15eval/ProofComplexity-Extracted-Cardinality-Constraints/ProofComplexity/normalized-tseitin-regular-n76-d3-i3-f.cnf.gz-plain.pb.metafix.opb.xz,3
DEC-LIN/normalized-PB15eval/ProofComplexity-Extracted-Cardinality-Constraints/ProofComplexity/normalized-tseitin-regular-n76-d3-i3-r2.cnf.gz-plain.pb.metafix.opb.xz,3
DEC-LIN/normalized-PB15eval/ProofComplexity-Extracted-Cardinality-Constraints/ProofComplexity/normalized-tseitin-regular-n78-d3-i1-f.cnf.gz-plain.pb.metafix.opb.xz,3
DEC-LIN/normalized-PB15eval/ProofComplexity-Extracted-Cardinality-Constraints/ProofComplexity/normalized-tseitin-regular-n78-d3-i1-r1.cnf.gz-plain.pb.metafix.opb.xz,3
DEC-LIN/normalized-PB15eval/ProofComplexity-Extracted-Cardinality-Constraints/ProofComplexity/normalized-tseitin-regular-n78-d3-i1-r2.cnf.gz-plain.pb.metafix.opb.xz,3
DEC-LIN/normalized-PB15eval/ProofComplexity-Extracted-Cardinality-Constraints/ProofComplexity/normalized-tseitin-regular-n78-d3-i2-f.cnf.gz-plain.pb.metafix.opb.xz,3
DEC-LIN/normalized-PB15eval/ProofComplexity-Extracted-Cardinality-Constraints/ProofComplexity/normalized-tseitin-regular-n78-d3-i2-r1.cnf.gz-plain.pb.metafix.opb.xz,3
DEC-LIN/normalized-PB15eval/ProofComplexity-Extracted-Cardinality-Constraints/ProofComplexity/normalized-tseitin-regular-n78-d3-i2-r2.cnf.gz-plain.pb.metafix.opb.xz,3
DEC-LIN/normalized-PB15eval/ProofComplexity-Extracted-Cardinality-Constraints/ProofComplexity/normalized-tseitin-regular-n78-d3-i3-f.cnf.gz-plain.pb.metafix.opb.xz,3
DEC-LIN/normalized-PB15eval/ProofComplexity-Extracted-Cardinality-Constraints/ProofComplexity/normalized-tseitin-regular-n78-d3-i3-r1.cnf.gz-plain.pb.metafix.opb.xz,3
DEC-LIN/normalized-PB15eval/ProofComplexity-Extracted-Cardinality-Constraints/ProofComplexity/normalized-tseitin-regular-n80-d3-i1-f.cnf.gz-plain.pb.metafix.opb.xz,3
DEC-LIN/normalized-PB15eval/ProofComplexity-Extracted-Cardinality-Constraints/ProofComplexity/normalized-tseitin-regular-n80-d3-i1-r1.cnf.gz-plain.pb.metafix.opb.xz,3
DEC-LIN/normalized-PB15eval/ProofComplexity-Extracted-Cardinality-Constraints/ProofComplexity/normalized-tseitin-regular-n80-d3-i1-r2.cnf.gz-plain.pb.metafix.opb.xz,3
DEC-LIN/normalized-PB15eval/ProofComplexity-Extracted-Cardinality-Constraints/ProofComplexity/normalized-tseitin-regular-n80-d3-i3-f.cnf.gz-plain.pb.metafix.opb.xz,3
DEC-LIN/normalized-PB15eval/ProofComplexity-Extracted-Cardinality-Constraints/ProofComplexity/normalized-tseitin-regular-n80-d3-i3-r1.cnf.gz-plain.pb.metafix.opb.xz,3
DEC-LIN/normalized-PB15eval/ProofComplexity-Extracted-Cardinality-Constraints/ProofComplexity/normalized-tseitin-regular-n80-d3-i3-r2.cnf.gz-plain.pb.metafix.opb.xz,3
DEC-LIN/normalized-PB15eval/ProofComplexity-Extracted-Cardinality-Constraints/ProofComplexity/normalized-tseitin-regular-n82-d3-i1-f.cnf.gz-plain.pb.metafix.opb.xz,3
DEC-LIN/normalized-PB15eval/ProofComplexity-Extracted-Cardinality-Constraints/ProofComplexity/normalized-tseitin-regular-n82-d3-i1-r1.cnf.gz-plain.pb.metafix.opb.xz,3
DEC-LIN/normalized-PB15eval/ProofComplexity-Extracted-Cardinality-Constraints/ProofComplexity/normalized-tseitin-regular-n82-d3-i2-f.cnf.gz-plain.pb.metafix.opb.xz,3
DEC-LIN/normalized-PB15eval/ProofComplexity-Extracted-Cardinality-Constraints/ProofComplexity/normalized-tseitin-regular-n82-d3-i2-r1.cnf.gz-plain.pb.metafix.opb.xz,3
DEC-LIN/normalized-PB15eval/ProofComplexity-Extracted-Cardinality-Constraints/ProofComplexity/normalized-tseitin-regular-n82-d3-i3-f.cnf.gz-plain.pb.metafix.opb.xz,3
DEC-LIN/normalized-PB15eval/ProofComplexity-Extracted-Cardinality-Constraints/ProofComplexity/normalized-tseitin-regular-n82-d3-i3-r2.cnf.gz-plain.pb.metafix.opb.xz,3
DEC-LIN/normalized-PB15eval/ProofComplexity-Extracted-Cardinality-Constraints/ProofComplexity/normalized-tseitin-regular-n84-d3-i1-r1.cnf.gz-plain.pb.metafix.opb.xz,3
DEC-LIN/normalized-PB15eval/ProofComplexity-Extracted-Cardinality-Constraints/ProofComplexity/normalized-tseitin-regular-n84-d3-i1-r2.cnf.gz-plain.pb.metafix.opb.xz,3
DEC-LIN/normalized-PB15eval/ProofComplexity-Extracted-Cardinality-Constraints/ProofComplexity/normalized-tseitin-regular-n84-d3-i2-f.cnf.gz-plain.pb.metafix.opb.xz,3
DEC-LIN/normalized-PB15eval/ProofComplexity-Extracted-Cardinality-Constraints/ProofComplexity/normalized-tseitin-regular-n84-d3-i2-r1.cnf.gz-plain.pb.metafix.opb.xz,3
DEC-LIN/normalized-PB15eval/ProofComplexity-Extracted-Cardinality-Constraints/ProofComplexity/normalized-tseitin-regular-n84-d3-i2-r2.cnf.gz-plain.pb.metafix.opb.xz,3
DEC-LIN/normalized-PB15eval/ProofComplexity-Extracted-Cardinality-Constraints/ProofComplexity/normalized-tseitin-regular-n84-d3-i3-f.cnf.gz-plain.pb.metafix.opb.xz,3
DEC-LIN/normalized-PB15eval/ProofComplexity-Extracted-Cardinality-Constraints/ProofComplexity/normalized-tseitin-regular-n84-d3-i3-r1.cnf.gz-plain.pb.metafix.opb.xz,3
DEC-LIN/normalized-PB15eval/ProofComplexity-Extracted-Cardinality-Constraints/ProofComplexity/normalized-tseitin-regular-n84-d3-i3-r2.cnf.gz-plain.pb.metafix.opb.xz,3
DEC-LIN/normalized-PB15eval/ProofComplexity-Extracted-Cardinality-Constraints/ProofComplexity/normalized-tseitin-regular-n86-d3-i1-f.cnf.gz-plain.pb.metafix.opb.xz,3
DEC-LIN/normalized-PB15eval/ProofComplexity-Extracted-Cardinality-Constraints/ProofComplexity/normalized-tseitin-regular-n86-d3-i1-r2.cnf.gz-plain.pb.metafix.opb.xz,3
DEC-LIN/normalized-PB15eval/ProofComplexity-Extracted-Cardinality-Constraints/ProofComplexity/normalized-tseitin-regular-n86-d3-i2-f.cnf.gz-plain.pb.metafix.opb.xz,3
DEC-LIN/normalized-PB15eval/ProofComplexity-Extracted-Cardinality-Constraints/ProofComplexity/normalized-tseitin-regular-n86-d3-i3-r1.cnf.gz-plain.pb.metafix.opb.xz,3
DEC-LIN/normalized-PB15eval/ProofComplexity-Extracted-Cardinality-Constraints/ProofComplexity/normalized-tseitin-regular-n86-d3-i3-r2.cnf.gz-plain.pb.metafix.opb.xz,3
DEC-LIN/normalized-PB15eval/ProofComplexity-Extracted-Cardinality-Constraints/ProofComplexity/normalized-tseitin-regular-n88-d3-i1-r1.cnf.gz-plain.pb.metafix.opb.xz,3
DEC-LIN/normalized-PB15eval/ProofComplexity-Extracted-Cardinality-Constraints/ProofComplexity/normalized-tseitin-regular-n88-d3-i1-r2.cnf.gz-plain.pb.metafix.opb.xz,3
DEC-LIN/normalized-PB15eval/ProofComplexity-Extracted-Cardinality-Constraints/ProofComplexity/normalized-tseitin-regular-n88-d3-i3-f.cnf.gz-plain.pb.metafix.opb.xz,3
DEC-LIN/normalized-PB15eval/ProofComplexity-Extracted-Cardinality-Constraints/ProofComplexity/normalized-tseitin-regular-n88-d3-i3-r1.cnf.gz-plain.pb.metafix.opb.xz,3
DEC-LIN/normalized-PB15eval/ProofComplexity-Extracted-Cardinality-Constraints/ProofComplexity/normalized-tseitin-regular-n90-d3-i1-f.cnf.gz-plain.pb.metafix.opb.xz,3
DEC-LIN/normalized-PB15eval/ProofComplexity-Extracted-Cardinality-Constraints/ProofComplexity/normalized-tseitin-regular-n90-d3-i1-r1.cnf.gz-plain.pb.metafix.opb.xz,3
DEC-LIN/normalized-PB15eval/ProofComplexity-Extracted-Cardinality-Constraints/ProofComplexity/normalized-tseitin-regular-n90-d3-i1-r2.cnf.gz-plain.pb.metafix.opb.xz,3
DEC-LIN/normalized-PB15eval/ProofComplexity-Extracted-Cardinality-Constraints/ProofComplexity/normalized-tseitin-regular-n90-d3-i2-r1.cnf.gz-plain.pb.metafix.opb.xz,3
DEC-LIN/normalized-PB15eval/ProofComplexity-Extracted-Cardinality-Constraints/ProofComplexity/normalized-tseitin-regular-n90-d3-i2-r2.cnf.gz-plain.pb.metafix.opb.xz,3
DEC-LIN/normalized-PB15eval/ProofComplexity-Extracted-Cardinality-Constraints/ProofComplexity/normalized-tseitin-regular-n90-d3-i3-r1.cnf.gz-plain.pb.metafix.opb.xz,3
DEC-LIN/normalized-PB15eval/ProofComplexity-Extracted-Cardinality-Constraints/ProofComplexity/normalized-tseitin-regular-n92-d3-i1-r1.cnf.gz-plain.pb.metafix.opb.xz,3
DEC-LIN/normalized-PB15eval/ProofComplexity-Extracted-Cardinality-Constraints/ProofComplexity/normalized-tseitin-regular-n92-d3-i1-r2.cnf.gz-plain.pb.metafix.opb.xz,3
DEC-LIN/normalized-PB15eval/ProofComplexity-Extracted-Cardinality-Constraints/ProofComplexity/normalized-tseitin-regular-n92-d3-i3-f.cnf.gz-plain.pb.metafix.opb.xz,3
DEC-LIN/normalized-PB15eval/ProofComplexity-Extracted-Cardinality-Constraints/ProofComplexity/normalized-tseitin-regular-n92-d3-i3-r1.cnf.gz-plain.pb.metafix.opb.xz,3
DEC-LIN/normalized-PB15eval/ProofComplexity-Extracted-Cardinality-Constraints/ProofComplexity/normalized-tseitin-regular-n92-d3-i3-r2.cnf.gz-plain.pb.metafix.opb.xz,3
DEC-LIN/normalized-PB15eval/ProofComplexity-Extracted-Cardinality-Constraints/ProofComplexity/normalized-tseitin-regular-n94-d3-i1-f.cnf.gz-plain.pb.metafix.opb.xz,3
DEC-LIN/normalized-PB15eval/ProofComplexity-Extracted-Cardinality-Constraints/ProofComplexity/normalized-tseitin-regular-n94-d3-i1-r1.cnf.gz-plain.pb.metafix.opb.xz,3
DEC-LIN/normalized-PB15eval/ProofComplexity-Extracted-Cardinality-Constraints/ProofComplexity/normalized-tseitin-regular-n94-d3-i2-f.cnf.gz-plain.pb.metafix.opb.xz,3
DEC-LIN/normalized-PB15eval/ProofComplexity-Extracted-Cardinality-Constraints/ProofComplexity/normalized-tseitin-regular-n94-d3-i2-r1.cnf.gz-plain.pb.metafix.opb.xz,3
DEC-LIN/normalized-PB15eval/ProofComplexity-Extracted-Cardinality-Constraints/ProofComplexity/normalized-tseitin-regular-n94-d3-i2-r2.cnf.gz-plain.pb.metafix.opb.xz,3
DEC-LIN/normalized-PB15eval/ProofComplexity-Extracted-Cardinality-Constraints/ProofComplexity/normalized-tseitin-regular-n96-d3-i1-r2.cnf.gz-plain.pb.metafix.opb.xz,3
DEC-LIN/normalized-PB15eval/ProofComplexity-Extracted-Cardinality-Constraints/ProofComplexity/normalized-tseitin-regular-n96-d3-i3-f.cnf.gz-plain.pb.metafix.opb.xz,3
DEC-LIN/normalized-PB15eval/SUMINEQ/normalized-sumineqArity3houseP016.opb.xz,4
DEC-LIN/normalized-PB15eval/SUMINEQ/normalized-sumineqArity3houseP032.opb.xz,4
DEC-LIN/normalized-PB15eval/SUMINEQ/normalized-sumineqArity3houseP064.opb.xz,4
DEC-LIN/normalized-PB15eval/SUMINEQ/normalized-sumineqArity3houseP128.opb.xz,4
DEC-LIN/normalized-PB15eval/SUMINEQ/normalized-sumineqArity3pyramidP0016.opb.xz,4
DEC-LIN/normalized-PB15eval/SUMINEQ/normalized-sumineqArity3pyramidP0032.opb.xz,4
DEC-LIN/normalized-PB15eval/SUMINEQ/normalized-sumineqArity3pyramidP0064.opb.xz,4
DEC-LIN/normalized-PB15eval/SUMINEQ/normalized-sumineqArity3pyramidP0125.opb.xz,4
DEC-LIN/normalized-PB15eval/SUMINEQ/normalized-sumineqArity4houseP016.opb.xz,5
DEC-LIN/normalized-PB15eval/SUMINEQ/normalized-sumineqArity4houseP032.opb.xz,5
DEC-LIN/normalized-PB15eval/SUMINEQ/normalized-sumineqArity4houseP064.opb.xz,5
DEC-LIN/normalized-PB15eval/SUMINEQ/normalized-sumineqArity4houseP128.opb.xz,5
DEC-LIN/normalized-PB15eval/SUMINEQ/normalized-sumineqArity4pyramidP0016.opb.xz,5
DEC-LIN/normalized-PB15eval/SUMINEQ/normalized-sumineqArity4pyramidP0032.opb.xz,5
DEC-LIN/normalized-PB15eval/SUMINEQ/normalized-sumineqArity4pyramidP0064.opb.xz,5
DEC-LIN/normalized-PB15eval/SUMINEQ/normalized-sumineqArity4pyramidP0125.opb.xz,5
DEC-LIN/normalized-PB15eval/SUMINEQ/normalized-sumineqArity5houseP016.opb.xz,5
DEC-LIN/normalized-PB15eval/SUMINEQ/normalized-sumineqArity5houseP032.opb.xz,5
DEC-LIN/normalized-PB15eval/SUMINEQ/normalized-sumineqArity5houseP064.opb.xz,5
DEC-LIN/normalized-PB15eval/SUMINEQ/normalized-sumineqArity5houseP128.opb.xz,5
DEC-LIN/normalized-PB15eval/SUMINEQ/normalized-sumineqArity5pyramidP0016.opb.xz,5
DEC-LIN/normalized-PB15eval/SUMINEQ/normalized-sumineqArity5pyramidP0032.opb.xz,5
DEC-LIN/normalized-PB15eval/SUMINEQ/normalized-sumineqArity5pyramidP0064.opb.xz,5
DEC-LIN/normalized-PB15eval/SUMINEQ/normalized-sumineqArity5pyramidP0125.opb.xz,5
DEC-LIN/normalized-PB15eval/pbfvmc-formulae/hw128/normalized-hw128-vm100p-dec.opb.negationfix.opb.xz,21
DEC-LIN/normalized-PB15eval/pbfvmc-formulae/hw128/normalized-hw128-vm25p-dec.opb.negationfix.opb.xz,20
DEC-LIN/normalized-PB15eval/pbfvmc-formulae/hw128/normalized-hw128-vm50p-dec.opb.negationfix.opb.xz,20
DEC-LIN/normalized-PB15eval/pbfvmc-formulae/hw128/normalized-hw128-vm75p-dec.opb.negationfix.opb.xz,20
DEC-LIN/normalized-PB15eval/pbfvmc-formulae/hw128/normalized-hw128-vm85p-dec.opb.negationfix.opb.xz,20
DEC-LIN/normalized-PB15eval/pbfvmc-formulae/hw128/normalized-hw128-vm90p-dec.opb.negationfix.opb.xz,21
DEC-LIN/normalized-PB15eval/pbfvmc-formulae/hw128/normalized-hw128-vm95p-dec.opb.negationfix.opb.xz,21
DEC-LIN/normalized-PB15eval/pbfvmc-formulae/hw128/normalized-hw128-vm98p-dec.opb.negationfix.opb.xz,21
DEC-LIN/normalized-PB15eval/pbfvmc-formulae/hw128/normalized-hw128-vm99p-dec.opb.negationfix.opb.xz,21
DEC-LIN/normalized-PB15eval/pbfvmc-formulae/hw256/normalized-hw256-vm100p-dec.opb.negationfix.opb.xz,22
DEC-LIN/normalized-PB15eval/pbfvmc-formulae/hw256/normalized-hw256-vm25p-dec.opb.negationfix.opb.xz,21
DEC-LIN/normalized-PB15eval/pbfvmc-formulae/hw256/normalized-hw256-vm50p-dec.opb.negationfix.opb.xz,21
DEC-LIN/normalized-PB15eval/pbfvmc-formulae/hw256/normalized-hw256-vm75p-dec.opb.negationfix.opb.xz,21
DEC-LIN/normalized-PB15eval/pbfvmc-formulae/hw256/normalized-hw256-vm85p-dec.opb.negationfix.opb.xz,21
DEC-LIN/normalized-PB15eval/pbfvmc-formulae/hw256/normalized-hw256-vm90p-dec.opb.negationfix.opb.xz,22
DEC-LIN/normalized-PB15eval/pbfvmc-formulae/hw256/normalized-hw256-vm95p-dec.opb.negationfix.opb.xz,22
DEC-LIN/normalized-PB15eval/pbfvmc-formulae/hw256/normalized-hw256-vm98p-dec.opb.negationfix.opb.xz,22
DEC-LIN/normalized-PB15eval/pbfvmc-formulae/hw256/normalized-hw256-vm99p-dec.opb.negationfix.opb.xz,22
DEC-LIN/normalized-PB15eval/pbfvmc-formulae/hw512/normalized-hw512-vm100p-dec.opb.negationfix.opb.xz,23
DEC-LIN/normalized-PB15eval/pbfvmc-formulae/hw512/normalized-hw512-vm25p-dec.opb.negationfix.opb.xz,22
DEC-LIN/normalized-PB15eval/pbfvmc-formulae/hw512/normalized-hw512-vm50p-dec.opb.negationfix.opb.xz,22
DEC-LIN/normalized-PB15eval/pbfvmc-formulae/hw512/normalized-hw512-vm75p-dec.opb.negationfix.opb.xz,22
DEC-LIN/normalized-PB15eval/pbfvmc-formulae/hw512/normalized-hw512-vm85p-dec.opb.negationfix.opb.xz,22
DEC-LIN/normalized-PB15eval/pbfvmc-formulae/hw512/normalized-hw512-vm90p-dec.opb.negationfix.opb.xz,23
DEC-LIN/normalized-PB15eval/pbfvmc-formulae/hw512/normalized-hw512-vm95p-dec.opb.negationfix.opb.xz,23
DEC-LIN/normalized-PB15eval/pbfvmc-formulae/hw512/normalized-hw512-vm98p-dec.opb.negationfix.opb.xz,23
DEC-LIN/normalized-PB15eval/pbfvmc-formulae/hw512/normalized-hw512-vm99p-dec.opb.negationfix.opb.xz,23
DEC-LIN/normalized-PB16/elffers/EC_ODD_GRIDS/normalized-ECgrid5x110split.opb.xz,3
DEC-LIN/normalized-PB16/elffers/EC_ODD_GRIDS/normalized-ECgrid5x120split.opb.xz,3
DEC-LIN/normalized-PB16/elffers/EC_ODD_GRIDS/normalized-ECgrid5x130split.opb.xz,3
DEC-LIN/normalized-PB16/elffers/EC_ODD_GRIDS/normalized-ECgrid5x140split.opb.xz,3
DEC-LIN/normalized-PB16/elffers/EC_ODD_GRIDS/normalized-ECgrid5x150split.opb.xz,3
DEC-LIN/normalized-PB16/elffers/EC_RANDOM_GRAPHS/normalized-ECrand4regsplit-v010-n1.opb.xz,3
DEC-LIN/normalized-PB16/elffers/EC_RANDOM_GRAPHS/normalized-ECrand4regsplit-v020-n1.opb.xz,3
DEC-LIN/normalized-PB16/elffers/EC_RANDOM_GRAPHS/normalized-ECrand4regsplit-v030-n1.opb.xz,3
DEC-LIN/normalized-PB16/elffers/EC_RANDOM_GRAPHS/normalized-ECrand4regsplit-v040-n1.opb.xz,3
DEC-LIN/normalized-PB16/elffers/EC_RANDOM_GRAPHS/normalized-ECrand4regsplit-v050-n1.opb.xz,3
DEC-LIN/normalized-PB16/elffers/EC_RANDOM_GRAPHS/normalized-ECrand4regsplit-v060-n1.opb.xz,3
DEC-LIN/normalized-PB16/elffers/EC_RANDOM_GRAPHS/normalized-ECrand4regsplit-v070-n1.opb.xz,3
DEC-LIN/normalized-PB16/elffers/EC_RANDOM_GRAPHS/normalized-ECrand4regsplit-v080-n1.opb.xz,3
DEC-LIN/normalized-PB16/elffers/EC_RANDOM_GRAPHS/normalized-ECrand4regsplit-v090-n1.opb.xz,3
DEC-LIN/normalized-PB16/elffers/EC_RANDOM_GRAPHS/normalized-ECrand4regsplit-v100-n1.opb.xz,3
DEC-LIN/normalized-PB16/elffers/EC_RANDOM_GRAPHS/normalized-ECrand4regsplit-v110-n1.opb.xz,3
DEC-LIN/normalized-PB16/elffers/EC_RANDOM_GRAPHS/normalized-ECrand6reg-v011-n1.opb.xz,4
DEC-LIN/normalized-PB16/elffers/EC_RANDOM_GRAPHS/normalized-ECrand6reg-v021-n1.opb.xz,4
DEC-LIN/normalized-PB16/elffers/EC_RANDOM_GRAPHS/normalized-ECrand6reg-v031-n1.opb.xz,4
DEC-LIN/normalized-PB16/elffers/EC_RANDOM_GRAPHS/normalized-ECrand6reg-v041-n1.opb.xz,4
DEC-LIN/normalized-PB16/elffers/EC_RANDOM_GRAPHS/normalized-ECrand6reg-v051-n1.opb.xz,4
DEC-LIN/normalized-PB16/elffers/EC_RANDOM_GRAPHS/normalized-ECrand6reg-v061-n1.opb.xz,4
DEC-LIN/normalized-PB16/elffers/EC_RANDOM_GRAPHS/normalized-ECrand6reg-v071-n1.opb.xz,4
DEC-LIN/normalized-PB16/elffers/EC_RANDOM_GRAPHS/normalized-ECrand6reg-v081-n1.opb.xz,4
DEC-LIN/normalized-PB16/elffers/EC_RANDOM_GRAPHS/normalized-ECrand6reg-v091-n1.opb.xz,4
DEC-LIN/normalized-PB16/elffers/EC_RANDOM_GRAPHS/normalized-ECrand6reg-v101-n1.opb.xz,4
DEC-LIN/normalized-PB16/elffers/EC_RANDOM_GRAPHS/normalized-ECrand6reg-v111-n1.opb.xz,4
DEC-LIN/normalized-PB16/elffers/Instances3col_OPB/normalized-3col-almost3reg-l010-r009-n1.opb.xz,3
DEC-LIN/normalized-PB16/elffers/Instances3col_OPB/normalized-3col-almost3reg-l015-r014-n1.opb.xz,3
DEC-LIN/normalized-PB16/elffers/Instances3col_OPB/normalized-3col-almost3reg-l020-r019-n1.opb.xz,3
DEC-LIN/normalized-PB16/elffers/Instances3col_OPB/normalized-3col-almost3reg-l025-r024-n1.opb.xz,3
DEC-LIN/normalized-PB16/elffers/Instances3col_OPB/normalized-3col-almost3reg-l030-r029-n1.opb.xz,3
DEC-LIN/normalized-PB16/elffers/Instances3col_OPB/normalized-3col-almost3reg-l035-r034-n1.opb.xz,3
DEC-LIN/normalized-PB16/elffers/Instances3col_OPB/normalized-3col-almost3reg-l040-r039-n1.opb.xz,3
DEC-LIN/normalized-PB16/elffers/Instances3col_OPB/normalized-3col-almost3reg-l045-r044-n1.opb.xz,3
DEC-LIN/normalized-PB16/elffers/Instances3col_OPB/normalized-3col-almost3reg-l050-r049-n1.opb.xz,3
DEC-LIN/normalized-PB16/elffers/Instances3col_OPB/normalized-3col-almost3reg-l055-r054-n1.opb.xz,3
DEC-LIN/normalized-PB16/elffers/Instances3col_OPB/normalized-3col-almost3reg-l060-r059-n1.opb.xz,3
DEC-LIN/normalized-PB16/elffers/Instances3col_OPB/normalized-3col-almost3reg-l065-r064-n1.opb.xz,3
DEC-LIN/normalized-PB16/elffers/Instances3col_OPB/normalized-3col-almost3reg-l070-r069-n1.opb.xz,3
DEC-LIN/normalized-PB16/elffers/Instances3col_OPB/normalized-3col-almost3reg-l080-r079-n1.opb.xz,3
DEC-LIN/normalized-PB16/elffers/Instances3col_OPB/normalized-3col-almost3reg-l090-r089-n1.opb.xz,3
DEC-LIN/normalized-PB16/elffers/Instances3col_OPB/normalized-3col-almost3reg-l100-r099-n1.opb.xz,3
DEC-LIN/normalized-PB16/elffers/rand6reg/normalized-rand6reg-v011-n1.opb.xz,3
DEC-LIN/normalized-PB16/elffers/rand6reg/normalized-rand6reg-v011-n2.opb.xz,3
DEC-LIN/normalized-PB16/elffers/rand6reg/normalized-rand6reg-v011-n3.opb.xz,3
DEC-LIN/normalized-PB16/elffers/rand6reg/normalized-rand6reg-v021-n1.opb.xz,3
DEC-LIN/normalized-PB16/elffers/rand6reg/normalized-rand6reg-v021-n2.opb.xz,3
DEC-LIN/normalized-PB16/elffers/rand6reg/normalized-rand6reg-v021-n3.opb.xz,3
DEC-LIN/normalized-PB16/elffers/rand6reg/normalized-rand6reg-v031-n1.opb.xz,3
DEC-LIN/normalized-PB16/elffers/rand6reg/normalized-rand6reg-v031-n2.opb.xz,3
DEC-LIN/normalized-PB16/elffers/rand6reg/normalized-rand6reg-v031-n3.opb.xz,3
DEC-LIN/normalized-PB16/elffers/rand6reg/normalized-rand6reg-v041-n1.opb.xz,3
DEC-LIN/normalized-PB16/elffers/rand6reg/normalized-rand6reg-v041-n2.opb.xz,3
DEC-LIN/normalized-PB16/elffers/rand6reg/normalized-rand6reg-v041-n3.opb.xz,3
DEC-LIN/normalized-PB16/elffers/rand6reg/normalized-rand6reg-v051-n1.opb.xz,3
DEC-LIN/normalized-PB16/elffers/rand6reg/normalized-rand6reg-v051-n2.opb.xz,3
DEC-LIN/normalized-PB16/elffers/rand6reg/normalized-rand6reg-v051-n3.opb.xz,3
DEC-LIN/normalized-PB16/elffers/rand6reg/normalized-rand6reg-v061-n1.opb.xz,3
DEC-LIN/normalized-PB16/elffers/rand6reg/normalized-rand6reg-v061-n2.opb.xz,3
DEC-LIN/normalized-PB16/elffers/rand6reg/normalized-rand6reg-v061-n3.opb.xz,3
DEC-LIN/normalized-PB16/elffers/rand6reg/normalized-rand6reg-v071-n1.opb.xz,3
DEC-LIN/normalized-PB16/elffers/rand6reg/normalized-rand6reg-v071-n2.opb.xz,3
DEC-LIN/normalized-PB16/elffers/rand6reg/normalized-rand6reg-v071-n3.opb.xz,3
DEC-LIN/normalized-PB16/elffers/rand6reg/normalized-rand6reg-v081-n1.opb.xz,3
DEC-LIN/normalized-PB16/elffers/rand6reg/normalized-rand6reg-v081-n2.opb.xz,3
DEC-LIN/normalized-PB16/elffers/rand6reg/normalized-rand6reg-v081-n3.opb.xz,3
DEC-LIN/normalized-PB16/elffers/rand6reg/normalized-rand6reg-v091-n1.opb.xz,3
DEC-LIN/normalized-PB16/elffers/rand6reg/normalized-rand6reg-v091-n2.opb.xz,3
DEC-LIN/normalized-PB16/elffers/rand6reg/normalized-rand6reg-v091-n3.opb.xz,3
DEC-LIN/normalized-PB16/elffers/rand6reg/normalized-rand6reg-v101-n1.opb.xz,3
DEC-LIN/normalized-PB16/elffers/rand6reg/normalized-rand6reg-v101-n2.opb.xz,3
DEC-LIN/normalized-PB16/elffers/rand6reg/normalized-rand6reg-v101-n3.opb.xz,3
DEC-LIN/normalized-PB16/elffers/rand6reg/normalized-rand6reg-v111-n1.opb.xz,3
DEC-LIN/normalized-PB16/elffers/rand6reg/normalized-rand6reg-v111-n2.opb.xz,3
DEC-LIN/normalized-PB16/elffers/rand6reg/normalized-rand6reg-v111-n3.opb.xz,3
DEC-LIN/normalized-PB16/elffers/subsetcard/normalized-subsetcard-eq-fixedbandwidth-15.opb.xz,4
DEC-LIN/normalized-PB16/elffers/subsetcard/normalized-subsetcard-eq-fixedbandwidth-20.opb.xz,4
DEC-LIN/normalized-PB16/elffers/subsetcard/normalized-subsetcard-eq-fixedbandwidth-25.opb.xz,4
DEC-LIN/normalized-PB16/elffers/subsetcard/normalized-subsetcard-eq-fixedbandwidth-30.opb.xz,4
DEC-LIN/normalized-PB16/elffers/subsetcard/normalized-subsetcard-eq-fixedbandwidth-35.opb.xz,4
DEC-LIN/normalized-PB16/elffers/subsetcard/normalized-subsetcard-eq-fixedbandwidth-40.opb.xz,4
DEC-LIN/normalized-PB16/elffers/subsetcard/normalized-subsetcard-eq-fixedbandwidth-45.opb.xz,4
DEC-LIN/normalized-PB16/elffers/subsetcard/normalized-subsetcard-eq-fixedbandwidth-50.opb.xz,4
DEC-LIN/normalized-PB16/elffers/subsetcard/normalized-subsetcard-eq-fixedbandwidth-55.opb.xz,4
DEC-LIN/normalized-PB16/elffers/subsetcard/normalized-subsetcard-eq-fixedbandwidth-60.opb.xz,4
DEC-LIN/normalized-PB16/elffers/subsetcard/normalized-subsetcard-eq-fixedbandwidth-65.opb.xz,4
DEC-LIN/normalized-PB16/elffers/subsetcard/normalized-subsetcard-eq-fixedbandwidth-70.opb.xz,4
DEC-LIN/normalized-PB16/elffers/subsetcard/normalized-subsetcard-eq-fixedbandwidth-75.opb.xz,4
DEC-LIN/normalized-PB16/elffers/subsetcard/normalized-subsetcard-eq-fixedbandwidth-80.opb.xz,4
DEC-LIN/normalized-PB16/elffers/subsetcard/normalized-subsetcard-eq-random4regular-15.opb.xz,4
DEC-LIN/normalized-PB16/elffers/subsetcard/normalized-subsetcard-eq-random4regular-20.opb.xz,4
DEC-LIN/normalized-PB16/elffers/subsetcard/normalized-subsetcard-eq-random4regular-25.opb.xz,4
DEC-LIN/normalized-PB16/elffers/subsetcard/normalized-subsetcard-eq-random4regular-30.opb.xz,4
DEC-LIN/normalized-PB16/elffers/subsetcard/normalized-subsetcard-eq-random4regular-35.opb.xz,4
DEC-LIN/normalized-PB16/elffers/subsetcard/normalized-subsetcard-eq-random4regular-40.opb.xz,4
DEC-LIN/normalized-PB16/elffers/subsetcard/normalized-subsetcard-eq-random4regular-45.opb.xz,4
DEC-LIN/normalized-PB16/elffers/subsetcard/normalized-subsetcard-eq-random4regular-50.opb.xz,4
DEC-LIN/normalized-PB16/elffers/subsetcard/normalized-subsetcard-eq-random4regular-55.opb.xz,4
DEC-LIN/normalized-PB16/elffers/subsetcard/normalized-subsetcard-eq-random4regular-60.opb.xz,4
DEC-LIN/normalized-PB16/elffers/subsetcard/normalized-subsetcard-eq-random4regular-65.opb.xz,4
DEC-LIN/normalized-PB16/elffers/subsetcard/normalized-subsetcard-eq-random4regular-70.opb.xz,4
DEC-LIN/normalized-PB16/elffers/subsetcard/normalized-subsetcard-eq-random4regular-75.opb.xz,4
DEC-LIN/normalized-PB16/elffers/subsetcard/normalized-subsetcard-eq-random4regular-80.opb.xz,4
DEC-LIN/normalized-PB16/elffers/subsetcard/normalized-subsetcard-geq-fixedbandwidth-15.opb.xz,4
DEC-LIN/normalized-PB16/elffers/subsetcard/normalized-subsetcard-geq-fixedbandwidth-20.opb.xz,4
DEC-LIN/normalized-PB16/elffers/subsetcard/normalized-subsetcard-geq-fixedbandwidth-25.opb.xz,4
DEC-LIN/normalized-PB16/elffers/subsetcard/normalized-subsetcard-geq-fixedbandwidth-30.opb.xz,4
DEC-LIN/normalized-PB16/elffers/subsetcard/normalized-subsetcard-geq-fixedbandwidth-35.opb.xz,4
DEC-LIN/normalized-PB16/elffers/subsetcard/normalized-subsetcard-geq-fixedbandwidth-40.opb.xz,4
DEC-LIN/normalized-PB16/elffers/subsetcard/normalized-subsetcard-geq-fixedbandwidth-45.opb.xz,4
DEC-LIN/normalized-PB16/elffers/subsetcard/normalized-subsetcard-geq-fixedbandwidth-50.opb.xz,4
DEC-LIN/normalized-PB16/elffers/subsetcard/normalized-subsetcard-geq-fixedbandwidth-55.opb.xz,4
DEC-LIN/normalized-PB16/elffers/subsetcard/normalized-subsetcard-geq-fixedbandwidth-60.opb.xz,4
DEC-LIN/normalized-PB16/elffers/subsetcard/normalized-subsetcard-geq-fixedbandwidth-65.opb.xz,4
DEC-LIN/normalized-PB16/elffers/subsetcard/normalized-subsetcard-geq-fixedbandwidth-70.opb.xz,4
DEC-LIN/normalized-PB16/elffers/subsetcard/normalized-subsetcard-geq-fixedbandwidth-75.opb.xz,4
DEC-LIN/normalized-PB16/elffers/subsetcard/normalized-subsetcard-geq-fixedbandwidth-80.opb.xz,4
DEC-LIN/normalized-PB16/elffers/subsetcard/normalized-subsetcard-geq-random4regular-15.opb.xz,4
DEC-LIN/normalized-PB16/elffers/subsetcard/normalized-subsetcard-geq-random4regular-20.opb.xz,4
DEC-LIN/normalized-PB16/elffers/subsetcard/normalized-subsetcard-geq-random4regular-25.opb.xz,4
DEC-LIN/normalized-PB16/elffers/subsetcard/normalized-subsetcard-geq-random4regular-30.opb.xz,4
DEC-LIN/normalized-PB16/elffers/subsetcard/normalized-subsetcard-geq-random4regular-35.opb.xz,4
DEC-LIN/normalized-PB16/elffers/subsetcard/normalized-subsetcard-geq-random4regular-40.opb.xz,4
DEC-LIN/normalized-PB16/elffers/subsetcard/normalized-subsetcard-geq-random4regular-45.opb.xz,4
DEC-LIN/normalized-PB16/elffers/subsetcard/normalized-subsetcard-geq-random4regular-50.opb.xz,4
DEC-LIN/normalized-PB16/elffers/subsetcard/normalized-subsetcard-geq-random4regular-55.opb.xz,4
DEC-LIN/normalized-PB16/elffers/subsetcard/normalized-subsetcard-geq-random4regular-60.opb.xz,4
DEC-LIN/normalized-PB16/elffers/subsetcard/normalized-subsetcard-geq-random4regular-65.opb.xz,4
DEC-LIN/normalized-PB16/elffers/subsetcard/normalized-subsetcard-geq-random4regular-70.opb.xz,4
DEC-LIN/normalized-PB16/elffers/subsetcard/normalized-subsetcard-geq-random4regular-75.opb.xz,4
DEC-LIN/normalized-PB16/elffers/subsetcard/normalized-subsetcard-geq-random4regular-80.opb.xz,4
DEC-LIN/normalized-PB16/elffers/vertexcover-instances/normalized-vertexcover-completegraph-11.opb.xz,6
DEC-LIN/normalized-PB16/elffers/vertexcover-instances/normalized-vertexcover-completegraph-13.opb.xz,6
DEC-LIN/normalized-PB16/elffers/vertexcover-instances/normalized-vertexcover-completegraph-15.opb.xz,6
DEC-LIN/normalized-PB16/elffers/vertexcover-instances/normalized-vertexcover-completegraph-17.opb.xz,6
DEC-LIN/normalized-PB16/elffers/vertexcover-instances/normalized-vertexcover-completegraph-19.opb.xz,6
DEC-LIN/normalized-PB16/elffers/vertexcover-instances/normalized-vertexcover-completegraph-21.opb.xz,6
DEC-LIN/normalized-PB16/elffers/vertexcover-instances/normalized-vertexcover-completegraph-23.opb.xz,7
DEC-LIN/normalized-PB16/elffers/vertexcover-instances/normalized-vertexcover-completegraph-25.opb.xz,7
DEC-LIN/normalized-PB16/elffers/vertexcover-instances/normalized-vertexcover-completegraph-27.opb.xz,7
DEC-LIN/normalized-PB16/elffers/vertexcover-instances/normalized-vertexcover-completegraph-29.opb.xz,7
DEC-LIN/normalized-PB16/elffers/vertexcover-instances/normalized-vertexcover-completegraph-3.opb.xz,4
DEC-LIN/normalized-PB16/elffers/vertexcover-instances/normalized-vertexcover-completegraph-31.opb.xz,7
DEC-LIN/normalized-PB16/elffers/vertexcover-instances/normalized-vertexcover-completegraph-33.opb.xz,7
DEC-LIN/normalized-PB16/elffers/vertexcover-instances/normalized-vertexcover-completegraph-35.opb.xz,7
DEC-LIN/normalized-PB16/elffers/vertexcover-instances/normalized-vertexcover-completegraph-37.opb.xz,7
DEC-LIN/normalized-PB16/elffers/vertexcover-instances/normalized-vertexcover-completegraph-39.opb.xz,7
DEC-LIN/normalized-PB16/elffers/vertexcover-instances/normalized-vertexcover-completegraph-41.opb.xz,7
DEC-LIN/normalized-PB16/elffers/vertexcover-instances/normalized-vertexcover-completegraph-43.opb.xz,8
DEC-LIN/normalized-PB16/elffers/vertexcover-instances/normalized-vertexcover-completegraph-45.opb.xz,8
DEC-LIN/normalized-PB16/elffers/vertexcover-instances/normalized-vertexcover-completegraph-47.opb.xz,8
DEC-LIN/normalized-PB16/elffers/vertexcover-instances/normalized-vertexcover-completegraph-49.opb.xz,8
DEC-LIN/normalized-PB16/elffers/vertexcover-instances/normalized-vertexcover-completegraph-5.opb.xz,4
DEC-LIN/normalized-PB16/elffers/vertexcover-instances/normalized-vertexcover-completegraph-51.opb.xz,8
DEC-LIN/normalized-PB16/elffers/vertexcover-instances/normalized-vertexcover-completegraph-7.opb.xz,5
DEC-LIN/normalized-PB16/elffers/vertexcover-instances/normalized-vertexcover-completegraph-9.opb.xz,5
DEC-LIN/normalized-PB16/elffers/vertexcover-instances/normalized-vertexcover-grid10x11-hard.opb.xz,8
DEC-LIN/normalized-PB16/elffers/vertexcover-instances/normalized-vertexcover-grid10x11.opb.xz,8
DEC-LIN/normalized-PB16/elffers/vertexcover-instances/normalized-vertexcover-grid10x13-hard.opb.xz,8
DEC-LIN/normalized-PB16/elffers/vertexcover-instances/normalized-vertexcover-grid10x13.opb.xz,8
DEC-LIN/normalized-PB16/elffers/vertexcover-instances/normalized-vertexcover-grid10x15-hard.opb.xz,8
DEC-LIN/normalized-PB16/elffers/vertexcover-instances/normalized-vertexcover-grid10x15.opb.xz,8
DEC-LIN/normalized-PB16/elffers/vertexcover-instances/normalized-vertexcover-grid10x17-hard.opb.xz,9
DEC-LIN/normalized-PB16/elffers/vertexcover-instances/normalized-vertexcover-grid10x17.opb.xz,8
DEC-LIN/normalized-PB16/elffers/vertexcover-instances/normalized-vertexcover-grid10x19-hard.opb.xz,9
DEC-LIN/normalized-PB16/elffers/vertexcover-instances/normalized-vertexcover-grid10x19.opb.xz,9
DEC-LIN/normalized-PB16/elffers/vertexcover-instances/normalized-vertexcover-grid10x21-hard.opb.xz,9
DEC-LIN/normalized-PB16/elffers/vertexcover-instances/normalized-vertexcover-grid10x21.opb.xz,9
DEC-LIN/normalized-PB16/elffers/vertexcover-instances/normalized-vertexcover-grid10x23-hard.opb.xz,9
DEC-LIN/normalized-PB16/elffers/vertexcover-instances/normalized-vertexcover-grid10x23.opb.xz,9
DEC-LIN/normalized-PB16/elffers/vertexcover-instances/normalized-vertexcover-grid10x25-hard.opb.xz,9
DEC-LIN/normalized-PB16/elffers/vertexcover-instances/normalized-vertexcover-grid10x25.opb.xz,9
DEC-LIN/normalized-PB16/elffers/vertexcover-instances/normalized-vertexcover-grid10x27-hard.opb.xz,9
DEC-LIN/normalized-PB16/elffers/vertexcover-instances/normalized-vertexcover-grid10x27.opb.xz,9
DEC-LIN/normalized-PB16/elffers/vertexcover-instances/normalized-vertexcover-grid10x29-hard.opb.xz,9
DEC-LIN/normalized-PB16/elffers/vertexcover-instances/normalized-vertexcover-grid10x29.opb.xz,9
DEC-LIN/normalized-PB16/elffers/vertexcover-instances/normalized-vertexcover-grid4x11-hard.opb.xz,7
DEC-LIN/normalized-PB16/elffers/vertexcover-instances/normalized-vertexcover-grid4x11.opb.xz,7
DEC-LIN/normalized-PB16/elffers/vertexcover-instances/normalized-vertexcover-grid4x13-hard.opb.xz,7
DEC-LIN/normalized-PB16/elffers/vertexcover-instances/normalized-vertexcover-grid4x13.opb.xz,7
DEC-LIN/normalized-PB16/elffers/vertexcover-instances/normalized-vertexcover-grid4x15-hard.opb.xz,7
DEC-LIN/normalized-PB16/elffers/vertexcover-instances/normalized-vertexcover-grid4x15.opb.xz,7
DEC-LIN/normalized-PB16/elffers/vertexcover-instances/normalized-vertexcover-grid4x17-hard.opb.xz,7
DEC-LIN/normalized-PB16/elffers/vertexcover-instances/normalized-vertexcover-grid4x17.opb.xz,7
DEC-LIN/normalized-PB16/elffers/vertexcover-instances/normalized-vertexcover-grid4x19-hard.opb.xz,7
DEC-LIN/normalized-PB16/elffers/vertexcover-instances/normalized-vertexcover-grid4x19.opb.xz,7
DEC-LIN/normalized-PB16/elffers/vertexcover-instances/normalized-vertexcover-grid4x21-hard.opb.xz,7
DEC-LIN/normalized-PB16/elffers/vertexcover-instances/normalized-vertexcover-grid4x21.opb.xz,7
DEC-LIN/normalized-PB16/elffers/vertexcover-instances/normalized-vertexcover-grid4x23-hard.opb.xz,8
DEC-LIN/normalized-PB16/elffers/vertexcover-instances/normalized-vertexcover-grid4x23.opb.xz,8
DEC-LIN/normalized-PB16/elffers/vertexcover-instances/normalized-vertexcover-grid4x25-hard.opb.xz,8
DEC-LIN/normalized-PB16/elffers/vertexcover-instances/normalized-vertexcover-grid4x25.opb.xz,8
DEC-LIN/normalized-PB16/elffers/vertexcover-instances/normalized-vertexcover-grid4x27-hard.opb.xz,8
DEC-LIN/normalized-PB16/elffers/vertexcover-instances/normalized-vertexcover-grid4x27.opb.xz,8
DEC-LIN/normalized-PB16/elffers/vertexcover-instances/normalized-vertexcover-grid4x29-hard.opb.xz,8
DEC-LIN/normalized-PB16/elffers/vertexcover-instances/normalized-vertexcover-grid4x29.opb.xz,8
DEC-LIN/normalized-PB16/elffers/vertexcover-instances/normalized-vertexcover-grid4x5-hard.opb.xz,5
DEC-LIN/normalized-PB16/elffers/vertexcover-instances/normalized-vertexcover-grid4x5.opb.xz,5
DEC-LIN/normalized-PB16/elffers/vertexcover-instances/normalized-vertexcover-grid4x7-hard.opb.xz,6
DEC-LIN/normalized-PB16/elffers/vertexcover-instances/normalized-vertexcover-grid4x7.opb.xz,6
DEC-LIN/normalized-PB16/elffers/vertexcover-instances/normalized-vertexcover-grid4x9-hard.opb.xz,6
DEC-LIN/normalized-PB16/elffers/vertexcover-instances/normalized-vertexcover-grid4x9.opb.xz,6
DEC-LIN/normalized-PB16/elffers/vertexcover-instances/normalized-vertexcover-grid6x11-hard.opb.xz,7
DEC-LIN/normalized-PB16/elffers/vertexcover-instances/normalized-vertexcover-grid6x11.opb.xz,7
DEC-LIN/normalized-PB16/elffers/vertexcover-instances/normalized-vertexcover-grid6x13-hard.opb.xz,7
DEC-LIN/normalized-PB16/elffers/vertexcover-instances/normalized-vertexcover-grid6x13.opb.xz,7
DEC-LIN/normalized-PB16/elffers/vertexcover-instances/normalized-vertexcover-grid6x15-hard.opb.xz,8
DEC-LIN/normalized-PB16/elffers/vertexcover-instances/normalized-vertexcover-grid6x15.opb.xz,8
DEC-LIN/normalized-PB16/elffers/vertexcover-instances/normalized-vertexcover-grid6x17-hard.opb.xz,8
DEC-LIN/normalized-PB16/elffers/vertexcover-instances/normalized-vertexcover-grid6x17.opb.xz,8
DEC-LIN/normalized-PB16/elffers/vertexcover-instances/normalized-vertexcover-grid6x19-hard.opb.xz,8
DEC-LIN/normalized-PB16/elffers/vertexcover-instances/normalized-vertexcover-grid6x19.opb.xz,8
DEC-LIN/normalized-PB16/elffers/vertexcover-instances/normalized-vertexcover-grid6x21-hard.opb.xz,8
DEC-LIN/normalized-PB16/elffers/vertexcover-instances/normalized-vertexcover-grid6x21.opb.xz,8
DEC-LIN/normalized-PB16/elffers/vertexcover-instances/normalized-vertexcover-grid6x23-hard.opb.xz,8
DEC-LIN/normalized-PB16/elffers/vertexcover-instances/normalized-vertexcover-grid6x23.opb.xz,8
DEC-LIN/normalized-PB16/elffers/vertexcover-instances/normalized-vertexcover-grid6x25-hard.opb.xz,8
DEC-LIN/normalized-PB16/elffers/vertexcover-instances/normalized-vertexcover-grid6x25.opb.xz,8
DEC-LIN/normalized-PB16/elffers/vertexcover-instances/normalized-vertexcover-grid6x27-hard.opb.xz,8
DEC-LIN/normalized-PB16/elffers/vertexcover-instances/normalized-vertexcover-grid6x27.opb.xz,8
DEC-LIN/normalized-PB16/elffers/vertexcover-instances/normalized-vertexcover-grid6x29-hard.opb.xz,9
DEC-LIN/normalized-PB16/elffers/vertexcover-instances/normalized-vertexcover-grid6x29.opb.xz,9
DEC-LIN/normalized-PB16/elffers/vertexcover-instances/normalized-vertexcover-grid6x7-hard.opb.xz,7
DEC-LIN/normalized-PB16/elffers/vertexcover-instances/normalized-vertexcover-grid6x7.opb.xz,6
DEC-LIN/normalized-PB16/elffers/vertexcover-instances/normalized-vertexcover-grid6x9-hard.opb.xz,7
DEC-LIN/normalized-PB16/elffers/vertexcover-instances/normalized-vertexcover-grid6x9.opb.xz,7
DEC-LIN/normalized-PB16/elffers/vertexcover-instances/normalized-vertexcover-grid8x11-hard.opb.xz,8
DEC-LIN/normalized-PB16/elffers/vertexcover-instances/normalized-vertexcover-grid8x13-hard.opb.xz,8
DEC-LIN/normalized-PB16/elffers/vertexcover-instances/normalized-vertexcover-grid8x15-hard.opb.xz,8
DEC-LIN/normalized-PB16/elffers/vertexcover-instances/normalized-vertexcover-grid8x17-hard.opb.xz,8
DEC-LIN/normalized-PB16/elffers/vertexcover-instances/normalized-vertexcover-grid8x19-hard.opb.xz,8
DEC-LIN/normalized-PB16/elffers/vertexcover-instances/normalized-vertexcover-grid8x21-hard.opb.xz,8
DEC-LIN/normalized-PB16/elffers/vertexcover-instances/normalized-vertexcover-grid8x23-hard.opb.xz,9
DEC-LIN/normalized-PB16/elffers/vertexcover-instances/normalized-vertexcover-grid8x25-hard.opb.xz,9
DEC-LIN/normalized-PB16/elffers/vertexcover-instances/normalized-vertexcover-grid8x27-hard.opb.xz,9
DEC-LIN/normalized-PB16/elffers/vertexcover-instances/normalized-vertexcover-grid8x29-hard.opb.xz,9
DEC-LIN/normalized-PB16/elffers/vertexcover-instances/normalized-vertexcover-grid8x9-hard.opb.xz,7
DEC-LIN/normalized-PB16/elffers/vertexcover-instances/normalized-vertexcover-grid8x9.opb.xz,7
DEC-LIN/normalized-PB16/nossum/normalized-sha1-size112-round21-0.opb.xz,4
DEC-LIN/normalized-PB16/nossum/normalized-sha1-size112-round21-1.opb.xz,4
DEC-LIN/normalized-PB16/nossum/normalized-sha1-size112-round21-2.opb.xz,4
DEC-LIN/normalized-PB16/nossum/normalized-sha1-size112-round21-3.opb.xz,4
DEC-LIN/normalized-PB16/nossum/normalized-sha1-size112-round21-4.opb.xz,4
DEC-LIN/normalized-PB16/nossum/normalized-sha1-size112-round21-5.opb.xz,4
DEC-LIN/normalized-PB16/nossum/normalized-sha1-size112-round21-6.opb.xz,4
DEC-LIN/normalized-PB16/nossum/normalized-sha1-size112-round21-7.opb.xz,4
DEC-LIN/normalized-PB16/nossum/normalized-sha1-size112-round21-8.opb.xz,4
DEC-LIN/normalized-PB16/nossum/normalized-sha1-size112-round21-9.opb.xz,4
DEC-LIN/normalized-PB16/nossum/normalized-sha1-size112-round22-0.opb.xz,4
DEC-LIN/normalized-PB16/nossum/normalized-sha1-size112-round22-1.opb.xz,4
DEC-LIN/normalized-PB16/nossum/normalized-sha1-size112-round22-2.opb.xz,4
DEC-LIN/normalized-PB16/nossum/normalized-sha1-size112-round22-3.opb.xz,4
DEC-LIN/normalized-PB16/nossum/normalized-sha1-size112-round22-4.opb.xz,4
DEC-LIN/normalized-PB16/nossum/normalized-sha1-size112-round22-5.opb.xz,4
DEC-LIN/normalized-PB16/nossum/normalized-sha1-size112-round22-6.opb.xz,4
DEC-LIN/normalized-PB16/nossum/normalized-sha1-size112-round22-7.opb.xz,4
DEC-LIN/normalized-PB16/nossum/normalized-sha1-size112-round22-8.opb.xz,4
DEC-LIN/normalized-PB16/nossum/normalized-sha1-size112-round22-9.opb.xz,4
DEC-LIN/normalized-PB16/nossum/normalized-sha1-size112-round23-0.opb.xz,4
DEC-LIN/normalized-PB16/nossum/normalized-sha1-size112-round23-1.opb.xz,4
DEC-LIN/normalized-PB16/nossum/normalized-sha1-size112-round23-2.opb.xz,4
DEC-LIN/normalized-PB16/nossum/normalized-sha1-size112-round23-3.opb.xz,4
DEC-LIN/normalized-PB16/nossum/normalized-sha1-size112-round23-4.opb.xz,4
DEC-LIN/normalized-PB16/nossum/normalized-sha1-size112-round23-5.opb.xz,4
DEC-LIN/normalized-PB16/nossum/normalized-sha1-size112-round23-6.opb.xz,4
DEC-LIN/normalized-PB16/nossum/normalized-sha1-size112-round23-7.opb.xz,4
DEC-LIN/normalized-PB16/nossum/normalized-sha1-size112-round23-8.opb.xz,4
DEC-LIN/normalized-PB16/nossum/normalized-sha1-size112-round23-9.opb.xz,4
DEC-LIN/normalized-PB16/nossum/normalized-sha1-size128-round21-0.opb.xz,4
DEC-LIN/normalized-PB16/nossum/normalized-sha1-size128-round21-1.opb.xz,4
DEC-LIN/normalized-PB16/nossum/normalized-sha1-size128-round21-2.opb.xz,4
DEC-LIN/normalized-PB16/nossum/normalized-sha1-size128-round21-3.opb.xz,4
DEC-LIN/normalized-PB16/nossum/normalized-sha1-size128-round21-4.opb.xz,4
DEC-LIN/normalized-PB16/nossum/normalized-sha1-size128-round21-5.opb.xz,4
DEC-LIN/normalized-PB16/nossum/normalized-sha1-size128-round21-6.opb.xz,4
DEC-LIN/normalized-PB16/nossum/normalized-sha1-size128-round21-7.opb.xz,4
DEC-LIN/normalized-PB16/nossum/normalized-sha1-size128-round21-8.opb.xz,4
DEC-LIN/normalized-PB16/nossum/normalized-sha1-size128-round21-9.opb.xz,4
DEC-LIN/normalized-PB16/nossum/normalized-sha1-size128-round22-0.opb.xz,4
DEC-LIN/normalized-PB16/nossum/normalized-sha1-size128-round22-1.opb.xz,4
DEC-LIN/normalized-PB16/nossum/normalized-sha1-size128-round22-2.opb.xz,4
DEC-LIN/normalized-PB16/nossum/normalized-sha1-size128-round22-3.opb.xz,4
DEC-LIN/normalized-PB16/nossum/normalized-sha1-size128-round22-4.opb.xz,4
DEC-LIN/normalized-PB16/nossum/normalized-sha1-size128-round22-5.opb.xz,4
DEC-LIN/normalized-PB16/nossum/normalized-sha1-size128-round22-6.opb.xz,4
DEC-LIN/normalized-PB16/nossum/normalized-sha1-size128-round22-7.opb.xz,4
DEC-LIN/normalized-PB16/nossum/normalized-sha1-size128-round22-8.opb.xz,4
DEC-LIN/normalized-PB16/nossum/normalized-sha1-size128-round22-9.opb.xz,4
DEC-LIN/normalized-PB16/nossum/normalized-sha1-size128-round23-0.opb.xz,4
DEC-LIN/normalized-PB16/nossum/normalized-sha1-size128-round23-1.opb.xz,4
DEC-LIN/normalized-PB16/nossum/normalized-sha1-size128-round23-2.opb.xz,4
DEC-LIN/normalized-PB16/nossum/normalized-sha1-size128-round23-3.opb.xz,4
DEC-LIN/normalized-PB16/nossum/normalized-sha1-size128-round23-4.opb.xz,4
DEC-LIN/normalized-PB16/nossum/normalized-sha1-size128-round23-5.opb.xz,4
DEC-LIN/normalized-PB16/nossum/normalized-sha1-size128-round23-6.opb.xz,4
DEC-LIN/normalized-PB16/nossum/normalized-sha1-size128-round23-7.opb.xz,4
DEC-LIN/normalized-PB16/nossum/normalized-sha1-size128-round23-8.opb.xz,4
DEC-LIN/normalized-PB16/nossum/normalized-sha1-size128-round23-9.opb.xz,4
DEC-LIN/normalized-PB16/nossum/normalized-sha1-size144-round21-0.opb.xz,4
DEC-LIN/normalized-PB16/nossum/normalized-sha1-size144-round21-1.opb.xz,4
DEC-LIN/normalized-PB16/nossum/normalized-sha1-size144-round21-2.opb.xz,4
DEC-LIN/normalized-PB16/nossum/normalized-sha1-size144-round21-3.opb.xz,4
DEC-LIN/normalized-PB16/nossum/normalized-sha1-size144-round21-4.opb.xz,4
DEC-LIN/normalized-PB16/nossum/normalized-sha1-size144-round21-5.opb.xz,4
DEC-LIN/normalized-PB16/nossum/normalized-sha1-size144-round21-6.opb.xz,4
DEC-LIN/normalized-PB16/nossum/normalized-sha1-size144-round21-7.opb.xz,4
DEC-LIN/normalized-PB16/nossum/normalized-sha1-size144-round21-8.opb.xz,4
DEC-LIN/normalized-PB16/nossum/normalized-sha1-size144-round21-9.opb.xz,4
DEC-LIN/normalized-PB16/nossum/normalized-sha1-size144-round22-0.opb.xz,4
DEC-LIN/normalized-PB16/nossum/normalized-sha1-size144-round22-1.opb.xz,4
DEC-LIN/normalized-PB16/nossum/normalized-sha1-size144-round22-2.opb.xz,4
DEC-LIN/normalized-PB16/nossum/normalized-sha1-size144-round22-3.opb.xz,4
DEC-LIN/normalized-PB16/nossum/normalized-sha1-size144-round22-4.opb.xz,4
DEC-LIN/normalized-PB16/nossum/normalized-sha1-size144-round22-5.opb.xz,4
DEC-LIN/normalized-PB16/nossum/normalized-sha1-size144-round22-6.opb.xz,4
DEC-LIN/normalized-PB16/nossum/normalized-sha1-size144-round22-7.opb.xz,4
DEC-LIN/normalized-PB16/nossum/normalized-sha1-size144-round22-8.opb.xz,4
DEC-LIN/normalized-PB16/nossum/normalized-sha1-size144-round22-9.opb.xz,4
DEC-LIN/normalized-PB16/nossum/normalized-sha1-size144-round23-0.opb.xz,4
DEC-LIN/normalized-PB16/nossum/normalized-sha1-size144-round23-1.opb.xz,4
DEC-LIN/normalized-PB16/nossum/normalized-sha1-size144-round23-2.opb.xz,4
DEC-LIN/normalized-PB16/nossum/normalized-sha1-size144-round23-3.opb.xz,4
DEC-LIN/normalized-PB16/nossum/normalized-sha1-size144-round23-4.opb.xz,4
DEC-LIN/normalized-PB16/nossum/normalized-sha1-size144-round23-5.opb.xz,4
DEC-LIN/normalized-PB16/nossum/normalized-sha1-size144-round23-6.opb.xz,4
DEC-LIN/normalized-PB16/nossum/normalized-sha1-size144-round23-7.opb.xz,4
DEC-LIN/normalized-PB16/nossum/normalized-sha1-size144-round23-8.opb.xz,4
DEC-LIN/normalized-PB16/nossum/normalized-sha1-size144-round23-9.opb.xz,4
DEC-LIN/normalized-PB16/nossum/normalized-sha1-size160-round21-0.opb.xz,4
DEC-LIN/normalized-PB16/nossum/normalized-sha1-size160-round21-1.opb.xz,4
DEC-LIN/normalized-PB16/nossum/normalized-sha1-size160-round21-2.opb.xz,4
DEC-LIN/normalized-PB16/nossum/normalized-sha1-size160-round21-3.opb.xz,4
DEC-LIN/normalized-PB16/nossum/normalized-sha1-size160-round21-4.opb.xz,4
DEC-LIN/normalized-PB16/nossum/normalized-sha1-size160-round21-5.opb.xz,4
DEC-LIN/normalized-PB16/nossum/normalized-sha1-size160-round21-6.opb.xz,4
DEC-LIN/normalized-PB16/nossum/normalized-sha1-size160-round21-7.opb.xz,4
DEC-LIN/normalized-PB16/nossum/normalized-sha1-size160-round21-8.opb.xz,4
DEC-LIN/normalized-PB16/nossum/normalized-sha1-size160-round21-9.opb.xz,4
DEC-LIN/normalized-PB16/nossum/normalized-sha1-size160-round22-0.opb.xz,4
DEC-LIN/normalized-PB16/nossum/normalized-sha1-size160-round22-1.opb.xz,4
DEC-LIN/normalized-PB16/nossum/normalized-sha1-size160-round22-2.opb.xz,4
DEC-LIN/normalized-PB16/nossum/normalized-sha1-size160-round22-3.opb.xz,4
DEC-LIN/normalized-PB16/nossum/normalized-sha1-size160-round22-4.opb.xz,4
DEC-LIN/normalized-PB16/nossum/normalized-sha1-size160-round22-5.opb.xz,4
DEC-LIN/normalized-PB16/nossum/normalized-sha1-size160-round22-6.opb.xz,4
DEC-LIN/normalized-PB16/nossum/normalized-sha1-size160-round22-7.opb.xz,4
DEC-LIN/normalized-PB16/nossum/normalized-sha1-size160-round22-8.opb.xz,4
DEC-LIN/normalized-PB16/nossum/normalized-sha1-size160-round22-9.opb.xz,4
DEC-LIN/normalized-PB16/nossum/normalized-sha1-size160-round23-0.opb.xz,4
DEC-LIN/normalized-PB16/nossum/normalized-sha1-size160-round23-1.opb.xz,4
DEC-LIN/normalized-PB16/nossum/normalized-sha1-size160-round23-2.opb.xz,4
DEC-LIN/normalized-PB16/nossum/normalized-sha1-size160-round23-3.opb.xz,4
DEC-LIN/normalized-PB16/nossum/normalized-sha1-size160-round23-4.opb.xz,4
DEC-LIN/normalized-PB16/nossum/normalized-sha1-size160-round23-5.opb.xz,4
DEC-LIN/normalized-PB16/nossum/normalized-sha1-size160-round23-6.opb.xz,4
DEC-LIN/normalized-PB16/nossum/normalized-sha1-size160-round23-7.opb.xz,4
DEC-LIN/normalized-PB16/nossum/normalized-sha1-size160-round23-8.opb.xz,4
DEC-LIN/normalized-PB16/nossum/normalized-sha1-size160-round23-9.opb.xz,4
DEC-LIN/normalized-PB16/nossum/normalized-sha1-size80-round21-0.opb.xz,4
DEC-LIN/normalized-PB16/nossum/normalized-sha1-size80-round21-1.opb.xz,4
DEC-LIN/normalized-PB16/nossum/normalized-sha1-size80-round21-2.opb.xz,4
DEC-LIN/normalized-PB16/nossum/normalized-sha1-size80-round21-3.opb.xz,4
DEC-LIN/normalized-PB16/nossum/normalized-sha1-size80-round21-4.opb.xz,4
DEC-LIN/normalized-PB16/nossum/normalized-sha1-size80-round21-5.opb.xz,4
DEC-LIN/normalized-PB16/nossum/normalized-sha1-size80-round21-6.opb.xz,4
DEC-LIN/normalized-PB16/nossum/normalized-sha1-size80-round21-7.opb.xz,4
DEC-LIN/normalized-PB16/nossum/normalized-sha1-size80-round21-8.opb.xz,4
DEC-LIN/normalized-PB16/nossum/normalized-sha1-size80-round21-9.opb.xz,4
DEC-LIN/normalized-PB16/nossum/normalized-sha1-size80-round22-0.opb.xz,4
DEC-LIN/normalized-PB16/nossum/normalized-sha1-size80-round22-1.opb.xz,4
DEC-LIN/normalized-PB16/nossum/normalized-sha1-size80-round22-2.opb.xz,4
DEC-LIN/normalized-PB16/nossum/normalized-sha1-size80-round22-3.opb.xz,4
DEC-LIN/normalized-PB16/nossum/normalized-sha1-size80-round22-4.opb.xz,4
DEC-LIN/normalized-PB16/nossum/normalized-sha1-size80-round22-5.opb.xz,4
DEC-LIN/normalized-PB16/nossum/normalized-sha1-size80-round22-6.opb.xz,4
DEC-LIN/normalized-PB16/nossum/normalized-sha1-size80-round22-7.opb.xz,4
DEC-LIN/normalized-PB16/nossum/normalized-sha1-size80-round22-8.opb.xz,4
DEC-LIN/normalized-PB16/nossum/normalized-sha1-size80-round22-9.opb.xz,4
DEC-LIN/normalized-PB16/nossum/normalized-sha1-size80-round23-0.opb.xz,4
DEC-LIN/normalized-PB16/nossum/normalized-sha1-size80-round23-1.opb.xz,4
DEC-LIN/normalized-PB16/nossum/normalized-sha1-size80-round23-2.opb.xz,4
DEC-LIN/normalized-PB16/nossum/normalized-sha1-size80-round23-3.opb.xz,4
DEC-LIN/normalized-PB16/nossum/normalized-sha1-size80-round23-4.opb.xz,4
DEC-LIN/normalized-PB16/nossum/normalized-sha1-size80-round23-5.opb.xz,4
DEC-LIN/normalized-PB16/nossum/normalized-sha1-size80-round23-6.opb.xz,4
DEC-LIN/normalized-PB16/nossum/normalized-sha1-size80-round23-7.opb.xz,4
DEC-LIN/normalized-PB16/nossum/normalized-sha1-size80-round23-8.opb.xz,4
DEC-LIN/normalized-PB16/nossum/normalized-sha1-size80-round23-9.opb.xz,4
DEC-LIN/normalized-PB16/nossum/normalized-sha1-size96-round21-0.opb.xz,4
DEC-LIN/normalized-PB16/nossum/normalized-sha1-size96-round21-1.opb.xz,4
DEC-LIN/normalized-PB16/nossum/normalized-sha1-size96-round21-2.opb.xz,4
DEC-LIN/normalized-PB16/nossum/normalized-sha1-size96-round21-3.opb.xz,4
DEC-LIN/normalized-PB16/nossum/normalized-sha1-size96-round21-4.opb.xz,4
DEC-LIN/normalized-PB16/nossum/normalized-sha1-size96-round21-5.opb.xz,4
DEC-LIN/normalized-PB16/nossum/normalized-sha1-size96-round21-6.opb.xz,4
DEC-LIN/normalized-PB16/nossum/normalized-sha1-size96-round21-7.opb.xz,4
DEC-LIN/normalized-PB16/nossum/normalized-sha1-size96-round21-8.opb.xz,4
DEC-LIN/normalized-PB16/nossum/normalized-sha1-size96-round21-9.opb.xz,4
DEC-LIN/normalized-PB16/nossum/normalized-sha1-size96-round22-0.opb.xz,4
DEC-LIN/normalized-PB16/nossum/normalized-sha1-size96-round22-1.opb.xz,4
DEC-LIN/normalized-PB16/nossum/normalized-sha1-size96-round22-2.opb.xz,4
DEC-LIN/normalized-PB16/nossum/normalized-sha1-size96-round22-3.opb.xz,4
DEC-LIN/normalized-PB16/nossum/normalized-sha1-size96-round22-4.opb.xz,4
DEC-LIN/normalized-PB16/nossum/normalized-sha1-size96-round22-5.opb.xz,4
DEC-LIN/normalized-PB16/nossum/normalized-sha1-size96-round22-6.opb.xz,4
DEC-LIN/normalized-PB16/nossum/normalized-sha1-size96-round22-7.opb.xz,4
DEC-LIN/normalized-PB16/nossum/normalized-sha1-size96-round22-8.opb.xz,4
DEC-LIN/normalized-PB16/nossum/normalized-sha1-size96-round22-9.opb.xz,4
DEC-LIN/normalized-PB16/nossum/normalized-sha1-size96-round23-0.opb.xz,4
DEC-LIN/normalized-PB16/nossum/normalized-sha1-size96-round23-1.opb.xz,4
DEC-LIN/normalized-PB16/nossum/normalized-sha1-size96-round23-2.opb.xz,4
DEC-LIN/normalized-PB16/nossum/normalized-sha1-size96-round23-3.opb.xz,4
DEC-LIN/normalized-PB16/nossum/normalized-sha1-size96-round23-4.opb.xz,4
DEC-LIN/normalized-PB16/nossum/normalized-sha1-size96-round23-5.opb.xz,4
DEC-LIN/normalized-PB16/nossum/normalized-sha1-size96-round23-6.opb.xz,4
DEC-LIN/normalized-PB16/nossum/normalized-sha1-size96-round23-7.opb.xz,4
DEC-LIN/normalized-PB16/nossum/normalized-sha1-size96-round23-8.opb.xz,4
DEC-LIN/normalized-PB16/nossum/normalized-sha1-size96-round23-9.opb.xz,4
DEC-LIN/normalized-PB16/quimper/SyncCodes/d-equals-n_k/normalized-compression16_10.opb.xz,6
DEC-LIN/normalized-PB16/quimper/SyncCodes/d-equals-n_k/normalized-compression16_11.opb.xz,6
DEC-LIN/normalized-PB16/quimper/SyncCodes/d-equals-n_k/normalized-compression16_12.opb.xz,6
DEC-LIN/normalized-PB16/quimper/SyncCodes/d-equals-n_k/normalized-compression16_13.opb.xz,6
DEC-LIN/normalized-PB16/quimper/SyncCodes/d-equals-n_k/normalized-compression16_14.opb.xz,6
DEC-LIN/normalized-PB16/quimper/SyncCodes/d-equals-n_k/normalized-compression16_15.opb.xz,6
DEC-LIN/normalized-PB16/quimper/SyncCodes/d-equals-n_k/normalized-compression16_16.opb.xz,6
DEC-LIN/normalized-PB16/quimper/SyncCodes/d-equals-n_k/normalized-compression16_3.opb.xz,5
DEC-LIN/normalized-PB16/quimper/SyncCodes/d-equals-n_k/normalized-compression16_4.opb.xz,5
DEC-LIN/normalized-PB16/quimper/SyncCodes/d-equals-n_k/normalized-compression16_5.opb.xz,5
DEC-LIN/normalized-PB16/quimper/SyncCodes/d-equals-n_k/normalized-compression16_6.opb.xz,5
DEC-LIN/normalized-PB16/quimper/SyncCodes/d-equals-n_k/normalized-compression16_7.opb.xz,5
DEC-LIN/normalized-PB16/quimper/SyncCodes/d-equals-n_k/normalized-compression16_8.opb.xz,6
DEC-LIN/normalized-PB16/quimper/SyncCodes/d-equals-n_k/normalized-compression16_9.opb.xz,6
DEC-LIN/normalized-PB16/quimper/SyncCodes/d-equals-n_k/normalized-compression32_10.opb.xz,6
DEC-LIN/normalized-PB16/quimper/SyncCodes/d-equals-n_k/normalized-compression32_11.opb.xz,6
DEC-LIN/normalized-PB16/quimper/SyncCodes/d-equals-n_k/normalized-compression32_12.opb.xz,6
DEC-LIN/normalized-PB16/quimper/SyncCodes/d-equals-n_k/normalized-compression32_13.opb.xz,6
DEC-LIN/normalized-PB16/quimper/SyncCodes/d-equals-n_k/normalized-compression32_14.opb.xz,6
DEC-LIN/normalized-PB16/quimper/SyncCodes/d-equals-n_k/normalized-compression32_15.opb.xz,6
DEC-LIN/normalized-PB16/quimper/SyncCodes/d-equals-n_k/normalized-compression32_16.opb.xz,7
DEC-LIN/normalized-PB16/quimper/SyncCodes/d-equals-n_k/normalized-compression32_17.opb.xz,7
DEC-LIN/normalized-PB16/quimper/SyncCodes/d-equals-n_k/normalized-compression32_18.opb.xz,7
DEC-LIN/normalized-PB16/quimper/SyncCodes/d-equals-n_k/normalized-compression32_19.opb.xz,7
DEC-LIN/normalized-PB16/quimper/SyncCodes/d-equals-n_k/normalized-compression32_20.opb.xz,7
DEC-LIN/normalized-PB16/quimper/SyncCodes/d-equals-n_k/normalized-compression32_5.opb.xz,6
DEC-LIN/normalized-PB16/quimper/SyncCodes/d-equals-n_k/normalized-compression32_6.opb.xz,6
DEC-LIN/normalized-PB16/quimper/SyncCodes/d-equals-n_k/normalized-compression32_7.opb.xz,6
DEC-LIN/normalized-PB16/quimper/SyncCodes/d-equals-n_k/normalized-compression32_8.opb.xz,6
DEC-LIN/normalized-PB16/quimper/SyncCodes/d-equals-n_k/normalized-compression32_9.opb.xz,6
DEC-LIN/normalized-PB16/quimper/SyncCodes/d-equals-n_k/normalized-compression64_10.opb.xz,7
DEC-LIN/normalized-PB16/quimper/SyncCodes/d-equals-n_k/normalized-compression64_11.opb.xz,7
DEC-LIN/normalized-PB16/quimper/SyncCodes/d-equals-n_k/normalized-compression64_12.opb.xz,7
DEC-LIN/normalized-PB16/quimper/SyncCodes/d-equals-n_k/normalized-compression64_13.opb.xz,7
DEC-LIN/normalized-PB16/quimper/SyncCodes/d-equals-n_k/normalized-compression64_14.opb.xz,7
DEC-LIN/normalized-PB16/quimper/SyncCodes/d-equals-n_k/normalized-compression64_15.opb.xz,7
DEC-LIN/normalized-PB16/quimper/SyncCodes/d-equals-n_k/normalized-compression64_16.opb.xz,7
DEC-LIN/normalized-PB16/quimper/SyncCodes/d-equals-n_k/normalized-compression64_17.opb.xz,7
DEC-LIN/normalized-PB16/quimper/SyncCodes/d-equals-n_k/normalized-compression64_18.opb.xz,7
DEC-LIN/normalized-PB16/quimper/SyncCodes/d-equals-n_k/normalized-compression64_19.opb.xz,7
DEC-LIN/normalized-PB16/quimper/SyncCodes/d-equals-n_k/normalized-compression64_20.opb.xz,7
DEC-LIN/normalized-PB16/quimper/SyncCodes/d-equals-n_k/normalized-compression64_21.opb.xz,7
DEC-LIN/normalized-PB16/quimper/SyncCodes/d-equals-n_k/normalized-compression64_22.opb.xz,7
DEC-LIN/normalized-PB16/quimper/SyncCodes/d-equals-n_k/normalized-compression64_23.opb.xz,7
DEC-LIN/normalized-PB16/quimper/SyncCodes/d-equals-n_k/normalized-compression64_24.opb.xz,7
DEC-LIN/normalized-PB16/quimper/SyncCodes/d-equals-n_k/normalized-compression64_25.opb.xz,7
DEC-LIN/normalized-PB16/quimper/SyncCodes/d-equals-n_k/normalized-compression64_26.opb.xz,7
DEC-LIN/normalized-PB16/quimper/SyncCodes/d-equals-n_k/normalized-compression64_27.opb.xz,7
DEC-LIN/normalized-PB16/quimper/SyncCodes/d-equals-n_k/normalized-compression64_28.opb.xz,7
DEC-LIN/normalized-PB16/quimper/SyncCodes/d-equals-n_k/normalized-compression64_29.opb.xz,7
DEC-LIN/normalized-PB16/quimper/SyncCodes/d-equals-n_k/normalized-compression64_3.opb.xz,7
DEC-LIN/normalized-PB16/quimper/SyncCodes/d-equals-n_k/normalized-compression64_30.opb.xz,7
DEC-LIN/normalized-PB16/quimper/SyncCodes/d-equals-n_k/normalized-compression64_4.opb.xz,7
DEC-LIN/normalized-PB16/quimper/SyncCodes/d-equals-n_k/normalized-compression64_5.opb.xz,7
DEC-LIN/normalized-PB16/quimper/SyncCodes/d-equals-n_k/normalized-compression64_6.opb.xz,7
DEC-LIN/normalized-PB16/quimper/SyncCodes/d-equals-n_k/normalized-compression64_7.opb.xz,7
DEC-LIN/normalized-PB16/quimper/SyncCodes/d-equals-n_k/normalized-compression64_8.opb.xz,7
DEC-LIN/normalized-PB16/quimper/SyncCodes/d-equals-n_k/normalized-compression64_9.opb.xz,7
DEC-LIN/normalized-PB16/quimper/SyncCodes/d-equals-n_k/normalized-compression8_14.opb.xz,6
DEC-LIN/normalized-PB16/quimper/SyncCodes/d-equals-n_k/normalized-compression8_15.opb.xz,6
DEC-LIN/normalized-PB16/quimper/SyncCodes/d-equals-n_k/normalized-compression8_16.opb.xz,6
DEC-LIN/normalized-PB16/quimper/SyncCodes/d-equals-n_k/normalized-compression8_17.opb.xz,6
DEC-LIN/normalized-PB16/quimper/SyncCodes/d-equals-n_k/normalized-compression8_18.opb.xz,6
DEC-LIN/normalized-PB16/quimper/SyncCodes/d-equals-n_k/normalized-compression8_19.opb.xz,6
DEC-LIN/normalized-PB16/quimper/SyncCodes/d-equals-n_k/normalized-compression8_20.opb.xz,6
DEC-LIN/normalized-PB16/quimper/SyncCodes/d-equals-n_k/normalized-compression8_21.opb.xz,6
DEC-LIN/normalized-PB16/quimper/SyncCodes/d-equals-n_k/normalized-compression8_23.opb.xz,6
DEC-LIN/normalized-PB16/quimper/SyncCodes/d-equals-n_k/normalized-compression8_24.opb.xz,6
DEC-LIN/normalized-PB16/quimper/SyncCodes/d-equals-n_k/normalized-compression8_25.opb.xz,6
DEC-LIN/normalized-PB16/quimper/SyncCodes/d-equals-n_k/normalized-compression8_26.opb.xz,6
DEC-LIN/normalized-PB16/quimper/SyncCodes/d_n_k/normalized-2_3_0.opb.xz,3
DEC-LIN/normalized-PB16/quimper/SyncCodes/d_n_k/normalized-2_3_1.opb.xz,3
DEC-LIN/normalized-PB16/quimper/SyncCodes/d_n_k/normalized-2_3_2.opb.xz,3
DEC-LIN/normalized-PB16/quimper/SyncCodes/d_n_k/normalized-2_3_3.opb.xz,4
DEC-LIN/normalized-PB16/quimper/SyncCodes/d_n_k/normalized-2_3_4.opb.xz,4
DEC-LIN/normalized-PB16/quimper/SyncCodes/d_n_k/normalized-2_3_5.opb.xz,4
DEC-LIN/normalized-PB16/quimper/SyncCodes/d_n_k/normalized-2_3_6.opb.xz,4
DEC-LIN/normalized-PB16/quimper/SyncCodes/d_n_k/normalized-2_4_0.opb.xz,3
DEC-LIN/normalized-PB16/quimper/SyncCodes/d_n_k/normalized-2_4_1.opb.xz,3
DEC-LIN/normalized-PB16/quimper/SyncCodes/d_n_k/normalized-2_4_2.opb.xz,3
DEC-LIN/normalized-PB16/quimper/SyncCodes/d_n_k/normalized-2_4_3.opb.xz,4
DEC-LIN/normalized-PB16/quimper/SyncCodes/d_n_k/normalized-2_4_4.opb.xz,4
DEC-LIN/normalized-PB16/quimper/SyncCodes/d_n_k/normalized-2_4_5.opb.xz,4
DEC-LIN/normalized-PB16/quimper/SyncCodes/d_n_k/normalized-2_4_6.opb.xz,4
DEC-LIN/normalized-PB16/quimper/SyncCodes/d_n_k/normalized-2_5_0.opb.xz,3
DEC-LIN/normalized-PB16/quimper/SyncCodes/d_n_k/normalized-2_5_1.opb.xz,3
DEC-LIN/normalized-PB16/quimper/SyncCodes/d_n_k/normalized-2_5_2.opb.xz,3
DEC-LIN/normalized-PB16/quimper/SyncCodes/d_n_k/normalized-2_5_3.opb.xz,4
DEC-LIN/normalized-PB16/quimper/SyncCodes/d_n_k/normalized-2_6_0.opb.xz,3
DEC-LIN/normalized-PB16/quimper/SyncCodes/d_n_k/normalized-2_6_1.opb.xz,3
DEC-LIN/normalized-PB16/quimper/SyncCodes/d_n_k/normalized-2_6_2.opb.xz,3
DEC-LIN/normalized-PB16/quimper/SyncCodes/d_n_k/normalized-2_6_3.opb.xz,4
DEC-LIN/normalized-PB16/quimper/SyncCodes/d_n_k/normalized-2_7_0.opb.xz,4
DEC-LIN/normalized-PB16/quimper/SyncCodes/d_n_k/normalized-2_7_1.opb.xz,4
DEC-LIN/normalized-PB16/quimper/SyncCodes/d_n_k/normalized-2_7_2.opb.xz,4
DEC-LIN/normalized-PB16/quimper/SyncCodes/d_n_k/normalized-2_7_3.opb.xz,4
DEC-LIN/normalized-PB16/quimper/SyncCodes/d_n_k/normalized-3_4_0.opb.xz,3
DEC-LIN/normalized-PB16/quimper/SyncCodes/d_n_k/normalized-3_4_1.opb.xz,3
DEC-LIN/normalized-PB16/quimper/SyncCodes/d_n_k/normalized-3_4_10.opb.xz,5
DEC-LIN/normalized-PB16/quimper/SyncCodes/d_n_k/normalized-3_4_11.opb.xz,5
DEC-LIN/normalized-PB16/quimper/SyncCodes/d_n_k/normalized-3_4_12.opb.xz,5
DEC-LIN/normalized-PB16/quimper/SyncCodes/d_n_k/normalized-3_4_13.opb.xz,5
DEC-LIN/normalized-PB16/quimper/SyncCodes/d_n_k/normalized-3_4_2.opb.xz,3
DEC-LIN/normalized-PB16/quimper/SyncCodes/d_n_k/normalized-3_4_3.opb.xz,4
DEC-LIN/normalized-PB16/quimper/SyncCodes/d_n_k/normalized-3_4_4.opb.xz,4
DEC-LIN/normalized-PB16/quimper/SyncCodes/d_n_k/normalized-3_4_5.opb.xz,4
DEC-LIN/normalized-PB16/quimper/SyncCodes/d_n_k/normalized-3_4_6.opb.xz,4
DEC-LIN/normalized-PB16/quimper/SyncCodes/d_n_k/normalized-3_4_7.opb.xz,5
DEC-LIN/normalized-PB16/quimper/SyncCodes/d_n_k/normalized-3_4_8.opb.xz,5
DEC-LIN/normalized-PB16/quimper/SyncCodes/d_n_k/normalized-3_4_9.opb.xz,5
DEC-LIN/normalized-PB16/quimper/SyncCodes/d_n_k/normalized-3_5_0.opb.xz,3
DEC-LIN/normalized-PB16/quimper/SyncCodes/d_n_k/normalized-3_5_1.opb.xz,3
DEC-LIN/normalized-PB16/quimper/SyncCodes/d_n_k/normalized-3_5_10.opb.xz,5
DEC-LIN/normalized-PB16/quimper/SyncCodes/d_n_k/normalized-3_5_11.opb.xz,5
DEC-LIN/normalized-PB16/quimper/SyncCodes/d_n_k/normalized-3_5_12.opb.xz,5
DEC-LIN/normalized-PB16/quimper/SyncCodes/d_n_k/normalized-3_5_2.opb.xz,3
DEC-LIN/normalized-PB16/quimper/SyncCodes/d_n_k/normalized-3_5_3.opb.xz,4
DEC-LIN/normalized-PB16/quimper/SyncCodes/d_n_k/normalized-3_5_4.opb.xz,4
DEC-LIN/normalized-PB16/quimper/SyncCodes/d_n_k/normalized-3_5_5.opb.xz,4
DEC-LIN/normalized-PB16/quimper/SyncCodes/d_n_k/normalized-3_5_6.opb.xz,4
DEC-LIN/normalized-PB16/quimper/SyncCodes/d_n_k/normalized-3_5_7.opb.xz,5
DEC-LIN/normalized-PB16/quimper/SyncCodes/d_n_k/normalized-3_5_8.opb.xz,5
DEC-LIN/normalized-PB16/quimper/SyncCodes/d_n_k/normalized-3_5_9.opb.xz,5
DEC-LIN/normalized-PB16/quimper/SyncCodes/d_n_k/normalized-3_6_0.opb.xz,3
DEC-LIN/normalized-PB16/quimper/SyncCodes/d_n_k/normalized-3_6_1.opb.xz,3
DEC-LIN/normalized-PB16/quimper/SyncCodes/d_n_k/normalized-3_6_2.opb.xz,3
DEC-LIN/normalized-PB16/quimper/SyncCodes/d_n_k/normalized-3_6_3.opb.xz,4
DEC-LIN/normalized-PB16/quimper/SyncCodes/d_n_k/normalized-3_6_4.opb.xz,4
DEC-LIN/normalized-PB16/quimper/SyncCodes/d_n_k/normalized-3_6_5.opb.xz,4
DEC-LIN/normalized-PB16/quimper/SyncCodes/d_n_k/normalized-3_6_6.opb.xz,4
DEC-LIN/normalized-PB16/quimper/SyncCodes/d_n_k/normalized-3_7_0.opb.xz,4
DEC-LIN/normalized-PB16/quimper/SyncCodes/d_n_k/normalized-3_7_1.opb.xz,4
DEC-LIN/normalized-PB16/quimper/SyncCodes/d_n_k/normalized-3_7_2.opb.xz,4
DEC-LIN/normalized-PB16/quimper/SyncCodes/d_n_k/normalized-3_7_3.opb.xz,4
DEC-LIN/normalized-PB16/quimper/SyncCodes/d_n_k/normalized-3_7_4.opb.xz,4
DEC-LIN/normalized-PB16/quimper/SyncCodes/d_n_k/normalized-4_5_0.opb.xz,3
DEC-LIN/normalized-PB16/quimper/SyncCodes/d_n_k/normalized-4_5_1.opb.xz,3
DEC-LIN/normalized-PB16/quimper/SyncCodes/d_n_k/normalized-4_5_10.opb.xz,5
DEC-LIN/normalized-PB16/quimper/SyncCodes/d_n_k/normalized-4_5_11.opb.xz,5
DEC-LIN/normalized-PB16/quimper/SyncCodes/d_n_k/normalized-4_5_12.opb.xz,5
DEC-LIN/normalized-PB16/quimper/SyncCodes/d_n_k/normalized-4_5_13.opb.xz,5
DEC-LIN/normalized-PB16/quimper/SyncCodes/d_n_k/normalized-4_5_14.opb.xz,6
DEC-LIN/normalized-PB16/quimper/SyncCodes/d_n_k/normalized-4_5_15.opb.xz,6
DEC-LIN/normalized-PB16/quimper/SyncCodes/d_n_k/normalized-4_5_16.opb.xz,6
DEC-LIN/normalized-PB16/quimper/SyncCodes/d_n_k/normalized-4_5_17.opb.xz,6
DEC-LIN/normalized-PB16/quimper/SyncCodes/d_n_k/normalized-4_5_18.opb.xz,6
DEC-LIN/normalized-PB16/quimper/SyncCodes/d_n_k/normalized-4_5_19.opb.xz,6
DEC-LIN/normalized-PB16/quimper/SyncCodes/d_n_k/normalized-4_5_2.opb.xz,4
DEC-LIN/normalized-PB16/quimper/SyncCodes/d_n_k/normalized-4_5_20.opb.xz,6
DEC-LIN/normalized-PB16/quimper/SyncCodes/d_n_k/normalized-4_5_21.opb.xz,6
DEC-LIN/normalized-PB16/quimper/SyncCodes/d_n_k/normalized-4_5_22.opb.xz,6
DEC-LIN/normalized-PB16/quimper/SyncCodes/d_n_k/normalized-4_5_23.opb.xz,6
DEC-LIN/normalized-PB16/quimper/SyncCodes/d_n_k/normalized-4_5_24.opb.xz,6
DEC-LIN/normalized-PB16/quimper/SyncCodes/d_n_k/normalized-4_5_25.opb.xz,6
DEC-LIN/normalized-PB16/quimper/SyncCodes/d_n_k/normalized-4_5_26.opb.xz,6
DEC-LIN/normalized-PB16/quimper/SyncCodes/d_n_k/normalized-4_5_27.opb.xz,6
DEC-LIN/normalized-PB16/quimper/SyncCodes/d_n_k/normalized-4_5_28.opb.xz,6
DEC-LIN/normalized-PB16/quimper/SyncCodes/d_n_k/normalized-4_5_3.opb.xz,4
DEC-LIN/normalized-PB16/quimper/SyncCodes/d_n_k/normalized-4_5_4.opb.xz,4
DEC-LIN/normalized-PB16/quimper/SyncCodes/d_n_k/normalized-4_5_5.opb.xz,4
DEC-LIN/normalized-PB16/quimper/SyncCodes/d_n_k/normalized-4_5_6.opb.xz,5
DEC-LIN/normalized-PB16/quimper/SyncCodes/d_n_k/normalized-4_5_7.opb.xz,5
DEC-LIN/normalized-PB16/quimper/SyncCodes/d_n_k/normalized-4_5_8.opb.xz,5
DEC-LIN/normalized-PB16/quimper/SyncCodes/d_n_k/normalized-4_5_9.opb.xz,5
DEC-LIN/normalized-PB16/quimper/SyncCodes/d_n_k/normalized-4_6_0.opb.xz,3
DEC-LIN/normalized-PB16/quimper/SyncCodes/d_n_k/normalized-4_6_1.opb.xz,3
DEC-LIN/normalized-PB16/quimper/SyncCodes/d_n_k/normalized-4_6_2.opb.xz,4
DEC-LIN/normalized-PB16/quimper/SyncCodes/d_n_k/normalized-4_6_3.opb.xz,4
DEC-LIN/normalized-PB16/quimper/SyncCodes/d_n_k/normalized-4_6_4.opb.xz,4
DEC-LIN/normalized-PB16/quimper/SyncCodes/d_n_k/normalized-4_6_5.opb.xz,4
DEC-LIN/normalized-PB16/quimper/SyncCodes/d_n_k/normalized-4_6_6.opb.xz,5
DEC-LIN/normalized-PB16/quimper/SyncCodes/d_n_k/normalized-4_6_7.opb.xz,5
DEC-LIN/normalized-PB16/quimper/SyncCodes/d_n_k/normalized-4_6_8.opb.xz,5
DEC-LIN/normalized-PB16/quimper/SyncCodes/d_n_k/normalized-4_7_0.opb.xz,4
DEC-LIN/normalized-PB16/quimper/SyncCodes/d_n_k/normalized-4_7_1.opb.xz,4
DEC-LIN/normalized-PB16/quimper/SyncCodes/d_n_k/normalized-4_7_2.opb.xz,4
DEC-LIN/normalized-PB16/quimper/SyncCodes/d_n_k/normalized-4_7_3.opb.xz,4
DEC-LIN/normalized-PB16/quimper/SyncCodes/d_n_k/normalized-4_7_4.opb.xz,4
DEC-LIN/normalized-PB16/quimper/SyncCodes/d_n_k/normalized-4_7_5.opb.xz,4
DEC-LIN/normalized-PB16/quimper/SyncCodes/d_n_k/normalized-4_7_6.opb.xz,5
DEC-LIN/normalized-PB16/quimper/SyncCodes/d_n_k/normalized-4_7_7.opb.xz,5
DEC-LIN/normalized-PB16/quimper/SyncCodes/d_n_k/normalized-5_6_0.opb.xz,3
DEC-LIN/normalized-PB16/quimper/SyncCodes/d_n_k/normalized-5_6_1.opb.xz,3
DEC-LIN/normalized-PB16/quimper/SyncCodes/d_n_k/normalized-5_6_10.opb.xz,5
DEC-LIN/normalized-PB16/quimper/SyncCodes/d_n_k/normalized-5_6_11.opb.xz,5
DEC-LIN/normalized-PB16/quimper/SyncCodes/d_n_k/normalized-5_6_12.opb.xz,5
DEC-LIN/normalized-PB16/quimper/SyncCodes/d_n_k/normalized-5_6_13.opb.xz,5
DEC-LIN/normalized-PB16/quimper/SyncCodes/d_n_k/normalized-5_6_14.opb.xz,6
DEC-LIN/normalized-PB16/quimper/SyncCodes/d_n_k/normalized-5_6_15.opb.xz,6
DEC-LIN/normalized-PB16/quimper/SyncCodes/d_n_k/normalized-5_6_16.opb.xz,6
DEC-LIN/normalized-PB16/quimper/SyncCodes/d_n_k/normalized-5_6_17.opb.xz,6
DEC-LIN/normalized-PB16/quimper/SyncCodes/d_n_k/normalized-5_6_18.opb.xz,6
DEC-LIN/normalized-PB16/quimper/SyncCodes/d_n_k/normalized-5_6_19.opb.xz,6
DEC-LIN/normalized-PB16/quimper/SyncCodes/d_n_k/normalized-5_6_2.opb.xz,4
DEC-LIN/normalized-PB16/quimper/SyncCodes/d_n_k/normalized-5_6_20.opb.xz,6
DEC-LIN/normalized-PB16/quimper/SyncCodes/d_n_k/normalized-5_6_21.opb.xz,6
DEC-LIN/normalized-PB16/quimper/SyncCodes/d_n_k/normalized-5_6_22.opb.xz,6
DEC-LIN/normalized-PB16/quimper/SyncCodes/d_n_k/normalized-5_6_23.opb.xz,6
DEC-LIN/normalized-PB16/quimper/SyncCodes/d_n_k/normalized-5_6_24.opb.xz,6
DEC-LIN/normalized-PB16/quimper/SyncCodes/d_n_k/normalized-5_6_25.opb.xz,6
DEC-LIN/normalized-PB16/quimper/SyncCodes/d_n_k/normalized-5_6_26.opb.xz,6
DEC-LIN/normalized-PB16/quimper/SyncCodes/d_n_k/normalized-5_6_27.opb.xz,6
DEC-LIN/normalized-PB16/quimper/SyncCodes/d_n_k/normalized-5_6_28.opb.xz,6
DEC-LIN/normalized-PB16/quimper/SyncCodes/d_n_k/normalized-5_6_29.opb.xz,6
DEC-LIN/normalized-PB16/quimper/SyncCodes/d_n_k/normalized-5_6_3.opb.xz,4
DEC-LIN/normalized-PB16/quimper/SyncCodes/d_n_k/normalized-5_6_30.opb.xz,7
DEC-LIN/normalized-PB16/quimper/SyncCodes/d_n_k/normalized-5_6_31.opb.xz,7
DEC-LIN/normalized-PB16/quimper/SyncCodes/d_n_k/normalized-5_6_32.opb.xz,7
DEC-LIN/normalized-PB16/quimper/SyncCodes/d_n_k/normalized-5_6_33.opb.xz,7
DEC-LIN/normalized-PB16/quimper/SyncCodes/d_n_k/normalized-5_6_34.opb.xz,7
DEC-LIN/normalized-PB16/quimper/SyncCodes/d_n_k/normalized-5_6_35.opb.xz,7
DEC-LIN/normalized-PB16/quimper/SyncCodes/d_n_k/normalized-5_6_36.opb.xz,7
DEC-LIN/normalized-PB16/quimper/SyncCodes/d_n_k/normalized-5_6_37.opb.xz,7
DEC-LIN/normalized-PB16/quimper/SyncCodes/d_n_k/normalized-5_6_38.opb.xz,7
DEC-LIN/normalized-PB16/quimper/SyncCodes/d_n_k/normalized-5_6_4.opb.xz,4
DEC-LIN/normalized-PB16/quimper/SyncCodes/d_n_k/normalized-5_6_5.opb.xz,4
DEC-LIN/normalized-PB16/quimper/SyncCodes/d_n_k/normalized-5_6_6.opb.xz,5
DEC-LIN/normalized-PB16/quimper/SyncCodes/d_n_k/normalized-5_6_7.opb.xz,5
DEC-LIN/normalized-PB16/quimper/SyncCodes/d_n_k/normalized-5_6_8.opb.xz,5
DEC-LIN/normalized-PB16/quimper/SyncCodes/d_n_k/normalized-5_6_9.opb.xz,5
DEC-LIN/normalized-PB16/quimper/SyncCodes/d_n_k/normalized-5_7_0.opb.xz,4
DEC-LIN/normalized-PB16/quimper/SyncCodes/d_n_k/normalized-5_7_1.opb.xz,4
DEC-LIN/normalized-PB16/quimper/SyncCodes/d_n_k/normalized-5_7_2.opb.xz,4
DEC-LIN/normalized-PB16/quimper/SyncCodes/d_n_k/normalized-5_7_3.opb.xz,4
DEC-LIN/normalized-PB16/quimper/SyncCodes/d_n_k/normalized-5_7_4.opb.xz,4
DEC-LIN/normalized-PB16/quimper/SyncCodes/d_n_k/normalized-5_7_5.opb.xz,4
DEC-LIN/normalized-PB16/quimper/SyncCodes/d_n_k/normalized-5_7_6.opb.xz,5
DEC-LIN/normalized-PB16/quimper/SyncCodes/d_n_k/normalized-5_7_7.opb.xz,5
DEC-LIN/normalized-PB16/quimper/SyncCodes/d_n_k/normalized-5_7_8.opb.xz,5
DEC-LIN/normalized-PB16/quimper/SyncCodes/d_n_k/normalized-5_7_9.opb.xz,5
DEC-LIN/normalized-PB16/quimper/SyncCodes/d_n_k/normalized-6_6_10.opb.xz,5
DEC-LIN/normalized-PB16/quimper/SyncCodes/d_n_k/normalized-6_6_11.opb.xz,5
DEC-LIN/normalized-PB16/quimper/SyncCodes/d_n_k/normalized-6_6_12.opb.xz,5
DEC-LIN/normalized-PB16/quimper/SyncCodes/d_n_k/normalized-6_6_13.opb.xz,6
DEC-LIN/normalized-PB16/quimper/SyncCodes/d_n_k/normalized-6_6_14.opb.xz,6
DEC-LIN/normalized-PB16/quimper/SyncCodes/d_n_k/normalized-6_6_15.opb.xz,6
DEC-LIN/normalized-PB16/quimper/SyncCodes/d_n_k/normalized-6_6_16.opb.xz,6
DEC-LIN/normalized-PB16/quimper/SyncCodes/d_n_k/normalized-6_6_17.opb.xz,6
DEC-LIN/normalized-PB16/quimper/SyncCodes/d_n_k/normalized-6_6_18.opb.xz,6
DEC-LIN/normalized-PB16/quimper/SyncCodes/d_n_k/normalized-6_6_19.opb.xz,6
DEC-LIN/normalized-PB16/quimper/SyncCodes/d_n_k/normalized-6_6_2.opb.xz,4
DEC-LIN/normalized-PB16/quimper/SyncCodes/d_n_k/normalized-6_6_20.opb.xz,6
DEC-LIN/normalized-PB16/quimper/SyncCodes/d_n_k/normalized-6_6_21.opb.xz,6
DEC-LIN/normalized-PB16/quimper/SyncCodes/d_n_k/normalized-6_6_22.opb.xz,6
DEC-LIN/normalized-PB16/quimper/SyncCodes/d_n_k/normalized-6_6_23.opb.xz,6
DEC-LIN/normalized-PB16/quimper/SyncCodes/d_n_k/normalized-6_6_3.opb.xz,4
DEC-LIN/normalized-PB16/quimper/SyncCodes/d_n_k/normalized-6_6_30.opb.xz,7
DEC-LIN/normalized-PB16/quimper/SyncCodes/d_n_k/normalized-6_6_31.opb.xz,7
DEC-LIN/normalized-PB16/quimper/SyncCodes/d_n_k/normalized-6_6_32.opb.xz,7
DEC-LIN/normalized-PB16/quimper/SyncCodes/d_n_k/normalized-6_6_33.opb.xz,7
DEC-LIN/normalized-PB16/quimper/SyncCodes/d_n_k/normalized-6_6_34.opb.xz,7
DEC-LIN/normalized-PB16/quimper/SyncCodes/d_n_k/normalized-6_6_4.opb.xz,4
DEC-LIN/normalized-PB16/quimper/SyncCodes/d_n_k/normalized-6_6_5.opb.xz,5
DEC-LIN/normalized-PB16/quimper/SyncCodes/d_n_k/normalized-6_6_6.opb.xz,5
DEC-LIN/normalized-PB16/quimper/SyncCodes/d_n_k/normalized-6_6_7.opb.xz,5
DEC-LIN/normalized-PB16/quimper/SyncCodes/d_n_k/normalized-6_6_8.opb.xz,5
DEC-LIN/normalized-PB16/quimper/SyncCodes/d_n_k/normalized-6_6_9.opb.xz,5
DEC-LIN/normalized-PB16/quimper/SyncCodes/d_n_k/normalized-7_6_18.opb.xz,6
DEC-LIN/normalized-PB16/quimper/SyncCodes/d_n_k/normalized-7_6_19.opb.xz,6
DEC-LIN/normalized-PB16/quimper/SyncCodes/d_n_k/normalized-7_6_20.opb.xz,6
DEC-LIN/normalized-PB16/quimper/SyncCodes/d_n_k/normalized-7_6_21.opb.xz,6
DEC-LIN/normalized-PB16/quimper/SyncCodes/d_n_k/normalized-7_6_22.opb.xz,6
DEC-LIN/normalized-PB16/quimper/SyncCodes/d_n_k/normalized-7_6_23.opb.xz,6
DEC-LIN/normalized-PB16/quimper/SyncCodes/d_n_k/normalized-7_6_24.opb.xz,6
DEC-LIN/normalized-PB16/quimper/SyncCodes/d_n_k/normalized-7_6_25.opb.xz,6
DEC-LIN/normalized-PB16/quimper/SyncCodes/d_n_k/normalized-7_6_26.opb.xz,6
DEC-LIN/normalized-PB16/quimper/SyncCodes/d_n_k/normalized-7_6_27.opb.xz,6
DEC-LIN/normalized-PB16/quimper/SyncCodes/d_n_k/normalized-7_6_28.opb.xz,6
DEC-LIN/normalized-PB16/quimper/SyncCodes/d_n_k/normalized-7_6_29.opb.xz,7
DEC-LIN/normalized-PB16/quimper/SyncCodes/d_n_k/normalized-7_6_30.opb.xz,7
DEC-LIN/normalized-PB16/quimper/SyncCodes/d_n_k/normalized-7_7_0.opb.xz,4
DEC-LIN/normalized-PB16/quimper/SyncCodes/d_n_k/normalized-7_7_1.opb.xz,4
DEC-LIN/normalized-PB16/quimper/SyncCodes/d_n_k/normalized-7_7_10.opb.xz,5
DEC-LIN/normalized-PB16/quimper/SyncCodes/d_n_k/normalized-7_7_11.opb.xz,5
DEC-LIN/normalized-PB16/quimper/SyncCodes/d_n_k/normalized-7_7_12.opb.xz,5
DEC-LIN/normalized-PB16/quimper/SyncCodes/d_n_k/normalized-7_7_13.opb.xz,6
DEC-LIN/normalized-PB16/quimper/SyncCodes/d_n_k/normalized-7_7_14.opb.xz,6
DEC-LIN/normalized-PB16/quimper/SyncCodes/d_n_k/normalized-7_7_15.opb.xz,6
DEC-LIN/normalized-PB16/quimper/SyncCodes/d_n_k/normalized-7_7_16.opb.xz,6
DEC-LIN/normalized-PB16/quimper/SyncCodes/d_n_k/normalized-7_7_18.opb.xz,6
DEC-LIN/normalized-PB16/quimper/SyncCodes/d_n_k/normalized-7_7_2.opb.xz,4
DEC-LIN/normalized-PB16/quimper/SyncCodes/d_n_k/normalized-7_7_3.opb.xz,4
DEC-LIN/normalized-PB16/quimper/SyncCodes/d_n_k/normalized-7_7_4.opb.xz,4
DEC-LIN/normalized-PB16/quimper/SyncCodes/d_n_k/normalized-7_7_5.opb.xz,5
DEC-LIN/normalized-PB16/quimper/SyncCodes/d_n_k/normalized-7_7_6.opb.xz,5
DEC-LIN/normalized-PB16/quimper/SyncCodes/d_n_k/normalized-7_7_7.opb.xz,5
DEC-LIN/normalized-PB16/quimper/SyncCodes/d_n_k/normalized-7_7_8.opb.xz,5
DEC-LIN/normalized-PB16/quimper/SyncCodes/d_n_k/normalized-7_7_9.opb.xz,5
DEC-LIN/normalized-PB16/quimper/SyncCodes/d_n_k/normalized-8_6_18.opb.xz,6
DEC-LIN/normalized-PB16/quimper/SyncCodes/d_n_k/normalized-8_6_19.opb.xz,6
DEC-LIN/normalized-PB16/quimper/SyncCodes/d_n_k/normalized-8_6_20.opb.xz,6
DEC-LIN/normalized-PB16/quimper/SyncCodes/d_n_k/normalized-8_6_21.opb.xz,6
DEC-LIN/normalized-PB16/quimper/SyncCodes/d_n_k/normalized-8_6_22.opb.xz,6
DEC-LIN/normalized-PB16/quimper/SyncCodes/d_n_k/normalized-8_6_23.opb.xz,6
DEC-LIN/normalized-PB16/quimper/SyncCodes/d_n_k/normalized-8_6_24.opb.xz,6
DEC-LIN/normalized-PB16/quimper/SyncCodes/d_n_k/normalized-8_6_25.opb.xz,6
DEC-LIN/normalized-PB16/quimper/SyncCodes/d_n_k/normalized-8_6_26.opb.xz,6
DEC-LIN/normalized-PB16/quimper/SyncCodes/d_n_k/normalized-8_6_27.opb.xz,6
DEC-LIN/normalized-PB16/quimper/SyncCodes/d_n_k/normalized-8_6_28.opb.xz,7
DEC-LIN/normalized-PB16/quimper/SyncCodes/d_n_k/normalized-8_6_29.opb.xz,7
DEC-LIN/normalized-PB16/quimper/SyncCodes/d_n_k/normalized-8_6_30.opb.xz,7
DEC-LIN/normalized-PB16/quimper/SyncCodes/d_n_k/normalized-8_7_18.opb.xz,6
DEC-LIN/normalized-PB16/quimper/SyncCodes/d_n_k/normalized-8_7_19.opb.xz,6
DEC-LIN/normalized-PB16/quimper/SyncCodes/d_n_k/normalized-8_7_20.opb.xz,6
