path,intsize
OPT-LIN/normalized-PB26/devriendt/tsplib/normalized-a280.opb.xz,24
OPT-LIN/normalized-PB26/devriendt/tsplib/normalized-att48.opb.xz,22
OPT-LIN/normalized-PB26/devriendt/tsplib/normalized-bayg29.opb.xz,18
OPT-LIN/normalized-PB26/devriendt/tsplib/normalized-bays29.opb.xz,18
OPT-LIN/normalized-PB26/devriendt/tsplib/normalized-berlin52.opb.xz,21
OPT-LIN/normalized-PB26/devriendt/tsplib/normalized-bier127.opb.xz,27
OPT-LIN/normalized-PB26/devriendt/tsplib/normalized-brazil58.opb.xz,23
OPT-LIN/normalized-PB26/devriendt/tsplib/normalized-brg180.opb.xz,24
OPT-LIN/normalized-PB26/devriendt/tsplib/normalized-burma14.opb.xz,17
OPT-LIN/normalized-PB26/devriendt/tsplib/normalized-ch130.opb.xz,23
OPT-LIN/normalized-PB26/devriendt/tsplib/normalized-ch150.opb.xz,23
OPT-LIN/normalized-PB26/devriendt/tsplib/normalized-d198.opb.xz,26
OPT-LIN/normalized-PB26/devriendt/tsplib/normalized-dantzig42.opb.xz,17
OPT-LIN/normalized-PB26/devriendt/tsplib/normalized-eil101.opb.xz,19
OPT-LIN/normalized-PB26/devriendt/tsplib/normalized-eil51.opb.xz,17
OPT-LIN/normalized-PB26/devriendt/tsplib/normalized-eil76.opb.xz,18
OPT-LIN/normalized-PB26/devriendt/tsplib/normalized-fri26.opb.xz,17
OPT-LIN/normalized-PB26/devriendt/tsplib/normalized-gil262.opb.xz,23
OPT-LIN/normalized-PB26/devriendt/tsplib/normalized-gr120.opb.xz,23
OPT-LIN/normalized-PB26/devriendt/tsplib/normalized-gr137.opb.xz,27
OPT-LIN/normalized-PB26/devriendt/tsplib/normalized-gr17.opb.xz,17
OPT-LIN/normalized-PB26/devriendt/tsplib/normalized-gr202.opb.xz,26
OPT-LIN/normalized-PB26/devriendt/tsplib/normalized-gr21.opb.xz,18
OPT-LIN/normalized-PB26/devriendt/tsplib/normalized-gr229.opb.xz,29
OPT-LIN/normalized-PB26/devriendt/tsplib/normalized-gr24.opb.xz,17
OPT-LIN/normalized-PB26/devriendt/tsplib/normalized-gr48.opb.xz,20
OPT-LIN/normalized-PB26/devriendt/tsplib/normalized-gr96.opb.xz,26
OPT-LIN/normalized-PB26/devriendt/tsplib/normalized-hk48.opb.xz,22
OPT-LIN/normalized-PB26/devriendt/tsplib/normalized-kroA100.opb.xz,25
OPT-LIN/normalized-PB26/devriendt/tsplib/normalized-kroA150.opb.xz,26
OPT-LIN/normalized-PB26/devriendt/tsplib/normalized-kroA200.opb.xz,27
OPT-LIN/normalized-PB26/devriendt/tsplib/normalized-kroB100.opb.xz,24
OPT-LIN/normalized-PB26/devriendt/tsplib/normalized-kroB150.opb.xz,26
OPT-LIN/normalized-PB26/devriendt/tsplib/normalized-kroB200.opb.xz,26
OPT-LIN/normalized-PB26/devriendt/tsplib/normalized-kroC100.opb.xz,25
OPT-LIN/normalized-PB26/devriendt/tsplib/normalized-kroD100.opb.xz,24
OPT-LIN/normalized-PB26/devriendt/tsplib/normalized-kroE100.opb.xz,25
OPT-LIN/normalized-PB26/devriendt/tsplib/normalized-lin105.opb.xz,24
OPT-LIN/normalized-PB26/devriendt/tsplib/normalized-pr107.opb.xz,26
OPT-LIN/normalized-PB26/devriendt/tsplib/normalized-pr124.opb.xz,27
OPT-LIN/normalized-PB26/devriendt/tsplib/normalized-pr136.opb.xz,27
OPT-LIN/normalized-PB26/devriendt/tsplib/normalized-pr144.opb.xz,27
OPT-LIN/normalized-PB26/devriendt/tsplib/normalized-pr152.opb.xz,28
OPT-LIN/normalized-PB26/devriendt/tsplib/normalized-pr226.opb.xz,29
OPT-LIN/normalized-PB26/devriendt/tsplib/normalized-pr264.opb.xz,29
OPT-LIN/normalized-PB26/devriendt/tsplib/normalized-pr299.opb.xz,28
OPT-LIN/normalized-PB26/devriendt/tsplib/normalized-pr76.opb.xz,26
OPT-LIN/normalized-PB26/devriendt/tsplib/normalized-rat195.opb.xz,23
OPT-LIN/normalized-PB26/devriendt/tsplib/normalized-rat99.opb.xz,20
OPT-LIN/normalized-PB26/devriendt/tsplib/normalized-rd100.opb.xz,23
OPT-LIN/normalized-PB26/devriendt/tsplib/normalized-si175.opb.xz,23
OPT-LIN/normalized-PB26/devriendt/tsplib/normalized-st70.opb.xz,18
OPT-LIN/normalized-PB26/devriendt/tsplib/normalized-swiss42.opb.xz,18
OPT-LIN/normalized-PB26/devriendt/tsplib/normalized-ts225.opb.xz,29
OPT-LIN/normalized-PB26/devriendt/tsplib/normalized-tsp225.opb.xz,24
OPT-LIN/normalized-PB26/devriendt/tsplib/normalized-u159.opb.xz,27
OPT-LIN/normalized-PB26/devriendt/tsplib/normalized-ulysses16.opb.xz,18
OPT-LIN/normalized-PB26/devriendt/tsplib/normalized-ulysses22.opb.xz,19
OPT-LIN/normalized-PB26/sergeys/CPMpy_translated_dataset_PB26/jsplib/normalized-abz5.opb.xz,15
OPT-LIN/normalized-PB26/sergeys/CPMpy_translated_dataset_PB26/jsplib/normalized-abz6.opb.xz,15
OPT-LIN/normalized-PB26/sergeys/CPMpy_translated_dataset_PB26/jsplib/normalized-abz7.opb.xz,15
OPT-LIN/normalized-PB26/sergeys/CPMpy_translated_dataset_PB26/jsplib/normalized-abz8.opb.xz,15
OPT-LIN/normalized-PB26/sergeys/CPMpy_translated_dataset_PB26/jsplib/normalized-abz9.opb.xz,15
OPT-LIN/normalized-PB26/sergeys/CPMpy_translated_dataset_PB26/jsplib/normalized-ft06.opb.xz,10
OPT-LIN/normalized-PB26/sergeys/CPMpy_translated_dataset_PB26/jsplib/normalized-ft10.opb.xz,15
OPT-LIN/normalized-PB26/sergeys/CPMpy_translated_dataset_PB26/jsplib/normalized-ft20.opb.xz,15
OPT-LIN/normalized-PB26/sergeys/CPMpy_translated_dataset_PB26/jsplib/normalized-la01.opb.xz,14
OPT-LIN/normalized-PB26/sergeys/CPMpy_translated_dataset_PB26/jsplib/normalized-la02.opb.xz,14
OPT-LIN/normalized-PB26/sergeys/CPMpy_translated_dataset_PB26/jsplib/normalized-la03.opb.xz,14
OPT-LIN/normalized-PB26/sergeys/CPMpy_translated_dataset_PB26/jsplib/normalized-la04.opb.xz,14
OPT-LIN/normalized-PB26/sergeys/CPMpy_translated_dataset_PB26/jsplib/normalized-la05.opb.xz,14
OPT-LIN/normalized-PB26/sergeys/CPMpy_translated_dataset_PB26/jsplib/normalized-la06.opb.xz,14
OPT-LIN/normalized-PB26/sergeys/CPMpy_translated_dataset_PB26/jsplib/normalized-la07.opb.xz,14
OPT-LIN/normalized-PB26/sergeys/CPMpy_translated_dataset_PB26/jsplib/normalized-la08.opb.xz,14
OPT-LIN/normalized-PB26/sergeys/CPMpy_translated_dataset_PB26/jsplib/normalized-la09.opb.xz,15
OPT-LIN/normalized-PB26/sergeys/CPMpy_translated_dataset_PB26/jsplib/normalized-la10.opb.xz,14
OPT-LIN/normalized-PB26/sergeys/CPMpy_translated_dataset_PB26/jsplib/normalized-la11.opb.xz,15
OPT-LIN/normalized-PB26/sergeys/CPMpy_translated_dataset_PB26/jsplib/normalized-la12.opb.xz,15
OPT-LIN/normalized-PB26/sergeys/CPMpy_translated_dataset_PB26/jsplib/normalized-la13.opb.xz,15
OPT-LIN/normalized-PB26/sergeys/CPMpy_translated_dataset_PB26/jsplib/normalized-la14.opb.xz,15
OPT-LIN/normalized-PB26/sergeys/CPMpy_translated_dataset_PB26/jsplib/normalized-la15.opb.xz,15
OPT-LIN/normalized-PB26/sergeys/CPMpy_translated_dataset_PB26/jsplib/normalized-la16.opb.xz,15
OPT-LIN/normalized-PB26/sergeys/CPMpy_translated_dataset_PB26/jsplib/normalized-la17.opb.xz,15
OPT-LIN/normalized-PB26/sergeys/CPMpy_translated_dataset_PB26/jsplib/normalized-la18.opb.xz,15
OPT-LIN/normalized-PB26/sergeys/CPMpy_translated_dataset_PB26/jsplib/normalized-la19.opb.xz,15
OPT-LIN/normalized-PB26/sergeys/CPMpy_translated_dataset_PB26/jsplib/normalized-la20.opb.xz,15
OPT-LIN/normalized-PB26/sergeys/CPMpy_translated_dataset_PB26/jsplib/normalized-la21.opb.xz,15
OPT-LIN/normalized-PB26/sergeys/CPMpy_translated_dataset_PB26/jsplib/normalized-la22.opb.xz,15
OPT-LIN/normalized-PB26/sergeys/CPMpy_translated_dataset_PB26/jsplib/normalized-la23.opb.xz,15
OPT-LIN/normalized-PB26/sergeys/CPMpy_translated_dataset_PB26/jsplib/normalized-la24.opb.xz,15
OPT-LIN/normalized-PB26/sergeys/CPMpy_translated_dataset_PB26/jsplib/normalized-la25.opb.xz,15
OPT-LIN/normalized-PB26/sergeys/CPMpy_translated_dataset_PB26/jsplib/normalized-la26.opb.xz,16
OPT-LIN/normalized-PB26/sergeys/CPMpy_translated_dataset_PB26/jsplib/normalized-la27.opb.xz,16
OPT-LIN/normalized-PB26/sergeys/CPMpy_translated_dataset_PB26/jsplib/normalized-la28.opb.xz,16
OPT-LIN/normalized-PB26/sergeys/CPMpy_translated_dataset_PB26/jsplib/normalized-la29.opb.xz,16
OPT-LIN/normalized-PB26/sergeys/CPMpy_translated_dataset_PB26/jsplib/normalized-la30.opb.xz,16
OPT-LIN/normalized-PB26/sergeys/CPMpy_translated_dataset_PB26/jsplib/normalized-la31.opb.xz,16
OPT-LIN/normalized-PB26/sergeys/CPMpy_translated_dataset_PB26/jsplib/normalized-la32.opb.xz,17
OPT-LIN/normalized-PB26/sergeys/CPMpy_translated_dataset_PB26/jsplib/normalized-la33.opb.xz,16
OPT-LIN/normalized-PB26/sergeys/CPMpy_translated_dataset_PB26/jsplib/normalized-la34.opb.xz,16
OPT-LIN/normalized-PB26/sergeys/CPMpy_translated_dataset_PB26/jsplib/normalized-la35.opb.xz,16
OPT-LIN/normalized-PB26/sergeys/CPMpy_translated_dataset_PB26/jsplib/normalized-la36.opb.xz,16
OPT-LIN/normalized-PB26/sergeys/CPMpy_translated_dataset_PB26/jsplib/normalized-la37.opb.xz,16
OPT-LIN/normalized-PB26/sergeys/CPMpy_translated_dataset_PB26/jsplib/normalized-la38.opb.xz,16
OPT-LIN/normalized-PB26/sergeys/CPMpy_translated_dataset_PB26/jsplib/normalized-la39.opb.xz,16
OPT-LIN/normalized-PB26/sergeys/CPMpy_translated_dataset_PB26/jsplib/normalized-la40.opb.xz,16
OPT-LIN/normalized-PB26/sergeys/CPMpy_translated_dataset_PB26/jsplib/normalized-orb01.opb.xz,15
OPT-LIN/normalized-PB26/sergeys/CPMpy_translated_dataset_PB26/jsplib/normalized-orb02.opb.xz,15
OPT-LIN/normalized-PB26/sergeys/CPMpy_translated_dataset_PB26/jsplib/normalized-orb03.opb.xz,15
OPT-LIN/normalized-PB26/sergeys/CPMpy_translated_dataset_PB26/jsplib/normalized-orb04.opb.xz,15
OPT-LIN/normalized-PB26/sergeys/CPMpy_translated_dataset_PB26/jsplib/normalized-orb05.opb.xz,15
OPT-LIN/normalized-PB26/sergeys/CPMpy_translated_dataset_PB26/jsplib/normalized-orb06.opb.xz,15
OPT-LIN/normalized-PB26/sergeys/CPMpy_translated_dataset_PB26/jsplib/normalized-orb07.opb.xz,14
OPT-LIN/normalized-PB26/sergeys/CPMpy_translated_dataset_PB26/jsplib/normalized-orb08.opb.xz,15
OPT-LIN/normalized-PB26/sergeys/CPMpy_translated_dataset_PB26/jsplib/normalized-orb09.opb.xz,15
OPT-LIN/normalized-PB26/sergeys/CPMpy_translated_dataset_PB26/jsplib/normalized-orb10.opb.xz,15
OPT-LIN/normalized-PB26/sergeys/CPMpy_translated_dataset_PB26/jsplib/normalized-swv01.opb.xz,16
OPT-LIN/normalized-PB26/sergeys/CPMpy_translated_dataset_PB26/jsplib/normalized-swv02.opb.xz,16
OPT-LIN/normalized-PB26/sergeys/CPMpy_translated_dataset_PB26/jsplib/normalized-swv03.opb.xz,16
OPT-LIN/normalized-PB26/sergeys/CPMpy_translated_dataset_PB26/jsplib/normalized-swv04.opb.xz,16
OPT-LIN/normalized-PB26/sergeys/CPMpy_translated_dataset_PB26/jsplib/normalized-swv05.opb.xz,16
OPT-LIN/normalized-PB26/sergeys/CPMpy_translated_dataset_PB26/jsplib/normalized-swv06.opb.xz,16
OPT-LIN/normalized-PB26/sergeys/CPMpy_translated_dataset_PB26/jsplib/normalized-swv07.opb.xz,16
OPT-LIN/normalized-PB26/sergeys/CPMpy_translated_dataset_PB26/jsplib/normalized-swv08.opb.xz,16
OPT-LIN/normalized-PB26/sergeys/CPMpy_translated_dataset_PB26/jsplib/normalized-swv09.opb.xz,16
OPT-LIN/normalized-PB26/sergeys/CPMpy_translated_dataset_PB26/jsplib/normalized-swv10.opb.xz,16
OPT-LIN/normalized-PB26/sergeys/CPMpy_translated_dataset_PB26/jsplib/normalized-swv11.opb.xz,17
OPT-LIN/normalized-PB26/sergeys/CPMpy_translated_dataset_PB26/jsplib/normalized-swv12.opb.xz,17
OPT-LIN/normalized-PB26/sergeys/CPMpy_translated_dataset_PB26/jsplib/normalized-swv13.opb.xz,17
OPT-LIN/normalized-PB26/sergeys/CPMpy_translated_dataset_PB26/jsplib/normalized-swv14.opb.xz,17
OPT-LIN/normalized-PB26/sergeys/CPMpy_translated_dataset_PB26/jsplib/normalized-swv15.opb.xz,17
OPT-LIN/normalized-PB26/sergeys/CPMpy_translated_dataset_PB26/jsplib/normalized-swv16.opb.xz,17
OPT-LIN/normalized-PB26/sergeys/CPMpy_translated_dataset_PB26/jsplib/normalized-swv17.opb.xz,17
OPT-LIN/normalized-PB26/sergeys/CPMpy_translated_dataset_PB26/jsplib/normalized-swv18.opb.xz,17
OPT-LIN/normalized-PB26/sergeys/CPMpy_translated_dataset_PB26/jsplib/normalized-swv19.opb.xz,17
OPT-LIN/normalized-PB26/sergeys/CPMpy_translated_dataset_PB26/jsplib/normalized-swv20.opb.xz,17
OPT-LIN/normalized-PB26/sergeys/CPMpy_translated_dataset_PB26/jsplib/normalized-ta01.opb.xz,16
OPT-LIN/normalized-PB26/sergeys/CPMpy_translated_dataset_PB26/jsplib/normalized-ta02.opb.xz,16
OPT-LIN/normalized-PB26/sergeys/CPMpy_translated_dataset_PB26/jsplib/normalized-ta03.opb.xz,16
OPT-LIN/normalized-PB26/sergeys/CPMpy_translated_dataset_PB26/jsplib/normalized-ta04.opb.xz,16
OPT-LIN/normalized-PB26/sergeys/CPMpy_translated_dataset_PB26/jsplib/normalized-ta05.opb.xz,16
OPT-LIN/normalized-PB26/sergeys/CPMpy_translated_dataset_PB26/jsplib/normalized-ta06.opb.xz,16
OPT-LIN/normalized-PB26/sergeys/CPMpy_translated_dataset_PB26/jsplib/normalized-ta07.opb.xz,16
OPT-LIN/normalized-PB26/sergeys/CPMpy_translated_dataset_PB26/jsplib/normalized-ta08.opb.xz,16
OPT-LIN/normalized-PB26/sergeys/CPMpy_translated_dataset_PB26/jsplib/normalized-ta09.opb.xz,16
OPT-LIN/normalized-PB26/sergeys/CPMpy_translated_dataset_PB26/jsplib/normalized-ta10.opb.xz,16
OPT-LIN/normalized-PB26/sergeys/CPMpy_translated_dataset_PB26/jsplib/normalized-ta11.opb.xz,16
OPT-LIN/normalized-PB26/sergeys/CPMpy_translated_dataset_PB26/jsplib/normalized-ta12.opb.xz,16
OPT-LIN/normalized-PB26/sergeys/CPMpy_translated_dataset_PB26/jsplib/normalized-ta13.opb.xz,16
OPT-LIN/normalized-PB26/sergeys/CPMpy_translated_dataset_PB26/jsplib/normalized-ta14.opb.xz,16
OPT-LIN/normalized-PB26/sergeys/CPMpy_translated_dataset_PB26/jsplib/normalized-ta15.opb.xz,16
OPT-LIN/normalized-PB26/sergeys/CPMpy_translated_dataset_PB26/jsplib/normalized-ta16.opb.xz,16
OPT-LIN/normalized-PB26/sergeys/CPMpy_translated_dataset_PB26/jsplib/normalized-ta17.opb.xz,16
OPT-LIN/normalized-PB26/sergeys/CPMpy_translated_dataset_PB26/jsplib/normalized-ta18.opb.xz,16
OPT-LIN/normalized-PB26/sergeys/CPMpy_translated_dataset_PB26/jsplib/normalized-ta19.opb.xz,16
OPT-LIN/normalized-PB26/sergeys/CPMpy_translated_dataset_PB26/jsplib/normalized-ta20.opb.xz,16
OPT-LIN/normalized-PB26/sergeys/CPMpy_translated_dataset_PB26/jsplib/normalized-ta21.opb.xz,17
OPT-LIN/normalized-PB26/sergeys/CPMpy_translated_dataset_PB26/jsplib/normalized-ta22.opb.xz,17
OPT-LIN/normalized-PB26/sergeys/CPMpy_translated_dataset_PB26/jsplib/normalized-ta23.opb.xz,17
OPT-LIN/normalized-PB26/sergeys/CPMpy_translated_dataset_PB26/jsplib/normalized-ta24.opb.xz,17
OPT-LIN/normalized-PB26/sergeys/CPMpy_translated_dataset_PB26/jsplib/normalized-ta25.opb.xz,17
OPT-LIN/normalized-PB26/sergeys/CPMpy_translated_dataset_PB26/jsplib/normalized-ta26.opb.xz,17
OPT-LIN/normalized-PB26/sergeys/CPMpy_translated_dataset_PB26/jsplib/normalized-ta27.opb.xz,17
OPT-LIN/normalized-PB26/sergeys/CPMpy_translated_dataset_PB26/jsplib/normalized-ta28.opb.xz,17
OPT-LIN/normalized-PB26/sergeys/CPMpy_translated_dataset_PB26/jsplib/normalized-ta29.opb.xz,17
OPT-LIN/normalized-PB26/sergeys/CPMpy_translated_dataset_PB26/jsplib/normalized-ta30.opb.xz,17
OPT-LIN/normalized-PB26/sergeys/CPMpy_translated_dataset_PB26/jsplib/normalized-ta31.opb.xz,17
OPT-LIN/normalized-PB26/sergeys/CPMpy_translated_dataset_PB26/jsplib/normalized-ta32.opb.xz,17
OPT-LIN/normalized-PB26/sergeys/CPMpy_translated_dataset_PB26/jsplib/normalized-ta33.opb.xz,17
OPT-LIN/normalized-PB26/sergeys/CPMpy_translated_dataset_PB26/jsplib/normalized-ta34.opb.xz,17
OPT-LIN/normalized-PB26/sergeys/CPMpy_translated_dataset_PB26/jsplib/normalized-ta35.opb.xz,17
OPT-LIN/normalized-PB26/sergeys/CPMpy_translated_dataset_PB26/jsplib/normalized-ta36.opb.xz,17
OPT-LIN/normalized-PB26/sergeys/CPMpy_translated_dataset_PB26/jsplib/normalized-ta37.opb.xz,17
OPT-LIN/normalized-PB26/sergeys/CPMpy_translated_dataset_PB26/jsplib/normalized-ta38.opb.xz,17
OPT-LIN/normalized-PB26/sergeys/CPMpy_translated_dataset_PB26/jsplib/normalized-ta39.opb.xz,17
OPT-LIN/normalized-PB26/sergeys/CPMpy_translated_dataset_PB26/jsplib/normalized-ta40.opb.xz,17
OPT-LIN/normalized-PB26/sergeys/CPMpy_translated_dataset_PB26/jsplib/normalized-ta41.opb.xz,17
OPT-LIN/normalized-PB26/sergeys/CPMpy_translated_dataset_PB26/jsplib/normalized-ta42.opb.xz,17
OPT-LIN/normalized-PB26/sergeys/CPMpy_translated_dataset_PB26/jsplib/normalized-ta43.opb.xz,17
OPT-LIN/normalized-PB26/sergeys/CPMpy_translated_dataset_PB26/jsplib/normalized-ta44.opb.xz,17
OPT-LIN/normalized-PB26/sergeys/CPMpy_translated_dataset_PB26/jsplib/normalized-ta45.opb.xz,17
OPT-LIN/normalized-PB26/sergeys/CPMpy_translated_dataset_PB26/jsplib/normalized-ta46.opb.xz,17
OPT-LIN/normalized-PB26/sergeys/CPMpy_translated_dataset_PB26/jsplib/normalized-ta47.opb.xz,17
OPT-LIN/normalized-PB26/sergeys/CPMpy_translated_dataset_PB26/jsplib/normalized-ta48.opb.xz,17
OPT-LIN/normalized-PB26/sergeys/CPMpy_translated_dataset_PB26/jsplib/normalized-ta49.opb.xz,17
OPT-LIN/normalized-PB26/sergeys/CPMpy_translated_dataset_PB26/jsplib/normalized-ta50.opb.xz,17
OPT-LIN/normalized-PB26/sergeys/CPMpy_translated_dataset_PB26/jsplib/normalized-ta51.opb.xz,18
OPT-LIN/normalized-PB26/sergeys/CPMpy_translated_dataset_PB26/jsplib/normalized-ta52.opb.xz,18
OPT-LIN/normalized-PB26/sergeys/CPMpy_translated_dataset_PB26/jsplib/normalized-ta53.opb.xz,18
OPT-LIN/normalized-PB26/sergeys/CPMpy_translated_dataset_PB26/jsplib/normalized-ta54.opb.xz,18
OPT-LIN/normalized-PB26/sergeys/CPMpy_translated_dataset_PB26/jsplib/normalized-ta55.opb.xz,18
OPT-LIN/normalized-PB26/sergeys/CPMpy_translated_dataset_PB26/jsplib/normalized-ta56.opb.xz,18
OPT-LIN/normalized-PB26/sergeys/CPMpy_translated_dataset_PB26/jsplib/normalized-ta57.opb.xz,18
OPT-LIN/normalized-PB26/sergeys/CPMpy_translated_dataset_PB26/jsplib/normalized-ta58.opb.xz,18
OPT-LIN/normalized-PB26/sergeys/CPMpy_translated_dataset_PB26/jsplib/normalized-ta59.opb.xz,18
OPT-LIN/normalized-PB26/sergeys/CPMpy_translated_dataset_PB26/jsplib/normalized-ta60.opb.xz,18
OPT-LIN/normalized-PB26/sergeys/CPMpy_translated_dataset_PB26/jsplib/normalized-ta61.opb.xz,18
OPT-LIN/normalized-PB26/sergeys/CPMpy_translated_dataset_PB26/jsplib/normalized-ta62.opb.xz,18
OPT-LIN/normalized-PB26/sergeys/CPMpy_translated_dataset_PB26/jsplib/normalized-ta63.opb.xz,18
OPT-LIN/normalized-PB26/sergeys/CPMpy_translated_dataset_PB26/jsplib/normalized-ta64.opb.xz,18
OPT-LIN/normalized-PB26/sergeys/CPMpy_translated_dataset_PB26/jsplib/normalized-ta65.opb.xz,18
OPT-LIN/normalized-PB26/sergeys/CPMpy_translated_dataset_PB26/jsplib/normalized-ta66.opb.xz,18
OPT-LIN/normalized-PB26/sergeys/CPMpy_translated_dataset_PB26/jsplib/normalized-ta67.opb.xz,18
OPT-LIN/normalized-PB26/sergeys/CPMpy_translated_dataset_PB26/jsplib/normalized-ta68.opb.xz,18
OPT-LIN/normalized-PB26/sergeys/CPMpy_translated_dataset_PB26/jsplib/normalized-ta69.opb.xz,18
OPT-LIN/normalized-PB26/sergeys/CPMpy_translated_dataset_PB26/jsplib/normalized-ta70.opb.xz,18
OPT-LIN/normalized-PB26/sergeys/CPMpy_translated_dataset_PB26/jsplib/normalized-ta71.opb.xz,19
OPT-LIN/normalized-PB26/sergeys/CPMpy_translated_dataset_PB26/jsplib/normalized-ta72.opb.xz,19
OPT-LIN/normalized-PB26/sergeys/CPMpy_translated_dataset_PB26/jsplib/normalized-ta73.opb.xz,19
OPT-LIN/normalized-PB26/sergeys/CPMpy_translated_dataset_PB26/jsplib/normalized-ta74.opb.xz,19
OPT-LIN/normalized-PB26/sergeys/CPMpy_translated_dataset_PB26/jsplib/normalized-ta75.opb.xz,19
OPT-LIN/normalized-PB26/sergeys/CPMpy_translated_dataset_PB26/jsplib/normalized-ta76.opb.xz,19
OPT-LIN/normalized-PB26/sergeys/CPMpy_translated_dataset_PB26/jsplib/normalized-ta77.opb.xz,19
OPT-LIN/normalized-PB26/sergeys/CPMpy_translated_dataset_PB26/jsplib/normalized-ta78.opb.xz,19
OPT-LIN/normalized-PB26/sergeys/CPMpy_translated_dataset_PB26/jsplib/normalized-ta79.opb.xz,19
OPT-LIN/normalized-PB26/sergeys/CPMpy_translated_dataset_PB26/jsplib/normalized-ta80.opb.xz,19
OPT-LIN/normalized-PB26/sergeys/CPMpy_translated_dataset_PB26/jsplib/normalized-yn1.opb.xz,16
OPT-LIN/normalized-PB26/sergeys/CPMpy_translated_dataset_PB26/jsplib/normalized-yn2.opb.xz,16
OPT-LIN/normalized-PB26/sergeys/CPMpy_translated_dataset_PB26/jsplib/normalized-yn3.opb.xz,16
OPT-LIN/normalized-PB26/sergeys/CPMpy_translated_dataset_PB26/jsplib/normalized-yn4.opb.xz,16
OPT-LIN/normalized-PB26/sergeys/CPMpy_translated_dataset_PB26/miplib/normalized-ex1010-pi.mps.opb.xz,15
OPT-LIN/normalized-PB26/sergeys/CPMpy_translated_dataset_PB26/miplib/normalized-f2000.mps.opb.xz,12
OPT-LIN/normalized-PB26/sergeys/CPMpy_translated_dataset_PB26/miplib/normalized-f2gap201600.mps.opb.xz,17
OPT-LIN/normalized-PB26/sergeys/CPMpy_translated_dataset_PB26/miplib/normalized-f2gap401600.mps.opb.xz,17
OPT-LIN/normalized-PB26/sergeys/CPMpy_translated_dataset_PB26/miplib/normalized-f2gap40400.mps.opb.xz,15
OPT-LIN/normalized-PB26/sergeys/CPMpy_translated_dataset_PB26/miplib/normalized-f2gap801600.mps.opb.xz,17
OPT-LIN/normalized-PB26/sergeys/CPMpy_translated_dataset_PB26/miplib/normalized-fast0507.mps.opb.xz,17
OPT-LIN/normalized-PB26/sergeys/CPMpy_translated_dataset_PB26/miplib/normalized-glass-sc.mps.opb.xz,8
OPT-LIN/normalized-PB26/sergeys/CPMpy_translated_dataset_PB26/miplib/normalized-graph20-20-1rand.mps.opb.xz,6
OPT-LIN/normalized-PB26/sergeys/CPMpy_translated_dataset_PB26/miplib/normalized-graph20-80-1rand.mps.opb.xz,7
OPT-LIN/normalized-PB26/sergeys/CPMpy_translated_dataset_PB26/miplib/normalized-graph40-20-1rand.mps.opb.xz,8
OPT-LIN/normalized-PB26/sergeys/CPMpy_translated_dataset_PB26/miplib/normalized-graph40-40-1rand.mps.opb.xz,9
OPT-LIN/normalized-PB26/sergeys/CPMpy_translated_dataset_PB26/miplib/normalized-graph40-80-1rand.mps.opb.xz,10
OPT-LIN/normalized-PB26/sergeys/CPMpy_translated_dataset_PB26/miplib/normalized-hanoi5.mps.opb.xz,12
OPT-LIN/normalized-PB26/sergeys/CPMpy_translated_dataset_PB26/miplib/normalized-hypothyroid-k1.mps.opb.xz,14
OPT-LIN/normalized-PB26/sergeys/CPMpy_translated_dataset_PB26/miplib/normalized-iis-glass-cov.mps.opb.xz,8
OPT-LIN/normalized-PB26/sergeys/CPMpy_translated_dataset_PB26/miplib/normalized-iis-hc-cov.mps.opb.xz,9
OPT-LIN/normalized-PB26/sergeys/CPMpy_translated_dataset_PB26/miplib/normalized-k1mushroom.mps.opb.xz,15
OPT-LIN/normalized-PB26/sergeys/CPMpy_translated_dataset_PB26/miplib/normalized-lectsched-4-obj.mps.opb.xz,13
OPT-LIN/normalized-PB26/sergeys/CPMpy_translated_dataset_PB26/miplib/normalized-lectsched-5-obj.mps.opb.xz,13
OPT-LIN/normalized-PB26/sergeys/CPMpy_translated_dataset_PB26/miplib/normalized-manna81.mps.opb.xz,15
OPT-LIN/normalized-PB26/sergeys/CPMpy_translated_dataset_PB26/miplib/normalized-mitre.mps.opb.xz,20
OPT-LIN/normalized-PB26/sergeys/CPMpy_translated_dataset_PB26/miplib/normalized-mod010.mps.opb.xz,19
OPT-LIN/normalized-PB26/sergeys/CPMpy_translated_dataset_PB26/miplib/normalized-n2seq36f.mps.opb.xz,19
OPT-LIN/normalized-PB26/sergeys/CPMpy_translated_dataset_PB26/miplib/normalized-n2seq36q.mps.opb.xz,19
OPT-LIN/normalized-PB26/sergeys/CPMpy_translated_dataset_PB26/miplib/normalized-n3div36.mps.opb.xz,22
OPT-LIN/normalized-PB26/sergeys/CPMpy_translated_dataset_PB26/miplib/normalized-n3seq24.mps.opb.xz,24
OPT-LIN/normalized-PB26/sergeys/CPMpy_translated_dataset_PB26/miplib/normalized-neos-1324574.mps.opb.xz,6
OPT-LIN/normalized-PB26/sergeys/CPMpy_translated_dataset_PB26/miplib/normalized-neos-1330346.mps.opb.xz,6
OPT-LIN/normalized-PB26/sergeys/CPMpy_translated_dataset_PB26/miplib/normalized-neos-1337307.mps.opb.xz,21
OPT-LIN/normalized-PB26/sergeys/CPMpy_translated_dataset_PB26/miplib/normalized-neos-1354092.mps.opb.xz,12
OPT-LIN/normalized-PB26/sergeys/CPMpy_translated_dataset_PB26/miplib/normalized-neos-1516309.mps.opb.xz,23
OPT-LIN/normalized-PB26/sergeys/CPMpy_translated_dataset_PB26/miplib/normalized-neos-2328163-agri.mps.opb.xz,21
OPT-LIN/normalized-PB26/sergeys/CPMpy_translated_dataset_PB26/miplib/normalized-neos-3024952-loue.mps.opb.xz,23
OPT-LIN/normalized-PB26/sergeys/CPMpy_translated_dataset_PB26/miplib/normalized-neos-3045796-mogo.mps.opb.xz,14
OPT-LIN/normalized-PB26/sergeys/CPMpy_translated_dataset_PB26/miplib/normalized-neos-3148108-pahi.mps.opb.xz,5
OPT-LIN/normalized-PB26/sergeys/CPMpy_translated_dataset_PB26/miplib/normalized-neos-3214367-sovi.mps.opb.xz,22
OPT-LIN/normalized-PB26/sergeys/CPMpy_translated_dataset_PB26/miplib/normalized-neos-3322547-alsek.mps.opb.xz,16
OPT-LIN/normalized-PB26/sergeys/CPMpy_translated_dataset_PB26/miplib/normalized-neos-3381206-awhea.mps.opb.xz,12
OPT-LIN/normalized-PB26/sergeys/CPMpy_translated_dataset_PB26/miplib/normalized-neos-3426085-ticino.mps.opb.xz,18
OPT-LIN/normalized-PB26/sergeys/CPMpy_translated_dataset_PB26/miplib/normalized-neos-3426132-dieze.mps.opb.xz,18
OPT-LIN/normalized-PB26/sergeys/CPMpy_translated_dataset_PB26/miplib/normalized-neos-3530903-gauja.mps.opb.xz,17
OPT-LIN/normalized-PB26/sergeys/CPMpy_translated_dataset_PB26/miplib/normalized-neos-3530905-gaula.mps.opb.xz,17
OPT-LIN/normalized-PB26/sergeys/CPMpy_translated_dataset_PB26/miplib/normalized-neos-3572885-glina.mps.opb.xz,22
OPT-LIN/normalized-PB26/sergeys/CPMpy_translated_dataset_PB26/miplib/normalized-neos-4165869-wannon.mps.opb.xz,26
OPT-LIN/normalized-PB26/sergeys/CPMpy_translated_dataset_PB26/miplib/normalized-neos-4360552-sangro.mps.opb.xz,12
OPT-LIN/normalized-PB26/sergeys/CPMpy_translated_dataset_PB26/miplib/normalized-neos-4754521-awarau.mps.opb.xz,16
OPT-LIN/normalized-PB26/sergeys/CPMpy_translated_dataset_PB26/miplib/normalized-neos-631710.mps.opb.xz,10
OPT-LIN/normalized-PB26/sergeys/CPMpy_translated_dataset_PB26/miplib/normalized-neos-686190.mps.opb.xz,20
OPT-LIN/normalized-PB26/sergeys/CPMpy_translated_dataset_PB26/miplib/normalized-neos-780889.mps.opb.xz,28
OPT-LIN/normalized-PB26/sergeys/CPMpy_translated_dataset_PB26/miplib/normalized-neos-787933.mps.opb.xz,11
OPT-LIN/normalized-PB26/sergeys/CPMpy_translated_dataset_PB26/miplib/normalized-neos-820879.mps.opb.xz,24
OPT-LIN/normalized-PB26/sergeys/CPMpy_translated_dataset_PB26/miplib/normalized-neos-859770.mps.opb.xz,15
OPT-LIN/normalized-PB26/sergeys/CPMpy_translated_dataset_PB26/miplib/normalized-neos-941313.mps.opb.xz,24
OPT-LIN/normalized-PB26/sergeys/CPMpy_translated_dataset_PB26/miplib/normalized-neos-950242.mps.opb.xz,6
OPT-LIN/normalized-PB26/sergeys/CPMpy_translated_dataset_PB26/miplib/normalized-neos16.mps.opb.xz,9
OPT-LIN/normalized-PB26/sergeys/CPMpy_translated_dataset_PB26/miplib/normalized-neos18.mps.opb.xz,8
OPT-LIN/normalized-PB26/sergeys/CPMpy_translated_dataset_PB26/miplib/normalized-neos8.mps.opb.xz,16
OPT-LIN/normalized-PB26/sergeys/CPMpy_translated_dataset_PB26/miplib/normalized-neos859080.mps.opb.xz,10
OPT-LIN/normalized-PB26/sergeys/CPMpy_translated_dataset_PB26/miplib/normalized-netdiversion.mps.opb.xz,25
OPT-LIN/normalized-PB26/sergeys/CPMpy_translated_dataset_PB26/miplib/normalized-ns1828997.mps.opb.xz,13
OPT-LIN/normalized-PB26/sergeys/CPMpy_translated_dataset_PB26/miplib/normalized-nursesched-medium-hint03.mps.opb.xz,20
OPT-LIN/normalized-PB26/sergeys/CPMpy_translated_dataset_PB26/miplib/normalized-nursesched-medium04.mps.opb.xz,17
OPT-LIN/normalized-PB26/sergeys/CPMpy_translated_dataset_PB26/miplib/normalized-nursesched-sprint-hidden09.mps.opb.xz,19
OPT-LIN/normalized-PB26/sergeys/CPMpy_translated_dataset_PB26/miplib/normalized-nursesched-sprint-late03.mps.opb.xz,16
OPT-LIN/normalized-PB26/sergeys/CPMpy_translated_dataset_PB26/miplib/normalized-nursesched-sprint02.mps.opb.xz,16
OPT-LIN/normalized-PB26/sergeys/CPMpy_translated_dataset_PB26/miplib/normalized-nw04.mps.opb.xz,27
OPT-LIN/normalized-PB26/sergeys/CPMpy_translated_dataset_PB26/miplib/normalized-opm2-z10-s4.mps.opb.xz,24
OPT-LIN/normalized-PB26/sergeys/CPMpy_translated_dataset_PB26/miplib/normalized-opm2-z12-s8.mps.opb.xz,25
OPT-LIN/normalized-PB26/sergeys/CPMpy_translated_dataset_PB26/miplib/normalized-opm2-z6-s1.mps.opb.xz,22
OPT-LIN/normalized-PB26/sergeys/CPMpy_translated_dataset_PB26/miplib/normalized-opm2-z7-s8.mps.opb.xz,23
OPT-LIN/normalized-PB26/sergeys/CPMpy_translated_dataset_PB26/miplib/normalized-opm2-z8-s0.mps.opb.xz,23
OPT-LIN/normalized-PB26/sergeys/CPMpy_translated_dataset_PB26/miplib/normalized-p0201.mps.opb.xz,15
OPT-LIN/normalized-PB26/sergeys/CPMpy_translated_dataset_PB26/miplib/normalized-p2m2p1m1p0n100.mps.opb.xz,21
OPT-LIN/normalized-PB26/sergeys/CPMpy_translated_dataset_PB26/miplib/normalized-pb-fit2d.mps.opb.xz,20
OPT-LIN/normalized-PB26/sergeys/CPMpy_translated_dataset_PB26/miplib/normalized-pb-gfrd-pnc.mps.opb.xz,20
OPT-LIN/normalized-PB26/sergeys/CPMpy_translated_dataset_PB26/miplib/normalized-pb-grow22.mps.opb.xz,20
OPT-LIN/normalized-PB26/sergeys/CPMpy_translated_dataset_PB26/miplib/normalized-peg-solitaire-a3.mps.opb.xz,7
OPT-LIN/normalized-PB26/sergeys/CPMpy_translated_dataset_PB26/miplib/normalized-proteindesign121hz512p9.mps.opb.xz,27
OPT-LIN/normalized-PB26/sergeys/CPMpy_translated_dataset_PB26/miplib/normalized-proteindesign121pgb11p9.mps.opb.xz,27
OPT-LIN/normalized-PB26/sergeys/CPMpy_translated_dataset_PB26/miplib/normalized-proteindesign122trx11p8.mps.opb.xz,26
OPT-LIN/normalized-PB26/sergeys/CPMpy_translated_dataset_PB26/miplib/normalized-qap10.mps.opb.xz,15
OPT-LIN/normalized-PB26/sergeys/CPMpy_translated_dataset_PB26/miplib/normalized-queens-30.mps.opb.xz,10
OPT-LIN/normalized-PB26/sergeys/CPMpy_translated_dataset_PB26/miplib/normalized-ramos3.mps.opb.xz,12
OPT-LIN/normalized-PB26/sergeys/CPMpy_translated_dataset_PB26/miplib/normalized-rococoB10-011000.mps.opb.xz,19
OPT-LIN/normalized-PB26/sergeys/CPMpy_translated_dataset_PB26/miplib/normalized-rococoC10-001000.mps.opb.xz,20
OPT-LIN/normalized-PB26/sergeys/CPMpy_translated_dataset_PB26/miplib/normalized-rococoC11-010100.mps.opb.xz,19
OPT-LIN/normalized-PB26/sergeys/CPMpy_translated_dataset_PB26/miplib/normalized-rococoC11-011100.mps.opb.xz,19
OPT-LIN/normalized-PB26/sergeys/CPMpy_translated_dataset_PB26/miplib/normalized-rococoC12-010001.mps.opb.xz,23
OPT-LIN/normalized-PB26/sergeys/CPMpy_translated_dataset_PB26/miplib/normalized-s1234.mps.opb.xz,9
OPT-LIN/normalized-PB26/sergeys/CPMpy_translated_dataset_PB26/miplib/normalized-scpj4scip.mps.opb.xz,23
OPT-LIN/normalized-PB26/sergeys/CPMpy_translated_dataset_PB26/miplib/normalized-scpk4.mps.opb.xz,23
OPT-LIN/normalized-PB26/sergeys/CPMpy_translated_dataset_PB26/miplib/normalized-scpl4.mps.opb.xz,24
OPT-LIN/normalized-PB26/sergeys/CPMpy_translated_dataset_PB26/miplib/normalized-scpm1.mps.opb.xz,25
OPT-LIN/normalized-PB26/sergeys/CPMpy_translated_dataset_PB26/miplib/normalized-scpn2.mps.opb.xz,26
OPT-LIN/normalized-PB26/sergeys/CPMpy_translated_dataset_PB26/miplib/normalized-seymour.mps.opb.xz,11
OPT-LIN/normalized-PB26/sergeys/CPMpy_translated_dataset_PB26/miplib/normalized-sorrell3.mps.opb.xz,11
OPT-LIN/normalized-PB26/sergeys/CPMpy_translated_dataset_PB26/miplib/normalized-sorrell4.mps.opb.xz,12
OPT-LIN/normalized-PB26/sergeys/CPMpy_translated_dataset_PB26/miplib/normalized-sorrell7.mps.opb.xz,12
OPT-LIN/normalized-PB26/sergeys/CPMpy_translated_dataset_PB26/miplib/normalized-sorrell8.mps.opb.xz,11
OPT-LIN/normalized-PB26/sergeys/CPMpy_translated_dataset_PB26/miplib/normalized-splice1k1.mps.opb.xz,14
OPT-LIN/normalized-PB26/sergeys/CPMpy_translated_dataset_PB26/miplib/normalized-stein15inf.mps.opb.xz,5
OPT-LIN/normalized-PB26/sergeys/CPMpy_translated_dataset_PB26/miplib/normalized-stein45inf.mps.opb.xz,7
OPT-LIN/normalized-PB26/sergeys/CPMpy_translated_dataset_PB26/miplib/normalized-supportcase1.mps.opb.xz,22
OPT-LIN/normalized-PB26/sergeys/CPMpy_translated_dataset_PB26/miplib/normalized-supportcase10.mps.opb.xz,7
OPT-LIN/normalized-PB26/sergeys/CPMpy_translated_dataset_PB26/miplib/normalized-supportcase14.mps.opb.xz,13
OPT-LIN/normalized-PB26/sergeys/CPMpy_translated_dataset_PB26/miplib/normalized-supportcase16.mps.opb.xz,13
OPT-LIN/normalized-PB26/sergeys/CPMpy_translated_dataset_PB26/miplib/normalized-supportcase18.mps.opb.xz,13
OPT-LIN/normalized-PB26/sergeys/CPMpy_translated_dataset_PB26/miplib/normalized-supportcase19.mps.opb.xz,36
OPT-LIN/normalized-PB26/sergeys/CPMpy_translated_dataset_PB26/miplib/normalized-supportcase29.mps.opb.xz,17
OPT-LIN/normalized-PB26/sergeys/CPMpy_translated_dataset_PB26/miplib/normalized-supportcase33.mps.opb.xz,21
OPT-LIN/normalized-PB26/sergeys/CPMpy_translated_dataset_PB26/miplib/normalized-t1717.mps.opb.xz,28
OPT-LIN/normalized-PB26/sergeys/CPMpy_translated_dataset_PB26/miplib/normalized-t1722.mps.opb.xz,27
OPT-LIN/normalized-PB26/sergeys/CPMpy_translated_dataset_PB26/miplib/normalized-tanglegram4.mps.opb.xz,16
OPT-LIN/normalized-PB26/sergeys/CPMpy_translated_dataset_PB26/miplib/normalized-tanglegram6.mps.opb.xz,14
OPT-LIN/normalized-PB26/sergeys/CPMpy_translated_dataset_PB26/miplib/normalized-toll-like.mps.opb.xz,12
OPT-LIN/normalized-PB26/sergeys/CPMpy_translated_dataset_PB26/miplib/normalized-v150d30-2hopcds.mps.opb.xz,8
OPT-LIN/normalized-PB26/sergeys/CPMpy_translated_dataset_PB26/miplib/normalized-vpphard.mps.opb.xz,16
OPT-LIN/normalized-PB26/sergeys/CPMpy_translated_dataset_PB26/miplib/normalized-vpphard2.mps.opb.xz,18
OPT-LIN/normalized-PB26/sergeys/CPMpy_translated_dataset_PB26/miplib/normalized-wnq-n100-mw99-14.mps.opb.xz,19
OPT-LIN/normalized-PB26/sergeys/CPMpy_translated_dataset_PB26/miplib/normalized-z26.mps.opb.xz,15
OPT-LIN/normalized-PB26/sergeys/CPMpy_translated_dataset_PB26/psplib/rcpsp/j120/normalized-j12010_1.opb.xz,12
OPT-LIN/normalized-PB26/sergeys/CPMpy_translated_dataset_PB26/psplib/rcpsp/j120/normalized-j12010_10.opb.xz,12
OPT-LIN/normalized-PB26/sergeys/CPMpy_translated_dataset_PB26/psplib/rcpsp/j120/normalized-j12010_2.opb.xz,12
OPT-LIN/normalized-PB26/sergeys/CPMpy_translated_dataset_PB26/psplib/rcpsp/j120/normalized-j12010_3.opb.xz,12
OPT-LIN/normalized-PB26/sergeys/CPMpy_translated_dataset_PB26/psplib/rcpsp/j120/normalized-j12010_4.opb.xz,12
OPT-LIN/normalized-PB26/sergeys/CPMpy_translated_dataset_PB26/psplib/rcpsp/j120/normalized-j12010_5.opb.xz,12
OPT-LIN/normalized-PB26/sergeys/CPMpy_translated_dataset_PB26/psplib/rcpsp/j120/normalized-j12010_6.opb.xz,12
OPT-LIN/normalized-PB26/sergeys/CPMpy_translated_dataset_PB26/psplib/rcpsp/j120/normalized-j12010_7.opb.xz,12
OPT-LIN/normalized-PB26/sergeys/CPMpy_translated_dataset_PB26/psplib/rcpsp/j120/normalized-j12010_8.opb.xz,12
OPT-LIN/normalized-PB26/sergeys/CPMpy_translated_dataset_PB26/psplib/rcpsp/j120/normalized-j12010_9.opb.xz,12
OPT-LIN/normalized-PB26/sergeys/CPMpy_translated_dataset_PB26/psplib/rcpsp/j120/normalized-j12011_1.opb.xz,12
OPT-LIN/normalized-PB26/sergeys/CPMpy_translated_dataset_PB26/psplib/rcpsp/j120/normalized-j12011_10.opb.xz,12
OPT-LIN/normalized-PB26/sergeys/CPMpy_translated_dataset_PB26/psplib/rcpsp/j120/normalized-j12011_2.opb.xz,12
OPT-LIN/normalized-PB26/sergeys/CPMpy_translated_dataset_PB26/psplib/rcpsp/j120/normalized-j12011_3.opb.xz,12
OPT-LIN/normalized-PB26/sergeys/CPMpy_translated_dataset_PB26/psplib/rcpsp/j120/normalized-j12011_4.opb.xz,12
OPT-LIN/normalized-PB26/sergeys/CPMpy_translated_dataset_PB26/psplib/rcpsp/j120/normalized-j12011_5.opb.xz,12
OPT-LIN/normalized-PB26/sergeys/CPMpy_translated_dataset_PB26/psplib/rcpsp/j120/normalized-j12011_6.opb.xz,12
OPT-LIN/normalized-PB26/sergeys/CPMpy_translated_dataset_PB26/psplib/rcpsp/j120/normalized-j12011_7.opb.xz,12
OPT-LIN/normalized-PB26/sergeys/CPMpy_translated_dataset_PB26/psplib/rcpsp/j120/normalized-j12011_8.opb.xz,12
OPT-LIN/normalized-PB26/sergeys/CPMpy_translated_dataset_PB26/psplib/rcpsp/j120/normalized-j12011_9.opb.xz,12
OPT-LIN/normalized-PB26/sergeys/CPMpy_translated_dataset_PB26/psplib/rcpsp/j120/normalized-j12012_1.opb.xz,12
OPT-LIN/normalized-PB26/sergeys/CPMpy_translated_dataset_PB26/psplib/rcpsp/j120/normalized-j12012_10.opb.xz,12
OPT-LIN/normalized-PB26/sergeys/CPMpy_translated_dataset_PB26/psplib/rcpsp/j120/normalized-j12012_2.opb.xz,12
OPT-LIN/normalized-PB26/sergeys/CPMpy_translated_dataset_PB26/psplib/rcpsp/j120/normalized-j12012_3.opb.xz,12
OPT-LIN/normalized-PB26/sergeys/CPMpy_translated_dataset_PB26/psplib/rcpsp/j120/normalized-j12012_4.opb.xz,12
OPT-LIN/normalized-PB26/sergeys/CPMpy_translated_dataset_PB26/psplib/rcpsp/j120/normalized-j12012_5.opb.xz,12
OPT-LIN/normalized-PB26/sergeys/CPMpy_translated_dataset_PB26/psplib/rcpsp/j120/normalized-j12012_6.opb.xz,12
OPT-LIN/normalized-PB26/sergeys/CPMpy_translated_dataset_PB26/psplib/rcpsp/j120/normalized-j12012_7.opb.xz,12
OPT-LIN/normalized-PB26/sergeys/CPMpy_translated_dataset_PB26/psplib/rcpsp/j120/normalized-j12012_8.opb.xz,12
OPT-LIN/normalized-PB26/sergeys/CPMpy_translated_dataset_PB26/psplib/rcpsp/j120/normalized-j12012_9.opb.xz,12
OPT-LIN/normalized-PB26/sergeys/CPMpy_translated_dataset_PB26/psplib/rcpsp/j120/normalized-j12013_1.opb.xz,12
OPT-LIN/normalized-PB26/sergeys/CPMpy_translated_dataset_PB26/psplib/rcpsp/j120/normalized-j12013_10.opb.xz,12
OPT-LIN/normalized-PB26/sergeys/CPMpy_translated_dataset_PB26/psplib/rcpsp/j120/normalized-j12013_2.opb.xz,12
OPT-LIN/normalized-PB26/sergeys/CPMpy_translated_dataset_PB26/psplib/rcpsp/j120/normalized-j12013_3.opb.xz,12
OPT-LIN/normalized-PB26/sergeys/CPMpy_translated_dataset_PB26/psplib/rcpsp/j120/normalized-j12013_4.opb.xz,12
OPT-LIN/normalized-PB26/sergeys/CPMpy_translated_dataset_PB26/psplib/rcpsp/j120/normalized-j12013_5.opb.xz,12
OPT-LIN/normalized-PB26/sergeys/CPMpy_translated_dataset_PB26/psplib/rcpsp/j120/normalized-j12013_6.opb.xz,12
OPT-LIN/normalized-PB26/sergeys/CPMpy_translated_dataset_PB26/psplib/rcpsp/j120/normalized-j12013_7.opb.xz,12
OPT-LIN/normalized-PB26/sergeys/CPMpy_translated_dataset_PB26/psplib/rcpsp/j120/normalized-j12013_8.opb.xz,12
OPT-LIN/normalized-PB26/sergeys/CPMpy_translated_dataset_PB26/psplib/rcpsp/j120/normalized-j12013_9.opb.xz,12
OPT-LIN/normalized-PB26/sergeys/CPMpy_translated_dataset_PB26/psplib/rcpsp/j120/normalized-j12014_1.opb.xz,12
OPT-LIN/normalized-PB26/sergeys/CPMpy_translated_dataset_PB26/psplib/rcpsp/j120/normalized-j12014_10.opb.xz,12
OPT-LIN/normalized-PB26/sergeys/CPMpy_translated_dataset_PB26/psplib/rcpsp/j120/normalized-j12014_2.opb.xz,12
OPT-LIN/normalized-PB26/sergeys/CPMpy_translated_dataset_PB26/psplib/rcpsp/j120/normalized-j12014_3.opb.xz,12
OPT-LIN/normalized-PB26/sergeys/CPMpy_translated_dataset_PB26/psplib/rcpsp/j120/normalized-j12014_4.opb.xz,12
OPT-LIN/normalized-PB26/sergeys/CPMpy_translated_dataset_PB26/psplib/rcpsp/j120/normalized-j12014_5.opb.xz,12
OPT-LIN/normalized-PB26/sergeys/CPMpy_translated_dataset_PB26/psplib/rcpsp/j120/normalized-j12014_6.opb.xz,12
OPT-LIN/normalized-PB26/sergeys/CPMpy_translated_dataset_PB26/psplib/rcpsp/j120/normalized-j12014_7.opb.xz,12
OPT-LIN/normalized-PB26/sergeys/CPMpy_translated_dataset_PB26/psplib/rcpsp/j120/normalized-j12014_8.opb.xz,12
OPT-LIN/normalized-PB26/sergeys/CPMpy_translated_dataset_PB26/psplib/rcpsp/j120/normalized-j12014_9.opb.xz,12
OPT-LIN/normalized-PB26/sergeys/CPMpy_translated_dataset_PB26/psplib/rcpsp/j120/normalized-j12015_1.opb.xz,12
OPT-LIN/normalized-PB26/sergeys/CPMpy_translated_dataset_PB26/psplib/rcpsp/j120/normalized-j12015_10.opb.xz,12
OPT-LIN/normalized-PB26/sergeys/CPMpy_translated_dataset_PB26/psplib/rcpsp/j120/normalized-j12015_2.opb.xz,12
OPT-LIN/normalized-PB26/sergeys/CPMpy_translated_dataset_PB26/psplib/rcpsp/j120/normalized-j12015_3.opb.xz,12
OPT-LIN/normalized-PB26/sergeys/CPMpy_translated_dataset_PB26/psplib/rcpsp/j120/normalized-j12015_4.opb.xz,12
OPT-LIN/normalized-PB26/sergeys/CPMpy_translated_dataset_PB26/psplib/rcpsp/j120/normalized-j12015_5.opb.xz,12
OPT-LIN/normalized-PB26/sergeys/CPMpy_translated_dataset_PB26/psplib/rcpsp/j120/normalized-j12015_6.opb.xz,12
OPT-LIN/normalized-PB26/sergeys/CPMpy_translated_dataset_PB26/psplib/rcpsp/j120/normalized-j12015_7.opb.xz,12
OPT-LIN/normalized-PB26/sergeys/CPMpy_translated_dataset_PB26/psplib/rcpsp/j120/normalized-j12015_8.opb.xz,12
OPT-LIN/normalized-PB26/sergeys/CPMpy_translated_dataset_PB26/psplib/rcpsp/j120/normalized-j12015_9.opb.xz,12
OPT-LIN/normalized-PB26/sergeys/CPMpy_translated_dataset_PB26/psplib/rcpsp/j120/normalized-j12016_1.opb.xz,12
OPT-LIN/normalized-PB26/sergeys/CPMpy_translated_dataset_PB26/psplib/rcpsp/j120/normalized-j12016_10.opb.xz,12
OPT-LIN/normalized-PB26/sergeys/CPMpy_translated_dataset_PB26/psplib/rcpsp/j120/normalized-j12016_2.opb.xz,12
OPT-LIN/normalized-PB26/sergeys/CPMpy_translated_dataset_PB26/psplib/rcpsp/j120/normalized-j12016_3.opb.xz,12
OPT-LIN/normalized-PB26/sergeys/CPMpy_translated_dataset_PB26/psplib/rcpsp/j120/normalized-j12016_4.opb.xz,12
OPT-LIN/normalized-PB26/sergeys/CPMpy_translated_dataset_PB26/psplib/rcpsp/j120/normalized-j12016_5.opb.xz,12
OPT-LIN/normalized-PB26/sergeys/CPMpy_translated_dataset_PB26/psplib/rcpsp/j120/normalized-j12016_6.opb.xz,12
OPT-LIN/normalized-PB26/sergeys/CPMpy_translated_dataset_PB26/psplib/rcpsp/j120/normalized-j12016_7.opb.xz,12
OPT-LIN/normalized-PB26/sergeys/CPMpy_translated_dataset_PB26/psplib/rcpsp/j120/normalized-j12016_8.opb.xz,12
OPT-LIN/normalized-PB26/sergeys/CPMpy_translated_dataset_PB26/psplib/rcpsp/j120/normalized-j12016_9.opb.xz,12
OPT-LIN/normalized-PB26/sergeys/CPMpy_translated_dataset_PB26/psplib/rcpsp/j120/normalized-j12017_1.opb.xz,12
OPT-LIN/normalized-PB26/sergeys/CPMpy_translated_dataset_PB26/psplib/rcpsp/j120/normalized-j12017_10.opb.xz,12
OPT-LIN/normalized-PB26/sergeys/CPMpy_translated_dataset_PB26/psplib/rcpsp/j120/normalized-j12017_2.opb.xz,12
OPT-LIN/normalized-PB26/sergeys/CPMpy_translated_dataset_PB26/psplib/rcpsp/j120/normalized-j12017_3.opb.xz,12
OPT-LIN/normalized-PB26/sergeys/CPMpy_translated_dataset_PB26/psplib/rcpsp/j120/normalized-j12017_4.opb.xz,12
OPT-LIN/normalized-PB26/sergeys/CPMpy_translated_dataset_PB26/psplib/rcpsp/j120/normalized-j12017_5.opb.xz,12
OPT-LIN/normalized-PB26/sergeys/CPMpy_translated_dataset_PB26/psplib/rcpsp/j120/normalized-j12017_6.opb.xz,12
OPT-LIN/normalized-PB26/sergeys/CPMpy_translated_dataset_PB26/psplib/rcpsp/j120/normalized-j12017_7.opb.xz,12
OPT-LIN/normalized-PB26/sergeys/CPMpy_translated_dataset_PB26/psplib/rcpsp/j120/normalized-j12017_8.opb.xz,12
OPT-LIN/normalized-PB26/sergeys/CPMpy_translated_dataset_PB26/psplib/rcpsp/j120/normalized-j12017_9.opb.xz,12
OPT-LIN/normalized-PB26/sergeys/CPMpy_translated_dataset_PB26/psplib/rcpsp/j120/normalized-j12018_1.opb.xz,12
OPT-LIN/normalized-PB26/sergeys/CPMpy_translated_dataset_PB26/psplib/rcpsp/j120/normalized-j12018_10.opb.xz,12
OPT-LIN/normalized-PB26/sergeys/CPMpy_translated_dataset_PB26/psplib/rcpsp/j120/normalized-j12018_2.opb.xz,12
OPT-LIN/normalized-PB26/sergeys/CPMpy_translated_dataset_PB26/psplib/rcpsp/j120/normalized-j12018_3.opb.xz,12
OPT-LIN/normalized-PB26/sergeys/CPMpy_translated_dataset_PB26/psplib/rcpsp/j120/normalized-j12018_4.opb.xz,12
OPT-LIN/normalized-PB26/sergeys/CPMpy_translated_dataset_PB26/psplib/rcpsp/j120/normalized-j12018_5.opb.xz,12
OPT-LIN/normalized-PB26/sergeys/CPMpy_translated_dataset_PB26/psplib/rcpsp/j120/normalized-j12018_6.opb.xz,12
OPT-LIN/normalized-PB26/sergeys/CPMpy_translated_dataset_PB26/psplib/rcpsp/j120/normalized-j12018_7.opb.xz,12
OPT-LIN/normalized-PB26/sergeys/CPMpy_translated_dataset_PB26/psplib/rcpsp/j120/normalized-j12018_8.opb.xz,12
OPT-LIN/normalized-PB26/sergeys/CPMpy_translated_dataset_PB26/psplib/rcpsp/j120/normalized-j12018_9.opb.xz,12
OPT-LIN/normalized-PB26/sergeys/CPMpy_translated_dataset_PB26/psplib/rcpsp/j120/normalized-j12019_1.opb.xz,12
OPT-LIN/normalized-PB26/sergeys/CPMpy_translated_dataset_PB26/psplib/rcpsp/j120/normalized-j12019_10.opb.xz,12
OPT-LIN/normalized-PB26/sergeys/CPMpy_translated_dataset_PB26/psplib/rcpsp/j120/normalized-j12019_2.opb.xz,12
OPT-LIN/normalized-PB26/sergeys/CPMpy_translated_dataset_PB26/psplib/rcpsp/j120/normalized-j12019_3.opb.xz,12
OPT-LIN/normalized-PB26/sergeys/CPMpy_translated_dataset_PB26/psplib/rcpsp/j120/normalized-j12019_4.opb.xz,12
OPT-LIN/normalized-PB26/sergeys/CPMpy_translated_dataset_PB26/psplib/rcpsp/j120/normalized-j12019_5.opb.xz,12
OPT-LIN/normalized-PB26/sergeys/CPMpy_translated_dataset_PB26/psplib/rcpsp/j120/normalized-j12019_6.opb.xz,12
OPT-LIN/normalized-PB26/sergeys/CPMpy_translated_dataset_PB26/psplib/rcpsp/j120/normalized-j12019_7.opb.xz,12
OPT-LIN/normalized-PB26/sergeys/CPMpy_translated_dataset_PB26/psplib/rcpsp/j120/normalized-j12019_8.opb.xz,12
OPT-LIN/normalized-PB26/sergeys/CPMpy_translated_dataset_PB26/psplib/rcpsp/j120/normalized-j12019_9.opb.xz,12
OPT-LIN/normalized-PB26/sergeys/CPMpy_translated_dataset_PB26/psplib/rcpsp/j120/normalized-j1201_1.opb.xz,12
OPT-LIN/normalized-PB26/sergeys/CPMpy_translated_dataset_PB26/psplib/rcpsp/j120/normalized-j1201_10.opb.xz,12
OPT-LIN/normalized-PB26/sergeys/CPMpy_translated_dataset_PB26/psplib/rcpsp/j120/normalized-j1201_2.opb.xz,12
OPT-LIN/normalized-PB26/sergeys/CPMpy_translated_dataset_PB26/psplib/rcpsp/j120/normalized-j1201_3.opb.xz,12
OPT-LIN/normalized-PB26/sergeys/CPMpy_translated_dataset_PB26/psplib/rcpsp/j120/normalized-j1201_4.opb.xz,12
OPT-LIN/normalized-PB26/sergeys/CPMpy_translated_dataset_PB26/psplib/rcpsp/j120/normalized-j1201_5.opb.xz,12
OPT-LIN/normalized-PB26/sergeys/CPMpy_translated_dataset_PB26/psplib/rcpsp/j120/normalized-j1201_6.opb.xz,12
OPT-LIN/normalized-PB26/sergeys/CPMpy_translated_dataset_PB26/psplib/rcpsp/j120/normalized-j1201_7.opb.xz,12
OPT-LIN/normalized-PB26/sergeys/CPMpy_translated_dataset_PB26/psplib/rcpsp/j120/normalized-j1201_8.opb.xz,12
OPT-LIN/normalized-PB26/sergeys/CPMpy_translated_dataset_PB26/psplib/rcpsp/j120/normalized-j1201_9.opb.xz,12
OPT-LIN/normalized-PB26/sergeys/CPMpy_translated_dataset_PB26/psplib/rcpsp/j120/normalized-j12020_1.opb.xz,12
OPT-LIN/normalized-PB26/sergeys/CPMpy_translated_dataset_PB26/psplib/rcpsp/j120/normalized-j12020_10.opb.xz,12
OPT-LIN/normalized-PB26/sergeys/CPMpy_translated_dataset_PB26/psplib/rcpsp/j120/normalized-j12020_2.opb.xz,12
OPT-LIN/normalized-PB26/sergeys/CPMpy_translated_dataset_PB26/psplib/rcpsp/j120/normalized-j12020_3.opb.xz,12
OPT-LIN/normalized-PB26/sergeys/CPMpy_translated_dataset_PB26/psplib/rcpsp/j120/normalized-j12020_4.opb.xz,12
OPT-LIN/normalized-PB26/sergeys/CPMpy_translated_dataset_PB26/psplib/rcpsp/j120/normalized-j12020_5.opb.xz,12
OPT-LIN/normalized-PB26/sergeys/CPMpy_translated_dataset_PB26/psplib/rcpsp/j120/normalized-j12020_6.opb.xz,12
OPT-LIN/normalized-PB26/sergeys/CPMpy_translated_dataset_PB26/psplib/rcpsp/j120/normalized-j12020_7.opb.xz,12
OPT-LIN/normalized-PB26/sergeys/CPMpy_translated_dataset_PB26/psplib/rcpsp/j120/normalized-j12020_8.opb.xz,12
OPT-LIN/normalized-PB26/sergeys/CPMpy_translated_dataset_PB26/psplib/rcpsp/j120/normalized-j12020_9.opb.xz,12
OPT-LIN/normalized-PB26/sergeys/CPMpy_translated_dataset_PB26/psplib/rcpsp/j120/normalized-j12021_1.opb.xz,12
OPT-LIN/normalized-PB26/sergeys/CPMpy_translated_dataset_PB26/psplib/rcpsp/j120/normalized-j12021_10.opb.xz,12
OPT-LIN/normalized-PB26/sergeys/CPMpy_translated_dataset_PB26/psplib/rcpsp/j120/normalized-j12021_2.opb.xz,12
OPT-LIN/normalized-PB26/sergeys/CPMpy_translated_dataset_PB26/psplib/rcpsp/j120/normalized-j12021_3.opb.xz,12
OPT-LIN/normalized-PB26/sergeys/CPMpy_translated_dataset_PB26/psplib/rcpsp/j120/normalized-j12021_4.opb.xz,12
OPT-LIN/normalized-PB26/sergeys/CPMpy_translated_dataset_PB26/psplib/rcpsp/j120/normalized-j12021_5.opb.xz,12
OPT-LIN/normalized-PB26/sergeys/CPMpy_translated_dataset_PB26/psplib/rcpsp/j120/normalized-j12021_6.opb.xz,12
OPT-LIN/normalized-PB26/sergeys/CPMpy_translated_dataset_PB26/psplib/rcpsp/j120/normalized-j12021_7.opb.xz,12
OPT-LIN/normalized-PB26/sergeys/CPMpy_translated_dataset_PB26/psplib/rcpsp/j120/normalized-j12021_8.opb.xz,12
OPT-LIN/normalized-PB26/sergeys/CPMpy_translated_dataset_PB26/psplib/rcpsp/j120/normalized-j12021_9.opb.xz,12
OPT-LIN/normalized-PB26/sergeys/CPMpy_translated_dataset_PB26/psplib/rcpsp/j120/normalized-j12022_1.opb.xz,12
OPT-LIN/normalized-PB26/sergeys/CPMpy_translated_dataset_PB26/psplib/rcpsp/j120/normalized-j12022_10.opb.xz,12
OPT-LIN/normalized-PB26/sergeys/CPMpy_translated_dataset_PB26/psplib/rcpsp/j120/normalized-j12022_2.opb.xz,12
OPT-LIN/normalized-PB26/sergeys/CPMpy_translated_dataset_PB26/psplib/rcpsp/j120/normalized-j12022_3.opb.xz,12
OPT-LIN/normalized-PB26/sergeys/CPMpy_translated_dataset_PB26/psplib/rcpsp/j120/normalized-j12022_4.opb.xz,12
OPT-LIN/normalized-PB26/sergeys/CPMpy_translated_dataset_PB26/psplib/rcpsp/j120/normalized-j12022_5.opb.xz,12
OPT-LIN/normalized-PB26/sergeys/CPMpy_translated_dataset_PB26/psplib/rcpsp/j120/normalized-j12022_6.opb.xz,12
OPT-LIN/normalized-PB26/sergeys/CPMpy_translated_dataset_PB26/psplib/rcpsp/j120/normalized-j12022_7.opb.xz,12
OPT-LIN/normalized-PB26/sergeys/CPMpy_translated_dataset_PB26/psplib/rcpsp/j120/normalized-j12022_8.opb.xz,12
OPT-LIN/normalized-PB26/sergeys/CPMpy_translated_dataset_PB26/psplib/rcpsp/j120/normalized-j12022_9.opb.xz,12
OPT-LIN/normalized-PB26/sergeys/CPMpy_translated_dataset_PB26/psplib/rcpsp/j120/normalized-j12023_1.opb.xz,12
OPT-LIN/normalized-PB26/sergeys/CPMpy_translated_dataset_PB26/psplib/rcpsp/j120/normalized-j12023_10.opb.xz,12
OPT-LIN/normalized-PB26/sergeys/CPMpy_translated_dataset_PB26/psplib/rcpsp/j120/normalized-j12023_2.opb.xz,12
OPT-LIN/normalized-PB26/sergeys/CPMpy_translated_dataset_PB26/psplib/rcpsp/j120/normalized-j12023_3.opb.xz,12
OPT-LIN/normalized-PB26/sergeys/CPMpy_translated_dataset_PB26/psplib/rcpsp/j120/normalized-j12023_4.opb.xz,12
OPT-LIN/normalized-PB26/sergeys/CPMpy_translated_dataset_PB26/psplib/rcpsp/j120/normalized-j12023_5.opb.xz,12
OPT-LIN/normalized-PB26/sergeys/CPMpy_translated_dataset_PB26/psplib/rcpsp/j120/normalized-j12023_6.opb.xz,12
OPT-LIN/normalized-PB26/sergeys/CPMpy_translated_dataset_PB26/psplib/rcpsp/j120/normalized-j12023_7.opb.xz,12
OPT-LIN/normalized-PB26/sergeys/CPMpy_translated_dataset_PB26/psplib/rcpsp/j120/normalized-j12023_8.opb.xz,12
OPT-LIN/normalized-PB26/sergeys/CPMpy_translated_dataset_PB26/psplib/rcpsp/j120/normalized-j12023_9.opb.xz,12
OPT-LIN/normalized-PB26/sergeys/CPMpy_translated_dataset_PB26/psplib/rcpsp/j120/normalized-j12024_1.opb.xz,12
OPT-LIN/normalized-PB26/sergeys/CPMpy_translated_dataset_PB26/psplib/rcpsp/j120/normalized-j12024_10.opb.xz,12
OPT-LIN/normalized-PB26/sergeys/CPMpy_translated_dataset_PB26/psplib/rcpsp/j120/normalized-j12024_2.opb.xz,12
OPT-LIN/normalized-PB26/sergeys/CPMpy_translated_dataset_PB26/psplib/rcpsp/j120/normalized-j12024_3.opb.xz,12
OPT-LIN/normalized-PB26/sergeys/CPMpy_translated_dataset_PB26/psplib/rcpsp/j120/normalized-j12024_4.opb.xz,12
OPT-LIN/normalized-PB26/sergeys/CPMpy_translated_dataset_PB26/psplib/rcpsp/j120/normalized-j12024_5.opb.xz,12
OPT-LIN/normalized-PB26/sergeys/CPMpy_translated_dataset_PB26/psplib/rcpsp/j120/normalized-j12024_6.opb.xz,12
OPT-LIN/normalized-PB26/sergeys/CPMpy_translated_dataset_PB26/psplib/rcpsp/j120/normalized-j12024_7.opb.xz,12
OPT-LIN/normalized-PB26/sergeys/CPMpy_translated_dataset_PB26/psplib/rcpsp/j120/normalized-j12024_8.opb.xz,12
OPT-LIN/normalized-PB26/sergeys/CPMpy_translated_dataset_PB26/psplib/rcpsp/j120/normalized-j12024_9.opb.xz,12
OPT-LIN/normalized-PB26/sergeys/CPMpy_translated_dataset_PB26/psplib/rcpsp/j120/normalized-j12025_1.opb.xz,12
OPT-LIN/normalized-PB26/sergeys/CPMpy_translated_dataset_PB26/psplib/rcpsp/j120/normalized-j12025_10.opb.xz,12
OPT-LIN/normalized-PB26/sergeys/CPMpy_translated_dataset_PB26/psplib/rcpsp/j120/normalized-j12025_2.opb.xz,12
OPT-LIN/normalized-PB26/sergeys/CPMpy_translated_dataset_PB26/psplib/rcpsp/j120/normalized-j12025_3.opb.xz,12
OPT-LIN/normalized-PB26/sergeys/CPMpy_translated_dataset_PB26/psplib/rcpsp/j120/normalized-j12025_4.opb.xz,12
OPT-LIN/normalized-PB26/sergeys/CPMpy_translated_dataset_PB26/psplib/rcpsp/j120/normalized-j12025_5.opb.xz,12
OPT-LIN/normalized-PB26/sergeys/CPMpy_translated_dataset_PB26/psplib/rcpsp/j120/normalized-j12025_6.opb.xz,12
OPT-LIN/normalized-PB26/sergeys/CPMpy_translated_dataset_PB26/psplib/rcpsp/j120/normalized-j12025_7.opb.xz,12
OPT-LIN/normalized-PB26/sergeys/CPMpy_translated_dataset_PB26/psplib/rcpsp/j120/normalized-j12025_8.opb.xz,12
OPT-LIN/normalized-PB26/sergeys/CPMpy_translated_dataset_PB26/psplib/rcpsp/j120/normalized-j12025_9.opb.xz,12
OPT-LIN/normalized-PB26/sergeys/CPMpy_translated_dataset_PB26/psplib/rcpsp/j120/normalized-j12026_1.opb.xz,12
OPT-LIN/normalized-PB26/sergeys/CPMpy_translated_dataset_PB26/psplib/rcpsp/j120/normalized-j12026_10.opb.xz,12
OPT-LIN/normalized-PB26/sergeys/CPMpy_translated_dataset_PB26/psplib/rcpsp/j120/normalized-j12026_2.opb.xz,12
OPT-LIN/normalized-PB26/sergeys/CPMpy_translated_dataset_PB26/psplib/rcpsp/j120/normalized-j12026_3.opb.xz,12
OPT-LIN/normalized-PB26/sergeys/CPMpy_translated_dataset_PB26/psplib/rcpsp/j120/normalized-j12026_4.opb.xz,12
OPT-LIN/normalized-PB26/sergeys/CPMpy_translated_dataset_PB26/psplib/rcpsp/j120/normalized-j12026_5.opb.xz,12
OPT-LIN/normalized-PB26/sergeys/CPMpy_translated_dataset_PB26/psplib/rcpsp/j120/normalized-j12026_6.opb.xz,12
OPT-LIN/normalized-PB26/sergeys/CPMpy_translated_dataset_PB26/psplib/rcpsp/j120/normalized-j12026_7.opb.xz,12
OPT-LIN/normalized-PB26/sergeys/CPMpy_translated_dataset_PB26/psplib/rcpsp/j120/normalized-j12026_8.opb.xz,12
OPT-LIN/normalized-PB26/sergeys/CPMpy_translated_dataset_PB26/psplib/rcpsp/j120/normalized-j12026_9.opb.xz,12
OPT-LIN/normalized-PB26/sergeys/CPMpy_translated_dataset_PB26/psplib/rcpsp/j120/normalized-j12027_1.opb.xz,12
OPT-LIN/normalized-PB26/sergeys/CPMpy_translated_dataset_PB26/psplib/rcpsp/j120/normalized-j12027_10.opb.xz,12
OPT-LIN/normalized-PB26/sergeys/CPMpy_translated_dataset_PB26/psplib/rcpsp/j120/normalized-j12027_2.opb.xz,12
OPT-LIN/normalized-PB26/sergeys/CPMpy_translated_dataset_PB26/psplib/rcpsp/j120/normalized-j12027_3.opb.xz,12
OPT-LIN/normalized-PB26/sergeys/CPMpy_translated_dataset_PB26/psplib/rcpsp/j120/normalized-j12027_4.opb.xz,12
OPT-LIN/normalized-PB26/sergeys/CPMpy_translated_dataset_PB26/psplib/rcpsp/j120/normalized-j12027_5.opb.xz,12
OPT-LIN/normalized-PB26/sergeys/CPMpy_translated_dataset_PB26/psplib/rcpsp/j120/normalized-j12027_6.opb.xz,12
OPT-LIN/normalized-PB26/sergeys/CPMpy_translated_dataset_PB26/psplib/rcpsp/j120/normalized-j12027_7.opb.xz,12
OPT-LIN/normalized-PB26/sergeys/CPMpy_translated_dataset_PB26/psplib/rcpsp/j120/normalized-j12027_8.opb.xz,12
OPT-LIN/normalized-PB26/sergeys/CPMpy_translated_dataset_PB26/psplib/rcpsp/j120/normalized-j12027_9.opb.xz,12
OPT-LIN/normalized-PB26/sergeys/CPMpy_translated_dataset_PB26/psplib/rcpsp/j120/normalized-j12028_1.opb.xz,12
OPT-LIN/normalized-PB26/sergeys/CPMpy_translated_dataset_PB26/psplib/rcpsp/j120/normalized-j12028_10.opb.xz,12
OPT-LIN/normalized-PB26/sergeys/CPMpy_translated_dataset_PB26/psplib/rcpsp/j120/normalized-j12028_2.opb.xz,12
OPT-LIN/normalized-PB26/sergeys/CPMpy_translated_dataset_PB26/psplib/rcpsp/j120/normalized-j12028_3.opb.xz,12
OPT-LIN/normalized-PB26/sergeys/CPMpy_translated_dataset_PB26/psplib/rcpsp/j120/normalized-j12028_4.opb.xz,12
OPT-LIN/normalized-PB26/sergeys/CPMpy_translated_dataset_PB26/psplib/rcpsp/j120/normalized-j12028_5.opb.xz,12
OPT-LIN/normalized-PB26/sergeys/CPMpy_translated_dataset_PB26/psplib/rcpsp/j120/normalized-j12028_6.opb.xz,12
OPT-LIN/normalized-PB26/sergeys/CPMpy_translated_dataset_PB26/psplib/rcpsp/j120/normalized-j12028_7.opb.xz,12
OPT-LIN/normalized-PB26/sergeys/CPMpy_translated_dataset_PB26/psplib/rcpsp/j120/normalized-j12028_8.opb.xz,12
OPT-LIN/normalized-PB26/sergeys/CPMpy_translated_dataset_PB26/psplib/rcpsp/j120/normalized-j12028_9.opb.xz,12
OPT-LIN/normalized-PB26/sergeys/CPMpy_translated_dataset_PB26/psplib/rcpsp/j120/normalized-j12029_1.opb.xz,12
OPT-LIN/normalized-PB26/sergeys/CPMpy_translated_dataset_PB26/psplib/rcpsp/j120/normalized-j12029_10.opb.xz,12
OPT-LIN/normalized-PB26/sergeys/CPMpy_translated_dataset_PB26/psplib/rcpsp/j120/normalized-j12029_2.opb.xz,12
OPT-LIN/normalized-PB26/sergeys/CPMpy_translated_dataset_PB26/psplib/rcpsp/j120/normalized-j12029_3.opb.xz,12
OPT-LIN/normalized-PB26/sergeys/CPMpy_translated_dataset_PB26/psplib/rcpsp/j120/normalized-j12029_4.opb.xz,12
OPT-LIN/normalized-PB26/sergeys/CPMpy_translated_dataset_PB26/psplib/rcpsp/j120/normalized-j12029_5.opb.xz,12
OPT-LIN/normalized-PB26/sergeys/CPMpy_translated_dataset_PB26/psplib/rcpsp/j120/normalized-j12029_6.opb.xz,12
OPT-LIN/normalized-PB26/sergeys/CPMpy_translated_dataset_PB26/psplib/rcpsp/j120/normalized-j12029_7.opb.xz,12
OPT-LIN/normalized-PB26/sergeys/CPMpy_translated_dataset_PB26/psplib/rcpsp/j120/normalized-j12029_8.opb.xz,12
OPT-LIN/normalized-PB26/sergeys/CPMpy_translated_dataset_PB26/psplib/rcpsp/j120/normalized-j12029_9.opb.xz,12
OPT-LIN/normalized-PB26/sergeys/CPMpy_translated_dataset_PB26/psplib/rcpsp/j120/normalized-j1202_1.opb.xz,12
OPT-LIN/normalized-PB26/sergeys/CPMpy_translated_dataset_PB26/psplib/rcpsp/j120/normalized-j1202_10.opb.xz,12
OPT-LIN/normalized-PB26/sergeys/CPMpy_translated_dataset_PB26/psplib/rcpsp/j120/normalized-j1202_2.opb.xz,12
OPT-LIN/normalized-PB26/sergeys/CPMpy_translated_dataset_PB26/psplib/rcpsp/j120/normalized-j1202_3.opb.xz,12
OPT-LIN/normalized-PB26/sergeys/CPMpy_translated_dataset_PB26/psplib/rcpsp/j120/normalized-j1202_4.opb.xz,12
OPT-LIN/normalized-PB26/sergeys/CPMpy_translated_dataset_PB26/psplib/rcpsp/j120/normalized-j1202_5.opb.xz,12
OPT-LIN/normalized-PB26/sergeys/CPMpy_translated_dataset_PB26/psplib/rcpsp/j120/normalized-j1202_6.opb.xz,12
OPT-LIN/normalized-PB26/sergeys/CPMpy_translated_dataset_PB26/psplib/rcpsp/j120/normalized-j1202_7.opb.xz,12
OPT-LIN/normalized-PB26/sergeys/CPMpy_translated_dataset_PB26/psplib/rcpsp/j120/normalized-j1202_8.opb.xz,12
OPT-LIN/normalized-PB26/sergeys/CPMpy_translated_dataset_PB26/psplib/rcpsp/j120/normalized-j1202_9.opb.xz,12
OPT-LIN/normalized-PB26/sergeys/CPMpy_translated_dataset_PB26/psplib/rcpsp/j120/normalized-j12030_1.opb.xz,12
OPT-LIN/normalized-PB26/sergeys/CPMpy_translated_dataset_PB26/psplib/rcpsp/j120/normalized-j12030_10.opb.xz,12
OPT-LIN/normalized-PB26/sergeys/CPMpy_translated_dataset_PB26/psplib/rcpsp/j120/normalized-j12030_2.opb.xz,12
OPT-LIN/normalized-PB26/sergeys/CPMpy_translated_dataset_PB26/psplib/rcpsp/j120/normalized-j12030_3.opb.xz,12
OPT-LIN/normalized-PB26/sergeys/CPMpy_translated_dataset_PB26/psplib/rcpsp/j120/normalized-j12030_4.opb.xz,12
OPT-LIN/normalized-PB26/sergeys/CPMpy_translated_dataset_PB26/psplib/rcpsp/j120/normalized-j12030_5.opb.xz,12
OPT-LIN/normalized-PB26/sergeys/CPMpy_translated_dataset_PB26/psplib/rcpsp/j120/normalized-j12030_6.opb.xz,12
OPT-LIN/normalized-PB26/sergeys/CPMpy_translated_dataset_PB26/psplib/rcpsp/j120/normalized-j12030_7.opb.xz,12
OPT-LIN/normalized-PB26/sergeys/CPMpy_translated_dataset_PB26/psplib/rcpsp/j120/normalized-j12030_8.opb.xz,12
OPT-LIN/normalized-PB26/sergeys/CPMpy_translated_dataset_PB26/psplib/rcpsp/j120/normalized-j12030_9.opb.xz,12
OPT-LIN/normalized-PB26/sergeys/CPMpy_translated_dataset_PB26/psplib/rcpsp/j120/normalized-j12031_1.opb.xz,12
OPT-LIN/normalized-PB26/sergeys/CPMpy_translated_dataset_PB26/psplib/rcpsp/j120/normalized-j12031_10.opb.xz,12
OPT-LIN/normalized-PB26/sergeys/CPMpy_translated_dataset_PB26/psplib/rcpsp/j120/normalized-j12031_2.opb.xz,12
OPT-LIN/normalized-PB26/sergeys/CPMpy_translated_dataset_PB26/psplib/rcpsp/j120/normalized-j12031_3.opb.xz,12
OPT-LIN/normalized-PB26/sergeys/CPMpy_translated_dataset_PB26/psplib/rcpsp/j120/normalized-j12031_4.opb.xz,12
OPT-LIN/normalized-PB26/sergeys/CPMpy_translated_dataset_PB26/psplib/rcpsp/j120/normalized-j12031_5.opb.xz,12
OPT-LIN/normalized-PB26/sergeys/CPMpy_translated_dataset_PB26/psplib/rcpsp/j120/normalized-j12031_6.opb.xz,12
OPT-LIN/normalized-PB26/sergeys/CPMpy_translated_dataset_PB26/psplib/rcpsp/j120/normalized-j12031_7.opb.xz,12
OPT-LIN/normalized-PB26/sergeys/CPMpy_translated_dataset_PB26/psplib/rcpsp/j120/normalized-j12031_8.opb.xz,12
OPT-LIN/normalized-PB26/sergeys/CPMpy_translated_dataset_PB26/psplib/rcpsp/j120/normalized-j12031_9.opb.xz,12
OPT-LIN/normalized-PB26/sergeys/CPMpy_translated_dataset_PB26/psplib/rcpsp/j120/normalized-j12032_1.opb.xz,12
OPT-LIN/normalized-PB26/sergeys/CPMpy_translated_dataset_PB26/psplib/rcpsp/j120/normalized-j12032_10.opb.xz,12
OPT-LIN/normalized-PB26/sergeys/CPMpy_translated_dataset_PB26/psplib/rcpsp/j120/normalized-j12032_2.opb.xz,12
OPT-LIN/normalized-PB26/sergeys/CPMpy_translated_dataset_PB26/psplib/rcpsp/j120/normalized-j12032_3.opb.xz,12
OPT-LIN/normalized-PB26/sergeys/CPMpy_translated_dataset_PB26/psplib/rcpsp/j120/normalized-j12032_4.opb.xz,12
OPT-LIN/normalized-PB26/sergeys/CPMpy_translated_dataset_PB26/psplib/rcpsp/j120/normalized-j12032_5.opb.xz,12
OPT-LIN/normalized-PB26/sergeys/CPMpy_translated_dataset_PB26/psplib/rcpsp/j120/normalized-j12032_6.opb.xz,12
OPT-LIN/normalized-PB26/sergeys/CPMpy_translated_dataset_PB26/psplib/rcpsp/j120/normalized-j12032_7.opb.xz,12
OPT-LIN/normalized-PB26/sergeys/CPMpy_translated_dataset_PB26/psplib/rcpsp/j120/normalized-j12032_8.opb.xz,12
OPT-LIN/normalized-PB26/sergeys/CPMpy_translated_dataset_PB26/psplib/rcpsp/j120/normalized-j12032_9.opb.xz,12
OPT-LIN/normalized-PB26/sergeys/CPMpy_translated_dataset_PB26/psplib/rcpsp/j120/normalized-j12033_1.opb.xz,12
OPT-LIN/normalized-PB26/sergeys/CPMpy_translated_dataset_PB26/psplib/rcpsp/j120/normalized-j12033_10.opb.xz,12
OPT-LIN/normalized-PB26/sergeys/CPMpy_translated_dataset_PB26/psplib/rcpsp/j120/normalized-j12033_2.opb.xz,12
OPT-LIN/normalized-PB26/sergeys/CPMpy_translated_dataset_PB26/psplib/rcpsp/j120/normalized-j12033_3.opb.xz,12
OPT-LIN/normalized-PB26/sergeys/CPMpy_translated_dataset_PB26/psplib/rcpsp/j120/normalized-j12033_4.opb.xz,12
OPT-LIN/normalized-PB26/sergeys/CPMpy_translated_dataset_PB26/psplib/rcpsp/j120/normalized-j12033_5.opb.xz,12
OPT-LIN/normalized-PB26/sergeys/CPMpy_translated_dataset_PB26/psplib/rcpsp/j120/normalized-j12033_6.opb.xz,12
OPT-LIN/normalized-PB26/sergeys/CPMpy_translated_dataset_PB26/psplib/rcpsp/j120/normalized-j12033_7.opb.xz,12
OPT-LIN/normalized-PB26/sergeys/CPMpy_translated_dataset_PB26/psplib/rcpsp/j120/normalized-j12033_8.opb.xz,12
OPT-LIN/normalized-PB26/sergeys/CPMpy_translated_dataset_PB26/psplib/rcpsp/j120/normalized-j12033_9.opb.xz,12
OPT-LIN/normalized-PB26/sergeys/CPMpy_translated_dataset_PB26/psplib/rcpsp/j120/normalized-j12034_1.opb.xz,12
OPT-LIN/normalized-PB26/sergeys/CPMpy_translated_dataset_PB26/psplib/rcpsp/j120/normalized-j12034_10.opb.xz,12
OPT-LIN/normalized-PB26/sergeys/CPMpy_translated_dataset_PB26/psplib/rcpsp/j120/normalized-j12034_2.opb.xz,12
OPT-LIN/normalized-PB26/sergeys/CPMpy_translated_dataset_PB26/psplib/rcpsp/j120/normalized-j12034_3.opb.xz,12
OPT-LIN/normalized-PB26/sergeys/CPMpy_translated_dataset_PB26/psplib/rcpsp/j120/normalized-j12034_4.opb.xz,12
OPT-LIN/normalized-PB26/sergeys/CPMpy_translated_dataset_PB26/psplib/rcpsp/j120/normalized-j12034_5.opb.xz,12
OPT-LIN/normalized-PB26/sergeys/CPMpy_translated_dataset_PB26/psplib/rcpsp/j120/normalized-j12034_6.opb.xz,12
OPT-LIN/normalized-PB26/sergeys/CPMpy_translated_dataset_PB26/psplib/rcpsp/j120/normalized-j12034_7.opb.xz,12
OPT-LIN/normalized-PB26/sergeys/CPMpy_translated_dataset_PB26/psplib/rcpsp/j120/normalized-j12034_8.opb.xz,12
OPT-LIN/normalized-PB26/sergeys/CPMpy_translated_dataset_PB26/psplib/rcpsp/j120/normalized-j12034_9.opb.xz,12
OPT-LIN/normalized-PB26/sergeys/CPMpy_translated_dataset_PB26/psplib/rcpsp/j120/normalized-j12035_1.opb.xz,12
OPT-LIN/normalized-PB26/sergeys/CPMpy_translated_dataset_PB26/psplib/rcpsp/j120/normalized-j12035_10.opb.xz,12
OPT-LIN/normalized-PB26/sergeys/CPMpy_translated_dataset_PB26/psplib/rcpsp/j120/normalized-j12035_2.opb.xz,12
OPT-LIN/normalized-PB26/sergeys/CPMpy_translated_dataset_PB26/psplib/rcpsp/j120/normalized-j12035_3.opb.xz,12
OPT-LIN/normalized-PB26/sergeys/CPMpy_translated_dataset_PB26/psplib/rcpsp/j120/normalized-j12035_4.opb.xz,12
OPT-LIN/normalized-PB26/sergeys/CPMpy_translated_dataset_PB26/psplib/rcpsp/j120/normalized-j12035_5.opb.xz,12
OPT-LIN/normalized-PB26/sergeys/CPMpy_translated_dataset_PB26/psplib/rcpsp/j120/normalized-j12035_6.opb.xz,12
OPT-LIN/normalized-PB26/sergeys/CPMpy_translated_dataset_PB26/psplib/rcpsp/j120/normalized-j12035_7.opb.xz,12
OPT-LIN/normalized-PB26/sergeys/CPMpy_translated_dataset_PB26/psplib/rcpsp/j120/normalized-j12035_8.opb.xz,12
OPT-LIN/normalized-PB26/sergeys/CPMpy_translated_dataset_PB26/psplib/rcpsp/j120/normalized-j12035_9.opb.xz,12
OPT-LIN/normalized-PB26/sergeys/CPMpy_translated_dataset_PB26/psplib/rcpsp/j120/normalized-j12036_1.opb.xz,12
OPT-LIN/normalized-PB26/sergeys/CPMpy_translated_dataset_PB26/psplib/rcpsp/j120/normalized-j12036_10.opb.xz,12
OPT-LIN/normalized-PB26/sergeys/CPMpy_translated_dataset_PB26/psplib/rcpsp/j120/normalized-j12036_2.opb.xz,12
OPT-LIN/normalized-PB26/sergeys/CPMpy_translated_dataset_PB26/psplib/rcpsp/j120/normalized-j12036_3.opb.xz,12
OPT-LIN/normalized-PB26/sergeys/CPMpy_translated_dataset_PB26/psplib/rcpsp/j120/normalized-j12036_4.opb.xz,12
OPT-LIN/normalized-PB26/sergeys/CPMpy_translated_dataset_PB26/psplib/rcpsp/j120/normalized-j12036_5.opb.xz,12
OPT-LIN/normalized-PB26/sergeys/CPMpy_translated_dataset_PB26/psplib/rcpsp/j120/normalized-j12036_6.opb.xz,12
OPT-LIN/normalized-PB26/sergeys/CPMpy_translated_dataset_PB26/psplib/rcpsp/j120/normalized-j12036_7.opb.xz,12
OPT-LIN/normalized-PB26/sergeys/CPMpy_translated_dataset_PB26/psplib/rcpsp/j120/normalized-j12036_8.opb.xz,12
OPT-LIN/normalized-PB26/sergeys/CPMpy_translated_dataset_PB26/psplib/rcpsp/j120/normalized-j12036_9.opb.xz,12
OPT-LIN/normalized-PB26/sergeys/CPMpy_translated_dataset_PB26/psplib/rcpsp/j120/normalized-j12037_1.opb.xz,12
OPT-LIN/normalized-PB26/sergeys/CPMpy_translated_dataset_PB26/psplib/rcpsp/j120/normalized-j12037_10.opb.xz,12
OPT-LIN/normalized-PB26/sergeys/CPMpy_translated_dataset_PB26/psplib/rcpsp/j120/normalized-j12037_2.opb.xz,12
OPT-LIN/normalized-PB26/sergeys/CPMpy_translated_dataset_PB26/psplib/rcpsp/j120/normalized-j12037_3.opb.xz,12
OPT-LIN/normalized-PB26/sergeys/CPMpy_translated_dataset_PB26/psplib/rcpsp/j120/normalized-j12037_4.opb.xz,12
OPT-LIN/normalized-PB26/sergeys/CPMpy_translated_dataset_PB26/psplib/rcpsp/j120/normalized-j12037_5.opb.xz,12
OPT-LIN/normalized-PB26/sergeys/CPMpy_translated_dataset_PB26/psplib/rcpsp/j120/normalized-j12037_6.opb.xz,12
OPT-LIN/normalized-PB26/sergeys/CPMpy_translated_dataset_PB26/psplib/rcpsp/j120/normalized-j12037_7.opb.xz,12
OPT-LIN/normalized-PB26/sergeys/CPMpy_translated_dataset_PB26/psplib/rcpsp/j120/normalized-j12037_8.opb.xz,12
OPT-LIN/normalized-PB26/sergeys/CPMpy_translated_dataset_PB26/psplib/rcpsp/j120/normalized-j12037_9.opb.xz,12
OPT-LIN/normalized-PB26/sergeys/CPMpy_translated_dataset_PB26/psplib/rcpsp/j120/normalized-j12038_1.opb.xz,12
OPT-LIN/normalized-PB26/sergeys/CPMpy_translated_dataset_PB26/psplib/rcpsp/j120/normalized-j12038_10.opb.xz,12
OPT-LIN/normalized-PB26/sergeys/CPMpy_translated_dataset_PB26/psplib/rcpsp/j120/normalized-j12038_2.opb.xz,12
OPT-LIN/normalized-PB26/sergeys/CPMpy_translated_dataset_PB26/psplib/rcpsp/j120/normalized-j12038_3.opb.xz,12
OPT-LIN/normalized-PB26/sergeys/CPMpy_translated_dataset_PB26/psplib/rcpsp/j120/normalized-j12038_4.opb.xz,12
OPT-LIN/normalized-PB26/sergeys/CPMpy_translated_dataset_PB26/psplib/rcpsp/j120/normalized-j12038_5.opb.xz,12
OPT-LIN/normalized-PB26/sergeys/CPMpy_translated_dataset_PB26/psplib/rcpsp/j120/normalized-j12038_6.opb.xz,12
OPT-LIN/normalized-PB26/sergeys/CPMpy_translated_dataset_PB26/psplib/rcpsp/j120/normalized-j12038_7.opb.xz,12
OPT-LIN/normalized-PB26/sergeys/CPMpy_translated_dataset_PB26/psplib/rcpsp/j120/normalized-j12038_8.opb.xz,12
OPT-LIN/normalized-PB26/sergeys/CPMpy_translated_dataset_PB26/psplib/rcpsp/j120/normalized-j12038_9.opb.xz,12
OPT-LIN/normalized-PB26/sergeys/CPMpy_translated_dataset_PB26/psplib/rcpsp/j120/normalized-j12039_1.opb.xz,12
OPT-LIN/normalized-PB26/sergeys/CPMpy_translated_dataset_PB26/psplib/rcpsp/j120/normalized-j12039_10.opb.xz,12
OPT-LIN/normalized-PB26/sergeys/CPMpy_translated_dataset_PB26/psplib/rcpsp/j120/normalized-j12039_2.opb.xz,12
OPT-LIN/normalized-PB26/sergeys/CPMpy_translated_dataset_PB26/psplib/rcpsp/j120/normalized-j12039_3.opb.xz,12
OPT-LIN/normalized-PB26/sergeys/CPMpy_translated_dataset_PB26/psplib/rcpsp/j120/normalized-j12039_4.opb.xz,12
OPT-LIN/normalized-PB26/sergeys/CPMpy_translated_dataset_PB26/psplib/rcpsp/j120/normalized-j12039_5.opb.xz,12
OPT-LIN/normalized-PB26/sergeys/CPMpy_translated_dataset_PB26/psplib/rcpsp/j120/normalized-j12039_6.opb.xz,12
OPT-LIN/normalized-PB26/sergeys/CPMpy_translated_dataset_PB26/psplib/rcpsp/j120/normalized-j12039_7.opb.xz,12
OPT-LIN/normalized-PB26/sergeys/CPMpy_translated_dataset_PB26/psplib/rcpsp/j120/normalized-j12039_8.opb.xz,12
OPT-LIN/normalized-PB26/sergeys/CPMpy_translated_dataset_PB26/psplib/rcpsp/j120/normalized-j12039_9.opb.xz,12
OPT-LIN/normalized-PB26/sergeys/CPMpy_translated_dataset_PB26/psplib/rcpsp/j120/normalized-j1203_1.opb.xz,12
OPT-LIN/normalized-PB26/sergeys/CPMpy_translated_dataset_PB26/psplib/rcpsp/j120/normalized-j1203_10.opb.xz,12
OPT-LIN/normalized-PB26/sergeys/CPMpy_translated_dataset_PB26/psplib/rcpsp/j120/normalized-j1203_2.opb.xz,12
OPT-LIN/normalized-PB26/sergeys/CPMpy_translated_dataset_PB26/psplib/rcpsp/j120/normalized-j1203_3.opb.xz,12
OPT-LIN/normalized-PB26/sergeys/CPMpy_translated_dataset_PB26/psplib/rcpsp/j120/normalized-j1203_4.opb.xz,12
OPT-LIN/normalized-PB26/sergeys/CPMpy_translated_dataset_PB26/psplib/rcpsp/j120/normalized-j1203_5.opb.xz,12
OPT-LIN/normalized-PB26/sergeys/CPMpy_translated_dataset_PB26/psplib/rcpsp/j120/normalized-j1203_6.opb.xz,12
OPT-LIN/normalized-PB26/sergeys/CPMpy_translated_dataset_PB26/psplib/rcpsp/j120/normalized-j1203_7.opb.xz,12
OPT-LIN/normalized-PB26/sergeys/CPMpy_translated_dataset_PB26/psplib/rcpsp/j120/normalized-j1203_8.opb.xz,12
OPT-LIN/normalized-PB26/sergeys/CPMpy_translated_dataset_PB26/psplib/rcpsp/j120/normalized-j1203_9.opb.xz,12
OPT-LIN/normalized-PB26/sergeys/CPMpy_translated_dataset_PB26/psplib/rcpsp/j120/normalized-j12040_1.opb.xz,12
OPT-LIN/normalized-PB26/sergeys/CPMpy_translated_dataset_PB26/psplib/rcpsp/j120/normalized-j12040_10.opb.xz,12
OPT-LIN/normalized-PB26/sergeys/CPMpy_translated_dataset_PB26/psplib/rcpsp/j120/normalized-j12040_2.opb.xz,12
OPT-LIN/normalized-PB26/sergeys/CPMpy_translated_dataset_PB26/psplib/rcpsp/j120/normalized-j12040_3.opb.xz,12
OPT-LIN/normalized-PB26/sergeys/CPMpy_translated_dataset_PB26/psplib/rcpsp/j120/normalized-j12040_4.opb.xz,12
OPT-LIN/normalized-PB26/sergeys/CPMpy_translated_dataset_PB26/psplib/rcpsp/j120/normalized-j12040_5.opb.xz,12
OPT-LIN/normalized-PB26/sergeys/CPMpy_translated_dataset_PB26/psplib/rcpsp/j120/normalized-j12040_6.opb.xz,12
OPT-LIN/normalized-PB26/sergeys/CPMpy_translated_dataset_PB26/psplib/rcpsp/j120/normalized-j12040_7.opb.xz,12
OPT-LIN/normalized-PB26/sergeys/CPMpy_translated_dataset_PB26/psplib/rcpsp/j120/normalized-j12040_8.opb.xz,12
OPT-LIN/normalized-PB26/sergeys/CPMpy_translated_dataset_PB26/psplib/rcpsp/j120/normalized-j12040_9.opb.xz,12
OPT-LIN/normalized-PB26/sergeys/CPMpy_translated_dataset_PB26/psplib/rcpsp/j120/normalized-j12041_1.opb.xz,12
OPT-LIN/normalized-PB26/sergeys/CPMpy_translated_dataset_PB26/psplib/rcpsp/j120/normalized-j12041_10.opb.xz,12
OPT-LIN/normalized-PB26/sergeys/CPMpy_translated_dataset_PB26/psplib/rcpsp/j120/normalized-j12041_2.opb.xz,12
OPT-LIN/normalized-PB26/sergeys/CPMpy_translated_dataset_PB26/psplib/rcpsp/j120/normalized-j12041_3.opb.xz,12
OPT-LIN/normalized-PB26/sergeys/CPMpy_translated_dataset_PB26/psplib/rcpsp/j120/normalized-j12041_4.opb.xz,12
OPT-LIN/normalized-PB26/sergeys/CPMpy_translated_dataset_PB26/psplib/rcpsp/j120/normalized-j12041_5.opb.xz,12
OPT-LIN/normalized-PB26/sergeys/CPMpy_translated_dataset_PB26/psplib/rcpsp/j120/normalized-j12041_6.opb.xz,12
OPT-LIN/normalized-PB26/sergeys/CPMpy_translated_dataset_PB26/psplib/rcpsp/j120/normalized-j12041_7.opb.xz,12
OPT-LIN/normalized-PB26/sergeys/CPMpy_translated_dataset_PB26/psplib/rcpsp/j120/normalized-j12041_8.opb.xz,12
OPT-LIN/normalized-PB26/sergeys/CPMpy_translated_dataset_PB26/psplib/rcpsp/j120/normalized-j12041_9.opb.xz,12
OPT-LIN/normalized-PB26/sergeys/CPMpy_translated_dataset_PB26/psplib/rcpsp/j120/normalized-j12042_1.opb.xz,12
OPT-LIN/normalized-PB26/sergeys/CPMpy_translated_dataset_PB26/psplib/rcpsp/j120/normalized-j12042_10.opb.xz,12
OPT-LIN/normalized-PB26/sergeys/CPMpy_translated_dataset_PB26/psplib/rcpsp/j120/normalized-j12042_2.opb.xz,12
OPT-LIN/normalized-PB26/sergeys/CPMpy_translated_dataset_PB26/psplib/rcpsp/j120/normalized-j12042_3.opb.xz,12
OPT-LIN/normalized-PB26/sergeys/CPMpy_translated_dataset_PB26/psplib/rcpsp/j120/normalized-j12042_4.opb.xz,12
OPT-LIN/normalized-PB26/sergeys/CPMpy_translated_dataset_PB26/psplib/rcpsp/j120/normalized-j12042_5.opb.xz,12
OPT-LIN/normalized-PB26/sergeys/CPMpy_translated_dataset_PB26/psplib/rcpsp/j120/normalized-j12042_6.opb.xz,12
OPT-LIN/normalized-PB26/sergeys/CPMpy_translated_dataset_PB26/psplib/rcpsp/j120/normalized-j12042_7.opb.xz,12
OPT-LIN/normalized-PB26/sergeys/CPMpy_translated_dataset_PB26/psplib/rcpsp/j120/normalized-j12042_8.opb.xz,12
OPT-LIN/normalized-PB26/sergeys/CPMpy_translated_dataset_PB26/psplib/rcpsp/j120/normalized-j12042_9.opb.xz,12
OPT-LIN/normalized-PB26/sergeys/CPMpy_translated_dataset_PB26/psplib/rcpsp/j120/normalized-j12043_1.opb.xz,12
OPT-LIN/normalized-PB26/sergeys/CPMpy_translated_dataset_PB26/psplib/rcpsp/j120/normalized-j12043_10.opb.xz,12
OPT-LIN/normalized-PB26/sergeys/CPMpy_translated_dataset_PB26/psplib/rcpsp/j120/normalized-j12043_2.opb.xz,12
OPT-LIN/normalized-PB26/sergeys/CPMpy_translated_dataset_PB26/psplib/rcpsp/j120/normalized-j12043_3.opb.xz,12
OPT-LIN/normalized-PB26/sergeys/CPMpy_translated_dataset_PB26/psplib/rcpsp/j120/normalized-j12043_4.opb.xz,12
OPT-LIN/normalized-PB26/sergeys/CPMpy_translated_dataset_PB26/psplib/rcpsp/j120/normalized-j12043_5.opb.xz,12
OPT-LIN/normalized-PB26/sergeys/CPMpy_translated_dataset_PB26/psplib/rcpsp/j120/normalized-j12043_6.opb.xz,12
OPT-LIN/normalized-PB26/sergeys/CPMpy_translated_dataset_PB26/psplib/rcpsp/j120/normalized-j12043_7.opb.xz,12
OPT-LIN/normalized-PB26/sergeys/CPMpy_translated_dataset_PB26/psplib/rcpsp/j120/normalized-j12043_8.opb.xz,12
OPT-LIN/normalized-PB26/sergeys/CPMpy_translated_dataset_PB26/psplib/rcpsp/j120/normalized-j12043_9.opb.xz,12
OPT-LIN/normalized-PB26/sergeys/CPMpy_translated_dataset_PB26/psplib/rcpsp/j120/normalized-j12044_1.opb.xz,12
OPT-LIN/normalized-PB26/sergeys/CPMpy_translated_dataset_PB26/psplib/rcpsp/j120/normalized-j12044_10.opb.xz,12
OPT-LIN/normalized-PB26/sergeys/CPMpy_translated_dataset_PB26/psplib/rcpsp/j120/normalized-j12044_2.opb.xz,12
OPT-LIN/normalized-PB26/sergeys/CPMpy_translated_dataset_PB26/psplib/rcpsp/j120/normalized-j12044_3.opb.xz,12
OPT-LIN/normalized-PB26/sergeys/CPMpy_translated_dataset_PB26/psplib/rcpsp/j120/normalized-j12044_4.opb.xz,12
OPT-LIN/normalized-PB26/sergeys/CPMpy_translated_dataset_PB26/psplib/rcpsp/j120/normalized-j12044_5.opb.xz,12
OPT-LIN/normalized-PB26/sergeys/CPMpy_translated_dataset_PB26/psplib/rcpsp/j120/normalized-j12044_6.opb.xz,12
OPT-LIN/normalized-PB26/sergeys/CPMpy_translated_dataset_PB26/psplib/rcpsp/j120/normalized-j12044_7.opb.xz,12
OPT-LIN/normalized-PB26/sergeys/CPMpy_translated_dataset_PB26/psplib/rcpsp/j120/normalized-j12044_8.opb.xz,12
OPT-LIN/normalized-PB26/sergeys/CPMpy_translated_dataset_PB26/psplib/rcpsp/j120/normalized-j12044_9.opb.xz,12
OPT-LIN/normalized-PB26/sergeys/CPMpy_translated_dataset_PB26/psplib/rcpsp/j120/normalized-j12045_1.opb.xz,12
OPT-LIN/normalized-PB26/sergeys/CPMpy_translated_dataset_PB26/psplib/rcpsp/j120/normalized-j12045_10.opb.xz,12
OPT-LIN/normalized-PB26/sergeys/CPMpy_translated_dataset_PB26/psplib/rcpsp/j120/normalized-j12045_2.opb.xz,12
OPT-LIN/normalized-PB26/sergeys/CPMpy_translated_dataset_PB26/psplib/rcpsp/j120/normalized-j12045_3.opb.xz,12
OPT-LIN/normalized-PB26/sergeys/CPMpy_translated_dataset_PB26/psplib/rcpsp/j120/normalized-j12045_4.opb.xz,12
OPT-LIN/normalized-PB26/sergeys/CPMpy_translated_dataset_PB26/psplib/rcpsp/j120/normalized-j12045_5.opb.xz,12
OPT-LIN/normalized-PB26/sergeys/CPMpy_translated_dataset_PB26/psplib/rcpsp/j120/normalized-j12045_6.opb.xz,12
OPT-LIN/normalized-PB26/sergeys/CPMpy_translated_dataset_PB26/psplib/rcpsp/j120/normalized-j12045_7.opb.xz,12
OPT-LIN/normalized-PB26/sergeys/CPMpy_translated_dataset_PB26/psplib/rcpsp/j120/normalized-j12045_8.opb.xz,12
OPT-LIN/normalized-PB26/sergeys/CPMpy_translated_dataset_PB26/psplib/rcpsp/j120/normalized-j12045_9.opb.xz,12
OPT-LIN/normalized-PB26/sergeys/CPMpy_translated_dataset_PB26/psplib/rcpsp/j120/normalized-j12046_1.opb.xz,12
OPT-LIN/normalized-PB26/sergeys/CPMpy_translated_dataset_PB26/psplib/rcpsp/j120/normalized-j12046_10.opb.xz,12
OPT-LIN/normalized-PB26/sergeys/CPMpy_translated_dataset_PB26/psplib/rcpsp/j120/normalized-j12046_2.opb.xz,12
OPT-LIN/normalized-PB26/sergeys/CPMpy_translated_dataset_PB26/psplib/rcpsp/j120/normalized-j12046_3.opb.xz,12
OPT-LIN/normalized-PB26/sergeys/CPMpy_translated_dataset_PB26/psplib/rcpsp/j120/normalized-j12046_4.opb.xz,12
OPT-LIN/normalized-PB26/sergeys/CPMpy_translated_dataset_PB26/psplib/rcpsp/j120/normalized-j12046_5.opb.xz,12
OPT-LIN/normalized-PB26/sergeys/CPMpy_translated_dataset_PB26/psplib/rcpsp/j120/normalized-j12046_6.opb.xz,12
OPT-LIN/normalized-PB26/sergeys/CPMpy_translated_dataset_PB26/psplib/rcpsp/j120/normalized-j12046_7.opb.xz,12
OPT-LIN/normalized-PB26/sergeys/CPMpy_translated_dataset_PB26/psplib/rcpsp/j120/normalized-j12046_8.opb.xz,12
OPT-LIN/normalized-PB26/sergeys/CPMpy_translated_dataset_PB26/psplib/rcpsp/j120/normalized-j12046_9.opb.xz,12
OPT-LIN/normalized-PB26/sergeys/CPMpy_translated_dataset_PB26/psplib/rcpsp/j120/normalized-j12047_1.opb.xz,12
OPT-LIN/normalized-PB26/sergeys/CPMpy_translated_dataset_PB26/psplib/rcpsp/j120/normalized-j12047_10.opb.xz,12
OPT-LIN/normalized-PB26/sergeys/CPMpy_translated_dataset_PB26/psplib/rcpsp/j120/normalized-j12047_2.opb.xz,12
OPT-LIN/normalized-PB26/sergeys/CPMpy_translated_dataset_PB26/psplib/rcpsp/j120/normalized-j12047_3.opb.xz,12
OPT-LIN/normalized-PB26/sergeys/CPMpy_translated_dataset_PB26/psplib/rcpsp/j120/normalized-j12047_4.opb.xz,12
OPT-LIN/normalized-PB26/sergeys/CPMpy_translated_dataset_PB26/psplib/rcpsp/j120/normalized-j12047_5.opb.xz,12
OPT-LIN/normalized-PB26/sergeys/CPMpy_translated_dataset_PB26/psplib/rcpsp/j120/normalized-j12047_6.opb.xz,12
OPT-LIN/normalized-PB26/sergeys/CPMpy_translated_dataset_PB26/psplib/rcpsp/j120/normalized-j12047_7.opb.xz,12
OPT-LIN/normalized-PB26/sergeys/CPMpy_translated_dataset_PB26/psplib/rcpsp/j120/normalized-j12047_8.opb.xz,12
OPT-LIN/normalized-PB26/sergeys/CPMpy_translated_dataset_PB26/psplib/rcpsp/j120/normalized-j12047_9.opb.xz,12
OPT-LIN/normalized-PB26/sergeys/CPMpy_translated_dataset_PB26/psplib/rcpsp/j120/normalized-j12048_1.opb.xz,12
OPT-LIN/normalized-PB26/sergeys/CPMpy_translated_dataset_PB26/psplib/rcpsp/j120/normalized-j12048_10.opb.xz,12
OPT-LIN/normalized-PB26/sergeys/CPMpy_translated_dataset_PB26/psplib/rcpsp/j120/normalized-j12048_2.opb.xz,12
OPT-LIN/normalized-PB26/sergeys/CPMpy_translated_dataset_PB26/psplib/rcpsp/j120/normalized-j12048_3.opb.xz,12
OPT-LIN/normalized-PB26/sergeys/CPMpy_translated_dataset_PB26/psplib/rcpsp/j120/normalized-j12048_4.opb.xz,12
OPT-LIN/normalized-PB26/sergeys/CPMpy_translated_dataset_PB26/psplib/rcpsp/j120/normalized-j12048_5.opb.xz,12
OPT-LIN/normalized-PB26/sergeys/CPMpy_translated_dataset_PB26/psplib/rcpsp/j120/normalized-j12048_6.opb.xz,12
OPT-LIN/normalized-PB26/sergeys/CPMpy_translated_dataset_PB26/psplib/rcpsp/j120/normalized-j12048_7.opb.xz,12
OPT-LIN/normalized-PB26/sergeys/CPMpy_translated_dataset_PB26/psplib/rcpsp/j120/normalized-j12048_8.opb.xz,12
OPT-LIN/normalized-PB26/sergeys/CPMpy_translated_dataset_PB26/psplib/rcpsp/j120/normalized-j12048_9.opb.xz,12
OPT-LIN/normalized-PB26/sergeys/CPMpy_translated_dataset_PB26/psplib/rcpsp/j120/normalized-j12049_1.opb.xz,12
OPT-LIN/normalized-PB26/sergeys/CPMpy_translated_dataset_PB26/psplib/rcpsp/j120/normalized-j12049_10.opb.xz,12
OPT-LIN/normalized-PB26/sergeys/CPMpy_translated_dataset_PB26/psplib/rcpsp/j120/normalized-j12049_2.opb.xz,12
OPT-LIN/normalized-PB26/sergeys/CPMpy_translated_dataset_PB26/psplib/rcpsp/j120/normalized-j12049_3.opb.xz,12
OPT-LIN/normalized-PB26/sergeys/CPMpy_translated_dataset_PB26/psplib/rcpsp/j120/normalized-j12049_4.opb.xz,12
OPT-LIN/normalized-PB26/sergeys/CPMpy_translated_dataset_PB26/psplib/rcpsp/j120/normalized-j12049_5.opb.xz,12
OPT-LIN/normalized-PB26/sergeys/CPMpy_translated_dataset_PB26/psplib/rcpsp/j120/normalized-j12049_6.opb.xz,12
OPT-LIN/normalized-PB26/sergeys/CPMpy_translated_dataset_PB26/psplib/rcpsp/j120/normalized-j12049_7.opb.xz,12
OPT-LIN/normalized-PB26/sergeys/CPMpy_translated_dataset_PB26/psplib/rcpsp/j120/normalized-j12049_8.opb.xz,12
OPT-LIN/normalized-PB26/sergeys/CPMpy_translated_dataset_PB26/psplib/rcpsp/j120/normalized-j12049_9.opb.xz,12
OPT-LIN/normalized-PB26/sergeys/CPMpy_translated_dataset_PB26/psplib/rcpsp/j120/normalized-j1204_1.opb.xz,12
OPT-LIN/normalized-PB26/sergeys/CPMpy_translated_dataset_PB26/psplib/rcpsp/j120/normalized-j1204_10.opb.xz,12
OPT-LIN/normalized-PB26/sergeys/CPMpy_translated_dataset_PB26/psplib/rcpsp/j120/normalized-j1204_2.opb.xz,12
OPT-LIN/normalized-PB26/sergeys/CPMpy_translated_dataset_PB26/psplib/rcpsp/j120/normalized-j1204_3.opb.xz,12
OPT-LIN/normalized-PB26/sergeys/CPMpy_translated_dataset_PB26/psplib/rcpsp/j120/normalized-j1204_4.opb.xz,12
OPT-LIN/normalized-PB26/sergeys/CPMpy_translated_dataset_PB26/psplib/rcpsp/j120/normalized-j1204_5.opb.xz,12
OPT-LIN/normalized-PB26/sergeys/CPMpy_translated_dataset_PB26/psplib/rcpsp/j120/normalized-j1204_6.opb.xz,12
OPT-LIN/normalized-PB26/sergeys/CPMpy_translated_dataset_PB26/psplib/rcpsp/j120/normalized-j1204_7.opb.xz,12
OPT-LIN/normalized-PB26/sergeys/CPMpy_translated_dataset_PB26/psplib/rcpsp/j120/normalized-j1204_8.opb.xz,12
OPT-LIN/normalized-PB26/sergeys/CPMpy_translated_dataset_PB26/psplib/rcpsp/j120/normalized-j1204_9.opb.xz,12
OPT-LIN/normalized-PB26/sergeys/CPMpy_translated_dataset_PB26/psplib/rcpsp/j120/normalized-j12050_1.opb.xz,12
OPT-LIN/normalized-PB26/sergeys/CPMpy_translated_dataset_PB26/psplib/rcpsp/j120/normalized-j12050_10.opb.xz,12
OPT-LIN/normalized-PB26/sergeys/CPMpy_translated_dataset_PB26/psplib/rcpsp/j120/normalized-j12050_2.opb.xz,12
OPT-LIN/normalized-PB26/sergeys/CPMpy_translated_dataset_PB26/psplib/rcpsp/j120/normalized-j12050_3.opb.xz,12
OPT-LIN/normalized-PB26/sergeys/CPMpy_translated_dataset_PB26/psplib/rcpsp/j120/normalized-j12050_4.opb.xz,12
OPT-LIN/normalized-PB26/sergeys/CPMpy_translated_dataset_PB26/psplib/rcpsp/j120/normalized-j12050_5.opb.xz,12
OPT-LIN/normalized-PB26/sergeys/CPMpy_translated_dataset_PB26/psplib/rcpsp/j120/normalized-j12050_6.opb.xz,12
OPT-LIN/normalized-PB26/sergeys/CPMpy_translated_dataset_PB26/psplib/rcpsp/j120/normalized-j12050_7.opb.xz,12
OPT-LIN/normalized-PB26/sergeys/CPMpy_translated_dataset_PB26/psplib/rcpsp/j120/normalized-j12050_8.opb.xz,12
OPT-LIN/normalized-PB26/sergeys/CPMpy_translated_dataset_PB26/psplib/rcpsp/j120/normalized-j12050_9.opb.xz,12
OPT-LIN/normalized-PB26/sergeys/CPMpy_translated_dataset_PB26/psplib/rcpsp/j120/normalized-j12051_1.opb.xz,12
OPT-LIN/normalized-PB26/sergeys/CPMpy_translated_dataset_PB26/psplib/rcpsp/j120/normalized-j12051_10.opb.xz,12
OPT-LIN/normalized-PB26/sergeys/CPMpy_translated_dataset_PB26/psplib/rcpsp/j120/normalized-j12051_2.opb.xz,12
OPT-LIN/normalized-PB26/sergeys/CPMpy_translated_dataset_PB26/psplib/rcpsp/j120/normalized-j12051_3.opb.xz,12
OPT-LIN/normalized-PB26/sergeys/CPMpy_translated_dataset_PB26/psplib/rcpsp/j120/normalized-j12051_4.opb.xz,12
OPT-LIN/normalized-PB26/sergeys/CPMpy_translated_dataset_PB26/psplib/rcpsp/j120/normalized-j12051_5.opb.xz,12
OPT-LIN/normalized-PB26/sergeys/CPMpy_translated_dataset_PB26/psplib/rcpsp/j120/normalized-j12051_6.opb.xz,12
OPT-LIN/normalized-PB26/sergeys/CPMpy_translated_dataset_PB26/psplib/rcpsp/j120/normalized-j12051_7.opb.xz,12
OPT-LIN/normalized-PB26/sergeys/CPMpy_translated_dataset_PB26/psplib/rcpsp/j120/normalized-j12051_8.opb.xz,12
OPT-LIN/normalized-PB26/sergeys/CPMpy_translated_dataset_PB26/psplib/rcpsp/j120/normalized-j12051_9.opb.xz,12
OPT-LIN/normalized-PB26/sergeys/CPMpy_translated_dataset_PB26/psplib/rcpsp/j120/normalized-j12052_1.opb.xz,12
OPT-LIN/normalized-PB26/sergeys/CPMpy_translated_dataset_PB26/psplib/rcpsp/j120/normalized-j12052_10.opb.xz,12
OPT-LIN/normalized-PB26/sergeys/CPMpy_translated_dataset_PB26/psplib/rcpsp/j120/normalized-j12052_2.opb.xz,12
OPT-LIN/normalized-PB26/sergeys/CPMpy_translated_dataset_PB26/psplib/rcpsp/j120/normalized-j12052_3.opb.xz,12
OPT-LIN/normalized-PB26/sergeys/CPMpy_translated_dataset_PB26/psplib/rcpsp/j120/normalized-j12052_4.opb.xz,12
OPT-LIN/normalized-PB26/sergeys/CPMpy_translated_dataset_PB26/psplib/rcpsp/j120/normalized-j12052_5.opb.xz,12
OPT-LIN/normalized-PB26/sergeys/CPMpy_translated_dataset_PB26/psplib/rcpsp/j120/normalized-j12052_6.opb.xz,12
OPT-LIN/normalized-PB26/sergeys/CPMpy_translated_dataset_PB26/psplib/rcpsp/j120/normalized-j12052_7.opb.xz,12
OPT-LIN/normalized-PB26/sergeys/CPMpy_translated_dataset_PB26/psplib/rcpsp/j120/normalized-j12052_8.opb.xz,12
OPT-LIN/normalized-PB26/sergeys/CPMpy_translated_dataset_PB26/psplib/rcpsp/j120/normalized-j12052_9.opb.xz,12
OPT-LIN/normalized-PB26/sergeys/CPMpy_translated_dataset_PB26/psplib/rcpsp/j120/normalized-j12053_1.opb.xz,12
OPT-LIN/normalized-PB26/sergeys/CPMpy_translated_dataset_PB26/psplib/rcpsp/j120/normalized-j12053_10.opb.xz,12
OPT-LIN/normalized-PB26/sergeys/CPMpy_translated_dataset_PB26/psplib/rcpsp/j120/normalized-j12053_2.opb.xz,12
OPT-LIN/normalized-PB26/sergeys/CPMpy_translated_dataset_PB26/psplib/rcpsp/j120/normalized-j12053_3.opb.xz,12
OPT-LIN/normalized-PB26/sergeys/CPMpy_translated_dataset_PB26/psplib/rcpsp/j120/normalized-j12053_4.opb.xz,12
OPT-LIN/normalized-PB26/sergeys/CPMpy_translated_dataset_PB26/psplib/rcpsp/j120/normalized-j12053_5.opb.xz,12
OPT-LIN/normalized-PB26/sergeys/CPMpy_translated_dataset_PB26/psplib/rcpsp/j120/normalized-j12053_6.opb.xz,12
OPT-LIN/normalized-PB26/sergeys/CPMpy_translated_dataset_PB26/psplib/rcpsp/j120/normalized-j12053_7.opb.xz,12
OPT-LIN/normalized-PB26/sergeys/CPMpy_translated_dataset_PB26/psplib/rcpsp/j120/normalized-j12053_8.opb.xz,12
OPT-LIN/normalized-PB26/sergeys/CPMpy_translated_dataset_PB26/psplib/rcpsp/j120/normalized-j12053_9.opb.xz,12
OPT-LIN/normalized-PB26/sergeys/CPMpy_translated_dataset_PB26/psplib/rcpsp/j120/normalized-j12054_1.opb.xz,12
OPT-LIN/normalized-PB26/sergeys/CPMpy_translated_dataset_PB26/psplib/rcpsp/j120/normalized-j12054_10.opb.xz,12
OPT-LIN/normalized-PB26/sergeys/CPMpy_translated_dataset_PB26/psplib/rcpsp/j120/normalized-j12054_2.opb.xz,12
OPT-LIN/normalized-PB26/sergeys/CPMpy_translated_dataset_PB26/psplib/rcpsp/j120/normalized-j12054_3.opb.xz,12
OPT-LIN/normalized-PB26/sergeys/CPMpy_translated_dataset_PB26/psplib/rcpsp/j120/normalized-j12054_4.opb.xz,12
OPT-LIN/normalized-PB26/sergeys/CPMpy_translated_dataset_PB26/psplib/rcpsp/j120/normalized-j12054_5.opb.xz,12
OPT-LIN/normalized-PB26/sergeys/CPMpy_translated_dataset_PB26/psplib/rcpsp/j120/normalized-j12054_6.opb.xz,12
OPT-LIN/normalized-PB26/sergeys/CPMpy_translated_dataset_PB26/psplib/rcpsp/j120/normalized-j12054_7.opb.xz,12
OPT-LIN/normalized-PB26/sergeys/CPMpy_translated_dataset_PB26/psplib/rcpsp/j120/normalized-j12054_8.opb.xz,12
OPT-LIN/normalized-PB26/sergeys/CPMpy_translated_dataset_PB26/psplib/rcpsp/j120/normalized-j12054_9.opb.xz,12
OPT-LIN/normalized-PB26/sergeys/CPMpy_translated_dataset_PB26/psplib/rcpsp/j120/normalized-j12055_1.opb.xz,12
OPT-LIN/normalized-PB26/sergeys/CPMpy_translated_dataset_PB26/psplib/rcpsp/j120/normalized-j12055_10.opb.xz,12
OPT-LIN/normalized-PB26/sergeys/CPMpy_translated_dataset_PB26/psplib/rcpsp/j120/normalized-j12055_2.opb.xz,12
OPT-LIN/normalized-PB26/sergeys/CPMpy_translated_dataset_PB26/psplib/rcpsp/j120/normalized-j12055_3.opb.xz,12
OPT-LIN/normalized-PB26/sergeys/CPMpy_translated_dataset_PB26/psplib/rcpsp/j120/normalized-j12055_4.opb.xz,12
OPT-LIN/normalized-PB26/sergeys/CPMpy_translated_dataset_PB26/psplib/rcpsp/j120/normalized-j12055_5.opb.xz,12
OPT-LIN/normalized-PB26/sergeys/CPMpy_translated_dataset_PB26/psplib/rcpsp/j120/normalized-j12055_6.opb.xz,12
OPT-LIN/normalized-PB26/sergeys/CPMpy_translated_dataset_PB26/psplib/rcpsp/j120/normalized-j12055_7.opb.xz,12
OPT-LIN/normalized-PB26/sergeys/CPMpy_translated_dataset_PB26/psplib/rcpsp/j120/normalized-j12055_8.opb.xz,12
OPT-LIN/normalized-PB26/sergeys/CPMpy_translated_dataset_PB26/psplib/rcpsp/j120/normalized-j12055_9.opb.xz,12
OPT-LIN/normalized-PB26/sergeys/CPMpy_translated_dataset_PB26/psplib/rcpsp/j120/normalized-j12056_1.opb.xz,12
OPT-LIN/normalized-PB26/sergeys/CPMpy_translated_dataset_PB26/psplib/rcpsp/j120/normalized-j12056_10.opb.xz,12
OPT-LIN/normalized-PB26/sergeys/CPMpy_translated_dataset_PB26/psplib/rcpsp/j120/normalized-j12056_2.opb.xz,12
OPT-LIN/normalized-PB26/sergeys/CPMpy_translated_dataset_PB26/psplib/rcpsp/j120/normalized-j12056_3.opb.xz,12
OPT-LIN/normalized-PB26/sergeys/CPMpy_translated_dataset_PB26/psplib/rcpsp/j120/normalized-j12056_4.opb.xz,12
OPT-LIN/normalized-PB26/sergeys/CPMpy_translated_dataset_PB26/psplib/rcpsp/j120/normalized-j12056_5.opb.xz,12
OPT-LIN/normalized-PB26/sergeys/CPMpy_translated_dataset_PB26/psplib/rcpsp/j120/normalized-j12056_6.opb.xz,12
OPT-LIN/normalized-PB26/sergeys/CPMpy_translated_dataset_PB26/psplib/rcpsp/j120/normalized-j12056_7.opb.xz,12
OPT-LIN/normalized-PB26/sergeys/CPMpy_translated_dataset_PB26/psplib/rcpsp/j120/normalized-j12056_8.opb.xz,12
OPT-LIN/normalized-PB26/sergeys/CPMpy_translated_dataset_PB26/psplib/rcpsp/j120/normalized-j12056_9.opb.xz,12
OPT-LIN/normalized-PB26/sergeys/CPMpy_translated_dataset_PB26/psplib/rcpsp/j120/normalized-j12057_1.opb.xz,12
OPT-LIN/normalized-PB26/sergeys/CPMpy_translated_dataset_PB26/psplib/rcpsp/j120/normalized-j12057_10.opb.xz,12
OPT-LIN/normalized-PB26/sergeys/CPMpy_translated_dataset_PB26/psplib/rcpsp/j120/normalized-j12057_2.opb.xz,12
OPT-LIN/normalized-PB26/sergeys/CPMpy_translated_dataset_PB26/psplib/rcpsp/j120/normalized-j12057_3.opb.xz,12
OPT-LIN/normalized-PB26/sergeys/CPMpy_translated_dataset_PB26/psplib/rcpsp/j120/normalized-j12057_4.opb.xz,12
OPT-LIN/normalized-PB26/sergeys/CPMpy_translated_dataset_PB26/psplib/rcpsp/j120/normalized-j12057_5.opb.xz,12
OPT-LIN/normalized-PB26/sergeys/CPMpy_translated_dataset_PB26/psplib/rcpsp/j120/normalized-j12057_6.opb.xz,12
OPT-LIN/normalized-PB26/sergeys/CPMpy_translated_dataset_PB26/psplib/rcpsp/j120/normalized-j12057_7.opb.xz,12
OPT-LIN/normalized-PB26/sergeys/CPMpy_translated_dataset_PB26/psplib/rcpsp/j120/normalized-j12057_8.opb.xz,12
OPT-LIN/normalized-PB26/sergeys/CPMpy_translated_dataset_PB26/psplib/rcpsp/j120/normalized-j12057_9.opb.xz,12
OPT-LIN/normalized-PB26/sergeys/CPMpy_translated_dataset_PB26/psplib/rcpsp/j120/normalized-j12058_1.opb.xz,12
OPT-LIN/normalized-PB26/sergeys/CPMpy_translated_dataset_PB26/psplib/rcpsp/j120/normalized-j12058_10.opb.xz,12
OPT-LIN/normalized-PB26/sergeys/CPMpy_translated_dataset_PB26/psplib/rcpsp/j120/normalized-j12058_2.opb.xz,12
OPT-LIN/normalized-PB26/sergeys/CPMpy_translated_dataset_PB26/psplib/rcpsp/j120/normalized-j12058_3.opb.xz,12
OPT-LIN/normalized-PB26/sergeys/CPMpy_translated_dataset_PB26/psplib/rcpsp/j120/normalized-j12058_4.opb.xz,12
OPT-LIN/normalized-PB26/sergeys/CPMpy_translated_dataset_PB26/psplib/rcpsp/j120/normalized-j12058_5.opb.xz,12
OPT-LIN/normalized-PB26/sergeys/CPMpy_translated_dataset_PB26/psplib/rcpsp/j120/normalized-j12058_6.opb.xz,12
OPT-LIN/normalized-PB26/sergeys/CPMpy_translated_dataset_PB26/psplib/rcpsp/j120/normalized-j12058_7.opb.xz,12
OPT-LIN/normalized-PB26/sergeys/CPMpy_translated_dataset_PB26/psplib/rcpsp/j120/normalized-j12058_8.opb.xz,12
OPT-LIN/normalized-PB26/sergeys/CPMpy_translated_dataset_PB26/psplib/rcpsp/j120/normalized-j12058_9.opb.xz,12
OPT-LIN/normalized-PB26/sergeys/CPMpy_translated_dataset_PB26/psplib/rcpsp/j120/normalized-j12059_1.opb.xz,12
OPT-LIN/normalized-PB26/sergeys/CPMpy_translated_dataset_PB26/psplib/rcpsp/j120/normalized-j12059_10.opb.xz,12
OPT-LIN/normalized-PB26/sergeys/CPMpy_translated_dataset_PB26/psplib/rcpsp/j120/normalized-j12059_2.opb.xz,12
OPT-LIN/normalized-PB26/sergeys/CPMpy_translated_dataset_PB26/psplib/rcpsp/j120/normalized-j12059_3.opb.xz,12
OPT-LIN/normalized-PB26/sergeys/CPMpy_translated_dataset_PB26/psplib/rcpsp/j120/normalized-j12059_4.opb.xz,12
OPT-LIN/normalized-PB26/sergeys/CPMpy_translated_dataset_PB26/psplib/rcpsp/j120/normalized-j12059_5.opb.xz,12
OPT-LIN/normalized-PB26/sergeys/CPMpy_translated_dataset_PB26/psplib/rcpsp/j120/normalized-j12059_6.opb.xz,12
OPT-LIN/normalized-PB26/sergeys/CPMpy_translated_dataset_PB26/psplib/rcpsp/j120/normalized-j12059_7.opb.xz,12
OPT-LIN/normalized-PB26/sergeys/CPMpy_translated_dataset_PB26/psplib/rcpsp/j120/normalized-j12059_8.opb.xz,12
OPT-LIN/normalized-PB26/sergeys/CPMpy_translated_dataset_PB26/psplib/rcpsp/j120/normalized-j12059_9.opb.xz,12
OPT-LIN/normalized-PB26/sergeys/CPMpy_translated_dataset_PB26/psplib/rcpsp/j120/normalized-j1205_1.opb.xz,12
OPT-LIN/normalized-PB26/sergeys/CPMpy_translated_dataset_PB26/psplib/rcpsp/j120/normalized-j1205_10.opb.xz,12
OPT-LIN/normalized-PB26/sergeys/CPMpy_translated_dataset_PB26/psplib/rcpsp/j120/normalized-j1205_2.opb.xz,12
OPT-LIN/normalized-PB26/sergeys/CPMpy_translated_dataset_PB26/psplib/rcpsp/j120/normalized-j1205_3.opb.xz,12
OPT-LIN/normalized-PB26/sergeys/CPMpy_translated_dataset_PB26/psplib/rcpsp/j120/normalized-j1205_4.opb.xz,12
OPT-LIN/normalized-PB26/sergeys/CPMpy_translated_dataset_PB26/psplib/rcpsp/j120/normalized-j1205_5.opb.xz,12
OPT-LIN/normalized-PB26/sergeys/CPMpy_translated_dataset_PB26/psplib/rcpsp/j120/normalized-j1205_6.opb.xz,12
OPT-LIN/normalized-PB26/sergeys/CPMpy_translated_dataset_PB26/psplib/rcpsp/j120/normalized-j1205_7.opb.xz,12
OPT-LIN/normalized-PB26/sergeys/CPMpy_translated_dataset_PB26/psplib/rcpsp/j120/normalized-j1205_8.opb.xz,12
OPT-LIN/normalized-PB26/sergeys/CPMpy_translated_dataset_PB26/psplib/rcpsp/j120/normalized-j1205_9.opb.xz,12
OPT-LIN/normalized-PB26/sergeys/CPMpy_translated_dataset_PB26/psplib/rcpsp/j120/normalized-j12060_1.opb.xz,12
OPT-LIN/normalized-PB26/sergeys/CPMpy_translated_dataset_PB26/psplib/rcpsp/j120/normalized-j12060_10.opb.xz,12
OPT-LIN/normalized-PB26/sergeys/CPMpy_translated_dataset_PB26/psplib/rcpsp/j120/normalized-j12060_2.opb.xz,12
OPT-LIN/normalized-PB26/sergeys/CPMpy_translated_dataset_PB26/psplib/rcpsp/j120/normalized-j12060_3.opb.xz,12
OPT-LIN/normalized-PB26/sergeys/CPMpy_translated_dataset_PB26/psplib/rcpsp/j120/normalized-j12060_4.opb.xz,12
OPT-LIN/normalized-PB26/sergeys/CPMpy_translated_dataset_PB26/psplib/rcpsp/j120/normalized-j12060_5.opb.xz,12
OPT-LIN/normalized-PB26/sergeys/CPMpy_translated_dataset_PB26/psplib/rcpsp/j120/normalized-j12060_6.opb.xz,12
OPT-LIN/normalized-PB26/sergeys/CPMpy_translated_dataset_PB26/psplib/rcpsp/j120/normalized-j12060_7.opb.xz,12
OPT-LIN/normalized-PB26/sergeys/CPMpy_translated_dataset_PB26/psplib/rcpsp/j120/normalized-j12060_8.opb.xz,12
OPT-LIN/normalized-PB26/sergeys/CPMpy_translated_dataset_PB26/psplib/rcpsp/j120/normalized-j12060_9.opb.xz,12
OPT-LIN/normalized-PB26/sergeys/CPMpy_translated_dataset_PB26/psplib/rcpsp/j120/normalized-j1206_1.opb.xz,12
OPT-LIN/normalized-PB26/sergeys/CPMpy_translated_dataset_PB26/psplib/rcpsp/j120/normalized-j1206_10.opb.xz,12
OPT-LIN/normalized-PB26/sergeys/CPMpy_translated_dataset_PB26/psplib/rcpsp/j120/normalized-j1206_2.opb.xz,12
OPT-LIN/normalized-PB26/sergeys/CPMpy_translated_dataset_PB26/psplib/rcpsp/j120/normalized-j1206_3.opb.xz,12
OPT-LIN/normalized-PB26/sergeys/CPMpy_translated_dataset_PB26/psplib/rcpsp/j120/normalized-j1206_4.opb.xz,12
OPT-LIN/normalized-PB26/sergeys/CPMpy_translated_dataset_PB26/psplib/rcpsp/j120/normalized-j1206_5.opb.xz,12
OPT-LIN/normalized-PB26/sergeys/CPMpy_translated_dataset_PB26/psplib/rcpsp/j120/normalized-j1206_6.opb.xz,12
OPT-LIN/normalized-PB26/sergeys/CPMpy_translated_dataset_PB26/psplib/rcpsp/j120/normalized-j1206_7.opb.xz,12
OPT-LIN/normalized-PB26/sergeys/CPMpy_translated_dataset_PB26/psplib/rcpsp/j120/normalized-j1206_8.opb.xz,12
OPT-LIN/normalized-PB26/sergeys/CPMpy_translated_dataset_PB26/psplib/rcpsp/j120/normalized-j1206_9.opb.xz,12
OPT-LIN/normalized-PB26/sergeys/CPMpy_translated_dataset_PB26/psplib/rcpsp/j120/normalized-j1207_1.opb.xz,12
OPT-LIN/normalized-PB26/sergeys/CPMpy_translated_dataset_PB26/psplib/rcpsp/j120/normalized-j1207_10.opb.xz,12
OPT-LIN/normalized-PB26/sergeys/CPMpy_translated_dataset_PB26/psplib/rcpsp/j120/normalized-j1207_2.opb.xz,12
OPT-LIN/normalized-PB26/sergeys/CPMpy_translated_dataset_PB26/psplib/rcpsp/j120/normalized-j1207_3.opb.xz,12
OPT-LIN/normalized-PB26/sergeys/CPMpy_translated_dataset_PB26/psplib/rcpsp/j120/normalized-j1207_4.opb.xz,12
OPT-LIN/normalized-PB26/sergeys/CPMpy_translated_dataset_PB26/psplib/rcpsp/j120/normalized-j1207_5.opb.xz,12
OPT-LIN/normalized-PB26/sergeys/CPMpy_translated_dataset_PB26/psplib/rcpsp/j120/normalized-j1207_6.opb.xz,12
OPT-LIN/normalized-PB26/sergeys/CPMpy_translated_dataset_PB26/psplib/rcpsp/j120/normalized-j1207_7.opb.xz,12
OPT-LIN/normalized-PB26/sergeys/CPMpy_translated_dataset_PB26/psplib/rcpsp/j120/normalized-j1207_8.opb.xz,12
OPT-LIN/normalized-PB26/sergeys/CPMpy_translated_dataset_PB26/psplib/rcpsp/j120/normalized-j1207_9.opb.xz,12
OPT-LIN/normalized-PB26/sergeys/CPMpy_translated_dataset_PB26/psplib/rcpsp/j120/normalized-j1208_1.opb.xz,12
OPT-LIN/normalized-PB26/sergeys/CPMpy_translated_dataset_PB26/psplib/rcpsp/j120/normalized-j1208_10.opb.xz,12
OPT-LIN/normalized-PB26/sergeys/CPMpy_translated_dataset_PB26/psplib/rcpsp/j120/normalized-j1208_2.opb.xz,12
OPT-LIN/normalized-PB26/sergeys/CPMpy_translated_dataset_PB26/psplib/rcpsp/j120/normalized-j1208_3.opb.xz,12
OPT-LIN/normalized-PB26/sergeys/CPMpy_translated_dataset_PB26/psplib/rcpsp/j120/normalized-j1208_4.opb.xz,12
OPT-LIN/normalized-PB26/sergeys/CPMpy_translated_dataset_PB26/psplib/rcpsp/j120/normalized-j1208_5.opb.xz,12
OPT-LIN/normalized-PB26/sergeys/CPMpy_translated_dataset_PB26/psplib/rcpsp/j120/normalized-j1208_6.opb.xz,12
OPT-LIN/normalized-PB26/sergeys/CPMpy_translated_dataset_PB26/psplib/rcpsp/j120/normalized-j1208_7.opb.xz,12
OPT-LIN/normalized-PB26/sergeys/CPMpy_translated_dataset_PB26/psplib/rcpsp/j120/normalized-j1208_8.opb.xz,12
OPT-LIN/normalized-PB26/sergeys/CPMpy_translated_dataset_PB26/psplib/rcpsp/j120/normalized-j1208_9.opb.xz,12
OPT-LIN/normalized-PB26/sergeys/CPMpy_translated_dataset_PB26/psplib/rcpsp/j120/normalized-j1209_1.opb.xz,12
OPT-LIN/normalized-PB26/sergeys/CPMpy_translated_dataset_PB26/psplib/rcpsp/j120/normalized-j1209_10.opb.xz,12
OPT-LIN/normalized-PB26/sergeys/CPMpy_translated_dataset_PB26/psplib/rcpsp/j120/normalized-j1209_2.opb.xz,12
OPT-LIN/normalized-PB26/sergeys/CPMpy_translated_dataset_PB26/psplib/rcpsp/j120/normalized-j1209_3.opb.xz,12
OPT-LIN/normalized-PB26/sergeys/CPMpy_translated_dataset_PB26/psplib/rcpsp/j120/normalized-j1209_4.opb.xz,12
OPT-LIN/normalized-PB26/sergeys/CPMpy_translated_dataset_PB26/psplib/rcpsp/j120/normalized-j1209_5.opb.xz,12
OPT-LIN/normalized-PB26/sergeys/CPMpy_translated_dataset_PB26/psplib/rcpsp/j120/normalized-j1209_6.opb.xz,12
OPT-LIN/normalized-PB26/sergeys/CPMpy_translated_dataset_PB26/psplib/rcpsp/j120/normalized-j1209_7.opb.xz,12
OPT-LIN/normalized-PB26/sergeys/CPMpy_translated_dataset_PB26/psplib/rcpsp/j120/normalized-j1209_8.opb.xz,12
OPT-LIN/normalized-PB26/sergeys/CPMpy_translated_dataset_PB26/psplib/rcpsp/j120/normalized-j1209_9.opb.xz,12
OPT-LIN/normalized-PB26/sergeys/CPMpy_translated_dataset_PB26/psplib/rcpsp/j30/normalized-j3010_1.opb.xz,10
OPT-LIN/normalized-PB26/sergeys/CPMpy_translated_dataset_PB26/psplib/rcpsp/j30/normalized-j3010_10.opb.xz,10
OPT-LIN/normalized-PB26/sergeys/CPMpy_translated_dataset_PB26/psplib/rcpsp/j30/normalized-j3010_2.opb.xz,10
OPT-LIN/normalized-PB26/sergeys/CPMpy_translated_dataset_PB26/psplib/rcpsp/j30/normalized-j3010_3.opb.xz,10
OPT-LIN/normalized-PB26/sergeys/CPMpy_translated_dataset_PB26/psplib/rcpsp/j30/normalized-j3010_4.opb.xz,10
OPT-LIN/normalized-PB26/sergeys/CPMpy_translated_dataset_PB26/psplib/rcpsp/j30/normalized-j3010_5.opb.xz,10
OPT-LIN/normalized-PB26/sergeys/CPMpy_translated_dataset_PB26/psplib/rcpsp/j30/normalized-j3010_6.opb.xz,10
OPT-LIN/normalized-PB26/sergeys/CPMpy_translated_dataset_PB26/psplib/rcpsp/j30/normalized-j3010_7.opb.xz,10
OPT-LIN/normalized-PB26/sergeys/CPMpy_translated_dataset_PB26/psplib/rcpsp/j30/normalized-j3010_8.opb.xz,10
OPT-LIN/normalized-PB26/sergeys/CPMpy_translated_dataset_PB26/psplib/rcpsp/j30/normalized-j3010_9.opb.xz,10
OPT-LIN/normalized-PB26/sergeys/CPMpy_translated_dataset_PB26/psplib/rcpsp/j30/normalized-j3011_1.opb.xz,10
OPT-LIN/normalized-PB26/sergeys/CPMpy_translated_dataset_PB26/psplib/rcpsp/j30/normalized-j3011_10.opb.xz,10
OPT-LIN/normalized-PB26/sergeys/CPMpy_translated_dataset_PB26/psplib/rcpsp/j30/normalized-j3011_2.opb.xz,10
OPT-LIN/normalized-PB26/sergeys/CPMpy_translated_dataset_PB26/psplib/rcpsp/j30/normalized-j3011_3.opb.xz,10
OPT-LIN/normalized-PB26/sergeys/CPMpy_translated_dataset_PB26/psplib/rcpsp/j30/normalized-j3011_4.opb.xz,10
OPT-LIN/normalized-PB26/sergeys/CPMpy_translated_dataset_PB26/psplib/rcpsp/j30/normalized-j3011_5.opb.xz,10
OPT-LIN/normalized-PB26/sergeys/CPMpy_translated_dataset_PB26/psplib/rcpsp/j30/normalized-j3011_6.opb.xz,10
OPT-LIN/normalized-PB26/sergeys/CPMpy_translated_dataset_PB26/psplib/rcpsp/j30/normalized-j3011_7.opb.xz,10
OPT-LIN/normalized-PB26/sergeys/CPMpy_translated_dataset_PB26/psplib/rcpsp/j30/normalized-j3011_8.opb.xz,10
OPT-LIN/normalized-PB26/sergeys/CPMpy_translated_dataset_PB26/psplib/rcpsp/j30/normalized-j3011_9.opb.xz,10
OPT-LIN/normalized-PB26/sergeys/CPMpy_translated_dataset_PB26/psplib/rcpsp/j30/normalized-j3012_1.opb.xz,10
OPT-LIN/normalized-PB26/sergeys/CPMpy_translated_dataset_PB26/psplib/rcpsp/j30/normalized-j3012_10.opb.xz,10
OPT-LIN/normalized-PB26/sergeys/CPMpy_translated_dataset_PB26/psplib/rcpsp/j30/normalized-j3012_2.opb.xz,10
OPT-LIN/normalized-PB26/sergeys/CPMpy_translated_dataset_PB26/psplib/rcpsp/j30/normalized-j3012_3.opb.xz,10
OPT-LIN/normalized-PB26/sergeys/CPMpy_translated_dataset_PB26/psplib/rcpsp/j30/normalized-j3012_4.opb.xz,10
OPT-LIN/normalized-PB26/sergeys/CPMpy_translated_dataset_PB26/psplib/rcpsp/j30/normalized-j3012_5.opb.xz,10
OPT-LIN/normalized-PB26/sergeys/CPMpy_translated_dataset_PB26/psplib/rcpsp/j30/normalized-j3012_6.opb.xz,10
OPT-LIN/normalized-PB26/sergeys/CPMpy_translated_dataset_PB26/psplib/rcpsp/j30/normalized-j3012_7.opb.xz,10
OPT-LIN/normalized-PB26/sergeys/CPMpy_translated_dataset_PB26/psplib/rcpsp/j30/normalized-j3012_8.opb.xz,10
OPT-LIN/normalized-PB26/sergeys/CPMpy_translated_dataset_PB26/psplib/rcpsp/j30/normalized-j3012_9.opb.xz,10
OPT-LIN/normalized-PB26/sergeys/CPMpy_translated_dataset_PB26/psplib/rcpsp/j30/normalized-j3013_1.opb.xz,10
OPT-LIN/normalized-PB26/sergeys/CPMpy_translated_dataset_PB26/psplib/rcpsp/j30/normalized-j3013_10.opb.xz,10
OPT-LIN/normalized-PB26/sergeys/CPMpy_translated_dataset_PB26/psplib/rcpsp/j30/normalized-j3013_2.opb.xz,10
OPT-LIN/normalized-PB26/sergeys/CPMpy_translated_dataset_PB26/psplib/rcpsp/j30/normalized-j3013_3.opb.xz,10
OPT-LIN/normalized-PB26/sergeys/CPMpy_translated_dataset_PB26/psplib/rcpsp/j30/normalized-j3013_4.opb.xz,10
OPT-LIN/normalized-PB26/sergeys/CPMpy_translated_dataset_PB26/psplib/rcpsp/j30/normalized-j3013_5.opb.xz,10
OPT-LIN/normalized-PB26/sergeys/CPMpy_translated_dataset_PB26/psplib/rcpsp/j30/normalized-j3013_6.opb.xz,10
OPT-LIN/normalized-PB26/sergeys/CPMpy_translated_dataset_PB26/psplib/rcpsp/j30/normalized-j3013_7.opb.xz,10
OPT-LIN/normalized-PB26/sergeys/CPMpy_translated_dataset_PB26/psplib/rcpsp/j30/normalized-j3013_8.opb.xz,10
OPT-LIN/normalized-PB26/sergeys/CPMpy_translated_dataset_PB26/psplib/rcpsp/j30/normalized-j3013_9.opb.xz,10
OPT-LIN/normalized-PB26/sergeys/CPMpy_translated_dataset_PB26/psplib/rcpsp/j30/normalized-j3014_1.opb.xz,10
OPT-LIN/normalized-PB26/sergeys/CPMpy_translated_dataset_PB26/psplib/rcpsp/j30/normalized-j3014_10.opb.xz,10
OPT-LIN/normalized-PB26/sergeys/CPMpy_translated_dataset_PB26/psplib/rcpsp/j30/normalized-j3014_2.opb.xz,10
OPT-LIN/normalized-PB26/sergeys/CPMpy_translated_dataset_PB26/psplib/rcpsp/j30/normalized-j3014_3.opb.xz,10
OPT-LIN/normalized-PB26/sergeys/CPMpy_translated_dataset_PB26/psplib/rcpsp/j30/normalized-j3014_4.opb.xz,10
OPT-LIN/normalized-PB26/sergeys/CPMpy_translated_dataset_PB26/psplib/rcpsp/j30/normalized-j3014_5.opb.xz,10
OPT-LIN/normalized-PB26/sergeys/CPMpy_translated_dataset_PB26/psplib/rcpsp/j30/normalized-j3014_6.opb.xz,10
OPT-LIN/normalized-PB26/sergeys/CPMpy_translated_dataset_PB26/psplib/rcpsp/j30/normalized-j3014_7.opb.xz,10
OPT-LIN/normalized-PB26/sergeys/CPMpy_translated_dataset_PB26/psplib/rcpsp/j30/normalized-j3014_8.opb.xz,10
OPT-LIN/normalized-PB26/sergeys/CPMpy_translated_dataset_PB26/psplib/rcpsp/j30/normalized-j3014_9.opb.xz,10
OPT-LIN/normalized-PB26/sergeys/CPMpy_translated_dataset_PB26/psplib/rcpsp/j30/normalized-j3015_1.opb.xz,10
OPT-LIN/normalized-PB26/sergeys/CPMpy_translated_dataset_PB26/psplib/rcpsp/j30/normalized-j3015_10.opb.xz,10
OPT-LIN/normalized-PB26/sergeys/CPMpy_translated_dataset_PB26/psplib/rcpsp/j30/normalized-j3015_2.opb.xz,10
OPT-LIN/normalized-PB26/sergeys/CPMpy_translated_dataset_PB26/psplib/rcpsp/j30/normalized-j3015_3.opb.xz,10
OPT-LIN/normalized-PB26/sergeys/CPMpy_translated_dataset_PB26/psplib/rcpsp/j30/normalized-j3015_4.opb.xz,10
OPT-LIN/normalized-PB26/sergeys/CPMpy_translated_dataset_PB26/psplib/rcpsp/j30/normalized-j3015_5.opb.xz,10
OPT-LIN/normalized-PB26/sergeys/CPMpy_translated_dataset_PB26/psplib/rcpsp/j30/normalized-j3015_6.opb.xz,10
OPT-LIN/normalized-PB26/sergeys/CPMpy_translated_dataset_PB26/psplib/rcpsp/j30/normalized-j3015_7.opb.xz,10
OPT-LIN/normalized-PB26/sergeys/CPMpy_translated_dataset_PB26/psplib/rcpsp/j30/normalized-j3015_8.opb.xz,10
OPT-LIN/normalized-PB26/sergeys/CPMpy_translated_dataset_PB26/psplib/rcpsp/j30/normalized-j3015_9.opb.xz,10
OPT-LIN/normalized-PB26/sergeys/CPMpy_translated_dataset_PB26/psplib/rcpsp/j30/normalized-j3016_1.opb.xz,10
OPT-LIN/normalized-PB26/sergeys/CPMpy_translated_dataset_PB26/psplib/rcpsp/j30/normalized-j3016_10.opb.xz,10
OPT-LIN/normalized-PB26/sergeys/CPMpy_translated_dataset_PB26/psplib/rcpsp/j30/normalized-j3016_2.opb.xz,10
OPT-LIN/normalized-PB26/sergeys/CPMpy_translated_dataset_PB26/psplib/rcpsp/j30/normalized-j3016_3.opb.xz,10
OPT-LIN/normalized-PB26/sergeys/CPMpy_translated_dataset_PB26/psplib/rcpsp/j30/normalized-j3016_4.opb.xz,10
OPT-LIN/normalized-PB26/sergeys/CPMpy_translated_dataset_PB26/psplib/rcpsp/j30/normalized-j3016_5.opb.xz,10
OPT-LIN/normalized-PB26/sergeys/CPMpy_translated_dataset_PB26/psplib/rcpsp/j30/normalized-j3016_6.opb.xz,10
OPT-LIN/normalized-PB26/sergeys/CPMpy_translated_dataset_PB26/psplib/rcpsp/j30/normalized-j3016_7.opb.xz,10
OPT-LIN/normalized-PB26/sergeys/CPMpy_translated_dataset_PB26/psplib/rcpsp/j30/normalized-j3016_8.opb.xz,10
OPT-LIN/normalized-PB26/sergeys/CPMpy_translated_dataset_PB26/psplib/rcpsp/j30/normalized-j3016_9.opb.xz,10
OPT-LIN/normalized-PB26/sergeys/CPMpy_translated_dataset_PB26/psplib/rcpsp/j30/normalized-j3017_1.opb.xz,10
OPT-LIN/normalized-PB26/sergeys/CPMpy_translated_dataset_PB26/psplib/rcpsp/j30/normalized-j3017_10.opb.xz,10
OPT-LIN/normalized-PB26/sergeys/CPMpy_translated_dataset_PB26/psplib/rcpsp/j30/normalized-j3017_2.opb.xz,10
OPT-LIN/normalized-PB26/sergeys/CPMpy_translated_dataset_PB26/psplib/rcpsp/j30/normalized-j3017_3.opb.xz,10
OPT-LIN/normalized-PB26/sergeys/CPMpy_translated_dataset_PB26/psplib/rcpsp/j30/normalized-j3017_4.opb.xz,10
OPT-LIN/normalized-PB26/sergeys/CPMpy_translated_dataset_PB26/psplib/rcpsp/j30/normalized-j3017_5.opb.xz,10
OPT-LIN/normalized-PB26/sergeys/CPMpy_translated_dataset_PB26/psplib/rcpsp/j30/normalized-j3017_6.opb.xz,10
OPT-LIN/normalized-PB26/sergeys/CPMpy_translated_dataset_PB26/psplib/rcpsp/j30/normalized-j3017_7.opb.xz,10
OPT-LIN/normalized-PB26/sergeys/CPMpy_translated_dataset_PB26/psplib/rcpsp/j30/normalized-j3017_8.opb.xz,10
OPT-LIN/normalized-PB26/sergeys/CPMpy_translated_dataset_PB26/psplib/rcpsp/j30/normalized-j3017_9.opb.xz,10
OPT-LIN/normalized-PB26/sergeys/CPMpy_translated_dataset_PB26/psplib/rcpsp/j30/normalized-j3018_1.opb.xz,10
OPT-LIN/normalized-PB26/sergeys/CPMpy_translated_dataset_PB26/psplib/rcpsp/j30/normalized-j3018_10.opb.xz,10
OPT-LIN/normalized-PB26/sergeys/CPMpy_translated_dataset_PB26/psplib/rcpsp/j30/normalized-j3018_2.opb.xz,10
OPT-LIN/normalized-PB26/sergeys/CPMpy_translated_dataset_PB26/psplib/rcpsp/j30/normalized-j3018_3.opb.xz,10
OPT-LIN/normalized-PB26/sergeys/CPMpy_translated_dataset_PB26/psplib/rcpsp/j30/normalized-j3018_4.opb.xz,10
OPT-LIN/normalized-PB26/sergeys/CPMpy_translated_dataset_PB26/psplib/rcpsp/j30/normalized-j3018_5.opb.xz,10
OPT-LIN/normalized-PB26/sergeys/CPMpy_translated_dataset_PB26/psplib/rcpsp/j30/normalized-j3018_6.opb.xz,10
OPT-LIN/normalized-PB26/sergeys/CPMpy_translated_dataset_PB26/psplib/rcpsp/j30/normalized-j3018_7.opb.xz,10
OPT-LIN/normalized-PB26/sergeys/CPMpy_translated_dataset_PB26/psplib/rcpsp/j30/normalized-j3018_8.opb.xz,10
OPT-LIN/normalized-PB26/sergeys/CPMpy_translated_dataset_PB26/psplib/rcpsp/j30/normalized-j3018_9.opb.xz,10
OPT-LIN/normalized-PB26/sergeys/CPMpy_translated_dataset_PB26/psplib/rcpsp/j30/normalized-j3019_1.opb.xz,10
OPT-LIN/normalized-PB26/sergeys/CPMpy_translated_dataset_PB26/psplib/rcpsp/j30/normalized-j3019_10.opb.xz,10
OPT-LIN/normalized-PB26/sergeys/CPMpy_translated_dataset_PB26/psplib/rcpsp/j30/normalized-j3019_2.opb.xz,10
OPT-LIN/normalized-PB26/sergeys/CPMpy_translated_dataset_PB26/psplib/rcpsp/j30/normalized-j3019_3.opb.xz,10
OPT-LIN/normalized-PB26/sergeys/CPMpy_translated_dataset_PB26/psplib/rcpsp/j30/normalized-j3019_4.opb.xz,10
OPT-LIN/normalized-PB26/sergeys/CPMpy_translated_dataset_PB26/psplib/rcpsp/j30/normalized-j3019_5.opb.xz,10
OPT-LIN/normalized-PB26/sergeys/CPMpy_translated_dataset_PB26/psplib/rcpsp/j30/normalized-j3019_6.opb.xz,10
OPT-LIN/normalized-PB26/sergeys/CPMpy_translated_dataset_PB26/psplib/rcpsp/j30/normalized-j3019_7.opb.xz,10
OPT-LIN/normalized-PB26/sergeys/CPMpy_translated_dataset_PB26/psplib/rcpsp/j30/normalized-j3019_8.opb.xz,10
OPT-LIN/normalized-PB26/sergeys/CPMpy_translated_dataset_PB26/psplib/rcpsp/j30/normalized-j3019_9.opb.xz,10
OPT-LIN/normalized-PB26/sergeys/CPMpy_translated_dataset_PB26/psplib/rcpsp/j30/normalized-j301_1.opb.xz,10
OPT-LIN/normalized-PB26/sergeys/CPMpy_translated_dataset_PB26/psplib/rcpsp/j30/normalized-j301_10.opb.xz,10
OPT-LIN/normalized-PB26/sergeys/CPMpy_translated_dataset_PB26/psplib/rcpsp/j30/normalized-j301_2.opb.xz,10
OPT-LIN/normalized-PB26/sergeys/CPMpy_translated_dataset_PB26/psplib/rcpsp/j30/normalized-j301_3.opb.xz,10
OPT-LIN/normalized-PB26/sergeys/CPMpy_translated_dataset_PB26/psplib/rcpsp/j30/normalized-j301_4.opb.xz,10
OPT-LIN/normalized-PB26/sergeys/CPMpy_translated_dataset_PB26/psplib/rcpsp/j30/normalized-j301_5.opb.xz,9
OPT-LIN/normalized-PB26/sergeys/CPMpy_translated_dataset_PB26/psplib/rcpsp/j30/normalized-j301_6.opb.xz,9
OPT-LIN/normalized-PB26/sergeys/CPMpy_translated_dataset_PB26/psplib/rcpsp/j30/normalized-j301_7.opb.xz,10
OPT-LIN/normalized-PB26/sergeys/CPMpy_translated_dataset_PB26/psplib/rcpsp/j30/normalized-j301_8.opb.xz,10
OPT-LIN/normalized-PB26/sergeys/CPMpy_translated_dataset_PB26/psplib/rcpsp/j30/normalized-j301_9.opb.xz,10
OPT-LIN/normalized-PB26/sergeys/CPMpy_translated_dataset_PB26/psplib/rcpsp/j30/normalized-j3020_1.opb.xz,10
OPT-LIN/normalized-PB26/sergeys/CPMpy_translated_dataset_PB26/psplib/rcpsp/j30/normalized-j3020_10.opb.xz,10
OPT-LIN/normalized-PB26/sergeys/CPMpy_translated_dataset_PB26/psplib/rcpsp/j30/normalized-j3020_2.opb.xz,10
OPT-LIN/normalized-PB26/sergeys/CPMpy_translated_dataset_PB26/psplib/rcpsp/j30/normalized-j3020_3.opb.xz,10
OPT-LIN/normalized-PB26/sergeys/CPMpy_translated_dataset_PB26/psplib/rcpsp/j30/normalized-j3020_4.opb.xz,10
OPT-LIN/normalized-PB26/sergeys/CPMpy_translated_dataset_PB26/psplib/rcpsp/j30/normalized-j3020_5.opb.xz,10
OPT-LIN/normalized-PB26/sergeys/CPMpy_translated_dataset_PB26/psplib/rcpsp/j30/normalized-j3020_6.opb.xz,10
OPT-LIN/normalized-PB26/sergeys/CPMpy_translated_dataset_PB26/psplib/rcpsp/j30/normalized-j3020_7.opb.xz,10
OPT-LIN/normalized-PB26/sergeys/CPMpy_translated_dataset_PB26/psplib/rcpsp/j30/normalized-j3020_8.opb.xz,10
OPT-LIN/normalized-PB26/sergeys/CPMpy_translated_dataset_PB26/psplib/rcpsp/j30/normalized-j3020_9.opb.xz,10
OPT-LIN/normalized-PB26/sergeys/CPMpy_translated_dataset_PB26/psplib/rcpsp/j30/normalized-j3021_1.opb.xz,10
OPT-LIN/normalized-PB26/sergeys/CPMpy_translated_dataset_PB26/psplib/rcpsp/j30/normalized-j3021_10.opb.xz,10
OPT-LIN/normalized-PB26/sergeys/CPMpy_translated_dataset_PB26/psplib/rcpsp/j30/normalized-j3021_2.opb.xz,10
OPT-LIN/normalized-PB26/sergeys/CPMpy_translated_dataset_PB26/psplib/rcpsp/j30/normalized-j3021_3.opb.xz,10
OPT-LIN/normalized-PB26/sergeys/CPMpy_translated_dataset_PB26/psplib/rcpsp/j30/normalized-j3021_4.opb.xz,10
OPT-LIN/normalized-PB26/sergeys/CPMpy_translated_dataset_PB26/psplib/rcpsp/j30/normalized-j3021_5.opb.xz,10
OPT-LIN/normalized-PB26/sergeys/CPMpy_translated_dataset_PB26/psplib/rcpsp/j30/normalized-j3021_6.opb.xz,10
OPT-LIN/normalized-PB26/sergeys/CPMpy_translated_dataset_PB26/psplib/rcpsp/j30/normalized-j3021_7.opb.xz,10
OPT-LIN/normalized-PB26/sergeys/CPMpy_translated_dataset_PB26/psplib/rcpsp/j30/normalized-j3021_8.opb.xz,10
OPT-LIN/normalized-PB26/sergeys/CPMpy_translated_dataset_PB26/psplib/rcpsp/j30/normalized-j3021_9.opb.xz,10
OPT-LIN/normalized-PB26/sergeys/CPMpy_translated_dataset_PB26/psplib/rcpsp/j30/normalized-j3022_1.opb.xz,10
OPT-LIN/normalized-PB26/sergeys/CPMpy_translated_dataset_PB26/psplib/rcpsp/j30/normalized-j3022_10.opb.xz,10
OPT-LIN/normalized-PB26/sergeys/CPMpy_translated_dataset_PB26/psplib/rcpsp/j30/normalized-j3022_2.opb.xz,10
OPT-LIN/normalized-PB26/sergeys/CPMpy_translated_dataset_PB26/psplib/rcpsp/j30/normalized-j3022_3.opb.xz,10
OPT-LIN/normalized-PB26/sergeys/CPMpy_translated_dataset_PB26/psplib/rcpsp/j30/normalized-j3022_4.opb.xz,10
OPT-LIN/normalized-PB26/sergeys/CPMpy_translated_dataset_PB26/psplib/rcpsp/j30/normalized-j3022_5.opb.xz,10
OPT-LIN/normalized-PB26/sergeys/CPMpy_translated_dataset_PB26/psplib/rcpsp/j30/normalized-j3022_6.opb.xz,10
OPT-LIN/normalized-PB26/sergeys/CPMpy_translated_dataset_PB26/psplib/rcpsp/j30/normalized-j3022_7.opb.xz,10
OPT-LIN/normalized-PB26/sergeys/CPMpy_translated_dataset_PB26/psplib/rcpsp/j30/normalized-j3022_8.opb.xz,10
OPT-LIN/normalized-PB26/sergeys/CPMpy_translated_dataset_PB26/psplib/rcpsp/j30/normalized-j3022_9.opb.xz,10
OPT-LIN/normalized-PB26/sergeys/CPMpy_translated_dataset_PB26/psplib/rcpsp/j30/normalized-j3023_1.opb.xz,10
OPT-LIN/normalized-PB26/sergeys/CPMpy_translated_dataset_PB26/psplib/rcpsp/j30/normalized-j3023_10.opb.xz,10
OPT-LIN/normalized-PB26/sergeys/CPMpy_translated_dataset_PB26/psplib/rcpsp/j30/normalized-j3023_2.opb.xz,10
OPT-LIN/normalized-PB26/sergeys/CPMpy_translated_dataset_PB26/psplib/rcpsp/j30/normalized-j3023_3.opb.xz,10
OPT-LIN/normalized-PB26/sergeys/CPMpy_translated_dataset_PB26/psplib/rcpsp/j30/normalized-j3023_4.opb.xz,10
OPT-LIN/normalized-PB26/sergeys/CPMpy_translated_dataset_PB26/psplib/rcpsp/j30/normalized-j3023_5.opb.xz,10
OPT-LIN/normalized-PB26/sergeys/CPMpy_translated_dataset_PB26/psplib/rcpsp/j30/normalized-j3023_6.opb.xz,10
OPT-LIN/normalized-PB26/sergeys/CPMpy_translated_dataset_PB26/psplib/rcpsp/j30/normalized-j3023_7.opb.xz,10
OPT-LIN/normalized-PB26/sergeys/CPMpy_translated_dataset_PB26/psplib/rcpsp/j30/normalized-j3023_8.opb.xz,10
OPT-LIN/normalized-PB26/sergeys/CPMpy_translated_dataset_PB26/psplib/rcpsp/j30/normalized-j3023_9.opb.xz,10
OPT-LIN/normalized-PB26/sergeys/CPMpy_translated_dataset_PB26/psplib/rcpsp/j30/normalized-j3024_1.opb.xz,10
OPT-LIN/normalized-PB26/sergeys/CPMpy_translated_dataset_PB26/psplib/rcpsp/j30/normalized-j3024_10.opb.xz,10
OPT-LIN/normalized-PB26/sergeys/CPMpy_translated_dataset_PB26/psplib/rcpsp/j30/normalized-j3024_2.opb.xz,10
OPT-LIN/normalized-PB26/sergeys/CPMpy_translated_dataset_PB26/psplib/rcpsp/j30/normalized-j3024_3.opb.xz,10
OPT-LIN/normalized-PB26/sergeys/CPMpy_translated_dataset_PB26/psplib/rcpsp/j30/normalized-j3024_4.opb.xz,10
OPT-LIN/normalized-PB26/sergeys/CPMpy_translated_dataset_PB26/psplib/rcpsp/j30/normalized-j3024_5.opb.xz,10
OPT-LIN/normalized-PB26/sergeys/CPMpy_translated_dataset_PB26/psplib/rcpsp/j30/normalized-j3024_6.opb.xz,10
OPT-LIN/normalized-PB26/sergeys/CPMpy_translated_dataset_PB26/psplib/rcpsp/j30/normalized-j3024_7.opb.xz,10
OPT-LIN/normalized-PB26/sergeys/CPMpy_translated_dataset_PB26/psplib/rcpsp/j30/normalized-j3024_8.opb.xz,10
OPT-LIN/normalized-PB26/sergeys/CPMpy_translated_dataset_PB26/psplib/rcpsp/j30/normalized-j3024_9.opb.xz,10
OPT-LIN/normalized-PB26/sergeys/CPMpy_translated_dataset_PB26/psplib/rcpsp/j30/normalized-j3025_1.opb.xz,10
OPT-LIN/normalized-PB26/sergeys/CPMpy_translated_dataset_PB26/psplib/rcpsp/j30/normalized-j3025_10.opb.xz,10
OPT-LIN/normalized-PB26/sergeys/CPMpy_translated_dataset_PB26/psplib/rcpsp/j30/normalized-j3025_2.opb.xz,10
OPT-LIN/normalized-PB26/sergeys/CPMpy_translated_dataset_PB26/psplib/rcpsp/j30/normalized-j3025_3.opb.xz,10
OPT-LIN/normalized-PB26/sergeys/CPMpy_translated_dataset_PB26/psplib/rcpsp/j30/normalized-j3025_4.opb.xz,10
OPT-LIN/normalized-PB26/sergeys/CPMpy_translated_dataset_PB26/psplib/rcpsp/j30/normalized-j3025_5.opb.xz,10
OPT-LIN/normalized-PB26/sergeys/CPMpy_translated_dataset_PB26/psplib/rcpsp/j30/normalized-j3025_6.opb.xz,10
OPT-LIN/normalized-PB26/sergeys/CPMpy_translated_dataset_PB26/psplib/rcpsp/j30/normalized-j3025_7.opb.xz,10
OPT-LIN/normalized-PB26/sergeys/CPMpy_translated_dataset_PB26/psplib/rcpsp/j30/normalized-j3025_8.opb.xz,10
OPT-LIN/normalized-PB26/sergeys/CPMpy_translated_dataset_PB26/psplib/rcpsp/j30/normalized-j3025_9.opb.xz,10
OPT-LIN/normalized-PB26/sergeys/CPMpy_translated_dataset_PB26/psplib/rcpsp/j30/normalized-j3026_1.opb.xz,10
OPT-LIN/normalized-PB26/sergeys/CPMpy_translated_dataset_PB26/psplib/rcpsp/j30/normalized-j3026_10.opb.xz,10
OPT-LIN/normalized-PB26/sergeys/CPMpy_translated_dataset_PB26/psplib/rcpsp/j30/normalized-j3026_2.opb.xz,10
OPT-LIN/normalized-PB26/sergeys/CPMpy_translated_dataset_PB26/psplib/rcpsp/j30/normalized-j3026_3.opb.xz,10
OPT-LIN/normalized-PB26/sergeys/CPMpy_translated_dataset_PB26/psplib/rcpsp/j30/normalized-j3026_4.opb.xz,10
OPT-LIN/normalized-PB26/sergeys/CPMpy_translated_dataset_PB26/psplib/rcpsp/j30/normalized-j3026_5.opb.xz,10
OPT-LIN/normalized-PB26/sergeys/CPMpy_translated_dataset_PB26/psplib/rcpsp/j30/normalized-j3026_6.opb.xz,10
OPT-LIN/normalized-PB26/sergeys/CPMpy_translated_dataset_PB26/psplib/rcpsp/j30/normalized-j3026_7.opb.xz,10
OPT-LIN/normalized-PB26/sergeys/CPMpy_translated_dataset_PB26/psplib/rcpsp/j30/normalized-j3026_8.opb.xz,10
OPT-LIN/normalized-PB26/sergeys/CPMpy_translated_dataset_PB26/psplib/rcpsp/j30/normalized-j3026_9.opb.xz,10
OPT-LIN/normalized-PB26/sergeys/CPMpy_translated_dataset_PB26/psplib/rcpsp/j30/normalized-j3027_1.opb.xz,10
OPT-LIN/normalized-PB26/sergeys/CPMpy_translated_dataset_PB26/psplib/rcpsp/j30/normalized-j3027_10.opb.xz,10
OPT-LIN/normalized-PB26/sergeys/CPMpy_translated_dataset_PB26/psplib/rcpsp/j30/normalized-j3027_2.opb.xz,10
OPT-LIN/normalized-PB26/sergeys/CPMpy_translated_dataset_PB26/psplib/rcpsp/j30/normalized-j3027_3.opb.xz,10
OPT-LIN/normalized-PB26/sergeys/CPMpy_translated_dataset_PB26/psplib/rcpsp/j30/normalized-j3027_4.opb.xz,10
OPT-LIN/normalized-PB26/sergeys/CPMpy_translated_dataset_PB26/psplib/rcpsp/j30/normalized-j3027_5.opb.xz,10
OPT-LIN/normalized-PB26/sergeys/CPMpy_translated_dataset_PB26/psplib/rcpsp/j30/normalized-j3027_6.opb.xz,10
OPT-LIN/normalized-PB26/sergeys/CPMpy_translated_dataset_PB26/psplib/rcpsp/j30/normalized-j3027_7.opb.xz,10
OPT-LIN/normalized-PB26/sergeys/CPMpy_translated_dataset_PB26/psplib/rcpsp/j30/normalized-j3027_8.opb.xz,10
OPT-LIN/normalized-PB26/sergeys/CPMpy_translated_dataset_PB26/psplib/rcpsp/j30/normalized-j3027_9.opb.xz,10
OPT-LIN/normalized-PB26/sergeys/CPMpy_translated_dataset_PB26/psplib/rcpsp/j30/normalized-j3028_1.opb.xz,10
OPT-LIN/normalized-PB26/sergeys/CPMpy_translated_dataset_PB26/psplib/rcpsp/j30/normalized-j3028_10.opb.xz,10
OPT-LIN/normalized-PB26/sergeys/CPMpy_translated_dataset_PB26/psplib/rcpsp/j30/normalized-j3028_2.opb.xz,10
OPT-LIN/normalized-PB26/sergeys/CPMpy_translated_dataset_PB26/psplib/rcpsp/j30/normalized-j3028_3.opb.xz,10
OPT-LIN/normalized-PB26/sergeys/CPMpy_translated_dataset_PB26/psplib/rcpsp/j30/normalized-j3028_4.opb.xz,10
OPT-LIN/normalized-PB26/sergeys/CPMpy_translated_dataset_PB26/psplib/rcpsp/j30/normalized-j3028_5.opb.xz,10
OPT-LIN/normalized-PB26/sergeys/CPMpy_translated_dataset_PB26/psplib/rcpsp/j30/normalized-j3028_6.opb.xz,10
OPT-LIN/normalized-PB26/sergeys/CPMpy_translated_dataset_PB26/psplib/rcpsp/j30/normalized-j3028_7.opb.xz,10
OPT-LIN/normalized-PB26/sergeys/CPMpy_translated_dataset_PB26/psplib/rcpsp/j30/normalized-j3028_8.opb.xz,10
OPT-LIN/normalized-PB26/sergeys/CPMpy_translated_dataset_PB26/psplib/rcpsp/j30/normalized-j3028_9.opb.xz,10
OPT-LIN/normalized-PB26/sergeys/CPMpy_translated_dataset_PB26/psplib/rcpsp/j30/normalized-j3029_1.opb.xz,10
OPT-LIN/normalized-PB26/sergeys/CPMpy_translated_dataset_PB26/psplib/rcpsp/j30/normalized-j3029_10.opb.xz,10
OPT-LIN/normalized-PB26/sergeys/CPMpy_translated_dataset_PB26/psplib/rcpsp/j30/normalized-j3029_2.opb.xz,10
OPT-LIN/normalized-PB26/sergeys/CPMpy_translated_dataset_PB26/psplib/rcpsp/j30/normalized-j3029_3.opb.xz,10
OPT-LIN/normalized-PB26/sergeys/CPMpy_translated_dataset_PB26/psplib/rcpsp/j30/normalized-j3029_4.opb.xz,10
OPT-LIN/normalized-PB26/sergeys/CPMpy_translated_dataset_PB26/psplib/rcpsp/j30/normalized-j3029_5.opb.xz,10
OPT-LIN/normalized-PB26/sergeys/CPMpy_translated_dataset_PB26/psplib/rcpsp/j30/normalized-j3029_6.opb.xz,10
OPT-LIN/normalized-PB26/sergeys/CPMpy_translated_dataset_PB26/psplib/rcpsp/j30/normalized-j3029_7.opb.xz,10
OPT-LIN/normalized-PB26/sergeys/CPMpy_translated_dataset_PB26/psplib/rcpsp/j30/normalized-j3029_8.opb.xz,10
OPT-LIN/normalized-PB26/sergeys/CPMpy_translated_dataset_PB26/psplib/rcpsp/j30/normalized-j3029_9.opb.xz,10
OPT-LIN/normalized-PB26/sergeys/CPMpy_translated_dataset_PB26/psplib/rcpsp/j30/normalized-j302_1.opb.xz,10
OPT-LIN/normalized-PB26/sergeys/CPMpy_translated_dataset_PB26/psplib/rcpsp/j30/normalized-j302_10.opb.xz,10
OPT-LIN/normalized-PB26/sergeys/CPMpy_translated_dataset_PB26/psplib/rcpsp/j30/normalized-j302_2.opb.xz,10
OPT-LIN/normalized-PB26/sergeys/CPMpy_translated_dataset_PB26/psplib/rcpsp/j30/normalized-j302_3.opb.xz,10
OPT-LIN/normalized-PB26/sergeys/CPMpy_translated_dataset_PB26/psplib/rcpsp/j30/normalized-j302_4.opb.xz,10
OPT-LIN/normalized-PB26/sergeys/CPMpy_translated_dataset_PB26/psplib/rcpsp/j30/normalized-j302_5.opb.xz,10
OPT-LIN/normalized-PB26/sergeys/CPMpy_translated_dataset_PB26/psplib/rcpsp/j30/normalized-j302_6.opb.xz,10
OPT-LIN/normalized-PB26/sergeys/CPMpy_translated_dataset_PB26/psplib/rcpsp/j30/normalized-j302_7.opb.xz,10
OPT-LIN/normalized-PB26/sergeys/CPMpy_translated_dataset_PB26/psplib/rcpsp/j30/normalized-j302_8.opb.xz,10
OPT-LIN/normalized-PB26/sergeys/CPMpy_translated_dataset_PB26/psplib/rcpsp/j30/normalized-j302_9.opb.xz,10
OPT-LIN/normalized-PB26/sergeys/CPMpy_translated_dataset_PB26/psplib/rcpsp/j30/normalized-j3030_1.opb.xz,10
OPT-LIN/normalized-PB26/sergeys/CPMpy_translated_dataset_PB26/psplib/rcpsp/j30/normalized-j3030_10.opb.xz,10
OPT-LIN/normalized-PB26/sergeys/CPMpy_translated_dataset_PB26/psplib/rcpsp/j30/normalized-j3030_2.opb.xz,10
OPT-LIN/normalized-PB26/sergeys/CPMpy_translated_dataset_PB26/psplib/rcpsp/j30/normalized-j3030_3.opb.xz,10
OPT-LIN/normalized-PB26/sergeys/CPMpy_translated_dataset_PB26/psplib/rcpsp/j30/normalized-j3030_4.opb.xz,10
OPT-LIN/normalized-PB26/sergeys/CPMpy_translated_dataset_PB26/psplib/rcpsp/j30/normalized-j3030_5.opb.xz,10
OPT-LIN/normalized-PB26/sergeys/CPMpy_translated_dataset_PB26/psplib/rcpsp/j30/normalized-j3030_6.opb.xz,10
OPT-LIN/normalized-PB26/sergeys/CPMpy_translated_dataset_PB26/psplib/rcpsp/j30/normalized-j3030_7.opb.xz,10
OPT-LIN/normalized-PB26/sergeys/CPMpy_translated_dataset_PB26/psplib/rcpsp/j30/normalized-j3030_8.opb.xz,10
OPT-LIN/normalized-PB26/sergeys/CPMpy_translated_dataset_PB26/psplib/rcpsp/j30/normalized-j3030_9.opb.xz,10
OPT-LIN/normalized-PB26/sergeys/CPMpy_translated_dataset_PB26/psplib/rcpsp/j30/normalized-j3031_1.opb.xz,10
OPT-LIN/normalized-PB26/sergeys/CPMpy_translated_dataset_PB26/psplib/rcpsp/j30/normalized-j3031_10.opb.xz,10
OPT-LIN/normalized-PB26/sergeys/CPMpy_translated_dataset_PB26/psplib/rcpsp/j30/normalized-j3031_2.opb.xz,10
OPT-LIN/normalized-PB26/sergeys/CPMpy_translated_dataset_PB26/psplib/rcpsp/j30/normalized-j3031_3.opb.xz,10
OPT-LIN/normalized-PB26/sergeys/CPMpy_translated_dataset_PB26/psplib/rcpsp/j30/normalized-j3031_4.opb.xz,10
OPT-LIN/normalized-PB26/sergeys/CPMpy_translated_dataset_PB26/psplib/rcpsp/j30/normalized-j3031_5.opb.xz,10
OPT-LIN/normalized-PB26/sergeys/CPMpy_translated_dataset_PB26/psplib/rcpsp/j30/normalized-j3031_6.opb.xz,10
OPT-LIN/normalized-PB26/sergeys/CPMpy_translated_dataset_PB26/psplib/rcpsp/j30/normalized-j3031_7.opb.xz,10
OPT-LIN/normalized-PB26/sergeys/CPMpy_translated_dataset_PB26/psplib/rcpsp/j30/normalized-j3031_8.opb.xz,10
OPT-LIN/normalized-PB26/sergeys/CPMpy_translated_dataset_PB26/psplib/rcpsp/j30/normalized-j3031_9.opb.xz,10
OPT-LIN/normalized-PB26/sergeys/CPMpy_translated_dataset_PB26/psplib/rcpsp/j30/normalized-j3032_1.opb.xz,10
OPT-LIN/normalized-PB26/sergeys/CPMpy_translated_dataset_PB26/psplib/rcpsp/j30/normalized-j3032_10.opb.xz,10
OPT-LIN/normalized-PB26/sergeys/CPMpy_translated_dataset_PB26/psplib/rcpsp/j30/normalized-j3032_2.opb.xz,10
OPT-LIN/normalized-PB26/sergeys/CPMpy_translated_dataset_PB26/psplib/rcpsp/j30/normalized-j3032_3.opb.xz,10
OPT-LIN/normalized-PB26/sergeys/CPMpy_translated_dataset_PB26/psplib/rcpsp/j30/normalized-j3032_4.opb.xz,10
OPT-LIN/normalized-PB26/sergeys/CPMpy_translated_dataset_PB26/psplib/rcpsp/j30/normalized-j3032_5.opb.xz,10
OPT-LIN/normalized-PB26/sergeys/CPMpy_translated_dataset_PB26/psplib/rcpsp/j30/normalized-j3032_6.opb.xz,10
OPT-LIN/normalized-PB26/sergeys/CPMpy_translated_dataset_PB26/psplib/rcpsp/j30/normalized-j3032_7.opb.xz,10
OPT-LIN/normalized-PB26/sergeys/CPMpy_translated_dataset_PB26/psplib/rcpsp/j30/normalized-j3032_8.opb.xz,10
OPT-LIN/normalized-PB26/sergeys/CPMpy_translated_dataset_PB26/psplib/rcpsp/j30/normalized-j3032_9.opb.xz,10
OPT-LIN/normalized-PB26/sergeys/CPMpy_translated_dataset_PB26/psplib/rcpsp/j30/normalized-j3033_1.opb.xz,10
OPT-LIN/normalized-PB26/sergeys/CPMpy_translated_dataset_PB26/psplib/rcpsp/j30/normalized-j3033_10.opb.xz,10
OPT-LIN/normalized-PB26/sergeys/CPMpy_translated_dataset_PB26/psplib/rcpsp/j30/normalized-j3033_2.opb.xz,10
OPT-LIN/normalized-PB26/sergeys/CPMpy_translated_dataset_PB26/psplib/rcpsp/j30/normalized-j3033_3.opb.xz,10
OPT-LIN/normalized-PB26/sergeys/CPMpy_translated_dataset_PB26/psplib/rcpsp/j30/normalized-j3033_4.opb.xz,10
OPT-LIN/normalized-PB26/sergeys/CPMpy_translated_dataset_PB26/psplib/rcpsp/j30/normalized-j3033_5.opb.xz,10
OPT-LIN/normalized-PB26/sergeys/CPMpy_translated_dataset_PB26/psplib/rcpsp/j30/normalized-j3033_6.opb.xz,10
OPT-LIN/normalized-PB26/sergeys/CPMpy_translated_dataset_PB26/psplib/rcpsp/j30/normalized-j3033_7.opb.xz,10
OPT-LIN/normalized-PB26/sergeys/CPMpy_translated_dataset_PB26/psplib/rcpsp/j30/normalized-j3033_8.opb.xz,10
OPT-LIN/normalized-PB26/sergeys/CPMpy_translated_dataset_PB26/psplib/rcpsp/j30/normalized-j3033_9.opb.xz,10
OPT-LIN/normalized-PB26/sergeys/CPMpy_translated_dataset_PB26/psplib/rcpsp/j30/normalized-j3034_1.opb.xz,10
OPT-LIN/normalized-PB26/sergeys/CPMpy_translated_dataset_PB26/psplib/rcpsp/j30/normalized-j3034_10.opb.xz,10
OPT-LIN/normalized-PB26/sergeys/CPMpy_translated_dataset_PB26/psplib/rcpsp/j30/normalized-j3034_2.opb.xz,10
OPT-LIN/normalized-PB26/sergeys/CPMpy_translated_dataset_PB26/psplib/rcpsp/j30/normalized-j3034_3.opb.xz,10
OPT-LIN/normalized-PB26/sergeys/CPMpy_translated_dataset_PB26/psplib/rcpsp/j30/normalized-j3034_4.opb.xz,10
OPT-LIN/normalized-PB26/sergeys/CPMpy_translated_dataset_PB26/psplib/rcpsp/j30/normalized-j3034_5.opb.xz,10
OPT-LIN/normalized-PB26/sergeys/CPMpy_translated_dataset_PB26/psplib/rcpsp/j30/normalized-j3034_6.opb.xz,10
OPT-LIN/normalized-PB26/sergeys/CPMpy_translated_dataset_PB26/psplib/rcpsp/j30/normalized-j3034_7.opb.xz,10
OPT-LIN/normalized-PB26/sergeys/CPMpy_translated_dataset_PB26/psplib/rcpsp/j30/normalized-j3034_8.opb.xz,10
OPT-LIN/normalized-PB26/sergeys/CPMpy_translated_dataset_PB26/psplib/rcpsp/j30/normalized-j3034_9.opb.xz,10
OPT-LIN/normalized-PB26/sergeys/CPMpy_translated_dataset_PB26/psplib/rcpsp/j30/normalized-j3035_1.opb.xz,10
OPT-LIN/normalized-PB26/sergeys/CPMpy_translated_dataset_PB26/psplib/rcpsp/j30/normalized-j3035_10.opb.xz,10
OPT-LIN/normalized-PB26/sergeys/CPMpy_translated_dataset_PB26/psplib/rcpsp/j30/normalized-j3035_2.opb.xz,10
OPT-LIN/normalized-PB26/sergeys/CPMpy_translated_dataset_PB26/psplib/rcpsp/j30/normalized-j3035_3.opb.xz,10
OPT-LIN/normalized-PB26/sergeys/CPMpy_translated_dataset_PB26/psplib/rcpsp/j30/normalized-j3035_4.opb.xz,10
OPT-LIN/normalized-PB26/sergeys/CPMpy_translated_dataset_PB26/psplib/rcpsp/j30/normalized-j3035_5.opb.xz,10
OPT-LIN/normalized-PB26/sergeys/CPMpy_translated_dataset_PB26/psplib/rcpsp/j30/normalized-j3035_6.opb.xz,10
OPT-LIN/normalized-PB26/sergeys/CPMpy_translated_dataset_PB26/psplib/rcpsp/j30/normalized-j3035_7.opb.xz,10
OPT-LIN/normalized-PB26/sergeys/CPMpy_translated_dataset_PB26/psplib/rcpsp/j30/normalized-j3035_8.opb.xz,10
OPT-LIN/normalized-PB26/sergeys/CPMpy_translated_dataset_PB26/psplib/rcpsp/j30/normalized-j3035_9.opb.xz,10
OPT-LIN/normalized-PB26/sergeys/CPMpy_translated_dataset_PB26/psplib/rcpsp/j30/normalized-j3036_1.opb.xz,10
OPT-LIN/normalized-PB26/sergeys/CPMpy_translated_dataset_PB26/psplib/rcpsp/j30/normalized-j3036_10.opb.xz,10
OPT-LIN/normalized-PB26/sergeys/CPMpy_translated_dataset_PB26/psplib/rcpsp/j30/normalized-j3036_2.opb.xz,10
OPT-LIN/normalized-PB26/sergeys/CPMpy_translated_dataset_PB26/psplib/rcpsp/j30/normalized-j3036_3.opb.xz,10
OPT-LIN/normalized-PB26/sergeys/CPMpy_translated_dataset_PB26/psplib/rcpsp/j30/normalized-j3036_4.opb.xz,10
OPT-LIN/normalized-PB26/sergeys/CPMpy_translated_dataset_PB26/psplib/rcpsp/j30/normalized-j3036_5.opb.xz,10
OPT-LIN/normalized-PB26/sergeys/CPMpy_translated_dataset_PB26/psplib/rcpsp/j30/normalized-j3036_6.opb.xz,10
OPT-LIN/normalized-PB26/sergeys/CPMpy_translated_dataset_PB26/psplib/rcpsp/j30/normalized-j3036_7.opb.xz,10
OPT-LIN/normalized-PB26/sergeys/CPMpy_translated_dataset_PB26/psplib/rcpsp/j30/normalized-j3036_8.opb.xz,10
OPT-LIN/normalized-PB26/sergeys/CPMpy_translated_dataset_PB26/psplib/rcpsp/j30/normalized-j3036_9.opb.xz,10
OPT-LIN/normalized-PB26/sergeys/CPMpy_translated_dataset_PB26/psplib/rcpsp/j30/normalized-j3037_1.opb.xz,10
OPT-LIN/normalized-PB26/sergeys/CPMpy_translated_dataset_PB26/psplib/rcpsp/j30/normalized-j3037_10.opb.xz,10
OPT-LIN/normalized-PB26/sergeys/CPMpy_translated_dataset_PB26/psplib/rcpsp/j30/normalized-j3037_2.opb.xz,10
OPT-LIN/normalized-PB26/sergeys/CPMpy_translated_dataset_PB26/psplib/rcpsp/j30/normalized-j3037_3.opb.xz,10
OPT-LIN/normalized-PB26/sergeys/CPMpy_translated_dataset_PB26/psplib/rcpsp/j30/normalized-j3037_4.opb.xz,10
OPT-LIN/normalized-PB26/sergeys/CPMpy_translated_dataset_PB26/psplib/rcpsp/j30/normalized-j3037_5.opb.xz,10
OPT-LIN/normalized-PB26/sergeys/CPMpy_translated_dataset_PB26/psplib/rcpsp/j30/normalized-j3037_6.opb.xz,10
OPT-LIN/normalized-PB26/sergeys/CPMpy_translated_dataset_PB26/psplib/rcpsp/j30/normalized-j3037_7.opb.xz,10
OPT-LIN/normalized-PB26/sergeys/CPMpy_translated_dataset_PB26/psplib/rcpsp/j30/normalized-j3037_8.opb.xz,10
OPT-LIN/normalized-PB26/sergeys/CPMpy_translated_dataset_PB26/psplib/rcpsp/j30/normalized-j3037_9.opb.xz,9
OPT-LIN/normalized-PB26/sergeys/CPMpy_translated_dataset_PB26/psplib/rcpsp/j30/normalized-j3038_1.opb.xz,10
OPT-LIN/normalized-PB26/sergeys/CPMpy_translated_dataset_PB26/psplib/rcpsp/j30/normalized-j3038_10.opb.xz,10
OPT-LIN/normalized-PB26/sergeys/CPMpy_translated_dataset_PB26/psplib/rcpsp/j30/normalized-j3038_2.opb.xz,10
OPT-LIN/normalized-PB26/sergeys/CPMpy_translated_dataset_PB26/psplib/rcpsp/j30/normalized-j3038_3.opb.xz,10
OPT-LIN/normalized-PB26/sergeys/CPMpy_translated_dataset_PB26/psplib/rcpsp/j30/normalized-j3038_4.opb.xz,10
OPT-LIN/normalized-PB26/sergeys/CPMpy_translated_dataset_PB26/psplib/rcpsp/j30/normalized-j3038_5.opb.xz,10
OPT-LIN/normalized-PB26/sergeys/CPMpy_translated_dataset_PB26/psplib/rcpsp/j30/normalized-j3038_6.opb.xz,10
OPT-LIN/normalized-PB26/sergeys/CPMpy_translated_dataset_PB26/psplib/rcpsp/j30/normalized-j3038_7.opb.xz,10
OPT-LIN/normalized-PB26/sergeys/CPMpy_translated_dataset_PB26/psplib/rcpsp/j30/normalized-j3038_8.opb.xz,10
OPT-LIN/normalized-PB26/sergeys/CPMpy_translated_dataset_PB26/psplib/rcpsp/j30/normalized-j3038_9.opb.xz,10
OPT-LIN/normalized-PB26/sergeys/CPMpy_translated_dataset_PB26/psplib/rcpsp/j30/normalized-j3039_1.opb.xz,10
OPT-LIN/normalized-PB26/sergeys/CPMpy_translated_dataset_PB26/psplib/rcpsp/j30/normalized-j3039_10.opb.xz,10
OPT-LIN/normalized-PB26/sergeys/CPMpy_translated_dataset_PB26/psplib/rcpsp/j30/normalized-j3039_2.opb.xz,10
OPT-LIN/normalized-PB26/sergeys/CPMpy_translated_dataset_PB26/psplib/rcpsp/j30/normalized-j3039_3.opb.xz,10
OPT-LIN/normalized-PB26/sergeys/CPMpy_translated_dataset_PB26/psplib/rcpsp/j30/normalized-j3039_4.opb.xz,10
OPT-LIN/normalized-PB26/sergeys/CPMpy_translated_dataset_PB26/psplib/rcpsp/j30/normalized-j3039_5.opb.xz,10
OPT-LIN/normalized-PB26/sergeys/CPMpy_translated_dataset_PB26/psplib/rcpsp/j30/normalized-j3039_6.opb.xz,10
OPT-LIN/normalized-PB26/sergeys/CPMpy_translated_dataset_PB26/psplib/rcpsp/j30/normalized-j3039_7.opb.xz,10
OPT-LIN/normalized-PB26/sergeys/CPMpy_translated_dataset_PB26/psplib/rcpsp/j30/normalized-j3039_8.opb.xz,10
OPT-LIN/normalized-PB26/sergeys/CPMpy_translated_dataset_PB26/psplib/rcpsp/j30/normalized-j3039_9.opb.xz,10
OPT-LIN/normalized-PB26/sergeys/CPMpy_translated_dataset_PB26/psplib/rcpsp/j30/normalized-j303_1.opb.xz,10
OPT-LIN/normalized-PB26/sergeys/CPMpy_translated_dataset_PB26/psplib/rcpsp/j30/normalized-j303_10.opb.xz,10
OPT-LIN/normalized-PB26/sergeys/CPMpy_translated_dataset_PB26/psplib/rcpsp/j30/normalized-j303_2.opb.xz,10
OPT-LIN/normalized-PB26/sergeys/CPMpy_translated_dataset_PB26/psplib/rcpsp/j30/normalized-j303_3.opb.xz,10
OPT-LIN/normalized-PB26/sergeys/CPMpy_translated_dataset_PB26/psplib/rcpsp/j30/normalized-j303_4.opb.xz,10
OPT-LIN/normalized-PB26/sergeys/CPMpy_translated_dataset_PB26/psplib/rcpsp/j30/normalized-j303_5.opb.xz,10
OPT-LIN/normalized-PB26/sergeys/CPMpy_translated_dataset_PB26/psplib/rcpsp/j30/normalized-j303_6.opb.xz,10
OPT-LIN/normalized-PB26/sergeys/CPMpy_translated_dataset_PB26/psplib/rcpsp/j30/normalized-j303_7.opb.xz,10
OPT-LIN/normalized-PB26/sergeys/CPMpy_translated_dataset_PB26/psplib/rcpsp/j30/normalized-j303_8.opb.xz,10
OPT-LIN/normalized-PB26/sergeys/CPMpy_translated_dataset_PB26/psplib/rcpsp/j30/normalized-j303_9.opb.xz,10
OPT-LIN/normalized-PB26/sergeys/CPMpy_translated_dataset_PB26/psplib/rcpsp/j30/normalized-j3040_1.opb.xz,10
OPT-LIN/normalized-PB26/sergeys/CPMpy_translated_dataset_PB26/psplib/rcpsp/j30/normalized-j3040_10.opb.xz,10
OPT-LIN/normalized-PB26/sergeys/CPMpy_translated_dataset_PB26/psplib/rcpsp/j30/normalized-j3040_2.opb.xz,10
OPT-LIN/normalized-PB26/sergeys/CPMpy_translated_dataset_PB26/psplib/rcpsp/j30/normalized-j3040_3.opb.xz,10
OPT-LIN/normalized-PB26/sergeys/CPMpy_translated_dataset_PB26/psplib/rcpsp/j30/normalized-j3040_4.opb.xz,10
OPT-LIN/normalized-PB26/sergeys/CPMpy_translated_dataset_PB26/psplib/rcpsp/j30/normalized-j3040_5.opb.xz,10
OPT-LIN/normalized-PB26/sergeys/CPMpy_translated_dataset_PB26/psplib/rcpsp/j30/normalized-j3040_6.opb.xz,10
OPT-LIN/normalized-PB26/sergeys/CPMpy_translated_dataset_PB26/psplib/rcpsp/j30/normalized-j3040_7.opb.xz,10
OPT-LIN/normalized-PB26/sergeys/CPMpy_translated_dataset_PB26/psplib/rcpsp/j30/normalized-j3040_8.opb.xz,10
OPT-LIN/normalized-PB26/sergeys/CPMpy_translated_dataset_PB26/psplib/rcpsp/j30/normalized-j3040_9.opb.xz,10
OPT-LIN/normalized-PB26/sergeys/CPMpy_translated_dataset_PB26/psplib/rcpsp/j30/normalized-j3041_1.opb.xz,10
OPT-LIN/normalized-PB26/sergeys/CPMpy_translated_dataset_PB26/psplib/rcpsp/j30/normalized-j3041_10.opb.xz,10
OPT-LIN/normalized-PB26/sergeys/CPMpy_translated_dataset_PB26/psplib/rcpsp/j30/normalized-j3041_2.opb.xz,10
OPT-LIN/normalized-PB26/sergeys/CPMpy_translated_dataset_PB26/psplib/rcpsp/j30/normalized-j3041_3.opb.xz,10
OPT-LIN/normalized-PB26/sergeys/CPMpy_translated_dataset_PB26/psplib/rcpsp/j30/normalized-j3041_4.opb.xz,10
OPT-LIN/normalized-PB26/sergeys/CPMpy_translated_dataset_PB26/psplib/rcpsp/j30/normalized-j3041_5.opb.xz,10
OPT-LIN/normalized-PB26/sergeys/CPMpy_translated_dataset_PB26/psplib/rcpsp/j30/normalized-j3041_6.opb.xz,10
OPT-LIN/normalized-PB26/sergeys/CPMpy_translated_dataset_PB26/psplib/rcpsp/j30/normalized-j3041_7.opb.xz,10
OPT-LIN/normalized-PB26/sergeys/CPMpy_translated_dataset_PB26/psplib/rcpsp/j30/normalized-j3041_8.opb.xz,10
OPT-LIN/normalized-PB26/sergeys/CPMpy_translated_dataset_PB26/psplib/rcpsp/j30/normalized-j3041_9.opb.xz,10
OPT-LIN/normalized-PB26/sergeys/CPMpy_translated_dataset_PB26/psplib/rcpsp/j30/normalized-j3042_1.opb.xz,10
OPT-LIN/normalized-PB26/sergeys/CPMpy_translated_dataset_PB26/psplib/rcpsp/j30/normalized-j3042_10.opb.xz,10
OPT-LIN/normalized-PB26/sergeys/CPMpy_translated_dataset_PB26/psplib/rcpsp/j30/normalized-j3042_2.opb.xz,10
OPT-LIN/normalized-PB26/sergeys/CPMpy_translated_dataset_PB26/psplib/rcpsp/j30/normalized-j3042_3.opb.xz,10
OPT-LIN/normalized-PB26/sergeys/CPMpy_translated_dataset_PB26/psplib/rcpsp/j30/normalized-j3042_4.opb.xz,10
OPT-LIN/normalized-PB26/sergeys/CPMpy_translated_dataset_PB26/psplib/rcpsp/j30/normalized-j3042_5.opb.xz,10
OPT-LIN/normalized-PB26/sergeys/CPMpy_translated_dataset_PB26/psplib/rcpsp/j30/normalized-j3042_6.opb.xz,10
OPT-LIN/normalized-PB26/sergeys/CPMpy_translated_dataset_PB26/psplib/rcpsp/j30/normalized-j3042_7.opb.xz,10
OPT-LIN/normalized-PB26/sergeys/CPMpy_translated_dataset_PB26/psplib/rcpsp/j30/normalized-j3042_8.opb.xz,10
OPT-LIN/normalized-PB26/sergeys/CPMpy_translated_dataset_PB26/psplib/rcpsp/j30/normalized-j3042_9.opb.xz,10
OPT-LIN/normalized-PB26/sergeys/CPMpy_translated_dataset_PB26/psplib/rcpsp/j30/normalized-j3043_1.opb.xz,10
OPT-LIN/normalized-PB26/sergeys/CPMpy_translated_dataset_PB26/psplib/rcpsp/j30/normalized-j3043_10.opb.xz,10
OPT-LIN/normalized-PB26/sergeys/CPMpy_translated_dataset_PB26/psplib/rcpsp/j30/normalized-j3043_2.opb.xz,10
OPT-LIN/normalized-PB26/sergeys/CPMpy_translated_dataset_PB26/psplib/rcpsp/j30/normalized-j3043_3.opb.xz,10
OPT-LIN/normalized-PB26/sergeys/CPMpy_translated_dataset_PB26/psplib/rcpsp/j30/normalized-j3043_4.opb.xz,10
OPT-LIN/normalized-PB26/sergeys/CPMpy_translated_dataset_PB26/psplib/rcpsp/j30/normalized-j3043_5.opb.xz,10
OPT-LIN/normalized-PB26/sergeys/CPMpy_translated_dataset_PB26/psplib/rcpsp/j30/normalized-j3043_6.opb.xz,10
OPT-LIN/normalized-PB26/sergeys/CPMpy_translated_dataset_PB26/psplib/rcpsp/j30/normalized-j3043_7.opb.xz,10
OPT-LIN/normalized-PB26/sergeys/CPMpy_translated_dataset_PB26/psplib/rcpsp/j30/normalized-j3043_8.opb.xz,10
OPT-LIN/normalized-PB26/sergeys/CPMpy_translated_dataset_PB26/psplib/rcpsp/j30/normalized-j3043_9.opb.xz,10
OPT-LIN/normalized-PB26/sergeys/CPMpy_translated_dataset_PB26/psplib/rcpsp/j30/normalized-j3044_1.opb.xz,10
OPT-LIN/normalized-PB26/sergeys/CPMpy_translated_dataset_PB26/psplib/rcpsp/j30/normalized-j3044_10.opb.xz,10
OPT-LIN/normalized-PB26/sergeys/CPMpy_translated_dataset_PB26/psplib/rcpsp/j30/normalized-j3044_2.opb.xz,10
OPT-LIN/normalized-PB26/sergeys/CPMpy_translated_dataset_PB26/psplib/rcpsp/j30/normalized-j3044_3.opb.xz,10
OPT-LIN/normalized-PB26/sergeys/CPMpy_translated_dataset_PB26/psplib/rcpsp/j30/normalized-j3044_4.opb.xz,10
OPT-LIN/normalized-PB26/sergeys/CPMpy_translated_dataset_PB26/psplib/rcpsp/j30/normalized-j3044_5.opb.xz,10
OPT-LIN/normalized-PB26/sergeys/CPMpy_translated_dataset_PB26/psplib/rcpsp/j30/normalized-j3044_6.opb.xz,10
OPT-LIN/normalized-PB26/sergeys/CPMpy_translated_dataset_PB26/psplib/rcpsp/j30/normalized-j3044_7.opb.xz,10
OPT-LIN/normalized-PB26/sergeys/CPMpy_translated_dataset_PB26/psplib/rcpsp/j30/normalized-j3044_8.opb.xz,10
OPT-LIN/normalized-PB26/sergeys/CPMpy_translated_dataset_PB26/psplib/rcpsp/j30/normalized-j3044_9.opb.xz,10
OPT-LIN/normalized-PB26/sergeys/CPMpy_translated_dataset_PB26/psplib/rcpsp/j30/normalized-j3045_1.opb.xz,10
OPT-LIN/normalized-PB26/sergeys/CPMpy_translated_dataset_PB26/psplib/rcpsp/j30/normalized-j3045_10.opb.xz,10
OPT-LIN/normalized-PB26/sergeys/CPMpy_translated_dataset_PB26/psplib/rcpsp/j30/normalized-j3045_2.opb.xz,10
OPT-LIN/normalized-PB26/sergeys/CPMpy_translated_dataset_PB26/psplib/rcpsp/j30/normalized-j3045_3.opb.xz,10
OPT-LIN/normalized-PB26/sergeys/CPMpy_translated_dataset_PB26/psplib/rcpsp/j30/normalized-j3045_4.opb.xz,10
OPT-LIN/normalized-PB26/sergeys/CPMpy_translated_dataset_PB26/psplib/rcpsp/j30/normalized-j3045_5.opb.xz,10
OPT-LIN/normalized-PB26/sergeys/CPMpy_translated_dataset_PB26/psplib/rcpsp/j30/normalized-j3045_6.opb.xz,10
OPT-LIN/normalized-PB26/sergeys/CPMpy_translated_dataset_PB26/psplib/rcpsp/j30/normalized-j3045_7.opb.xz,10
OPT-LIN/normalized-PB26/sergeys/CPMpy_translated_dataset_PB26/psplib/rcpsp/j30/normalized-j3045_8.opb.xz,10
OPT-LIN/normalized-PB26/sergeys/CPMpy_translated_dataset_PB26/psplib/rcpsp/j30/normalized-j3045_9.opb.xz,10
OPT-LIN/normalized-PB26/sergeys/CPMpy_translated_dataset_PB26/psplib/rcpsp/j30/normalized-j3046_1.opb.xz,10
OPT-LIN/normalized-PB26/sergeys/CPMpy_translated_dataset_PB26/psplib/rcpsp/j30/normalized-j3046_10.opb.xz,10
OPT-LIN/normalized-PB26/sergeys/CPMpy_translated_dataset_PB26/psplib/rcpsp/j30/normalized-j3046_2.opb.xz,10
OPT-LIN/normalized-PB26/sergeys/CPMpy_translated_dataset_PB26/psplib/rcpsp/j30/normalized-j3046_3.opb.xz,10
OPT-LIN/normalized-PB26/sergeys/CPMpy_translated_dataset_PB26/psplib/rcpsp/j30/normalized-j3046_4.opb.xz,10
OPT-LIN/normalized-PB26/sergeys/CPMpy_translated_dataset_PB26/psplib/rcpsp/j30/normalized-j3046_5.opb.xz,10
OPT-LIN/normalized-PB26/sergeys/CPMpy_translated_dataset_PB26/psplib/rcpsp/j30/normalized-j3046_6.opb.xz,10
OPT-LIN/normalized-PB26/sergeys/CPMpy_translated_dataset_PB26/psplib/rcpsp/j30/normalized-j3046_7.opb.xz,10
OPT-LIN/normalized-PB26/sergeys/CPMpy_translated_dataset_PB26/psplib/rcpsp/j30/normalized-j3046_8.opb.xz,10
OPT-LIN/normalized-PB26/sergeys/CPMpy_translated_dataset_PB26/psplib/rcpsp/j30/normalized-j3046_9.opb.xz,10
OPT-LIN/normalized-PB26/sergeys/CPMpy_translated_dataset_PB26/psplib/rcpsp/j30/normalized-j3047_1.opb.xz,10
OPT-LIN/normalized-PB26/sergeys/CPMpy_translated_dataset_PB26/psplib/rcpsp/j30/normalized-j3047_10.opb.xz,10
OPT-LIN/normalized-PB26/sergeys/CPMpy_translated_dataset_PB26/psplib/rcpsp/j30/normalized-j3047_2.opb.xz,10
OPT-LIN/normalized-PB26/sergeys/CPMpy_translated_dataset_PB26/psplib/rcpsp/j30/normalized-j3047_3.opb.xz,10
OPT-LIN/normalized-PB26/sergeys/CPMpy_translated_dataset_PB26/psplib/rcpsp/j30/normalized-j3047_4.opb.xz,10
OPT-LIN/normalized-PB26/sergeys/CPMpy_translated_dataset_PB26/psplib/rcpsp/j30/normalized-j3047_5.opb.xz,10
OPT-LIN/normalized-PB26/sergeys/CPMpy_translated_dataset_PB26/psplib/rcpsp/j30/normalized-j3047_6.opb.xz,10
OPT-LIN/normalized-PB26/sergeys/CPMpy_translated_dataset_PB26/psplib/rcpsp/j30/normalized-j3047_7.opb.xz,10
OPT-LIN/normalized-PB26/sergeys/CPMpy_translated_dataset_PB26/psplib/rcpsp/j30/normalized-j3047_8.opb.xz,10
OPT-LIN/normalized-PB26/sergeys/CPMpy_translated_dataset_PB26/psplib/rcpsp/j30/normalized-j3047_9.opb.xz,10
OPT-LIN/normalized-PB26/sergeys/CPMpy_translated_dataset_PB26/psplib/rcpsp/j30/normalized-j3048_1.opb.xz,10
OPT-LIN/normalized-PB26/sergeys/CPMpy_translated_dataset_PB26/psplib/rcpsp/j30/normalized-j3048_10.opb.xz,10
OPT-LIN/normalized-PB26/sergeys/CPMpy_translated_dataset_PB26/psplib/rcpsp/j30/normalized-j3048_2.opb.xz,10
OPT-LIN/normalized-PB26/sergeys/CPMpy_translated_dataset_PB26/psplib/rcpsp/j30/normalized-j3048_3.opb.xz,10
OPT-LIN/normalized-PB26/sergeys/CPMpy_translated_dataset_PB26/psplib/rcpsp/j30/normalized-j3048_4.opb.xz,10
OPT-LIN/normalized-PB26/sergeys/CPMpy_translated_dataset_PB26/psplib/rcpsp/j30/normalized-j3048_5.opb.xz,10
OPT-LIN/normalized-PB26/sergeys/CPMpy_translated_dataset_PB26/psplib/rcpsp/j30/normalized-j3048_6.opb.xz,10
OPT-LIN/normalized-PB26/sergeys/CPMpy_translated_dataset_PB26/psplib/rcpsp/j30/normalized-j3048_7.opb.xz,10
OPT-LIN/normalized-PB26/sergeys/CPMpy_translated_dataset_PB26/psplib/rcpsp/j30/normalized-j3048_8.opb.xz,10
OPT-LIN/normalized-PB26/sergeys/CPMpy_translated_dataset_PB26/psplib/rcpsp/j30/normalized-j3048_9.opb.xz,10
OPT-LIN/normalized-PB26/sergeys/CPMpy_translated_dataset_PB26/psplib/rcpsp/j30/normalized-j304_1.opb.xz,10
OPT-LIN/normalized-PB26/sergeys/CPMpy_translated_dataset_PB26/psplib/rcpsp/j30/normalized-j304_10.opb.xz,10
OPT-LIN/normalized-PB26/sergeys/CPMpy_translated_dataset_PB26/psplib/rcpsp/j30/normalized-j304_2.opb.xz,10
OPT-LIN/normalized-PB26/sergeys/CPMpy_translated_dataset_PB26/psplib/rcpsp/j30/normalized-j304_3.opb.xz,10
OPT-LIN/normalized-PB26/sergeys/CPMpy_translated_dataset_PB26/psplib/rcpsp/j30/normalized-j304_4.opb.xz,10
OPT-LIN/normalized-PB26/sergeys/CPMpy_translated_dataset_PB26/psplib/rcpsp/j30/normalized-j304_5.opb.xz,10
OPT-LIN/normalized-PB26/sergeys/CPMpy_translated_dataset_PB26/psplib/rcpsp/j30/normalized-j304_6.opb.xz,10
OPT-LIN/normalized-PB26/sergeys/CPMpy_translated_dataset_PB26/psplib/rcpsp/j30/normalized-j304_7.opb.xz,10
OPT-LIN/normalized-PB26/sergeys/CPMpy_translated_dataset_PB26/psplib/rcpsp/j30/normalized-j304_8.opb.xz,10
OPT-LIN/normalized-PB26/sergeys/CPMpy_translated_dataset_PB26/psplib/rcpsp/j30/normalized-j304_9.opb.xz,10
OPT-LIN/normalized-PB26/sergeys/CPMpy_translated_dataset_PB26/psplib/rcpsp/j30/normalized-j305_1.opb.xz,10
OPT-LIN/normalized-PB26/sergeys/CPMpy_translated_dataset_PB26/psplib/rcpsp/j30/normalized-j305_10.opb.xz,10
OPT-LIN/normalized-PB26/sergeys/CPMpy_translated_dataset_PB26/psplib/rcpsp/j30/normalized-j305_2.opb.xz,10
OPT-LIN/normalized-PB26/sergeys/CPMpy_translated_dataset_PB26/psplib/rcpsp/j30/normalized-j305_3.opb.xz,10
OPT-LIN/normalized-PB26/sergeys/CPMpy_translated_dataset_PB26/psplib/rcpsp/j30/normalized-j305_4.opb.xz,10
OPT-LIN/normalized-PB26/sergeys/CPMpy_translated_dataset_PB26/psplib/rcpsp/j30/normalized-j305_5.opb.xz,10
OPT-LIN/normalized-PB26/sergeys/CPMpy_translated_dataset_PB26/psplib/rcpsp/j30/normalized-j305_6.opb.xz,10
OPT-LIN/normalized-PB26/sergeys/CPMpy_translated_dataset_PB26/psplib/rcpsp/j30/normalized-j305_7.opb.xz,10
OPT-LIN/normalized-PB26/sergeys/CPMpy_translated_dataset_PB26/psplib/rcpsp/j30/normalized-j305_8.opb.xz,10
OPT-LIN/normalized-PB26/sergeys/CPMpy_translated_dataset_PB26/psplib/rcpsp/j30/normalized-j305_9.opb.xz,10
OPT-LIN/normalized-PB26/sergeys/CPMpy_translated_dataset_PB26/psplib/rcpsp/j30/normalized-j306_1.opb.xz,10
OPT-LIN/normalized-PB26/sergeys/CPMpy_translated_dataset_PB26/psplib/rcpsp/j30/normalized-j306_10.opb.xz,10
OPT-LIN/normalized-PB26/sergeys/CPMpy_translated_dataset_PB26/psplib/rcpsp/j30/normalized-j306_2.opb.xz,10
OPT-LIN/normalized-PB26/sergeys/CPMpy_translated_dataset_PB26/psplib/rcpsp/j30/normalized-j306_3.opb.xz,10
OPT-LIN/normalized-PB26/sergeys/CPMpy_translated_dataset_PB26/psplib/rcpsp/j30/normalized-j306_4.opb.xz,10
OPT-LIN/normalized-PB26/sergeys/CPMpy_translated_dataset_PB26/psplib/rcpsp/j30/normalized-j306_5.opb.xz,10
OPT-LIN/normalized-PB26/sergeys/CPMpy_translated_dataset_PB26/psplib/rcpsp/j30/normalized-j306_6.opb.xz,10
OPT-LIN/normalized-PB26/sergeys/CPMpy_translated_dataset_PB26/psplib/rcpsp/j30/normalized-j306_7.opb.xz,10
OPT-LIN/normalized-PB26/sergeys/CPMpy_translated_dataset_PB26/psplib/rcpsp/j30/normalized-j306_8.opb.xz,10
OPT-LIN/normalized-PB26/sergeys/CPMpy_translated_dataset_PB26/psplib/rcpsp/j30/normalized-j306_9.opb.xz,10
OPT-LIN/normalized-PB26/sergeys/CPMpy_translated_dataset_PB26/psplib/rcpsp/j30/normalized-j307_1.opb.xz,10
OPT-LIN/normalized-PB26/sergeys/CPMpy_translated_dataset_PB26/psplib/rcpsp/j30/normalized-j307_10.opb.xz,10
OPT-LIN/normalized-PB26/sergeys/CPMpy_translated_dataset_PB26/psplib/rcpsp/j30/normalized-j307_2.opb.xz,10
OPT-LIN/normalized-PB26/sergeys/CPMpy_translated_dataset_PB26/psplib/rcpsp/j30/normalized-j307_3.opb.xz,10
OPT-LIN/normalized-PB26/sergeys/CPMpy_translated_dataset_PB26/psplib/rcpsp/j30/normalized-j307_4.opb.xz,10
OPT-LIN/normalized-PB26/sergeys/CPMpy_translated_dataset_PB26/psplib/rcpsp/j30/normalized-j307_5.opb.xz,10
OPT-LIN/normalized-PB26/sergeys/CPMpy_translated_dataset_PB26/psplib/rcpsp/j30/normalized-j307_6.opb.xz,10
OPT-LIN/normalized-PB26/sergeys/CPMpy_translated_dataset_PB26/psplib/rcpsp/j30/normalized-j307_7.opb.xz,10
OPT-LIN/normalized-PB26/sergeys/CPMpy_translated_dataset_PB26/psplib/rcpsp/j30/normalized-j307_8.opb.xz,10
OPT-LIN/normalized-PB26/sergeys/CPMpy_translated_dataset_PB26/psplib/rcpsp/j30/normalized-j307_9.opb.xz,10
OPT-LIN/normalized-PB26/sergeys/CPMpy_translated_dataset_PB26/psplib/rcpsp/j30/normalized-j308_1.opb.xz,10
OPT-LIN/normalized-PB26/sergeys/CPMpy_translated_dataset_PB26/psplib/rcpsp/j30/normalized-j308_10.opb.xz,10
OPT-LIN/normalized-PB26/sergeys/CPMpy_translated_dataset_PB26/psplib/rcpsp/j30/normalized-j308_2.opb.xz,10
OPT-LIN/normalized-PB26/sergeys/CPMpy_translated_dataset_PB26/psplib/rcpsp/j30/normalized-j308_3.opb.xz,10
OPT-LIN/normalized-PB26/sergeys/CPMpy_translated_dataset_PB26/psplib/rcpsp/j30/normalized-j308_4.opb.xz,10
OPT-LIN/normalized-PB26/sergeys/CPMpy_translated_dataset_PB26/psplib/rcpsp/j30/normalized-j308_5.opb.xz,10
OPT-LIN/normalized-PB26/sergeys/CPMpy_translated_dataset_PB26/psplib/rcpsp/j30/normalized-j308_6.opb.xz,10
OPT-LIN/normalized-PB26/sergeys/CPMpy_translated_dataset_PB26/psplib/rcpsp/j30/normalized-j308_7.opb.xz,10
OPT-LIN/normalized-PB26/sergeys/CPMpy_translated_dataset_PB26/psplib/rcpsp/j30/normalized-j308_8.opb.xz,10
OPT-LIN/normalized-PB26/sergeys/CPMpy_translated_dataset_PB26/psplib/rcpsp/j30/normalized-j308_9.opb.xz,10
OPT-LIN/normalized-PB26/sergeys/CPMpy_translated_dataset_PB26/psplib/rcpsp/j30/normalized-j309_1.opb.xz,10
OPT-LIN/normalized-PB26/sergeys/CPMpy_translated_dataset_PB26/psplib/rcpsp/j30/normalized-j309_10.opb.xz,10
OPT-LIN/normalized-PB26/sergeys/CPMpy_translated_dataset_PB26/psplib/rcpsp/j30/normalized-j309_2.opb.xz,10
OPT-LIN/normalized-PB26/sergeys/CPMpy_translated_dataset_PB26/psplib/rcpsp/j30/normalized-j309_3.opb.xz,10
OPT-LIN/normalized-PB26/sergeys/CPMpy_translated_dataset_PB26/psplib/rcpsp/j30/normalized-j309_4.opb.xz,10
OPT-LIN/normalized-PB26/sergeys/CPMpy_translated_dataset_PB26/psplib/rcpsp/j30/normalized-j309_5.opb.xz,10
OPT-LIN/normalized-PB26/sergeys/CPMpy_translated_dataset_PB26/psplib/rcpsp/j30/normalized-j309_6.opb.xz,10
OPT-LIN/normalized-PB26/sergeys/CPMpy_translated_dataset_PB26/psplib/rcpsp/j30/normalized-j309_7.opb.xz,10
OPT-LIN/normalized-PB26/sergeys/CPMpy_translated_dataset_PB26/psplib/rcpsp/j30/normalized-j309_8.opb.xz,10
OPT-LIN/normalized-PB26/sergeys/CPMpy_translated_dataset_PB26/psplib/rcpsp/j30/normalized-j309_9.opb.xz,10
OPT-LIN/normalized-PB26/sergeys/CPMpy_translated_dataset_PB26/psplib/rcpsp/j60/normalized-j6010_1.opb.xz,11
OPT-LIN/normalized-PB26/sergeys/CPMpy_translated_dataset_PB26/psplib/rcpsp/j60/normalized-j6010_10.opb.xz,11
OPT-LIN/normalized-PB26/sergeys/CPMpy_translated_dataset_PB26/psplib/rcpsp/j60/normalized-j6010_2.opb.xz,11
OPT-LIN/normalized-PB26/sergeys/CPMpy_translated_dataset_PB26/psplib/rcpsp/j60/normalized-j6010_3.opb.xz,11
OPT-LIN/normalized-PB26/sergeys/CPMpy_translated_dataset_PB26/psplib/rcpsp/j60/normalized-j6010_4.opb.xz,11
OPT-LIN/normalized-PB26/sergeys/CPMpy_translated_dataset_PB26/psplib/rcpsp/j60/normalized-j6010_5.opb.xz,11
OPT-LIN/normalized-PB26/sergeys/CPMpy_translated_dataset_PB26/psplib/rcpsp/j60/normalized-j6010_6.opb.xz,11
OPT-LIN/normalized-PB26/sergeys/CPMpy_translated_dataset_PB26/psplib/rcpsp/j60/normalized-j6010_7.opb.xz,11
OPT-LIN/normalized-PB26/sergeys/CPMpy_translated_dataset_PB26/psplib/rcpsp/j60/normalized-j6010_8.opb.xz,11
OPT-LIN/normalized-PB26/sergeys/CPMpy_translated_dataset_PB26/psplib/rcpsp/j60/normalized-j6010_9.opb.xz,11
OPT-LIN/normalized-PB26/sergeys/CPMpy_translated_dataset_PB26/psplib/rcpsp/j60/normalized-j6011_1.opb.xz,11
OPT-LIN/normalized-PB26/sergeys/CPMpy_translated_dataset_PB26/psplib/rcpsp/j60/normalized-j6011_10.opb.xz,11
OPT-LIN/normalized-PB26/sergeys/CPMpy_translated_dataset_PB26/psplib/rcpsp/j60/normalized-j6011_2.opb.xz,11
OPT-LIN/normalized-PB26/sergeys/CPMpy_translated_dataset_PB26/psplib/rcpsp/j60/normalized-j6011_3.opb.xz,11
OPT-LIN/normalized-PB26/sergeys/CPMpy_translated_dataset_PB26/psplib/rcpsp/j60/normalized-j6011_4.opb.xz,11
OPT-LIN/normalized-PB26/sergeys/CPMpy_translated_dataset_PB26/psplib/rcpsp/j60/normalized-j6011_5.opb.xz,11
OPT-LIN/normalized-PB26/sergeys/CPMpy_translated_dataset_PB26/psplib/rcpsp/j60/normalized-j6011_6.opb.xz,11
OPT-LIN/normalized-PB26/sergeys/CPMpy_translated_dataset_PB26/psplib/rcpsp/j60/normalized-j6011_7.opb.xz,11
OPT-LIN/normalized-PB26/sergeys/CPMpy_translated_dataset_PB26/psplib/rcpsp/j60/normalized-j6011_8.opb.xz,11
OPT-LIN/normalized-PB26/sergeys/CPMpy_translated_dataset_PB26/psplib/rcpsp/j60/normalized-j6011_9.opb.xz,11
OPT-LIN/normalized-PB26/sergeys/CPMpy_translated_dataset_PB26/psplib/rcpsp/j60/normalized-j6012_1.opb.xz,11
OPT-LIN/normalized-PB26/sergeys/CPMpy_translated_dataset_PB26/psplib/rcpsp/j60/normalized-j6012_10.opb.xz,11
OPT-LIN/normalized-PB26/sergeys/CPMpy_translated_dataset_PB26/psplib/rcpsp/j60/normalized-j6012_2.opb.xz,11
OPT-LIN/normalized-PB26/sergeys/CPMpy_translated_dataset_PB26/psplib/rcpsp/j60/normalized-j6012_3.opb.xz,11
OPT-LIN/normalized-PB26/sergeys/CPMpy_translated_dataset_PB26/psplib/rcpsp/j60/normalized-j6012_4.opb.xz,11
OPT-LIN/normalized-PB26/sergeys/CPMpy_translated_dataset_PB26/psplib/rcpsp/j60/normalized-j6012_5.opb.xz,11
OPT-LIN/normalized-PB26/sergeys/CPMpy_translated_dataset_PB26/psplib/rcpsp/j60/normalized-j6012_6.opb.xz,11
OPT-LIN/normalized-PB26/sergeys/CPMpy_translated_dataset_PB26/psplib/rcpsp/j60/normalized-j6012_7.opb.xz,11
OPT-LIN/normalized-PB26/sergeys/CPMpy_translated_dataset_PB26/psplib/rcpsp/j60/normalized-j6012_8.opb.xz,11
OPT-LIN/normalized-PB26/sergeys/CPMpy_translated_dataset_PB26/psplib/rcpsp/j60/normalized-j6012_9.opb.xz,11
OPT-LIN/normalized-PB26/sergeys/CPMpy_translated_dataset_PB26/psplib/rcpsp/j60/normalized-j6013_1.opb.xz,11
OPT-LIN/normalized-PB26/sergeys/CPMpy_translated_dataset_PB26/psplib/rcpsp/j60/normalized-j6013_10.opb.xz,11
OPT-LIN/normalized-PB26/sergeys/CPMpy_translated_dataset_PB26/psplib/rcpsp/j60/normalized-j6013_2.opb.xz,11
OPT-LIN/normalized-PB26/sergeys/CPMpy_translated_dataset_PB26/psplib/rcpsp/j60/normalized-j6013_3.opb.xz,11
OPT-LIN/normalized-PB26/sergeys/CPMpy_translated_dataset_PB26/psplib/rcpsp/j60/normalized-j6013_4.opb.xz,11
OPT-LIN/normalized-PB26/sergeys/CPMpy_translated_dataset_PB26/psplib/rcpsp/j60/normalized-j6013_5.opb.xz,11
OPT-LIN/normalized-PB26/sergeys/CPMpy_translated_dataset_PB26/psplib/rcpsp/j60/normalized-j6013_6.opb.xz,11
OPT-LIN/normalized-PB26/sergeys/CPMpy_translated_dataset_PB26/psplib/rcpsp/j60/normalized-j6013_7.opb.xz,11
OPT-LIN/normalized-PB26/sergeys/CPMpy_translated_dataset_PB26/psplib/rcpsp/j60/normalized-j6013_8.opb.xz,11
OPT-LIN/normalized-PB26/sergeys/CPMpy_translated_dataset_PB26/psplib/rcpsp/j60/normalized-j6013_9.opb.xz,11
OPT-LIN/normalized-PB26/sergeys/CPMpy_translated_dataset_PB26/psplib/rcpsp/j60/normalized-j6014_1.opb.xz,11
OPT-LIN/normalized-PB26/sergeys/CPMpy_translated_dataset_PB26/psplib/rcpsp/j60/normalized-j6014_10.opb.xz,11
OPT-LIN/normalized-PB26/sergeys/CPMpy_translated_dataset_PB26/psplib/rcpsp/j60/normalized-j6014_2.opb.xz,11
OPT-LIN/normalized-PB26/sergeys/CPMpy_translated_dataset_PB26/psplib/rcpsp/j60/normalized-j6014_3.opb.xz,11
OPT-LIN/normalized-PB26/sergeys/CPMpy_translated_dataset_PB26/psplib/rcpsp/j60/normalized-j6014_4.opb.xz,11
OPT-LIN/normalized-PB26/sergeys/CPMpy_translated_dataset_PB26/psplib/rcpsp/j60/normalized-j6014_5.opb.xz,11
OPT-LIN/normalized-PB26/sergeys/CPMpy_translated_dataset_PB26/psplib/rcpsp/j60/normalized-j6014_6.opb.xz,11
OPT-LIN/normalized-PB26/sergeys/CPMpy_translated_dataset_PB26/psplib/rcpsp/j60/normalized-j6014_7.opb.xz,11
OPT-LIN/normalized-PB26/sergeys/CPMpy_translated_dataset_PB26/psplib/rcpsp/j60/normalized-j6014_8.opb.xz,11
OPT-LIN/normalized-PB26/sergeys/CPMpy_translated_dataset_PB26/psplib/rcpsp/j60/normalized-j6014_9.opb.xz,11
OPT-LIN/normalized-PB26/sergeys/CPMpy_translated_dataset_PB26/psplib/rcpsp/j60/normalized-j6015_1.opb.xz,11
OPT-LIN/normalized-PB26/sergeys/CPMpy_translated_dataset_PB26/psplib/rcpsp/j60/normalized-j6015_10.opb.xz,11
OPT-LIN/normalized-PB26/sergeys/CPMpy_translated_dataset_PB26/psplib/rcpsp/j60/normalized-j6015_2.opb.xz,11
OPT-LIN/normalized-PB26/sergeys/CPMpy_translated_dataset_PB26/psplib/rcpsp/j60/normalized-j6015_3.opb.xz,11
OPT-LIN/normalized-PB26/sergeys/CPMpy_translated_dataset_PB26/psplib/rcpsp/j60/normalized-j6015_4.opb.xz,11
OPT-LIN/normalized-PB26/sergeys/CPMpy_translated_dataset_PB26/psplib/rcpsp/j60/normalized-j6015_5.opb.xz,11
OPT-LIN/normalized-PB26/sergeys/CPMpy_translated_dataset_PB26/psplib/rcpsp/j60/normalized-j6015_6.opb.xz,11
OPT-LIN/normalized-PB26/sergeys/CPMpy_translated_dataset_PB26/psplib/rcpsp/j60/normalized-j6015_7.opb.xz,11
OPT-LIN/normalized-PB26/sergeys/CPMpy_translated_dataset_PB26/psplib/rcpsp/j60/normalized-j6015_8.opb.xz,11
OPT-LIN/normalized-PB26/sergeys/CPMpy_translated_dataset_PB26/psplib/rcpsp/j60/normalized-j6015_9.opb.xz,11
OPT-LIN/normalized-PB26/sergeys/CPMpy_translated_dataset_PB26/psplib/rcpsp/j60/normalized-j6016_1.opb.xz,11
OPT-LIN/normalized-PB26/sergeys/CPMpy_translated_dataset_PB26/psplib/rcpsp/j60/normalized-j6016_10.opb.xz,11
OPT-LIN/normalized-PB26/sergeys/CPMpy_translated_dataset_PB26/psplib/rcpsp/j60/normalized-j6016_2.opb.xz,11
OPT-LIN/normalized-PB26/sergeys/CPMpy_translated_dataset_PB26/psplib/rcpsp/j60/normalized-j6016_3.opb.xz,11
OPT-LIN/normalized-PB26/sergeys/CPMpy_translated_dataset_PB26/psplib/rcpsp/j60/normalized-j6016_4.opb.xz,11
OPT-LIN/normalized-PB26/sergeys/CPMpy_translated_dataset_PB26/psplib/rcpsp/j60/normalized-j6016_5.opb.xz,11
OPT-LIN/normalized-PB26/sergeys/CPMpy_translated_dataset_PB26/psplib/rcpsp/j60/normalized-j6016_6.opb.xz,11
OPT-LIN/normalized-PB26/sergeys/CPMpy_translated_dataset_PB26/psplib/rcpsp/j60/normalized-j6016_7.opb.xz,11
OPT-LIN/normalized-PB26/sergeys/CPMpy_translated_dataset_PB26/psplib/rcpsp/j60/normalized-j6016_8.opb.xz,11
OPT-LIN/normalized-PB26/sergeys/CPMpy_translated_dataset_PB26/psplib/rcpsp/j60/normalized-j6016_9.opb.xz,11
OPT-LIN/normalized-PB26/sergeys/CPMpy_translated_dataset_PB26/psplib/rcpsp/j60/normalized-j6017_1.opb.xz,11
OPT-LIN/normalized-PB26/sergeys/CPMpy_translated_dataset_PB26/psplib/rcpsp/j60/normalized-j6017_10.opb.xz,11
OPT-LIN/normalized-PB26/sergeys/CPMpy_translated_dataset_PB26/psplib/rcpsp/j60/normalized-j6017_2.opb.xz,11
OPT-LIN/normalized-PB26/sergeys/CPMpy_translated_dataset_PB26/psplib/rcpsp/j60/normalized-j6017_3.opb.xz,11
OPT-LIN/normalized-PB26/sergeys/CPMpy_translated_dataset_PB26/psplib/rcpsp/j60/normalized-j6017_4.opb.xz,11
OPT-LIN/normalized-PB26/sergeys/CPMpy_translated_dataset_PB26/psplib/rcpsp/j60/normalized-j6017_5.opb.xz,11
OPT-LIN/normalized-PB26/sergeys/CPMpy_translated_dataset_PB26/psplib/rcpsp/j60/normalized-j6017_6.opb.xz,11
OPT-LIN/normalized-PB26/sergeys/CPMpy_translated_dataset_PB26/psplib/rcpsp/j60/normalized-j6017_7.opb.xz,11
OPT-LIN/normalized-PB26/sergeys/CPMpy_translated_dataset_PB26/psplib/rcpsp/j60/normalized-j6017_8.opb.xz,11
OPT-LIN/normalized-PB26/sergeys/CPMpy_translated_dataset_PB26/psplib/rcpsp/j60/normalized-j6017_9.opb.xz,11
OPT-LIN/normalized-PB26/sergeys/CPMpy_translated_dataset_PB26/psplib/rcpsp/j60/normalized-j6018_1.opb.xz,11
OPT-LIN/normalized-PB26/sergeys/CPMpy_translated_dataset_PB26/psplib/rcpsp/j60/normalized-j6018_10.opb.xz,11
OPT-LIN/normalized-PB26/sergeys/CPMpy_translated_dataset_PB26/psplib/rcpsp/j60/normalized-j6018_2.opb.xz,11
OPT-LIN/normalized-PB26/sergeys/CPMpy_translated_dataset_PB26/psplib/rcpsp/j60/normalized-j6018_3.opb.xz,11
OPT-LIN/normalized-PB26/sergeys/CPMpy_translated_dataset_PB26/psplib/rcpsp/j60/normalized-j6018_4.opb.xz,11
OPT-LIN/normalized-PB26/sergeys/CPMpy_translated_dataset_PB26/psplib/rcpsp/j60/normalized-j6018_5.opb.xz,11
OPT-LIN/normalized-PB26/sergeys/CPMpy_translated_dataset_PB26/psplib/rcpsp/j60/normalized-j6018_6.opb.xz,11
OPT-LIN/normalized-PB26/sergeys/CPMpy_translated_dataset_PB26/psplib/rcpsp/j60/normalized-j6018_7.opb.xz,11
OPT-LIN/normalized-PB26/sergeys/CPMpy_translated_dataset_PB26/psplib/rcpsp/j60/normalized-j6018_8.opb.xz,11
OPT-LIN/normalized-PB26/sergeys/CPMpy_translated_dataset_PB26/psplib/rcpsp/j60/normalized-j6018_9.opb.xz,11
OPT-LIN/normalized-PB26/sergeys/CPMpy_translated_dataset_PB26/psplib/rcpsp/j60/normalized-j6019_1.opb.xz,11
OPT-LIN/normalized-PB26/sergeys/CPMpy_translated_dataset_PB26/psplib/rcpsp/j60/normalized-j6019_10.opb.xz,11
OPT-LIN/normalized-PB26/sergeys/CPMpy_translated_dataset_PB26/psplib/rcpsp/j60/normalized-j6019_2.opb.xz,11
OPT-LIN/normalized-PB26/sergeys/CPMpy_translated_dataset_PB26/psplib/rcpsp/j60/normalized-j6019_3.opb.xz,11
OPT-LIN/normalized-PB26/sergeys/CPMpy_translated_dataset_PB26/psplib/rcpsp/j60/normalized-j6019_4.opb.xz,11
OPT-LIN/normalized-PB26/sergeys/CPMpy_translated_dataset_PB26/psplib/rcpsp/j60/normalized-j6019_5.opb.xz,11
OPT-LIN/normalized-PB26/sergeys/CPMpy_translated_dataset_PB26/psplib/rcpsp/j60/normalized-j6019_6.opb.xz,11
OPT-LIN/normalized-PB26/sergeys/CPMpy_translated_dataset_PB26/psplib/rcpsp/j60/normalized-j6019_7.opb.xz,11
OPT-LIN/normalized-PB26/sergeys/CPMpy_translated_dataset_PB26/psplib/rcpsp/j60/normalized-j6019_8.opb.xz,11
OPT-LIN/normalized-PB26/sergeys/CPMpy_translated_dataset_PB26/psplib/rcpsp/j60/normalized-j6019_9.opb.xz,11
OPT-LIN/normalized-PB26/sergeys/CPMpy_translated_dataset_PB26/psplib/rcpsp/j60/normalized-j601_1.opb.xz,11
OPT-LIN/normalized-PB26/sergeys/CPMpy_translated_dataset_PB26/psplib/rcpsp/j60/normalized-j601_10.opb.xz,11
OPT-LIN/normalized-PB26/sergeys/CPMpy_translated_dataset_PB26/psplib/rcpsp/j60/normalized-j601_2.opb.xz,11
OPT-LIN/normalized-PB26/sergeys/CPMpy_translated_dataset_PB26/psplib/rcpsp/j60/normalized-j601_3.opb.xz,11
OPT-LIN/normalized-PB26/sergeys/CPMpy_translated_dataset_PB26/psplib/rcpsp/j60/normalized-j601_4.opb.xz,11
OPT-LIN/normalized-PB26/sergeys/CPMpy_translated_dataset_PB26/psplib/rcpsp/j60/normalized-j601_5.opb.xz,11
OPT-LIN/normalized-PB26/sergeys/CPMpy_translated_dataset_PB26/psplib/rcpsp/j60/normalized-j601_6.opb.xz,11
OPT-LIN/normalized-PB26/sergeys/CPMpy_translated_dataset_PB26/psplib/rcpsp/j60/normalized-j601_7.opb.xz,11
OPT-LIN/normalized-PB26/sergeys/CPMpy_translated_dataset_PB26/psplib/rcpsp/j60/normalized-j601_8.opb.xz,11
OPT-LIN/normalized-PB26/sergeys/CPMpy_translated_dataset_PB26/psplib/rcpsp/j60/normalized-j601_9.opb.xz,11
OPT-LIN/normalized-PB26/sergeys/CPMpy_translated_dataset_PB26/psplib/rcpsp/j60/normalized-j6020_1.opb.xz,11
OPT-LIN/normalized-PB26/sergeys/CPMpy_translated_dataset_PB26/psplib/rcpsp/j60/normalized-j6020_10.opb.xz,11
OPT-LIN/normalized-PB26/sergeys/CPMpy_translated_dataset_PB26/psplib/rcpsp/j60/normalized-j6020_2.opb.xz,11
OPT-LIN/normalized-PB26/sergeys/CPMpy_translated_dataset_PB26/psplib/rcpsp/j60/normalized-j6020_3.opb.xz,11
OPT-LIN/normalized-PB26/sergeys/CPMpy_translated_dataset_PB26/psplib/rcpsp/j60/normalized-j6020_4.opb.xz,11
OPT-LIN/normalized-PB26/sergeys/CPMpy_translated_dataset_PB26/psplib/rcpsp/j60/normalized-j6020_5.opb.xz,11
OPT-LIN/normalized-PB26/sergeys/CPMpy_translated_dataset_PB26/psplib/rcpsp/j60/normalized-j6020_6.opb.xz,11
OPT-LIN/normalized-PB26/sergeys/CPMpy_translated_dataset_PB26/psplib/rcpsp/j60/normalized-j6020_7.opb.xz,11
OPT-LIN/normalized-PB26/sergeys/CPMpy_translated_dataset_PB26/psplib/rcpsp/j60/normalized-j6020_8.opb.xz,11
OPT-LIN/normalized-PB26/sergeys/CPMpy_translated_dataset_PB26/psplib/rcpsp/j60/normalized-j6020_9.opb.xz,11
OPT-LIN/normalized-PB26/sergeys/CPMpy_translated_dataset_PB26/psplib/rcpsp/j60/normalized-j6021_1.opb.xz,11
OPT-LIN/normalized-PB26/sergeys/CPMpy_translated_dataset_PB26/psplib/rcpsp/j60/normalized-j6021_10.opb.xz,11
OPT-LIN/normalized-PB26/sergeys/CPMpy_translated_dataset_PB26/psplib/rcpsp/j60/normalized-j6021_2.opb.xz,11
OPT-LIN/normalized-PB26/sergeys/CPMpy_translated_dataset_PB26/psplib/rcpsp/j60/normalized-j6021_3.opb.xz,11
OPT-LIN/normalized-PB26/sergeys/CPMpy_translated_dataset_PB26/psplib/rcpsp/j60/normalized-j6021_4.opb.xz,11
OPT-LIN/normalized-PB26/sergeys/CPMpy_translated_dataset_PB26/psplib/rcpsp/j60/normalized-j6021_5.opb.xz,11
OPT-LIN/normalized-PB26/sergeys/CPMpy_translated_dataset_PB26/psplib/rcpsp/j60/normalized-j6021_6.opb.xz,11
OPT-LIN/normalized-PB26/sergeys/CPMpy_translated_dataset_PB26/psplib/rcpsp/j60/normalized-j6021_7.opb.xz,11
OPT-LIN/normalized-PB26/sergeys/CPMpy_translated_dataset_PB26/psplib/rcpsp/j60/normalized-j6021_8.opb.xz,11
OPT-LIN/normalized-PB26/sergeys/CPMpy_translated_dataset_PB26/psplib/rcpsp/j60/normalized-j6021_9.opb.xz,11
OPT-LIN/normalized-PB26/sergeys/CPMpy_translated_dataset_PB26/psplib/rcpsp/j60/normalized-j6022_1.opb.xz,11
OPT-LIN/normalized-PB26/sergeys/CPMpy_translated_dataset_PB26/psplib/rcpsp/j60/normalized-j6022_10.opb.xz,11
OPT-LIN/normalized-PB26/sergeys/CPMpy_translated_dataset_PB26/psplib/rcpsp/j60/normalized-j6022_2.opb.xz,11
OPT-LIN/normalized-PB26/sergeys/CPMpy_translated_dataset_PB26/psplib/rcpsp/j60/normalized-j6022_3.opb.xz,11
OPT-LIN/normalized-PB26/sergeys/CPMpy_translated_dataset_PB26/psplib/rcpsp/j60/normalized-j6022_4.opb.xz,11
OPT-LIN/normalized-PB26/sergeys/CPMpy_translated_dataset_PB26/psplib/rcpsp/j60/normalized-j6022_5.opb.xz,11
OPT-LIN/normalized-PB26/sergeys/CPMpy_translated_dataset_PB26/psplib/rcpsp/j60/normalized-j6022_6.opb.xz,11
OPT-LIN/normalized-PB26/sergeys/CPMpy_translated_dataset_PB26/psplib/rcpsp/j60/normalized-j6022_7.opb.xz,11
OPT-LIN/normalized-PB26/sergeys/CPMpy_translated_dataset_PB26/psplib/rcpsp/j60/normalized-j6022_8.opb.xz,11
OPT-LIN/normalized-PB26/sergeys/CPMpy_translated_dataset_PB26/psplib/rcpsp/j60/normalized-j6022_9.opb.xz,11
OPT-LIN/normalized-PB26/sergeys/CPMpy_translated_dataset_PB26/psplib/rcpsp/j60/normalized-j6023_1.opb.xz,11
OPT-LIN/normalized-PB26/sergeys/CPMpy_translated_dataset_PB26/psplib/rcpsp/j60/normalized-j6023_10.opb.xz,11
OPT-LIN/normalized-PB26/sergeys/CPMpy_translated_dataset_PB26/psplib/rcpsp/j60/normalized-j6023_2.opb.xz,11
OPT-LIN/normalized-PB26/sergeys/CPMpy_translated_dataset_PB26/psplib/rcpsp/j60/normalized-j6023_3.opb.xz,11
OPT-LIN/normalized-PB26/sergeys/CPMpy_translated_dataset_PB26/psplib/rcpsp/j60/normalized-j6023_4.opb.xz,11
OPT-LIN/normalized-PB26/sergeys/CPMpy_translated_dataset_PB26/psplib/rcpsp/j60/normalized-j6023_5.opb.xz,11
OPT-LIN/normalized-PB26/sergeys/CPMpy_translated_dataset_PB26/psplib/rcpsp/j60/normalized-j6023_6.opb.xz,11
OPT-LIN/normalized-PB26/sergeys/CPMpy_translated_dataset_PB26/psplib/rcpsp/j60/normalized-j6023_7.opb.xz,11
OPT-LIN/normalized-PB26/sergeys/CPMpy_translated_dataset_PB26/psplib/rcpsp/j60/normalized-j6023_8.opb.xz,11
OPT-LIN/normalized-PB26/sergeys/CPMpy_translated_dataset_PB26/psplib/rcpsp/j60/normalized-j6023_9.opb.xz,11
OPT-LIN/normalized-PB26/sergeys/CPMpy_translated_dataset_PB26/psplib/rcpsp/j60/normalized-j6024_1.opb.xz,11
OPT-LIN/normalized-PB26/sergeys/CPMpy_translated_dataset_PB26/psplib/rcpsp/j60/normalized-j6024_10.opb.xz,11
OPT-LIN/normalized-PB26/sergeys/CPMpy_translated_dataset_PB26/psplib/rcpsp/j60/normalized-j6024_2.opb.xz,11
OPT-LIN/normalized-PB26/sergeys/CPMpy_translated_dataset_PB26/psplib/rcpsp/j60/normalized-j6024_3.opb.xz,11
OPT-LIN/normalized-PB26/sergeys/CPMpy_translated_dataset_PB26/psplib/rcpsp/j60/normalized-j6024_4.opb.xz,11
OPT-LIN/normalized-PB26/sergeys/CPMpy_translated_dataset_PB26/psplib/rcpsp/j60/normalized-j6024_5.opb.xz,11
OPT-LIN/normalized-PB26/sergeys/CPMpy_translated_dataset_PB26/psplib/rcpsp/j60/normalized-j6024_6.opb.xz,11
OPT-LIN/normalized-PB26/sergeys/CPMpy_translated_dataset_PB26/psplib/rcpsp/j60/normalized-j6024_7.opb.xz,11
OPT-LIN/normalized-PB26/sergeys/CPMpy_translated_dataset_PB26/psplib/rcpsp/j60/normalized-j6024_8.opb.xz,11
OPT-LIN/normalized-PB26/sergeys/CPMpy_translated_dataset_PB26/psplib/rcpsp/j60/normalized-j6024_9.opb.xz,11
OPT-LIN/normalized-PB26/sergeys/CPMpy_translated_dataset_PB26/psplib/rcpsp/j60/normalized-j6025_1.opb.xz,11
OPT-LIN/normalized-PB26/sergeys/CPMpy_translated_dataset_PB26/psplib/rcpsp/j60/normalized-j6025_10.opb.xz,11
OPT-LIN/normalized-PB26/sergeys/CPMpy_translated_dataset_PB26/psplib/rcpsp/j60/normalized-j6025_2.opb.xz,11
OPT-LIN/normalized-PB26/sergeys/CPMpy_translated_dataset_PB26/psplib/rcpsp/j60/normalized-j6025_3.opb.xz,11
OPT-LIN/normalized-PB26/sergeys/CPMpy_translated_dataset_PB26/psplib/rcpsp/j60/normalized-j6025_4.opb.xz,11
OPT-LIN/normalized-PB26/sergeys/CPMpy_translated_dataset_PB26/psplib/rcpsp/j60/normalized-j6025_5.opb.xz,11
OPT-LIN/normalized-PB26/sergeys/CPMpy_translated_dataset_PB26/psplib/rcpsp/j60/normalized-j6025_6.opb.xz,11
OPT-LIN/normalized-PB26/sergeys/CPMpy_translated_dataset_PB26/psplib/rcpsp/j60/normalized-j6025_7.opb.xz,11
OPT-LIN/normalized-PB26/sergeys/CPMpy_translated_dataset_PB26/psplib/rcpsp/j60/normalized-j6025_8.opb.xz,11
OPT-LIN/normalized-PB26/sergeys/CPMpy_translated_dataset_PB26/psplib/rcpsp/j60/normalized-j6025_9.opb.xz,11
OPT-LIN/normalized-PB26/sergeys/CPMpy_translated_dataset_PB26/psplib/rcpsp/j60/normalized-j6026_1.opb.xz,11
OPT-LIN/normalized-PB26/sergeys/CPMpy_translated_dataset_PB26/psplib/rcpsp/j60/normalized-j6026_10.opb.xz,11
OPT-LIN/normalized-PB26/sergeys/CPMpy_translated_dataset_PB26/psplib/rcpsp/j60/normalized-j6026_2.opb.xz,11
OPT-LIN/normalized-PB26/sergeys/CPMpy_translated_dataset_PB26/psplib/rcpsp/j60/normalized-j6026_3.opb.xz,11
OPT-LIN/normalized-PB26/sergeys/CPMpy_translated_dataset_PB26/psplib/rcpsp/j60/normalized-j6026_4.opb.xz,11
OPT-LIN/normalized-PB26/sergeys/CPMpy_translated_dataset_PB26/psplib/rcpsp/j60/normalized-j6026_5.opb.xz,11
OPT-LIN/normalized-PB26/sergeys/CPMpy_translated_dataset_PB26/psplib/rcpsp/j60/normalized-j6026_6.opb.xz,11
OPT-LIN/normalized-PB26/sergeys/CPMpy_translated_dataset_PB26/psplib/rcpsp/j60/normalized-j6026_7.opb.xz,11
OPT-LIN/normalized-PB26/sergeys/CPMpy_translated_dataset_PB26/psplib/rcpsp/j60/normalized-j6026_8.opb.xz,11
OPT-LIN/normalized-PB26/sergeys/CPMpy_translated_dataset_PB26/psplib/rcpsp/j60/normalized-j6026_9.opb.xz,11
OPT-LIN/normalized-PB26/sergeys/CPMpy_translated_dataset_PB26/psplib/rcpsp/j60/normalized-j6027_1.opb.xz,11
OPT-LIN/normalized-PB26/sergeys/CPMpy_translated_dataset_PB26/psplib/rcpsp/j60/normalized-j6027_10.opb.xz,11
OPT-LIN/normalized-PB26/sergeys/CPMpy_translated_dataset_PB26/psplib/rcpsp/j60/normalized-j6027_2.opb.xz,11
OPT-LIN/normalized-PB26/sergeys/CPMpy_translated_dataset_PB26/psplib/rcpsp/j60/normalized-j6027_3.opb.xz,11
OPT-LIN/normalized-PB26/sergeys/CPMpy_translated_dataset_PB26/psplib/rcpsp/j60/normalized-j6027_4.opb.xz,11
OPT-LIN/normalized-PB26/sergeys/CPMpy_translated_dataset_PB26/psplib/rcpsp/j60/normalized-j6027_5.opb.xz,11
OPT-LIN/normalized-PB26/sergeys/CPMpy_translated_dataset_PB26/psplib/rcpsp/j60/normalized-j6027_6.opb.xz,11
OPT-LIN/normalized-PB26/sergeys/CPMpy_translated_dataset_PB26/psplib/rcpsp/j60/normalized-j6027_7.opb.xz,11
OPT-LIN/normalized-PB26/sergeys/CPMpy_translated_dataset_PB26/psplib/rcpsp/j60/normalized-j6027_8.opb.xz,11
OPT-LIN/normalized-PB26/sergeys/CPMpy_translated_dataset_PB26/psplib/rcpsp/j60/normalized-j6027_9.opb.xz,11
OPT-LIN/normalized-PB26/sergeys/CPMpy_translated_dataset_PB26/psplib/rcpsp/j60/normalized-j6028_1.opb.xz,11
OPT-LIN/normalized-PB26/sergeys/CPMpy_translated_dataset_PB26/psplib/rcpsp/j60/normalized-j6028_10.opb.xz,11
OPT-LIN/normalized-PB26/sergeys/CPMpy_translated_dataset_PB26/psplib/rcpsp/j60/normalized-j6028_2.opb.xz,11
OPT-LIN/normalized-PB26/sergeys/CPMpy_translated_dataset_PB26/psplib/rcpsp/j60/normalized-j6028_3.opb.xz,11
OPT-LIN/normalized-PB26/sergeys/CPMpy_translated_dataset_PB26/psplib/rcpsp/j60/normalized-j6028_4.opb.xz,11
OPT-LIN/normalized-PB26/sergeys/CPMpy_translated_dataset_PB26/psplib/rcpsp/j60/normalized-j6028_5.opb.xz,11
OPT-LIN/normalized-PB26/sergeys/CPMpy_translated_dataset_PB26/psplib/rcpsp/j60/normalized-j6028_6.opb.xz,11
OPT-LIN/normalized-PB26/sergeys/CPMpy_translated_dataset_PB26/psplib/rcpsp/j60/normalized-j6028_7.opb.xz,11
OPT-LIN/normalized-PB26/sergeys/CPMpy_translated_dataset_PB26/psplib/rcpsp/j60/normalized-j6028_8.opb.xz,11
OPT-LIN/normalized-PB26/sergeys/CPMpy_translated_dataset_PB26/psplib/rcpsp/j60/normalized-j6028_9.opb.xz,11
OPT-LIN/normalized-PB26/sergeys/CPMpy_translated_dataset_PB26/psplib/rcpsp/j60/normalized-j6029_1.opb.xz,11
OPT-LIN/normalized-PB26/sergeys/CPMpy_translated_dataset_PB26/psplib/rcpsp/j60/normalized-j6029_10.opb.xz,11
OPT-LIN/normalized-PB26/sergeys/CPMpy_translated_dataset_PB26/psplib/rcpsp/j60/normalized-j6029_2.opb.xz,11
OPT-LIN/normalized-PB26/sergeys/CPMpy_translated_dataset_PB26/psplib/rcpsp/j60/normalized-j6029_3.opb.xz,11
OPT-LIN/normalized-PB26/sergeys/CPMpy_translated_dataset_PB26/psplib/rcpsp/j60/normalized-j6029_4.opb.xz,11
OPT-LIN/normalized-PB26/sergeys/CPMpy_translated_dataset_PB26/psplib/rcpsp/j60/normalized-j6029_5.opb.xz,11
OPT-LIN/normalized-PB26/sergeys/CPMpy_translated_dataset_PB26/psplib/rcpsp/j60/normalized-j6029_6.opb.xz,11
OPT-LIN/normalized-PB26/sergeys/CPMpy_translated_dataset_PB26/psplib/rcpsp/j60/normalized-j6029_7.opb.xz,11
OPT-LIN/normalized-PB26/sergeys/CPMpy_translated_dataset_PB26/psplib/rcpsp/j60/normalized-j6029_8.opb.xz,11
OPT-LIN/normalized-PB26/sergeys/CPMpy_translated_dataset_PB26/psplib/rcpsp/j60/normalized-j6029_9.opb.xz,11
OPT-LIN/normalized-PB26/sergeys/CPMpy_translated_dataset_PB26/psplib/rcpsp/j60/normalized-j602_1.opb.xz,11
OPT-LIN/normalized-PB26/sergeys/CPMpy_translated_dataset_PB26/psplib/rcpsp/j60/normalized-j602_10.opb.xz,11
OPT-LIN/normalized-PB26/sergeys/CPMpy_translated_dataset_PB26/psplib/rcpsp/j60/normalized-j602_2.opb.xz,11
OPT-LIN/normalized-PB26/sergeys/CPMpy_translated_dataset_PB26/psplib/rcpsp/j60/normalized-j602_3.opb.xz,11
OPT-LIN/normalized-PB26/sergeys/CPMpy_translated_dataset_PB26/psplib/rcpsp/j60/normalized-j602_4.opb.xz,11
OPT-LIN/normalized-PB26/sergeys/CPMpy_translated_dataset_PB26/psplib/rcpsp/j60/normalized-j602_5.opb.xz,11
OPT-LIN/normalized-PB26/sergeys/CPMpy_translated_dataset_PB26/psplib/rcpsp/j60/normalized-j602_6.opb.xz,11
OPT-LIN/normalized-PB26/sergeys/CPMpy_translated_dataset_PB26/psplib/rcpsp/j60/normalized-j602_7.opb.xz,11
OPT-LIN/normalized-PB26/sergeys/CPMpy_translated_dataset_PB26/psplib/rcpsp/j60/normalized-j602_8.opb.xz,11
OPT-LIN/normalized-PB26/sergeys/CPMpy_translated_dataset_PB26/psplib/rcpsp/j60/normalized-j602_9.opb.xz,11
OPT-LIN/normalized-PB26/sergeys/CPMpy_translated_dataset_PB26/psplib/rcpsp/j60/normalized-j6030_1.opb.xz,11
OPT-LIN/normalized-PB26/sergeys/CPMpy_translated_dataset_PB26/psplib/rcpsp/j60/normalized-j6030_10.opb.xz,11
OPT-LIN/normalized-PB26/sergeys/CPMpy_translated_dataset_PB26/psplib/rcpsp/j60/normalized-j6030_2.opb.xz,11
OPT-LIN/normalized-PB26/sergeys/CPMpy_translated_dataset_PB26/psplib/rcpsp/j60/normalized-j6030_3.opb.xz,11
OPT-LIN/normalized-PB26/sergeys/CPMpy_translated_dataset_PB26/psplib/rcpsp/j60/normalized-j6030_4.opb.xz,11
OPT-LIN/normalized-PB26/sergeys/CPMpy_translated_dataset_PB26/psplib/rcpsp/j60/normalized-j6030_5.opb.xz,11
OPT-LIN/normalized-PB26/sergeys/CPMpy_translated_dataset_PB26/psplib/rcpsp/j60/normalized-j6030_6.opb.xz,11
OPT-LIN/normalized-PB26/sergeys/CPMpy_translated_dataset_PB26/psplib/rcpsp/j60/normalized-j6030_7.opb.xz,11
OPT-LIN/normalized-PB26/sergeys/CPMpy_translated_dataset_PB26/psplib/rcpsp/j60/normalized-j6030_8.opb.xz,11
OPT-LIN/normalized-PB26/sergeys/CPMpy_translated_dataset_PB26/psplib/rcpsp/j60/normalized-j6030_9.opb.xz,11
OPT-LIN/normalized-PB26/sergeys/CPMpy_translated_dataset_PB26/psplib/rcpsp/j60/normalized-j6031_1.opb.xz,11
OPT-LIN/normalized-PB26/sergeys/CPMpy_translated_dataset_PB26/psplib/rcpsp/j60/normalized-j6031_10.opb.xz,11
OPT-LIN/normalized-PB26/sergeys/CPMpy_translated_dataset_PB26/psplib/rcpsp/j60/normalized-j6031_2.opb.xz,11
OPT-LIN/normalized-PB26/sergeys/CPMpy_translated_dataset_PB26/psplib/rcpsp/j60/normalized-j6031_3.opb.xz,11
OPT-LIN/normalized-PB26/sergeys/CPMpy_translated_dataset_PB26/psplib/rcpsp/j60/normalized-j6031_4.opb.xz,11
OPT-LIN/normalized-PB26/sergeys/CPMpy_translated_dataset_PB26/psplib/rcpsp/j60/normalized-j6031_5.opb.xz,11
OPT-LIN/normalized-PB26/sergeys/CPMpy_translated_dataset_PB26/psplib/rcpsp/j60/normalized-j6031_6.opb.xz,11
OPT-LIN/normalized-PB26/sergeys/CPMpy_translated_dataset_PB26/psplib/rcpsp/j60/normalized-j6031_7.opb.xz,11
OPT-LIN/normalized-PB26/sergeys/CPMpy_translated_dataset_PB26/psplib/rcpsp/j60/normalized-j6031_8.opb.xz,11
OPT-LIN/normalized-PB26/sergeys/CPMpy_translated_dataset_PB26/psplib/rcpsp/j60/normalized-j6031_9.opb.xz,11
OPT-LIN/normalized-PB26/sergeys/CPMpy_translated_dataset_PB26/psplib/rcpsp/j60/normalized-j6032_1.opb.xz,11
OPT-LIN/normalized-PB26/sergeys/CPMpy_translated_dataset_PB26/psplib/rcpsp/j60/normalized-j6032_10.opb.xz,11
OPT-LIN/normalized-PB26/sergeys/CPMpy_translated_dataset_PB26/psplib/rcpsp/j60/normalized-j6032_2.opb.xz,11
OPT-LIN/normalized-PB26/sergeys/CPMpy_translated_dataset_PB26/psplib/rcpsp/j60/normalized-j6032_3.opb.xz,11
OPT-LIN/normalized-PB26/sergeys/CPMpy_translated_dataset_PB26/psplib/rcpsp/j60/normalized-j6032_4.opb.xz,11
OPT-LIN/normalized-PB26/sergeys/CPMpy_translated_dataset_PB26/psplib/rcpsp/j60/normalized-j6032_5.opb.xz,11
OPT-LIN/normalized-PB26/sergeys/CPMpy_translated_dataset_PB26/psplib/rcpsp/j60/normalized-j6032_6.opb.xz,11
OPT-LIN/normalized-PB26/sergeys/CPMpy_translated_dataset_PB26/psplib/rcpsp/j60/normalized-j6032_7.opb.xz,11
OPT-LIN/normalized-PB26/sergeys/CPMpy_translated_dataset_PB26/psplib/rcpsp/j60/normalized-j6032_8.opb.xz,11
OPT-LIN/normalized-PB26/sergeys/CPMpy_translated_dataset_PB26/psplib/rcpsp/j60/normalized-j6032_9.opb.xz,11
OPT-LIN/normalized-PB26/sergeys/CPMpy_translated_dataset_PB26/psplib/rcpsp/j60/normalized-j6033_1.opb.xz,11
OPT-LIN/normalized-PB26/sergeys/CPMpy_translated_dataset_PB26/psplib/rcpsp/j60/normalized-j6033_10.opb.xz,11
OPT-LIN/normalized-PB26/sergeys/CPMpy_translated_dataset_PB26/psplib/rcpsp/j60/normalized-j6033_2.opb.xz,11
OPT-LIN/normalized-PB26/sergeys/CPMpy_translated_dataset_PB26/psplib/rcpsp/j60/normalized-j6033_3.opb.xz,11
OPT-LIN/normalized-PB26/sergeys/CPMpy_translated_dataset_PB26/psplib/rcpsp/j60/normalized-j6033_4.opb.xz,11
OPT-LIN/normalized-PB26/sergeys/CPMpy_translated_dataset_PB26/psplib/rcpsp/j60/normalized-j6033_5.opb.xz,11
OPT-LIN/normalized-PB26/sergeys/CPMpy_translated_dataset_PB26/psplib/rcpsp/j60/normalized-j6033_6.opb.xz,11
OPT-LIN/normalized-PB26/sergeys/CPMpy_translated_dataset_PB26/psplib/rcpsp/j60/normalized-j6033_7.opb.xz,11
OPT-LIN/normalized-PB26/sergeys/CPMpy_translated_dataset_PB26/psplib/rcpsp/j60/normalized-j6033_8.opb.xz,11
OPT-LIN/normalized-PB26/sergeys/CPMpy_translated_dataset_PB26/psplib/rcpsp/j60/normalized-j6033_9.opb.xz,11
OPT-LIN/normalized-PB26/sergeys/CPMpy_translated_dataset_PB26/psplib/rcpsp/j60/normalized-j6034_1.opb.xz,11
OPT-LIN/normalized-PB26/sergeys/CPMpy_translated_dataset_PB26/psplib/rcpsp/j60/normalized-j6034_10.opb.xz,11
OPT-LIN/normalized-PB26/sergeys/CPMpy_translated_dataset_PB26/psplib/rcpsp/j60/normalized-j6034_2.opb.xz,11
OPT-LIN/normalized-PB26/sergeys/CPMpy_translated_dataset_PB26/psplib/rcpsp/j60/normalized-j6034_3.opb.xz,11
OPT-LIN/normalized-PB26/sergeys/CPMpy_translated_dataset_PB26/psplib/rcpsp/j60/normalized-j6034_4.opb.xz,11
OPT-LIN/normalized-PB26/sergeys/CPMpy_translated_dataset_PB26/psplib/rcpsp/j60/normalized-j6034_5.opb.xz,11
OPT-LIN/normalized-PB26/sergeys/CPMpy_translated_dataset_PB26/psplib/rcpsp/j60/normalized-j6034_6.opb.xz,11
OPT-LIN/normalized-PB26/sergeys/CPMpy_translated_dataset_PB26/psplib/rcpsp/j60/normalized-j6034_7.opb.xz,11
OPT-LIN/normalized-PB26/sergeys/CPMpy_translated_dataset_PB26/psplib/rcpsp/j60/normalized-j6034_8.opb.xz,11
OPT-LIN/normalized-PB26/sergeys/CPMpy_translated_dataset_PB26/psplib/rcpsp/j60/normalized-j6034_9.opb.xz,11
OPT-LIN/normalized-PB26/sergeys/CPMpy_translated_dataset_PB26/psplib/rcpsp/j60/normalized-j6035_1.opb.xz,11
OPT-LIN/normalized-PB26/sergeys/CPMpy_translated_dataset_PB26/psplib/rcpsp/j60/normalized-j6035_10.opb.xz,11
OPT-LIN/normalized-PB26/sergeys/CPMpy_translated_dataset_PB26/psplib/rcpsp/j60/normalized-j6035_2.opb.xz,11
OPT-LIN/normalized-PB26/sergeys/CPMpy_translated_dataset_PB26/psplib/rcpsp/j60/normalized-j6035_3.opb.xz,11
OPT-LIN/normalized-PB26/sergeys/CPMpy_translated_dataset_PB26/psplib/rcpsp/j60/normalized-j6035_4.opb.xz,11
OPT-LIN/normalized-PB26/sergeys/CPMpy_translated_dataset_PB26/psplib/rcpsp/j60/normalized-j6035_5.opb.xz,11
OPT-LIN/normalized-PB26/sergeys/CPMpy_translated_dataset_PB26/psplib/rcpsp/j60/normalized-j6035_6.opb.xz,11
OPT-LIN/normalized-PB26/sergeys/CPMpy_translated_dataset_PB26/psplib/rcpsp/j60/normalized-j6035_7.opb.xz,11
OPT-LIN/normalized-PB26/sergeys/CPMpy_translated_dataset_PB26/psplib/rcpsp/j60/normalized-j6035_8.opb.xz,11
OPT-LIN/normalized-PB26/sergeys/CPMpy_translated_dataset_PB26/psplib/rcpsp/j60/normalized-j6035_9.opb.xz,11
OPT-LIN/normalized-PB26/sergeys/CPMpy_translated_dataset_PB26/psplib/rcpsp/j60/normalized-j6036_1.opb.xz,11
OPT-LIN/normalized-PB26/sergeys/CPMpy_translated_dataset_PB26/psplib/rcpsp/j60/normalized-j6036_10.opb.xz,11
OPT-LIN/normalized-PB26/sergeys/CPMpy_translated_dataset_PB26/psplib/rcpsp/j60/normalized-j6036_2.opb.xz,11
OPT-LIN/normalized-PB26/sergeys/CPMpy_translated_dataset_PB26/psplib/rcpsp/j60/normalized-j6036_3.opb.xz,11
OPT-LIN/normalized-PB26/sergeys/CPMpy_translated_dataset_PB26/psplib/rcpsp/j60/normalized-j6036_4.opb.xz,11
OPT-LIN/normalized-PB26/sergeys/CPMpy_translated_dataset_PB26/psplib/rcpsp/j60/normalized-j6036_5.opb.xz,11
OPT-LIN/normalized-PB26/sergeys/CPMpy_translated_dataset_PB26/psplib/rcpsp/j60/normalized-j6036_6.opb.xz,11
OPT-LIN/normalized-PB26/sergeys/CPMpy_translated_dataset_PB26/psplib/rcpsp/j60/normalized-j6036_7.opb.xz,11
OPT-LIN/normalized-PB26/sergeys/CPMpy_translated_dataset_PB26/psplib/rcpsp/j60/normalized-j6036_8.opb.xz,11
OPT-LIN/normalized-PB26/sergeys/CPMpy_translated_dataset_PB26/psplib/rcpsp/j60/normalized-j6036_9.opb.xz,11
OPT-LIN/normalized-PB26/sergeys/CPMpy_translated_dataset_PB26/psplib/rcpsp/j60/normalized-j6037_1.opb.xz,11
OPT-LIN/normalized-PB26/sergeys/CPMpy_translated_dataset_PB26/psplib/rcpsp/j60/normalized-j6037_10.opb.xz,11
OPT-LIN/normalized-PB26/sergeys/CPMpy_translated_dataset_PB26/psplib/rcpsp/j60/normalized-j6037_2.opb.xz,11
OPT-LIN/normalized-PB26/sergeys/CPMpy_translated_dataset_PB26/psplib/rcpsp/j60/normalized-j6037_3.opb.xz,11
OPT-LIN/normalized-PB26/sergeys/CPMpy_translated_dataset_PB26/psplib/rcpsp/j60/normalized-j6037_4.opb.xz,11
OPT-LIN/normalized-PB26/sergeys/CPMpy_translated_dataset_PB26/psplib/rcpsp/j60/normalized-j6037_5.opb.xz,11
OPT-LIN/normalized-PB26/sergeys/CPMpy_translated_dataset_PB26/psplib/rcpsp/j60/normalized-j6037_6.opb.xz,11
OPT-LIN/normalized-PB26/sergeys/CPMpy_translated_dataset_PB26/psplib/rcpsp/j60/normalized-j6037_7.opb.xz,11
OPT-LIN/normalized-PB26/sergeys/CPMpy_translated_dataset_PB26/psplib/rcpsp/j60/normalized-j6037_8.opb.xz,11
OPT-LIN/normalized-PB26/sergeys/CPMpy_translated_dataset_PB26/psplib/rcpsp/j60/normalized-j6037_9.opb.xz,11
OPT-LIN/normalized-PB26/sergeys/CPMpy_translated_dataset_PB26/psplib/rcpsp/j60/normalized-j6038_1.opb.xz,11
OPT-LIN/normalized-PB26/sergeys/CPMpy_translated_dataset_PB26/psplib/rcpsp/j60/normalized-j6038_10.opb.xz,11
OPT-LIN/normalized-PB26/sergeys/CPMpy_translated_dataset_PB26/psplib/rcpsp/j60/normalized-j6038_2.opb.xz,11
OPT-LIN/normalized-PB26/sergeys/CPMpy_translated_dataset_PB26/psplib/rcpsp/j60/normalized-j6038_3.opb.xz,11
OPT-LIN/normalized-PB26/sergeys/CPMpy_translated_dataset_PB26/psplib/rcpsp/j60/normalized-j6038_4.opb.xz,11
OPT-LIN/normalized-PB26/sergeys/CPMpy_translated_dataset_PB26/psplib/rcpsp/j60/normalized-j6038_5.opb.xz,11
OPT-LIN/normalized-PB26/sergeys/CPMpy_translated_dataset_PB26/psplib/rcpsp/j60/normalized-j6038_6.opb.xz,11
OPT-LIN/normalized-PB26/sergeys/CPMpy_translated_dataset_PB26/psplib/rcpsp/j60/normalized-j6038_7.opb.xz,11
OPT-LIN/normalized-PB26/sergeys/CPMpy_translated_dataset_PB26/psplib/rcpsp/j60/normalized-j6038_8.opb.xz,11
OPT-LIN/normalized-PB26/sergeys/CPMpy_translated_dataset_PB26/psplib/rcpsp/j60/normalized-j6038_9.opb.xz,11
OPT-LIN/normalized-PB26/sergeys/CPMpy_translated_dataset_PB26/psplib/rcpsp/j60/normalized-j6039_1.opb.xz,11
OPT-LIN/normalized-PB26/sergeys/CPMpy_translated_dataset_PB26/psplib/rcpsp/j60/normalized-j6039_10.opb.xz,11
OPT-LIN/normalized-PB26/sergeys/CPMpy_translated_dataset_PB26/psplib/rcpsp/j60/normalized-j6039_2.opb.xz,11
OPT-LIN/normalized-PB26/sergeys/CPMpy_translated_dataset_PB26/psplib/rcpsp/j60/normalized-j6039_3.opb.xz,11
OPT-LIN/normalized-PB26/sergeys/CPMpy_translated_dataset_PB26/psplib/rcpsp/j60/normalized-j6039_4.opb.xz,11
OPT-LIN/normalized-PB26/sergeys/CPMpy_translated_dataset_PB26/psplib/rcpsp/j60/normalized-j6039_5.opb.xz,11
OPT-LIN/normalized-PB26/sergeys/CPMpy_translated_dataset_PB26/psplib/rcpsp/j60/normalized-j6039_6.opb.xz,11
OPT-LIN/normalized-PB26/sergeys/CPMpy_translated_dataset_PB26/psplib/rcpsp/j60/normalized-j6039_7.opb.xz,11
OPT-LIN/normalized-PB26/sergeys/CPMpy_translated_dataset_PB26/psplib/rcpsp/j60/normalized-j6039_8.opb.xz,11
OPT-LIN/normalized-PB26/sergeys/CPMpy_translated_dataset_PB26/psplib/rcpsp/j60/normalized-j6039_9.opb.xz,11
OPT-LIN/normalized-PB26/sergeys/CPMpy_translated_dataset_PB26/psplib/rcpsp/j60/normalized-j603_1.opb.xz,11
OPT-LIN/normalized-PB26/sergeys/CPMpy_translated_dataset_PB26/psplib/rcpsp/j60/normalized-j603_10.opb.xz,11
OPT-LIN/normalized-PB26/sergeys/CPMpy_translated_dataset_PB26/psplib/rcpsp/j60/normalized-j603_2.opb.xz,11
OPT-LIN/normalized-PB26/sergeys/CPMpy_translated_dataset_PB26/psplib/rcpsp/j60/normalized-j603_3.opb.xz,11
OPT-LIN/normalized-PB26/sergeys/CPMpy_translated_dataset_PB26/psplib/rcpsp/j60/normalized-j603_4.opb.xz,11
OPT-LIN/normalized-PB26/sergeys/CPMpy_translated_dataset_PB26/psplib/rcpsp/j60/normalized-j603_5.opb.xz,11
OPT-LIN/normalized-PB26/sergeys/CPMpy_translated_dataset_PB26/psplib/rcpsp/j60/normalized-j603_6.opb.xz,11
OPT-LIN/normalized-PB26/sergeys/CPMpy_translated_dataset_PB26/psplib/rcpsp/j60/normalized-j603_7.opb.xz,11
OPT-LIN/normalized-PB26/sergeys/CPMpy_translated_dataset_PB26/psplib/rcpsp/j60/normalized-j603_8.opb.xz,11
OPT-LIN/normalized-PB26/sergeys/CPMpy_translated_dataset_PB26/psplib/rcpsp/j60/normalized-j603_9.opb.xz,11
OPT-LIN/normalized-PB26/sergeys/CPMpy_translated_dataset_PB26/psplib/rcpsp/j60/normalized-j6040_1.opb.xz,11
OPT-LIN/normalized-PB26/sergeys/CPMpy_translated_dataset_PB26/psplib/rcpsp/j60/normalized-j6040_10.opb.xz,11
OPT-LIN/normalized-PB26/sergeys/CPMpy_translated_dataset_PB26/psplib/rcpsp/j60/normalized-j6040_2.opb.xz,11
OPT-LIN/normalized-PB26/sergeys/CPMpy_translated_dataset_PB26/psplib/rcpsp/j60/normalized-j6040_3.opb.xz,11
OPT-LIN/normalized-PB26/sergeys/CPMpy_translated_dataset_PB26/psplib/rcpsp/j60/normalized-j6040_4.opb.xz,11
OPT-LIN/normalized-PB26/sergeys/CPMpy_translated_dataset_PB26/psplib/rcpsp/j60/normalized-j6040_5.opb.xz,11
OPT-LIN/normalized-PB26/sergeys/CPMpy_translated_dataset_PB26/psplib/rcpsp/j60/normalized-j6040_6.opb.xz,11
OPT-LIN/normalized-PB26/sergeys/CPMpy_translated_dataset_PB26/psplib/rcpsp/j60/normalized-j6040_7.opb.xz,11
OPT-LIN/normalized-PB26/sergeys/CPMpy_translated_dataset_PB26/psplib/rcpsp/j60/normalized-j6040_8.opb.xz,11
OPT-LIN/normalized-PB26/sergeys/CPMpy_translated_dataset_PB26/psplib/rcpsp/j60/normalized-j6040_9.opb.xz,11
OPT-LIN/normalized-PB26/sergeys/CPMpy_translated_dataset_PB26/psplib/rcpsp/j60/normalized-j6041_1.opb.xz,11
OPT-LIN/normalized-PB26/sergeys/CPMpy_translated_dataset_PB26/psplib/rcpsp/j60/normalized-j6041_10.opb.xz,11
OPT-LIN/normalized-PB26/sergeys/CPMpy_translated_dataset_PB26/psplib/rcpsp/j60/normalized-j6041_2.opb.xz,11
OPT-LIN/normalized-PB26/sergeys/CPMpy_translated_dataset_PB26/psplib/rcpsp/j60/normalized-j6041_3.opb.xz,11
OPT-LIN/normalized-PB26/sergeys/CPMpy_translated_dataset_PB26/psplib/rcpsp/j60/normalized-j6041_4.opb.xz,11
OPT-LIN/normalized-PB26/sergeys/CPMpy_translated_dataset_PB26/psplib/rcpsp/j60/normalized-j6041_5.opb.xz,11
OPT-LIN/normalized-PB26/sergeys/CPMpy_translated_dataset_PB26/psplib/rcpsp/j60/normalized-j6041_6.opb.xz,11
OPT-LIN/normalized-PB26/sergeys/CPMpy_translated_dataset_PB26/psplib/rcpsp/j60/normalized-j6041_7.opb.xz,11
OPT-LIN/normalized-PB26/sergeys/CPMpy_translated_dataset_PB26/psplib/rcpsp/j60/normalized-j6041_8.opb.xz,11
OPT-LIN/normalized-PB26/sergeys/CPMpy_translated_dataset_PB26/psplib/rcpsp/j60/normalized-j6041_9.opb.xz,11
OPT-LIN/normalized-PB26/sergeys/CPMpy_translated_dataset_PB26/psplib/rcpsp/j60/normalized-j6042_1.opb.xz,11
OPT-LIN/normalized-PB26/sergeys/CPMpy_translated_dataset_PB26/psplib/rcpsp/j60/normalized-j6042_10.opb.xz,11
OPT-LIN/normalized-PB26/sergeys/CPMpy_translated_dataset_PB26/psplib/rcpsp/j60/normalized-j6042_2.opb.xz,11
OPT-LIN/normalized-PB26/sergeys/CPMpy_translated_dataset_PB26/psplib/rcpsp/j60/normalized-j6042_3.opb.xz,11
OPT-LIN/normalized-PB26/sergeys/CPMpy_translated_dataset_PB26/psplib/rcpsp/j60/normalized-j6042_4.opb.xz,11
OPT-LIN/normalized-PB26/sergeys/CPMpy_translated_dataset_PB26/psplib/rcpsp/j60/normalized-j6042_5.opb.xz,11
OPT-LIN/normalized-PB26/sergeys/CPMpy_translated_dataset_PB26/psplib/rcpsp/j60/normalized-j6042_6.opb.xz,11
OPT-LIN/normalized-PB26/sergeys/CPMpy_translated_dataset_PB26/psplib/rcpsp/j60/normalized-j6042_7.opb.xz,11
OPT-LIN/normalized-PB26/sergeys/CPMpy_translated_dataset_PB26/psplib/rcpsp/j60/normalized-j6042_8.opb.xz,11
OPT-LIN/normalized-PB26/sergeys/CPMpy_translated_dataset_PB26/psplib/rcpsp/j60/normalized-j6042_9.opb.xz,11
OPT-LIN/normalized-PB26/sergeys/CPMpy_translated_dataset_PB26/psplib/rcpsp/j60/normalized-j6043_1.opb.xz,11
OPT-LIN/normalized-PB26/sergeys/CPMpy_translated_dataset_PB26/psplib/rcpsp/j60/normalized-j6043_10.opb.xz,11
OPT-LIN/normalized-PB26/sergeys/CPMpy_translated_dataset_PB26/psplib/rcpsp/j60/normalized-j6043_2.opb.xz,11
OPT-LIN/normalized-PB26/sergeys/CPMpy_translated_dataset_PB26/psplib/rcpsp/j60/normalized-j6043_3.opb.xz,11
OPT-LIN/normalized-PB26/sergeys/CPMpy_translated_dataset_PB26/psplib/rcpsp/j60/normalized-j6043_4.opb.xz,11
OPT-LIN/normalized-PB26/sergeys/CPMpy_translated_dataset_PB26/psplib/rcpsp/j60/normalized-j6043_5.opb.xz,11
OPT-LIN/normalized-PB26/sergeys/CPMpy_translated_dataset_PB26/psplib/rcpsp/j60/normalized-j6043_6.opb.xz,11
OPT-LIN/normalized-PB26/sergeys/CPMpy_translated_dataset_PB26/psplib/rcpsp/j60/normalized-j6043_7.opb.xz,11
OPT-LIN/normalized-PB26/sergeys/CPMpy_translated_dataset_PB26/psplib/rcpsp/j60/normalized-j6043_8.opb.xz,11
OPT-LIN/normalized-PB26/sergeys/CPMpy_translated_dataset_PB26/psplib/rcpsp/j60/normalized-j6043_9.opb.xz,11
OPT-LIN/normalized-PB26/sergeys/CPMpy_translated_dataset_PB26/psplib/rcpsp/j60/normalized-j6044_1.opb.xz,11
OPT-LIN/normalized-PB26/sergeys/CPMpy_translated_dataset_PB26/psplib/rcpsp/j60/normalized-j6044_10.opb.xz,11
OPT-LIN/normalized-PB26/sergeys/CPMpy_translated_dataset_PB26/psplib/rcpsp/j60/normalized-j6044_2.opb.xz,11
OPT-LIN/normalized-PB26/sergeys/CPMpy_translated_dataset_PB26/psplib/rcpsp/j60/normalized-j6044_3.opb.xz,11
OPT-LIN/normalized-PB26/sergeys/CPMpy_translated_dataset_PB26/psplib/rcpsp/j60/normalized-j6044_4.opb.xz,11
OPT-LIN/normalized-PB26/sergeys/CPMpy_translated_dataset_PB26/psplib/rcpsp/j60/normalized-j6044_5.opb.xz,11
OPT-LIN/normalized-PB26/sergeys/CPMpy_translated_dataset_PB26/psplib/rcpsp/j60/normalized-j6044_6.opb.xz,11
OPT-LIN/normalized-PB26/sergeys/CPMpy_translated_dataset_PB26/psplib/rcpsp/j60/normalized-j6044_7.opb.xz,11
OPT-LIN/normalized-PB26/sergeys/CPMpy_translated_dataset_PB26/psplib/rcpsp/j60/normalized-j6044_8.opb.xz,11
OPT-LIN/normalized-PB26/sergeys/CPMpy_translated_dataset_PB26/psplib/rcpsp/j60/normalized-j6044_9.opb.xz,11
OPT-LIN/normalized-PB26/sergeys/CPMpy_translated_dataset_PB26/psplib/rcpsp/j60/normalized-j6045_1.opb.xz,11
OPT-LIN/normalized-PB26/sergeys/CPMpy_translated_dataset_PB26/psplib/rcpsp/j60/normalized-j6045_10.opb.xz,11
OPT-LIN/normalized-PB26/sergeys/CPMpy_translated_dataset_PB26/psplib/rcpsp/j60/normalized-j6045_2.opb.xz,11
OPT-LIN/normalized-PB26/sergeys/CPMpy_translated_dataset_PB26/psplib/rcpsp/j60/normalized-j6045_3.opb.xz,11
OPT-LIN/normalized-PB26/sergeys/CPMpy_translated_dataset_PB26/psplib/rcpsp/j60/normalized-j6045_4.opb.xz,11
OPT-LIN/normalized-PB26/sergeys/CPMpy_translated_dataset_PB26/psplib/rcpsp/j60/normalized-j6045_5.opb.xz,11
OPT-LIN/normalized-PB26/sergeys/CPMpy_translated_dataset_PB26/psplib/rcpsp/j60/normalized-j6045_6.opb.xz,11
OPT-LIN/normalized-PB26/sergeys/CPMpy_translated_dataset_PB26/psplib/rcpsp/j60/normalized-j6045_7.opb.xz,11
OPT-LIN/normalized-PB26/sergeys/CPMpy_translated_dataset_PB26/psplib/rcpsp/j60/normalized-j6045_8.opb.xz,11
OPT-LIN/normalized-PB26/sergeys/CPMpy_translated_dataset_PB26/psplib/rcpsp/j60/normalized-j6045_9.opb.xz,11
OPT-LIN/normalized-PB26/sergeys/CPMpy_translated_dataset_PB26/psplib/rcpsp/j60/normalized-j6046_1.opb.xz,11
OPT-LIN/normalized-PB26/sergeys/CPMpy_translated_dataset_PB26/psplib/rcpsp/j60/normalized-j6046_10.opb.xz,11
OPT-LIN/normalized-PB26/sergeys/CPMpy_translated_dataset_PB26/psplib/rcpsp/j60/normalized-j6046_2.opb.xz,11
OPT-LIN/normalized-PB26/sergeys/CPMpy_translated_dataset_PB26/psplib/rcpsp/j60/normalized-j6046_3.opb.xz,11
OPT-LIN/normalized-PB26/sergeys/CPMpy_translated_dataset_PB26/psplib/rcpsp/j60/normalized-j6046_4.opb.xz,11
OPT-LIN/normalized-PB26/sergeys/CPMpy_translated_dataset_PB26/psplib/rcpsp/j60/normalized-j6046_5.opb.xz,11
OPT-LIN/normalized-PB26/sergeys/CPMpy_translated_dataset_PB26/psplib/rcpsp/j60/normalized-j6046_6.opb.xz,11
OPT-LIN/normalized-PB26/sergeys/CPMpy_translated_dataset_PB26/psplib/rcpsp/j60/normalized-j6046_7.opb.xz,11
OPT-LIN/normalized-PB26/sergeys/CPMpy_translated_dataset_PB26/psplib/rcpsp/j60/normalized-j6046_8.opb.xz,11
OPT-LIN/normalized-PB26/sergeys/CPMpy_translated_dataset_PB26/psplib/rcpsp/j60/normalized-j6046_9.opb.xz,11
OPT-LIN/normalized-PB26/sergeys/CPMpy_translated_dataset_PB26/psplib/rcpsp/j60/normalized-j6047_1.opb.xz,11
OPT-LIN/normalized-PB26/sergeys/CPMpy_translated_dataset_PB26/psplib/rcpsp/j60/normalized-j6047_10.opb.xz,11
OPT-LIN/normalized-PB26/sergeys/CPMpy_translated_dataset_PB26/psplib/rcpsp/j60/normalized-j6047_2.opb.xz,11
OPT-LIN/normalized-PB26/sergeys/CPMpy_translated_dataset_PB26/psplib/rcpsp/j60/normalized-j6047_3.opb.xz,11
OPT-LIN/normalized-PB26/sergeys/CPMpy_translated_dataset_PB26/psplib/rcpsp/j60/normalized-j6047_4.opb.xz,11
OPT-LIN/normalized-PB26/sergeys/CPMpy_translated_dataset_PB26/psplib/rcpsp/j60/normalized-j6047_5.opb.xz,11
OPT-LIN/normalized-PB26/sergeys/CPMpy_translated_dataset_PB26/psplib/rcpsp/j60/normalized-j6047_6.opb.xz,11
OPT-LIN/normalized-PB26/sergeys/CPMpy_translated_dataset_PB26/psplib/rcpsp/j60/normalized-j6047_7.opb.xz,11
OPT-LIN/normalized-PB26/sergeys/CPMpy_translated_dataset_PB26/psplib/rcpsp/j60/normalized-j6047_8.opb.xz,11
OPT-LIN/normalized-PB26/sergeys/CPMpy_translated_dataset_PB26/psplib/rcpsp/j60/normalized-j6047_9.opb.xz,11
OPT-LIN/normalized-PB26/sergeys/CPMpy_translated_dataset_PB26/psplib/rcpsp/j60/normalized-j6048_1.opb.xz,11
OPT-LIN/normalized-PB26/sergeys/CPMpy_translated_dataset_PB26/psplib/rcpsp/j60/normalized-j6048_10.opb.xz,11
OPT-LIN/normalized-PB26/sergeys/CPMpy_translated_dataset_PB26/psplib/rcpsp/j60/normalized-j6048_2.opb.xz,11
OPT-LIN/normalized-PB26/sergeys/CPMpy_translated_dataset_PB26/psplib/rcpsp/j60/normalized-j6048_3.opb.xz,11
OPT-LIN/normalized-PB26/sergeys/CPMpy_translated_dataset_PB26/psplib/rcpsp/j60/normalized-j6048_4.opb.xz,11
OPT-LIN/normalized-PB26/sergeys/CPMpy_translated_dataset_PB26/psplib/rcpsp/j60/normalized-j6048_5.opb.xz,11
OPT-LIN/normalized-PB26/sergeys/CPMpy_translated_dataset_PB26/psplib/rcpsp/j60/normalized-j6048_6.opb.xz,11
OPT-LIN/normalized-PB26/sergeys/CPMpy_translated_dataset_PB26/psplib/rcpsp/j60/normalized-j6048_7.opb.xz,11
OPT-LIN/normalized-PB26/sergeys/CPMpy_translated_dataset_PB26/psplib/rcpsp/j60/normalized-j6048_8.opb.xz,11
OPT-LIN/normalized-PB26/sergeys/CPMpy_translated_dataset_PB26/psplib/rcpsp/j60/normalized-j6048_9.opb.xz,11
OPT-LIN/normalized-PB26/sergeys/CPMpy_translated_dataset_PB26/psplib/rcpsp/j60/normalized-j604_1.opb.xz,11
OPT-LIN/normalized-PB26/sergeys/CPMpy_translated_dataset_PB26/psplib/rcpsp/j60/normalized-j604_10.opb.xz,11
OPT-LIN/normalized-PB26/sergeys/CPMpy_translated_dataset_PB26/psplib/rcpsp/j60/normalized-j604_2.opb.xz,11
OPT-LIN/normalized-PB26/sergeys/CPMpy_translated_dataset_PB26/psplib/rcpsp/j60/normalized-j604_3.opb.xz,11
OPT-LIN/normalized-PB26/sergeys/CPMpy_translated_dataset_PB26/psplib/rcpsp/j60/normalized-j604_4.opb.xz,11
OPT-LIN/normalized-PB26/sergeys/CPMpy_translated_dataset_PB26/psplib/rcpsp/j60/normalized-j604_5.opb.xz,11
OPT-LIN/normalized-PB26/sergeys/CPMpy_translated_dataset_PB26/psplib/rcpsp/j60/normalized-j604_6.opb.xz,11
OPT-LIN/normalized-PB26/sergeys/CPMpy_translated_dataset_PB26/psplib/rcpsp/j60/normalized-j604_7.opb.xz,11
OPT-LIN/normalized-PB26/sergeys/CPMpy_translated_dataset_PB26/psplib/rcpsp/j60/normalized-j604_8.opb.xz,11
OPT-LIN/normalized-PB26/sergeys/CPMpy_translated_dataset_PB26/psplib/rcpsp/j60/normalized-j604_9.opb.xz,11
OPT-LIN/normalized-PB26/sergeys/CPMpy_translated_dataset_PB26/psplib/rcpsp/j60/normalized-j605_1.opb.xz,11
OPT-LIN/normalized-PB26/sergeys/CPMpy_translated_dataset_PB26/psplib/rcpsp/j60/normalized-j605_10.opb.xz,11
OPT-LIN/normalized-PB26/sergeys/CPMpy_translated_dataset_PB26/psplib/rcpsp/j60/normalized-j605_2.opb.xz,11
OPT-LIN/normalized-PB26/sergeys/CPMpy_translated_dataset_PB26/psplib/rcpsp/j60/normalized-j605_3.opb.xz,11
OPT-LIN/normalized-PB26/sergeys/CPMpy_translated_dataset_PB26/psplib/rcpsp/j60/normalized-j605_4.opb.xz,11
OPT-LIN/normalized-PB26/sergeys/CPMpy_translated_dataset_PB26/psplib/rcpsp/j60/normalized-j605_5.opb.xz,11
OPT-LIN/normalized-PB26/sergeys/CPMpy_translated_dataset_PB26/psplib/rcpsp/j60/normalized-j605_6.opb.xz,11
OPT-LIN/normalized-PB26/sergeys/CPMpy_translated_dataset_PB26/psplib/rcpsp/j60/normalized-j605_7.opb.xz,11
OPT-LIN/normalized-PB26/sergeys/CPMpy_translated_dataset_PB26/psplib/rcpsp/j60/normalized-j605_8.opb.xz,11
OPT-LIN/normalized-PB26/sergeys/CPMpy_translated_dataset_PB26/psplib/rcpsp/j60/normalized-j605_9.opb.xz,11
OPT-LIN/normalized-PB26/sergeys/CPMpy_translated_dataset_PB26/psplib/rcpsp/j60/normalized-j606_1.opb.xz,11
OPT-LIN/normalized-PB26/sergeys/CPMpy_translated_dataset_PB26/psplib/rcpsp/j60/normalized-j606_10.opb.xz,11
OPT-LIN/normalized-PB26/sergeys/CPMpy_translated_dataset_PB26/psplib/rcpsp/j60/normalized-j606_2.opb.xz,11
OPT-LIN/normalized-PB26/sergeys/CPMpy_translated_dataset_PB26/psplib/rcpsp/j60/normalized-j606_3.opb.xz,11
OPT-LIN/normalized-PB26/sergeys/CPMpy_translated_dataset_PB26/psplib/rcpsp/j60/normalized-j606_4.opb.xz,11
OPT-LIN/normalized-PB26/sergeys/CPMpy_translated_dataset_PB26/psplib/rcpsp/j60/normalized-j606_5.opb.xz,11
OPT-LIN/normalized-PB26/sergeys/CPMpy_translated_dataset_PB26/psplib/rcpsp/j60/normalized-j606_6.opb.xz,11
OPT-LIN/normalized-PB26/sergeys/CPMpy_translated_dataset_PB26/psplib/rcpsp/j60/normalized-j606_7.opb.xz,11
OPT-LIN/normalized-PB26/sergeys/CPMpy_translated_dataset_PB26/psplib/rcpsp/j60/normalized-j606_8.opb.xz,11
OPT-LIN/normalized-PB26/sergeys/CPMpy_translated_dataset_PB26/psplib/rcpsp/j60/normalized-j606_9.opb.xz,11
OPT-LIN/normalized-PB26/sergeys/CPMpy_translated_dataset_PB26/psplib/rcpsp/j60/normalized-j607_1.opb.xz,11
OPT-LIN/normalized-PB26/sergeys/CPMpy_translated_dataset_PB26/psplib/rcpsp/j60/normalized-j607_10.opb.xz,11
OPT-LIN/normalized-PB26/sergeys/CPMpy_translated_dataset_PB26/psplib/rcpsp/j60/normalized-j607_2.opb.xz,11
OPT-LIN/normalized-PB26/sergeys/CPMpy_translated_dataset_PB26/psplib/rcpsp/j60/normalized-j607_3.opb.xz,11
OPT-LIN/normalized-PB26/sergeys/CPMpy_translated_dataset_PB26/psplib/rcpsp/j60/normalized-j607_4.opb.xz,11
OPT-LIN/normalized-PB26/sergeys/CPMpy_translated_dataset_PB26/psplib/rcpsp/j60/normalized-j607_5.opb.xz,11
OPT-LIN/normalized-PB26/sergeys/CPMpy_translated_dataset_PB26/psplib/rcpsp/j60/normalized-j607_6.opb.xz,11
OPT-LIN/normalized-PB26/sergeys/CPMpy_translated_dataset_PB26/psplib/rcpsp/j60/normalized-j607_7.opb.xz,11
OPT-LIN/normalized-PB26/sergeys/CPMpy_translated_dataset_PB26/psplib/rcpsp/j60/normalized-j607_8.opb.xz,11
OPT-LIN/normalized-PB26/sergeys/CPMpy_translated_dataset_PB26/psplib/rcpsp/j60/normalized-j607_9.opb.xz,11
OPT-LIN/normalized-PB26/sergeys/CPMpy_translated_dataset_PB26/psplib/rcpsp/j60/normalized-j608_1.opb.xz,11
OPT-LIN/normalized-PB26/sergeys/CPMpy_translated_dataset_PB26/psplib/rcpsp/j60/normalized-j608_10.opb.xz,11
OPT-LIN/normalized-PB26/sergeys/CPMpy_translated_dataset_PB26/psplib/rcpsp/j60/normalized-j608_2.opb.xz,11
OPT-LIN/normalized-PB26/sergeys/CPMpy_translated_dataset_PB26/psplib/rcpsp/j60/normalized-j608_3.opb.xz,11
OPT-LIN/normalized-PB26/sergeys/CPMpy_translated_dataset_PB26/psplib/rcpsp/j60/normalized-j608_4.opb.xz,11
OPT-LIN/normalized-PB26/sergeys/CPMpy_translated_dataset_PB26/psplib/rcpsp/j60/normalized-j608_5.opb.xz,11
OPT-LIN/normalized-PB26/sergeys/CPMpy_translated_dataset_PB26/psplib/rcpsp/j60/normalized-j608_6.opb.xz,11
OPT-LIN/normalized-PB26/sergeys/CPMpy_translated_dataset_PB26/psplib/rcpsp/j60/normalized-j608_7.opb.xz,11
OPT-LIN/normalized-PB26/sergeys/CPMpy_translated_dataset_PB26/psplib/rcpsp/j60/normalized-j608_8.opb.xz,11
OPT-LIN/normalized-PB26/sergeys/CPMpy_translated_dataset_PB26/psplib/rcpsp/j60/normalized-j608_9.opb.xz,11
OPT-LIN/normalized-PB26/sergeys/CPMpy_translated_dataset_PB26/psplib/rcpsp/j60/normalized-j609_1.opb.xz,11
OPT-LIN/normalized-PB26/sergeys/CPMpy_translated_dataset_PB26/psplib/rcpsp/j60/normalized-j609_10.opb.xz,11
OPT-LIN/normalized-PB26/sergeys/CPMpy_translated_dataset_PB26/psplib/rcpsp/j60/normalized-j609_2.opb.xz,11
OPT-LIN/normalized-PB26/sergeys/CPMpy_translated_dataset_PB26/psplib/rcpsp/j60/normalized-j609_3.opb.xz,11
OPT-LIN/normalized-PB26/sergeys/CPMpy_translated_dataset_PB26/psplib/rcpsp/j60/normalized-j609_4.opb.xz,11
OPT-LIN/normalized-PB26/sergeys/CPMpy_translated_dataset_PB26/psplib/rcpsp/j60/normalized-j609_5.opb.xz,11
OPT-LIN/normalized-PB26/sergeys/CPMpy_translated_dataset_PB26/psplib/rcpsp/j60/normalized-j609_6.opb.xz,11
OPT-LIN/normalized-PB26/sergeys/CPMpy_translated_dataset_PB26/psplib/rcpsp/j60/normalized-j609_7.opb.xz,11
OPT-LIN/normalized-PB26/sergeys/CPMpy_translated_dataset_PB26/psplib/rcpsp/j60/normalized-j609_8.opb.xz,11
OPT-LIN/normalized-PB26/sergeys/CPMpy_translated_dataset_PB26/psplib/rcpsp/j60/normalized-j609_9.opb.xz,11
OPT-LIN/normalized-PB26/sergeys/CPMpy_translated_dataset_PB26/psplib/rcpsp/j90/normalized-j9010_1.opb.xz,11
OPT-LIN/normalized-PB26/sergeys/CPMpy_translated_dataset_PB26/psplib/rcpsp/j90/normalized-j9010_10.opb.xz,11
OPT-LIN/normalized-PB26/sergeys/CPMpy_translated_dataset_PB26/psplib/rcpsp/j90/normalized-j9010_2.opb.xz,12
OPT-LIN/normalized-PB26/sergeys/CPMpy_translated_dataset_PB26/psplib/rcpsp/j90/normalized-j9010_3.opb.xz,12
OPT-LIN/normalized-PB26/sergeys/CPMpy_translated_dataset_PB26/psplib/rcpsp/j90/normalized-j9010_4.opb.xz,12
OPT-LIN/normalized-PB26/sergeys/CPMpy_translated_dataset_PB26/psplib/rcpsp/j90/normalized-j9010_5.opb.xz,12
OPT-LIN/normalized-PB26/sergeys/CPMpy_translated_dataset_PB26/psplib/rcpsp/j90/normalized-j9010_6.opb.xz,11
OPT-LIN/normalized-PB26/sergeys/CPMpy_translated_dataset_PB26/psplib/rcpsp/j90/normalized-j9010_7.opb.xz,11
OPT-LIN/normalized-PB26/sergeys/CPMpy_translated_dataset_PB26/psplib/rcpsp/j90/normalized-j9010_8.opb.xz,11
OPT-LIN/normalized-PB26/sergeys/CPMpy_translated_dataset_PB26/psplib/rcpsp/j90/normalized-j9010_9.opb.xz,11
OPT-LIN/normalized-PB26/sergeys/CPMpy_translated_dataset_PB26/psplib/rcpsp/j90/normalized-j9011_1.opb.xz,11
OPT-LIN/normalized-PB26/sergeys/CPMpy_translated_dataset_PB26/psplib/rcpsp/j90/normalized-j9011_10.opb.xz,11
OPT-LIN/normalized-PB26/sergeys/CPMpy_translated_dataset_PB26/psplib/rcpsp/j90/normalized-j9011_2.opb.xz,12
OPT-LIN/normalized-PB26/sergeys/CPMpy_translated_dataset_PB26/psplib/rcpsp/j90/normalized-j9011_3.opb.xz,11
OPT-LIN/normalized-PB26/sergeys/CPMpy_translated_dataset_PB26/psplib/rcpsp/j90/normalized-j9011_4.opb.xz,11
OPT-LIN/normalized-PB26/sergeys/CPMpy_translated_dataset_PB26/psplib/rcpsp/j90/normalized-j9011_5.opb.xz,11
OPT-LIN/normalized-PB26/sergeys/CPMpy_translated_dataset_PB26/psplib/rcpsp/j90/normalized-j9011_6.opb.xz,12
OPT-LIN/normalized-PB26/sergeys/CPMpy_translated_dataset_PB26/psplib/rcpsp/j90/normalized-j9011_7.opb.xz,11
OPT-LIN/normalized-PB26/sergeys/CPMpy_translated_dataset_PB26/psplib/rcpsp/j90/normalized-j9011_8.opb.xz,11
OPT-LIN/normalized-PB26/sergeys/CPMpy_translated_dataset_PB26/psplib/rcpsp/j90/normalized-j9011_9.opb.xz,11
OPT-LIN/normalized-PB26/sergeys/CPMpy_translated_dataset_PB26/psplib/rcpsp/j90/normalized-j9012_1.opb.xz,11
OPT-LIN/normalized-PB26/sergeys/CPMpy_translated_dataset_PB26/psplib/rcpsp/j90/normalized-j9012_10.opb.xz,11
OPT-LIN/normalized-PB26/sergeys/CPMpy_translated_dataset_PB26/psplib/rcpsp/j90/normalized-j9012_2.opb.xz,11
OPT-LIN/normalized-PB26/sergeys/CPMpy_translated_dataset_PB26/psplib/rcpsp/j90/normalized-j9012_3.opb.xz,12
OPT-LIN/normalized-PB26/sergeys/CPMpy_translated_dataset_PB26/psplib/rcpsp/j90/normalized-j9012_4.opb.xz,12
OPT-LIN/normalized-PB26/sergeys/CPMpy_translated_dataset_PB26/psplib/rcpsp/j90/normalized-j9012_5.opb.xz,11
OPT-LIN/normalized-PB26/sergeys/CPMpy_translated_dataset_PB26/psplib/rcpsp/j90/normalized-j9012_6.opb.xz,11
OPT-LIN/normalized-PB26/sergeys/CPMpy_translated_dataset_PB26/psplib/rcpsp/j90/normalized-j9012_7.opb.xz,12
OPT-LIN/normalized-PB26/sergeys/CPMpy_translated_dataset_PB26/psplib/rcpsp/j90/normalized-j9012_8.opb.xz,11
OPT-LIN/normalized-PB26/sergeys/CPMpy_translated_dataset_PB26/psplib/rcpsp/j90/normalized-j9012_9.opb.xz,12
OPT-LIN/normalized-PB26/sergeys/CPMpy_translated_dataset_PB26/psplib/rcpsp/j90/normalized-j9013_1.opb.xz,11
OPT-LIN/normalized-PB26/sergeys/CPMpy_translated_dataset_PB26/psplib/rcpsp/j90/normalized-j9013_10.opb.xz,11
OPT-LIN/normalized-PB26/sergeys/CPMpy_translated_dataset_PB26/psplib/rcpsp/j90/normalized-j9013_2.opb.xz,12
OPT-LIN/normalized-PB26/sergeys/CPMpy_translated_dataset_PB26/psplib/rcpsp/j90/normalized-j9013_3.opb.xz,11
OPT-LIN/normalized-PB26/sergeys/CPMpy_translated_dataset_PB26/psplib/rcpsp/j90/normalized-j9013_4.opb.xz,11
OPT-LIN/normalized-PB26/sergeys/CPMpy_translated_dataset_PB26/psplib/rcpsp/j90/normalized-j9013_5.opb.xz,11
OPT-LIN/normalized-PB26/sergeys/CPMpy_translated_dataset_PB26/psplib/rcpsp/j90/normalized-j9013_6.opb.xz,11
OPT-LIN/normalized-PB26/sergeys/CPMpy_translated_dataset_PB26/psplib/rcpsp/j90/normalized-j9013_7.opb.xz,11
OPT-LIN/normalized-PB26/sergeys/CPMpy_translated_dataset_PB26/psplib/rcpsp/j90/normalized-j9013_8.opb.xz,11
OPT-LIN/normalized-PB26/sergeys/CPMpy_translated_dataset_PB26/psplib/rcpsp/j90/normalized-j9013_9.opb.xz,11
OPT-LIN/normalized-PB26/sergeys/CPMpy_translated_dataset_PB26/psplib/rcpsp/j90/normalized-j9014_1.opb.xz,11
OPT-LIN/normalized-PB26/sergeys/CPMpy_translated_dataset_PB26/psplib/rcpsp/j90/normalized-j9014_10.opb.xz,11
OPT-LIN/normalized-PB26/sergeys/CPMpy_translated_dataset_PB26/psplib/rcpsp/j90/normalized-j9014_2.opb.xz,11
OPT-LIN/normalized-PB26/sergeys/CPMpy_translated_dataset_PB26/psplib/rcpsp/j90/normalized-j9014_3.opb.xz,11
OPT-LIN/normalized-PB26/sergeys/CPMpy_translated_dataset_PB26/psplib/rcpsp/j90/normalized-j9014_4.opb.xz,11
OPT-LIN/normalized-PB26/sergeys/CPMpy_translated_dataset_PB26/psplib/rcpsp/j90/normalized-j9014_5.opb.xz,11
OPT-LIN/normalized-PB26/sergeys/CPMpy_translated_dataset_PB26/psplib/rcpsp/j90/normalized-j9014_6.opb.xz,12
OPT-LIN/normalized-PB26/sergeys/CPMpy_translated_dataset_PB26/psplib/rcpsp/j90/normalized-j9014_7.opb.xz,11
OPT-LIN/normalized-PB26/sergeys/CPMpy_translated_dataset_PB26/psplib/rcpsp/j90/normalized-j9014_8.opb.xz,12
OPT-LIN/normalized-PB26/sergeys/CPMpy_translated_dataset_PB26/psplib/rcpsp/j90/normalized-j9014_9.opb.xz,12
OPT-LIN/normalized-PB26/sergeys/CPMpy_translated_dataset_PB26/psplib/rcpsp/j90/normalized-j9015_1.opb.xz,11
OPT-LIN/normalized-PB26/sergeys/CPMpy_translated_dataset_PB26/psplib/rcpsp/j90/normalized-j9015_10.opb.xz,11
OPT-LIN/normalized-PB26/sergeys/CPMpy_translated_dataset_PB26/psplib/rcpsp/j90/normalized-j9015_2.opb.xz,11
OPT-LIN/normalized-PB26/sergeys/CPMpy_translated_dataset_PB26/psplib/rcpsp/j90/normalized-j9015_3.opb.xz,11
OPT-LIN/normalized-PB26/sergeys/CPMpy_translated_dataset_PB26/psplib/rcpsp/j90/normalized-j9015_4.opb.xz,11
OPT-LIN/normalized-PB26/sergeys/CPMpy_translated_dataset_PB26/psplib/rcpsp/j90/normalized-j9015_5.opb.xz,11
OPT-LIN/normalized-PB26/sergeys/CPMpy_translated_dataset_PB26/psplib/rcpsp/j90/normalized-j9015_6.opb.xz,11
OPT-LIN/normalized-PB26/sergeys/CPMpy_translated_dataset_PB26/psplib/rcpsp/j90/normalized-j9015_7.opb.xz,11
OPT-LIN/normalized-PB26/sergeys/CPMpy_translated_dataset_PB26/psplib/rcpsp/j90/normalized-j9015_8.opb.xz,11
OPT-LIN/normalized-PB26/sergeys/CPMpy_translated_dataset_PB26/psplib/rcpsp/j90/normalized-j9015_9.opb.xz,11
OPT-LIN/normalized-PB26/sergeys/CPMpy_translated_dataset_PB26/psplib/rcpsp/j90/normalized-j9016_1.opb.xz,11
OPT-LIN/normalized-PB26/sergeys/CPMpy_translated_dataset_PB26/psplib/rcpsp/j90/normalized-j9016_10.opb.xz,11
OPT-LIN/normalized-PB26/sergeys/CPMpy_translated_dataset_PB26/psplib/rcpsp/j90/normalized-j9016_2.opb.xz,11
OPT-LIN/normalized-PB26/sergeys/CPMpy_translated_dataset_PB26/psplib/rcpsp/j90/normalized-j9016_3.opb.xz,11
OPT-LIN/normalized-PB26/sergeys/CPMpy_translated_dataset_PB26/psplib/rcpsp/j90/normalized-j9016_4.opb.xz,11
OPT-LIN/normalized-PB26/sergeys/CPMpy_translated_dataset_PB26/psplib/rcpsp/j90/normalized-j9016_5.opb.xz,11
OPT-LIN/normalized-PB26/sergeys/CPMpy_translated_dataset_PB26/psplib/rcpsp/j90/normalized-j9016_6.opb.xz,12
OPT-LIN/normalized-PB26/sergeys/CPMpy_translated_dataset_PB26/psplib/rcpsp/j90/normalized-j9016_7.opb.xz,11
OPT-LIN/normalized-PB26/sergeys/CPMpy_translated_dataset_PB26/psplib/rcpsp/j90/normalized-j9016_8.opb.xz,11
OPT-LIN/normalized-PB26/sergeys/CPMpy_translated_dataset_PB26/psplib/rcpsp/j90/normalized-j9016_9.opb.xz,12
OPT-LIN/normalized-PB26/sergeys/CPMpy_translated_dataset_PB26/psplib/rcpsp/j90/normalized-j9017_1.opb.xz,12
OPT-LIN/normalized-PB26/sergeys/CPMpy_translated_dataset_PB26/psplib/rcpsp/j90/normalized-j9017_10.opb.xz,11
OPT-LIN/normalized-PB26/sergeys/CPMpy_translated_dataset_PB26/psplib/rcpsp/j90/normalized-j9017_2.opb.xz,11
OPT-LIN/normalized-PB26/sergeys/CPMpy_translated_dataset_PB26/psplib/rcpsp/j90/normalized-j9017_3.opb.xz,11
OPT-LIN/normalized-PB26/sergeys/CPMpy_translated_dataset_PB26/psplib/rcpsp/j90/normalized-j9017_4.opb.xz,11
OPT-LIN/normalized-PB26/sergeys/CPMpy_translated_dataset_PB26/psplib/rcpsp/j90/normalized-j9017_5.opb.xz,11
OPT-LIN/normalized-PB26/sergeys/CPMpy_translated_dataset_PB26/psplib/rcpsp/j90/normalized-j9017_6.opb.xz,11
OPT-LIN/normalized-PB26/sergeys/CPMpy_translated_dataset_PB26/psplib/rcpsp/j90/normalized-j9017_7.opb.xz,11
OPT-LIN/normalized-PB26/sergeys/CPMpy_translated_dataset_PB26/psplib/rcpsp/j90/normalized-j9017_8.opb.xz,11
OPT-LIN/normalized-PB26/sergeys/CPMpy_translated_dataset_PB26/psplib/rcpsp/j90/normalized-j9017_9.opb.xz,11
OPT-LIN/normalized-PB26/sergeys/CPMpy_translated_dataset_PB26/psplib/rcpsp/j90/normalized-j9018_1.opb.xz,12
OPT-LIN/normalized-PB26/sergeys/CPMpy_translated_dataset_PB26/psplib/rcpsp/j90/normalized-j9018_10.opb.xz,11
OPT-LIN/normalized-PB26/sergeys/CPMpy_translated_dataset_PB26/psplib/rcpsp/j90/normalized-j9018_2.opb.xz,11
OPT-LIN/normalized-PB26/sergeys/CPMpy_translated_dataset_PB26/psplib/rcpsp/j90/normalized-j9018_3.opb.xz,11
OPT-LIN/normalized-PB26/sergeys/CPMpy_translated_dataset_PB26/psplib/rcpsp/j90/normalized-j9018_4.opb.xz,12
OPT-LIN/normalized-PB26/sergeys/CPMpy_translated_dataset_PB26/psplib/rcpsp/j90/normalized-j9018_5.opb.xz,11
OPT-LIN/normalized-PB26/sergeys/CPMpy_translated_dataset_PB26/psplib/rcpsp/j90/normalized-j9018_6.opb.xz,12
OPT-LIN/normalized-PB26/sergeys/CPMpy_translated_dataset_PB26/psplib/rcpsp/j90/normalized-j9018_7.opb.xz,11
OPT-LIN/normalized-PB26/sergeys/CPMpy_translated_dataset_PB26/psplib/rcpsp/j90/normalized-j9018_8.opb.xz,12
OPT-LIN/normalized-PB26/sergeys/CPMpy_translated_dataset_PB26/psplib/rcpsp/j90/normalized-j9018_9.opb.xz,11
OPT-LIN/normalized-PB26/sergeys/CPMpy_translated_dataset_PB26/psplib/rcpsp/j90/normalized-j9019_1.opb.xz,11
OPT-LIN/normalized-PB26/sergeys/CPMpy_translated_dataset_PB26/psplib/rcpsp/j90/normalized-j9019_10.opb.xz,11
OPT-LIN/normalized-PB26/sergeys/CPMpy_translated_dataset_PB26/psplib/rcpsp/j90/normalized-j9019_2.opb.xz,11
OPT-LIN/normalized-PB26/sergeys/CPMpy_translated_dataset_PB26/psplib/rcpsp/j90/normalized-j9019_3.opb.xz,11
OPT-LIN/normalized-PB26/sergeys/CPMpy_translated_dataset_PB26/psplib/rcpsp/j90/normalized-j9019_4.opb.xz,11
OPT-LIN/normalized-PB26/sergeys/CPMpy_translated_dataset_PB26/psplib/rcpsp/j90/normalized-j9019_5.opb.xz,11
OPT-LIN/normalized-PB26/sergeys/CPMpy_translated_dataset_PB26/psplib/rcpsp/j90/normalized-j9019_6.opb.xz,11
OPT-LIN/normalized-PB26/sergeys/CPMpy_translated_dataset_PB26/psplib/rcpsp/j90/normalized-j9019_7.opb.xz,11
OPT-LIN/normalized-PB26/sergeys/CPMpy_translated_dataset_PB26/psplib/rcpsp/j90/normalized-j9019_8.opb.xz,11
OPT-LIN/normalized-PB26/sergeys/CPMpy_translated_dataset_PB26/psplib/rcpsp/j90/normalized-j9019_9.opb.xz,12
OPT-LIN/normalized-PB26/sergeys/CPMpy_translated_dataset_PB26/psplib/rcpsp/j90/normalized-j901_1.opb.xz,11
OPT-LIN/normalized-PB26/sergeys/CPMpy_translated_dataset_PB26/psplib/rcpsp/j90/normalized-j901_10.opb.xz,12
OPT-LIN/normalized-PB26/sergeys/CPMpy_translated_dataset_PB26/psplib/rcpsp/j90/normalized-j901_2.opb.xz,11
OPT-LIN/normalized-PB26/sergeys/CPMpy_translated_dataset_PB26/psplib/rcpsp/j90/normalized-j901_3.opb.xz,11
OPT-LIN/normalized-PB26/sergeys/CPMpy_translated_dataset_PB26/psplib/rcpsp/j90/normalized-j901_4.opb.xz,11
OPT-LIN/normalized-PB26/sergeys/CPMpy_translated_dataset_PB26/psplib/rcpsp/j90/normalized-j901_5.opb.xz,11
OPT-LIN/normalized-PB26/sergeys/CPMpy_translated_dataset_PB26/psplib/rcpsp/j90/normalized-j901_6.opb.xz,11
OPT-LIN/normalized-PB26/sergeys/CPMpy_translated_dataset_PB26/psplib/rcpsp/j90/normalized-j901_7.opb.xz,11
OPT-LIN/normalized-PB26/sergeys/CPMpy_translated_dataset_PB26/psplib/rcpsp/j90/normalized-j901_8.opb.xz,12
OPT-LIN/normalized-PB26/sergeys/CPMpy_translated_dataset_PB26/psplib/rcpsp/j90/normalized-j901_9.opb.xz,11
OPT-LIN/normalized-PB26/sergeys/CPMpy_translated_dataset_PB26/psplib/rcpsp/j90/normalized-j9020_1.opb.xz,12
OPT-LIN/normalized-PB26/sergeys/CPMpy_translated_dataset_PB26/psplib/rcpsp/j90/normalized-j9020_10.opb.xz,12
OPT-LIN/normalized-PB26/sergeys/CPMpy_translated_dataset_PB26/psplib/rcpsp/j90/normalized-j9020_2.opb.xz,11
OPT-LIN/normalized-PB26/sergeys/CPMpy_translated_dataset_PB26/psplib/rcpsp/j90/normalized-j9020_3.opb.xz,12
OPT-LIN/normalized-PB26/sergeys/CPMpy_translated_dataset_PB26/psplib/rcpsp/j90/normalized-j9020_4.opb.xz,11
OPT-LIN/normalized-PB26/sergeys/CPMpy_translated_dataset_PB26/psplib/rcpsp/j90/normalized-j9020_5.opb.xz,11
OPT-LIN/normalized-PB26/sergeys/CPMpy_translated_dataset_PB26/psplib/rcpsp/j90/normalized-j9020_6.opb.xz,11
OPT-LIN/normalized-PB26/sergeys/CPMpy_translated_dataset_PB26/psplib/rcpsp/j90/normalized-j9020_7.opb.xz,11
OPT-LIN/normalized-PB26/sergeys/CPMpy_translated_dataset_PB26/psplib/rcpsp/j90/normalized-j9020_8.opb.xz,12
OPT-LIN/normalized-PB26/sergeys/CPMpy_translated_dataset_PB26/psplib/rcpsp/j90/normalized-j9020_9.opb.xz,11
OPT-LIN/normalized-PB26/sergeys/CPMpy_translated_dataset_PB26/psplib/rcpsp/j90/normalized-j9021_1.opb.xz,11
OPT-LIN/normalized-PB26/sergeys/CPMpy_translated_dataset_PB26/psplib/rcpsp/j90/normalized-j9021_10.opb.xz,11
OPT-LIN/normalized-PB26/sergeys/CPMpy_translated_dataset_PB26/psplib/rcpsp/j90/normalized-j9021_2.opb.xz,11
OPT-LIN/normalized-PB26/sergeys/CPMpy_translated_dataset_PB26/psplib/rcpsp/j90/normalized-j9021_3.opb.xz,11
OPT-LIN/normalized-PB26/sergeys/CPMpy_translated_dataset_PB26/psplib/rcpsp/j90/normalized-j9021_4.opb.xz,11
OPT-LIN/normalized-PB26/sergeys/CPMpy_translated_dataset_PB26/psplib/rcpsp/j90/normalized-j9021_5.opb.xz,12
OPT-LIN/normalized-PB26/sergeys/CPMpy_translated_dataset_PB26/psplib/rcpsp/j90/normalized-j9021_6.opb.xz,12
OPT-LIN/normalized-PB26/sergeys/CPMpy_translated_dataset_PB26/psplib/rcpsp/j90/normalized-j9021_7.opb.xz,11
OPT-LIN/normalized-PB26/sergeys/CPMpy_translated_dataset_PB26/psplib/rcpsp/j90/normalized-j9021_8.opb.xz,12
OPT-LIN/normalized-PB26/sergeys/CPMpy_translated_dataset_PB26/psplib/rcpsp/j90/normalized-j9021_9.opb.xz,11
OPT-LIN/normalized-PB26/sergeys/CPMpy_translated_dataset_PB26/psplib/rcpsp/j90/normalized-j9022_1.opb.xz,11
OPT-LIN/normalized-PB26/sergeys/CPMpy_translated_dataset_PB26/psplib/rcpsp/j90/normalized-j9022_10.opb.xz,12
OPT-LIN/normalized-PB26/sergeys/CPMpy_translated_dataset_PB26/psplib/rcpsp/j90/normalized-j9022_2.opb.xz,11
OPT-LIN/normalized-PB26/sergeys/CPMpy_translated_dataset_PB26/psplib/rcpsp/j90/normalized-j9022_3.opb.xz,11
OPT-LIN/normalized-PB26/sergeys/CPMpy_translated_dataset_PB26/psplib/rcpsp/j90/normalized-j9022_4.opb.xz,12
OPT-LIN/normalized-PB26/sergeys/CPMpy_translated_dataset_PB26/psplib/rcpsp/j90/normalized-j9022_5.opb.xz,11
OPT-LIN/normalized-PB26/sergeys/CPMpy_translated_dataset_PB26/psplib/rcpsp/j90/normalized-j9022_6.opb.xz,11
OPT-LIN/normalized-PB26/sergeys/CPMpy_translated_dataset_PB26/psplib/rcpsp/j90/normalized-j9022_7.opb.xz,11
OPT-LIN/normalized-PB26/sergeys/CPMpy_translated_dataset_PB26/psplib/rcpsp/j90/normalized-j9022_8.opb.xz,11
OPT-LIN/normalized-PB26/sergeys/CPMpy_translated_dataset_PB26/psplib/rcpsp/j90/normalized-j9022_9.opb.xz,11
OPT-LIN/normalized-PB26/sergeys/CPMpy_translated_dataset_PB26/psplib/rcpsp/j90/normalized-j9023_1.opb.xz,11
OPT-LIN/normalized-PB26/sergeys/CPMpy_translated_dataset_PB26/psplib/rcpsp/j90/normalized-j9023_10.opb.xz,12
OPT-LIN/normalized-PB26/sergeys/CPMpy_translated_dataset_PB26/psplib/rcpsp/j90/normalized-j9023_2.opb.xz,12
OPT-LIN/normalized-PB26/sergeys/CPMpy_translated_dataset_PB26/psplib/rcpsp/j90/normalized-j9023_3.opb.xz,11
OPT-LIN/normalized-PB26/sergeys/CPMpy_translated_dataset_PB26/psplib/rcpsp/j90/normalized-j9023_4.opb.xz,11
OPT-LIN/normalized-PB26/sergeys/CPMpy_translated_dataset_PB26/psplib/rcpsp/j90/normalized-j9023_5.opb.xz,12
OPT-LIN/normalized-PB26/sergeys/CPMpy_translated_dataset_PB26/psplib/rcpsp/j90/normalized-j9023_6.opb.xz,11
OPT-LIN/normalized-PB26/sergeys/CPMpy_translated_dataset_PB26/psplib/rcpsp/j90/normalized-j9023_7.opb.xz,11
OPT-LIN/normalized-PB26/sergeys/CPMpy_translated_dataset_PB26/psplib/rcpsp/j90/normalized-j9023_8.opb.xz,11
OPT-LIN/normalized-PB26/sergeys/CPMpy_translated_dataset_PB26/psplib/rcpsp/j90/normalized-j9023_9.opb.xz,11
OPT-LIN/normalized-PB26/sergeys/CPMpy_translated_dataset_PB26/psplib/rcpsp/j90/normalized-j9024_1.opb.xz,12
OPT-LIN/normalized-PB26/sergeys/CPMpy_translated_dataset_PB26/psplib/rcpsp/j90/normalized-j9024_10.opb.xz,11
OPT-LIN/normalized-PB26/sergeys/CPMpy_translated_dataset_PB26/psplib/rcpsp/j90/normalized-j9024_2.opb.xz,11
OPT-LIN/normalized-PB26/sergeys/CPMpy_translated_dataset_PB26/psplib/rcpsp/j90/normalized-j9024_3.opb.xz,11
OPT-LIN/normalized-PB26/sergeys/CPMpy_translated_dataset_PB26/psplib/rcpsp/j90/normalized-j9024_4.opb.xz,11
OPT-LIN/normalized-PB26/sergeys/CPMpy_translated_dataset_PB26/psplib/rcpsp/j90/normalized-j9024_5.opb.xz,11
OPT-LIN/normalized-PB26/sergeys/CPMpy_translated_dataset_PB26/psplib/rcpsp/j90/normalized-j9024_6.opb.xz,11
OPT-LIN/normalized-PB26/sergeys/CPMpy_translated_dataset_PB26/psplib/rcpsp/j90/normalized-j9024_7.opb.xz,11
OPT-LIN/normalized-PB26/sergeys/CPMpy_translated_dataset_PB26/psplib/rcpsp/j90/normalized-j9024_8.opb.xz,12
OPT-LIN/normalized-PB26/sergeys/CPMpy_translated_dataset_PB26/psplib/rcpsp/j90/normalized-j9024_9.opb.xz,11
OPT-LIN/normalized-PB26/sergeys/CPMpy_translated_dataset_PB26/psplib/rcpsp/j90/normalized-j9025_1.opb.xz,11
OPT-LIN/normalized-PB26/sergeys/CPMpy_translated_dataset_PB26/psplib/rcpsp/j90/normalized-j9025_10.opb.xz,11
OPT-LIN/normalized-PB26/sergeys/CPMpy_translated_dataset_PB26/psplib/rcpsp/j90/normalized-j9025_2.opb.xz,12
OPT-LIN/normalized-PB26/sergeys/CPMpy_translated_dataset_PB26/psplib/rcpsp/j90/normalized-j9025_3.opb.xz,11
OPT-LIN/normalized-PB26/sergeys/CPMpy_translated_dataset_PB26/psplib/rcpsp/j90/normalized-j9025_4.opb.xz,11
OPT-LIN/normalized-PB26/sergeys/CPMpy_translated_dataset_PB26/psplib/rcpsp/j90/normalized-j9025_5.opb.xz,11
OPT-LIN/normalized-PB26/sergeys/CPMpy_translated_dataset_PB26/psplib/rcpsp/j90/normalized-j9025_6.opb.xz,12
OPT-LIN/normalized-PB26/sergeys/CPMpy_translated_dataset_PB26/psplib/rcpsp/j90/normalized-j9025_7.opb.xz,12
OPT-LIN/normalized-PB26/sergeys/CPMpy_translated_dataset_PB26/psplib/rcpsp/j90/normalized-j9025_8.opb.xz,12
OPT-LIN/normalized-PB26/sergeys/CPMpy_translated_dataset_PB26/psplib/rcpsp/j90/normalized-j9025_9.opb.xz,11
OPT-LIN/normalized-PB26/sergeys/CPMpy_translated_dataset_PB26/psplib/rcpsp/j90/normalized-j9026_1.opb.xz,12
OPT-LIN/normalized-PB26/sergeys/CPMpy_translated_dataset_PB26/psplib/rcpsp/j90/normalized-j9026_10.opb.xz,11
OPT-LIN/normalized-PB26/sergeys/CPMpy_translated_dataset_PB26/psplib/rcpsp/j90/normalized-j9026_2.opb.xz,12
OPT-LIN/normalized-PB26/sergeys/CPMpy_translated_dataset_PB26/psplib/rcpsp/j90/normalized-j9026_3.opb.xz,11
OPT-LIN/normalized-PB26/sergeys/CPMpy_translated_dataset_PB26/psplib/rcpsp/j90/normalized-j9026_4.opb.xz,12
OPT-LIN/normalized-PB26/sergeys/CPMpy_translated_dataset_PB26/psplib/rcpsp/j90/normalized-j9026_5.opb.xz,11
OPT-LIN/normalized-PB26/sergeys/CPMpy_translated_dataset_PB26/psplib/rcpsp/j90/normalized-j9026_6.opb.xz,12
OPT-LIN/normalized-PB26/sergeys/CPMpy_translated_dataset_PB26/psplib/rcpsp/j90/normalized-j9026_7.opb.xz,11
OPT-LIN/normalized-PB26/sergeys/CPMpy_translated_dataset_PB26/psplib/rcpsp/j90/normalized-j9026_8.opb.xz,12
OPT-LIN/normalized-PB26/sergeys/CPMpy_translated_dataset_PB26/psplib/rcpsp/j90/normalized-j9026_9.opb.xz,11
OPT-LIN/normalized-PB26/sergeys/CPMpy_translated_dataset_PB26/psplib/rcpsp/j90/normalized-j9027_1.opb.xz,11
OPT-LIN/normalized-PB26/sergeys/CPMpy_translated_dataset_PB26/psplib/rcpsp/j90/normalized-j9027_10.opb.xz,11
OPT-LIN/normalized-PB26/sergeys/CPMpy_translated_dataset_PB26/psplib/rcpsp/j90/normalized-j9027_2.opb.xz,12
OPT-LIN/normalized-PB26/sergeys/CPMpy_translated_dataset_PB26/psplib/rcpsp/j90/normalized-j9027_3.opb.xz,11
OPT-LIN/normalized-PB26/sergeys/CPMpy_translated_dataset_PB26/psplib/rcpsp/j90/normalized-j9027_4.opb.xz,11
OPT-LIN/normalized-PB26/sergeys/CPMpy_translated_dataset_PB26/psplib/rcpsp/j90/normalized-j9027_5.opb.xz,11
OPT-LIN/normalized-PB26/sergeys/CPMpy_translated_dataset_PB26/psplib/rcpsp/j90/normalized-j9027_6.opb.xz,11
OPT-LIN/normalized-PB26/sergeys/CPMpy_translated_dataset_PB26/psplib/rcpsp/j90/normalized-j9027_7.opb.xz,11
OPT-LIN/normalized-PB26/sergeys/CPMpy_translated_dataset_PB26/psplib/rcpsp/j90/normalized-j9027_8.opb.xz,11
OPT-LIN/normalized-PB26/sergeys/CPMpy_translated_dataset_PB26/psplib/rcpsp/j90/normalized-j9027_9.opb.xz,12
OPT-LIN/normalized-PB26/sergeys/CPMpy_translated_dataset_PB26/psplib/rcpsp/j90/normalized-j9028_1.opb.xz,11
OPT-LIN/normalized-PB26/sergeys/CPMpy_translated_dataset_PB26/psplib/rcpsp/j90/normalized-j9028_10.opb.xz,11
OPT-LIN/normalized-PB26/sergeys/CPMpy_translated_dataset_PB26/psplib/rcpsp/j90/normalized-j9028_2.opb.xz,11
OPT-LIN/normalized-PB26/sergeys/CPMpy_translated_dataset_PB26/psplib/rcpsp/j90/normalized-j9028_3.opb.xz,11
OPT-LIN/normalized-PB26/sergeys/CPMpy_translated_dataset_PB26/psplib/rcpsp/j90/normalized-j9028_4.opb.xz,11
OPT-LIN/normalized-PB26/sergeys/CPMpy_translated_dataset_PB26/psplib/rcpsp/j90/normalized-j9028_5.opb.xz,11
OPT-LIN/normalized-PB26/sergeys/CPMpy_translated_dataset_PB26/psplib/rcpsp/j90/normalized-j9028_6.opb.xz,12
OPT-LIN/normalized-PB26/sergeys/CPMpy_translated_dataset_PB26/psplib/rcpsp/j90/normalized-j9028_7.opb.xz,11
OPT-LIN/normalized-PB26/sergeys/CPMpy_translated_dataset_PB26/psplib/rcpsp/j90/normalized-j9028_8.opb.xz,11
OPT-LIN/normalized-PB26/sergeys/CPMpy_translated_dataset_PB26/psplib/rcpsp/j90/normalized-j9028_9.opb.xz,11
OPT-LIN/normalized-PB26/sergeys/CPMpy_translated_dataset_PB26/psplib/rcpsp/j90/normalized-j9029_1.opb.xz,11
OPT-LIN/normalized-PB26/sergeys/CPMpy_translated_dataset_PB26/psplib/rcpsp/j90/normalized-j9029_10.opb.xz,11
OPT-LIN/normalized-PB26/sergeys/CPMpy_translated_dataset_PB26/psplib/rcpsp/j90/normalized-j9029_2.opb.xz,11
OPT-LIN/normalized-PB26/sergeys/CPMpy_translated_dataset_PB26/psplib/rcpsp/j90/normalized-j9029_3.opb.xz,11
OPT-LIN/normalized-PB26/sergeys/CPMpy_translated_dataset_PB26/psplib/rcpsp/j90/normalized-j9029_4.opb.xz,11
OPT-LIN/normalized-PB26/sergeys/CPMpy_translated_dataset_PB26/psplib/rcpsp/j90/normalized-j9029_5.opb.xz,11
OPT-LIN/normalized-PB26/sergeys/CPMpy_translated_dataset_PB26/psplib/rcpsp/j90/normalized-j9029_6.opb.xz,12
OPT-LIN/normalized-PB26/sergeys/CPMpy_translated_dataset_PB26/psplib/rcpsp/j90/normalized-j9029_7.opb.xz,12
OPT-LIN/normalized-PB26/sergeys/CPMpy_translated_dataset_PB26/psplib/rcpsp/j90/normalized-j9029_8.opb.xz,12
OPT-LIN/normalized-PB26/sergeys/CPMpy_translated_dataset_PB26/psplib/rcpsp/j90/normalized-j9029_9.opb.xz,11
OPT-LIN/normalized-PB26/sergeys/CPMpy_translated_dataset_PB26/psplib/rcpsp/j90/normalized-j902_1.opb.xz,12
OPT-LIN/normalized-PB26/sergeys/CPMpy_translated_dataset_PB26/psplib/rcpsp/j90/normalized-j902_10.opb.xz,11
OPT-LIN/normalized-PB26/sergeys/CPMpy_translated_dataset_PB26/psplib/rcpsp/j90/normalized-j902_2.opb.xz,11
OPT-LIN/normalized-PB26/sergeys/CPMpy_translated_dataset_PB26/psplib/rcpsp/j90/normalized-j902_3.opb.xz,11
OPT-LIN/normalized-PB26/sergeys/CPMpy_translated_dataset_PB26/psplib/rcpsp/j90/normalized-j902_4.opb.xz,11
OPT-LIN/normalized-PB26/sergeys/CPMpy_translated_dataset_PB26/psplib/rcpsp/j90/normalized-j902_5.opb.xz,11
OPT-LIN/normalized-PB26/sergeys/CPMpy_translated_dataset_PB26/psplib/rcpsp/j90/normalized-j902_6.opb.xz,11
OPT-LIN/normalized-PB26/sergeys/CPMpy_translated_dataset_PB26/psplib/rcpsp/j90/normalized-j9030_10.opb.xz,11
OPT-LIN/normalized-PB26/sergeys/CPMpy_translated_dataset_PB26/psplib/rcpsp/j90/normalized-j9030_2.opb.xz,11
OPT-LIN/normalized-PB26/sergeys/CPMpy_translated_dataset_PB26/psplib/rcpsp/j90/normalized-j9032_9.opb.xz,12
OPT-LIN/normalized-PB26/sergeys/CPMpy_translated_dataset_PB26/psplib/rcpsp/j90/normalized-j9033_1.opb.xz,11
OPT-LIN/normalized-PB26/sergeys/CPMpy_translated_dataset_PB26/psplib/rcpsp/j90/normalized-j9033_10.opb.xz,12
OPT-LIN/normalized-PB26/sergeys/CPMpy_translated_dataset_PB26/psplib/rcpsp/j90/normalized-j9033_2.opb.xz,12
OPT-LIN/normalized-PB26/sergeys/CPMpy_translated_dataset_PB26/psplib/rcpsp/j90/normalized-j9033_3.opb.xz,11
OPT-LIN/normalized-PB26/sergeys/CPMpy_translated_dataset_PB26/psplib/rcpsp/j90/normalized-j9033_4.opb.xz,11
OPT-LIN/normalized-PB26/sergeys/CPMpy_translated_dataset_PB26/psplib/rcpsp/j90/normalized-j9033_5.opb.xz,11
OPT-LIN/normalized-PB26/sergeys/CPMpy_translated_dataset_PB26/psplib/rcpsp/j90/normalized-j9033_6.opb.xz,11
OPT-LIN/normalized-PB26/sergeys/CPMpy_translated_dataset_PB26/psplib/rcpsp/j90/normalized-j9033_7.opb.xz,12
OPT-LIN/normalized-PB26/sergeys/CPMpy_translated_dataset_PB26/psplib/rcpsp/j90/normalized-j9033_8.opb.xz,11
OPT-LIN/normalized-PB26/sergeys/CPMpy_translated_dataset_PB26/psplib/rcpsp/j90/normalized-j9033_9.opb.xz,11
OPT-LIN/normalized-PB26/sergeys/CPMpy_translated_dataset_PB26/psplib/rcpsp/j90/normalized-j9034_1.opb.xz,11
OPT-LIN/normalized-PB26/sergeys/CPMpy_translated_dataset_PB26/psplib/rcpsp/j90/normalized-j9034_10.opb.xz,12
OPT-LIN/normalized-PB26/sergeys/CPMpy_translated_dataset_PB26/psplib/rcpsp/j90/normalized-j9034_2.opb.xz,11
OPT-LIN/normalized-PB26/sergeys/CPMpy_translated_dataset_PB26/psplib/rcpsp/j90/normalized-j9034_3.opb.xz,11
OPT-LIN/normalized-PB26/sergeys/CPMpy_translated_dataset_PB26/psplib/rcpsp/j90/normalized-j9034_4.opb.xz,11
OPT-LIN/normalized-PB26/sergeys/CPMpy_translated_dataset_PB26/psplib/rcpsp/j90/normalized-j9034_5.opb.xz,11
OPT-LIN/normalized-PB26/sergeys/CPMpy_translated_dataset_PB26/psplib/rcpsp/j90/normalized-j9034_6.opb.xz,11
OPT-LIN/normalized-PB26/sergeys/CPMpy_translated_dataset_PB26/psplib/rcpsp/j90/normalized-j9034_7.opb.xz,11
OPT-LIN/normalized-PB26/sergeys/CPMpy_translated_dataset_PB26/psplib/rcpsp/j90/normalized-j9034_8.opb.xz,11
OPT-LIN/normalized-PB26/sergeys/CPMpy_translated_dataset_PB26/psplib/rcpsp/j90/normalized-j9034_9.opb.xz,12
OPT-LIN/normalized-PB26/sergeys/CPMpy_translated_dataset_PB26/psplib/rcpsp/j90/normalized-j9035_1.opb.xz,12
OPT-LIN/normalized-PB26/sergeys/CPMpy_translated_dataset_PB26/psplib/rcpsp/j90/normalized-j9035_10.opb.xz,11
OPT-LIN/normalized-PB26/sergeys/CPMpy_translated_dataset_PB26/psplib/rcpsp/j90/normalized-j9035_2.opb.xz,11
OPT-LIN/normalized-PB26/sergeys/CPMpy_translated_dataset_PB26/psplib/rcpsp/j90/normalized-j9035_3.opb.xz,11
OPT-LIN/normalized-PB26/sergeys/CPMpy_translated_dataset_PB26/psplib/rcpsp/j90/normalized-j9035_4.opb.xz,11
OPT-LIN/normalized-PB26/sergeys/CPMpy_translated_dataset_PB26/psplib/rcpsp/j90/normalized-j9035_5.opb.xz,12
OPT-LIN/normalized-PB26/sergeys/CPMpy_translated_dataset_PB26/psplib/rcpsp/j90/normalized-j9035_6.opb.xz,11
OPT-LIN/normalized-PB26/sergeys/CPMpy_translated_dataset_PB26/psplib/rcpsp/j90/normalized-j9035_7.opb.xz,11
OPT-LIN/normalized-PB26/sergeys/CPMpy_translated_dataset_PB26/psplib/rcpsp/j90/normalized-j9035_8.opb.xz,11
OPT-LIN/normalized-PB26/sergeys/CPMpy_translated_dataset_PB26/psplib/rcpsp/j90/normalized-j9038_9.opb.xz,12
OPT-LIN/normalized-PB26/sergeys/CPMpy_translated_dataset_PB26/psplib/rcpsp/j90/normalized-j9039_1.opb.xz,12
OPT-LIN/normalized-PB26/sergeys/CPMpy_translated_dataset_PB26/psplib/rcpsp/j90/normalized-j9039_10.opb.xz,12
OPT-LIN/normalized-PB26/sergeys/CPMpy_translated_dataset_PB26/psplib/rcpsp/j90/normalized-j9039_2.opb.xz,11
OPT-LIN/normalized-PB26/sergeys/CPMpy_translated_dataset_PB26/psplib/rcpsp/j90/normalized-j9039_3.opb.xz,11
OPT-LIN/normalized-PB26/sergeys/CPMpy_translated_dataset_PB26/psplib/rcpsp/j90/normalized-j9039_4.opb.xz,11
OPT-LIN/normalized-PB26/sergeys/CPMpy_translated_dataset_PB26/psplib/rcpsp/j90/normalized-j9039_5.opb.xz,12
OPT-LIN/normalized-PB26/sergeys/CPMpy_translated_dataset_PB26/psplib/rcpsp/j90/normalized-j9039_6.opb.xz,12
OPT-LIN/normalized-PB26/sergeys/CPMpy_translated_dataset_PB26/psplib/rcpsp/j90/normalized-j9039_7.opb.xz,12
OPT-LIN/normalized-PB26/sergeys/CPMpy_translated_dataset_PB26/psplib/rcpsp/j90/normalized-j9039_8.opb.xz,11
OPT-LIN/normalized-PB26/sergeys/CPMpy_translated_dataset_PB26/psplib/rcpsp/j90/normalized-j9039_9.opb.xz,11
OPT-LIN/normalized-PB26/sergeys/CPMpy_translated_dataset_PB26/psplib/rcpsp/j90/normalized-j903_1.opb.xz,11
OPT-LIN/normalized-PB26/sergeys/CPMpy_translated_dataset_PB26/psplib/rcpsp/j90/normalized-j903_10.opb.xz,11
OPT-LIN/normalized-PB26/sergeys/CPMpy_translated_dataset_PB26/psplib/rcpsp/j90/normalized-j903_2.opb.xz,11
OPT-LIN/normalized-PB26/sergeys/CPMpy_translated_dataset_PB26/psplib/rcpsp/j90/normalized-j903_3.opb.xz,11
OPT-LIN/normalized-PB26/sergeys/CPMpy_translated_dataset_PB26/psplib/rcpsp/j90/normalized-j903_4.opb.xz,12
OPT-LIN/normalized-PB26/sergeys/CPMpy_translated_dataset_PB26/psplib/rcpsp/j90/normalized-j903_5.opb.xz,11
OPT-LIN/normalized-PB26/sergeys/CPMpy_translated_dataset_PB26/psplib/rcpsp/j90/normalized-j903_6.opb.xz,11
OPT-LIN/normalized-PB26/sergeys/CPMpy_translated_dataset_PB26/psplib/rcpsp/j90/normalized-j903_7.opb.xz,11
OPT-LIN/normalized-PB26/sergeys/CPMpy_translated_dataset_PB26/psplib/rcpsp/j90/normalized-j903_8.opb.xz,11
OPT-LIN/normalized-PB26/sergeys/CPMpy_translated_dataset_PB26/psplib/rcpsp/j90/normalized-j903_9.opb.xz,11
OPT-LIN/normalized-PB26/sergeys/CPMpy_translated_dataset_PB26/psplib/rcpsp/j90/normalized-j9040_1.opb.xz,11
OPT-LIN/normalized-PB26/sergeys/CPMpy_translated_dataset_PB26/psplib/rcpsp/j90/normalized-j9040_10.opb.xz,11
OPT-LIN/normalized-PB26/sergeys/CPMpy_translated_dataset_PB26/psplib/rcpsp/j90/normalized-j9040_2.opb.xz,11
OPT-LIN/normalized-PB26/sergeys/CPMpy_translated_dataset_PB26/psplib/rcpsp/j90/normalized-j9040_3.opb.xz,11
OPT-LIN/normalized-PB26/sergeys/CPMpy_translated_dataset_PB26/psplib/rcpsp/j90/normalized-j9040_4.opb.xz,11
OPT-LIN/normalized-PB26/sergeys/CPMpy_translated_dataset_PB26/psplib/rcpsp/j90/normalized-j9040_5.opb.xz,11
OPT-LIN/normalized-PB26/sergeys/CPMpy_translated_dataset_PB26/psplib/rcpsp/j90/normalized-j9040_6.opb.xz,11
OPT-LIN/normalized-PB26/sergeys/CPMpy_translated_dataset_PB26/psplib/rcpsp/j90/normalized-j9040_7.opb.xz,12
OPT-LIN/normalized-PB26/sergeys/CPMpy_translated_dataset_PB26/psplib/rcpsp/j90/normalized-j9040_8.opb.xz,11
OPT-LIN/normalized-PB26/sergeys/CPMpy_translated_dataset_PB26/psplib/rcpsp/j90/normalized-j9040_9.opb.xz,11
OPT-LIN/normalized-PB26/sergeys/CPMpy_translated_dataset_PB26/psplib/rcpsp/j90/normalized-j9041_1.opb.xz,11
OPT-LIN/normalized-PB26/sergeys/CPMpy_translated_dataset_PB26/psplib/rcpsp/j90/normalized-j9041_10.opb.xz,12
OPT-LIN/normalized-PB26/sergeys/CPMpy_translated_dataset_PB26/psplib/rcpsp/j90/normalized-j9041_2.opb.xz,11
OPT-LIN/normalized-PB26/sergeys/CPMpy_translated_dataset_PB26/psplib/rcpsp/j90/normalized-j9041_3.opb.xz,12
OPT-LIN/normalized-PB26/sergeys/CPMpy_translated_dataset_PB26/psplib/rcpsp/j90/normalized-j9041_4.opb.xz,12
OPT-LIN/normalized-PB26/sergeys/CPMpy_translated_dataset_PB26/psplib/rcpsp/j90/normalized-j9041_5.opb.xz,11
OPT-LIN/normalized-PB26/sergeys/CPMpy_translated_dataset_PB26/psplib/rcpsp/j90/normalized-j9041_6.opb.xz,11
OPT-LIN/normalized-PB26/sergeys/CPMpy_translated_dataset_PB26/psplib/rcpsp/j90/normalized-j9041_7.opb.xz,11
OPT-LIN/normalized-PB26/sergeys/CPMpy_translated_dataset_PB26/psplib/rcpsp/j90/normalized-j9041_8.opb.xz,12
OPT-LIN/normalized-PB26/sergeys/CPMpy_translated_dataset_PB26/psplib/rcpsp/j90/normalized-j9041_9.opb.xz,11
OPT-LIN/normalized-PB26/sergeys/CPMpy_translated_dataset_PB26/psplib/rcpsp/j90/normalized-j9042_1.opb.xz,12
OPT-LIN/normalized-PB26/sergeys/CPMpy_translated_dataset_PB26/psplib/rcpsp/j90/normalized-j9042_10.opb.xz,11
OPT-LIN/normalized-PB26/sergeys/CPMpy_translated_dataset_PB26/psplib/rcpsp/j90/normalized-j9042_2.opb.xz,11
OPT-LIN/normalized-PB26/sergeys/CPMpy_translated_dataset_PB26/psplib/rcpsp/j90/normalized-j9042_3.opb.xz,12
OPT-LIN/normalized-PB26/sergeys/CPMpy_translated_dataset_PB26/psplib/rcpsp/j90/normalized-j9042_4.opb.xz,11
OPT-LIN/normalized-PB26/sergeys/CPMpy_translated_dataset_PB26/psplib/rcpsp/j90/normalized-j9042_5.opb.xz,11
OPT-LIN/normalized-PB26/sergeys/CPMpy_translated_dataset_PB26/psplib/rcpsp/j90/normalized-j9042_6.opb.xz,11
OPT-LIN/normalized-PB26/sergeys/CPMpy_translated_dataset_PB26/psplib/rcpsp/j90/normalized-j9042_7.opb.xz,11
OPT-LIN/normalized-PB26/sergeys/CPMpy_translated_dataset_PB26/psplib/rcpsp/j90/normalized-j9042_8.opb.xz,11
OPT-LIN/normalized-PB26/sergeys/CPMpy_translated_dataset_PB26/psplib/rcpsp/j90/normalized-j9042_9.opb.xz,11
OPT-LIN/normalized-PB26/sergeys/CPMpy_translated_dataset_PB26/psplib/rcpsp/j90/normalized-j9043_1.opb.xz,11
OPT-LIN/normalized-PB26/sergeys/CPMpy_translated_dataset_PB26/psplib/rcpsp/j90/normalized-j9043_10.opb.xz,11
OPT-LIN/normalized-PB26/sergeys/CPMpy_translated_dataset_PB26/psplib/rcpsp/j90/normalized-j9043_2.opb.xz,11
OPT-LIN/normalized-PB26/sergeys/CPMpy_translated_dataset_PB26/psplib/rcpsp/j90/normalized-j9043_3.opb.xz,11
OPT-LIN/normalized-PB26/sergeys/CPMpy_translated_dataset_PB26/psplib/rcpsp/j90/normalized-j9043_4.opb.xz,11
OPT-LIN/normalized-PB26/sergeys/CPMpy_translated_dataset_PB26/psplib/rcpsp/j90/normalized-j9043_5.opb.xz,11
OPT-LIN/normalized-PB26/sergeys/CPMpy_translated_dataset_PB26/psplib/rcpsp/j90/normalized-j9043_6.opb.xz,11
OPT-LIN/normalized-PB26/sergeys/CPMpy_translated_dataset_PB26/psplib/rcpsp/j90/normalized-j9043_7.opb.xz,12
OPT-LIN/normalized-PB26/sergeys/CPMpy_translated_dataset_PB26/psplib/rcpsp/j90/normalized-j9043_8.opb.xz,11
OPT-LIN/normalized-PB26/sergeys/CPMpy_translated_dataset_PB26/psplib/rcpsp/j90/normalized-j9043_9.opb.xz,11
OPT-LIN/normalized-PB26/sergeys/CPMpy_translated_dataset_PB26/psplib/rcpsp/j90/normalized-j9044_1.opb.xz,12
OPT-LIN/normalized-PB26/sergeys/CPMpy_translated_dataset_PB26/psplib/rcpsp/j90/normalized-j9044_10.opb.xz,11
OPT-LIN/normalized-PB26/sergeys/CPMpy_translated_dataset_PB26/psplib/rcpsp/j90/normalized-j9044_2.opb.xz,12
OPT-LIN/normalized-PB26/sergeys/CPMpy_translated_dataset_PB26/psplib/rcpsp/j90/normalized-j9044_3.opb.xz,11
OPT-LIN/normalized-PB26/sergeys/CPMpy_translated_dataset_PB26/psplib/rcpsp/j90/normalized-j9044_4.opb.xz,11
OPT-LIN/normalized-PB26/sergeys/CPMpy_translated_dataset_PB26/psplib/rcpsp/j90/normalized-j9044_5.opb.xz,11
OPT-LIN/normalized-PB26/sergeys/CPMpy_translated_dataset_PB26/psplib/rcpsp/j90/normalized-j9044_6.opb.xz,12
OPT-LIN/normalized-PB26/sergeys/CPMpy_translated_dataset_PB26/psplib/rcpsp/j90/normalized-j9044_7.opb.xz,11
OPT-LIN/normalized-PB26/sergeys/CPMpy_translated_dataset_PB26/psplib/rcpsp/j90/normalized-j9044_8.opb.xz,11
OPT-LIN/normalized-PB26/sergeys/CPMpy_translated_dataset_PB26/psplib/rcpsp/j90/normalized-j9044_9.opb.xz,11
OPT-LIN/normalized-PB26/sergeys/CPMpy_translated_dataset_PB26/psplib/rcpsp/j90/normalized-j9045_1.opb.xz,11
OPT-LIN/normalized-PB26/sergeys/CPMpy_translated_dataset_PB26/psplib/rcpsp/j90/normalized-j9045_10.opb.xz,12
OPT-LIN/normalized-PB26/sergeys/CPMpy_translated_dataset_PB26/psplib/rcpsp/j90/normalized-j9045_2.opb.xz,11
OPT-LIN/normalized-PB26/sergeys/CPMpy_translated_dataset_PB26/psplib/rcpsp/j90/normalized-j9045_3.opb.xz,11
OPT-LIN/normalized-PB26/sergeys/CPMpy_translated_dataset_PB26/psplib/rcpsp/j90/normalized-j9045_4.opb.xz,11
OPT-LIN/normalized-PB26/sergeys/CPMpy_translated_dataset_PB26/psplib/rcpsp/j90/normalized-j9045_5.opb.xz,12
OPT-LIN/normalized-PB26/sergeys/CPMpy_translated_dataset_PB26/psplib/rcpsp/j90/normalized-j9045_6.opb.xz,12
OPT-LIN/normalized-PB26/sergeys/CPMpy_translated_dataset_PB26/psplib/rcpsp/j90/normalized-j9045_7.opb.xz,11
OPT-LIN/normalized-PB26/sergeys/CPMpy_translated_dataset_PB26/psplib/rcpsp/j90/normalized-j9045_8.opb.xz,11
OPT-LIN/normalized-PB26/sergeys/CPMpy_translated_dataset_PB26/psplib/rcpsp/j90/normalized-j9045_9.opb.xz,11
OPT-LIN/normalized-PB26/sergeys/CPMpy_translated_dataset_PB26/psplib/rcpsp/j90/normalized-j9046_1.opb.xz,11
OPT-LIN/normalized-PB26/sergeys/CPMpy_translated_dataset_PB26/psplib/rcpsp/j90/normalized-j9046_10.opb.xz,12
OPT-LIN/normalized-PB26/sergeys/CPMpy_translated_dataset_PB26/psplib/rcpsp/j90/normalized-j9046_2.opb.xz,11
OPT-LIN/normalized-PB26/sergeys/CPMpy_translated_dataset_PB26/psplib/rcpsp/j90/normalized-j9046_3.opb.xz,12
OPT-LIN/normalized-PB26/sergeys/CPMpy_translated_dataset_PB26/psplib/rcpsp/j90/normalized-j9046_4.opb.xz,12
OPT-LIN/normalized-PB26/sergeys/CPMpy_translated_dataset_PB26/psplib/rcpsp/j90/normalized-j9046_5.opb.xz,11
OPT-LIN/normalized-PB26/sergeys/CPMpy_translated_dataset_PB26/psplib/rcpsp/j90/normalized-j9046_6.opb.xz,11
OPT-LIN/normalized-PB26/sergeys/CPMpy_translated_dataset_PB26/psplib/rcpsp/j90/normalized-j9046_7.opb.xz,11
OPT-LIN/normalized-PB26/sergeys/CPMpy_translated_dataset_PB26/psplib/rcpsp/j90/normalized-j9046_8.opb.xz,11
OPT-LIN/normalized-PB26/sergeys/CPMpy_translated_dataset_PB26/psplib/rcpsp/j90/normalized-j9046_9.opb.xz,11
OPT-LIN/normalized-PB26/sergeys/CPMpy_translated_dataset_PB26/psplib/rcpsp/j90/normalized-j9047_1.opb.xz,11
OPT-LIN/normalized-PB26/sergeys/CPMpy_translated_dataset_PB26/psplib/rcpsp/j90/normalized-j9047_10.opb.xz,11
OPT-LIN/normalized-PB26/sergeys/CPMpy_translated_dataset_PB26/psplib/rcpsp/j90/normalized-j9047_2.opb.xz,11
OPT-LIN/normalized-PB26/sergeys/CPMpy_translated_dataset_PB26/psplib/rcpsp/j90/normalized-j9047_3.opb.xz,12
OPT-LIN/normalized-PB26/sergeys/CPMpy_translated_dataset_PB26/psplib/rcpsp/j90/normalized-j9047_4.opb.xz,11
OPT-LIN/normalized-PB26/sergeys/CPMpy_translated_dataset_PB26/psplib/rcpsp/j90/normalized-j9047_5.opb.xz,12
OPT-LIN/normalized-PB26/sergeys/CPMpy_translated_dataset_PB26/psplib/rcpsp/j90/normalized-j9047_6.opb.xz,11
OPT-LIN/normalized-PB26/sergeys/CPMpy_translated_dataset_PB26/psplib/rcpsp/j90/normalized-j9047_7.opb.xz,12
OPT-LIN/normalized-PB26/sergeys/CPMpy_translated_dataset_PB26/psplib/rcpsp/j90/normalized-j9047_8.opb.xz,11
OPT-LIN/normalized-PB26/sergeys/CPMpy_translated_dataset_PB26/psplib/rcpsp/j90/normalized-j9047_9.opb.xz,11
OPT-LIN/normalized-PB26/sergeys/CPMpy_translated_dataset_PB26/psplib/rcpsp/j90/normalized-j9048_1.opb.xz,12
OPT-LIN/normalized-PB26/sergeys/CPMpy_translated_dataset_PB26/psplib/rcpsp/j90/normalized-j9048_10.opb.xz,11
OPT-LIN/normalized-PB26/sergeys/CPMpy_translated_dataset_PB26/psplib/rcpsp/j90/normalized-j9048_2.opb.xz,11
OPT-LIN/normalized-PB26/sergeys/CPMpy_translated_dataset_PB26/psplib/rcpsp/j90/normalized-j9048_3.opb.xz,11
OPT-LIN/normalized-PB26/sergeys/CPMpy_translated_dataset_PB26/psplib/rcpsp/j90/normalized-j9048_4.opb.xz,11
OPT-LIN/normalized-PB26/sergeys/CPMpy_translated_dataset_PB26/psplib/rcpsp/j90/normalized-j9048_5.opb.xz,11
OPT-LIN/normalized-PB26/sergeys/CPMpy_translated_dataset_PB26/psplib/rcpsp/j90/normalized-j9048_6.opb.xz,12
OPT-LIN/normalized-PB26/sergeys/CPMpy_translated_dataset_PB26/psplib/rcpsp/j90/normalized-j9048_7.opb.xz,11
OPT-LIN/normalized-PB26/sergeys/CPMpy_translated_dataset_PB26/psplib/rcpsp/j90/normalized-j9048_8.opb.xz,11
OPT-LIN/normalized-PB26/sergeys/CPMpy_translated_dataset_PB26/psplib/rcpsp/j90/normalized-j9048_9.opb.xz,11
OPT-LIN/normalized-PB26/sergeys/CPMpy_translated_dataset_PB26/psplib/rcpsp/j90/normalized-j904_1.opb.xz,11
OPT-LIN/normalized-PB26/sergeys/CPMpy_translated_dataset_PB26/psplib/rcpsp/j90/normalized-j904_10.opb.xz,11
OPT-LIN/normalized-PB26/sergeys/CPMpy_translated_dataset_PB26/psplib/rcpsp/j90/normalized-j904_2.opb.xz,11
OPT-LIN/normalized-PB26/sergeys/CPMpy_translated_dataset_PB26/psplib/rcpsp/j90/normalized-j904_3.opb.xz,11
OPT-LIN/normalized-PB26/sergeys/CPMpy_translated_dataset_PB26/psplib/rcpsp/j90/normalized-j904_4.opb.xz,11
OPT-LIN/normalized-PB26/sergeys/CPMpy_translated_dataset_PB26/psplib/rcpsp/j90/normalized-j904_5.opb.xz,11
OPT-LIN/normalized-PB26/sergeys/CPMpy_translated_dataset_PB26/psplib/rcpsp/j90/normalized-j904_6.opb.xz,11
OPT-LIN/normalized-PB26/sergeys/CPMpy_translated_dataset_PB26/psplib/rcpsp/j90/normalized-j904_7.opb.xz,12
OPT-LIN/normalized-PB26/sergeys/CPMpy_translated_dataset_PB26/psplib/rcpsp/j90/normalized-j904_8.opb.xz,11
OPT-LIN/normalized-PB26/sergeys/CPMpy_translated_dataset_PB26/psplib/rcpsp/j90/normalized-j904_9.opb.xz,11
OPT-LIN/normalized-PB26/sergeys/CPMpy_translated_dataset_PB26/psplib/rcpsp/j90/normalized-j905_1.opb.xz,11
OPT-LIN/normalized-PB26/sergeys/CPMpy_translated_dataset_PB26/psplib/rcpsp/j90/normalized-j905_10.opb.xz,12
OPT-LIN/normalized-PB26/sergeys/CPMpy_translated_dataset_PB26/psplib/rcpsp/j90/normalized-j905_2.opb.xz,11
OPT-LIN/normalized-PB26/sergeys/CPMpy_translated_dataset_PB26/psplib/rcpsp/j90/normalized-j905_3.opb.xz,11
OPT-LIN/normalized-PB26/sergeys/CPMpy_translated_dataset_PB26/psplib/rcpsp/j90/normalized-j905_4.opb.xz,12
OPT-LIN/normalized-PB26/sergeys/CPMpy_translated_dataset_PB26/psplib/rcpsp/j90/normalized-j905_5.opb.xz,12
OPT-LIN/normalized-PB26/sergeys/CPMpy_translated_dataset_PB26/psplib/rcpsp/j90/normalized-j905_6.opb.xz,11
OPT-LIN/normalized-PB26/sergeys/CPMpy_translated_dataset_PB26/psplib/rcpsp/j90/normalized-j905_7.opb.xz,11
OPT-LIN/normalized-PB26/sergeys/CPMpy_translated_dataset_PB26/psplib/rcpsp/j90/normalized-j905_8.opb.xz,12
OPT-LIN/normalized-PB26/sergeys/CPMpy_translated_dataset_PB26/psplib/rcpsp/j90/normalized-j905_9.opb.xz,11
OPT-LIN/normalized-PB26/sergeys/CPMpy_translated_dataset_PB26/psplib/rcpsp/j90/normalized-j906_1.opb.xz,11
OPT-LIN/normalized-PB26/sergeys/CPMpy_translated_dataset_PB26/psplib/rcpsp/j90/normalized-j906_10.opb.xz,12
OPT-LIN/normalized-PB26/sergeys/CPMpy_translated_dataset_PB26/psplib/rcpsp/j90/normalized-j906_2.opb.xz,11
OPT-LIN/normalized-PB26/sergeys/CPMpy_translated_dataset_PB26/psplib/rcpsp/j90/normalized-j906_3.opb.xz,11
OPT-LIN/normalized-PB26/sergeys/CPMpy_translated_dataset_PB26/psplib/rcpsp/j90/normalized-j906_4.opb.xz,11
OPT-LIN/normalized-PB26/sergeys/CPMpy_translated_dataset_PB26/psplib/rcpsp/j90/normalized-j906_5.opb.xz,11
OPT-LIN/normalized-PB26/sergeys/CPMpy_translated_dataset_PB26/psplib/rcpsp/j90/normalized-j906_6.opb.xz,11
OPT-LIN/normalized-PB26/sergeys/CPMpy_translated_dataset_PB26/psplib/rcpsp/j90/normalized-j906_7.opb.xz,11
OPT-LIN/normalized-PB26/sergeys/CPMpy_translated_dataset_PB26/psplib/rcpsp/j90/normalized-j906_8.opb.xz,11
OPT-LIN/normalized-PB26/sergeys/CPMpy_translated_dataset_PB26/psplib/rcpsp/j90/normalized-j906_9.opb.xz,11
OPT-LIN/normalized-PB26/sergeys/CPMpy_translated_dataset_PB26/psplib/rcpsp/j90/normalized-j907_1.opb.xz,11
OPT-LIN/normalized-PB26/sergeys/CPMpy_translated_dataset_PB26/psplib/rcpsp/j90/normalized-j907_10.opb.xz,12
OPT-LIN/normalized-PB26/sergeys/CPMpy_translated_dataset_PB26/psplib/rcpsp/j90/normalized-j907_2.opb.xz,11
OPT-LIN/normalized-PB26/sergeys/CPMpy_translated_dataset_PB26/psplib/rcpsp/j90/normalized-j907_3.opb.xz,11
OPT-LIN/normalized-PB26/sergeys/CPMpy_translated_dataset_PB26/psplib/rcpsp/j90/normalized-j907_4.opb.xz,11
OPT-LIN/normalized-PB26/sergeys/CPMpy_translated_dataset_PB26/psplib/rcpsp/j90/normalized-j907_5.opb.xz,11
OPT-LIN/normalized-PB26/sergeys/CPMpy_translated_dataset_PB26/psplib/rcpsp/j90/normalized-j907_6.opb.xz,11
OPT-LIN/normalized-PB26/sergeys/CPMpy_translated_dataset_PB26/psplib/rcpsp/j90/normalized-j907_7.opb.xz,11
OPT-LIN/normalized-PB26/sergeys/CPMpy_translated_dataset_PB26/psplib/rcpsp/j90/normalized-j907_8.opb.xz,11
OPT-LIN/normalized-PB26/sergeys/CPMpy_translated_dataset_PB26/psplib/rcpsp/j90/normalized-j907_9.opb.xz,12
OPT-LIN/normalized-PB26/sergeys/CPMpy_translated_dataset_PB26/psplib/rcpsp/j90/normalized-j908_1.opb.xz,12
OPT-LIN/normalized-PB26/sergeys/CPMpy_translated_dataset_PB26/psplib/rcpsp/j90/normalized-j908_10.opb.xz,11
OPT-LIN/normalized-PB26/sergeys/CPMpy_translated_dataset_PB26/psplib/rcpsp/j90/normalized-j908_2.opb.xz,11
OPT-LIN/normalized-PB26/sergeys/CPMpy_translated_dataset_PB26/psplib/rcpsp/j90/normalized-j908_3.opb.xz,11
OPT-LIN/normalized-PB26/sergeys/CPMpy_translated_dataset_PB26/psplib/rcpsp/j90/normalized-j908_4.opb.xz,12
OPT-LIN/normalized-PB26/sergeys/CPMpy_translated_dataset_PB26/psplib/rcpsp/j90/normalized-j908_5.opb.xz,11
OPT-LIN/normalized-PB26/sergeys/CPMpy_translated_dataset_PB26/psplib/rcpsp/j90/normalized-j908_6.opb.xz,11
OPT-LIN/normalized-PB26/sergeys/CPMpy_translated_dataset_PB26/psplib/rcpsp/j90/normalized-j908_7.opb.xz,11
OPT-LIN/normalized-PB26/sergeys/CPMpy_translated_dataset_PB26/psplib/rcpsp/j90/normalized-j908_8.opb.xz,11
OPT-LIN/normalized-PB26/sergeys/CPMpy_translated_dataset_PB26/psplib/rcpsp/j90/normalized-j908_9.opb.xz,12
OPT-LIN/normalized-PB26/sergeys/CPMpy_translated_dataset_PB26/psplib/rcpsp/j90/normalized-j909_1.opb.xz,11
OPT-LIN/normalized-PB26/sergeys/CPMpy_translated_dataset_PB26/psplib/rcpsp/j90/normalized-j909_10.opb.xz,11
OPT-LIN/normalized-PB26/sergeys/CPMpy_translated_dataset_PB26/psplib/rcpsp/j90/normalized-j909_2.opb.xz,12
OPT-LIN/normalized-PB26/sergeys/CPMpy_translated_dataset_PB26/psplib/rcpsp/j90/normalized-j909_3.opb.xz,11
OPT-LIN/normalized-PB26/sergeys/CPMpy_translated_dataset_PB26/psplib/rcpsp/j90/normalized-j909_4.opb.xz,11
OPT-LIN/normalized-PB26/sergeys/CPMpy_translated_dataset_PB26/psplib/rcpsp/j90/normalized-j909_5.opb.xz,11
OPT-LIN/normalized-PB26/sergeys/CPMpy_translated_dataset_PB26/psplib/rcpsp/j90/normalized-j909_6.opb.xz,11
OPT-LIN/normalized-PB26/sergeys/CPMpy_translated_dataset_PB26/psplib/rcpsp/j90/normalized-j909_7.opb.xz,11
OPT-LIN/normalized-PB26/sergeys/CPMpy_translated_dataset_PB26/psplib/rcpsp/j90/normalized-j909_8.opb.xz,11
OPT-LIN/normalized-PB26/sergeys/CPMpy_translated_dataset_PB26/psplib/rcpsp/j90/normalized-j909_9.opb.xz,11
OPT-LIN/normalized-PB26/tanaka/qoblib_marketsplit/normalized-ms_03_050_002.opb.xz,10
OPT-LIN/normalized-PB26/tanaka/qoblib_marketsplit/normalized-ms_03_050_005.opb.xz,10
OPT-LIN/normalized-PB26/tanaka/qoblib_marketsplit/normalized-ms_03_050_007.opb.xz,10
OPT-LIN/normalized-PB26/tanaka/qoblib_marketsplit/normalized-ms_03_050_009.opb.xz,10
OPT-LIN/normalized-PB26/tanaka/qoblib_marketsplit/normalized-ms_03_100_001.opb.xz,11
OPT-LIN/normalized-PB26/tanaka/qoblib_marketsplit/normalized-ms_03_100_012.opb.xz,11
OPT-LIN/normalized-PB26/tanaka/qoblib_marketsplit/normalized-ms_03_100_019.opb.xz,11
OPT-LIN/normalized-PB26/tanaka/qoblib_marketsplit/normalized-ms_03_100_022.opb.xz,11
OPT-LIN/normalized-PB26/tanaka/qoblib_marketsplit/normalized-ms_03_200_050.opb.xz,12
OPT-LIN/normalized-PB26/tanaka/qoblib_marketsplit/normalized-ms_03_200_068.opb.xz,12
OPT-LIN/normalized-PB26/tanaka/qoblib_marketsplit/normalized-ms_03_200_161.opb.xz,12
OPT-LIN/normalized-PB26/tanaka/qoblib_marketsplit/normalized-ms_03_200_177.opb.xz,12
OPT-LIN/normalized-PB26/tanaka/qoblib_marketsplit/normalized-ms_04_050_001.opb.xz,11
OPT-LIN/normalized-PB26/tanaka/qoblib_marketsplit/normalized-ms_04_050_003.opb.xz,11
OPT-LIN/normalized-PB26/tanaka/qoblib_marketsplit/normalized-ms_04_050_004.opb.xz,11
OPT-LIN/normalized-PB26/tanaka/qoblib_marketsplit/normalized-ms_04_050_005.opb.xz,11
OPT-LIN/normalized-PB26/tanaka/qoblib_marketsplit/normalized-ms_04_100_003.opb.xz,12
OPT-LIN/normalized-PB26/tanaka/qoblib_marketsplit/normalized-ms_04_100_009.opb.xz,12
OPT-LIN/normalized-PB26/tanaka/qoblib_marketsplit/normalized-ms_04_100_013.opb.xz,12
OPT-LIN/normalized-PB26/tanaka/qoblib_marketsplit/normalized-ms_04_100_015.opb.xz,12
OPT-LIN/normalized-PB26/tanaka/qoblib_marketsplit/normalized-ms_04_200_030.opb.xz,13
OPT-LIN/normalized-PB26/tanaka/qoblib_marketsplit/normalized-ms_04_200_150.opb.xz,13
OPT-LIN/normalized-PB26/tanaka/qoblib_marketsplit/normalized-ms_04_200_174.opb.xz,13
OPT-LIN/normalized-PB26/tanaka/qoblib_marketsplit/normalized-ms_04_200_176.opb.xz,13
OPT-LIN/normalized-PB26/tanaka/qoblib_marketsplit/normalized-ms_05_050_001.opb.xz,11
OPT-LIN/normalized-PB26/tanaka/qoblib_marketsplit/normalized-ms_05_050_002.opb.xz,11
OPT-LIN/normalized-PB26/tanaka/qoblib_marketsplit/normalized-ms_05_050_003.opb.xz,11
OPT-LIN/normalized-PB26/tanaka/qoblib_marketsplit/normalized-ms_05_050_004.opb.xz,11
OPT-LIN/normalized-PB26/tanaka/qoblib_marketsplit/normalized-ms_05_100_003.opb.xz,12
OPT-LIN/normalized-PB26/tanaka/qoblib_marketsplit/normalized-ms_05_100_006.opb.xz,12
OPT-LIN/normalized-PB26/tanaka/qoblib_marketsplit/normalized-ms_05_100_013.opb.xz,12
OPT-LIN/normalized-PB26/tanaka/qoblib_marketsplit/normalized-ms_05_100_015.opb.xz,12
OPT-LIN/normalized-PB26/tanaka/qoblib_marketsplit/normalized-ms_05_200_070.opb.xz,13
OPT-LIN/normalized-PB26/tanaka/qoblib_marketsplit/normalized-ms_05_200_095.opb.xz,13
OPT-LIN/normalized-PB26/tanaka/qoblib_marketsplit/normalized-ms_05_200_180.opb.xz,13
OPT-LIN/normalized-PB26/tanaka/qoblib_marketsplit/normalized-ms_05_200_199.opb.xz,13
OPT-LIN/normalized-PB26/tanaka/qoblib_marketsplit/normalized-ms_06_050_001.opb.xz,12
OPT-LIN/normalized-PB26/tanaka/qoblib_marketsplit/normalized-ms_06_050_002.opb.xz,12
OPT-LIN/normalized-PB26/tanaka/qoblib_marketsplit/normalized-ms_06_050_003.opb.xz,12
OPT-LIN/normalized-PB26/tanaka/qoblib_marketsplit/normalized-ms_06_050_004.opb.xz,11
OPT-LIN/normalized-PB26/tanaka/qoblib_marketsplit/normalized-ms_06_100_002.opb.xz,13
OPT-LIN/normalized-PB26/tanaka/qoblib_marketsplit/normalized-ms_06_100_003.opb.xz,13
OPT-LIN/normalized-PB26/tanaka/qoblib_marketsplit/normalized-ms_06_100_005.opb.xz,12
OPT-LIN/normalized-PB26/tanaka/qoblib_marketsplit/normalized-ms_06_100_010.opb.xz,12
OPT-LIN/normalized-PB26/tanaka/qoblib_marketsplit/normalized-ms_06_200_077.opb.xz,13
OPT-LIN/normalized-PB26/tanaka/qoblib_marketsplit/normalized-ms_06_200_104.opb.xz,14
OPT-LIN/normalized-PB26/tanaka/qoblib_marketsplit/normalized-ms_06_200_240.opb.xz,14
OPT-LIN/normalized-PB26/tanaka/qoblib_marketsplit/normalized-ms_06_200_289.opb.xz,14
OPT-LIN/normalized-PB26/tanaka/qoblib_marketsplit/normalized-ms_07_050_001.opb.xz,12
OPT-LIN/normalized-PB26/tanaka/qoblib_marketsplit/normalized-ms_07_050_002.opb.xz,12
OPT-LIN/normalized-PB26/tanaka/qoblib_marketsplit/normalized-ms_07_050_003.opb.xz,12
OPT-LIN/normalized-PB26/tanaka/qoblib_marketsplit/normalized-ms_07_050_004.opb.xz,12
OPT-LIN/normalized-PB26/tanaka/qoblib_marketsplit/normalized-ms_07_100_002.opb.xz,13
OPT-LIN/normalized-PB26/tanaka/qoblib_marketsplit/normalized-ms_07_100_003.opb.xz,13
OPT-LIN/normalized-PB26/tanaka/qoblib_marketsplit/normalized-ms_07_100_005.opb.xz,13
OPT-LIN/normalized-PB26/tanaka/qoblib_marketsplit/normalized-ms_07_100_006.opb.xz,13
OPT-LIN/normalized-PB26/tanaka/qoblib_marketsplit/normalized-ms_07_200_248.opb.xz,14
OPT-LIN/normalized-PB26/tanaka/qoblib_marketsplit/normalized-ms_07_200_370.opb.xz,14
OPT-LIN/normalized-PB26/tanaka/qoblib_marketsplit/normalized-ms_07_200_398.opb.xz,14
OPT-LIN/normalized-PB26/tanaka/qoblib_marketsplit/normalized-ms_07_200_500.opb.xz,14
OPT-LIN/normalized-PB26/tanaka/qoblib_marketsplit/normalized-ms_08_050_000.opb.xz,12
OPT-LIN/normalized-PB26/tanaka/qoblib_marketsplit/normalized-ms_08_050_001.opb.xz,12
OPT-LIN/normalized-PB26/tanaka/qoblib_marketsplit/normalized-ms_08_050_002.opb.xz,12
OPT-LIN/normalized-PB26/tanaka/qoblib_marketsplit/normalized-ms_08_050_003.opb.xz,12
OPT-LIN/normalized-PB26/tanaka/qoblib_marketsplit/normalized-ms_08_100_000.opb.xz,13
OPT-LIN/normalized-PB26/tanaka/qoblib_marketsplit/normalized-ms_08_100_001.opb.xz,13
OPT-LIN/normalized-PB26/tanaka/qoblib_marketsplit/normalized-ms_08_100_002.opb.xz,13
OPT-LIN/normalized-PB26/tanaka/qoblib_marketsplit/normalized-ms_08_100_003.opb.xz,13
OPT-LIN/normalized-PB26/tanaka/qoblib_marketsplit/normalized-ms_08_200_000.opb.xz,14
OPT-LIN/normalized-PB26/tanaka/qoblib_marketsplit/normalized-ms_08_200_001.opb.xz,14
OPT-LIN/normalized-PB26/tanaka/qoblib_marketsplit/normalized-ms_08_200_002.opb.xz,14
OPT-LIN/normalized-PB26/tanaka/qoblib_marketsplit/normalized-ms_08_200_003.opb.xz,14
OPT-LIN/normalized-PB26/tanaka/qoblib_marketsplit/normalized-ms_09_050_000.opb.xz,12
OPT-LIN/normalized-PB26/tanaka/qoblib_marketsplit/normalized-ms_09_050_001.opb.xz,12
OPT-LIN/normalized-PB26/tanaka/qoblib_marketsplit/normalized-ms_09_050_002.opb.xz,12
OPT-LIN/normalized-PB26/tanaka/qoblib_marketsplit/normalized-ms_09_050_003.opb.xz,12
OPT-LIN/normalized-PB26/tanaka/qoblib_marketsplit/normalized-ms_09_100_000.opb.xz,13
OPT-LIN/normalized-PB26/tanaka/qoblib_marketsplit/normalized-ms_09_100_001.opb.xz,13
OPT-LIN/normalized-PB26/tanaka/qoblib_marketsplit/normalized-ms_09_100_002.opb.xz,13
OPT-LIN/normalized-PB26/tanaka/qoblib_marketsplit/normalized-ms_09_100_003.opb.xz,13
OPT-LIN/normalized-PB26/tanaka/qoblib_marketsplit/normalized-ms_09_200_000.opb.xz,14
OPT-LIN/normalized-PB26/tanaka/qoblib_marketsplit/normalized-ms_09_200_001.opb.xz,14
OPT-LIN/normalized-PB26/tanaka/qoblib_marketsplit/normalized-ms_09_200_002.opb.xz,14
OPT-LIN/normalized-PB26/tanaka/qoblib_marketsplit/normalized-ms_09_200_003.opb.xz,14
OPT-LIN/normalized-PB26/tanaka/qoblib_marketsplit/normalized-ms_10_050_000.opb.xz,12
OPT-LIN/normalized-PB26/tanaka/qoblib_marketsplit/normalized-ms_10_050_001.opb.xz,12
OPT-LIN/normalized-PB26/tanaka/qoblib_marketsplit/normalized-ms_10_050_002.opb.xz,12
OPT-LIN/normalized-PB26/tanaka/qoblib_marketsplit/normalized-ms_10_050_003.opb.xz,12
OPT-LIN/normalized-PB26/tanaka/qoblib_marketsplit/normalized-ms_10_100_000.opb.xz,13
OPT-LIN/normalized-PB26/tanaka/qoblib_marketsplit/normalized-ms_10_100_001.opb.xz,13
OPT-LIN/normalized-PB26/tanaka/qoblib_marketsplit/normalized-ms_10_100_002.opb.xz,13
OPT-LIN/normalized-PB26/tanaka/qoblib_marketsplit/normalized-ms_10_100_003.opb.xz,13
OPT-LIN/normalized-PB26/tanaka/qoblib_marketsplit/normalized-ms_10_200_000.opb.xz,14
OPT-LIN/normalized-PB26/tanaka/qoblib_marketsplit/normalized-ms_10_200_001.opb.xz,14
OPT-LIN/normalized-PB26/tanaka/qoblib_marketsplit/normalized-ms_10_200_002.opb.xz,14
OPT-LIN/normalized-PB26/tanaka/qoblib_marketsplit/normalized-ms_10_200_003.opb.xz,14
OPT-LIN/normalized-PB26/tanaka/qoblib_marketsplit/normalized-ms_11_050_000.opb.xz,12
OPT-LIN/normalized-PB26/tanaka/qoblib_marketsplit/normalized-ms_11_050_001.opb.xz,12
OPT-LIN/normalized-PB26/tanaka/qoblib_marketsplit/normalized-ms_11_050_002.opb.xz,13
OPT-LIN/normalized-PB26/tanaka/qoblib_marketsplit/normalized-ms_11_050_003.opb.xz,12
OPT-LIN/normalized-PB26/tanaka/qoblib_marketsplit/normalized-ms_11_100_000.opb.xz,13
OPT-LIN/normalized-PB26/tanaka/qoblib_marketsplit/normalized-ms_11_100_001.opb.xz,13
OPT-LIN/normalized-PB26/tanaka/qoblib_marketsplit/normalized-ms_11_100_002.opb.xz,14
OPT-LIN/normalized-PB26/tanaka/qoblib_marketsplit/normalized-ms_11_100_003.opb.xz,13
OPT-LIN/normalized-PB26/tanaka/qoblib_marketsplit/normalized-ms_11_200_000.opb.xz,14
OPT-LIN/normalized-PB26/tanaka/qoblib_marketsplit/normalized-ms_11_200_001.opb.xz,14
OPT-LIN/normalized-PB26/tanaka/qoblib_marketsplit/normalized-ms_11_200_002.opb.xz,15
OPT-LIN/normalized-PB26/tanaka/qoblib_marketsplit/normalized-ms_11_200_003.opb.xz,15
OPT-LIN/normalized-PB26/tanaka/qoblib_marketsplit/normalized-ms_12_050_000.opb.xz,13
OPT-LIN/normalized-PB26/tanaka/qoblib_marketsplit/normalized-ms_12_050_001.opb.xz,13
OPT-LIN/normalized-PB26/tanaka/qoblib_marketsplit/normalized-ms_12_050_002.opb.xz,13
OPT-LIN/normalized-PB26/tanaka/qoblib_marketsplit/normalized-ms_12_050_003.opb.xz,13
OPT-LIN/normalized-PB26/tanaka/qoblib_marketsplit/normalized-ms_12_100_000.opb.xz,14
OPT-LIN/normalized-PB26/tanaka/qoblib_marketsplit/normalized-ms_12_100_001.opb.xz,14
OPT-LIN/normalized-PB26/tanaka/qoblib_marketsplit/normalized-ms_12_100_002.opb.xz,14
OPT-LIN/normalized-PB26/tanaka/qoblib_marketsplit/normalized-ms_12_100_003.opb.xz,14
OPT-LIN/normalized-PB26/tanaka/qoblib_marketsplit/normalized-ms_12_200_000.opb.xz,15
OPT-LIN/normalized-PB26/tanaka/qoblib_marketsplit/normalized-ms_12_200_001.opb.xz,15
OPT-LIN/normalized-PB26/tanaka/qoblib_marketsplit/normalized-ms_12_200_002.opb.xz,15
OPT-LIN/normalized-PB26/tanaka/qoblib_marketsplit/normalized-ms_12_200_003.opb.xz,15
OPT-LIN/normalized-PB26/tanaka/qoblib_marketsplit/normalized-ms_13_050_000.opb.xz,13
OPT-LIN/normalized-PB26/tanaka/qoblib_marketsplit/normalized-ms_13_050_001.opb.xz,13
OPT-LIN/normalized-PB26/tanaka/qoblib_marketsplit/normalized-ms_13_050_002.opb.xz,13
OPT-LIN/normalized-PB26/tanaka/qoblib_marketsplit/normalized-ms_13_050_003.opb.xz,13
OPT-LIN/normalized-PB26/tanaka/qoblib_marketsplit/normalized-ms_13_100_000.opb.xz,14
OPT-LIN/normalized-PB26/tanaka/qoblib_marketsplit/normalized-ms_13_100_001.opb.xz,14
OPT-LIN/normalized-PB26/tanaka/qoblib_marketsplit/normalized-ms_13_100_002.opb.xz,14
OPT-LIN/normalized-PB26/tanaka/qoblib_marketsplit/normalized-ms_13_100_003.opb.xz,14
OPT-LIN/normalized-PB26/tanaka/qoblib_marketsplit/normalized-ms_13_200_000.opb.xz,15
OPT-LIN/normalized-PB26/tanaka/qoblib_marketsplit/normalized-ms_13_200_001.opb.xz,15
OPT-LIN/normalized-PB26/tanaka/qoblib_marketsplit/normalized-ms_13_200_002.opb.xz,15
OPT-LIN/normalized-PB26/tanaka/qoblib_marketsplit/normalized-ms_13_200_003.opb.xz,15
OPT-LIN/normalized-PB26/tanaka/qoblib_marketsplit/normalized-ms_14_050_000.opb.xz,13
OPT-LIN/normalized-PB26/tanaka/qoblib_marketsplit/normalized-ms_14_050_001.opb.xz,13
OPT-LIN/normalized-PB26/tanaka/qoblib_marketsplit/normalized-ms_14_050_002.opb.xz,13
OPT-LIN/normalized-PB26/tanaka/qoblib_marketsplit/normalized-ms_14_050_003.opb.xz,13
OPT-LIN/normalized-PB26/tanaka/qoblib_marketsplit/normalized-ms_14_100_000.opb.xz,14
OPT-LIN/normalized-PB26/tanaka/qoblib_marketsplit/normalized-ms_14_100_001.opb.xz,14
OPT-LIN/normalized-PB26/tanaka/qoblib_marketsplit/normalized-ms_14_100_002.opb.xz,14
OPT-LIN/normalized-PB26/tanaka/qoblib_marketsplit/normalized-ms_14_100_003.opb.xz,14
OPT-LIN/normalized-PB26/tanaka/qoblib_marketsplit/normalized-ms_14_200_000.opb.xz,15
OPT-LIN/normalized-PB26/tanaka/qoblib_marketsplit/normalized-ms_14_200_001.opb.xz,15
OPT-LIN/normalized-PB26/tanaka/qoblib_marketsplit/normalized-ms_14_200_002.opb.xz,15
OPT-LIN/normalized-PB26/tanaka/qoblib_marketsplit/normalized-ms_14_200_003.opb.xz,15
OPT-LIN/normalized-PB26/tanaka/qoblib_marketsplit/normalized-ms_15_050_000.opb.xz,13
OPT-LIN/normalized-PB26/tanaka/qoblib_marketsplit/normalized-ms_15_050_001.opb.xz,13
OPT-LIN/normalized-PB26/tanaka/qoblib_marketsplit/normalized-ms_15_050_002.opb.xz,13
OPT-LIN/normalized-PB26/tanaka/qoblib_marketsplit/normalized-ms_15_050_003.opb.xz,13
OPT-LIN/normalized-PB26/tanaka/qoblib_marketsplit/normalized-ms_15_100_000.opb.xz,14
OPT-LIN/normalized-PB26/tanaka/qoblib_marketsplit/normalized-ms_15_100_001.opb.xz,14
OPT-LIN/normalized-PB26/tanaka/qoblib_marketsplit/normalized-ms_15_100_002.opb.xz,14
OPT-LIN/normalized-PB26/tanaka/qoblib_marketsplit/normalized-ms_15_100_003.opb.xz,14
OPT-LIN/normalized-PB26/tanaka/qoblib_marketsplit/normalized-ms_15_200_000.opb.xz,15
OPT-LIN/normalized-PB26/tanaka/qoblib_marketsplit/normalized-ms_15_200_001.opb.xz,15
OPT-LIN/normalized-PB26/tanaka/qoblib_marketsplit/normalized-ms_15_200_002.opb.xz,15
OPT-LIN/normalized-PB26/tanaka/qoblib_marketsplit/normalized-ms_15_200_003.opb.xz,15
