path,intsize
DEC-LIN/normalized-PB10/leberre/opb-paranoid/misc2010/datasets/caixa/normalized-1096.cudf.paranoid.opb.xz,2
DEC-LIN/normalized-PB10/oliveras/j120/normalized-j12010_1-sat.opb.xz,9
DEC-LIN/normalized-PB10/oliveras/j120/normalized-j12010_1-unsat.opb.xz,9
DEC-LIN/normalized-PB10/oliveras/j120/normalized-j12010_10-sat.opb.xz,9
DEC-LIN/normalized-PB10/oliveras/j120/normalized-j12010_10-unsat.opb.xz,9
DEC-LIN/normalized-PB10/oliveras/j120/normalized-j12010_2-sat.opb.xz,9
DEC-LIN/normalized-PB10/oliveras/j120/normalized-j12010_2-unsat.opb.xz,9
DEC-LIN/normalized-PB10/oliveras/j120/normalized-j12010_3-sat.opb.xz,9
DEC-LIN/normalized-PB10/oliveras/j120/normalized-j12010_3-unsat.opb.xz,9
DEC-LIN/normalized-PB10/oliveras/j120/normalized-j12010_4-sat.opb.xz,9
DEC-LIN/normalized-PB10/oliveras/j120/normalized-j12010_4-unsat.opb.xz,9
DEC-LIN/normalized-PB10/oliveras/j120/normalized-j12010_5-sat.opb.xz,9
DEC-LIN/normalized-PB10/oliveras/j120/normalized-j12010_5-unsat.opb.xz,9
DEC-LIN/normalized-PB10/oliveras/j120/normalized-j12010_6-sat.opb.xz,9
DEC-LIN/normalized-PB10/oliveras/j120/normalized-j12010_6-unsat.opb.xz,9
DEC-LIN/normalized-PB10/oliveras/j120/normalized-j12010_7-sat.opb.xz,9
DEC-LIN/normalized-PB10/oliveras/j120/normalized-j12010_7-unsat.opb.xz,9
DEC-LIN/normalized-PB10/oliveras/j120/normalized-j12010_8-sat.opb.xz,9
DEC-LIN/normalized-PB10/oliveras/j120/normalized-j12010_8-unsat.opb.xz,9
DEC-LIN/normalized-PB10/oliveras/j120/normalized-j12010_9-sat.opb.xz,9
DEC-LIN/normalized-PB10/oliveras/j120/normalized-j12010_9-unsat.opb.xz,9
DEC-LIN/normalized-PB10/oliveras/j120/normalized-j12011_1-sat.opb.xz,10
DEC-LIN/normalized-PB10/oliveras/j120/normalized-j12011_1-unsat.opb.xz,10
DEC-LIN/normalized-PB10/oliveras/j120/normalized-j12011_10-sat.opb.xz,10
DEC-LIN/normalized-PB10/oliveras/j120/normalized-j12011_10-unsat.opb.xz,10
DEC-LIN/normalized-PB10/oliveras/j120/normalized-j12011_2-sat.opb.xz,10
DEC-LIN/normalized-PB10/oliveras/j120/normalized-j12011_2-unsat.opb.xz,10
DEC-LIN/normalized-PB10/oliveras/j120/normalized-j12011_3-sat.opb.xz,10
DEC-LIN/normalized-PB10/oliveras/j120/normalized-j12011_3-unsat.opb.xz,10
DEC-LIN/normalized-PB10/oliveras/j120/normalized-j12011_4-sat.opb.xz,10
DEC-LIN/normalized-PB10/oliveras/j120/normalized-j12011_4-unsat.opb.xz,10
DEC-LIN/normalized-PB10/oliveras/j120/normalized-j12011_5-sat.opb.xz,10
DEC-LIN/normalized-PB10/oliveras/j120/normalized-j12011_5-unsat.opb.xz,10
DEC-LIN/normalized-PB10/oliveras/j120/normalized-j12011_6-sat.opb.xz,10
DEC-LIN/normalized-PB10/oliveras/j120/normalized-j12011_6-unsat.opb.xz,10
DEC-LIN/normalized-PB10/oliveras/j120/normalized-j12011_7-sat.opb.xz,10
DEC-LIN/normalized-PB10/oliveras/j120/normalized-j12011_7-unsat.opb.xz,10
DEC-LIN/normalized-PB10/oliveras/j120/normalized-j12011_8-sat.opb.xz,10
DEC-LIN/normalized-PB10/oliveras/j120/normalized-j12011_8-unsat.opb.xz,10
DEC-LIN/normalized-PB10/oliveras/j120/normalized-j12011_9-sat.opb.xz,10
DEC-LIN/normalized-PB10/oliveras/j120/normalized-j12011_9-unsat.opb.xz,10
DEC-LIN/normalized-PB10/oliveras/j120/normalized-j12012_1-sat.opb.xz,10
DEC-LIN/normalized-PB10/oliveras/j120/normalized-j12012_1-unsat.opb.xz,10
DEC-LIN/normalized-PB10/oliveras/j120/normalized-j12012_10-sat.opb.xz,10
DEC-LIN/normalized-PB10/oliveras/j120/normalized-j12012_10-unsat.opb.xz,10
DEC-LIN/normalized-PB10/oliveras/j120/normalized-j12012_2-sat.opb.xz,10
DEC-LIN/normalized-PB10/oliveras/j120/normalized-j12012_2-unsat.opb.xz,10
DEC-LIN/normalized-PB10/oliveras/j120/normalized-j12012_3-sat.opb.xz,10
DEC-LIN/normalized-PB10/oliveras/j120/normalized-j12012_3-unsat.opb.xz,10
DEC-LIN/normalized-PB10/oliveras/j120/normalized-j12012_4-sat.opb.xz,10
DEC-LIN/normalized-PB10/oliveras/j120/normalized-j12012_4-unsat.opb.xz,10
DEC-LIN/normalized-PB10/oliveras/j120/normalized-j12012_5-sat.opb.xz,10
DEC-LIN/normalized-PB10/oliveras/j120/normalized-j12012_5-unsat.opb.xz,10
DEC-LIN/normalized-PB10/oliveras/j120/normalized-j12012_6-sat.opb.xz,10
DEC-LIN/normalized-PB10/oliveras/j120/normalized-j12012_6-unsat.opb.xz,10
DEC-LIN/normalized-PB10/oliveras/j120/normalized-j12012_7-sat.opb.xz,10
DEC-LIN/normalized-PB10/oliveras/j120/normalized-j12012_7-unsat.opb.xz,10
DEC-LIN/normalized-PB10/oliveras/j120/normalized-j12012_8-sat.opb.xz,10
DEC-LIN/normalized-PB10/oliveras/j120/normalized-j12012_8-unsat.opb.xz,10
DEC-LIN/normalized-PB10/oliveras/j120/normalized-j12012_9-sat.opb.xz,10
DEC-LIN/normalized-PB10/oliveras/j120/normalized-j12012_9-unsat.opb.xz,10
DEC-LIN/normalized-PB10/oliveras/j120/normalized-j12013_1-sat.opb.xz,10
DEC-LIN/normalized-PB10/oliveras/j120/normalized-j12013_1-unsat.opb.xz,10
DEC-LIN/normalized-PB10/oliveras/j120/normalized-j12013_10-sat.opb.xz,10
DEC-LIN/normalized-PB10/oliveras/j120/normalized-j12013_10-unsat.opb.xz,10
DEC-LIN/normalized-PB10/oliveras/j120/normalized-j12013_2-sat.opb.xz,10
DEC-LIN/normalized-PB10/oliveras/j120/normalized-j12013_2-unsat.opb.xz,10
DEC-LIN/normalized-PB10/oliveras/j120/normalized-j12013_3-sat.opb.xz,10
DEC-LIN/normalized-PB10/oliveras/j120/normalized-j12013_3-unsat.opb.xz,10
DEC-LIN/normalized-PB10/oliveras/j120/normalized-j12013_4-sat.opb.xz,10
DEC-LIN/normalized-PB10/oliveras/j120/normalized-j12013_4-unsat.opb.xz,10
DEC-LIN/normalized-PB10/oliveras/j120/normalized-j12013_5-sat.opb.xz,10
DEC-LIN/normalized-PB10/oliveras/j120/normalized-j12013_5-unsat.opb.xz,10
DEC-LIN/normalized-PB10/oliveras/j120/normalized-j12013_6-sat.opb.xz,10
DEC-LIN/normalized-PB10/oliveras/j120/normalized-j12013_6-unsat.opb.xz,10
DEC-LIN/normalized-PB10/oliveras/j120/normalized-j12013_7-sat.opb.xz,10
DEC-LIN/normalized-PB10/oliveras/j120/normalized-j12013_7-unsat.opb.xz,10
DEC-LIN/normalized-PB10/oliveras/j120/normalized-j12013_8-sat.opb.xz,10
DEC-LIN/normalized-PB10/oliveras/j120/normalized-j12013_8-unsat.opb.xz,10
DEC-LIN/normalized-PB10/oliveras/j120/normalized-j12013_9-sat.opb.xz,10
DEC-LIN/normalized-PB10/oliveras/j120/normalized-j12013_9-unsat.opb.xz,10
DEC-LIN/normalized-PB10/oliveras/j120/normalized-j12014_1-sat.opb.xz,10
DEC-LIN/normalized-PB10/oliveras/j120/normalized-j12014_1-unsat.opb.xz,10
DEC-LIN/normalized-PB10/oliveras/j120/normalized-j12014_10-sat.opb.xz,10
DEC-LIN/normalized-PB10/oliveras/j120/normalized-j12014_10-unsat.opb.xz,10
DEC-LIN/normalized-PB10/oliveras/j120/normalized-j12014_2-sat.opb.xz,10
DEC-LIN/normalized-PB10/oliveras/j120/normalized-j12014_2-unsat.opb.xz,10
DEC-LIN/normalized-PB10/oliveras/j120/normalized-j12014_3-sat.opb.xz,10
DEC-LIN/normalized-PB10/oliveras/j120/normalized-j12014_3-unsat.opb.xz,10
DEC-LIN/normalized-PB10/oliveras/j120/normalized-j12014_4-sat.opb.xz,10
DEC-LIN/normalized-PB10/oliveras/j120/normalized-j12014_4-unsat.opb.xz,10
DEC-LIN/normalized-PB10/oliveras/j120/normalized-j12014_5-sat.opb.xz,10
DEC-LIN/normalized-PB10/oliveras/j120/normalized-j12014_5-unsat.opb.xz,10
DEC-LIN/normalized-PB10/oliveras/j120/normalized-j12014_6-sat.opb.xz,10
DEC-LIN/normalized-PB10/oliveras/j120/normalized-j12014_6-unsat.opb.xz,10
DEC-LIN/normalized-PB10/oliveras/j120/normalized-j12014_7-sat.opb.xz,10
DEC-LIN/normalized-PB10/oliveras/j120/normalized-j12014_7-unsat.opb.xz,10
DEC-LIN/normalized-PB10/oliveras/j120/normalized-j12014_8-sat.opb.xz,10
DEC-LIN/normalized-PB10/oliveras/j120/normalized-j12014_8-unsat.opb.xz,10
DEC-LIN/normalized-PB10/oliveras/j120/normalized-j12014_9-sat.opb.xz,10
DEC-LIN/normalized-PB10/oliveras/j120/normalized-j12014_9-unsat.opb.xz,10
DEC-LIN/normalized-PB10/oliveras/j120/normalized-j12015_1-sat.opb.xz,10
DEC-LIN/normalized-PB10/oliveras/j120/normalized-j12015_1-unsat.opb.xz,10
DEC-LIN/normalized-PB10/oliveras/j120/normalized-j12015_10-sat.opb.xz,10
DEC-LIN/normalized-PB10/oliveras/j120/normalized-j12015_10-unsat.opb.xz,10
DEC-LIN/normalized-PB10/oliveras/j120/normalized-j12015_2-sat.opb.xz,10
DEC-LIN/normalized-PB10/oliveras/j120/normalized-j12015_2-unsat.opb.xz,10
DEC-LIN/normalized-PB10/oliveras/j120/normalized-j12015_3-sat.opb.xz,10
DEC-LIN/normalized-PB10/oliveras/j120/normalized-j12015_3-unsat.opb.xz,10
DEC-LIN/normalized-PB10/oliveras/j120/normalized-j12015_4-sat.opb.xz,10
DEC-LIN/normalized-PB10/oliveras/j120/normalized-j12015_4-unsat.opb.xz,10
DEC-LIN/normalized-PB10/oliveras/j120/normalized-j12015_5-sat.opb.xz,10
DEC-LIN/normalized-PB10/oliveras/j120/normalized-j12015_5-unsat.opb.xz,10
DEC-LIN/normalized-PB10/oliveras/j120/normalized-j12015_6-sat.opb.xz,10
DEC-LIN/normalized-PB10/oliveras/j120/normalized-j12015_6-unsat.opb.xz,10
DEC-LIN/normalized-PB10/oliveras/j120/normalized-j12015_7-sat.opb.xz,10
DEC-LIN/normalized-PB10/oliveras/j120/normalized-j12015_7-unsat.opb.xz,10
DEC-LIN/normalized-PB10/oliveras/j120/normalized-j12015_8-sat.opb.xz,10
DEC-LIN/normalized-PB10/oliveras/j120/normalized-j12015_8-unsat.opb.xz,10
DEC-LIN/normalized-PB10/oliveras/j120/normalized-j12015_9-sat.opb.xz,10
DEC-LIN/normalized-PB10/oliveras/j120/normalized-j12015_9-unsat.opb.xz,10
DEC-LIN/normalized-PB10/oliveras/j120/normalized-j12016_1-sat.opb.xz,10
DEC-LIN/normalized-PB10/oliveras/j120/normalized-j12016_1-unsat.opb.xz,10
DEC-LIN/normalized-PB10/oliveras/j120/normalized-j12016_10-sat.opb.xz,10
DEC-LIN/normalized-PB10/oliveras/j120/normalized-j12016_10-unsat.opb.xz,10
DEC-LIN/normalized-PB10/oliveras/j120/normalized-j12016_2-sat.opb.xz,10
DEC-LIN/normalized-PB10/oliveras/j120/normalized-j12016_2-unsat.opb.xz,10
DEC-LIN/normalized-PB10/oliveras/j120/normalized-j12016_3-sat.opb.xz,10
DEC-LIN/normalized-PB10/oliveras/j120/normalized-j12016_3-unsat.opb.xz,10
DEC-LIN/normalized-PB10/oliveras/j120/normalized-j12016_4-sat.opb.xz,10
DEC-LIN/normalized-PB10/oliveras/j120/normalized-j12016_4-unsat.opb.xz,10
DEC-LIN/normalized-PB10/oliveras/j120/normalized-j12016_5-sat.opb.xz,10
DEC-LIN/normalized-PB10/oliveras/j120/normalized-j12016_5-unsat.opb.xz,10
DEC-LIN/normalized-PB10/oliveras/j120/normalized-j12016_6-sat.opb.xz,10
DEC-LIN/normalized-PB10/oliveras/j120/normalized-j12016_6-unsat.opb.xz,10
DEC-LIN/normalized-PB10/oliveras/j120/normalized-j12016_7-sat.opb.xz,10
DEC-LIN/normalized-PB10/oliveras/j120/normalized-j12016_7-unsat.opb.xz,10
DEC-LIN/normalized-PB10/oliveras/j120/normalized-j12016_8-sat.opb.xz,10
DEC-LIN/normalized-PB10/oliveras/j120/normalized-j12016_8-unsat.opb.xz,10
DEC-LIN/normalized-PB10/oliveras/j120/normalized-j12016_9-sat.opb.xz,10
DEC-LIN/normalized-PB10/oliveras/j120/normalized-j12016_9-unsat.opb.xz,10
DEC-LIN/normalized-PB10/oliveras/j120/normalized-j12017_1-sat.opb.xz,10
DEC-LIN/normalized-PB10/oliveras/j120/normalized-j12017_1-unsat.opb.xz,10
DEC-LIN/normalized-PB10/oliveras/j120/normalized-j12017_10-sat.opb.xz,10
DEC-LIN/normalized-PB10/oliveras/j120/normalized-j12017_10-unsat.opb.xz,10
DEC-LIN/normalized-PB10/oliveras/j120/normalized-j12017_2-sat.opb.xz,10
DEC-LIN/normalized-PB10/oliveras/j120/normalized-j12017_2-unsat.opb.xz,10
DEC-LIN/normalized-PB10/oliveras/j120/normalized-j12017_3-sat.opb.xz,10
DEC-LIN/normalized-PB10/oliveras/j120/normalized-j12017_3-unsat.opb.xz,10
DEC-LIN/normalized-PB10/oliveras/j120/normalized-j12017_4-sat.opb.xz,10
DEC-LIN/normalized-PB10/oliveras/j120/normalized-j12017_4-unsat.opb.xz,10
DEC-LIN/normalized-PB10/oliveras/j120/normalized-j12017_5-sat.opb.xz,10
DEC-LIN/normalized-PB10/oliveras/j120/normalized-j12017_5-unsat.opb.xz,10
DEC-LIN/normalized-PB10/oliveras/j120/normalized-j12017_6-sat.opb.xz,10
DEC-LIN/normalized-PB10/oliveras/j120/normalized-j12017_6-unsat.opb.xz,10
DEC-LIN/normalized-PB10/oliveras/j120/normalized-j12017_7-sat.opb.xz,10
DEC-LIN/normalized-PB10/oliveras/j120/normalized-j12017_7-unsat.opb.xz,10
DEC-LIN/normalized-PB10/oliveras/j120/normalized-j12017_8-sat.opb.xz,10
DEC-LIN/normalized-PB10/oliveras/j120/normalized-j12017_8-unsat.opb.xz,10
DEC-LIN/normalized-PB10/oliveras/j120/normalized-j12017_9-sat.opb.xz,10
DEC-LIN/normalized-PB10/oliveras/j120/normalized-j12017_9-unsat.opb.xz,10
DEC-LIN/normalized-PB10/oliveras/j120/normalized-j12018_1-sat.opb.xz,10
DEC-LIN/normalized-PB10/oliveras/j120/normalized-j12018_1-unsat.opb.xz,10
DEC-LIN/normalized-PB10/oliveras/j120/normalized-j12018_10-sat.opb.xz,10
DEC-LIN/normalized-PB10/oliveras/j120/normalized-j12018_10-unsat.opb.xz,10
DEC-LIN/normalized-PB10/oliveras/j120/normalized-j12018_2-sat.opb.xz,10
DEC-LIN/normalized-PB10/oliveras/j120/normalized-j12018_2-unsat.opb.xz,10
DEC-LIN/normalized-PB10/oliveras/j120/normalized-j12018_3-sat.opb.xz,10
DEC-LIN/normalized-PB10/oliveras/j120/normalized-j12018_3-unsat.opb.xz,10
DEC-LIN/normalized-PB10/oliveras/j120/normalized-j12018_4-sat.opb.xz,10
DEC-LIN/normalized-PB10/oliveras/j120/normalized-j12018_4-unsat.opb.xz,10
DEC-LIN/normalized-PB10/oliveras/j120/normalized-j12018_5-sat.opb.xz,10
DEC-LIN/normalized-PB10/oliveras/j120/normalized-j12018_5-unsat.opb.xz,10
DEC-LIN/normalized-PB10/oliveras/j120/normalized-j12018_6-sat.opb.xz,10
DEC-LIN/normalized-PB10/oliveras/j120/normalized-j12018_6-unsat.opb.xz,10
DEC-LIN/normalized-PB10/oliveras/j120/normalized-j12018_7-sat.opb.xz,10
DEC-LIN/normalized-PB10/oliveras/j120/normalized-j12018_7-unsat.opb.xz,10
DEC-LIN/normalized-PB10/oliveras/j120/normalized-j12018_8-sat.opb.xz,10
DEC-LIN/normalized-PB10/oliveras/j120/normalized-j12018_8-unsat.opb.xz,10
DEC-LIN/normalized-PB10/oliveras/j120/normalized-j12018_9-sat.opb.xz,10
DEC-LIN/normalized-PB10/oliveras/j120/normalized-j12018_9-unsat.opb.xz,10
DEC-LIN/normalized-PB10/oliveras/j120/normalized-j12019_1-sat.opb.xz,10
DEC-LIN/normalized-PB10/oliveras/j120/normalized-j12019_1-unsat.opb.xz,10
DEC-LIN/normalized-PB10/oliveras/j120/normalized-j12019_10-sat.opb.xz,10
DEC-LIN/normalized-PB10/oliveras/j120/normalized-j12019_10-unsat.opb.xz,10
DEC-LIN/normalized-PB10/oliveras/j120/normalized-j12019_2-sat.opb.xz,10
DEC-LIN/normalized-PB10/oliveras/j120/normalized-j12019_2-unsat.opb.xz,10
DEC-LIN/normalized-PB10/oliveras/j120/normalized-j12019_3-sat.opb.xz,10
DEC-LIN/normalized-PB10/oliveras/j120/normalized-j12019_3-unsat.opb.xz,10
DEC-LIN/normalized-PB10/oliveras/j120/normalized-j12019_4-sat.opb.xz,10
DEC-LIN/normalized-PB10/oliveras/j120/normalized-j12019_4-unsat.opb.xz,10
DEC-LIN/normalized-PB10/oliveras/j120/normalized-j12019_5-sat.opb.xz,10
DEC-LIN/normalized-PB10/oliveras/j120/normalized-j12019_5-unsat.opb.xz,10
DEC-LIN/normalized-PB10/oliveras/j120/normalized-j12019_6-sat.opb.xz,10
DEC-LIN/normalized-PB10/oliveras/j120/normalized-j12019_6-unsat.opb.xz,10
DEC-LIN/normalized-PB10/oliveras/j120/normalized-j12019_7-sat.opb.xz,10
DEC-LIN/normalized-PB10/oliveras/j120/normalized-j12019_7-unsat.opb.xz,10
DEC-LIN/normalized-PB10/oliveras/j120/normalized-j12019_8-sat.opb.xz,10
DEC-LIN/normalized-PB10/oliveras/j120/normalized-j12019_8-unsat.opb.xz,10
DEC-LIN/normalized-PB10/oliveras/j120/normalized-j12019_9-sat.opb.xz,10
DEC-LIN/normalized-PB10/oliveras/j120/normalized-j12019_9-unsat.opb.xz,10
DEC-LIN/normalized-PB10/oliveras/j120/normalized-j1201_1-sat.opb.xz,8
DEC-LIN/normalized-PB10/oliveras/j120/normalized-j1201_1-unsat.opb.xz,8
DEC-LIN/normalized-PB10/oliveras/j120/normalized-j1201_10-sat.opb.xz,8
DEC-LIN/normalized-PB10/oliveras/j120/normalized-j1201_10-unsat.opb.xz,8
DEC-LIN/normalized-PB10/oliveras/j120/normalized-j1201_2-sat.opb.xz,8
DEC-LIN/normalized-PB10/oliveras/j120/normalized-j1201_2-unsat.opb.xz,8
DEC-LIN/normalized-PB10/oliveras/j120/normalized-j1201_3-sat.opb.xz,8
DEC-LIN/normalized-PB10/oliveras/j120/normalized-j1201_3-unsat.opb.xz,8
DEC-LIN/normalized-PB10/oliveras/j120/normalized-j1201_4-sat.opb.xz,8
DEC-LIN/normalized-PB10/oliveras/j120/normalized-j1201_4-unsat.opb.xz,8
DEC-LIN/normalized-PB10/oliveras/j120/normalized-j1201_5-sat.opb.xz,8
DEC-LIN/normalized-PB10/oliveras/j120/normalized-j1201_5-unsat.opb.xz,8
DEC-LIN/normalized-PB10/oliveras/j120/normalized-j1201_6-sat.opb.xz,8
DEC-LIN/normalized-PB10/oliveras/j120/normalized-j1201_6-unsat.opb.xz,8
DEC-LIN/normalized-PB10/oliveras/j120/normalized-j1201_7-sat.opb.xz,8
DEC-LIN/normalized-PB10/oliveras/j120/normalized-j1201_7-unsat.opb.xz,8
DEC-LIN/normalized-PB10/oliveras/j120/normalized-j1201_8-sat.opb.xz,8
DEC-LIN/normalized-PB10/oliveras/j120/normalized-j1201_8-unsat.opb.xz,8
DEC-LIN/normalized-PB10/oliveras/j120/normalized-j1201_9-sat.opb.xz,8
DEC-LIN/normalized-PB10/oliveras/j120/normalized-j1201_9-unsat.opb.xz,8
DEC-LIN/normalized-PB10/oliveras/j120/normalized-j12020_1-sat.opb.xz,10
DEC-LIN/normalized-PB10/oliveras/j120/normalized-j12020_1-unsat.opb.xz,10
DEC-LIN/normalized-PB10/oliveras/j120/normalized-j12020_10-sat.opb.xz,10
DEC-LIN/normalized-PB10/oliveras/j120/normalized-j12020_10-unsat.opb.xz,10
DEC-LIN/normalized-PB10/oliveras/j120/normalized-j12020_2-sat.opb.xz,10
DEC-LIN/normalized-PB10/oliveras/j120/normalized-j12020_2-unsat.opb.xz,10
DEC-LIN/normalized-PB10/oliveras/j120/normalized-j12020_3-sat.opb.xz,10
DEC-LIN/normalized-PB10/oliveras/j120/normalized-j12020_3-unsat.opb.xz,10
DEC-LIN/normalized-PB10/oliveras/j120/normalized-j12020_4-sat.opb.xz,10
DEC-LIN/normalized-PB10/oliveras/j120/normalized-j12020_4-unsat.opb.xz,10
DEC-LIN/normalized-PB10/oliveras/j120/normalized-j12020_5-sat.opb.xz,10
DEC-LIN/normalized-PB10/oliveras/j120/normalized-j12020_5-unsat.opb.xz,10
DEC-LIN/normalized-PB10/oliveras/j120/normalized-j12020_6-sat.opb.xz,10
DEC-LIN/normalized-PB10/oliveras/j120/normalized-j12020_6-unsat.opb.xz,10
DEC-LIN/normalized-PB10/oliveras/j120/normalized-j12020_7-sat.opb.xz,10
DEC-LIN/normalized-PB10/oliveras/j120/normalized-j12020_7-unsat.opb.xz,10
DEC-LIN/normalized-PB10/oliveras/j120/normalized-j12020_8-sat.opb.xz,10
DEC-LIN/normalized-PB10/oliveras/j120/normalized-j12020_8-unsat.opb.xz,10
DEC-LIN/normalized-PB10/oliveras/j120/normalized-j12020_9-sat.opb.xz,10
DEC-LIN/normalized-PB10/oliveras/j120/normalized-j12020_9-unsat.opb.xz,10
DEC-LIN/normalized-PB10/oliveras/j120/normalized-j12021_1-sat.opb.xz,8
DEC-LIN/normalized-PB10/oliveras/j120/normalized-j12021_1-unsat.opb.xz,8
DEC-LIN/normalized-PB10/oliveras/j120/normalized-j12021_10-sat.opb.xz,8
DEC-LIN/normalized-PB10/oliveras/j120/normalized-j12021_10-unsat.opb.xz,8
DEC-LIN/normalized-PB10/oliveras/j120/normalized-j12021_2-sat.opb.xz,8
DEC-LIN/normalized-PB10/oliveras/j120/normalized-j12021_2-unsat.opb.xz,8
DEC-LIN/normalized-PB10/oliveras/j120/normalized-j12021_3-sat.opb.xz,8
DEC-LIN/normalized-PB10/oliveras/j120/normalized-j12021_3-unsat.opb.xz,8
DEC-LIN/normalized-PB10/oliveras/j120/normalized-j12021_4-sat.opb.xz,8
DEC-LIN/normalized-PB10/oliveras/j120/normalized-j12021_4-unsat.opb.xz,8
DEC-LIN/normalized-PB10/oliveras/j120/normalized-j12021_5-sat.opb.xz,8
DEC-LIN/normalized-PB10/oliveras/j120/normalized-j12021_5-unsat.opb.xz,8
DEC-LIN/normalized-PB10/oliveras/j120/normalized-j12021_6-sat.opb.xz,8
DEC-LIN/normalized-PB10/oliveras/j120/normalized-j12021_6-unsat.opb.xz,8
DEC-LIN/normalized-PB10/oliveras/j120/normalized-j12021_7-sat.opb.xz,8
DEC-LIN/normalized-PB10/oliveras/j120/normalized-j12021_7-unsat.opb.xz,8
DEC-LIN/normalized-PB10/oliveras/j120/normalized-j12021_8-sat.opb.xz,8
DEC-LIN/normalized-PB10/oliveras/j120/normalized-j12021_8-unsat.opb.xz,8
DEC-LIN/normalized-PB10/oliveras/j120/normalized-j12021_9-sat.opb.xz,8
DEC-LIN/normalized-PB10/oliveras/j120/normalized-j12021_9-unsat.opb.xz,8
DEC-LIN/normalized-PB10/oliveras/j120/normalized-j12022_1-sat.opb.xz,8
DEC-LIN/normalized-PB10/oliveras/j120/normalized-j12022_1-unsat.opb.xz,8
DEC-LIN/normalized-PB10/oliveras/j120/normalized-j12022_10-sat.opb.xz,8
DEC-LIN/normalized-PB10/oliveras/j120/normalized-j12022_10-unsat.opb.xz,8
DEC-LIN/normalized-PB10/oliveras/j120/normalized-j12022_2-sat.opb.xz,9
DEC-LIN/normalized-PB10/oliveras/j120/normalized-j12022_2-unsat.opb.xz,9
DEC-LIN/normalized-PB10/oliveras/j120/normalized-j12022_3-sat.opb.xz,8
DEC-LIN/normalized-PB10/oliveras/j120/normalized-j12022_3-unsat.opb.xz,8
DEC-LIN/normalized-PB10/oliveras/j120/normalized-j12022_4-sat.opb.xz,8
DEC-LIN/normalized-PB10/oliveras/j120/normalized-j12022_4-unsat.opb.xz,8
DEC-LIN/normalized-PB10/oliveras/j120/normalized-j12022_5-sat.opb.xz,8
DEC-LIN/normalized-PB10/oliveras/j120/normalized-j12022_5-unsat.opb.xz,8
DEC-LIN/normalized-PB10/oliveras/j120/normalized-j12022_6-sat.opb.xz,8
DEC-LIN/normalized-PB10/oliveras/j120/normalized-j12022_6-unsat.opb.xz,8
DEC-LIN/normalized-PB10/oliveras/j120/normalized-j12022_7-sat.opb.xz,8
DEC-LIN/normalized-PB10/oliveras/j120/normalized-j12022_7-unsat.opb.xz,8
DEC-LIN/normalized-PB10/oliveras/j120/normalized-j12022_8-sat.opb.xz,8
DEC-LIN/normalized-PB10/oliveras/j120/normalized-j12022_8-unsat.opb.xz,8
DEC-LIN/normalized-PB10/oliveras/j120/normalized-j12022_9-sat.opb.xz,8
DEC-LIN/normalized-PB10/oliveras/j120/normalized-j12022_9-unsat.opb.xz,8
DEC-LIN/normalized-PB10/oliveras/j120/normalized-j12023_1-sat.opb.xz,9
DEC-LIN/normalized-PB10/oliveras/j120/normalized-j12023_1-unsat.opb.xz,9
DEC-LIN/normalized-PB10/oliveras/j120/normalized-j12023_10-sat.opb.xz,8
DEC-LIN/normalized-PB10/oliveras/j120/normalized-j12023_10-unsat.opb.xz,8
DEC-LIN/normalized-PB10/oliveras/j120/normalized-j12023_2-sat.opb.xz,8
DEC-LIN/normalized-PB10/oliveras/j120/normalized-j12023_2-unsat.opb.xz,8
DEC-LIN/normalized-PB10/oliveras/j120/normalized-j12023_3-sat.opb.xz,8
DEC-LIN/normalized-PB10/oliveras/j120/normalized-j12023_3-unsat.opb.xz,8
DEC-LIN/normalized-PB10/oliveras/j120/normalized-j12023_4-sat.opb.xz,8
DEC-LIN/normalized-PB10/oliveras/j120/normalized-j12023_4-unsat.opb.xz,8
DEC-LIN/normalized-PB10/oliveras/j120/normalized-j12023_5-sat.opb.xz,8
DEC-LIN/normalized-PB10/oliveras/j120/normalized-j12023_5-unsat.opb.xz,8
DEC-LIN/normalized-PB10/oliveras/j120/normalized-j12023_6-sat.opb.xz,8
DEC-LIN/normalized-PB10/oliveras/j120/normalized-j12023_6-unsat.opb.xz,8
DEC-LIN/normalized-PB10/oliveras/j120/normalized-j12023_7-sat.opb.xz,8
DEC-LIN/normalized-PB10/oliveras/j120/normalized-j12023_7-unsat.opb.xz,8
DEC-LIN/normalized-PB10/oliveras/j120/normalized-j12023_8-sat.opb.xz,8
DEC-LIN/normalized-PB10/oliveras/j120/normalized-j12023_8-unsat.opb.xz,8
DEC-LIN/normalized-PB10/oliveras/j120/normalized-j12023_9-sat.opb.xz,8
DEC-LIN/normalized-PB10/oliveras/j120/normalized-j12023_9-unsat.opb.xz,8
DEC-LIN/normalized-PB10/oliveras/j120/normalized-j12024_1-sat.opb.xz,8
DEC-LIN/normalized-PB10/oliveras/j120/normalized-j12024_1-unsat.opb.xz,8
DEC-LIN/normalized-PB10/oliveras/j120/normalized-j12024_10-sat.opb.xz,8
DEC-LIN/normalized-PB10/oliveras/j120/normalized-j12024_10-unsat.opb.xz,8
DEC-LIN/normalized-PB10/oliveras/j120/normalized-j12024_2-sat.opb.xz,8
DEC-LIN/normalized-PB10/oliveras/j120/normalized-j12024_2-unsat.opb.xz,8
DEC-LIN/normalized-PB10/oliveras/j120/normalized-j12024_3-sat.opb.xz,8
DEC-LIN/normalized-PB10/oliveras/j120/normalized-j12024_3-unsat.opb.xz,8
DEC-LIN/normalized-PB10/oliveras/j120/normalized-j12024_4-sat.opb.xz,8
DEC-LIN/normalized-PB10/oliveras/j120/normalized-j12024_4-unsat.opb.xz,8
DEC-LIN/normalized-PB10/oliveras/j120/normalized-j12024_5-sat.opb.xz,8
DEC-LIN/normalized-PB10/oliveras/j120/normalized-j12024_5-unsat.opb.xz,8
DEC-LIN/normalized-PB10/oliveras/j120/normalized-j12024_6-sat.opb.xz,8
DEC-LIN/normalized-PB10/oliveras/j120/normalized-j12024_6-unsat.opb.xz,8
DEC-LIN/normalized-PB10/oliveras/j120/normalized-j12024_7-sat.opb.xz,8
DEC-LIN/normalized-PB10/oliveras/j120/normalized-j12024_7-unsat.opb.xz,8
DEC-LIN/normalized-PB10/oliveras/j120/normalized-j12024_8-sat.opb.xz,8
DEC-LIN/normalized-PB10/oliveras/j120/normalized-j12024_8-unsat.opb.xz,8
DEC-LIN/normalized-PB10/oliveras/j120/normalized-j12024_9-sat.opb.xz,8
DEC-LIN/normalized-PB10/oliveras/j120/normalized-j12024_9-unsat.opb.xz,8
DEC-LIN/normalized-PB10/oliveras/j120/normalized-j12025_1-sat.opb.xz,8
DEC-LIN/normalized-PB10/oliveras/j120/normalized-j12025_1-unsat.opb.xz,8
DEC-LIN/normalized-PB10/oliveras/j120/normalized-j12025_10-sat.opb.xz,8
DEC-LIN/normalized-PB10/oliveras/j120/normalized-j12025_10-unsat.opb.xz,8
DEC-LIN/normalized-PB10/oliveras/j120/normalized-j12025_2-sat.opb.xz,8
DEC-LIN/normalized-PB10/oliveras/j120/normalized-j12025_2-unsat.opb.xz,8
DEC-LIN/normalized-PB10/oliveras/j120/normalized-j12025_3-sat.opb.xz,8
DEC-LIN/normalized-PB10/oliveras/j120/normalized-j12025_3-unsat.opb.xz,8
DEC-LIN/normalized-PB10/oliveras/j120/normalized-j12025_4-sat.opb.xz,8
DEC-LIN/normalized-PB10/oliveras/j120/normalized-j12025_4-unsat.opb.xz,8
DEC-LIN/normalized-PB10/oliveras/j120/normalized-j12025_5-sat.opb.xz,8
DEC-LIN/normalized-PB10/oliveras/j120/normalized-j12025_5-unsat.opb.xz,8
DEC-LIN/normalized-PB10/oliveras/j120/normalized-j12025_6-sat.opb.xz,8
DEC-LIN/normalized-PB10/oliveras/j120/normalized-j12025_6-unsat.opb.xz,8
DEC-LIN/normalized-PB10/oliveras/j120/normalized-j12025_7-sat.opb.xz,8
DEC-LIN/normalized-PB10/oliveras/j120/normalized-j12025_7-unsat.opb.xz,8
DEC-LIN/normalized-PB10/oliveras/j120/normalized-j12025_8-sat.opb.xz,8
DEC-LIN/normalized-PB10/oliveras/j120/normalized-j12025_8-unsat.opb.xz,8
DEC-LIN/normalized-PB10/oliveras/j120/normalized-j12025_9-sat.opb.xz,8
DEC-LIN/normalized-PB10/oliveras/j120/normalized-j12025_9-unsat.opb.xz,8
DEC-LIN/normalized-PB10/oliveras/j120/normalized-j12026_1-sat.opb.xz,9
DEC-LIN/normalized-PB10/oliveras/j120/normalized-j12026_1-unsat.opb.xz,9
DEC-LIN/normalized-PB10/oliveras/j120/normalized-j12026_10-sat.opb.xz,9
DEC-LIN/normalized-PB10/oliveras/j120/normalized-j12026_10-unsat.opb.xz,9
DEC-LIN/normalized-PB10/oliveras/j120/normalized-j12026_2-sat.opb.xz,9
DEC-LIN/normalized-PB10/oliveras/j120/normalized-j12026_2-unsat.opb.xz,9
DEC-LIN/normalized-PB10/oliveras/j120/normalized-j12026_3-sat.opb.xz,9
DEC-LIN/normalized-PB10/oliveras/j120/normalized-j12026_3-unsat.opb.xz,9
DEC-LIN/normalized-PB10/oliveras/j120/normalized-j12026_4-sat.opb.xz,9
DEC-LIN/normalized-PB10/oliveras/j120/normalized-j12026_4-unsat.opb.xz,9
DEC-LIN/normalized-PB10/oliveras/j120/normalized-j12026_5-sat.opb.xz,9
DEC-LIN/normalized-PB10/oliveras/j120/normalized-j12026_5-unsat.opb.xz,9
DEC-LIN/normalized-PB10/oliveras/j120/normalized-j12026_6-sat.opb.xz,9
DEC-LIN/normalized-PB10/oliveras/j120/normalized-j12026_6-unsat.opb.xz,9
DEC-LIN/normalized-PB10/oliveras/j120/normalized-j12026_7-sat.opb.xz,9
DEC-LIN/normalized-PB10/oliveras/j120/normalized-j12026_7-unsat.opb.xz,9
DEC-LIN/normalized-PB10/oliveras/j120/normalized-j12026_8-sat.opb.xz,9
DEC-LIN/normalized-PB10/oliveras/j120/normalized-j12026_8-unsat.opb.xz,9
DEC-LIN/normalized-PB10/oliveras/j120/normalized-j12026_9-sat.opb.xz,9
DEC-LIN/normalized-PB10/oliveras/j120/normalized-j12026_9-unsat.opb.xz,9
DEC-LIN/normalized-PB10/oliveras/j120/normalized-j12027_1-sat.opb.xz,9
DEC-LIN/normalized-PB10/oliveras/j120/normalized-j12027_1-unsat.opb.xz,9
DEC-LIN/normalized-PB10/oliveras/j120/normalized-j12027_10-sat.opb.xz,9
DEC-LIN/normalized-PB10/oliveras/j120/normalized-j12027_10-unsat.opb.xz,9
DEC-LIN/normalized-PB10/oliveras/j120/normalized-j12027_2-sat.opb.xz,9
DEC-LIN/normalized-PB10/oliveras/j120/normalized-j12027_2-unsat.opb.xz,9
DEC-LIN/normalized-PB10/oliveras/j120/normalized-j12027_3-sat.opb.xz,9
DEC-LIN/normalized-PB10/oliveras/j120/normalized-j12027_3-unsat.opb.xz,9
DEC-LIN/normalized-PB10/oliveras/j120/normalized-j12027_4-sat.opb.xz,9
DEC-LIN/normalized-PB10/oliveras/j120/normalized-j12027_4-unsat.opb.xz,9
DEC-LIN/normalized-PB10/oliveras/j120/normalized-j12027_5-sat.opb.xz,9
DEC-LIN/normalized-PB10/oliveras/j120/normalized-j12027_5-unsat.opb.xz,9
DEC-LIN/normalized-PB10/oliveras/j120/normalized-j12027_6-sat.opb.xz,9
DEC-LIN/normalized-PB10/oliveras/j120/normalized-j12027_6-unsat.opb.xz,9
DEC-LIN/normalized-PB10/oliveras/j120/normalized-j12027_7-sat.opb.xz,9
DEC-LIN/normalized-PB10/oliveras/j120/normalized-j12027_7-unsat.opb.xz,9
DEC-LIN/normalized-PB10/oliveras/j120/normalized-j12027_8-sat.opb.xz,9
DEC-LIN/normalized-PB10/oliveras/j120/normalized-j12027_8-unsat.opb.xz,9
DEC-LIN/normalized-PB10/oliveras/j120/normalized-j12027_9-sat.opb.xz,9
DEC-LIN/normalized-PB10/oliveras/j120/normalized-j12027_9-unsat.opb.xz,9
DEC-LIN/normalized-PB10/oliveras/j120/normalized-j12028_1-sat.opb.xz,9
DEC-LIN/normalized-PB10/oliveras/j120/normalized-j12028_1-unsat.opb.xz,9
DEC-LIN/normalized-PB10/oliveras/j120/normalized-j12028_10-sat.opb.xz,9
DEC-LIN/normalized-PB10/oliveras/j120/normalized-j12028_10-unsat.opb.xz,9
DEC-LIN/normalized-PB10/oliveras/j120/normalized-j12028_2-sat.opb.xz,9
DEC-LIN/normalized-PB10/oliveras/j120/normalized-j12028_2-unsat.opb.xz,9
DEC-LIN/normalized-PB10/oliveras/j120/normalized-j12028_3-sat.opb.xz,9
DEC-LIN/normalized-PB10/oliveras/j120/normalized-j12028_3-unsat.opb.xz,9
DEC-LIN/normalized-PB10/oliveras/j120/normalized-j12028_4-sat.opb.xz,9
DEC-LIN/normalized-PB10/oliveras/j120/normalized-j12028_4-unsat.opb.xz,9
DEC-LIN/normalized-PB10/oliveras/j120/normalized-j12028_5-sat.opb.xz,9
DEC-LIN/normalized-PB10/oliveras/j120/normalized-j12028_5-unsat.opb.xz,9
DEC-LIN/normalized-PB10/oliveras/j120/normalized-j12028_6-sat.opb.xz,9
DEC-LIN/normalized-PB10/oliveras/j120/normalized-j12028_6-unsat.opb.xz,9
DEC-LIN/normalized-PB10/oliveras/j120/normalized-j12028_7-sat.opb.xz,9
DEC-LIN/normalized-PB10/oliveras/j120/normalized-j12028_7-unsat.opb.xz,9
DEC-LIN/normalized-PB10/oliveras/j120/normalized-j12028_8-sat.opb.xz,9
DEC-LIN/normalized-PB10/oliveras/j120/normalized-j12028_8-unsat.opb.xz,9
DEC-LIN/normalized-PB10/oliveras/j120/normalized-j12028_9-sat.opb.xz,9
DEC-LIN/normalized-PB10/oliveras/j120/normalized-j12028_9-unsat.opb.xz,9
DEC-LIN/normalized-PB10/oliveras/j120/normalized-j12029_1-sat.opb.xz,9
DEC-LIN/normalized-PB10/oliveras/j120/normalized-j12029_1-unsat.opb.xz,9
DEC-LIN/normalized-PB10/oliveras/j120/normalized-j12029_10-sat.opb.xz,9
DEC-LIN/normalized-PB10/oliveras/j120/normalized-j12029_10-unsat.opb.xz,9
DEC-LIN/normalized-PB10/oliveras/j120/normalized-j12029_2-sat.opb.xz,9
DEC-LIN/normalized-PB10/oliveras/j120/normalized-j12029_2-unsat.opb.xz,9
DEC-LIN/normalized-PB10/oliveras/j120/normalized-j12029_3-sat.opb.xz,9
DEC-LIN/normalized-PB10/oliveras/j120/normalized-j12029_3-unsat.opb.xz,9
DEC-LIN/normalized-PB10/oliveras/j120/normalized-j12029_4-sat.opb.xz,9
DEC-LIN/normalized-PB10/oliveras/j120/normalized-j12029_4-unsat.opb.xz,9
DEC-LIN/normalized-PB10/oliveras/j120/normalized-j12029_5-sat.opb.xz,9
DEC-LIN/normalized-PB10/oliveras/j120/normalized-j12029_5-unsat.opb.xz,9
DEC-LIN/normalized-PB10/oliveras/j120/normalized-j12029_6-sat.opb.xz,9
DEC-LIN/normalized-PB10/oliveras/j120/normalized-j12029_6-unsat.opb.xz,9
DEC-LIN/normalized-PB10/oliveras/j120/normalized-j12029_7-sat.opb.xz,9
DEC-LIN/normalized-PB10/oliveras/j120/normalized-j12029_7-unsat.opb.xz,9
DEC-LIN/normalized-PB10/oliveras/j120/normalized-j12029_8-sat.opb.xz,9
DEC-LIN/normalized-PB10/oliveras/j120/normalized-j12029_8-unsat.opb.xz,9
DEC-LIN/normalized-PB10/oliveras/j120/normalized-j12029_9-sat.opb.xz,9
DEC-LIN/normalized-PB10/oliveras/j120/normalized-j12029_9-unsat.opb.xz,9
DEC-LIN/normalized-PB10/oliveras/j120/normalized-j1202_1-sat.opb.xz,8
DEC-LIN/normalized-PB10/oliveras/j120/normalized-j1202_1-unsat.opb.xz,8
DEC-LIN/normalized-PB10/oliveras/j120/normalized-j1202_10-sat.opb.xz,9
DEC-LIN/normalized-PB10/oliveras/j120/normalized-j1202_10-unsat.opb.xz,9
DEC-LIN/normalized-PB10/oliveras/j120/normalized-j1202_2-sat.opb.xz,8
DEC-LIN/normalized-PB10/oliveras/j120/normalized-j1202_2-unsat.opb.xz,8
DEC-LIN/normalized-PB10/oliveras/j120/normalized-j1202_3-sat.opb.xz,8
DEC-LIN/normalized-PB10/oliveras/j120/normalized-j1202_3-unsat.opb.xz,8
DEC-LIN/normalized-PB10/oliveras/j120/normalized-j1202_4-sat.opb.xz,8
DEC-LIN/normalized-PB10/oliveras/j120/normalized-j1202_4-unsat.opb.xz,8
DEC-LIN/normalized-PB10/oliveras/j120/normalized-j1202_5-sat.opb.xz,8
DEC-LIN/normalized-PB10/oliveras/j120/normalized-j1202_5-unsat.opb.xz,8
DEC-LIN/normalized-PB10/oliveras/j120/normalized-j1202_6-sat.opb.xz,8
DEC-LIN/normalized-PB10/oliveras/j120/normalized-j1202_6-unsat.opb.xz,8
DEC-LIN/normalized-PB10/oliveras/j120/normalized-j1202_7-sat.opb.xz,8
DEC-LIN/normalized-PB10/oliveras/j120/normalized-j1202_7-unsat.opb.xz,8
DEC-LIN/normalized-PB10/oliveras/j120/normalized-j1202_8-sat.opb.xz,8
DEC-LIN/normalized-PB10/oliveras/j120/normalized-j1202_8-unsat.opb.xz,8
DEC-LIN/normalized-PB10/oliveras/j120/normalized-j1202_9-sat.opb.xz,8
DEC-LIN/normalized-PB10/oliveras/j120/normalized-j1202_9-unsat.opb.xz,8
DEC-LIN/normalized-PB10/oliveras/j120/normalized-j12030_1-sat.opb.xz,9
DEC-LIN/normalized-PB10/oliveras/j120/normalized-j12030_1-unsat.opb.xz,9
DEC-LIN/normalized-PB10/oliveras/j120/normalized-j12030_10-sat.opb.xz,9
DEC-LIN/normalized-PB10/oliveras/j120/normalized-j12030_10-unsat.opb.xz,9
DEC-LIN/normalized-PB10/oliveras/j120/normalized-j12030_2-sat.opb.xz,9
DEC-LIN/normalized-PB10/oliveras/j120/normalized-j12030_2-unsat.opb.xz,9
DEC-LIN/normalized-PB10/oliveras/j120/normalized-j12030_3-sat.opb.xz,9
DEC-LIN/normalized-PB10/oliveras/j120/normalized-j12030_3-unsat.opb.xz,9
DEC-LIN/normalized-PB10/oliveras/j120/normalized-j12030_4-sat.opb.xz,9
DEC-LIN/normalized-PB10/oliveras/j120/normalized-j12030_4-unsat.opb.xz,9
DEC-LIN/normalized-PB10/oliveras/j120/normalized-j12030_5-sat.opb.xz,9
DEC-LIN/normalized-PB10/oliveras/j120/normalized-j12030_5-unsat.opb.xz,9
DEC-LIN/normalized-PB10/oliveras/j120/normalized-j12030_6-sat.opb.xz,9
DEC-LIN/normalized-PB10/oliveras/j120/normalized-j12030_6-unsat.opb.xz,9
DEC-LIN/normalized-PB10/oliveras/j120/normalized-j12030_7-sat.opb.xz,9
DEC-LIN/normalized-PB10/oliveras/j120/normalized-j12030_7-unsat.opb.xz,9
DEC-LIN/normalized-PB10/oliveras/j120/normalized-j12030_8-sat.opb.xz,9
DEC-LIN/normalized-PB10/oliveras/j120/normalized-j12030_8-unsat.opb.xz,9
DEC-LIN/normalized-PB10/oliveras/j120/normalized-j12030_9-sat.opb.xz,9
DEC-LIN/normalized-PB10/oliveras/j120/normalized-j12030_9-unsat.opb.xz,9
DEC-LIN/normalized-PB10/oliveras/j120/normalized-j12031_1-sat.opb.xz,10
DEC-LIN/normalized-PB10/oliveras/j120/normalized-j12031_1-unsat.opb.xz,10
DEC-LIN/normalized-PB10/oliveras/j120/normalized-j12031_10-sat.opb.xz,10
DEC-LIN/normalized-PB10/oliveras/j120/normalized-j12031_10-unsat.opb.xz,10
DEC-LIN/normalized-PB10/oliveras/j120/normalized-j12031_2-sat.opb.xz,10
DEC-LIN/normalized-PB10/oliveras/j120/normalized-j12031_2-unsat.opb.xz,10
DEC-LIN/normalized-PB10/oliveras/j120/normalized-j12031_3-sat.opb.xz,10
DEC-LIN/normalized-PB10/oliveras/j120/normalized-j12031_3-unsat.opb.xz,10
DEC-LIN/normalized-PB10/oliveras/j120/normalized-j12031_4-sat.opb.xz,10
DEC-LIN/normalized-PB10/oliveras/j120/normalized-j12031_4-unsat.opb.xz,10
DEC-LIN/normalized-PB10/oliveras/j120/normalized-j12031_5-sat.opb.xz,10
DEC-LIN/normalized-PB10/oliveras/j120/normalized-j12031_5-unsat.opb.xz,10
DEC-LIN/normalized-PB10/oliveras/j120/normalized-j12031_6-sat.opb.xz,10
DEC-LIN/normalized-PB10/oliveras/j120/normalized-j12031_6-unsat.opb.xz,10
DEC-LIN/normalized-PB10/oliveras/j120/normalized-j12031_7-sat.opb.xz,10
DEC-LIN/normalized-PB10/oliveras/j120/normalized-j12031_7-unsat.opb.xz,10
DEC-LIN/normalized-PB10/oliveras/j120/normalized-j12031_8-sat.opb.xz,10
DEC-LIN/normalized-PB10/oliveras/j120/normalized-j12031_8-unsat.opb.xz,10
DEC-LIN/normalized-PB10/oliveras/j120/normalized-j12031_9-sat.opb.xz,10
DEC-LIN/normalized-PB10/oliveras/j120/normalized-j12031_9-unsat.opb.xz,10
DEC-LIN/normalized-PB10/oliveras/j120/normalized-j12032_1-sat.opb.xz,10
DEC-LIN/normalized-PB10/oliveras/j120/normalized-j12032_1-unsat.opb.xz,10
DEC-LIN/normalized-PB10/oliveras/j120/normalized-j12032_10-sat.opb.xz,10
DEC-LIN/normalized-PB10/oliveras/j120/normalized-j12032_10-unsat.opb.xz,10
DEC-LIN/normalized-PB10/oliveras/j120/normalized-j12032_2-sat.opb.xz,10
DEC-LIN/normalized-PB10/oliveras/j120/normalized-j12032_2-unsat.opb.xz,10
DEC-LIN/normalized-PB10/oliveras/j120/normalized-j12032_3-sat.opb.xz,10
DEC-LIN/normalized-PB10/oliveras/j120/normalized-j12032_3-unsat.opb.xz,10
DEC-LIN/normalized-PB10/oliveras/j120/normalized-j12032_4-sat.opb.xz,10
DEC-LIN/normalized-PB10/oliveras/j120/normalized-j12032_4-unsat.opb.xz,10
DEC-LIN/normalized-PB10/oliveras/j120/normalized-j12032_5-sat.opb.xz,10
DEC-LIN/normalized-PB10/oliveras/j120/normalized-j12032_5-unsat.opb.xz,10
DEC-LIN/normalized-PB10/oliveras/j120/normalized-j12032_6-sat.opb.xz,10
DEC-LIN/normalized-PB10/oliveras/j120/normalized-j12032_6-unsat.opb.xz,10
DEC-LIN/normalized-PB10/oliveras/j120/normalized-j12032_7-sat.opb.xz,10
DEC-LIN/normalized-PB10/oliveras/j120/normalized-j12032_7-unsat.opb.xz,10
DEC-LIN/normalized-PB10/oliveras/j120/normalized-j12032_8-sat.opb.xz,10
DEC-LIN/normalized-PB10/oliveras/j120/normalized-j12032_8-unsat.opb.xz,10
DEC-LIN/normalized-PB10/oliveras/j120/normalized-j12032_9-sat.opb.xz,10
DEC-LIN/normalized-PB10/oliveras/j120/normalized-j12032_9-unsat.opb.xz,10
DEC-LIN/normalized-PB10/oliveras/j120/normalized-j12033_1-sat.opb.xz,10
DEC-LIN/normalized-PB10/oliveras/j120/normalized-j12033_1-unsat.opb.xz,10
DEC-LIN/normalized-PB10/oliveras/j120/normalized-j12033_10-sat.opb.xz,10
DEC-LIN/normalized-PB10/oliveras/j120/normalized-j12033_10-unsat.opb.xz,10
DEC-LIN/normalized-PB10/oliveras/j120/normalized-j12033_2-sat.opb.xz,10
DEC-LIN/normalized-PB10/oliveras/j120/normalized-j12033_2-unsat.opb.xz,10
DEC-LIN/normalized-PB10/oliveras/j120/normalized-j12033_3-sat.opb.xz,10
DEC-LIN/normalized-PB10/oliveras/j120/normalized-j12033_3-unsat.opb.xz,10
DEC-LIN/normalized-PB10/oliveras/j120/normalized-j12033_4-sat.opb.xz,10
DEC-LIN/normalized-PB10/oliveras/j120/normalized-j12033_4-unsat.opb.xz,10
DEC-LIN/normalized-PB10/oliveras/j120/normalized-j12033_5-sat.opb.xz,10
DEC-LIN/normalized-PB10/oliveras/j120/normalized-j12033_5-unsat.opb.xz,10
DEC-LIN/normalized-PB10/oliveras/j120/normalized-j12033_6-sat.opb.xz,10
DEC-LIN/normalized-PB10/oliveras/j120/normalized-j12033_6-unsat.opb.xz,10
DEC-LIN/normalized-PB10/oliveras/j120/normalized-j12033_7-sat.opb.xz,10
DEC-LIN/normalized-PB10/oliveras/j120/normalized-j12033_7-unsat.opb.xz,10
DEC-LIN/normalized-PB10/oliveras/j120/normalized-j12033_8-sat.opb.xz,10
DEC-LIN/normalized-PB10/oliveras/j120/normalized-j12033_8-unsat.opb.xz,10
DEC-LIN/normalized-PB10/oliveras/j120/normalized-j12033_9-sat.opb.xz,10
DEC-LIN/normalized-PB10/oliveras/j120/normalized-j12033_9-unsat.opb.xz,10
DEC-LIN/normalized-PB10/oliveras/j120/normalized-j12034_1-sat.opb.xz,10
DEC-LIN/normalized-PB10/oliveras/j120/normalized-j12034_1-unsat.opb.xz,10
DEC-LIN/normalized-PB10/oliveras/j120/normalized-j12034_10-sat.opb.xz,10
DEC-LIN/normalized-PB10/oliveras/j120/normalized-j12034_10-unsat.opb.xz,10
DEC-LIN/normalized-PB10/oliveras/j120/normalized-j12034_2-sat.opb.xz,10
DEC-LIN/normalized-PB10/oliveras/j120/normalized-j12034_2-unsat.opb.xz,10
DEC-LIN/normalized-PB10/oliveras/j120/normalized-j12034_3-sat.opb.xz,10
DEC-LIN/normalized-PB10/oliveras/j120/normalized-j12034_3-unsat.opb.xz,10
DEC-LIN/normalized-PB10/oliveras/j120/normalized-j12034_4-sat.opb.xz,10
DEC-LIN/normalized-PB10/oliveras/j120/normalized-j12034_4-unsat.opb.xz,10
DEC-LIN/normalized-PB10/oliveras/j120/normalized-j12034_5-sat.opb.xz,10
DEC-LIN/normalized-PB10/oliveras/j120/normalized-j12034_5-unsat.opb.xz,10
DEC-LIN/normalized-PB10/oliveras/j120/normalized-j12034_6-sat.opb.xz,10
DEC-LIN/normalized-PB10/oliveras/j120/normalized-j12034_6-unsat.opb.xz,10
DEC-LIN/normalized-PB10/oliveras/j120/normalized-j12034_7-sat.opb.xz,10
DEC-LIN/normalized-PB10/oliveras/j120/normalized-j12034_7-unsat.opb.xz,10
DEC-LIN/normalized-PB10/oliveras/j120/normalized-j12034_8-sat.opb.xz,10
DEC-LIN/normalized-PB10/oliveras/j120/normalized-j12034_8-unsat.opb.xz,10
DEC-LIN/normalized-PB10/oliveras/j120/normalized-j12034_9-sat.opb.xz,10
DEC-LIN/normalized-PB10/oliveras/j120/normalized-j12034_9-unsat.opb.xz,10
DEC-LIN/normalized-PB10/oliveras/j120/normalized-j12035_1-sat.opb.xz,10
DEC-LIN/normalized-PB10/oliveras/j120/normalized-j12035_1-unsat.opb.xz,10
DEC-LIN/normalized-PB10/oliveras/j120/normalized-j12035_10-sat.opb.xz,10
DEC-LIN/normalized-PB10/oliveras/j120/normalized-j12035_10-unsat.opb.xz,10
DEC-LIN/normalized-PB10/oliveras/j120/normalized-j12035_2-sat.opb.xz,10
DEC-LIN/normalized-PB10/oliveras/j120/normalized-j12035_2-unsat.opb.xz,10
DEC-LIN/normalized-PB10/oliveras/j120/normalized-j12035_3-sat.opb.xz,10
DEC-LIN/normalized-PB10/oliveras/j120/normalized-j12035_3-unsat.opb.xz,10
DEC-LIN/normalized-PB10/oliveras/j120/normalized-j12035_4-sat.opb.xz,10
DEC-LIN/normalized-PB10/oliveras/j120/normalized-j12035_4-unsat.opb.xz,10
DEC-LIN/normalized-PB10/oliveras/j120/normalized-j12035_5-sat.opb.xz,10
DEC-LIN/normalized-PB10/oliveras/j120/normalized-j12035_5-unsat.opb.xz,10
DEC-LIN/normalized-PB10/oliveras/j120/normalized-j12035_6-sat.opb.xz,10
DEC-LIN/normalized-PB10/oliveras/j120/normalized-j12035_6-unsat.opb.xz,10
DEC-LIN/normalized-PB10/oliveras/j120/normalized-j12035_7-sat.opb.xz,10
DEC-LIN/normalized-PB10/oliveras/j120/normalized-j12035_7-unsat.opb.xz,10
DEC-LIN/normalized-PB10/oliveras/j120/normalized-j12035_8-sat.opb.xz,10
DEC-LIN/normalized-PB10/oliveras/j120/normalized-j12035_8-unsat.opb.xz,10
DEC-LIN/normalized-PB10/oliveras/j120/normalized-j12035_9-sat.opb.xz,10
DEC-LIN/normalized-PB10/oliveras/j120/normalized-j12035_9-unsat.opb.xz,10
DEC-LIN/normalized-PB10/oliveras/j120/normalized-j12036_1-sat.opb.xz,10
DEC-LIN/normalized-PB10/oliveras/j120/normalized-j12036_1-unsat.opb.xz,10
DEC-LIN/normalized-PB10/oliveras/j120/normalized-j12036_10-sat.opb.xz,10
DEC-LIN/normalized-PB10/oliveras/j120/normalized-j12036_10-unsat.opb.xz,10
DEC-LIN/normalized-PB10/oliveras/j120/normalized-j12036_2-sat.opb.xz,10
DEC-LIN/normalized-PB10/oliveras/j120/normalized-j12036_2-unsat.opb.xz,10
DEC-LIN/normalized-PB10/oliveras/j120/normalized-j12036_3-sat.opb.xz,10
DEC-LIN/normalized-PB10/oliveras/j120/normalized-j12036_3-unsat.opb.xz,10
DEC-LIN/normalized-PB10/oliveras/j120/normalized-j12036_4-sat.opb.xz,10
DEC-LIN/normalized-PB10/oliveras/j120/normalized-j12036_4-unsat.opb.xz,10
DEC-LIN/normalized-PB10/oliveras/j120/normalized-j12036_5-sat.opb.xz,10
DEC-LIN/normalized-PB10/oliveras/j120/normalized-j12036_5-unsat.opb.xz,10
DEC-LIN/normalized-PB10/oliveras/j120/normalized-j12036_6-sat.opb.xz,10
DEC-LIN/normalized-PB10/oliveras/j120/normalized-j12036_6-unsat.opb.xz,10
DEC-LIN/normalized-PB10/oliveras/j120/normalized-j12036_7-sat.opb.xz,10
DEC-LIN/normalized-PB10/oliveras/j120/normalized-j12036_7-unsat.opb.xz,10
DEC-LIN/normalized-PB10/oliveras/j120/normalized-j12036_8-sat.opb.xz,10
DEC-LIN/normalized-PB10/oliveras/j120/normalized-j12036_8-unsat.opb.xz,10
DEC-LIN/normalized-PB10/oliveras/j120/normalized-j12036_9-sat.opb.xz,10
DEC-LIN/normalized-PB10/oliveras/j120/normalized-j12036_9-unsat.opb.xz,10
DEC-LIN/normalized-PB10/oliveras/j120/normalized-j12037_1-sat.opb.xz,10
DEC-LIN/normalized-PB10/oliveras/j120/normalized-j12037_1-unsat.opb.xz,10
DEC-LIN/normalized-PB10/oliveras/j120/normalized-j12037_10-sat.opb.xz,10
DEC-LIN/normalized-PB10/oliveras/j120/normalized-j12037_10-unsat.opb.xz,10
DEC-LIN/normalized-PB10/oliveras/j120/normalized-j12037_2-sat.opb.xz,10
DEC-LIN/normalized-PB10/oliveras/j120/normalized-j12037_2-unsat.opb.xz,10
DEC-LIN/normalized-PB10/oliveras/j120/normalized-j12037_3-sat.opb.xz,10
DEC-LIN/normalized-PB10/oliveras/j120/normalized-j12037_3-unsat.opb.xz,10
DEC-LIN/normalized-PB10/oliveras/j120/normalized-j12037_4-sat.opb.xz,10
DEC-LIN/normalized-PB10/oliveras/j120/normalized-j12037_4-unsat.opb.xz,10
DEC-LIN/normalized-PB10/oliveras/j120/normalized-j12037_5-sat.opb.xz,10
DEC-LIN/normalized-PB10/oliveras/j120/normalized-j12037_5-unsat.opb.xz,10
DEC-LIN/normalized-PB10/oliveras/j120/normalized-j12037_6-sat.opb.xz,10
DEC-LIN/normalized-PB10/oliveras/j120/normalized-j12037_6-unsat.opb.xz,10
DEC-LIN/normalized-PB10/oliveras/j120/normalized-j12037_7-sat.opb.xz,10
DEC-LIN/normalized-PB10/oliveras/j120/normalized-j12037_7-unsat.opb.xz,10
DEC-LIN/normalized-PB10/oliveras/j120/normalized-j12037_8-sat.opb.xz,10
DEC-LIN/normalized-PB10/oliveras/j120/normalized-j12037_8-unsat.opb.xz,10
DEC-LIN/normalized-PB10/oliveras/j120/normalized-j12037_9-sat.opb.xz,10
DEC-LIN/normalized-PB10/oliveras/j120/normalized-j12037_9-unsat.opb.xz,10
DEC-LIN/normalized-PB10/oliveras/j120/normalized-j12038_1-sat.opb.xz,10
DEC-LIN/normalized-PB10/oliveras/j120/normalized-j12038_1-unsat.opb.xz,10
DEC-LIN/normalized-PB10/oliveras/j120/normalized-j12038_10-sat.opb.xz,10
DEC-LIN/normalized-PB10/oliveras/j120/normalized-j12038_10-unsat.opb.xz,10
DEC-LIN/normalized-PB10/oliveras/j120/normalized-j12038_2-sat.opb.xz,10
DEC-LIN/normalized-PB10/oliveras/j120/normalized-j12038_2-unsat.opb.xz,10
DEC-LIN/normalized-PB10/oliveras/j120/normalized-j12038_3-sat.opb.xz,10
DEC-LIN/normalized-PB10/oliveras/j120/normalized-j12038_3-unsat.opb.xz,10
DEC-LIN/normalized-PB10/oliveras/j120/normalized-j12038_4-sat.opb.xz,10
DEC-LIN/normalized-PB10/oliveras/j120/normalized-j12038_4-unsat.opb.xz,10
DEC-LIN/normalized-PB10/oliveras/j120/normalized-j12038_5-sat.opb.xz,10
DEC-LIN/normalized-PB10/oliveras/j120/normalized-j12038_5-unsat.opb.xz,10
DEC-LIN/normalized-PB10/oliveras/j120/normalized-j12038_6-sat.opb.xz,10
DEC-LIN/normalized-PB10/oliveras/j120/normalized-j12038_6-unsat.opb.xz,10
DEC-LIN/normalized-PB10/oliveras/j120/normalized-j12038_7-sat.opb.xz,10
DEC-LIN/normalized-PB10/oliveras/j120/normalized-j12038_7-unsat.opb.xz,10
DEC-LIN/normalized-PB10/oliveras/j120/normalized-j12038_8-sat.opb.xz,10
DEC-LIN/normalized-PB10/oliveras/j120/normalized-j12038_8-unsat.opb.xz,10
DEC-LIN/normalized-PB10/oliveras/j120/normalized-j12038_9-sat.opb.xz,10
DEC-LIN/normalized-PB10/oliveras/j120/normalized-j12038_9-unsat.opb.xz,10
DEC-LIN/normalized-PB10/oliveras/j120/normalized-j12039_1-sat.opb.xz,10
DEC-LIN/normalized-PB10/oliveras/j120/normalized-j12039_1-unsat.opb.xz,10
DEC-LIN/normalized-PB10/oliveras/j120/normalized-j12039_10-sat.opb.xz,10
DEC-LIN/normalized-PB10/oliveras/j120/normalized-j12039_10-unsat.opb.xz,10
DEC-LIN/normalized-PB10/oliveras/j120/normalized-j12039_2-sat.opb.xz,10
DEC-LIN/normalized-PB10/oliveras/j120/normalized-j12039_2-unsat.opb.xz,10
DEC-LIN/normalized-PB10/oliveras/j120/normalized-j12039_3-sat.opb.xz,10
DEC-LIN/normalized-PB10/oliveras/j120/normalized-j12039_3-unsat.opb.xz,10
DEC-LIN/normalized-PB10/oliveras/j120/normalized-j12039_4-sat.opb.xz,10
DEC-LIN/normalized-PB10/oliveras/j120/normalized-j12039_4-unsat.opb.xz,10
DEC-LIN/normalized-PB10/oliveras/j120/normalized-j12039_5-sat.opb.xz,10
DEC-LIN/normalized-PB10/oliveras/j120/normalized-j12039_5-unsat.opb.xz,10
DEC-LIN/normalized-PB10/oliveras/j120/normalized-j12039_6-sat.opb.xz,10
DEC-LIN/normalized-PB10/oliveras/j120/normalized-j12039_6-unsat.opb.xz,10
DEC-LIN/normalized-PB10/oliveras/j120/normalized-j12039_7-sat.opb.xz,10
DEC-LIN/normalized-PB10/oliveras/j120/normalized-j12039_7-unsat.opb.xz,10
DEC-LIN/normalized-PB10/oliveras/j120/normalized-j12039_8-sat.opb.xz,10
DEC-LIN/normalized-PB10/oliveras/j120/normalized-j12039_8-unsat.opb.xz,10
DEC-LIN/normalized-PB10/oliveras/j120/normalized-j12039_9-sat.opb.xz,10
DEC-LIN/normalized-PB10/oliveras/j120/normalized-j12039_9-unsat.opb.xz,10
DEC-LIN/normalized-PB10/oliveras/j120/normalized-j1203_1-sat.opb.xz,8
DEC-LIN/normalized-PB10/oliveras/j120/normalized-j1203_1-unsat.opb.xz,8
DEC-LIN/normalized-PB10/oliveras/j120/normalized-j1203_10-sat.opb.xz,8
DEC-LIN/normalized-PB10/oliveras/j120/normalized-j1203_10-unsat.opb.xz,8
DEC-LIN/normalized-PB10/oliveras/j120/normalized-j1203_2-sat.opb.xz,8
DEC-LIN/normalized-PB10/oliveras/j120/normalized-j1203_2-unsat.opb.xz,8
DEC-LIN/normalized-PB10/oliveras/j120/normalized-j1203_3-sat.opb.xz,8
DEC-LIN/normalized-PB10/oliveras/j120/normalized-j1203_3-unsat.opb.xz,8
DEC-LIN/normalized-PB10/oliveras/j120/normalized-j1203_4-sat.opb.xz,8
DEC-LIN/normalized-PB10/oliveras/j120/normalized-j1203_4-unsat.opb.xz,8
DEC-LIN/normalized-PB10/oliveras/j120/normalized-j1203_5-sat.opb.xz,8
DEC-LIN/normalized-PB10/oliveras/j120/normalized-j1203_5-unsat.opb.xz,8
DEC-LIN/normalized-PB10/oliveras/j120/normalized-j1203_6-sat.opb.xz,8
DEC-LIN/normalized-PB10/oliveras/j120/normalized-j1203_6-unsat.opb.xz,8
DEC-LIN/normalized-PB10/oliveras/j120/normalized-j1203_7-sat.opb.xz,8
DEC-LIN/normalized-PB10/oliveras/j120/normalized-j1203_7-unsat.opb.xz,8
DEC-LIN/normalized-PB10/oliveras/j120/normalized-j1203_8-sat.opb.xz,8
DEC-LIN/normalized-PB10/oliveras/j120/normalized-j1203_8-unsat.opb.xz,8
DEC-LIN/normalized-PB10/oliveras/j120/normalized-j1203_9-sat.opb.xz,8
DEC-LIN/normalized-PB10/oliveras/j120/normalized-j1203_9-unsat.opb.xz,8
DEC-LIN/normalized-PB10/oliveras/j120/normalized-j12040_1-sat.opb.xz,10
DEC-LIN/normalized-PB10/oliveras/j120/normalized-j12040_1-unsat.opb.xz,10
DEC-LIN/normalized-PB10/oliveras/j120/normalized-j12040_10-sat.opb.xz,10
DEC-LIN/normalized-PB10/oliveras/j120/normalized-j12040_10-unsat.opb.xz,10
DEC-LIN/normalized-PB10/oliveras/j120/normalized-j12040_2-sat.opb.xz,10
DEC-LIN/normalized-PB10/oliveras/j120/normalized-j12040_2-unsat.opb.xz,10
DEC-LIN/normalized-PB10/oliveras/j120/normalized-j12040_3-sat.opb.xz,10
DEC-LIN/normalized-PB10/oliveras/j120/normalized-j12040_3-unsat.opb.xz,10
DEC-LIN/normalized-PB10/oliveras/j120/normalized-j12040_4-sat.opb.xz,10
DEC-LIN/normalized-PB10/oliveras/j120/normalized-j12040_4-unsat.opb.xz,10
DEC-LIN/normalized-PB10/oliveras/j120/normalized-j12040_5-sat.opb.xz,10
DEC-LIN/normalized-PB10/oliveras/j120/normalized-j12040_5-unsat.opb.xz,10
DEC-LIN/normalized-PB10/oliveras/j120/normalized-j12040_6-sat.opb.xz,10
DEC-LIN/normalized-PB10/oliveras/j120/normalized-j12040_6-unsat.opb.xz,10
DEC-LIN/normalized-PB10/oliveras/j120/normalized-j12040_7-sat.opb.xz,10
DEC-LIN/normalized-PB10/oliveras/j120/normalized-j12040_7-unsat.opb.xz,10
DEC-LIN/normalized-PB10/oliveras/j120/normalized-j12040_8-sat.opb.xz,10
DEC-LIN/normalized-PB10/oliveras/j120/normalized-j12040_8-unsat.opb.xz,10
DEC-LIN/normalized-PB10/oliveras/j120/normalized-j12040_9-sat.opb.xz,10
DEC-LIN/normalized-PB10/oliveras/j120/normalized-j12040_9-unsat.opb.xz,10
DEC-LIN/normalized-PB10/oliveras/j120/normalized-j12041_1-sat.opb.xz,8
DEC-LIN/normalized-PB10/oliveras/j120/normalized-j12041_1-unsat.opb.xz,8
DEC-LIN/normalized-PB10/oliveras/j120/normalized-j12041_10-sat.opb.xz,8
DEC-LIN/normalized-PB10/oliveras/j120/normalized-j12041_10-unsat.opb.xz,8
DEC-LIN/normalized-PB10/oliveras/j120/normalized-j12041_2-sat.opb.xz,8
DEC-LIN/normalized-PB10/oliveras/j120/normalized-j12041_2-unsat.opb.xz,8
DEC-LIN/normalized-PB10/oliveras/j120/normalized-j12041_3-sat.opb.xz,8
DEC-LIN/normalized-PB10/oliveras/j120/normalized-j12041_3-unsat.opb.xz,8
DEC-LIN/normalized-PB10/oliveras/j120/normalized-j12041_4-sat.opb.xz,8
DEC-LIN/normalized-PB10/oliveras/j120/normalized-j12041_4-unsat.opb.xz,8
DEC-LIN/normalized-PB10/oliveras/j120/normalized-j12041_5-sat.opb.xz,8
DEC-LIN/normalized-PB10/oliveras/j120/normalized-j12041_5-unsat.opb.xz,8
DEC-LIN/normalized-PB10/oliveras/j120/normalized-j12041_6-sat.opb.xz,8
DEC-LIN/normalized-PB10/oliveras/j120/normalized-j12041_6-unsat.opb.xz,8
DEC-LIN/normalized-PB10/oliveras/j120/normalized-j12041_7-sat.opb.xz,8
DEC-LIN/normalized-PB10/oliveras/j120/normalized-j12041_7-unsat.opb.xz,8
DEC-LIN/normalized-PB10/oliveras/j120/normalized-j12041_8-sat.opb.xz,8
DEC-LIN/normalized-PB10/oliveras/j120/normalized-j12041_8-unsat.opb.xz,8
DEC-LIN/normalized-PB10/oliveras/j120/normalized-j12041_9-sat.opb.xz,8
DEC-LIN/normalized-PB10/oliveras/j120/normalized-j12041_9-unsat.opb.xz,8
DEC-LIN/normalized-PB10/oliveras/j120/normalized-j12042_1-sat.opb.xz,9
DEC-LIN/normalized-PB10/oliveras/j120/normalized-j12042_1-unsat.opb.xz,9
DEC-LIN/normalized-PB10/oliveras/j120/normalized-j12042_10-sat.opb.xz,8
DEC-LIN/normalized-PB10/oliveras/j120/normalized-j12042_10-unsat.opb.xz,8
DEC-LIN/normalized-PB10/oliveras/j120/normalized-j12042_2-sat.opb.xz,8
DEC-LIN/normalized-PB10/oliveras/j120/normalized-j12042_2-unsat.opb.xz,8
DEC-LIN/normalized-PB10/oliveras/j120/normalized-j12042_3-sat.opb.xz,8
DEC-LIN/normalized-PB10/oliveras/j120/normalized-j12042_3-unsat.opb.xz,8
DEC-LIN/normalized-PB10/oliveras/j120/normalized-j12042_4-sat.opb.xz,8
DEC-LIN/normalized-PB10/oliveras/j120/normalized-j12042_4-unsat.opb.xz,8
DEC-LIN/normalized-PB10/oliveras/j120/normalized-j12042_5-sat.opb.xz,9
DEC-LIN/normalized-PB10/oliveras/j120/normalized-j12042_5-unsat.opb.xz,9
DEC-LIN/normalized-PB10/oliveras/j120/normalized-j12042_6-sat.opb.xz,8
DEC-LIN/normalized-PB10/oliveras/j120/normalized-j12042_6-unsat.opb.xz,8
DEC-LIN/normalized-PB10/oliveras/j120/normalized-j12042_7-sat.opb.xz,8
DEC-LIN/normalized-PB10/oliveras/j120/normalized-j12042_7-unsat.opb.xz,8
DEC-LIN/normalized-PB10/oliveras/j120/normalized-j12042_8-sat.opb.xz,8
DEC-LIN/normalized-PB10/oliveras/j120/normalized-j12042_8-unsat.opb.xz,8
DEC-LIN/normalized-PB10/oliveras/j120/normalized-j12042_9-sat.opb.xz,9
DEC-LIN/normalized-PB10/oliveras/j120/normalized-j12042_9-unsat.opb.xz,9
DEC-LIN/normalized-PB10/oliveras/j120/normalized-j12043_1-sat.opb.xz,8
DEC-LIN/normalized-PB10/oliveras/j120/normalized-j12043_1-unsat.opb.xz,8
DEC-LIN/normalized-PB10/oliveras/j120/normalized-j12043_10-sat.opb.xz,8
DEC-LIN/normalized-PB10/oliveras/j120/normalized-j12043_10-unsat.opb.xz,8
DEC-LIN/normalized-PB10/oliveras/j120/normalized-j12043_2-sat.opb.xz,8
DEC-LIN/normalized-PB10/oliveras/j120/normalized-j12043_2-unsat.opb.xz,8
DEC-LIN/normalized-PB10/oliveras/j120/normalized-j12043_3-sat.opb.xz,8
DEC-LIN/normalized-PB10/oliveras/j120/normalized-j12043_3-unsat.opb.xz,8
DEC-LIN/normalized-PB10/oliveras/j120/normalized-j12043_4-sat.opb.xz,8
DEC-LIN/normalized-PB10/oliveras/j120/normalized-j12043_4-unsat.opb.xz,8
DEC-LIN/normalized-PB10/oliveras/j120/normalized-j12043_5-sat.opb.xz,8
DEC-LIN/normalized-PB10/oliveras/j120/normalized-j12043_5-unsat.opb.xz,8
DEC-LIN/normalized-PB10/oliveras/j120/normalized-j12043_6-sat.opb.xz,8
DEC-LIN/normalized-PB10/oliveras/j120/normalized-j12043_6-unsat.opb.xz,8
DEC-LIN/normalized-PB10/oliveras/j120/normalized-j12043_7-sat.opb.xz,8
DEC-LIN/normalized-PB10/oliveras/j120/normalized-j12043_7-unsat.opb.xz,8
DEC-LIN/normalized-PB10/oliveras/j120/normalized-j12043_8-sat.opb.xz,8
DEC-LIN/normalized-PB10/oliveras/j120/normalized-j12043_8-unsat.opb.xz,8
DEC-LIN/normalized-PB10/oliveras/j120/normalized-j12043_9-sat.opb.xz,8
DEC-LIN/normalized-PB10/oliveras/j120/normalized-j12043_9-unsat.opb.xz,8
DEC-LIN/normalized-PB10/oliveras/j120/normalized-j12044_1-sat.opb.xz,8
DEC-LIN/normalized-PB10/oliveras/j120/normalized-j12044_1-unsat.opb.xz,8
DEC-LIN/normalized-PB10/oliveras/j120/normalized-j12044_10-sat.opb.xz,9
DEC-LIN/normalized-PB10/oliveras/j120/normalized-j12044_10-unsat.opb.xz,9
DEC-LIN/normalized-PB10/oliveras/j120/normalized-j12044_2-sat.opb.xz,8
DEC-LIN/normalized-PB10/oliveras/j120/normalized-j12044_2-unsat.opb.xz,8
DEC-LIN/normalized-PB10/oliveras/j120/normalized-j12044_3-sat.opb.xz,8
DEC-LIN/normalized-PB10/oliveras/j120/normalized-j12044_3-unsat.opb.xz,8
DEC-LIN/normalized-PB10/oliveras/j120/normalized-j12044_4-sat.opb.xz,9
DEC-LIN/normalized-PB10/oliveras/j120/normalized-j12044_4-unsat.opb.xz,9
DEC-LIN/normalized-PB10/oliveras/j120/normalized-j12044_5-sat.opb.xz,8
DEC-LIN/normalized-PB10/oliveras/j120/normalized-j12044_5-unsat.opb.xz,8
DEC-LIN/normalized-PB10/oliveras/j120/normalized-j12044_6-sat.opb.xz,8
DEC-LIN/normalized-PB10/oliveras/j120/normalized-j12044_6-unsat.opb.xz,8
DEC-LIN/normalized-PB10/oliveras/j120/normalized-j12044_7-sat.opb.xz,8
DEC-LIN/normalized-PB10/oliveras/j120/normalized-j12044_7-unsat.opb.xz,8
DEC-LIN/normalized-PB10/oliveras/j120/normalized-j12044_8-sat.opb.xz,8
DEC-LIN/normalized-PB10/oliveras/j120/normalized-j12044_8-unsat.opb.xz,8
DEC-LIN/normalized-PB10/oliveras/j120/normalized-j12044_9-sat.opb.xz,8
DEC-LIN/normalized-PB10/oliveras/j120/normalized-j12044_9-unsat.opb.xz,8
DEC-LIN/normalized-PB10/oliveras/j120/normalized-j12045_1-sat.opb.xz,8
DEC-LIN/normalized-PB10/oliveras/j120/normalized-j12045_1-unsat.opb.xz,8
DEC-LIN/normalized-PB10/oliveras/j120/normalized-j12045_10-sat.opb.xz,8
DEC-LIN/normalized-PB10/oliveras/j120/normalized-j12045_10-unsat.opb.xz,8
DEC-LIN/normalized-PB10/oliveras/j120/normalized-j12045_2-sat.opb.xz,8
DEC-LIN/normalized-PB10/oliveras/j120/normalized-j12045_2-unsat.opb.xz,8
DEC-LIN/normalized-PB10/oliveras/j120/normalized-j12045_3-sat.opb.xz,8
DEC-LIN/normalized-PB10/oliveras/j120/normalized-j12045_3-unsat.opb.xz,8
DEC-LIN/normalized-PB10/oliveras/j120/normalized-j12045_4-sat.opb.xz,8
DEC-LIN/normalized-PB10/oliveras/j120/normalized-j12045_4-unsat.opb.xz,8
DEC-LIN/normalized-PB10/oliveras/j120/normalized-j12045_5-sat.opb.xz,8
DEC-LIN/normalized-PB10/oliveras/j120/normalized-j12045_5-unsat.opb.xz,8
DEC-LIN/normalized-PB10/oliveras/j120/normalized-j12045_6-sat.opb.xz,8
DEC-LIN/normalized-PB10/oliveras/j120/normalized-j12045_6-unsat.opb.xz,8
DEC-LIN/normalized-PB10/oliveras/j120/normalized-j12045_7-sat.opb.xz,8
DEC-LIN/normalized-PB10/oliveras/j120/normalized-j12045_7-unsat.opb.xz,8
DEC-LIN/normalized-PB10/oliveras/j120/normalized-j12045_8-sat.opb.xz,8
DEC-LIN/normalized-PB10/oliveras/j120/normalized-j12045_8-unsat.opb.xz,8
DEC-LIN/normalized-PB10/oliveras/j120/normalized-j12045_9-sat.opb.xz,8
DEC-LIN/normalized-PB10/oliveras/j120/normalized-j12045_9-unsat.opb.xz,8
DEC-LIN/normalized-PB10/oliveras/j120/normalized-j12046_1-sat.opb.xz,9
DEC-LIN/normalized-PB10/oliveras/j120/normalized-j12046_1-unsat.opb.xz,9
DEC-LIN/normalized-PB10/oliveras/j120/normalized-j12046_10-sat.opb.xz,9
DEC-LIN/normalized-PB10/oliveras/j120/normalized-j12046_10-unsat.opb.xz,9
DEC-LIN/normalized-PB10/oliveras/j120/normalized-j12046_2-sat.opb.xz,9
DEC-LIN/normalized-PB10/oliveras/j120/normalized-j12046_2-unsat.opb.xz,9
DEC-LIN/normalized-PB10/oliveras/j120/normalized-j12046_3-sat.opb.xz,9
DEC-LIN/normalized-PB10/oliveras/j120/normalized-j12046_3-unsat.opb.xz,9
DEC-LIN/normalized-PB10/oliveras/j120/normalized-j12046_4-sat.opb.xz,9
DEC-LIN/normalized-PB10/oliveras/j120/normalized-j12046_4-unsat.opb.xz,9
DEC-LIN/normalized-PB10/oliveras/j120/normalized-j12046_5-sat.opb.xz,9
DEC-LIN/normalized-PB10/oliveras/j120/normalized-j12046_5-unsat.opb.xz,9
DEC-LIN/normalized-PB10/oliveras/j120/normalized-j12046_6-sat.opb.xz,9
DEC-LIN/normalized-PB10/oliveras/j120/normalized-j12046_6-unsat.opb.xz,9
DEC-LIN/normalized-PB10/oliveras/j120/normalized-j12046_7-sat.opb.xz,9
DEC-LIN/normalized-PB10/oliveras/j120/normalized-j12046_7-unsat.opb.xz,9
DEC-LIN/normalized-PB10/oliveras/j120/normalized-j12046_8-sat.opb.xz,9
DEC-LIN/normalized-PB10/oliveras/j120/normalized-j12046_8-unsat.opb.xz,9
DEC-LIN/normalized-PB10/oliveras/j120/normalized-j12046_9-sat.opb.xz,9
DEC-LIN/normalized-PB10/oliveras/j120/normalized-j12046_9-unsat.opb.xz,9
DEC-LIN/normalized-PB10/oliveras/j120/normalized-j12047_1-sat.opb.xz,9
DEC-LIN/normalized-PB10/oliveras/j120/normalized-j12047_1-unsat.opb.xz,9
DEC-LIN/normalized-PB10/oliveras/j120/normalized-j12047_10-sat.opb.xz,9
DEC-LIN/normalized-PB10/oliveras/j120/normalized-j12047_10-unsat.opb.xz,9
DEC-LIN/normalized-PB10/oliveras/j120/normalized-j12047_2-sat.opb.xz,9
DEC-LIN/normalized-PB10/oliveras/j120/normalized-j12047_2-unsat.opb.xz,9
DEC-LIN/normalized-PB10/oliveras/j120/normalized-j12047_3-sat.opb.xz,9
DEC-LIN/normalized-PB10/oliveras/j120/normalized-j12047_3-unsat.opb.xz,9
DEC-LIN/normalized-PB10/oliveras/j120/normalized-j12047_4-sat.opb.xz,9
DEC-LIN/normalized-PB10/oliveras/j120/normalized-j12047_4-unsat.opb.xz,9
DEC-LIN/normalized-PB10/oliveras/j120/normalized-j12047_5-sat.opb.xz,9
DEC-LIN/normalized-PB10/oliveras/j120/normalized-j12047_5-unsat.opb.xz,9
DEC-LIN/normalized-PB10/oliveras/j120/normalized-j12047_6-sat.opb.xz,9
DEC-LIN/normalized-PB10/oliveras/j120/normalized-j12047_6-unsat.opb.xz,9
DEC-LIN/normalized-PB10/oliveras/j120/normalized-j12047_7-sat.opb.xz,9
DEC-LIN/normalized-PB10/oliveras/j120/normalized-j12047_7-unsat.opb.xz,9
DEC-LIN/normalized-PB10/oliveras/j120/normalized-j12047_8-sat.opb.xz,9
DEC-LIN/normalized-PB10/oliveras/j120/normalized-j12047_8-unsat.opb.xz,9
DEC-LIN/normalized-PB10/oliveras/j120/normalized-j12047_9-sat.opb.xz,9
DEC-LIN/normalized-PB10/oliveras/j120/normalized-j12047_9-unsat.opb.xz,9
DEC-LIN/normalized-PB10/oliveras/j120/normalized-j12048_1-sat.opb.xz,9
DEC-LIN/normalized-PB10/oliveras/j120/normalized-j12048_1-unsat.opb.xz,9
DEC-LIN/normalized-PB10/oliveras/j120/normalized-j12048_10-sat.opb.xz,9
DEC-LIN/normalized-PB10/oliveras/j120/normalized-j12048_10-unsat.opb.xz,9
DEC-LIN/normalized-PB10/oliveras/j120/normalized-j12048_2-sat.opb.xz,9
DEC-LIN/normalized-PB10/oliveras/j120/normalized-j12048_2-unsat.opb.xz,9
DEC-LIN/normalized-PB10/oliveras/j120/normalized-j12048_3-sat.opb.xz,9
DEC-LIN/normalized-PB10/oliveras/j120/normalized-j12048_3-unsat.opb.xz,9
DEC-LIN/normalized-PB10/oliveras/j120/normalized-j12048_4-sat.opb.xz,9
DEC-LIN/normalized-PB10/oliveras/j120/normalized-j12048_4-unsat.opb.xz,9
DEC-LIN/normalized-PB10/oliveras/j120/normalized-j12048_5-sat.opb.xz,9
DEC-LIN/normalized-PB10/oliveras/j120/normalized-j12048_5-unsat.opb.xz,9
DEC-LIN/normalized-PB10/oliveras/j120/normalized-j12048_6-sat.opb.xz,9
DEC-LIN/normalized-PB10/oliveras/j120/normalized-j12048_6-unsat.opb.xz,9
DEC-LIN/normalized-PB10/oliveras/j120/normalized-j12048_7-sat.opb.xz,9
DEC-LIN/normalized-PB10/oliveras/j120/normalized-j12048_7-unsat.opb.xz,9
DEC-LIN/normalized-PB10/oliveras/j120/normalized-j12048_8-sat.opb.xz,9
DEC-LIN/normalized-PB10/oliveras/j120/normalized-j12048_8-unsat.opb.xz,9
DEC-LIN/normalized-PB10/oliveras/j120/normalized-j12048_9-sat.opb.xz,9
DEC-LIN/normalized-PB10/oliveras/j120/normalized-j12048_9-unsat.opb.xz,9
DEC-LIN/normalized-PB10/oliveras/j120/normalized-j12049_1-sat.opb.xz,9
DEC-LIN/normalized-PB10/oliveras/j120/normalized-j12049_1-unsat.opb.xz,9
DEC-LIN/normalized-PB10/oliveras/j120/normalized-j12049_10-sat.opb.xz,9
DEC-LIN/normalized-PB10/oliveras/j120/normalized-j12049_10-unsat.opb.xz,9
DEC-LIN/normalized-PB10/oliveras/j120/normalized-j12049_2-sat.opb.xz,9
DEC-LIN/normalized-PB10/oliveras/j120/normalized-j12049_2-unsat.opb.xz,9
DEC-LIN/normalized-PB10/oliveras/j120/normalized-j12049_3-sat.opb.xz,9
DEC-LIN/normalized-PB10/oliveras/j120/normalized-j12049_3-unsat.opb.xz,9
DEC-LIN/normalized-PB10/oliveras/j120/normalized-j12049_4-sat.opb.xz,9
DEC-LIN/normalized-PB10/oliveras/j120/normalized-j12049_4-unsat.opb.xz,9
DEC-LIN/normalized-PB10/oliveras/j120/normalized-j12049_5-sat.opb.xz,9
DEC-LIN/normalized-PB10/oliveras/j120/normalized-j12049_5-unsat.opb.xz,9
DEC-LIN/normalized-PB10/oliveras/j120/normalized-j12049_6-sat.opb.xz,9
DEC-LIN/normalized-PB10/oliveras/j120/normalized-j12049_6-unsat.opb.xz,9
DEC-LIN/normalized-PB10/oliveras/j120/normalized-j12049_7-sat.opb.xz,9
DEC-LIN/normalized-PB10/oliveras/j120/normalized-j12049_7-unsat.opb.xz,9
DEC-LIN/normalized-PB10/oliveras/j120/normalized-j12049_8-sat.opb.xz,9
DEC-LIN/normalized-PB10/oliveras/j120/normalized-j12049_8-unsat.opb.xz,9
DEC-LIN/normalized-PB10/oliveras/j120/normalized-j12049_9-sat.opb.xz,9
DEC-LIN/normalized-PB10/oliveras/j120/normalized-j12049_9-unsat.opb.xz,9
DEC-LIN/normalized-PB10/oliveras/j120/normalized-j1204_1-sat.opb.xz,8
DEC-LIN/normalized-PB10/oliveras/j120/normalized-j1204_1-unsat.opb.xz,8
DEC-LIN/normalized-PB10/oliveras/j120/normalized-j1204_10-sat.opb.xz,8
DEC-LIN/normalized-PB10/oliveras/j120/normalized-j1204_10-unsat.opb.xz,8
DEC-LIN/normalized-PB10/oliveras/j120/normalized-j1204_2-sat.opb.xz,9
DEC-LIN/normalized-PB10/oliveras/j120/normalized-j1204_2-unsat.opb.xz,9
DEC-LIN/normalized-PB10/oliveras/j120/normalized-j1204_3-sat.opb.xz,9
DEC-LIN/normalized-PB10/oliveras/j120/normalized-j1204_3-unsat.opb.xz,9
DEC-LIN/normalized-PB10/oliveras/j120/normalized-j1204_4-sat.opb.xz,8
DEC-LIN/normalized-PB10/oliveras/j120/normalized-j1204_4-unsat.opb.xz,8
DEC-LIN/normalized-PB10/oliveras/j120/normalized-j1204_5-sat.opb.xz,8
DEC-LIN/normalized-PB10/oliveras/j120/normalized-j1204_5-unsat.opb.xz,8
DEC-LIN/normalized-PB10/oliveras/j120/normalized-j1204_6-sat.opb.xz,8
DEC-LIN/normalized-PB10/oliveras/j120/normalized-j1204_6-unsat.opb.xz,8
DEC-LIN/normalized-PB10/oliveras/j120/normalized-j1204_7-sat.opb.xz,8
DEC-LIN/normalized-PB10/oliveras/j120/normalized-j1204_7-unsat.opb.xz,8
DEC-LIN/normalized-PB10/oliveras/j120/normalized-j1204_8-sat.opb.xz,8
DEC-LIN/normalized-PB10/oliveras/j120/normalized-j1204_8-unsat.opb.xz,8
DEC-LIN/normalized-PB10/oliveras/j120/normalized-j1204_9-sat.opb.xz,8
DEC-LIN/normalized-PB10/oliveras/j120/normalized-j1204_9-unsat.opb.xz,8
DEC-LIN/normalized-PB10/oliveras/j120/normalized-j12050_1-sat.opb.xz,9
DEC-LIN/normalized-PB10/oliveras/j120/normalized-j12050_1-unsat.opb.xz,9
DEC-LIN/normalized-PB10/oliveras/j120/normalized-j12050_10-sat.opb.xz,9
DEC-LIN/normalized-PB10/oliveras/j120/normalized-j12050_10-unsat.opb.xz,9
DEC-LIN/normalized-PB10/oliveras/j120/normalized-j12050_2-sat.opb.xz,9
DEC-LIN/normalized-PB10/oliveras/j120/normalized-j12050_2-unsat.opb.xz,9
DEC-LIN/normalized-PB10/oliveras/j120/normalized-j12050_3-sat.opb.xz,9
DEC-LIN/normalized-PB10/oliveras/j120/normalized-j12050_3-unsat.opb.xz,9
DEC-LIN/normalized-PB10/oliveras/j120/normalized-j12050_4-sat.opb.xz,9
DEC-LIN/normalized-PB10/oliveras/j120/normalized-j12050_4-unsat.opb.xz,9
DEC-LIN/normalized-PB10/oliveras/j120/normalized-j12050_5-sat.opb.xz,9
DEC-LIN/normalized-PB10/oliveras/j120/normalized-j12050_5-unsat.opb.xz,9
DEC-LIN/normalized-PB10/oliveras/j120/normalized-j12050_6-sat.opb.xz,9
DEC-LIN/normalized-PB10/oliveras/j120/normalized-j12050_6-unsat.opb.xz,9
DEC-LIN/normalized-PB10/oliveras/j120/normalized-j12050_7-sat.opb.xz,9
DEC-LIN/normalized-PB10/oliveras/j120/normalized-j12050_7-unsat.opb.xz,9
DEC-LIN/normalized-PB10/oliveras/j120/normalized-j12050_8-sat.opb.xz,9
DEC-LIN/normalized-PB10/oliveras/j120/normalized-j12050_8-unsat.opb.xz,9
DEC-LIN/normalized-PB10/oliveras/j120/normalized-j12050_9-sat.opb.xz,9
DEC-LIN/normalized-PB10/oliveras/j120/normalized-j12050_9-unsat.opb.xz,9
DEC-LIN/normalized-PB10/oliveras/j120/normalized-j12051_1-sat.opb.xz,10
DEC-LIN/normalized-PB10/oliveras/j120/normalized-j12051_1-unsat.opb.xz,10
DEC-LIN/normalized-PB10/oliveras/j120/normalized-j12051_10-sat.opb.xz,10
DEC-LIN/normalized-PB10/oliveras/j120/normalized-j12051_10-unsat.opb.xz,10
DEC-LIN/normalized-PB10/oliveras/j120/normalized-j12051_2-sat.opb.xz,10
DEC-LIN/normalized-PB10/oliveras/j120/normalized-j12051_2-unsat.opb.xz,10
DEC-LIN/normalized-PB10/oliveras/j120/normalized-j12051_3-sat.opb.xz,10
DEC-LIN/normalized-PB10/oliveras/j120/normalized-j12051_3-unsat.opb.xz,10
DEC-LIN/normalized-PB10/oliveras/j120/normalized-j12051_4-sat.opb.xz,9
DEC-LIN/normalized-PB10/oliveras/j120/normalized-j12051_4-unsat.opb.xz,9
DEC-LIN/normalized-PB10/oliveras/j120/normalized-j12051_5-sat.opb.xz,10
DEC-LIN/normalized-PB10/oliveras/j120/normalized-j12051_5-unsat.opb.xz,10
DEC-LIN/normalized-PB10/oliveras/j120/normalized-j12051_6-sat.opb.xz,10
DEC-LIN/normalized-PB10/oliveras/j120/normalized-j12051_6-unsat.opb.xz,10
DEC-LIN/normalized-PB10/oliveras/j120/normalized-j12051_7-sat.opb.xz,10
DEC-LIN/normalized-PB10/oliveras/j120/normalized-j12051_7-unsat.opb.xz,10
DEC-LIN/normalized-PB10/oliveras/j120/normalized-j12051_8-sat.opb.xz,10
DEC-LIN/normalized-PB10/oliveras/j120/normalized-j12051_8-unsat.opb.xz,10
DEC-LIN/normalized-PB10/oliveras/j120/normalized-j12051_9-sat.opb.xz,10
DEC-LIN/normalized-PB10/oliveras/j120/normalized-j12051_9-unsat.opb.xz,10
DEC-LIN/normalized-PB10/oliveras/j120/normalized-j12052_1-sat.opb.xz,10
DEC-LIN/normalized-PB10/oliveras/j120/normalized-j12052_1-unsat.opb.xz,10
DEC-LIN/normalized-PB10/oliveras/j120/normalized-j12052_10-sat.opb.xz,10
DEC-LIN/normalized-PB10/oliveras/j120/normalized-j12052_10-unsat.opb.xz,10
DEC-LIN/normalized-PB10/oliveras/j120/normalized-j12052_2-sat.opb.xz,10
DEC-LIN/normalized-PB10/oliveras/j120/normalized-j12052_2-unsat.opb.xz,10
DEC-LIN/normalized-PB10/oliveras/j120/normalized-j12052_3-sat.opb.xz,10
DEC-LIN/normalized-PB10/oliveras/j120/normalized-j12052_3-unsat.opb.xz,10
DEC-LIN/normalized-PB10/oliveras/j120/normalized-j12052_4-sat.opb.xz,10
DEC-LIN/normalized-PB10/oliveras/j120/normalized-j12052_4-unsat.opb.xz,10
DEC-LIN/normalized-PB10/oliveras/j120/normalized-j12052_5-sat.opb.xz,10
DEC-LIN/normalized-PB10/oliveras/j120/normalized-j12052_5-unsat.opb.xz,10
DEC-LIN/normalized-PB10/oliveras/j120/normalized-j12052_6-sat.opb.xz,10
DEC-LIN/normalized-PB10/oliveras/j120/normalized-j12052_6-unsat.opb.xz,10
DEC-LIN/normalized-PB10/oliveras/j120/normalized-j12052_7-sat.opb.xz,10
DEC-LIN/normalized-PB10/oliveras/j120/normalized-j12052_7-unsat.opb.xz,10
DEC-LIN/normalized-PB10/oliveras/j120/normalized-j12052_8-sat.opb.xz,10
DEC-LIN/normalized-PB10/oliveras/j120/normalized-j12052_8-unsat.opb.xz,10
DEC-LIN/normalized-PB10/oliveras/j120/normalized-j12052_9-sat.opb.xz,10
DEC-LIN/normalized-PB10/oliveras/j120/normalized-j12052_9-unsat.opb.xz,10
DEC-LIN/normalized-PB10/oliveras/j120/normalized-j12053_1-sat.opb.xz,10
DEC-LIN/normalized-PB10/oliveras/j120/normalized-j12053_1-unsat.opb.xz,10
DEC-LIN/normalized-PB10/oliveras/j120/normalized-j12053_10-sat.opb.xz,10
DEC-LIN/normalized-PB10/oliveras/j120/normalized-j12053_10-unsat.opb.xz,10
DEC-LIN/normalized-PB10/oliveras/j120/normalized-j12053_2-sat.opb.xz,10
DEC-LIN/normalized-PB10/oliveras/j120/normalized-j12053_2-unsat.opb.xz,10
DEC-LIN/normalized-PB10/oliveras/j120/normalized-j12053_3-sat.opb.xz,10
DEC-LIN/normalized-PB10/oliveras/j120/normalized-j12053_3-unsat.opb.xz,10
DEC-LIN/normalized-PB10/oliveras/j120/normalized-j12053_4-sat.opb.xz,10
DEC-LIN/normalized-PB10/oliveras/j120/normalized-j12053_4-unsat.opb.xz,10
DEC-LIN/normalized-PB10/oliveras/j120/normalized-j12053_5-sat.opb.xz,10
DEC-LIN/normalized-PB10/oliveras/j120/normalized-j12053_5-unsat.opb.xz,10
DEC-LIN/normalized-PB10/oliveras/j120/normalized-j12053_6-sat.opb.xz,10
DEC-LIN/normalized-PB10/oliveras/j120/normalized-j12053_6-unsat.opb.xz,10
DEC-LIN/normalized-PB10/oliveras/j120/normalized-j12053_7-sat.opb.xz,10
DEC-LIN/normalized-PB10/oliveras/j120/normalized-j12053_7-unsat.opb.xz,10
DEC-LIN/normalized-PB10/oliveras/j120/normalized-j12053_8-sat.opb.xz,10
DEC-LIN/normalized-PB10/oliveras/j120/normalized-j12053_8-unsat.opb.xz,10
DEC-LIN/normalized-PB10/oliveras/j120/normalized-j12053_9-sat.opb.xz,10
DEC-LIN/normalized-PB10/oliveras/j120/normalized-j12053_9-unsat.opb.xz,10
DEC-LIN/normalized-PB10/oliveras/j120/normalized-j12054_1-sat.opb.xz,10
DEC-LIN/normalized-PB10/oliveras/j120/normalized-j12054_1-unsat.opb.xz,10
DEC-LIN/normalized-PB10/oliveras/j120/normalized-j12054_10-sat.opb.xz,10
DEC-LIN/normalized-PB10/oliveras/j120/normalized-j12054_10-unsat.opb.xz,10
DEC-LIN/normalized-PB10/oliveras/j120/normalized-j12054_2-sat.opb.xz,10
DEC-LIN/normalized-PB10/oliveras/j120/normalized-j12054_2-unsat.opb.xz,10
DEC-LIN/normalized-PB10/oliveras/j120/normalized-j12054_3-sat.opb.xz,10
DEC-LIN/normalized-PB10/oliveras/j120/normalized-j12054_3-unsat.opb.xz,10
DEC-LIN/normalized-PB10/oliveras/j120/normalized-j12054_4-sat.opb.xz,10
DEC-LIN/normalized-PB10/oliveras/j120/normalized-j12054_4-unsat.opb.xz,10
DEC-LIN/normalized-PB10/oliveras/j120/normalized-j12054_5-sat.opb.xz,10
DEC-LIN/normalized-PB10/oliveras/j120/normalized-j12054_5-unsat.opb.xz,10
DEC-LIN/normalized-PB10/oliveras/j120/normalized-j12054_6-sat.opb.xz,10
DEC-LIN/normalized-PB10/oliveras/j120/normalized-j12054_6-unsat.opb.xz,10
DEC-LIN/normalized-PB10/oliveras/j120/normalized-j12054_7-sat.opb.xz,10
DEC-LIN/normalized-PB10/oliveras/j120/normalized-j12054_7-unsat.opb.xz,10
DEC-LIN/normalized-PB10/oliveras/j120/normalized-j12054_8-sat.opb.xz,10
DEC-LIN/normalized-PB10/oliveras/j120/normalized-j12054_8-unsat.opb.xz,10
DEC-LIN/normalized-PB10/oliveras/j120/normalized-j12054_9-sat.opb.xz,10
DEC-LIN/normalized-PB10/oliveras/j120/normalized-j12054_9-unsat.opb.xz,10
DEC-LIN/normalized-PB10/oliveras/j120/normalized-j12055_1-sat.opb.xz,10
DEC-LIN/normalized-PB10/oliveras/j120/normalized-j12055_1-unsat.opb.xz,10
DEC-LIN/normalized-PB10/oliveras/j120/normalized-j12055_10-sat.opb.xz,10
DEC-LIN/normalized-PB10/oliveras/j120/normalized-j12055_10-unsat.opb.xz,10
DEC-LIN/normalized-PB10/oliveras/j120/normalized-j12055_2-sat.opb.xz,10
DEC-LIN/normalized-PB10/oliveras/j120/normalized-j12055_2-unsat.opb.xz,10
DEC-LIN/normalized-PB10/oliveras/j120/normalized-j12055_3-sat.opb.xz,10
DEC-LIN/normalized-PB10/oliveras/j120/normalized-j12055_3-unsat.opb.xz,10
DEC-LIN/normalized-PB10/oliveras/j120/normalized-j12055_4-sat.opb.xz,10
DEC-LIN/normalized-PB10/oliveras/j120/normalized-j12055_4-unsat.opb.xz,10
DEC-LIN/normalized-PB10/oliveras/j120/normalized-j12055_5-sat.opb.xz,10
DEC-LIN/normalized-PB10/oliveras/j120/normalized-j12055_5-unsat.opb.xz,10
DEC-LIN/normalized-PB10/oliveras/j120/normalized-j12055_6-sat.opb.xz,10
DEC-LIN/normalized-PB10/oliveras/j120/normalized-j12055_6-unsat.opb.xz,10
DEC-LIN/normalized-PB10/oliveras/j120/normalized-j12055_7-sat.opb.xz,10
DEC-LIN/normalized-PB10/oliveras/j120/normalized-j12055_7-unsat.opb.xz,10
DEC-LIN/normalized-PB10/oliveras/j120/normalized-j12055_8-sat.opb.xz,10
DEC-LIN/normalized-PB10/oliveras/j120/normalized-j12055_8-unsat.opb.xz,10
DEC-LIN/normalized-PB10/oliveras/j120/normalized-j12055_9-sat.opb.xz,10
DEC-LIN/normalized-PB10/oliveras/j120/normalized-j12055_9-unsat.opb.xz,10
DEC-LIN/normalized-PB10/oliveras/j120/normalized-j12056_1-sat.opb.xz,10
DEC-LIN/normalized-PB10/oliveras/j120/normalized-j12056_1-unsat.opb.xz,10
DEC-LIN/normalized-PB10/oliveras/j120/normalized-j12056_10-sat.opb.xz,10
DEC-LIN/normalized-PB10/oliveras/j120/normalized-j12056_10-unsat.opb.xz,10
DEC-LIN/normalized-PB10/oliveras/j120/normalized-j12056_2-sat.opb.xz,10
DEC-LIN/normalized-PB10/oliveras/j120/normalized-j12056_2-unsat.opb.xz,10
DEC-LIN/normalized-PB10/oliveras/j120/normalized-j12056_3-sat.opb.xz,10
DEC-LIN/normalized-PB10/oliveras/j120/normalized-j12056_3-unsat.opb.xz,10
DEC-LIN/normalized-PB10/oliveras/j120/normalized-j12056_4-sat.opb.xz,10
DEC-LIN/normalized-PB10/oliveras/j120/normalized-j12056_4-unsat.opb.xz,10
DEC-LIN/normalized-PB10/oliveras/j120/normalized-j12056_5-sat.opb.xz,10
DEC-LIN/normalized-PB10/oliveras/j120/normalized-j12056_5-unsat.opb.xz,10
DEC-LIN/normalized-PB10/oliveras/j120/normalized-j12056_6-sat.opb.xz,10
DEC-LIN/normalized-PB10/oliveras/j120/normalized-j12056_6-unsat.opb.xz,10
DEC-LIN/normalized-PB10/oliveras/j120/normalized-j12056_7-sat.opb.xz,10
DEC-LIN/normalized-PB10/oliveras/j120/normalized-j12056_7-unsat.opb.xz,10
DEC-LIN/normalized-PB10/oliveras/j120/normalized-j12056_8-sat.opb.xz,10
DEC-LIN/normalized-PB10/oliveras/j120/normalized-j12056_8-unsat.opb.xz,10
DEC-LIN/normalized-PB10/oliveras/j120/normalized-j12056_9-sat.opb.xz,10
DEC-LIN/normalized-PB10/oliveras/j120/normalized-j12056_9-unsat.opb.xz,10
DEC-LIN/normalized-PB10/oliveras/j120/normalized-j12057_1-sat.opb.xz,10
DEC-LIN/normalized-PB10/oliveras/j120/normalized-j12057_1-unsat.opb.xz,10
DEC-LIN/normalized-PB10/oliveras/j120/normalized-j12057_10-sat.opb.xz,10
DEC-LIN/normalized-PB10/oliveras/j120/normalized-j12057_10-unsat.opb.xz,10
DEC-LIN/normalized-PB10/oliveras/j120/normalized-j12057_2-sat.opb.xz,10
DEC-LIN/normalized-PB10/oliveras/j120/normalized-j12057_2-unsat.opb.xz,10
DEC-LIN/normalized-PB10/oliveras/j120/normalized-j12057_3-sat.opb.xz,10
DEC-LIN/normalized-PB10/oliveras/j120/normalized-j12057_3-unsat.opb.xz,10
DEC-LIN/normalized-PB10/oliveras/j120/normalized-j12057_4-sat.opb.xz,10
DEC-LIN/normalized-PB10/oliveras/j120/normalized-j12057_4-unsat.opb.xz,10
DEC-LIN/normalized-PB10/oliveras/j120/normalized-j12057_5-sat.opb.xz,10
DEC-LIN/normalized-PB10/oliveras/j120/normalized-j12057_5-unsat.opb.xz,10
DEC-LIN/normalized-PB10/oliveras/j120/normalized-j12057_6-sat.opb.xz,10
DEC-LIN/normalized-PB10/oliveras/j120/normalized-j12057_6-unsat.opb.xz,10
DEC-LIN/normalized-PB10/oliveras/j120/normalized-j12057_7-sat.opb.xz,10
DEC-LIN/normalized-PB10/oliveras/j120/normalized-j12057_7-unsat.opb.xz,10
DEC-LIN/normalized-PB10/oliveras/j120/normalized-j12057_8-sat.opb.xz,10
DEC-LIN/normalized-PB10/oliveras/j120/normalized-j12057_8-unsat.opb.xz,10
DEC-LIN/normalized-PB10/oliveras/j120/normalized-j12057_9-sat.opb.xz,10
DEC-LIN/normalized-PB10/oliveras/j120/normalized-j12057_9-unsat.opb.xz,10
DEC-LIN/normalized-PB10/oliveras/j120/normalized-j12058_1-sat.opb.xz,10
DEC-LIN/normalized-PB10/oliveras/j120/normalized-j12058_1-unsat.opb.xz,10
DEC-LIN/normalized-PB10/oliveras/j120/normalized-j12058_10-sat.opb.xz,10
DEC-LIN/normalized-PB10/oliveras/j120/normalized-j12058_10-unsat.opb.xz,10
DEC-LIN/normalized-PB10/oliveras/j120/normalized-j12058_2-sat.opb.xz,10
DEC-LIN/normalized-PB10/oliveras/j120/normalized-j12058_2-unsat.opb.xz,10
DEC-LIN/normalized-PB10/oliveras/j120/normalized-j12058_3-sat.opb.xz,10
DEC-LIN/normalized-PB10/oliveras/j120/normalized-j12058_3-unsat.opb.xz,10
DEC-LIN/normalized-PB10/oliveras/j120/normalized-j12058_4-sat.opb.xz,10
DEC-LIN/normalized-PB10/oliveras/j120/normalized-j12058_4-unsat.opb.xz,10
DEC-LIN/normalized-PB10/oliveras/j120/normalized-j12058_5-sat.opb.xz,10
DEC-LIN/normalized-PB10/oliveras/j120/normalized-j12058_5-unsat.opb.xz,10
DEC-LIN/normalized-PB10/oliveras/j120/normalized-j12058_6-sat.opb.xz,10
DEC-LIN/normalized-PB10/oliveras/j120/normalized-j12058_6-unsat.opb.xz,10
DEC-LIN/normalized-PB10/oliveras/j120/normalized-j12058_7-sat.opb.xz,10
DEC-LIN/normalized-PB10/oliveras/j120/normalized-j12058_7-unsat.opb.xz,10
DEC-LIN/normalized-PB10/oliveras/j120/normalized-j12058_8-sat.opb.xz,10
DEC-LIN/normalized-PB10/oliveras/j120/normalized-j12058_8-unsat.opb.xz,10
DEC-LIN/normalized-PB10/oliveras/j120/normalized-j12058_9-sat.opb.xz,10
DEC-LIN/normalized-PB10/oliveras/j120/normalized-j12058_9-unsat.opb.xz,10
DEC-LIN/normalized-PB10/oliveras/j120/normalized-j12059_1-sat.opb.xz,10
DEC-LIN/normalized-PB10/oliveras/j120/normalized-j12059_1-unsat.opb.xz,10
DEC-LIN/normalized-PB10/oliveras/j120/normalized-j12059_10-sat.opb.xz,10
DEC-LIN/normalized-PB10/oliveras/j120/normalized-j12059_10-unsat.opb.xz,10
DEC-LIN/normalized-PB10/oliveras/j120/normalized-j12059_2-sat.opb.xz,10
DEC-LIN/normalized-PB10/oliveras/j120/normalized-j12059_2-unsat.opb.xz,10
DEC-LIN/normalized-PB10/oliveras/j120/normalized-j12059_3-sat.opb.xz,10
DEC-LIN/normalized-PB10/oliveras/j120/normalized-j12059_3-unsat.opb.xz,10
DEC-LIN/normalized-PB10/oliveras/j120/normalized-j12059_4-sat.opb.xz,10
DEC-LIN/normalized-PB10/oliveras/j120/normalized-j12059_4-unsat.opb.xz,10
DEC-LIN/normalized-PB10/oliveras/j120/normalized-j12059_5-sat.opb.xz,10
DEC-LIN/normalized-PB10/oliveras/j120/normalized-j12059_5-unsat.opb.xz,10
DEC-LIN/normalized-PB10/oliveras/j120/normalized-j12059_6-sat.opb.xz,10
DEC-LIN/normalized-PB10/oliveras/j120/normalized-j12059_6-unsat.opb.xz,10
DEC-LIN/normalized-PB10/oliveras/j120/normalized-j12059_7-sat.opb.xz,10
DEC-LIN/normalized-PB10/oliveras/j120/normalized-j12059_7-unsat.opb.xz,10
DEC-LIN/normalized-PB10/oliveras/j120/normalized-j12059_8-sat.opb.xz,10
DEC-LIN/normalized-PB10/oliveras/j120/normalized-j12059_8-unsat.opb.xz,10
DEC-LIN/normalized-PB10/oliveras/j120/normalized-j12059_9-sat.opb.xz,10
DEC-LIN/normalized-PB10/oliveras/j120/normalized-j12059_9-unsat.opb.xz,10
DEC-LIN/normalized-PB10/oliveras/j120/normalized-j1205_1-sat.opb.xz,8
DEC-LIN/normalized-PB10/oliveras/j120/normalized-j1205_1-unsat.opb.xz,8
DEC-LIN/normalized-PB10/oliveras/j120/normalized-j1205_10-sat.opb.xz,8
DEC-LIN/normalized-PB10/oliveras/j120/normalized-j1205_10-unsat.opb.xz,8
DEC-LIN/normalized-PB10/oliveras/j120/normalized-j1205_2-sat.opb.xz,8
DEC-LIN/normalized-PB10/oliveras/j120/normalized-j1205_2-unsat.opb.xz,8
DEC-LIN/normalized-PB10/oliveras/j120/normalized-j1205_3-sat.opb.xz,8
DEC-LIN/normalized-PB10/oliveras/j120/normalized-j1205_3-unsat.opb.xz,8
DEC-LIN/normalized-PB10/oliveras/j120/normalized-j1205_4-sat.opb.xz,9
DEC-LIN/normalized-PB10/oliveras/j120/normalized-j1205_4-unsat.opb.xz,9
DEC-LIN/normalized-PB10/oliveras/j120/normalized-j1205_5-sat.opb.xz,8
DEC-LIN/normalized-PB10/oliveras/j120/normalized-j1205_5-unsat.opb.xz,8
DEC-LIN/normalized-PB10/oliveras/j120/normalized-j1205_6-sat.opb.xz,8
DEC-LIN/normalized-PB10/oliveras/j120/normalized-j1205_6-unsat.opb.xz,8
DEC-LIN/normalized-PB10/oliveras/j120/normalized-j1205_7-sat.opb.xz,8
DEC-LIN/normalized-PB10/oliveras/j120/normalized-j1205_7-unsat.opb.xz,8
DEC-LIN/normalized-PB10/oliveras/j120/normalized-j1205_8-sat.opb.xz,8
DEC-LIN/normalized-PB10/oliveras/j120/normalized-j1205_8-unsat.opb.xz,8
DEC-LIN/normalized-PB10/oliveras/j120/normalized-j1205_9-sat.opb.xz,8
DEC-LIN/normalized-PB10/oliveras/j120/normalized-j1205_9-unsat.opb.xz,8
DEC-LIN/normalized-PB10/oliveras/j120/normalized-j12060_1-sat.opb.xz,10
DEC-LIN/normalized-PB10/oliveras/j120/normalized-j12060_1-unsat.opb.xz,10
DEC-LIN/normalized-PB10/oliveras/j120/normalized-j12060_10-sat.opb.xz,10
DEC-LIN/normalized-PB10/oliveras/j120/normalized-j12060_10-unsat.opb.xz,10
DEC-LIN/normalized-PB10/oliveras/j120/normalized-j12060_2-sat.opb.xz,10
DEC-LIN/normalized-PB10/oliveras/j120/normalized-j12060_2-unsat.opb.xz,10
DEC-LIN/normalized-PB10/oliveras/j120/normalized-j12060_3-sat.opb.xz,10
DEC-LIN/normalized-PB10/oliveras/j120/normalized-j12060_3-unsat.opb.xz,10
DEC-LIN/normalized-PB10/oliveras/j120/normalized-j12060_4-sat.opb.xz,10
DEC-LIN/normalized-PB10/oliveras/j120/normalized-j12060_4-unsat.opb.xz,10
DEC-LIN/normalized-PB10/oliveras/j120/normalized-j12060_5-sat.opb.xz,10
DEC-LIN/normalized-PB10/oliveras/j120/normalized-j12060_5-unsat.opb.xz,10
DEC-LIN/normalized-PB10/oliveras/j120/normalized-j12060_6-sat.opb.xz,10
DEC-LIN/normalized-PB10/oliveras/j120/normalized-j12060_6-unsat.opb.xz,10
DEC-LIN/normalized-PB10/oliveras/j120/normalized-j12060_7-sat.opb.xz,10
DEC-LIN/normalized-PB10/oliveras/j120/normalized-j12060_7-unsat.opb.xz,10
DEC-LIN/normalized-PB10/oliveras/j120/normalized-j12060_8-sat.opb.xz,10
DEC-LIN/normalized-PB10/oliveras/j120/normalized-j12060_8-unsat.opb.xz,10
DEC-LIN/normalized-PB10/oliveras/j120/normalized-j12060_9-sat.opb.xz,10
DEC-LIN/normalized-PB10/oliveras/j120/normalized-j12060_9-unsat.opb.xz,10
DEC-LIN/normalized-PB10/oliveras/j120/normalized-j1206_1-sat.opb.xz,9
DEC-LIN/normalized-PB10/oliveras/j120/normalized-j1206_1-unsat.opb.xz,9
DEC-LIN/normalized-PB10/oliveras/j120/normalized-j1206_10-sat.opb.xz,9
DEC-LIN/normalized-PB10/oliveras/j120/normalized-j1206_10-unsat.opb.xz,9
DEC-LIN/normalized-PB10/oliveras/j120/normalized-j1206_2-sat.opb.xz,9
DEC-LIN/normalized-PB10/oliveras/j120/normalized-j1206_2-unsat.opb.xz,9
DEC-LIN/normalized-PB10/oliveras/j120/normalized-j1206_3-sat.opb.xz,9
DEC-LIN/normalized-PB10/oliveras/j120/normalized-j1206_3-unsat.opb.xz,9
DEC-LIN/normalized-PB10/oliveras/j120/normalized-j1206_4-sat.opb.xz,9
DEC-LIN/normalized-PB10/oliveras/j120/normalized-j1206_4-unsat.opb.xz,9
DEC-LIN/normalized-PB10/oliveras/j120/normalized-j1206_5-sat.opb.xz,9
DEC-LIN/normalized-PB10/oliveras/j120/normalized-j1206_5-unsat.opb.xz,9
DEC-LIN/normalized-PB10/oliveras/j120/normalized-j1206_6-sat.opb.xz,9
DEC-LIN/normalized-PB10/oliveras/j120/normalized-j1206_6-unsat.opb.xz,9
DEC-LIN/normalized-PB10/oliveras/j120/normalized-j1206_7-sat.opb.xz,9
DEC-LIN/normalized-PB10/oliveras/j120/normalized-j1206_7-unsat.opb.xz,9
DEC-LIN/normalized-PB10/oliveras/j120/normalized-j1206_8-sat.opb.xz,9
DEC-LIN/normalized-PB10/oliveras/j120/normalized-j1206_8-unsat.opb.xz,9
DEC-LIN/normalized-PB10/oliveras/j120/normalized-j1206_9-sat.opb.xz,9
DEC-LIN/normalized-PB10/oliveras/j120/normalized-j1206_9-unsat.opb.xz,9
DEC-LIN/normalized-PB10/oliveras/j120/normalized-j1207_1-sat.opb.xz,9
DEC-LIN/normalized-PB10/oliveras/j120/normalized-j1207_1-unsat.opb.xz,9
DEC-LIN/normalized-PB10/oliveras/j120/normalized-j1207_10-sat.opb.xz,9
DEC-LIN/normalized-PB10/oliveras/j120/normalized-j1207_10-unsat.opb.xz,9
DEC-LIN/normalized-PB10/oliveras/j120/normalized-j1207_2-sat.opb.xz,9
DEC-LIN/normalized-PB10/oliveras/j120/normalized-j1207_2-unsat.opb.xz,9
DEC-LIN/normalized-PB10/oliveras/j120/normalized-j1207_3-sat.opb.xz,9
DEC-LIN/normalized-PB10/oliveras/j120/normalized-j1207_3-unsat.opb.xz,9
DEC-LIN/normalized-PB10/oliveras/j120/normalized-j1207_4-sat.opb.xz,9
DEC-LIN/normalized-PB10/oliveras/j120/normalized-j1207_4-unsat.opb.xz,9
DEC-LIN/normalized-PB10/oliveras/j120/normalized-j1207_5-sat.opb.xz,9
DEC-LIN/normalized-PB10/oliveras/j120/normalized-j1207_5-unsat.opb.xz,9
DEC-LIN/normalized-PB10/oliveras/j120/normalized-j1207_6-sat.opb.xz,9
DEC-LIN/normalized-PB10/oliveras/j120/normalized-j1207_6-unsat.opb.xz,9
DEC-LIN/normalized-PB10/oliveras/j120/normalized-j1207_7-sat.opb.xz,9
DEC-LIN/normalized-PB10/oliveras/j120/normalized-j1207_7-unsat.opb.xz,9
DEC-LIN/normalized-PB10/oliveras/j120/normalized-j1207_8-sat.opb.xz,9
DEC-LIN/normalized-PB10/oliveras/j120/normalized-j1207_8-unsat.opb.xz,9
DEC-LIN/normalized-PB10/oliveras/j120/normalized-j1207_9-sat.opb.xz,9
DEC-LIN/normalized-PB10/oliveras/j120/normalized-j1207_9-unsat.opb.xz,9
DEC-LIN/normalized-PB10/oliveras/j120/normalized-j1208_1-sat.opb.xz,10
DEC-LIN/normalized-PB10/oliveras/j120/normalized-j1208_1-unsat.opb.xz,10
DEC-LIN/normalized-PB10/oliveras/j120/normalized-j1208_10-sat.opb.xz,9
DEC-LIN/normalized-PB10/oliveras/j120/normalized-j1208_10-unsat.opb.xz,9
DEC-LIN/normalized-PB10/oliveras/j120/normalized-j1208_2-sat.opb.xz,9
DEC-LIN/normalized-PB10/oliveras/j120/normalized-j1208_2-unsat.opb.xz,9
DEC-LIN/normalized-PB10/oliveras/j120/normalized-j1208_3-sat.opb.xz,9
DEC-LIN/normalized-PB10/oliveras/j120/normalized-j1208_3-unsat.opb.xz,9
DEC-LIN/normalized-PB10/oliveras/j120/normalized-j1208_4-sat.opb.xz,9
DEC-LIN/normalized-PB10/oliveras/j120/normalized-j1208_4-unsat.opb.xz,9
DEC-LIN/normalized-PB10/oliveras/j120/normalized-j1208_5-sat.opb.xz,9
DEC-LIN/normalized-PB10/oliveras/j120/normalized-j1208_5-unsat.opb.xz,9
DEC-LIN/normalized-PB10/oliveras/j120/normalized-j1208_6-sat.opb.xz,9
DEC-LIN/normalized-PB10/oliveras/j120/normalized-j1208_6-unsat.opb.xz,9
DEC-LIN/normalized-PB10/oliveras/j120/normalized-j1208_7-sat.opb.xz,9
DEC-LIN/normalized-PB10/oliveras/j120/normalized-j1208_7-unsat.opb.xz,9
DEC-LIN/normalized-PB10/oliveras/j120/normalized-j1208_8-sat.opb.xz,9
DEC-LIN/normalized-PB10/oliveras/j120/normalized-j1208_8-unsat.opb.xz,9
DEC-LIN/normalized-PB10/oliveras/j120/normalized-j1208_9-sat.opb.xz,9
DEC-LIN/normalized-PB10/oliveras/j120/normalized-j1208_9-unsat.opb.xz,9
DEC-LIN/normalized-PB10/oliveras/j120/normalized-j1209_1-sat.opb.xz,9
DEC-LIN/normalized-PB10/oliveras/j120/normalized-j1209_1-unsat.opb.xz,9
DEC-LIN/normalized-PB10/oliveras/j120/normalized-j1209_10-sat.opb.xz,9
DEC-LIN/normalized-PB10/oliveras/j120/normalized-j1209_10-unsat.opb.xz,9
DEC-LIN/normalized-PB10/oliveras/j120/normalized-j1209_2-sat.opb.xz,9
DEC-LIN/normalized-PB10/oliveras/j120/normalized-j1209_2-unsat.opb.xz,9
DEC-LIN/normalized-PB10/oliveras/j120/normalized-j1209_3-sat.opb.xz,9
DEC-LIN/normalized-PB10/oliveras/j120/normalized-j1209_3-unsat.opb.xz,9
DEC-LIN/normalized-PB10/oliveras/j120/normalized-j1209_4-sat.opb.xz,9
DEC-LIN/normalized-PB10/oliveras/j120/normalized-j1209_4-unsat.opb.xz,9
DEC-LIN/normalized-PB10/oliveras/j120/normalized-j1209_5-sat.opb.xz,9
DEC-LIN/normalized-PB10/oliveras/j120/normalized-j1209_5-unsat.opb.xz,9
DEC-LIN/normalized-PB10/oliveras/j120/normalized-j1209_6-sat.opb.xz,9
DEC-LIN/normalized-PB10/oliveras/j120/normalized-j1209_6-unsat.opb.xz,9
DEC-LIN/normalized-PB10/oliveras/j120/normalized-j1209_7-sat.opb.xz,9
DEC-LIN/normalized-PB10/oliveras/j120/normalized-j1209_7-unsat.opb.xz,9
DEC-LIN/normalized-PB10/oliveras/j120/normalized-j1209_8-sat.opb.xz,9
DEC-LIN/normalized-PB10/oliveras/j120/normalized-j1209_8-unsat.opb.xz,9
DEC-LIN/normalized-PB10/oliveras/j120/normalized-j1209_9-sat.opb.xz,9
DEC-LIN/normalized-PB10/oliveras/j120/normalized-j1209_9-unsat.opb.xz,9
DEC-LIN/normalized-PB10/oliveras/j30/normalized-j3010_1-sat.opb.xz,8
DEC-LIN/normalized-PB10/oliveras/j30/normalized-j3010_1-unsat.opb.xz,8
DEC-LIN/normalized-PB10/oliveras/j30/normalized-j3010_10-sat.opb.xz,8
DEC-LIN/normalized-PB10/oliveras/j30/normalized-j3010_10-unsat.opb.xz,8
DEC-LIN/normalized-PB10/oliveras/j30/normalized-j3010_2-sat.opb.xz,8
DEC-LIN/normalized-PB10/oliveras/j30/normalized-j3010_2-unsat.opb.xz,8
DEC-LIN/normalized-PB10/oliveras/j30/normalized-j3010_3-sat.opb.xz,8
DEC-LIN/normalized-PB10/oliveras/j30/normalized-j3010_3-unsat.opb.xz,8
DEC-LIN/normalized-PB10/oliveras/j30/normalized-j3010_4-sat.opb.xz,8
DEC-LIN/normalized-PB10/oliveras/j30/normalized-j3010_4-unsat.opb.xz,8
DEC-LIN/normalized-PB10/oliveras/j30/normalized-j3010_5-sat.opb.xz,8
DEC-LIN/normalized-PB10/oliveras/j30/normalized-j3010_5-unsat.opb.xz,8
DEC-LIN/normalized-PB10/oliveras/j30/normalized-j3010_6-sat.opb.xz,8
DEC-LIN/normalized-PB10/oliveras/j30/normalized-j3010_6-unsat.opb.xz,8
DEC-LIN/normalized-PB10/oliveras/j30/normalized-j3010_7-sat.opb.xz,8
DEC-LIN/normalized-PB10/oliveras/j30/normalized-j3010_7-unsat.opb.xz,8
DEC-LIN/normalized-PB10/oliveras/j30/normalized-j3010_8-sat.opb.xz,8
DEC-LIN/normalized-PB10/oliveras/j30/normalized-j3010_8-unsat.opb.xz,8
DEC-LIN/normalized-PB10/oliveras/j30/normalized-j3010_9-sat.opb.xz,8
DEC-LIN/normalized-PB10/oliveras/j30/normalized-j3010_9-unsat.opb.xz,8
DEC-LIN/normalized-PB10/oliveras/j30/normalized-j3011_1-sat.opb.xz,8
DEC-LIN/normalized-PB10/oliveras/j30/normalized-j3011_1-unsat.opb.xz,8
DEC-LIN/normalized-PB10/oliveras/j30/normalized-j3011_10-sat.opb.xz,8
DEC-LIN/normalized-PB10/oliveras/j30/normalized-j3011_10-unsat.opb.xz,8
DEC-LIN/normalized-PB10/oliveras/j30/normalized-j3011_2-sat.opb.xz,8
DEC-LIN/normalized-PB10/oliveras/j30/normalized-j3011_2-unsat.opb.xz,8
DEC-LIN/normalized-PB10/oliveras/j30/normalized-j3011_3-sat.opb.xz,8
DEC-LIN/normalized-PB10/oliveras/j30/normalized-j3011_3-unsat.opb.xz,8
DEC-LIN/normalized-PB10/oliveras/j30/normalized-j3011_4-sat.opb.xz,8
DEC-LIN/normalized-PB10/oliveras/j30/normalized-j3011_4-unsat.opb.xz,8
DEC-LIN/normalized-PB10/oliveras/j30/normalized-j3011_5-sat.opb.xz,8
DEC-LIN/normalized-PB10/oliveras/j30/normalized-j3011_5-unsat.opb.xz,8
DEC-LIN/normalized-PB10/oliveras/j30/normalized-j3011_6-sat.opb.xz,8
DEC-LIN/normalized-PB10/oliveras/j30/normalized-j3011_6-unsat.opb.xz,8
DEC-LIN/normalized-PB10/oliveras/j30/normalized-j3011_7-sat.opb.xz,8
DEC-LIN/normalized-PB10/oliveras/j30/normalized-j3011_7-unsat.opb.xz,8
DEC-LIN/normalized-PB10/oliveras/j30/normalized-j3011_8-sat.opb.xz,8
DEC-LIN/normalized-PB10/oliveras/j30/normalized-j3011_8-unsat.opb.xz,8
DEC-LIN/normalized-PB10/oliveras/j30/normalized-j3011_9-sat.opb.xz,8
DEC-LIN/normalized-PB10/oliveras/j30/normalized-j3011_9-unsat.opb.xz,8
DEC-LIN/normalized-PB10/oliveras/j30/normalized-j3012_1-sat.opb.xz,8
DEC-LIN/normalized-PB10/oliveras/j30/normalized-j3012_1-unsat.opb.xz,8
DEC-LIN/normalized-PB10/oliveras/j30/normalized-j3012_10-sat.opb.xz,8
DEC-LIN/normalized-PB10/oliveras/j30/normalized-j3012_10-unsat.opb.xz,8
DEC-LIN/normalized-PB10/oliveras/j30/normalized-j3012_2-sat.opb.xz,8
DEC-LIN/normalized-PB10/oliveras/j30/normalized-j3012_2-unsat.opb.xz,8
DEC-LIN/normalized-PB10/oliveras/j30/normalized-j3012_3-sat.opb.xz,8
DEC-LIN/normalized-PB10/oliveras/j30/normalized-j3012_3-unsat.opb.xz,8
DEC-LIN/normalized-PB10/oliveras/j30/normalized-j3012_4-sat.opb.xz,8
DEC-LIN/normalized-PB10/oliveras/j30/normalized-j3012_4-unsat.opb.xz,8
DEC-LIN/normalized-PB10/oliveras/j30/normalized-j3012_5-sat.opb.xz,8
DEC-LIN/normalized-PB10/oliveras/j30/normalized-j3012_5-unsat.opb.xz,8
DEC-LIN/normalized-PB10/oliveras/j30/normalized-j3012_6-sat.opb.xz,8
DEC-LIN/normalized-PB10/oliveras/j30/normalized-j3012_6-unsat.opb.xz,8
DEC-LIN/normalized-PB10/oliveras/j30/normalized-j3012_7-sat.opb.xz,8
DEC-LIN/normalized-PB10/oliveras/j30/normalized-j3012_7-unsat.opb.xz,8
DEC-LIN/normalized-PB10/oliveras/j30/normalized-j3012_8-sat.opb.xz,8
DEC-LIN/normalized-PB10/oliveras/j30/normalized-j3012_8-unsat.opb.xz,8
DEC-LIN/normalized-PB10/oliveras/j30/normalized-j3012_9-sat.opb.xz,8
DEC-LIN/normalized-PB10/oliveras/j30/normalized-j3012_9-unsat.opb.xz,8
DEC-LIN/normalized-PB10/oliveras/j30/normalized-j3013_1-sat.opb.xz,8
DEC-LIN/normalized-PB10/oliveras/j30/normalized-j3013_1-unsat.opb.xz,8
DEC-LIN/normalized-PB10/oliveras/j30/normalized-j3013_10-sat.opb.xz,8
DEC-LIN/normalized-PB10/oliveras/j30/normalized-j3013_10-unsat.opb.xz,8
DEC-LIN/normalized-PB10/oliveras/j30/normalized-j3013_2-sat.opb.xz,8
DEC-LIN/normalized-PB10/oliveras/j30/normalized-j3013_2-unsat.opb.xz,8
DEC-LIN/normalized-PB10/oliveras/j30/normalized-j3013_3-sat.opb.xz,8
DEC-LIN/normalized-PB10/oliveras/j30/normalized-j3013_3-unsat.opb.xz,8
DEC-LIN/normalized-PB10/oliveras/j30/normalized-j3013_4-sat.opb.xz,8
DEC-LIN/normalized-PB10/oliveras/j30/normalized-j3013_4-unsat.opb.xz,8
DEC-LIN/normalized-PB10/oliveras/j30/normalized-j3013_5-sat.opb.xz,8
DEC-LIN/normalized-PB10/oliveras/j30/normalized-j3013_5-unsat.opb.xz,8
DEC-LIN/normalized-PB10/oliveras/j30/normalized-j3013_6-sat.opb.xz,8
DEC-LIN/normalized-PB10/oliveras/j30/normalized-j3013_6-unsat.opb.xz,8
DEC-LIN/normalized-PB10/oliveras/j30/normalized-j3013_7-sat.opb.xz,8
DEC-LIN/normalized-PB10/oliveras/j30/normalized-j3013_7-unsat.opb.xz,8
DEC-LIN/normalized-PB10/oliveras/j30/normalized-j3013_8-sat.opb.xz,8
DEC-LIN/normalized-PB10/oliveras/j30/normalized-j3013_8-unsat.opb.xz,8
DEC-LIN/normalized-PB10/oliveras/j30/normalized-j3013_9-sat.opb.xz,8
DEC-LIN/normalized-PB10/oliveras/j30/normalized-j3013_9-unsat.opb.xz,8
DEC-LIN/normalized-PB10/oliveras/j30/normalized-j3014_1-sat.opb.xz,8
DEC-LIN/normalized-PB10/oliveras/j30/normalized-j3014_1-unsat.opb.xz,8
DEC-LIN/normalized-PB10/oliveras/j30/normalized-j3014_10-sat.opb.xz,8
DEC-LIN/normalized-PB10/oliveras/j30/normalized-j3014_10-unsat.opb.xz,8
DEC-LIN/normalized-PB10/oliveras/j30/normalized-j3014_2-sat.opb.xz,8
DEC-LIN/normalized-PB10/oliveras/j30/normalized-j3014_2-unsat.opb.xz,8
DEC-LIN/normalized-PB10/oliveras/j30/normalized-j3014_3-sat.opb.xz,8
DEC-LIN/normalized-PB10/oliveras/j30/normalized-j3014_3-unsat.opb.xz,8
DEC-LIN/normalized-PB10/oliveras/j30/normalized-j3014_4-sat.opb.xz,8
DEC-LIN/normalized-PB10/oliveras/j30/normalized-j3014_4-unsat.opb.xz,8
DEC-LIN/normalized-PB10/oliveras/j30/normalized-j3014_5-sat.opb.xz,8
DEC-LIN/normalized-PB10/oliveras/j30/normalized-j3014_5-unsat.opb.xz,8
DEC-LIN/normalized-PB10/oliveras/j30/normalized-j3014_6-sat.opb.xz,8
DEC-LIN/normalized-PB10/oliveras/j30/normalized-j3014_6-unsat.opb.xz,8
DEC-LIN/normalized-PB10/oliveras/j30/normalized-j3014_7-sat.opb.xz,8
DEC-LIN/normalized-PB10/oliveras/j30/normalized-j3014_7-unsat.opb.xz,8
DEC-LIN/normalized-PB10/oliveras/j30/normalized-j3014_8-sat.opb.xz,8
DEC-LIN/normalized-PB10/oliveras/j30/normalized-j3014_8-unsat.opb.xz,8
DEC-LIN/normalized-PB10/oliveras/j30/normalized-j3014_9-sat.opb.xz,8
DEC-LIN/normalized-PB10/oliveras/j30/normalized-j3014_9-unsat.opb.xz,8
DEC-LIN/normalized-PB10/oliveras/j30/normalized-j3015_1-sat.opb.xz,8
DEC-LIN/normalized-PB10/oliveras/j30/normalized-j3015_1-unsat.opb.xz,8
DEC-LIN/normalized-PB10/oliveras/j30/normalized-j3015_10-sat.opb.xz,8
DEC-LIN/normalized-PB10/oliveras/j30/normalized-j3015_10-unsat.opb.xz,8
DEC-LIN/normalized-PB10/oliveras/j30/normalized-j3015_2-sat.opb.xz,8
DEC-LIN/normalized-PB10/oliveras/j30/normalized-j3015_2-unsat.opb.xz,8
DEC-LIN/normalized-PB10/oliveras/j30/normalized-j3015_3-sat.opb.xz,8
DEC-LIN/normalized-PB10/oliveras/j30/normalized-j3015_3-unsat.opb.xz,8
DEC-LIN/normalized-PB10/oliveras/j30/normalized-j3015_4-sat.opb.xz,8
DEC-LIN/normalized-PB10/oliveras/j30/normalized-j3015_4-unsat.opb.xz,8
DEC-LIN/normalized-PB10/oliveras/j30/normalized-j3015_5-sat.opb.xz,8
DEC-LIN/normalized-PB10/oliveras/j30/normalized-j3015_5-unsat.opb.xz,8
DEC-LIN/normalized-PB10/oliveras/j30/normalized-j3015_6-sat.opb.xz,8
DEC-LIN/normalized-PB10/oliveras/j30/normalized-j3015_6-unsat.opb.xz,8
DEC-LIN/normalized-PB10/oliveras/j30/normalized-j3015_7-sat.opb.xz,8
DEC-LIN/normalized-PB10/oliveras/j30/normalized-j3015_7-unsat.opb.xz,8
DEC-LIN/normalized-PB10/oliveras/j30/normalized-j3015_8-sat.opb.xz,8
DEC-LIN/normalized-PB10/oliveras/j30/normalized-j3015_8-unsat.opb.xz,8
DEC-LIN/normalized-PB10/oliveras/j30/normalized-j3015_9-sat.opb.xz,8
DEC-LIN/normalized-PB10/oliveras/j30/normalized-j3015_9-unsat.opb.xz,8
DEC-LIN/normalized-PB10/oliveras/j30/normalized-j3016_1-sat.opb.xz,8
DEC-LIN/normalized-PB10/oliveras/j30/normalized-j3016_1-unsat.opb.xz,8
DEC-LIN/normalized-PB10/oliveras/j30/normalized-j3016_10-sat.opb.xz,8
DEC-LIN/normalized-PB10/oliveras/j30/normalized-j3016_10-unsat.opb.xz,8
DEC-LIN/normalized-PB10/oliveras/j30/normalized-j3016_2-sat.opb.xz,8
DEC-LIN/normalized-PB10/oliveras/j30/normalized-j3016_2-unsat.opb.xz,8
DEC-LIN/normalized-PB10/oliveras/j30/normalized-j3016_3-sat.opb.xz,8
DEC-LIN/normalized-PB10/oliveras/j30/normalized-j3016_3-unsat.opb.xz,8
DEC-LIN/normalized-PB10/oliveras/j30/normalized-j3016_4-sat.opb.xz,8
DEC-LIN/normalized-PB10/oliveras/j30/normalized-j3016_4-unsat.opb.xz,8
DEC-LIN/normalized-PB10/oliveras/j30/normalized-j3016_5-sat.opb.xz,8
DEC-LIN/normalized-PB10/oliveras/j30/normalized-j3016_5-unsat.opb.xz,8
DEC-LIN/normalized-PB10/oliveras/j30/normalized-j3016_6-sat.opb.xz,8
DEC-LIN/normalized-PB10/oliveras/j30/normalized-j3016_6-unsat.opb.xz,8
DEC-LIN/normalized-PB10/oliveras/j30/normalized-j3016_7-sat.opb.xz,9
DEC-LIN/normalized-PB10/oliveras/j30/normalized-j3016_7-unsat.opb.xz,9
DEC-LIN/normalized-PB10/oliveras/j30/normalized-j3016_8-sat.opb.xz,8
DEC-LIN/normalized-PB10/oliveras/j30/normalized-j3016_8-unsat.opb.xz,8
DEC-LIN/normalized-PB10/oliveras/j30/normalized-j3016_9-sat.opb.xz,8
DEC-LIN/normalized-PB10/oliveras/j30/normalized-j3016_9-unsat.opb.xz,8
DEC-LIN/normalized-PB10/oliveras/j30/normalized-j3017_1-sat.opb.xz,7
DEC-LIN/normalized-PB10/oliveras/j30/normalized-j3017_1-unsat.opb.xz,7
DEC-LIN/normalized-PB10/oliveras/j30/normalized-j3017_10-sat.opb.xz,7
DEC-LIN/normalized-PB10/oliveras/j30/normalized-j3017_10-unsat.opb.xz,7
DEC-LIN/normalized-PB10/oliveras/j30/normalized-j3017_2-sat.opb.xz,6
DEC-LIN/normalized-PB10/oliveras/j30/normalized-j3017_2-unsat.opb.xz,6
DEC-LIN/normalized-PB10/oliveras/j30/normalized-j3017_3-sat.opb.xz,6
DEC-LIN/normalized-PB10/oliveras/j30/normalized-j3017_3-unsat.opb.xz,6
DEC-LIN/normalized-PB10/oliveras/j30/normalized-j3017_4-sat.opb.xz,7
DEC-LIN/normalized-PB10/oliveras/j30/normalized-j3017_4-unsat.opb.xz,7
DEC-LIN/normalized-PB10/oliveras/j30/normalized-j3017_5-sat.opb.xz,7
DEC-LIN/normalized-PB10/oliveras/j30/normalized-j3017_5-unsat.opb.xz,7
DEC-LIN/normalized-PB10/oliveras/j30/normalized-j3017_6-sat.opb.xz,7
DEC-LIN/normalized-PB10/oliveras/j30/normalized-j3017_6-unsat.opb.xz,7
DEC-LIN/normalized-PB10/oliveras/j30/normalized-j3017_7-sat.opb.xz,7
DEC-LIN/normalized-PB10/oliveras/j30/normalized-j3017_7-unsat.opb.xz,7
DEC-LIN/normalized-PB10/oliveras/j30/normalized-j3017_8-sat.opb.xz,7
DEC-LIN/normalized-PB10/oliveras/j30/normalized-j3017_8-unsat.opb.xz,7
DEC-LIN/normalized-PB10/oliveras/j30/normalized-j3017_9-sat.opb.xz,7
DEC-LIN/normalized-PB10/oliveras/j30/normalized-j3017_9-unsat.opb.xz,7
DEC-LIN/normalized-PB10/oliveras/j30/normalized-j3018_1-sat.opb.xz,7
DEC-LIN/normalized-PB10/oliveras/j30/normalized-j3018_1-unsat.opb.xz,7
DEC-LIN/normalized-PB10/oliveras/j30/normalized-j3018_10-sat.opb.xz,7
DEC-LIN/normalized-PB10/oliveras/j30/normalized-j3018_10-unsat.opb.xz,7
DEC-LIN/normalized-PB10/oliveras/j30/normalized-j3018_2-sat.opb.xz,6
DEC-LIN/normalized-PB10/oliveras/j30/normalized-j3018_2-unsat.opb.xz,6
DEC-LIN/normalized-PB10/oliveras/j30/normalized-j3018_3-sat.opb.xz,6
DEC-LIN/normalized-PB10/oliveras/j30/normalized-j3018_3-unsat.opb.xz,6
DEC-LIN/normalized-PB10/oliveras/j30/normalized-j3018_4-sat.opb.xz,7
DEC-LIN/normalized-PB10/oliveras/j30/normalized-j3018_4-unsat.opb.xz,7
DEC-LIN/normalized-PB10/oliveras/j30/normalized-j3018_5-sat.opb.xz,7
DEC-LIN/normalized-PB10/oliveras/j30/normalized-j3018_5-unsat.opb.xz,7
DEC-LIN/normalized-PB10/oliveras/j30/normalized-j3018_6-sat.opb.xz,7
DEC-LIN/normalized-PB10/oliveras/j30/normalized-j3018_6-unsat.opb.xz,7
DEC-LIN/normalized-PB10/oliveras/j30/normalized-j3018_7-sat.opb.xz,7
DEC-LIN/normalized-PB10/oliveras/j30/normalized-j3018_7-unsat.opb.xz,7
DEC-LIN/normalized-PB10/oliveras/j30/normalized-j3018_8-sat.opb.xz,7
DEC-LIN/normalized-PB10/oliveras/j30/normalized-j3018_8-unsat.opb.xz,7
DEC-LIN/normalized-PB10/oliveras/j30/normalized-j3018_9-sat.opb.xz,6
DEC-LIN/normalized-PB10/oliveras/j30/normalized-j3018_9-unsat.opb.xz,6
DEC-LIN/normalized-PB10/oliveras/j30/normalized-j3019_1-sat.opb.xz,7
DEC-LIN/normalized-PB10/oliveras/j30/normalized-j3019_1-unsat.opb.xz,7
DEC-LIN/normalized-PB10/oliveras/j30/normalized-j3019_10-sat.opb.xz,7
DEC-LIN/normalized-PB10/oliveras/j30/normalized-j3019_10-unsat.opb.xz,7
DEC-LIN/normalized-PB10/oliveras/j30/normalized-j3019_2-sat.opb.xz,7
DEC-LIN/normalized-PB10/oliveras/j30/normalized-j3019_2-unsat.opb.xz,7
DEC-LIN/normalized-PB10/oliveras/j30/normalized-j3019_3-sat.opb.xz,7
DEC-LIN/normalized-PB10/oliveras/j30/normalized-j3019_3-unsat.opb.xz,7
DEC-LIN/normalized-PB10/oliveras/j30/normalized-j3019_4-sat.opb.xz,6
DEC-LIN/normalized-PB10/oliveras/j30/normalized-j3019_4-unsat.opb.xz,6
DEC-LIN/normalized-PB10/oliveras/j30/normalized-j3019_5-sat.opb.xz,7
DEC-LIN/normalized-PB10/oliveras/j30/normalized-j3019_5-unsat.opb.xz,7
DEC-LIN/normalized-PB10/oliveras/j30/normalized-j3019_6-sat.opb.xz,7
DEC-LIN/normalized-PB10/oliveras/j30/normalized-j3019_6-unsat.opb.xz,7
DEC-LIN/normalized-PB10/oliveras/j30/normalized-j3019_7-sat.opb.xz,7
DEC-LIN/normalized-PB10/oliveras/j30/normalized-j3019_7-unsat.opb.xz,7
DEC-LIN/normalized-PB10/oliveras/j30/normalized-j3019_8-sat.opb.xz,7
DEC-LIN/normalized-PB10/oliveras/j30/normalized-j3019_8-unsat.opb.xz,7
DEC-LIN/normalized-PB10/oliveras/j30/normalized-j3019_9-sat.opb.xz,7
DEC-LIN/normalized-PB10/oliveras/j30/normalized-j3019_9-unsat.opb.xz,7
DEC-LIN/normalized-PB10/oliveras/j30/normalized-j301_1-sat.opb.xz,7
DEC-LIN/normalized-PB10/oliveras/j30/normalized-j301_1-unsat.opb.xz,7
DEC-LIN/normalized-PB10/oliveras/j30/normalized-j301_10-sat.opb.xz,7
DEC-LIN/normalized-PB10/oliveras/j30/normalized-j301_10-unsat.opb.xz,7
DEC-LIN/normalized-PB10/oliveras/j30/normalized-j301_2-sat.opb.xz,7
DEC-LIN/normalized-PB10/oliveras/j30/normalized-j301_2-unsat.opb.xz,7
DEC-LIN/normalized-PB10/oliveras/j30/normalized-j301_3-sat.opb.xz,6
DEC-LIN/normalized-PB10/oliveras/j30/normalized-j301_3-unsat.opb.xz,6
DEC-LIN/normalized-PB10/oliveras/j30/normalized-j301_4-sat.opb.xz,7
DEC-LIN/normalized-PB10/oliveras/j30/normalized-j301_4-unsat.opb.xz,7
DEC-LIN/normalized-PB10/oliveras/j30/normalized-j301_5-sat.opb.xz,7
DEC-LIN/normalized-PB10/oliveras/j30/normalized-j301_5-unsat.opb.xz,7
DEC-LIN/normalized-PB10/oliveras/j30/normalized-j301_6-sat.opb.xz,7
DEC-LIN/normalized-PB10/oliveras/j30/normalized-j301_6-unsat.opb.xz,7
DEC-LIN/normalized-PB10/oliveras/j30/normalized-j301_7-sat.opb.xz,7
DEC-LIN/normalized-PB10/oliveras/j30/normalized-j301_7-unsat.opb.xz,7
DEC-LIN/normalized-PB10/oliveras/j30/normalized-j301_8-sat.opb.xz,7
DEC-LIN/normalized-PB10/oliveras/j30/normalized-j301_8-unsat.opb.xz,7
DEC-LIN/normalized-PB10/oliveras/j30/normalized-j301_9-sat.opb.xz,7
DEC-LIN/normalized-PB10/oliveras/j30/normalized-j301_9-unsat.opb.xz,7
DEC-LIN/normalized-PB10/oliveras/j30/normalized-j3020_1-sat.opb.xz,7
DEC-LIN/normalized-PB10/oliveras/j30/normalized-j3020_1-unsat.opb.xz,7
DEC-LIN/normalized-PB10/oliveras/j30/normalized-j3020_10-sat.opb.xz,7
DEC-LIN/normalized-PB10/oliveras/j30/normalized-j3020_10-unsat.opb.xz,7
DEC-LIN/normalized-PB10/oliveras/j30/normalized-j3020_2-sat.opb.xz,7
DEC-LIN/normalized-PB10/oliveras/j30/normalized-j3020_2-unsat.opb.xz,7
DEC-LIN/normalized-PB10/oliveras/j30/normalized-j3020_3-sat.opb.xz,7
DEC-LIN/normalized-PB10/oliveras/j30/normalized-j3020_3-unsat.opb.xz,7
DEC-LIN/normalized-PB10/oliveras/j30/normalized-j3020_4-sat.opb.xz,7
DEC-LIN/normalized-PB10/oliveras/j30/normalized-j3020_4-unsat.opb.xz,7
DEC-LIN/normalized-PB10/oliveras/j30/normalized-j3020_5-sat.opb.xz,7
DEC-LIN/normalized-PB10/oliveras/j30/normalized-j3020_5-unsat.opb.xz,7
DEC-LIN/normalized-PB10/oliveras/j30/normalized-j3020_6-sat.opb.xz,7
DEC-LIN/normalized-PB10/oliveras/j30/normalized-j3020_6-unsat.opb.xz,7
DEC-LIN/normalized-PB10/oliveras/j30/normalized-j3020_7-sat.opb.xz,7
DEC-LIN/normalized-PB10/oliveras/j30/normalized-j3020_7-unsat.opb.xz,7
DEC-LIN/normalized-PB10/oliveras/j30/normalized-j3020_8-sat.opb.xz,7
DEC-LIN/normalized-PB10/oliveras/j30/normalized-j3020_8-unsat.opb.xz,7
DEC-LIN/normalized-PB10/oliveras/j30/normalized-j3020_9-sat.opb.xz,7
DEC-LIN/normalized-PB10/oliveras/j30/normalized-j3020_9-unsat.opb.xz,7
DEC-LIN/normalized-PB10/oliveras/j30/normalized-j3021_1-sat.opb.xz,7
DEC-LIN/normalized-PB10/oliveras/j30/normalized-j3021_1-unsat.opb.xz,7
DEC-LIN/normalized-PB10/oliveras/j30/normalized-j3021_10-sat.opb.xz,7
DEC-LIN/normalized-PB10/oliveras/j30/normalized-j3021_10-unsat.opb.xz,7
DEC-LIN/normalized-PB10/oliveras/j30/normalized-j3021_2-sat.opb.xz,7
DEC-LIN/normalized-PB10/oliveras/j30/normalized-j3021_2-unsat.opb.xz,7
DEC-LIN/normalized-PB10/oliveras/j30/normalized-j3021_3-sat.opb.xz,7
DEC-LIN/normalized-PB10/oliveras/j30/normalized-j3021_3-unsat.opb.xz,7
DEC-LIN/normalized-PB10/oliveras/j30/normalized-j3021_4-sat.opb.xz,7
DEC-LIN/normalized-PB10/oliveras/j30/normalized-j3021_4-unsat.opb.xz,7
DEC-LIN/normalized-PB10/oliveras/j30/normalized-j3021_5-sat.opb.xz,7
DEC-LIN/normalized-PB10/oliveras/j30/normalized-j3021_5-unsat.opb.xz,7
DEC-LIN/normalized-PB10/oliveras/j30/normalized-j3021_6-sat.opb.xz,7
DEC-LIN/normalized-PB10/oliveras/j30/normalized-j3021_6-unsat.opb.xz,7
DEC-LIN/normalized-PB10/oliveras/j30/normalized-j3021_7-sat.opb.xz,7
DEC-LIN/normalized-PB10/oliveras/j30/normalized-j3021_7-unsat.opb.xz,7
DEC-LIN/normalized-PB10/oliveras/j30/normalized-j3021_8-sat.opb.xz,7
DEC-LIN/normalized-PB10/oliveras/j30/normalized-j3021_8-unsat.opb.xz,7
DEC-LIN/normalized-PB10/oliveras/j30/normalized-j3021_9-sat.opb.xz,8
DEC-LIN/normalized-PB10/oliveras/j30/normalized-j3021_9-unsat.opb.xz,8
DEC-LIN/normalized-PB10/oliveras/j30/normalized-j3022_1-sat.opb.xz,7
DEC-LIN/normalized-PB10/oliveras/j30/normalized-j3022_1-unsat.opb.xz,7
DEC-LIN/normalized-PB10/oliveras/j30/normalized-j3022_10-sat.opb.xz,7
DEC-LIN/normalized-PB10/oliveras/j30/normalized-j3022_10-unsat.opb.xz,7
DEC-LIN/normalized-PB10/oliveras/j30/normalized-j3022_2-sat.opb.xz,7
DEC-LIN/normalized-PB10/oliveras/j30/normalized-j3022_2-unsat.opb.xz,7
DEC-LIN/normalized-PB10/oliveras/j30/normalized-j3022_3-sat.opb.xz,7
DEC-LIN/normalized-PB10/oliveras/j30/normalized-j3022_3-unsat.opb.xz,7
DEC-LIN/normalized-PB10/oliveras/j30/normalized-j3022_4-sat.opb.xz,8
DEC-LIN/normalized-PB10/oliveras/j30/normalized-j3022_4-unsat.opb.xz,8
DEC-LIN/normalized-PB10/oliveras/j30/normalized-j3022_5-sat.opb.xz,7
DEC-LIN/normalized-PB10/oliveras/j30/normalized-j3022_5-unsat.opb.xz,7
DEC-LIN/normalized-PB10/oliveras/j30/normalized-j3022_6-sat.opb.xz,8
DEC-LIN/normalized-PB10/oliveras/j30/normalized-j3022_6-unsat.opb.xz,8
DEC-LIN/normalized-PB10/oliveras/j30/normalized-j3022_7-sat.opb.xz,7
DEC-LIN/normalized-PB10/oliveras/j30/normalized-j3022_7-unsat.opb.xz,7
DEC-LIN/normalized-PB10/oliveras/j30/normalized-j3022_8-sat.opb.xz,8
DEC-LIN/normalized-PB10/oliveras/j30/normalized-j3022_8-unsat.opb.xz,8
DEC-LIN/normalized-PB10/oliveras/j30/normalized-j3022_9-sat.opb.xz,7
DEC-LIN/normalized-PB10/oliveras/j30/normalized-j3022_9-unsat.opb.xz,7
DEC-LIN/normalized-PB10/oliveras/j30/normalized-j3023_1-sat.opb.xz,7
DEC-LIN/normalized-PB10/oliveras/j30/normalized-j3023_1-unsat.opb.xz,7
DEC-LIN/normalized-PB10/oliveras/j30/normalized-j3023_10-sat.opb.xz,7
DEC-LIN/normalized-PB10/oliveras/j30/normalized-j3023_10-unsat.opb.xz,7
DEC-LIN/normalized-PB10/oliveras/j30/normalized-j3023_2-sat.opb.xz,7
DEC-LIN/normalized-PB10/oliveras/j30/normalized-j3023_2-unsat.opb.xz,7
DEC-LIN/normalized-PB10/oliveras/j30/normalized-j3023_3-sat.opb.xz,8
DEC-LIN/normalized-PB10/oliveras/j30/normalized-j3023_3-unsat.opb.xz,8
DEC-LIN/normalized-PB10/oliveras/j30/normalized-j3023_4-sat.opb.xz,7
DEC-LIN/normalized-PB10/oliveras/j30/normalized-j3023_4-unsat.opb.xz,7
DEC-LIN/normalized-PB10/oliveras/j30/normalized-j3023_5-sat.opb.xz,7
DEC-LIN/normalized-PB10/oliveras/j30/normalized-j3023_5-unsat.opb.xz,7
DEC-LIN/normalized-PB10/oliveras/j30/normalized-j3023_6-sat.opb.xz,8
DEC-LIN/normalized-PB10/oliveras/j30/normalized-j3023_6-unsat.opb.xz,8
DEC-LIN/normalized-PB10/oliveras/j30/normalized-j3023_7-sat.opb.xz,7
DEC-LIN/normalized-PB10/oliveras/j30/normalized-j3023_7-unsat.opb.xz,7
DEC-LIN/normalized-PB10/oliveras/j30/normalized-j3023_8-sat.opb.xz,7
DEC-LIN/normalized-PB10/oliveras/j30/normalized-j3023_8-unsat.opb.xz,7
DEC-LIN/normalized-PB10/oliveras/j30/normalized-j3023_9-sat.opb.xz,8
DEC-LIN/normalized-PB10/oliveras/j30/normalized-j3023_9-unsat.opb.xz,8
DEC-LIN/normalized-PB10/oliveras/j30/normalized-j3024_1-sat.opb.xz,7
DEC-LIN/normalized-PB10/oliveras/j30/normalized-j3024_1-unsat.opb.xz,7
DEC-LIN/normalized-PB10/oliveras/j30/normalized-j3024_10-sat.opb.xz,8
DEC-LIN/normalized-PB10/oliveras/j30/normalized-j3024_10-unsat.opb.xz,8
DEC-LIN/normalized-PB10/oliveras/j30/normalized-j3024_2-sat.opb.xz,8
DEC-LIN/normalized-PB10/oliveras/j30/normalized-j3024_2-unsat.opb.xz,8
DEC-LIN/normalized-PB10/oliveras/j30/normalized-j3024_3-sat.opb.xz,8
DEC-LIN/normalized-PB10/oliveras/j30/normalized-j3024_3-unsat.opb.xz,8
DEC-LIN/normalized-PB10/oliveras/j30/normalized-j3024_4-sat.opb.xz,8
DEC-LIN/normalized-PB10/oliveras/j30/normalized-j3024_4-unsat.opb.xz,8
DEC-LIN/normalized-PB10/oliveras/j30/normalized-j3024_5-sat.opb.xz,8
DEC-LIN/normalized-PB10/oliveras/j30/normalized-j3024_5-unsat.opb.xz,8
DEC-LIN/normalized-PB10/oliveras/j30/normalized-j3024_6-sat.opb.xz,8
DEC-LIN/normalized-PB10/oliveras/j30/normalized-j3024_6-unsat.opb.xz,8
DEC-LIN/normalized-PB10/oliveras/j30/normalized-j3024_7-sat.opb.xz,8
DEC-LIN/normalized-PB10/oliveras/j30/normalized-j3024_7-unsat.opb.xz,8
DEC-LIN/normalized-PB10/oliveras/j30/normalized-j3024_8-sat.opb.xz,8
DEC-LIN/normalized-PB10/oliveras/j30/normalized-j3024_8-unsat.opb.xz,8
DEC-LIN/normalized-PB10/oliveras/j30/normalized-j3024_9-sat.opb.xz,8
DEC-LIN/normalized-PB10/oliveras/j30/normalized-j3024_9-unsat.opb.xz,8
DEC-LIN/normalized-PB10/oliveras/j30/normalized-j3025_1-sat.opb.xz,8
DEC-LIN/normalized-PB10/oliveras/j30/normalized-j3025_1-unsat.opb.xz,8
DEC-LIN/normalized-PB10/oliveras/j30/normalized-j3025_10-sat.opb.xz,8
DEC-LIN/normalized-PB10/oliveras/j30/normalized-j3025_10-unsat.opb.xz,8
DEC-LIN/normalized-PB10/oliveras/j30/normalized-j3025_2-sat.opb.xz,8
DEC-LIN/normalized-PB10/oliveras/j30/normalized-j3025_2-unsat.opb.xz,8
DEC-LIN/normalized-PB10/oliveras/j30/normalized-j3025_3-sat.opb.xz,8
DEC-LIN/normalized-PB10/oliveras/j30/normalized-j3025_3-unsat.opb.xz,8
DEC-LIN/normalized-PB10/oliveras/j30/normalized-j3025_4-sat.opb.xz,8
DEC-LIN/normalized-PB10/oliveras/j30/normalized-j3025_4-unsat.opb.xz,8
DEC-LIN/normalized-PB10/oliveras/j30/normalized-j3025_5-sat.opb.xz,8
DEC-LIN/normalized-PB10/oliveras/j30/normalized-j3025_5-unsat.opb.xz,8
DEC-LIN/normalized-PB10/oliveras/j30/normalized-j3025_6-sat.opb.xz,8
DEC-LIN/normalized-PB10/oliveras/j30/normalized-j3025_6-unsat.opb.xz,8
DEC-LIN/normalized-PB10/oliveras/j30/normalized-j3025_7-sat.opb.xz,8
DEC-LIN/normalized-PB10/oliveras/j30/normalized-j3025_7-unsat.opb.xz,8
DEC-LIN/normalized-PB10/oliveras/j30/normalized-j3025_8-sat.opb.xz,8
DEC-LIN/normalized-PB10/oliveras/j30/normalized-j3025_8-unsat.opb.xz,8
DEC-LIN/normalized-PB10/oliveras/j30/normalized-j3025_9-sat.opb.xz,8
DEC-LIN/normalized-PB10/oliveras/j30/normalized-j3025_9-unsat.opb.xz,8
DEC-LIN/normalized-PB10/oliveras/j30/normalized-j3026_1-sat.opb.xz,8
DEC-LIN/normalized-PB10/oliveras/j30/normalized-j3026_1-unsat.opb.xz,8
DEC-LIN/normalized-PB10/oliveras/j30/normalized-j3026_10-sat.opb.xz,8
DEC-LIN/normalized-PB10/oliveras/j30/normalized-j3026_10-unsat.opb.xz,8
DEC-LIN/normalized-PB10/oliveras/j30/normalized-j3026_2-sat.opb.xz,8
DEC-LIN/normalized-PB10/oliveras/j30/normalized-j3026_2-unsat.opb.xz,8
DEC-LIN/normalized-PB10/oliveras/j30/normalized-j3026_3-sat.opb.xz,8
DEC-LIN/normalized-PB10/oliveras/j30/normalized-j3026_3-unsat.opb.xz,8
DEC-LIN/normalized-PB10/oliveras/j30/normalized-j3026_4-sat.opb.xz,8
DEC-LIN/normalized-PB10/oliveras/j30/normalized-j3026_4-unsat.opb.xz,8
DEC-LIN/normalized-PB10/oliveras/j30/normalized-j3026_5-sat.opb.xz,8
DEC-LIN/normalized-PB10/oliveras/j30/normalized-j3026_5-unsat.opb.xz,8
DEC-LIN/normalized-PB10/oliveras/j30/normalized-j3026_6-sat.opb.xz,8
DEC-LIN/normalized-PB10/oliveras/j30/normalized-j3026_6-unsat.opb.xz,8
DEC-LIN/normalized-PB10/oliveras/j30/normalized-j3026_7-sat.opb.xz,8
DEC-LIN/normalized-PB10/oliveras/j30/normalized-j3026_7-unsat.opb.xz,8
DEC-LIN/normalized-PB10/oliveras/j30/normalized-j3026_8-sat.opb.xz,8
DEC-LIN/normalized-PB10/oliveras/j30/normalized-j3026_8-unsat.opb.xz,8
DEC-LIN/normalized-PB10/oliveras/j30/normalized-j3026_9-sat.opb.xz,8
DEC-LIN/normalized-PB10/oliveras/j30/normalized-j3026_9-unsat.opb.xz,8
DEC-LIN/normalized-PB10/oliveras/j30/normalized-j3027_1-sat.opb.xz,8
DEC-LIN/normalized-PB10/oliveras/j30/normalized-j3027_1-unsat.opb.xz,8
DEC-LIN/normalized-PB10/oliveras/j30/normalized-j3027_10-sat.opb.xz,8
DEC-LIN/normalized-PB10/oliveras/j30/normalized-j3027_10-unsat.opb.xz,8
DEC-LIN/normalized-PB10/oliveras/j30/normalized-j3027_2-sat.opb.xz,8
DEC-LIN/normalized-PB10/oliveras/j30/normalized-j3027_2-unsat.opb.xz,8
DEC-LIN/normalized-PB10/oliveras/j30/normalized-j3027_3-sat.opb.xz,8
DEC-LIN/normalized-PB10/oliveras/j30/normalized-j3027_3-unsat.opb.xz,8
DEC-LIN/normalized-PB10/oliveras/j30/normalized-j3027_4-sat.opb.xz,8
DEC-LIN/normalized-PB10/oliveras/j30/normalized-j3027_4-unsat.opb.xz,8
DEC-LIN/normalized-PB10/oliveras/j30/normalized-j3027_5-sat.opb.xz,8
DEC-LIN/normalized-PB10/oliveras/j30/normalized-j3027_5-unsat.opb.xz,8
DEC-LIN/normalized-PB10/oliveras/j30/normalized-j3027_6-sat.opb.xz,8
DEC-LIN/normalized-PB10/oliveras/j30/normalized-j3027_6-unsat.opb.xz,8
DEC-LIN/normalized-PB10/oliveras/j30/normalized-j3027_7-sat.opb.xz,8
DEC-LIN/normalized-PB10/oliveras/j30/normalized-j3027_7-unsat.opb.xz,8
DEC-LIN/normalized-PB10/oliveras/j30/normalized-j3027_8-sat.opb.xz,8
DEC-LIN/normalized-PB10/oliveras/j30/normalized-j3027_8-unsat.opb.xz,8
DEC-LIN/normalized-PB10/oliveras/j30/normalized-j3027_9-sat.opb.xz,8
DEC-LIN/normalized-PB10/oliveras/j30/normalized-j3027_9-unsat.opb.xz,8
DEC-LIN/normalized-PB10/oliveras/j30/normalized-j3028_1-sat.opb.xz,8
DEC-LIN/normalized-PB10/oliveras/j30/normalized-j3028_1-unsat.opb.xz,8
DEC-LIN/normalized-PB10/oliveras/j30/normalized-j3028_10-sat.opb.xz,8
DEC-LIN/normalized-PB10/oliveras/j30/normalized-j3028_10-unsat.opb.xz,8
DEC-LIN/normalized-PB10/oliveras/j30/normalized-j3028_2-sat.opb.xz,8
DEC-LIN/normalized-PB10/oliveras/j30/normalized-j3028_2-unsat.opb.xz,8
DEC-LIN/normalized-PB10/oliveras/j30/normalized-j3028_3-sat.opb.xz,8
DEC-LIN/normalized-PB10/oliveras/j30/normalized-j3028_3-unsat.opb.xz,8
DEC-LIN/normalized-PB10/oliveras/j30/normalized-j3028_4-sat.opb.xz,8
DEC-LIN/normalized-PB10/oliveras/j30/normalized-j3028_4-unsat.opb.xz,8
DEC-LIN/normalized-PB10/oliveras/j30/normalized-j3028_5-sat.opb.xz,8
DEC-LIN/normalized-PB10/oliveras/j30/normalized-j3028_5-unsat.opb.xz,8
DEC-LIN/normalized-PB10/oliveras/j30/normalized-j3028_6-sat.opb.xz,8
DEC-LIN/normalized-PB10/oliveras/j30/normalized-j3028_6-unsat.opb.xz,8
DEC-LIN/normalized-PB10/oliveras/j30/normalized-j3028_7-sat.opb.xz,8
DEC-LIN/normalized-PB10/oliveras/j30/normalized-j3028_7-unsat.opb.xz,8
DEC-LIN/normalized-PB10/oliveras/j30/normalized-j3028_8-sat.opb.xz,8
DEC-LIN/normalized-PB10/oliveras/j30/normalized-j3028_8-unsat.opb.xz,8
DEC-LIN/normalized-PB10/oliveras/j30/normalized-j3028_9-sat.opb.xz,8
DEC-LIN/normalized-PB10/oliveras/j30/normalized-j3028_9-unsat.opb.xz,8
DEC-LIN/normalized-PB10/oliveras/j30/normalized-j3029_1-sat.opb.xz,8
DEC-LIN/normalized-PB10/oliveras/j30/normalized-j3029_1-unsat.opb.xz,8
DEC-LIN/normalized-PB10/oliveras/j30/normalized-j3029_10-sat.opb.xz,8
DEC-LIN/normalized-PB10/oliveras/j30/normalized-j3029_10-unsat.opb.xz,8
DEC-LIN/normalized-PB10/oliveras/j30/normalized-j3029_2-sat.opb.xz,8
DEC-LIN/normalized-PB10/oliveras/j30/normalized-j3029_2-unsat.opb.xz,8
DEC-LIN/normalized-PB10/oliveras/j30/normalized-j3029_3-sat.opb.xz,8
DEC-LIN/normalized-PB10/oliveras/j30/normalized-j3029_3-unsat.opb.xz,8
DEC-LIN/normalized-PB10/oliveras/j30/normalized-j3029_4-sat.opb.xz,8
DEC-LIN/normalized-PB10/oliveras/j30/normalized-j3029_4-unsat.opb.xz,8
DEC-LIN/normalized-PB10/oliveras/j30/normalized-j3029_5-sat.opb.xz,8
DEC-LIN/normalized-PB10/oliveras/j30/normalized-j3029_5-unsat.opb.xz,8
DEC-LIN/normalized-PB10/oliveras/j30/normalized-j3029_6-sat.opb.xz,8
DEC-LIN/normalized-PB10/oliveras/j30/normalized-j3029_6-unsat.opb.xz,8
DEC-LIN/normalized-PB10/oliveras/j30/normalized-j3029_7-sat.opb.xz,8
DEC-LIN/normalized-PB10/oliveras/j30/normalized-j3029_7-unsat.opb.xz,8
DEC-LIN/normalized-PB10/oliveras/j30/normalized-j3029_8-sat.opb.xz,8
DEC-LIN/normalized-PB10/oliveras/j30/normalized-j3029_8-unsat.opb.xz,8
DEC-LIN/normalized-PB10/oliveras/j30/normalized-j3029_9-sat.opb.xz,8
DEC-LIN/normalized-PB10/oliveras/j30/normalized-j3029_9-unsat.opb.xz,8
DEC-LIN/normalized-PB10/oliveras/j30/normalized-j302_1-sat.opb.xz,7
DEC-LIN/normalized-PB10/oliveras/j30/normalized-j302_1-unsat.opb.xz,7
DEC-LIN/normalized-PB10/oliveras/j30/normalized-j302_10-sat.opb.xz,7
DEC-LIN/normalized-PB10/oliveras/j30/normalized-j302_10-unsat.opb.xz,7
DEC-LIN/normalized-PB10/oliveras/j30/normalized-j302_2-sat.opb.xz,6
DEC-LIN/normalized-PB10/oliveras/j30/normalized-j302_2-unsat.opb.xz,6
DEC-LIN/normalized-PB10/oliveras/j30/normalized-j302_3-sat.opb.xz,6
DEC-LIN/normalized-PB10/oliveras/j30/normalized-j302_3-unsat.opb.xz,6
DEC-LIN/normalized-PB10/oliveras/j30/normalized-j302_4-sat.opb.xz,7
DEC-LIN/normalized-PB10/oliveras/j30/normalized-j302_4-unsat.opb.xz,7
DEC-LIN/normalized-PB10/oliveras/j30/normalized-j302_5-sat.opb.xz,7
DEC-LIN/normalized-PB10/oliveras/j30/normalized-j302_5-unsat.opb.xz,7
DEC-LIN/normalized-PB10/oliveras/j30/normalized-j302_6-sat.opb.xz,7
DEC-LIN/normalized-PB10/oliveras/j30/normalized-j302_6-unsat.opb.xz,7
DEC-LIN/normalized-PB10/oliveras/j30/normalized-j302_7-sat.opb.xz,7
DEC-LIN/normalized-PB10/oliveras/j30/normalized-j302_7-unsat.opb.xz,7
DEC-LIN/normalized-PB10/oliveras/j30/normalized-j302_8-sat.opb.xz,6
DEC-LIN/normalized-PB10/oliveras/j30/normalized-j302_8-unsat.opb.xz,6
DEC-LIN/normalized-PB10/oliveras/j30/normalized-j302_9-sat.opb.xz,7
DEC-LIN/normalized-PB10/oliveras/j30/normalized-j302_9-unsat.opb.xz,7
DEC-LIN/normalized-PB10/oliveras/j30/normalized-j3030_1-sat.opb.xz,8
DEC-LIN/normalized-PB10/oliveras/j30/normalized-j3030_1-unsat.opb.xz,8
DEC-LIN/normalized-PB10/oliveras/j30/normalized-j3030_10-sat.opb.xz,8
DEC-LIN/normalized-PB10/oliveras/j30/normalized-j3030_10-unsat.opb.xz,8
DEC-LIN/normalized-PB10/oliveras/j30/normalized-j3030_2-sat.opb.xz,8
DEC-LIN/normalized-PB10/oliveras/j30/normalized-j3030_2-unsat.opb.xz,8
DEC-LIN/normalized-PB10/oliveras/j30/normalized-j3030_3-sat.opb.xz,8
DEC-LIN/normalized-PB10/oliveras/j30/normalized-j3030_3-unsat.opb.xz,8
DEC-LIN/normalized-PB10/oliveras/j30/normalized-j3030_4-sat.opb.xz,8
DEC-LIN/normalized-PB10/oliveras/j30/normalized-j3030_4-unsat.opb.xz,8
DEC-LIN/normalized-PB10/oliveras/j30/normalized-j3030_5-sat.opb.xz,8
DEC-LIN/normalized-PB10/oliveras/j30/normalized-j3030_5-unsat.opb.xz,8
DEC-LIN/normalized-PB10/oliveras/j30/normalized-j3030_6-sat.opb.xz,8
DEC-LIN/normalized-PB10/oliveras/j30/normalized-j3030_6-unsat.opb.xz,8
DEC-LIN/normalized-PB10/oliveras/j30/normalized-j3030_7-sat.opb.xz,8
DEC-LIN/normalized-PB10/oliveras/j30/normalized-j3030_7-unsat.opb.xz,8
DEC-LIN/normalized-PB10/oliveras/j30/normalized-j3030_8-sat.opb.xz,8
DEC-LIN/normalized-PB10/oliveras/j30/normalized-j3030_8-unsat.opb.xz,8
DEC-LIN/normalized-PB10/oliveras/j30/normalized-j3030_9-sat.opb.xz,8
DEC-LIN/normalized-PB10/oliveras/j30/normalized-j3030_9-unsat.opb.xz,8
DEC-LIN/normalized-PB10/oliveras/j30/normalized-j3031_1-sat.opb.xz,8
DEC-LIN/normalized-PB10/oliveras/j30/normalized-j3031_1-unsat.opb.xz,8
DEC-LIN/normalized-PB10/oliveras/j30/normalized-j3031_10-sat.opb.xz,8
DEC-LIN/normalized-PB10/oliveras/j30/normalized-j3031_10-unsat.opb.xz,8
DEC-LIN/normalized-PB10/oliveras/j30/normalized-j3031_2-sat.opb.xz,8
DEC-LIN/normalized-PB10/oliveras/j30/normalized-j3031_2-unsat.opb.xz,8
DEC-LIN/normalized-PB10/oliveras/j30/normalized-j3031_3-sat.opb.xz,8
DEC-LIN/normalized-PB10/oliveras/j30/normalized-j3031_3-unsat.opb.xz,8
DEC-LIN/normalized-PB10/oliveras/j30/normalized-j3031_4-sat.opb.xz,8
DEC-LIN/normalized-PB10/oliveras/j30/normalized-j3031_4-unsat.opb.xz,8
DEC-LIN/normalized-PB10/oliveras/j30/normalized-j3031_5-sat.opb.xz,8
DEC-LIN/normalized-PB10/oliveras/j30/normalized-j3031_5-unsat.opb.xz,8
DEC-LIN/normalized-PB10/oliveras/j30/normalized-j3031_6-sat.opb.xz,8
DEC-LIN/normalized-PB10/oliveras/j30/normalized-j3031_6-unsat.opb.xz,8
DEC-LIN/normalized-PB10/oliveras/j30/normalized-j3031_7-sat.opb.xz,8
DEC-LIN/normalized-PB10/oliveras/j30/normalized-j3031_7-unsat.opb.xz,8
DEC-LIN/normalized-PB10/oliveras/j30/normalized-j3031_8-sat.opb.xz,8
DEC-LIN/normalized-PB10/oliveras/j30/normalized-j3031_8-unsat.opb.xz,8
DEC-LIN/normalized-PB10/oliveras/j30/normalized-j3031_9-sat.opb.xz,8
DEC-LIN/normalized-PB10/oliveras/j30/normalized-j3031_9-unsat.opb.xz,8
DEC-LIN/normalized-PB10/oliveras/j30/normalized-j3032_1-sat.opb.xz,8
DEC-LIN/normalized-PB10/oliveras/j30/normalized-j3032_1-unsat.opb.xz,8
DEC-LIN/normalized-PB10/oliveras/j30/normalized-j3032_10-sat.opb.xz,8
DEC-LIN/normalized-PB10/oliveras/j30/normalized-j3032_10-unsat.opb.xz,8
DEC-LIN/normalized-PB10/oliveras/j30/normalized-j3032_2-sat.opb.xz,8
DEC-LIN/normalized-PB10/oliveras/j30/normalized-j3032_2-unsat.opb.xz,8
DEC-LIN/normalized-PB10/oliveras/j30/normalized-j3032_3-sat.opb.xz,8
DEC-LIN/normalized-PB10/oliveras/j30/normalized-j3032_3-unsat.opb.xz,8
DEC-LIN/normalized-PB10/oliveras/j30/normalized-j3032_4-sat.opb.xz,8
DEC-LIN/normalized-PB10/oliveras/j30/normalized-j3032_4-unsat.opb.xz,8
DEC-LIN/normalized-PB10/oliveras/j30/normalized-j3032_5-sat.opb.xz,8
DEC-LIN/normalized-PB10/oliveras/j30/normalized-j3032_5-unsat.opb.xz,8
DEC-LIN/normalized-PB10/oliveras/j30/normalized-j3032_6-sat.opb.xz,8
DEC-LIN/normalized-PB10/oliveras/j30/normalized-j3032_6-unsat.opb.xz,8
DEC-LIN/normalized-PB10/oliveras/j30/normalized-j3032_7-sat.opb.xz,8
DEC-LIN/normalized-PB10/oliveras/j30/normalized-j3032_7-unsat.opb.xz,8
DEC-LIN/normalized-PB10/oliveras/j30/normalized-j3032_8-sat.opb.xz,8
DEC-LIN/normalized-PB10/oliveras/j30/normalized-j3032_8-unsat.opb.xz,8
DEC-LIN/normalized-PB10/oliveras/j30/normalized-j3032_9-sat.opb.xz,8
DEC-LIN/normalized-PB10/oliveras/j30/normalized-j3032_9-unsat.opb.xz,8
DEC-LIN/normalized-PB10/oliveras/j30/normalized-j3033_1-sat.opb.xz,7
DEC-LIN/normalized-PB10/oliveras/j30/normalized-j3033_1-unsat.opb.xz,7
DEC-LIN/normalized-PB10/oliveras/j30/normalized-j3033_10-sat.opb.xz,6
DEC-LIN/normalized-PB10/oliveras/j30/normalized-j3033_10-unsat.opb.xz,6
DEC-LIN/normalized-PB10/oliveras/j30/normalized-j3033_2-sat.opb.xz,6
DEC-LIN/normalized-PB10/oliveras/j30/normalized-j3033_2-unsat.opb.xz,6
DEC-LIN/normalized-PB10/oliveras/j30/normalized-j3033_3-sat.opb.xz,6
DEC-LIN/normalized-PB10/oliveras/j30/normalized-j3033_3-unsat.opb.xz,6
DEC-LIN/normalized-PB10/oliveras/j30/normalized-j3033_4-sat.opb.xz,7
DEC-LIN/normalized-PB10/oliveras/j30/normalized-j3033_4-unsat.opb.xz,7
DEC-LIN/normalized-PB10/oliveras/j30/normalized-j3033_5-sat.opb.xz,7
DEC-LIN/normalized-PB10/oliveras/j30/normalized-j3033_5-unsat.opb.xz,7
DEC-LIN/normalized-PB10/oliveras/j30/normalized-j3033_6-sat.opb.xz,7
DEC-LIN/normalized-PB10/oliveras/j30/normalized-j3033_6-unsat.opb.xz,7
DEC-LIN/normalized-PB10/oliveras/j30/normalized-j3033_7-sat.opb.xz,6
DEC-LIN/normalized-PB10/oliveras/j30/normalized-j3033_7-unsat.opb.xz,6
DEC-LIN/normalized-PB10/oliveras/j30/normalized-j3033_8-sat.opb.xz,7
DEC-LIN/normalized-PB10/oliveras/j30/normalized-j3033_8-unsat.opb.xz,7
DEC-LIN/normalized-PB10/oliveras/j30/normalized-j3033_9-sat.opb.xz,7
DEC-LIN/normalized-PB10/oliveras/j30/normalized-j3033_9-unsat.opb.xz,7
DEC-LIN/normalized-PB10/oliveras/j30/normalized-j3034_1-sat.opb.xz,7
DEC-LIN/normalized-PB10/oliveras/j30/normalized-j3034_1-unsat.opb.xz,7
DEC-LIN/normalized-PB10/oliveras/j30/normalized-j3034_10-sat.opb.xz,6
DEC-LIN/normalized-PB10/oliveras/j30/normalized-j3034_10-unsat.opb.xz,6
DEC-LIN/normalized-PB10/oliveras/j30/normalized-j3034_2-sat.opb.xz,7
DEC-LIN/normalized-PB10/oliveras/j30/normalized-j3034_2-unsat.opb.xz,7
DEC-LIN/normalized-PB10/oliveras/j30/normalized-j3034_3-sat.opb.xz,6
DEC-LIN/normalized-PB10/oliveras/j30/normalized-j3034_3-unsat.opb.xz,6
DEC-LIN/normalized-PB10/oliveras/j30/normalized-j3034_4-sat.opb.xz,7
DEC-LIN/normalized-PB10/oliveras/j30/normalized-j3034_4-unsat.opb.xz,7
DEC-LIN/normalized-PB10/oliveras/j30/normalized-j3034_5-sat.opb.xz,7
DEC-LIN/normalized-PB10/oliveras/j30/normalized-j3034_5-unsat.opb.xz,7
DEC-LIN/normalized-PB10/oliveras/j30/normalized-j3034_6-sat.opb.xz,6
DEC-LIN/normalized-PB10/oliveras/j30/normalized-j3034_6-unsat.opb.xz,6
DEC-LIN/normalized-PB10/oliveras/j30/normalized-j3034_7-sat.opb.xz,7
DEC-LIN/normalized-PB10/oliveras/j30/normalized-j3034_7-unsat.opb.xz,7
DEC-LIN/normalized-PB10/oliveras/j30/normalized-j3034_8-sat.opb.xz,7
DEC-LIN/normalized-PB10/oliveras/j30/normalized-j3034_8-unsat.opb.xz,7
DEC-LIN/normalized-PB10/oliveras/j30/normalized-j3034_9-sat.opb.xz,7
DEC-LIN/normalized-PB10/oliveras/j30/normalized-j3034_9-unsat.opb.xz,7
DEC-LIN/normalized-PB10/oliveras/j30/normalized-j3035_1-sat.opb.xz,7
DEC-LIN/normalized-PB10/oliveras/j30/normalized-j3035_1-unsat.opb.xz,7
DEC-LIN/normalized-PB10/oliveras/j30/normalized-j3035_10-sat.opb.xz,7
DEC-LIN/normalized-PB10/oliveras/j30/normalized-j3035_10-unsat.opb.xz,7
DEC-LIN/normalized-PB10/oliveras/j30/normalized-j3035_2-sat.opb.xz,7
DEC-LIN/normalized-PB10/oliveras/j30/normalized-j3035_2-unsat.opb.xz,7
DEC-LIN/normalized-PB10/oliveras/j30/normalized-j3035_3-sat.opb.xz,7
DEC-LIN/normalized-PB10/oliveras/j30/normalized-j3035_3-unsat.opb.xz,7
DEC-LIN/normalized-PB10/oliveras/j30/normalized-j3035_4-sat.opb.xz,7
DEC-LIN/normalized-PB10/oliveras/j30/normalized-j3035_4-unsat.opb.xz,7
DEC-LIN/normalized-PB10/oliveras/j30/normalized-j3035_5-sat.opb.xz,7
DEC-LIN/normalized-PB10/oliveras/j30/normalized-j3035_5-unsat.opb.xz,7
DEC-LIN/normalized-PB10/oliveras/j30/normalized-j3035_6-sat.opb.xz,7
DEC-LIN/normalized-PB10/oliveras/j30/normalized-j3035_6-unsat.opb.xz,7
DEC-LIN/normalized-PB10/oliveras/j30/normalized-j3035_7-sat.opb.xz,7
DEC-LIN/normalized-PB10/oliveras/j30/normalized-j3035_7-unsat.opb.xz,7
DEC-LIN/normalized-PB10/oliveras/j30/normalized-j3035_8-sat.opb.xz,7
DEC-LIN/normalized-PB10/oliveras/j30/normalized-j3035_8-unsat.opb.xz,7
DEC-LIN/normalized-PB10/oliveras/j30/normalized-j3035_9-sat.opb.xz,6
DEC-LIN/normalized-PB10/oliveras/j30/normalized-j3035_9-unsat.opb.xz,6
DEC-LIN/normalized-PB10/oliveras/j30/normalized-j3036_1-sat.opb.xz,7
DEC-LIN/normalized-PB10/oliveras/j30/normalized-j3036_1-unsat.opb.xz,7
DEC-LIN/normalized-PB10/oliveras/j30/normalized-j3036_10-sat.opb.xz,7
DEC-LIN/normalized-PB10/oliveras/j30/normalized-j3036_10-unsat.opb.xz,7
DEC-LIN/normalized-PB10/oliveras/j30/normalized-j3036_2-sat.opb.xz,7
DEC-LIN/normalized-PB10/oliveras/j30/normalized-j3036_2-unsat.opb.xz,7
DEC-LIN/normalized-PB10/oliveras/j30/normalized-j3036_3-sat.opb.xz,7
DEC-LIN/normalized-PB10/oliveras/j30/normalized-j3036_3-unsat.opb.xz,7
DEC-LIN/normalized-PB10/oliveras/j30/normalized-j3036_4-sat.opb.xz,7
DEC-LIN/normalized-PB10/oliveras/j30/normalized-j3036_4-unsat.opb.xz,7
DEC-LIN/normalized-PB10/oliveras/j30/normalized-j3036_5-sat.opb.xz,7
DEC-LIN/normalized-PB10/oliveras/j30/normalized-j3036_5-unsat.opb.xz,7
DEC-LIN/normalized-PB10/oliveras/j30/normalized-j3036_6-sat.opb.xz,7
DEC-LIN/normalized-PB10/oliveras/j30/normalized-j3036_6-unsat.opb.xz,7
DEC-LIN/normalized-PB10/oliveras/j30/normalized-j3036_7-sat.opb.xz,6
DEC-LIN/normalized-PB10/oliveras/j30/normalized-j3036_7-unsat.opb.xz,6
DEC-LIN/normalized-PB10/oliveras/j30/normalized-j3036_8-sat.opb.xz,7
DEC-LIN/normalized-PB10/oliveras/j30/normalized-j3036_8-unsat.opb.xz,7
DEC-LIN/normalized-PB10/oliveras/j30/normalized-j3036_9-sat.opb.xz,7
DEC-LIN/normalized-PB10/oliveras/j30/normalized-j3036_9-unsat.opb.xz,7
DEC-LIN/normalized-PB10/oliveras/j30/normalized-j3037_1-sat.opb.xz,8
DEC-LIN/normalized-PB10/oliveras/j30/normalized-j3037_1-unsat.opb.xz,8
DEC-LIN/normalized-PB10/oliveras/j30/normalized-j3037_10-sat.opb.xz,7
DEC-LIN/normalized-PB10/oliveras/j30/normalized-j3037_10-unsat.opb.xz,7
DEC-LIN/normalized-PB10/oliveras/j30/normalized-j3037_2-sat.opb.xz,7
DEC-LIN/normalized-PB10/oliveras/j30/normalized-j3037_2-unsat.opb.xz,7
DEC-LIN/normalized-PB10/oliveras/j30/normalized-j3037_3-sat.opb.xz,7
DEC-LIN/normalized-PB10/oliveras/j30/normalized-j3037_3-unsat.opb.xz,7
DEC-LIN/normalized-PB10/oliveras/j30/normalized-j3037_4-sat.opb.xz,7
DEC-LIN/normalized-PB10/oliveras/j30/normalized-j3037_4-unsat.opb.xz,7
DEC-LIN/normalized-PB10/oliveras/j30/normalized-j3037_5-sat.opb.xz,7
DEC-LIN/normalized-PB10/oliveras/j30/normalized-j3037_5-unsat.opb.xz,7
DEC-LIN/normalized-PB10/oliveras/j30/normalized-j3037_6-sat.opb.xz,7
DEC-LIN/normalized-PB10/oliveras/j30/normalized-j3037_6-unsat.opb.xz,7
DEC-LIN/normalized-PB10/oliveras/j30/normalized-j3037_7-sat.opb.xz,7
DEC-LIN/normalized-PB10/oliveras/j30/normalized-j3037_7-unsat.opb.xz,7
DEC-LIN/normalized-PB10/oliveras/j30/normalized-j3037_8-sat.opb.xz,7
DEC-LIN/normalized-PB10/oliveras/j30/normalized-j3037_8-unsat.opb.xz,7
DEC-LIN/normalized-PB10/oliveras/j30/normalized-j3037_9-sat.opb.xz,7
DEC-LIN/normalized-PB10/oliveras/j30/normalized-j3037_9-unsat.opb.xz,7
DEC-LIN/normalized-PB10/oliveras/j30/normalized-j3038_1-sat.opb.xz,7
DEC-LIN/normalized-PB10/oliveras/j30/normalized-j3038_1-unsat.opb.xz,7
DEC-LIN/normalized-PB10/oliveras/j30/normalized-j3038_10-sat.opb.xz,7
DEC-LIN/normalized-PB10/oliveras/j30/normalized-j3038_10-unsat.opb.xz,7
DEC-LIN/normalized-PB10/oliveras/j30/normalized-j3038_2-sat.opb.xz,8
DEC-LIN/normalized-PB10/oliveras/j30/normalized-j3038_2-unsat.opb.xz,8
DEC-LIN/normalized-PB10/oliveras/j30/normalized-j3038_3-sat.opb.xz,7
DEC-LIN/normalized-PB10/oliveras/j30/normalized-j3038_3-unsat.opb.xz,7
DEC-LIN/normalized-PB10/oliveras/j30/normalized-j3038_4-sat.opb.xz,7
DEC-LIN/normalized-PB10/oliveras/j30/normalized-j3038_4-unsat.opb.xz,7
DEC-LIN/normalized-PB10/oliveras/j30/normalized-j3038_5-sat.opb.xz,7
DEC-LIN/normalized-PB10/oliveras/j30/normalized-j3038_5-unsat.opb.xz,7
DEC-LIN/normalized-PB10/oliveras/j30/normalized-j3038_6-sat.opb.xz,7
DEC-LIN/normalized-PB10/oliveras/j30/normalized-j3038_6-unsat.opb.xz,7
DEC-LIN/normalized-PB10/oliveras/j30/normalized-j3038_7-sat.opb.xz,7
DEC-LIN/normalized-PB10/oliveras/j30/normalized-j3038_7-unsat.opb.xz,7
DEC-LIN/normalized-PB10/oliveras/j30/normalized-j3038_8-sat.opb.xz,8
DEC-LIN/normalized-PB10/oliveras/j30/normalized-j3038_8-unsat.opb.xz,8
DEC-LIN/normalized-PB10/oliveras/j30/normalized-j3038_9-sat.opb.xz,7
DEC-LIN/normalized-PB10/oliveras/j30/normalized-j3038_9-unsat.opb.xz,7
DEC-LIN/normalized-PB10/oliveras/j30/normalized-j3039_1-sat.opb.xz,7
DEC-LIN/normalized-PB10/oliveras/j30/normalized-j3039_1-unsat.opb.xz,7
DEC-LIN/normalized-PB10/oliveras/j30/normalized-j3039_10-sat.opb.xz,7
DEC-LIN/normalized-PB10/oliveras/j30/normalized-j3039_10-unsat.opb.xz,7
DEC-LIN/normalized-PB10/oliveras/j30/normalized-j3039_2-sat.opb.xz,7
DEC-LIN/normalized-PB10/oliveras/j30/normalized-j3039_2-unsat.opb.xz,7
DEC-LIN/normalized-PB10/oliveras/j30/normalized-j3039_3-sat.opb.xz,7
DEC-LIN/normalized-PB10/oliveras/j30/normalized-j3039_3-unsat.opb.xz,7
DEC-LIN/normalized-PB10/oliveras/j30/normalized-j3039_4-sat.opb.xz,7
DEC-LIN/normalized-PB10/oliveras/j30/normalized-j3039_4-unsat.opb.xz,7
DEC-LIN/normalized-PB10/oliveras/j30/normalized-j3039_5-sat.opb.xz,8
DEC-LIN/normalized-PB10/oliveras/j30/normalized-j3039_5-unsat.opb.xz,8
DEC-LIN/normalized-PB10/oliveras/j30/normalized-j3039_6-sat.opb.xz,8
DEC-LIN/normalized-PB10/oliveras/j30/normalized-j3039_6-unsat.opb.xz,8
DEC-LIN/normalized-PB10/oliveras/j30/normalized-j3039_7-sat.opb.xz,7
DEC-LIN/normalized-PB10/oliveras/j30/normalized-j3039_7-unsat.opb.xz,7
DEC-LIN/normalized-PB10/oliveras/j30/normalized-j3039_8-sat.opb.xz,8
DEC-LIN/normalized-PB10/oliveras/j30/normalized-j3039_8-unsat.opb.xz,8
DEC-LIN/normalized-PB10/oliveras/j30/normalized-j3039_9-sat.opb.xz,7
DEC-LIN/normalized-PB10/oliveras/j30/normalized-j3039_9-unsat.opb.xz,7
DEC-LIN/normalized-PB10/oliveras/j30/normalized-j303_1-sat.opb.xz,7
DEC-LIN/normalized-PB10/oliveras/j30/normalized-j303_1-unsat.opb.xz,7
DEC-LIN/normalized-PB10/oliveras/j30/normalized-j303_10-sat.opb.xz,7
DEC-LIN/normalized-PB10/oliveras/j30/normalized-j303_10-unsat.opb.xz,7
DEC-LIN/normalized-PB10/oliveras/j30/normalized-j303_2-sat.opb.xz,7
DEC-LIN/normalized-PB10/oliveras/j30/normalized-j303_2-unsat.opb.xz,7
DEC-LIN/normalized-PB10/oliveras/j30/normalized-j303_3-sat.opb.xz,7
DEC-LIN/normalized-PB10/oliveras/j30/normalized-j303_3-unsat.opb.xz,7
DEC-LIN/normalized-PB10/oliveras/j30/normalized-j303_4-sat.opb.xz,7
DEC-LIN/normalized-PB10/oliveras/j30/normalized-j303_4-unsat.opb.xz,7
DEC-LIN/normalized-PB10/oliveras/j30/normalized-j303_5-sat.opb.xz,7
DEC-LIN/normalized-PB10/oliveras/j30/normalized-j303_5-unsat.opb.xz,7
DEC-LIN/normalized-PB10/oliveras/j30/normalized-j303_6-sat.opb.xz,6
DEC-LIN/normalized-PB10/oliveras/j30/normalized-j303_6-unsat.opb.xz,6
DEC-LIN/normalized-PB10/oliveras/j30/normalized-j303_7-sat.opb.xz,7
DEC-LIN/normalized-PB10/oliveras/j30/normalized-j303_7-unsat.opb.xz,7
DEC-LIN/normalized-PB10/oliveras/j30/normalized-j303_8-sat.opb.xz,6
DEC-LIN/normalized-PB10/oliveras/j30/normalized-j303_8-unsat.opb.xz,6
DEC-LIN/normalized-PB10/oliveras/j30/normalized-j303_9-sat.opb.xz,7
DEC-LIN/normalized-PB10/oliveras/j30/normalized-j303_9-unsat.opb.xz,7
DEC-LIN/normalized-PB10/oliveras/j30/normalized-j3040_1-sat.opb.xz,8
DEC-LIN/normalized-PB10/oliveras/j30/normalized-j3040_1-unsat.opb.xz,8
DEC-LIN/normalized-PB10/oliveras/j30/normalized-j3040_10-sat.opb.xz,7
DEC-LIN/normalized-PB10/oliveras/j30/normalized-j3040_10-unsat.opb.xz,7
DEC-LIN/normalized-PB10/oliveras/j30/normalized-j3040_2-sat.opb.xz,7
DEC-LIN/normalized-PB10/oliveras/j30/normalized-j3040_2-unsat.opb.xz,7
DEC-LIN/normalized-PB10/oliveras/j30/normalized-j3040_3-sat.opb.xz,8
DEC-LIN/normalized-PB10/oliveras/j30/normalized-j3040_3-unsat.opb.xz,8
DEC-LIN/normalized-PB10/oliveras/j30/normalized-j3040_4-sat.opb.xz,8
DEC-LIN/normalized-PB10/oliveras/j30/normalized-j3040_4-unsat.opb.xz,8
DEC-LIN/normalized-PB10/oliveras/j30/normalized-j3040_5-sat.opb.xz,7
DEC-LIN/normalized-PB10/oliveras/j30/normalized-j3040_5-unsat.opb.xz,7
DEC-LIN/normalized-PB10/oliveras/j30/normalized-j3040_6-sat.opb.xz,8
DEC-LIN/normalized-PB10/oliveras/j30/normalized-j3040_6-unsat.opb.xz,8
DEC-LIN/normalized-PB10/oliveras/j30/normalized-j3040_7-sat.opb.xz,8
DEC-LIN/normalized-PB10/oliveras/j30/normalized-j3040_7-unsat.opb.xz,8
DEC-LIN/normalized-PB10/oliveras/j30/normalized-j3040_8-sat.opb.xz,7
DEC-LIN/normalized-PB10/oliveras/j30/normalized-j3040_8-unsat.opb.xz,7
DEC-LIN/normalized-PB10/oliveras/j30/normalized-j3040_9-sat.opb.xz,7
DEC-LIN/normalized-PB10/oliveras/j30/normalized-j3040_9-unsat.opb.xz,7
DEC-LIN/normalized-PB10/oliveras/j30/normalized-j3041_1-sat.opb.xz,8
DEC-LIN/normalized-PB10/oliveras/j30/normalized-j3041_1-unsat.opb.xz,8
DEC-LIN/normalized-PB10/oliveras/j30/normalized-j3041_10-sat.opb.xz,8
DEC-LIN/normalized-PB10/oliveras/j30/normalized-j3041_10-unsat.opb.xz,8
DEC-LIN/normalized-PB10/oliveras/j30/normalized-j3041_2-sat.opb.xz,8
DEC-LIN/normalized-PB10/oliveras/j30/normalized-j3041_2-unsat.opb.xz,8
DEC-LIN/normalized-PB10/oliveras/j30/normalized-j3041_3-sat.opb.xz,8
DEC-LIN/normalized-PB10/oliveras/j30/normalized-j3041_3-unsat.opb.xz,8
DEC-LIN/normalized-PB10/oliveras/j30/normalized-j3041_4-sat.opb.xz,8
DEC-LIN/normalized-PB10/oliveras/j30/normalized-j3041_4-unsat.opb.xz,8
DEC-LIN/normalized-PB10/oliveras/j30/normalized-j3041_5-sat.opb.xz,8
DEC-LIN/normalized-PB10/oliveras/j30/normalized-j3041_5-unsat.opb.xz,8
DEC-LIN/normalized-PB10/oliveras/j30/normalized-j3041_6-sat.opb.xz,8
DEC-LIN/normalized-PB10/oliveras/j30/normalized-j3041_6-unsat.opb.xz,8
DEC-LIN/normalized-PB10/oliveras/j30/normalized-j3041_7-sat.opb.xz,8
DEC-LIN/normalized-PB10/oliveras/j30/normalized-j3041_7-unsat.opb.xz,8
DEC-LIN/normalized-PB10/oliveras/j30/normalized-j3041_8-sat.opb.xz,8
DEC-LIN/normalized-PB10/oliveras/j30/normalized-j3041_8-unsat.opb.xz,8
DEC-LIN/normalized-PB10/oliveras/j30/normalized-j3041_9-sat.opb.xz,8
DEC-LIN/normalized-PB10/oliveras/j30/normalized-j3041_9-unsat.opb.xz,8
DEC-LIN/normalized-PB10/oliveras/j30/normalized-j3042_1-sat.opb.xz,8
DEC-LIN/normalized-PB10/oliveras/j30/normalized-j3042_1-unsat.opb.xz,8
DEC-LIN/normalized-PB10/oliveras/j30/normalized-j3042_10-sat.opb.xz,8
DEC-LIN/normalized-PB10/oliveras/j30/normalized-j3042_10-unsat.opb.xz,8
DEC-LIN/normalized-PB10/oliveras/j30/normalized-j3042_2-sat.opb.xz,8
DEC-LIN/normalized-PB10/oliveras/j30/normalized-j3042_2-unsat.opb.xz,8
DEC-LIN/normalized-PB10/oliveras/j30/normalized-j3042_3-sat.opb.xz,8
DEC-LIN/normalized-PB10/oliveras/j30/normalized-j3042_3-unsat.opb.xz,8
DEC-LIN/normalized-PB10/oliveras/j30/normalized-j3042_4-sat.opb.xz,8
DEC-LIN/normalized-PB10/oliveras/j30/normalized-j3042_4-unsat.opb.xz,8
DEC-LIN/normalized-PB10/oliveras/j30/normalized-j3042_5-sat.opb.xz,8
DEC-LIN/normalized-PB10/oliveras/j30/normalized-j3042_5-unsat.opb.xz,8
DEC-LIN/normalized-PB10/oliveras/j30/normalized-j3042_6-sat.opb.xz,8
DEC-LIN/normalized-PB10/oliveras/j30/normalized-j3042_6-unsat.opb.xz,8
DEC-LIN/normalized-PB10/oliveras/j30/normalized-j3042_7-sat.opb.xz,8
DEC-LIN/normalized-PB10/oliveras/j30/normalized-j3042_7-unsat.opb.xz,8
DEC-LIN/normalized-PB10/oliveras/j30/normalized-j3042_8-sat.opb.xz,8
DEC-LIN/normalized-PB10/oliveras/j30/normalized-j3042_8-unsat.opb.xz,8
DEC-LIN/normalized-PB10/oliveras/j30/normalized-j3042_9-sat.opb.xz,8
DEC-LIN/normalized-PB10/oliveras/j30/normalized-j3042_9-unsat.opb.xz,8
DEC-LIN/normalized-PB10/oliveras/j30/normalized-j3043_1-sat.opb.xz,8
DEC-LIN/normalized-PB10/oliveras/j30/normalized-j3043_1-unsat.opb.xz,8
DEC-LIN/normalized-PB10/oliveras/j30/normalized-j3043_10-sat.opb.xz,8
DEC-LIN/normalized-PB10/oliveras/j30/normalized-j3043_10-unsat.opb.xz,8
DEC-LIN/normalized-PB10/oliveras/j30/normalized-j3043_2-sat.opb.xz,8
DEC-LIN/normalized-PB10/oliveras/j30/normalized-j3043_2-unsat.opb.xz,8
DEC-LIN/normalized-PB10/oliveras/j30/normalized-j3043_3-sat.opb.xz,8
DEC-LIN/normalized-PB10/oliveras/j30/normalized-j3043_3-unsat.opb.xz,8
DEC-LIN/normalized-PB10/oliveras/j30/normalized-j3043_4-sat.opb.xz,8
DEC-LIN/normalized-PB10/oliveras/j30/normalized-j3043_4-unsat.opb.xz,8
DEC-LIN/normalized-PB10/oliveras/j30/normalized-j3043_5-sat.opb.xz,8
DEC-LIN/normalized-PB10/oliveras/j30/normalized-j3043_5-unsat.opb.xz,8
DEC-LIN/normalized-PB10/oliveras/j30/normalized-j3043_6-sat.opb.xz,8
DEC-LIN/normalized-PB10/oliveras/j30/normalized-j3043_6-unsat.opb.xz,8
DEC-LIN/normalized-PB10/oliveras/j30/normalized-j3043_7-sat.opb.xz,8
DEC-LIN/normalized-PB10/oliveras/j30/normalized-j3043_7-unsat.opb.xz,8
DEC-LIN/normalized-PB10/oliveras/j30/normalized-j3043_8-sat.opb.xz,8
DEC-LIN/normalized-PB10/oliveras/j30/normalized-j3043_8-unsat.opb.xz,8
DEC-LIN/normalized-PB10/oliveras/j30/normalized-j3043_9-sat.opb.xz,8
DEC-LIN/normalized-PB10/oliveras/j30/normalized-j3043_9-unsat.opb.xz,8
DEC-LIN/normalized-PB10/oliveras/j30/normalized-j3044_1-sat.opb.xz,8
DEC-LIN/normalized-PB10/oliveras/j30/normalized-j3044_1-unsat.opb.xz,8
DEC-LIN/normalized-PB10/oliveras/j30/normalized-j3044_10-sat.opb.xz,8
DEC-LIN/normalized-PB10/oliveras/j30/normalized-j3044_10-unsat.opb.xz,8
DEC-LIN/normalized-PB10/oliveras/j30/normalized-j3044_2-sat.opb.xz,8
DEC-LIN/normalized-PB10/oliveras/j30/normalized-j3044_2-unsat.opb.xz,8
DEC-LIN/normalized-PB10/oliveras/j30/normalized-j3044_3-sat.opb.xz,8
DEC-LIN/normalized-PB10/oliveras/j30/normalized-j3044_3-unsat.opb.xz,8
DEC-LIN/normalized-PB10/oliveras/j30/normalized-j3044_4-sat.opb.xz,8
DEC-LIN/normalized-PB10/oliveras/j30/normalized-j3044_4-unsat.opb.xz,8
DEC-LIN/normalized-PB10/oliveras/j30/normalized-j3044_5-sat.opb.xz,8
DEC-LIN/normalized-PB10/oliveras/j30/normalized-j3044_5-unsat.opb.xz,8
DEC-LIN/normalized-PB10/oliveras/j30/normalized-j3044_6-sat.opb.xz,8
DEC-LIN/normalized-PB10/oliveras/j30/normalized-j3044_6-unsat.opb.xz,8
DEC-LIN/normalized-PB10/oliveras/j30/normalized-j3044_7-sat.opb.xz,8
DEC-LIN/normalized-PB10/oliveras/j30/normalized-j3044_7-unsat.opb.xz,8
DEC-LIN/normalized-PB10/oliveras/j30/normalized-j3044_8-sat.opb.xz,8
DEC-LIN/normalized-PB10/oliveras/j30/normalized-j3044_8-unsat.opb.xz,8
DEC-LIN/normalized-PB10/oliveras/j30/normalized-j3044_9-sat.opb.xz,8
DEC-LIN/normalized-PB10/oliveras/j30/normalized-j3044_9-unsat.opb.xz,8
DEC-LIN/normalized-PB10/oliveras/j30/normalized-j3045_1-sat.opb.xz,8
DEC-LIN/normalized-PB10/oliveras/j30/normalized-j3045_1-unsat.opb.xz,8
DEC-LIN/normalized-PB10/oliveras/j30/normalized-j3045_10-sat.opb.xz,8
DEC-LIN/normalized-PB10/oliveras/j30/normalized-j3045_10-unsat.opb.xz,8
DEC-LIN/normalized-PB10/oliveras/j30/normalized-j3045_2-sat.opb.xz,8
DEC-LIN/normalized-PB10/oliveras/j30/normalized-j3045_2-unsat.opb.xz,8
DEC-LIN/normalized-PB10/oliveras/j30/normalized-j3045_3-sat.opb.xz,8
DEC-LIN/normalized-PB10/oliveras/j30/normalized-j3045_3-unsat.opb.xz,8
DEC-LIN/normalized-PB10/oliveras/j30/normalized-j3045_4-sat.opb.xz,8
DEC-LIN/normalized-PB10/oliveras/j30/normalized-j3045_4-unsat.opb.xz,8
DEC-LIN/normalized-PB10/oliveras/j30/normalized-j3045_5-sat.opb.xz,8
DEC-LIN/normalized-PB10/oliveras/j30/normalized-j3045_5-unsat.opb.xz,8
DEC-LIN/normalized-PB10/oliveras/j30/normalized-j3045_6-sat.opb.xz,8
DEC-LIN/normalized-PB10/oliveras/j30/normalized-j3045_6-unsat.opb.xz,8
DEC-LIN/normalized-PB10/oliveras/j30/normalized-j3045_7-sat.opb.xz,8
DEC-LIN/normalized-PB10/oliveras/j30/normalized-j3045_7-unsat.opb.xz,8
DEC-LIN/normalized-PB10/oliveras/j30/normalized-j3045_8-sat.opb.xz,8
DEC-LIN/normalized-PB10/oliveras/j30/normalized-j3045_8-unsat.opb.xz,8
DEC-LIN/normalized-PB10/oliveras/j30/normalized-j3045_9-sat.opb.xz,8
DEC-LIN/normalized-PB10/oliveras/j30/normalized-j3045_9-unsat.opb.xz,8
DEC-LIN/normalized-PB10/oliveras/j30/normalized-j3046_1-sat.opb.xz,8
DEC-LIN/normalized-PB10/oliveras/j30/normalized-j3046_1-unsat.opb.xz,8
DEC-LIN/normalized-PB10/oliveras/j30/normalized-j3046_10-sat.opb.xz,8
DEC-LIN/normalized-PB10/oliveras/j30/normalized-j3046_10-unsat.opb.xz,8
DEC-LIN/normalized-PB10/oliveras/j30/normalized-j3046_2-sat.opb.xz,8
DEC-LIN/normalized-PB10/oliveras/j30/normalized-j3046_2-unsat.opb.xz,8
DEC-LIN/normalized-PB10/oliveras/j30/normalized-j3046_3-sat.opb.xz,8
DEC-LIN/normalized-PB10/oliveras/j30/normalized-j3046_3-unsat.opb.xz,8
DEC-LIN/normalized-PB10/oliveras/j30/normalized-j3046_4-sat.opb.xz,8
DEC-LIN/normalized-PB10/oliveras/j30/normalized-j3046_4-unsat.opb.xz,8
DEC-LIN/normalized-PB10/oliveras/j30/normalized-j3046_5-sat.opb.xz,8
DEC-LIN/normalized-PB10/oliveras/j30/normalized-j3046_5-unsat.opb.xz,8
DEC-LIN/normalized-PB10/oliveras/j30/normalized-j3046_6-sat.opb.xz,8
DEC-LIN/normalized-PB10/oliveras/j30/normalized-j3046_6-unsat.opb.xz,8
DEC-LIN/normalized-PB10/oliveras/j30/normalized-j3046_7-sat.opb.xz,8
DEC-LIN/normalized-PB10/oliveras/j30/normalized-j3046_7-unsat.opb.xz,8
DEC-LIN/normalized-PB10/oliveras/j30/normalized-j3046_8-sat.opb.xz,8
DEC-LIN/normalized-PB10/oliveras/j30/normalized-j3046_8-unsat.opb.xz,8
DEC-LIN/normalized-PB10/oliveras/j30/normalized-j3046_9-sat.opb.xz,8
DEC-LIN/normalized-PB10/oliveras/j30/normalized-j3046_9-unsat.opb.xz,8
DEC-LIN/normalized-PB10/oliveras/j30/normalized-j3047_1-sat.opb.xz,8
DEC-LIN/normalized-PB10/oliveras/j30/normalized-j3047_1-unsat.opb.xz,8
DEC-LIN/normalized-PB10/oliveras/j30/normalized-j3047_10-sat.opb.xz,8
DEC-LIN/normalized-PB10/oliveras/j30/normalized-j3047_10-unsat.opb.xz,8
DEC-LIN/normalized-PB10/oliveras/j30/normalized-j3047_2-sat.opb.xz,8
DEC-LIN/normalized-PB10/oliveras/j30/normalized-j3047_2-unsat.opb.xz,8
DEC-LIN/normalized-PB10/oliveras/j30/normalized-j3047_3-sat.opb.xz,8
DEC-LIN/normalized-PB10/oliveras/j30/normalized-j3047_3-unsat.opb.xz,8
DEC-LIN/normalized-PB10/oliveras/j30/normalized-j3047_4-sat.opb.xz,8
DEC-LIN/normalized-PB10/oliveras/j30/normalized-j3047_4-unsat.opb.xz,8
DEC-LIN/normalized-PB10/oliveras/j30/normalized-j3047_5-sat.opb.xz,8
DEC-LIN/normalized-PB10/oliveras/j30/normalized-j3047_5-unsat.opb.xz,8
DEC-LIN/normalized-PB10/oliveras/j30/normalized-j3047_6-sat.opb.xz,8
DEC-LIN/normalized-PB10/oliveras/j30/normalized-j3047_6-unsat.opb.xz,8
DEC-LIN/normalized-PB10/oliveras/j30/normalized-j3047_7-sat.opb.xz,8
DEC-LIN/normalized-PB10/oliveras/j30/normalized-j3047_7-unsat.opb.xz,8
DEC-LIN/normalized-PB10/oliveras/j30/normalized-j3047_8-sat.opb.xz,8
DEC-LIN/normalized-PB10/oliveras/j30/normalized-j3047_8-unsat.opb.xz,8
DEC-LIN/normalized-PB10/oliveras/j30/normalized-j3047_9-sat.opb.xz,8
DEC-LIN/normalized-PB10/oliveras/j30/normalized-j3047_9-unsat.opb.xz,8
DEC-LIN/normalized-PB10/oliveras/j30/normalized-j3048_1-sat.opb.xz,8
DEC-LIN/normalized-PB10/oliveras/j30/normalized-j3048_1-unsat.opb.xz,8
DEC-LIN/normalized-PB10/oliveras/j30/normalized-j3048_10-sat.opb.xz,8
DEC-LIN/normalized-PB10/oliveras/j30/normalized-j3048_10-unsat.opb.xz,8
DEC-LIN/normalized-PB10/oliveras/j30/normalized-j3048_2-sat.opb.xz,8
DEC-LIN/normalized-PB10/oliveras/j30/normalized-j3048_2-unsat.opb.xz,8
DEC-LIN/normalized-PB10/oliveras/j30/normalized-j3048_3-sat.opb.xz,8
DEC-LIN/normalized-PB10/oliveras/j30/normalized-j3048_3-unsat.opb.xz,8
DEC-LIN/normalized-PB10/oliveras/j30/normalized-j3048_4-sat.opb.xz,8
DEC-LIN/normalized-PB10/oliveras/j30/normalized-j3048_4-unsat.opb.xz,8
DEC-LIN/normalized-PB10/oliveras/j30/normalized-j3048_5-sat.opb.xz,8
DEC-LIN/normalized-PB10/oliveras/j30/normalized-j3048_5-unsat.opb.xz,8
DEC-LIN/normalized-PB10/oliveras/j30/normalized-j3048_6-sat.opb.xz,8
DEC-LIN/normalized-PB10/oliveras/j30/normalized-j3048_6-unsat.opb.xz,8
DEC-LIN/normalized-PB10/oliveras/j30/normalized-j3048_7-sat.opb.xz,8
DEC-LIN/normalized-PB10/oliveras/j30/normalized-j3048_7-unsat.opb.xz,8
DEC-LIN/normalized-PB10/oliveras/j30/normalized-j3048_8-sat.opb.xz,8
DEC-LIN/normalized-PB10/oliveras/j30/normalized-j3048_8-unsat.opb.xz,8
DEC-LIN/normalized-PB10/oliveras/j30/normalized-j3048_9-sat.opb.xz,8
DEC-LIN/normalized-PB10/oliveras/j30/normalized-j3048_9-unsat.opb.xz,8
DEC-LIN/normalized-PB10/oliveras/j30/normalized-j304_1-sat.opb.xz,7
DEC-LIN/normalized-PB10/oliveras/j30/normalized-j304_1-unsat.opb.xz,7
DEC-LIN/normalized-PB10/oliveras/j30/normalized-j304_10-sat.opb.xz,7
DEC-LIN/normalized-PB10/oliveras/j30/normalized-j304_10-unsat.opb.xz,7
DEC-LIN/normalized-PB10/oliveras/j30/normalized-j304_2-sat.opb.xz,7
DEC-LIN/normalized-PB10/oliveras/j30/normalized-j304_2-unsat.opb.xz,7
DEC-LIN/normalized-PB10/oliveras/j30/normalized-j304_3-sat.opb.xz,6
DEC-LIN/normalized-PB10/oliveras/j30/normalized-j304_3-unsat.opb.xz,6
DEC-LIN/normalized-PB10/oliveras/j30/normalized-j304_4-sat.opb.xz,7
DEC-LIN/normalized-PB10/oliveras/j30/normalized-j304_4-unsat.opb.xz,7
DEC-LIN/normalized-PB10/oliveras/j30/normalized-j304_5-sat.opb.xz,7
DEC-LIN/normalized-PB10/oliveras/j30/normalized-j304_5-unsat.opb.xz,7
DEC-LIN/normalized-PB10/oliveras/j30/normalized-j304_6-sat.opb.xz,7
DEC-LIN/normalized-PB10/oliveras/j30/normalized-j304_6-unsat.opb.xz,7
DEC-LIN/normalized-PB10/oliveras/j30/normalized-j304_7-sat.opb.xz,7
DEC-LIN/normalized-PB10/oliveras/j30/normalized-j304_7-unsat.opb.xz,7
DEC-LIN/normalized-PB10/oliveras/j30/normalized-j304_8-sat.opb.xz,7
DEC-LIN/normalized-PB10/oliveras/j30/normalized-j304_8-unsat.opb.xz,7
DEC-LIN/normalized-PB10/oliveras/j30/normalized-j304_9-sat.opb.xz,7
DEC-LIN/normalized-PB10/oliveras/j30/normalized-j304_9-unsat.opb.xz,7
DEC-LIN/normalized-PB10/oliveras/j30/normalized-j305_1-sat.opb.xz,7
DEC-LIN/normalized-PB10/oliveras/j30/normalized-j305_1-unsat.opb.xz,7
DEC-LIN/normalized-PB10/oliveras/j30/normalized-j305_10-sat.opb.xz,7
DEC-LIN/normalized-PB10/oliveras/j30/normalized-j305_10-unsat.opb.xz,7
DEC-LIN/normalized-PB10/oliveras/j30/normalized-j305_2-sat.opb.xz,7
DEC-LIN/normalized-PB10/oliveras/j30/normalized-j305_2-unsat.opb.xz,7
DEC-LIN/normalized-PB10/oliveras/j30/normalized-j305_3-sat.opb.xz,7
DEC-LIN/normalized-PB10/oliveras/j30/normalized-j305_3-unsat.opb.xz,7
DEC-LIN/normalized-PB10/oliveras/j30/normalized-j305_4-sat.opb.xz,7
DEC-LIN/normalized-PB10/oliveras/j30/normalized-j305_4-unsat.opb.xz,7
DEC-LIN/normalized-PB10/oliveras/j30/normalized-j305_5-sat.opb.xz,7
DEC-LIN/normalized-PB10/oliveras/j30/normalized-j305_5-unsat.opb.xz,7
DEC-LIN/normalized-PB10/oliveras/j30/normalized-j305_6-sat.opb.xz,7
DEC-LIN/normalized-PB10/oliveras/j30/normalized-j305_6-unsat.opb.xz,7
DEC-LIN/normalized-PB10/oliveras/j30/normalized-j305_7-sat.opb.xz,7
DEC-LIN/normalized-PB10/oliveras/j30/normalized-j305_7-unsat.opb.xz,7
DEC-LIN/normalized-PB10/oliveras/j30/normalized-j305_8-sat.opb.xz,8
DEC-LIN/normalized-PB10/oliveras/j30/normalized-j305_8-unsat.opb.xz,8
DEC-LIN/normalized-PB10/oliveras/j30/normalized-j305_9-sat.opb.xz,7
DEC-LIN/normalized-PB10/oliveras/j30/normalized-j305_9-unsat.opb.xz,7
DEC-LIN/normalized-PB10/oliveras/j30/normalized-j306_1-sat.opb.xz,8
DEC-LIN/normalized-PB10/oliveras/j30/normalized-j306_1-unsat.opb.xz,8
DEC-LIN/normalized-PB10/oliveras/j30/normalized-j306_10-sat.opb.xz,8
DEC-LIN/normalized-PB10/oliveras/j30/normalized-j306_10-unsat.opb.xz,8
DEC-LIN/normalized-PB10/oliveras/j30/normalized-j306_2-sat.opb.xz,7
DEC-LIN/normalized-PB10/oliveras/j30/normalized-j306_2-unsat.opb.xz,7
DEC-LIN/normalized-PB10/oliveras/j30/normalized-j306_3-sat.opb.xz,8
DEC-LIN/normalized-PB10/oliveras/j30/normalized-j306_3-unsat.opb.xz,8
DEC-LIN/normalized-PB10/oliveras/j30/normalized-j306_4-sat.opb.xz,8
DEC-LIN/normalized-PB10/oliveras/j30/normalized-j306_4-unsat.opb.xz,8
DEC-LIN/normalized-PB10/oliveras/j30/normalized-j306_5-sat.opb.xz,8
DEC-LIN/normalized-PB10/oliveras/j30/normalized-j306_5-unsat.opb.xz,8
DEC-LIN/normalized-PB10/oliveras/j30/normalized-j306_6-sat.opb.xz,7
DEC-LIN/normalized-PB10/oliveras/j30/normalized-j306_6-unsat.opb.xz,7
DEC-LIN/normalized-PB10/oliveras/j30/normalized-j306_7-sat.opb.xz,7
DEC-LIN/normalized-PB10/oliveras/j30/normalized-j306_7-unsat.opb.xz,7
DEC-LIN/normalized-PB10/oliveras/j30/normalized-j306_8-sat.opb.xz,8
DEC-LIN/normalized-PB10/oliveras/j30/normalized-j306_8-unsat.opb.xz,8
DEC-LIN/normalized-PB10/oliveras/j30/normalized-j306_9-sat.opb.xz,8
DEC-LIN/normalized-PB10/oliveras/j30/normalized-j306_9-unsat.opb.xz,8
DEC-LIN/normalized-PB10/oliveras/j30/normalized-j307_1-sat.opb.xz,8
DEC-LIN/normalized-PB10/oliveras/j30/normalized-j307_1-unsat.opb.xz,8
DEC-LIN/normalized-PB10/oliveras/j30/normalized-j307_10-sat.opb.xz,7
DEC-LIN/normalized-PB10/oliveras/j30/normalized-j307_10-unsat.opb.xz,7
DEC-LIN/normalized-PB10/oliveras/j30/normalized-j307_2-sat.opb.xz,8
DEC-LIN/normalized-PB10/oliveras/j30/normalized-j307_2-unsat.opb.xz,8
DEC-LIN/normalized-PB10/oliveras/j30/normalized-j307_3-sat.opb.xz,7
DEC-LIN/normalized-PB10/oliveras/j30/normalized-j307_3-unsat.opb.xz,7
DEC-LIN/normalized-PB10/oliveras/j30/normalized-j307_4-sat.opb.xz,7
DEC-LIN/normalized-PB10/oliveras/j30/normalized-j307_4-unsat.opb.xz,7
DEC-LIN/normalized-PB10/oliveras/j30/normalized-j307_5-sat.opb.xz,7
DEC-LIN/normalized-PB10/oliveras/j30/normalized-j307_5-unsat.opb.xz,7
DEC-LIN/normalized-PB10/oliveras/j30/normalized-j307_6-sat.opb.xz,8
DEC-LIN/normalized-PB10/oliveras/j30/normalized-j307_6-unsat.opb.xz,8
DEC-LIN/normalized-PB10/oliveras/j30/normalized-j307_7-sat.opb.xz,7
DEC-LIN/normalized-PB10/oliveras/j30/normalized-j307_7-unsat.opb.xz,7
DEC-LIN/normalized-PB10/oliveras/j30/normalized-j307_8-sat.opb.xz,7
DEC-LIN/normalized-PB10/oliveras/j30/normalized-j307_8-unsat.opb.xz,7
DEC-LIN/normalized-PB10/oliveras/j30/normalized-j307_9-sat.opb.xz,7
DEC-LIN/normalized-PB10/oliveras/j30/normalized-j307_9-unsat.opb.xz,7
DEC-LIN/normalized-PB10/oliveras/j30/normalized-j308_1-sat.opb.xz,8
DEC-LIN/normalized-PB10/oliveras/j30/normalized-j308_1-unsat.opb.xz,8
DEC-LIN/normalized-PB10/oliveras/j30/normalized-j308_10-sat.opb.xz,7
DEC-LIN/normalized-PB10/oliveras/j30/normalized-j308_10-unsat.opb.xz,7
DEC-LIN/normalized-PB10/oliveras/j30/normalized-j308_2-sat.opb.xz,8
DEC-LIN/normalized-PB10/oliveras/j30/normalized-j308_2-unsat.opb.xz,8
DEC-LIN/normalized-PB10/oliveras/j30/normalized-j308_3-sat.opb.xz,8
DEC-LIN/normalized-PB10/oliveras/j30/normalized-j308_3-unsat.opb.xz,8
DEC-LIN/normalized-PB10/oliveras/j30/normalized-j308_4-sat.opb.xz,7
DEC-LIN/normalized-PB10/oliveras/j30/normalized-j308_4-unsat.opb.xz,7
DEC-LIN/normalized-PB10/oliveras/j30/normalized-j308_5-sat.opb.xz,8
DEC-LIN/normalized-PB10/oliveras/j30/normalized-j308_5-unsat.opb.xz,8
DEC-LIN/normalized-PB10/oliveras/j30/normalized-j308_6-sat.opb.xz,7
DEC-LIN/normalized-PB10/oliveras/j30/normalized-j308_6-unsat.opb.xz,7
DEC-LIN/normalized-PB10/oliveras/j30/normalized-j308_7-sat.opb.xz,8
DEC-LIN/normalized-PB10/oliveras/j30/normalized-j308_7-unsat.opb.xz,8
DEC-LIN/normalized-PB10/oliveras/j30/normalized-j308_8-sat.opb.xz,7
DEC-LIN/normalized-PB10/oliveras/j30/normalized-j308_8-unsat.opb.xz,7
DEC-LIN/normalized-PB10/oliveras/j30/normalized-j308_9-sat.opb.xz,7
DEC-LIN/normalized-PB10/oliveras/j30/normalized-j308_9-unsat.opb.xz,7
DEC-LIN/normalized-PB10/oliveras/j30/normalized-j309_1-sat.opb.xz,8
DEC-LIN/normalized-PB10/oliveras/j30/normalized-j309_1-unsat.opb.xz,8
DEC-LIN/normalized-PB10/oliveras/j30/normalized-j309_10-sat.opb.xz,8
DEC-LIN/normalized-PB10/oliveras/j30/normalized-j309_10-unsat.opb.xz,8
DEC-LIN/normalized-PB10/oliveras/j30/normalized-j309_2-sat.opb.xz,8
DEC-LIN/normalized-PB10/oliveras/j30/normalized-j309_2-unsat.opb.xz,8
DEC-LIN/normalized-PB10/oliveras/j30/normalized-j309_3-sat.opb.xz,8
DEC-LIN/normalized-PB10/oliveras/j30/normalized-j309_3-unsat.opb.xz,8
DEC-LIN/normalized-PB10/oliveras/j30/normalized-j309_4-sat.opb.xz,8
DEC-LIN/normalized-PB10/oliveras/j30/normalized-j309_4-unsat.opb.xz,8
DEC-LIN/normalized-PB10/oliveras/j30/normalized-j309_5-sat.opb.xz,8
DEC-LIN/normalized-PB10/oliveras/j30/normalized-j309_5-unsat.opb.xz,8
DEC-LIN/normalized-PB10/oliveras/j30/normalized-j309_6-sat.opb.xz,8
DEC-LIN/normalized-PB10/oliveras/j30/normalized-j309_6-unsat.opb.xz,8
DEC-LIN/normalized-PB10/oliveras/j30/normalized-j309_7-sat.opb.xz,8
DEC-LIN/normalized-PB10/oliveras/j30/normalized-j309_7-unsat.opb.xz,8
DEC-LIN/normalized-PB10/oliveras/j30/normalized-j309_8-sat.opb.xz,8
DEC-LIN/normalized-PB10/oliveras/j30/normalized-j309_8-unsat.opb.xz,8
DEC-LIN/normalized-PB10/oliveras/j30/normalized-j309_9-sat.opb.xz,8
DEC-LIN/normalized-PB10/oliveras/j30/normalized-j309_9-unsat.opb.xz,8
DEC-LIN/normalized-PB10/oliveras/j60/normalized-j6010_1-sat.opb.xz,9
DEC-LIN/normalized-PB10/oliveras/j60/normalized-j6010_1-unsat.opb.xz,9
DEC-LIN/normalized-PB10/oliveras/j60/normalized-j6010_10-sat.opb.xz,9
DEC-LIN/normalized-PB10/oliveras/j60/normalized-j6010_10-unsat.opb.xz,9
DEC-LIN/normalized-PB10/oliveras/j60/normalized-j6010_2-sat.opb.xz,9
DEC-LIN/normalized-PB10/oliveras/j60/normalized-j6010_2-unsat.opb.xz,9
DEC-LIN/normalized-PB10/oliveras/j60/normalized-j6010_3-sat.opb.xz,9
DEC-LIN/normalized-PB10/oliveras/j60/normalized-j6010_3-unsat.opb.xz,9
DEC-LIN/normalized-PB10/oliveras/j60/normalized-j6010_4-sat.opb.xz,9
DEC-LIN/normalized-PB10/oliveras/j60/normalized-j6010_4-unsat.opb.xz,9
DEC-LIN/normalized-PB10/oliveras/j60/normalized-j6010_5-sat.opb.xz,9
DEC-LIN/normalized-PB10/oliveras/j60/normalized-j6010_5-unsat.opb.xz,9
DEC-LIN/normalized-PB10/oliveras/j60/normalized-j6010_6-sat.opb.xz,9
DEC-LIN/normalized-PB10/oliveras/j60/normalized-j6010_6-unsat.opb.xz,9
DEC-LIN/normalized-PB10/oliveras/j60/normalized-j6010_7-sat.opb.xz,9
DEC-LIN/normalized-PB10/oliveras/j60/normalized-j6010_7-unsat.opb.xz,9
DEC-LIN/normalized-PB10/oliveras/j60/normalized-j6010_8-sat.opb.xz,9
DEC-LIN/normalized-PB10/oliveras/j60/normalized-j6010_8-unsat.opb.xz,9
DEC-LIN/normalized-PB10/oliveras/j60/normalized-j6010_9-sat.opb.xz,9
DEC-LIN/normalized-PB10/oliveras/j60/normalized-j6010_9-unsat.opb.xz,9
DEC-LIN/normalized-PB10/oliveras/j60/normalized-j6011_1-sat.opb.xz,9
DEC-LIN/normalized-PB10/oliveras/j60/normalized-j6011_1-unsat.opb.xz,9
DEC-LIN/normalized-PB10/oliveras/j60/normalized-j6011_10-sat.opb.xz,9
DEC-LIN/normalized-PB10/oliveras/j60/normalized-j6011_10-unsat.opb.xz,9
DEC-LIN/normalized-PB10/oliveras/j60/normalized-j6011_2-sat.opb.xz,9
DEC-LIN/normalized-PB10/oliveras/j60/normalized-j6011_2-unsat.opb.xz,9
DEC-LIN/normalized-PB10/oliveras/j60/normalized-j6011_3-sat.opb.xz,9
DEC-LIN/normalized-PB10/oliveras/j60/normalized-j6011_3-unsat.opb.xz,9
DEC-LIN/normalized-PB10/oliveras/j60/normalized-j6011_4-sat.opb.xz,9
DEC-LIN/normalized-PB10/oliveras/j60/normalized-j6011_4-unsat.opb.xz,9
DEC-LIN/normalized-PB10/oliveras/j60/normalized-j6011_5-sat.opb.xz,9
DEC-LIN/normalized-PB10/oliveras/j60/normalized-j6011_5-unsat.opb.xz,9
DEC-LIN/normalized-PB10/oliveras/j60/normalized-j6011_6-sat.opb.xz,9
DEC-LIN/normalized-PB10/oliveras/j60/normalized-j6011_6-unsat.opb.xz,9
DEC-LIN/normalized-PB10/oliveras/j60/normalized-j6011_7-sat.opb.xz,9
DEC-LIN/normalized-PB10/oliveras/j60/normalized-j6011_7-unsat.opb.xz,9
DEC-LIN/normalized-PB10/oliveras/j60/normalized-j6011_8-sat.opb.xz,9
DEC-LIN/normalized-PB10/oliveras/j60/normalized-j6011_8-unsat.opb.xz,9
DEC-LIN/normalized-PB10/oliveras/j60/normalized-j6011_9-sat.opb.xz,9
DEC-LIN/normalized-PB10/oliveras/j60/normalized-j6011_9-unsat.opb.xz,9
DEC-LIN/normalized-PB10/oliveras/j60/normalized-j6012_1-sat.opb.xz,9
DEC-LIN/normalized-PB10/oliveras/j60/normalized-j6012_1-unsat.opb.xz,9
DEC-LIN/normalized-PB10/oliveras/j60/normalized-j6012_10-sat.opb.xz,9
DEC-LIN/normalized-PB10/oliveras/j60/normalized-j6012_10-unsat.opb.xz,9
DEC-LIN/normalized-PB10/oliveras/j60/normalized-j6012_2-sat.opb.xz,9
DEC-LIN/normalized-PB10/oliveras/j60/normalized-j6012_2-unsat.opb.xz,9
DEC-LIN/normalized-PB10/oliveras/j60/normalized-j6012_3-sat.opb.xz,9
DEC-LIN/normalized-PB10/oliveras/j60/normalized-j6012_3-unsat.opb.xz,9
DEC-LIN/normalized-PB10/oliveras/j60/normalized-j6012_4-sat.opb.xz,9
DEC-LIN/normalized-PB10/oliveras/j60/normalized-j6012_4-unsat.opb.xz,9
DEC-LIN/normalized-PB10/oliveras/j60/normalized-j6012_5-sat.opb.xz,9
DEC-LIN/normalized-PB10/oliveras/j60/normalized-j6012_5-unsat.opb.xz,9
DEC-LIN/normalized-PB10/oliveras/j60/normalized-j6012_6-sat.opb.xz,9
DEC-LIN/normalized-PB10/oliveras/j60/normalized-j6012_6-unsat.opb.xz,9
DEC-LIN/normalized-PB10/oliveras/j60/normalized-j6012_7-sat.opb.xz,9
DEC-LIN/normalized-PB10/oliveras/j60/normalized-j6012_7-unsat.opb.xz,9
DEC-LIN/normalized-PB10/oliveras/j60/normalized-j6012_8-sat.opb.xz,9
DEC-LIN/normalized-PB10/oliveras/j60/normalized-j6012_8-unsat.opb.xz,9
DEC-LIN/normalized-PB10/oliveras/j60/normalized-j6012_9-sat.opb.xz,9
DEC-LIN/normalized-PB10/oliveras/j60/normalized-j6012_9-unsat.opb.xz,9
DEC-LIN/normalized-PB10/oliveras/j60/normalized-j6013_1-sat.opb.xz,9
DEC-LIN/normalized-PB10/oliveras/j60/normalized-j6013_1-unsat.opb.xz,9
DEC-LIN/normalized-PB10/oliveras/j60/normalized-j6013_10-sat.opb.xz,9
DEC-LIN/normalized-PB10/oliveras/j60/normalized-j6013_10-unsat.opb.xz,9
DEC-LIN/normalized-PB10/oliveras/j60/normalized-j6013_2-sat.opb.xz,9
DEC-LIN/normalized-PB10/oliveras/j60/normalized-j6013_2-unsat.opb.xz,9
DEC-LIN/normalized-PB10/oliveras/j60/normalized-j6013_3-sat.opb.xz,9
DEC-LIN/normalized-PB10/oliveras/j60/normalized-j6013_3-unsat.opb.xz,9
DEC-LIN/normalized-PB10/oliveras/j60/normalized-j6013_4-sat.opb.xz,9
DEC-LIN/normalized-PB10/oliveras/j60/normalized-j6013_4-unsat.opb.xz,9
DEC-LIN/normalized-PB10/oliveras/j60/normalized-j6013_5-sat.opb.xz,9
DEC-LIN/normalized-PB10/oliveras/j60/normalized-j6013_5-unsat.opb.xz,9
DEC-LIN/normalized-PB10/oliveras/j60/normalized-j6013_6-sat.opb.xz,9
DEC-LIN/normalized-PB10/oliveras/j60/normalized-j6013_6-unsat.opb.xz,9
DEC-LIN/normalized-PB10/oliveras/j60/normalized-j6013_7-sat.opb.xz,9
DEC-LIN/normalized-PB10/oliveras/j60/normalized-j6013_7-unsat.opb.xz,9
DEC-LIN/normalized-PB10/oliveras/j60/normalized-j6013_8-sat.opb.xz,9
DEC-LIN/normalized-PB10/oliveras/j60/normalized-j6013_8-unsat.opb.xz,9
DEC-LIN/normalized-PB10/oliveras/j60/normalized-j6013_9-sat.opb.xz,9
DEC-LIN/normalized-PB10/oliveras/j60/normalized-j6013_9-unsat.opb.xz,9
DEC-LIN/normalized-PB10/oliveras/j60/normalized-j6014_1-sat.opb.xz,9
DEC-LIN/normalized-PB10/oliveras/j60/normalized-j6014_1-unsat.opb.xz,9
DEC-LIN/normalized-PB10/oliveras/j60/normalized-j6014_10-sat.opb.xz,9
DEC-LIN/normalized-PB10/oliveras/j60/normalized-j6014_10-unsat.opb.xz,9
DEC-LIN/normalized-PB10/oliveras/j60/normalized-j6014_2-sat.opb.xz,9
DEC-LIN/normalized-PB10/oliveras/j60/normalized-j6014_2-unsat.opb.xz,9
DEC-LIN/normalized-PB10/oliveras/j60/normalized-j6014_3-sat.opb.xz,9
DEC-LIN/normalized-PB10/oliveras/j60/normalized-j6014_3-unsat.opb.xz,9
DEC-LIN/normalized-PB10/oliveras/j60/normalized-j6014_4-sat.opb.xz,9
DEC-LIN/normalized-PB10/oliveras/j60/normalized-j6014_4-unsat.opb.xz,9
DEC-LIN/normalized-PB10/oliveras/j60/normalized-j6014_5-sat.opb.xz,9
DEC-LIN/normalized-PB10/oliveras/j60/normalized-j6014_5-unsat.opb.xz,9
DEC-LIN/normalized-PB10/oliveras/j60/normalized-j6014_6-sat.opb.xz,9
DEC-LIN/normalized-PB10/oliveras/j60/normalized-j6014_6-unsat.opb.xz,9
DEC-LIN/normalized-PB10/oliveras/j60/normalized-j6014_7-sat.opb.xz,9
DEC-LIN/normalized-PB10/oliveras/j60/normalized-j6014_7-unsat.opb.xz,9
DEC-LIN/normalized-PB10/oliveras/j60/normalized-j6014_8-sat.opb.xz,9
DEC-LIN/normalized-PB10/oliveras/j60/normalized-j6014_8-unsat.opb.xz,9
DEC-LIN/normalized-PB10/oliveras/j60/normalized-j6014_9-sat.opb.xz,9
DEC-LIN/normalized-PB10/oliveras/j60/normalized-j6014_9-unsat.opb.xz,9
DEC-LIN/normalized-PB10/oliveras/j60/normalized-j6015_1-sat.opb.xz,9
DEC-LIN/normalized-PB10/oliveras/j60/normalized-j6015_1-unsat.opb.xz,9
DEC-LIN/normalized-PB10/oliveras/j60/normalized-j6015_10-sat.opb.xz,9
DEC-LIN/normalized-PB10/oliveras/j60/normalized-j6015_10-unsat.opb.xz,9
DEC-LIN/normalized-PB10/oliveras/j60/normalized-j6015_2-sat.opb.xz,9
DEC-LIN/normalized-PB10/oliveras/j60/normalized-j6015_2-unsat.opb.xz,9
DEC-LIN/normalized-PB10/oliveras/j60/normalized-j6015_3-sat.opb.xz,9
DEC-LIN/normalized-PB10/oliveras/j60/normalized-j6015_3-unsat.opb.xz,9
DEC-LIN/normalized-PB10/oliveras/j60/normalized-j6015_4-sat.opb.xz,9
DEC-LIN/normalized-PB10/oliveras/j60/normalized-j6015_4-unsat.opb.xz,9
DEC-LIN/normalized-PB10/oliveras/j60/normalized-j6015_5-sat.opb.xz,9
DEC-LIN/normalized-PB10/oliveras/j60/normalized-j6015_5-unsat.opb.xz,9
DEC-LIN/normalized-PB10/oliveras/j60/normalized-j6015_6-sat.opb.xz,9
DEC-LIN/normalized-PB10/oliveras/j60/normalized-j6015_6-unsat.opb.xz,9
DEC-LIN/normalized-PB10/oliveras/j60/normalized-j6015_7-sat.opb.xz,9
DEC-LIN/normalized-PB10/oliveras/j60/normalized-j6015_7-unsat.opb.xz,9
DEC-LIN/normalized-PB10/oliveras/j60/normalized-j6015_8-sat.opb.xz,9
DEC-LIN/normalized-PB10/oliveras/j60/normalized-j6015_8-unsat.opb.xz,9
DEC-LIN/normalized-PB10/oliveras/j60/normalized-j6015_9-sat.opb.xz,9
DEC-LIN/normalized-PB10/oliveras/j60/normalized-j6015_9-unsat.opb.xz,9
DEC-LIN/normalized-PB10/oliveras/j60/normalized-j6016_1-sat.opb.xz,9
DEC-LIN/normalized-PB10/oliveras/j60/normalized-j6016_1-unsat.opb.xz,9
DEC-LIN/normalized-PB10/oliveras/j60/normalized-j6016_10-sat.opb.xz,9
DEC-LIN/normalized-PB10/oliveras/j60/normalized-j6016_10-unsat.opb.xz,9
DEC-LIN/normalized-PB10/oliveras/j60/normalized-j6016_2-sat.opb.xz,9
DEC-LIN/normalized-PB10/oliveras/j60/normalized-j6016_2-unsat.opb.xz,9
DEC-LIN/normalized-PB10/oliveras/j60/normalized-j6016_3-sat.opb.xz,9
DEC-LIN/normalized-PB10/oliveras/j60/normalized-j6016_3-unsat.opb.xz,9
DEC-LIN/normalized-PB10/oliveras/j60/normalized-j6016_4-sat.opb.xz,9
DEC-LIN/normalized-PB10/oliveras/j60/normalized-j6016_4-unsat.opb.xz,9
DEC-LIN/normalized-PB10/oliveras/j60/normalized-j6016_5-sat.opb.xz,9
DEC-LIN/normalized-PB10/oliveras/j60/normalized-j6016_5-unsat.opb.xz,9
DEC-LIN/normalized-PB10/oliveras/j60/normalized-j6016_6-sat.opb.xz,9
DEC-LIN/normalized-PB10/oliveras/j60/normalized-j6016_6-unsat.opb.xz,9
DEC-LIN/normalized-PB10/oliveras/j60/normalized-j6016_7-sat.opb.xz,9
DEC-LIN/normalized-PB10/oliveras/j60/normalized-j6016_7-unsat.opb.xz,9
DEC-LIN/normalized-PB10/oliveras/j60/normalized-j6016_8-sat.opb.xz,9
DEC-LIN/normalized-PB10/oliveras/j60/normalized-j6016_8-unsat.opb.xz,9
DEC-LIN/normalized-PB10/oliveras/j60/normalized-j6016_9-sat.opb.xz,9
DEC-LIN/normalized-PB10/oliveras/j60/normalized-j6016_9-unsat.opb.xz,9
DEC-LIN/normalized-PB10/oliveras/j60/normalized-j6017_1-sat.opb.xz,7
DEC-LIN/normalized-PB10/oliveras/j60/normalized-j6017_1-unsat.opb.xz,7
DEC-LIN/normalized-PB10/oliveras/j60/normalized-j6017_10-sat.opb.xz,7
DEC-LIN/normalized-PB10/oliveras/j60/normalized-j6017_10-unsat.opb.xz,7
DEC-LIN/normalized-PB10/oliveras/j60/normalized-j6017_2-sat.opb.xz,7
DEC-LIN/normalized-PB10/oliveras/j60/normalized-j6017_2-unsat.opb.xz,7
DEC-LIN/normalized-PB10/oliveras/j60/normalized-j6017_3-sat.opb.xz,8
DEC-LIN/normalized-PB10/oliveras/j60/normalized-j6017_3-unsat.opb.xz,8
DEC-LIN/normalized-PB10/oliveras/j60/normalized-j6017_4-sat.opb.xz,7
DEC-LIN/normalized-PB10/oliveras/j60/normalized-j6017_4-unsat.opb.xz,7
DEC-LIN/normalized-PB10/oliveras/j60/normalized-j6017_5-sat.opb.xz,8
DEC-LIN/normalized-PB10/oliveras/j60/normalized-j6017_5-unsat.opb.xz,8
DEC-LIN/normalized-PB10/oliveras/j60/normalized-j6017_6-sat.opb.xz,8
DEC-LIN/normalized-PB10/oliveras/j60/normalized-j6017_6-unsat.opb.xz,8
DEC-LIN/normalized-PB10/oliveras/j60/normalized-j6017_7-sat.opb.xz,7
DEC-LIN/normalized-PB10/oliveras/j60/normalized-j6017_7-unsat.opb.xz,7
DEC-LIN/normalized-PB10/oliveras/j60/normalized-j6017_8-sat.opb.xz,8
DEC-LIN/normalized-PB10/oliveras/j60/normalized-j6017_8-unsat.opb.xz,8
DEC-LIN/normalized-PB10/oliveras/j60/normalized-j6017_9-sat.opb.xz,8
DEC-LIN/normalized-PB10/oliveras/j60/normalized-j6017_9-unsat.opb.xz,8
DEC-LIN/normalized-PB10/oliveras/j60/normalized-j6018_1-sat.opb.xz,7
DEC-LIN/normalized-PB10/oliveras/j60/normalized-j6018_1-unsat.opb.xz,7
DEC-LIN/normalized-PB10/oliveras/j60/normalized-j6018_10-sat.opb.xz,7
DEC-LIN/normalized-PB10/oliveras/j60/normalized-j6018_10-unsat.opb.xz,7
DEC-LIN/normalized-PB10/oliveras/j60/normalized-j6018_2-sat.opb.xz,8
DEC-LIN/normalized-PB10/oliveras/j60/normalized-j6018_2-unsat.opb.xz,8
DEC-LIN/normalized-PB10/oliveras/j60/normalized-j6018_3-sat.opb.xz,7
DEC-LIN/normalized-PB10/oliveras/j60/normalized-j6018_3-unsat.opb.xz,7
DEC-LIN/normalized-PB10/oliveras/j60/normalized-j6018_4-sat.opb.xz,7
DEC-LIN/normalized-PB10/oliveras/j60/normalized-j6018_4-unsat.opb.xz,7
DEC-LIN/normalized-PB10/oliveras/j60/normalized-j6018_5-sat.opb.xz,7
DEC-LIN/normalized-PB10/oliveras/j60/normalized-j6018_5-unsat.opb.xz,7
DEC-LIN/normalized-PB10/oliveras/j60/normalized-j6018_6-sat.opb.xz,7
DEC-LIN/normalized-PB10/oliveras/j60/normalized-j6018_6-unsat.opb.xz,7
DEC-LIN/normalized-PB10/oliveras/j60/normalized-j6018_7-sat.opb.xz,8
DEC-LIN/normalized-PB10/oliveras/j60/normalized-j6018_7-unsat.opb.xz,8
DEC-LIN/normalized-PB10/oliveras/j60/normalized-j6018_8-sat.opb.xz,7
DEC-LIN/normalized-PB10/oliveras/j60/normalized-j6018_8-unsat.opb.xz,7
DEC-LIN/normalized-PB10/oliveras/j60/normalized-j6018_9-sat.opb.xz,7
DEC-LIN/normalized-PB10/oliveras/j60/normalized-j6018_9-unsat.opb.xz,7
DEC-LIN/normalized-PB10/oliveras/j60/normalized-j6019_1-sat.opb.xz,7
DEC-LIN/normalized-PB10/oliveras/j60/normalized-j6019_1-unsat.opb.xz,7
DEC-LIN/normalized-PB10/oliveras/j60/normalized-j6019_10-sat.opb.xz,8
DEC-LIN/normalized-PB10/oliveras/j60/normalized-j6019_10-unsat.opb.xz,8
DEC-LIN/normalized-PB10/oliveras/j60/normalized-j6019_2-sat.opb.xz,7
DEC-LIN/normalized-PB10/oliveras/j60/normalized-j6019_2-unsat.opb.xz,7
DEC-LIN/normalized-PB10/oliveras/j60/normalized-j6019_3-sat.opb.xz,8
DEC-LIN/normalized-PB10/oliveras/j60/normalized-j6019_3-unsat.opb.xz,8
DEC-LIN/normalized-PB10/oliveras/j60/normalized-j6019_4-sat.opb.xz,8
DEC-LIN/normalized-PB10/oliveras/j60/normalized-j6019_4-unsat.opb.xz,8
DEC-LIN/normalized-PB10/oliveras/j60/normalized-j6019_5-sat.opb.xz,8
DEC-LIN/normalized-PB10/oliveras/j60/normalized-j6019_5-unsat.opb.xz,8
DEC-LIN/normalized-PB10/oliveras/j60/normalized-j6019_6-sat.opb.xz,7
DEC-LIN/normalized-PB10/oliveras/j60/normalized-j6019_6-unsat.opb.xz,7
DEC-LIN/normalized-PB10/oliveras/j60/normalized-j6019_7-sat.opb.xz,8
DEC-LIN/normalized-PB10/oliveras/j60/normalized-j6019_7-unsat.opb.xz,8
DEC-LIN/normalized-PB10/oliveras/j60/normalized-j6019_8-sat.opb.xz,7
DEC-LIN/normalized-PB10/oliveras/j60/normalized-j6019_8-unsat.opb.xz,7
DEC-LIN/normalized-PB10/oliveras/j60/normalized-j6019_9-sat.opb.xz,7
DEC-LIN/normalized-PB10/oliveras/j60/normalized-j6019_9-unsat.opb.xz,7
DEC-LIN/normalized-PB10/oliveras/j60/normalized-j601_1-sat.opb.xz,7
DEC-LIN/normalized-PB10/oliveras/j60/normalized-j601_1-unsat.opb.xz,7
DEC-LIN/normalized-PB10/oliveras/j60/normalized-j601_10-sat.opb.xz,7
DEC-LIN/normalized-PB10/oliveras/j60/normalized-j601_10-unsat.opb.xz,7
DEC-LIN/normalized-PB10/oliveras/j60/normalized-j601_2-sat.opb.xz,7
DEC-LIN/normalized-PB10/oliveras/j60/normalized-j601_2-unsat.opb.xz,7
DEC-LIN/normalized-PB10/oliveras/j60/normalized-j601_3-sat.opb.xz,7
DEC-LIN/normalized-PB10/oliveras/j60/normalized-j601_3-unsat.opb.xz,7
DEC-LIN/normalized-PB10/oliveras/j60/normalized-j601_4-sat.opb.xz,7
DEC-LIN/normalized-PB10/oliveras/j60/normalized-j601_4-unsat.opb.xz,7
DEC-LIN/normalized-PB10/oliveras/j60/normalized-j601_5-sat.opb.xz,8
DEC-LIN/normalized-PB10/oliveras/j60/normalized-j601_5-unsat.opb.xz,8
DEC-LIN/normalized-PB10/oliveras/j60/normalized-j601_6-sat.opb.xz,8
DEC-LIN/normalized-PB10/oliveras/j60/normalized-j601_6-unsat.opb.xz,8
DEC-LIN/normalized-PB10/oliveras/j60/normalized-j601_7-sat.opb.xz,7
DEC-LIN/normalized-PB10/oliveras/j60/normalized-j601_7-unsat.opb.xz,7
DEC-LIN/normalized-PB10/oliveras/j60/normalized-j601_8-sat.opb.xz,7
DEC-LIN/normalized-PB10/oliveras/j60/normalized-j601_8-unsat.opb.xz,7
DEC-LIN/normalized-PB10/oliveras/j60/normalized-j601_9-sat.opb.xz,7
DEC-LIN/normalized-PB10/oliveras/j60/normalized-j601_9-unsat.opb.xz,7
DEC-LIN/normalized-PB10/oliveras/j60/normalized-j6020_1-sat.opb.xz,7
DEC-LIN/normalized-PB10/oliveras/j60/normalized-j6020_1-unsat.opb.xz,7
DEC-LIN/normalized-PB10/oliveras/j60/normalized-j6020_10-sat.opb.xz,8
DEC-LIN/normalized-PB10/oliveras/j60/normalized-j6020_10-unsat.opb.xz,8
DEC-LIN/normalized-PB10/oliveras/j60/normalized-j6020_2-sat.opb.xz,7
DEC-LIN/normalized-PB10/oliveras/j60/normalized-j6020_2-unsat.opb.xz,7
DEC-LIN/normalized-PB10/oliveras/j60/normalized-j6020_3-sat.opb.xz,8
DEC-LIN/normalized-PB10/oliveras/j60/normalized-j6020_3-unsat.opb.xz,8
DEC-LIN/normalized-PB10/oliveras/j60/normalized-j6020_4-sat.opb.xz,8
DEC-LIN/normalized-PB10/oliveras/j60/normalized-j6020_4-unsat.opb.xz,8
DEC-LIN/normalized-PB10/oliveras/j60/normalized-j6020_5-sat.opb.xz,8
DEC-LIN/normalized-PB10/oliveras/j60/normalized-j6020_5-unsat.opb.xz,8
DEC-LIN/normalized-PB10/oliveras/j60/normalized-j6020_6-sat.opb.xz,8
DEC-LIN/normalized-PB10/oliveras/j60/normalized-j6020_6-unsat.opb.xz,8
DEC-LIN/normalized-PB10/oliveras/j60/normalized-j6020_7-sat.opb.xz,8
DEC-LIN/normalized-PB10/oliveras/j60/normalized-j6020_7-unsat.opb.xz,8
DEC-LIN/normalized-PB10/oliveras/j60/normalized-j6020_8-sat.opb.xz,8
DEC-LIN/normalized-PB10/oliveras/j60/normalized-j6020_8-unsat.opb.xz,8
DEC-LIN/normalized-PB10/oliveras/j60/normalized-j6020_9-sat.opb.xz,7
DEC-LIN/normalized-PB10/oliveras/j60/normalized-j6020_9-unsat.opb.xz,7
DEC-LIN/normalized-PB10/oliveras/j60/normalized-j6021_1-sat.opb.xz,8
DEC-LIN/normalized-PB10/oliveras/j60/normalized-j6021_1-unsat.opb.xz,8
DEC-LIN/normalized-PB10/oliveras/j60/normalized-j6021_10-sat.opb.xz,8
DEC-LIN/normalized-PB10/oliveras/j60/normalized-j6021_10-unsat.opb.xz,8
DEC-LIN/normalized-PB10/oliveras/j60/normalized-j6021_2-sat.opb.xz,8
DEC-LIN/normalized-PB10/oliveras/j60/normalized-j6021_2-unsat.opb.xz,8
DEC-LIN/normalized-PB10/oliveras/j60/normalized-j6021_3-sat.opb.xz,8
DEC-LIN/normalized-PB10/oliveras/j60/normalized-j6021_3-unsat.opb.xz,8
DEC-LIN/normalized-PB10/oliveras/j60/normalized-j6021_4-sat.opb.xz,8
DEC-LIN/normalized-PB10/oliveras/j60/normalized-j6021_4-unsat.opb.xz,8
DEC-LIN/normalized-PB10/oliveras/j60/normalized-j6021_5-sat.opb.xz,8
DEC-LIN/normalized-PB10/oliveras/j60/normalized-j6021_5-unsat.opb.xz,8
DEC-LIN/normalized-PB10/oliveras/j60/normalized-j6021_6-sat.opb.xz,8
DEC-LIN/normalized-PB10/oliveras/j60/normalized-j6021_6-unsat.opb.xz,8
DEC-LIN/normalized-PB10/oliveras/j60/normalized-j6021_7-sat.opb.xz,8
DEC-LIN/normalized-PB10/oliveras/j60/normalized-j6021_7-unsat.opb.xz,8
DEC-LIN/normalized-PB10/oliveras/j60/normalized-j6021_8-sat.opb.xz,8
DEC-LIN/normalized-PB10/oliveras/j60/normalized-j6021_8-unsat.opb.xz,8
DEC-LIN/normalized-PB10/oliveras/j60/normalized-j6021_9-sat.opb.xz,8
DEC-LIN/normalized-PB10/oliveras/j60/normalized-j6021_9-unsat.opb.xz,8
DEC-LIN/normalized-PB10/oliveras/j60/normalized-j6022_1-sat.opb.xz,8
DEC-LIN/normalized-PB10/oliveras/j60/normalized-j6022_1-unsat.opb.xz,8
DEC-LIN/normalized-PB10/oliveras/j60/normalized-j6022_10-sat.opb.xz,8
DEC-LIN/normalized-PB10/oliveras/j60/normalized-j6022_10-unsat.opb.xz,8
DEC-LIN/normalized-PB10/oliveras/j60/normalized-j6022_2-sat.opb.xz,9
DEC-LIN/normalized-PB10/oliveras/j60/normalized-j6022_2-unsat.opb.xz,9
DEC-LIN/normalized-PB10/oliveras/j60/normalized-j6022_3-sat.opb.xz,8
DEC-LIN/normalized-PB10/oliveras/j60/normalized-j6022_3-unsat.opb.xz,8
DEC-LIN/normalized-PB10/oliveras/j60/normalized-j6022_4-sat.opb.xz,8
DEC-LIN/normalized-PB10/oliveras/j60/normalized-j6022_4-unsat.opb.xz,8
DEC-LIN/normalized-PB10/oliveras/j60/normalized-j6022_5-sat.opb.xz,8
DEC-LIN/normalized-PB10/oliveras/j60/normalized-j6022_5-unsat.opb.xz,8
DEC-LIN/normalized-PB10/oliveras/j60/normalized-j6022_6-sat.opb.xz,8
DEC-LIN/normalized-PB10/oliveras/j60/normalized-j6022_6-unsat.opb.xz,8
DEC-LIN/normalized-PB10/oliveras/j60/normalized-j6022_7-sat.opb.xz,8
DEC-LIN/normalized-PB10/oliveras/j60/normalized-j6022_7-unsat.opb.xz,8
DEC-LIN/normalized-PB10/oliveras/j60/normalized-j6022_8-sat.opb.xz,8
DEC-LIN/normalized-PB10/oliveras/j60/normalized-j6022_8-unsat.opb.xz,8
DEC-LIN/normalized-PB10/oliveras/j60/normalized-j6022_9-sat.opb.xz,8
DEC-LIN/normalized-PB10/oliveras/j60/normalized-j6022_9-unsat.opb.xz,8
DEC-LIN/normalized-PB10/oliveras/j60/normalized-j6023_1-sat.opb.xz,8
DEC-LIN/normalized-PB10/oliveras/j60/normalized-j6023_1-unsat.opb.xz,8
DEC-LIN/normalized-PB10/oliveras/j60/normalized-j6023_10-sat.opb.xz,8
DEC-LIN/normalized-PB10/oliveras/j60/normalized-j6023_10-unsat.opb.xz,8
DEC-LIN/normalized-PB10/oliveras/j60/normalized-j6023_2-sat.opb.xz,8
DEC-LIN/normalized-PB10/oliveras/j60/normalized-j6023_2-unsat.opb.xz,8
DEC-LIN/normalized-PB10/oliveras/j60/normalized-j6023_3-sat.opb.xz,8
DEC-LIN/normalized-PB10/oliveras/j60/normalized-j6023_3-unsat.opb.xz,8
DEC-LIN/normalized-PB10/oliveras/j60/normalized-j6023_4-sat.opb.xz,8
DEC-LIN/normalized-PB10/oliveras/j60/normalized-j6023_4-unsat.opb.xz,8
DEC-LIN/normalized-PB10/oliveras/j60/normalized-j6023_5-sat.opb.xz,8
DEC-LIN/normalized-PB10/oliveras/j60/normalized-j6023_5-unsat.opb.xz,8
DEC-LIN/normalized-PB10/oliveras/j60/normalized-j6023_6-sat.opb.xz,8
DEC-LIN/normalized-PB10/oliveras/j60/normalized-j6023_6-unsat.opb.xz,8
DEC-LIN/normalized-PB10/oliveras/j60/normalized-j6023_7-sat.opb.xz,8
DEC-LIN/normalized-PB10/oliveras/j60/normalized-j6023_7-unsat.opb.xz,8
DEC-LIN/normalized-PB10/oliveras/j60/normalized-j6023_8-sat.opb.xz,8
DEC-LIN/normalized-PB10/oliveras/j60/normalized-j6023_8-unsat.opb.xz,8
DEC-LIN/normalized-PB10/oliveras/j60/normalized-j6023_9-sat.opb.xz,8
DEC-LIN/normalized-PB10/oliveras/j60/normalized-j6023_9-unsat.opb.xz,8
DEC-LIN/normalized-PB10/oliveras/j60/normalized-j6024_1-sat.opb.xz,8
DEC-LIN/normalized-PB10/oliveras/j60/normalized-j6024_1-unsat.opb.xz,8
DEC-LIN/normalized-PB10/oliveras/j60/normalized-j6024_10-sat.opb.xz,8
DEC-LIN/normalized-PB10/oliveras/j60/normalized-j6024_10-unsat.opb.xz,8
DEC-LIN/normalized-PB10/oliveras/j60/normalized-j6024_2-sat.opb.xz,8
DEC-LIN/normalized-PB10/oliveras/j60/normalized-j6024_2-unsat.opb.xz,8
DEC-LIN/normalized-PB10/oliveras/j60/normalized-j6024_3-sat.opb.xz,8
DEC-LIN/normalized-PB10/oliveras/j60/normalized-j6024_3-unsat.opb.xz,8
DEC-LIN/normalized-PB10/oliveras/j60/normalized-j6024_4-sat.opb.xz,8
DEC-LIN/normalized-PB10/oliveras/j60/normalized-j6024_4-unsat.opb.xz,8
DEC-LIN/normalized-PB10/oliveras/j60/normalized-j6024_5-sat.opb.xz,8
DEC-LIN/normalized-PB10/oliveras/j60/normalized-j6024_5-unsat.opb.xz,8
DEC-LIN/normalized-PB10/oliveras/j60/normalized-j6024_6-sat.opb.xz,8
DEC-LIN/normalized-PB10/oliveras/j60/normalized-j6024_6-unsat.opb.xz,8
DEC-LIN/normalized-PB10/oliveras/j60/normalized-j6024_7-sat.opb.xz,8
DEC-LIN/normalized-PB10/oliveras/j60/normalized-j6024_7-unsat.opb.xz,8
DEC-LIN/normalized-PB10/oliveras/j60/normalized-j6024_8-sat.opb.xz,8
DEC-LIN/normalized-PB10/oliveras/j60/normalized-j6024_8-unsat.opb.xz,8
DEC-LIN/normalized-PB10/oliveras/j60/normalized-j6024_9-sat.opb.xz,8
DEC-LIN/normalized-PB10/oliveras/j60/normalized-j6024_9-unsat.opb.xz,8
DEC-LIN/normalized-PB10/oliveras/j60/normalized-j6025_1-sat.opb.xz,9
DEC-LIN/normalized-PB10/oliveras/j60/normalized-j6025_1-unsat.opb.xz,9
DEC-LIN/normalized-PB10/oliveras/j60/normalized-j6025_10-sat.opb.xz,9
DEC-LIN/normalized-PB10/oliveras/j60/normalized-j6025_10-unsat.opb.xz,9
DEC-LIN/normalized-PB10/oliveras/j60/normalized-j6025_2-sat.opb.xz,9
DEC-LIN/normalized-PB10/oliveras/j60/normalized-j6025_2-unsat.opb.xz,9
DEC-LIN/normalized-PB10/oliveras/j60/normalized-j6025_3-sat.opb.xz,9
DEC-LIN/normalized-PB10/oliveras/j60/normalized-j6025_3-unsat.opb.xz,9
DEC-LIN/normalized-PB10/oliveras/j60/normalized-j6025_4-sat.opb.xz,9
DEC-LIN/normalized-PB10/oliveras/j60/normalized-j6025_4-unsat.opb.xz,9
DEC-LIN/normalized-PB10/oliveras/j60/normalized-j6025_5-sat.opb.xz,9
DEC-LIN/normalized-PB10/oliveras/j60/normalized-j6025_5-unsat.opb.xz,9
DEC-LIN/normalized-PB10/oliveras/j60/normalized-j6025_6-sat.opb.xz,9
DEC-LIN/normalized-PB10/oliveras/j60/normalized-j6025_6-unsat.opb.xz,9
DEC-LIN/normalized-PB10/oliveras/j60/normalized-j6025_7-sat.opb.xz,9
DEC-LIN/normalized-PB10/oliveras/j60/normalized-j6025_7-unsat.opb.xz,9
DEC-LIN/normalized-PB10/oliveras/j60/normalized-j6025_8-sat.opb.xz,9
DEC-LIN/normalized-PB10/oliveras/j60/normalized-j6025_8-unsat.opb.xz,9
DEC-LIN/normalized-PB10/oliveras/j60/normalized-j6025_9-sat.opb.xz,9
DEC-LIN/normalized-PB10/oliveras/j60/normalized-j6025_9-unsat.opb.xz,9
DEC-LIN/normalized-PB10/oliveras/j60/normalized-j6026_1-sat.opb.xz,9
DEC-LIN/normalized-PB10/oliveras/j60/normalized-j6026_1-unsat.opb.xz,9
DEC-LIN/normalized-PB10/oliveras/j60/normalized-j6026_10-sat.opb.xz,9
DEC-LIN/normalized-PB10/oliveras/j60/normalized-j6026_10-unsat.opb.xz,9
DEC-LIN/normalized-PB10/oliveras/j60/normalized-j6026_2-sat.opb.xz,9
DEC-LIN/normalized-PB10/oliveras/j60/normalized-j6026_2-unsat.opb.xz,9
DEC-LIN/normalized-PB10/oliveras/j60/normalized-j6026_3-sat.opb.xz,9
DEC-LIN/normalized-PB10/oliveras/j60/normalized-j6026_3-unsat.opb.xz,9
DEC-LIN/normalized-PB10/oliveras/j60/normalized-j6026_4-sat.opb.xz,9
DEC-LIN/normalized-PB10/oliveras/j60/normalized-j6026_4-unsat.opb.xz,9
DEC-LIN/normalized-PB10/oliveras/j60/normalized-j6026_5-sat.opb.xz,9
DEC-LIN/normalized-PB10/oliveras/j60/normalized-j6026_5-unsat.opb.xz,9
DEC-LIN/normalized-PB10/oliveras/j60/normalized-j6026_6-sat.opb.xz,9
DEC-LIN/normalized-PB10/oliveras/j60/normalized-j6026_6-unsat.opb.xz,9
DEC-LIN/normalized-PB10/oliveras/j60/normalized-j6026_7-sat.opb.xz,9
DEC-LIN/normalized-PB10/oliveras/j60/normalized-j6026_7-unsat.opb.xz,9
DEC-LIN/normalized-PB10/oliveras/j60/normalized-j6026_8-sat.opb.xz,9
DEC-LIN/normalized-PB10/oliveras/j60/normalized-j6026_8-unsat.opb.xz,9
DEC-LIN/normalized-PB10/oliveras/j60/normalized-j6026_9-sat.opb.xz,9
DEC-LIN/normalized-PB10/oliveras/j60/normalized-j6026_9-unsat.opb.xz,9
DEC-LIN/normalized-PB10/oliveras/j60/normalized-j6027_1-sat.opb.xz,9
DEC-LIN/normalized-PB10/oliveras/j60/normalized-j6027_1-unsat.opb.xz,9
DEC-LIN/normalized-PB10/oliveras/j60/normalized-j6027_10-sat.opb.xz,9
DEC-LIN/normalized-PB10/oliveras/j60/normalized-j6027_10-unsat.opb.xz,9
DEC-LIN/normalized-PB10/oliveras/j60/normalized-j6027_2-sat.opb.xz,9
DEC-LIN/normalized-PB10/oliveras/j60/normalized-j6027_2-unsat.opb.xz,9
DEC-LIN/normalized-PB10/oliveras/j60/normalized-j6027_3-sat.opb.xz,9
DEC-LIN/normalized-PB10/oliveras/j60/normalized-j6027_3-unsat.opb.xz,9
DEC-LIN/normalized-PB10/oliveras/j60/normalized-j6027_4-sat.opb.xz,9
DEC-LIN/normalized-PB10/oliveras/j60/normalized-j6027_4-unsat.opb.xz,9
DEC-LIN/normalized-PB10/oliveras/j60/normalized-j6027_5-sat.opb.xz,9
DEC-LIN/normalized-PB10/oliveras/j60/normalized-j6027_5-unsat.opb.xz,9
DEC-LIN/normalized-PB10/oliveras/j60/normalized-j6027_6-sat.opb.xz,9
DEC-LIN/normalized-PB10/oliveras/j60/normalized-j6027_6-unsat.opb.xz,9
DEC-LIN/normalized-PB10/oliveras/j60/normalized-j6027_7-sat.opb.xz,9
DEC-LIN/normalized-PB10/oliveras/j60/normalized-j6027_7-unsat.opb.xz,9
DEC-LIN/normalized-PB10/oliveras/j60/normalized-j6027_8-sat.opb.xz,9
DEC-LIN/normalized-PB10/oliveras/j60/normalized-j6027_8-unsat.opb.xz,9
DEC-LIN/normalized-PB10/oliveras/j60/normalized-j6027_9-sat.opb.xz,9
DEC-LIN/normalized-PB10/oliveras/j60/normalized-j6027_9-unsat.opb.xz,9
DEC-LIN/normalized-PB10/oliveras/j60/normalized-j6028_1-sat.opb.xz,9
DEC-LIN/normalized-PB10/oliveras/j60/normalized-j6028_1-unsat.opb.xz,9
DEC-LIN/normalized-PB10/oliveras/j60/normalized-j6028_10-sat.opb.xz,9
DEC-LIN/normalized-PB10/oliveras/j60/normalized-j6028_10-unsat.opb.xz,9
DEC-LIN/normalized-PB10/oliveras/j60/normalized-j6028_2-sat.opb.xz,9
DEC-LIN/normalized-PB10/oliveras/j60/normalized-j6028_2-unsat.opb.xz,9
DEC-LIN/normalized-PB10/oliveras/j60/normalized-j6028_3-sat.opb.xz,9
DEC-LIN/normalized-PB10/oliveras/j60/normalized-j6028_3-unsat.opb.xz,9
DEC-LIN/normalized-PB10/oliveras/j60/normalized-j6028_4-sat.opb.xz,9
DEC-LIN/normalized-PB10/oliveras/j60/normalized-j6028_4-unsat.opb.xz,9
DEC-LIN/normalized-PB10/oliveras/j60/normalized-j6028_5-sat.opb.xz,9
DEC-LIN/normalized-PB10/oliveras/j60/normalized-j6028_5-unsat.opb.xz,9
DEC-LIN/normalized-PB10/oliveras/j60/normalized-j6028_6-sat.opb.xz,9
DEC-LIN/normalized-PB10/oliveras/j60/normalized-j6028_6-unsat.opb.xz,9
DEC-LIN/normalized-PB10/oliveras/j60/normalized-j6028_7-sat.opb.xz,9
DEC-LIN/normalized-PB10/oliveras/j60/normalized-j6028_7-unsat.opb.xz,9
DEC-LIN/normalized-PB10/oliveras/j60/normalized-j6028_8-sat.opb.xz,9
DEC-LIN/normalized-PB10/oliveras/j60/normalized-j6028_8-unsat.opb.xz,9
DEC-LIN/normalized-PB10/oliveras/j60/normalized-j6028_9-sat.opb.xz,9
DEC-LIN/normalized-PB10/oliveras/j60/normalized-j6028_9-unsat.opb.xz,9
DEC-LIN/normalized-PB10/oliveras/j60/normalized-j6029_1-sat.opb.xz,9
DEC-LIN/normalized-PB10/oliveras/j60/normalized-j6029_1-unsat.opb.xz,9
DEC-LIN/normalized-PB10/oliveras/j60/normalized-j6029_10-sat.opb.xz,9
DEC-LIN/normalized-PB10/oliveras/j60/normalized-j6029_10-unsat.opb.xz,9
DEC-LIN/normalized-PB10/oliveras/j60/normalized-j6029_2-sat.opb.xz,9
DEC-LIN/normalized-PB10/oliveras/j60/normalized-j6029_2-unsat.opb.xz,9
DEC-LIN/normalized-PB10/oliveras/j60/normalized-j6029_3-sat.opb.xz,9
DEC-LIN/normalized-PB10/oliveras/j60/normalized-j6029_3-unsat.opb.xz,9
DEC-LIN/normalized-PB10/oliveras/j60/normalized-j6029_4-sat.opb.xz,9
DEC-LIN/normalized-PB10/oliveras/j60/normalized-j6029_4-unsat.opb.xz,9
DEC-LIN/normalized-PB10/oliveras/j60/normalized-j6029_5-sat.opb.xz,9
DEC-LIN/normalized-PB10/oliveras/j60/normalized-j6029_5-unsat.opb.xz,9
DEC-LIN/normalized-PB10/oliveras/j60/normalized-j6029_6-sat.opb.xz,9
DEC-LIN/normalized-PB10/oliveras/j60/normalized-j6029_6-unsat.opb.xz,9
DEC-LIN/normalized-PB10/oliveras/j60/normalized-j6029_7-sat.opb.xz,9
DEC-LIN/normalized-PB10/oliveras/j60/normalized-j6029_7-unsat.opb.xz,9
DEC-LIN/normalized-PB10/oliveras/j60/normalized-j6029_8-sat.opb.xz,9
DEC-LIN/normalized-PB10/oliveras/j60/normalized-j6029_8-unsat.opb.xz,9
DEC-LIN/normalized-PB10/oliveras/j60/normalized-j6029_9-sat.opb.xz,9
DEC-LIN/normalized-PB10/oliveras/j60/normalized-j6029_9-unsat.opb.xz,9
DEC-LIN/normalized-PB10/oliveras/j60/normalized-j602_1-sat.opb.xz,7
DEC-LIN/normalized-PB10/oliveras/j60/normalized-j602_1-unsat.opb.xz,7
DEC-LIN/normalized-PB10/oliveras/j60/normalized-j602_10-sat.opb.xz,8
DEC-LIN/normalized-PB10/oliveras/j60/normalized-j602_10-unsat.opb.xz,8
DEC-LIN/normalized-PB10/oliveras/j60/normalized-j602_2-sat.opb.xz,8
DEC-LIN/normalized-PB10/oliveras/j60/normalized-j602_2-unsat.opb.xz,8
DEC-LIN/normalized-PB10/oliveras/j60/normalized-j602_3-sat.opb.xz,8
DEC-LIN/normalized-PB10/oliveras/j60/normalized-j602_3-unsat.opb.xz,8
DEC-LIN/normalized-PB10/oliveras/j60/normalized-j602_4-sat.opb.xz,7
DEC-LIN/normalized-PB10/oliveras/j60/normalized-j602_4-unsat.opb.xz,7
DEC-LIN/normalized-PB10/oliveras/j60/normalized-j602_5-sat.opb.xz,7
DEC-LIN/normalized-PB10/oliveras/j60/normalized-j602_5-unsat.opb.xz,7
DEC-LIN/normalized-PB10/oliveras/j60/normalized-j602_6-sat.opb.xz,7
DEC-LIN/normalized-PB10/oliveras/j60/normalized-j602_6-unsat.opb.xz,7
DEC-LIN/normalized-PB10/oliveras/j60/normalized-j602_7-sat.opb.xz,7
DEC-LIN/normalized-PB10/oliveras/j60/normalized-j602_7-unsat.opb.xz,7
DEC-LIN/normalized-PB10/oliveras/j60/normalized-j602_8-sat.opb.xz,8
DEC-LIN/normalized-PB10/oliveras/j60/normalized-j602_8-unsat.opb.xz,8
DEC-LIN/normalized-PB10/oliveras/j60/normalized-j602_9-sat.opb.xz,7
DEC-LIN/normalized-PB10/oliveras/j60/normalized-j602_9-unsat.opb.xz,7
DEC-LIN/normalized-PB10/oliveras/j60/normalized-j6030_1-sat.opb.xz,9
DEC-LIN/normalized-PB10/oliveras/j60/normalized-j6030_1-unsat.opb.xz,9
DEC-LIN/normalized-PB10/oliveras/j60/normalized-j6030_10-sat.opb.xz,9
DEC-LIN/normalized-PB10/oliveras/j60/normalized-j6030_10-unsat.opb.xz,9
DEC-LIN/normalized-PB10/oliveras/j60/normalized-j6030_2-sat.opb.xz,9
DEC-LIN/normalized-PB10/oliveras/j60/normalized-j6030_2-unsat.opb.xz,9
DEC-LIN/normalized-PB10/oliveras/j60/normalized-j6030_3-sat.opb.xz,9
DEC-LIN/normalized-PB10/oliveras/j60/normalized-j6030_3-unsat.opb.xz,9
DEC-LIN/normalized-PB10/oliveras/j60/normalized-j6030_4-sat.opb.xz,9
DEC-LIN/normalized-PB10/oliveras/j60/normalized-j6030_4-unsat.opb.xz,9
DEC-LIN/normalized-PB10/oliveras/j60/normalized-j6030_5-sat.opb.xz,9
DEC-LIN/normalized-PB10/oliveras/j60/normalized-j6030_5-unsat.opb.xz,9
DEC-LIN/normalized-PB10/oliveras/j60/normalized-j6030_6-sat.opb.xz,9
DEC-LIN/normalized-PB10/oliveras/j60/normalized-j6030_6-unsat.opb.xz,9
DEC-LIN/normalized-PB10/oliveras/j60/normalized-j6030_7-sat.opb.xz,9
DEC-LIN/normalized-PB10/oliveras/j60/normalized-j6030_7-unsat.opb.xz,9
DEC-LIN/normalized-PB10/oliveras/j60/normalized-j6030_8-sat.opb.xz,9
DEC-LIN/normalized-PB10/oliveras/j60/normalized-j6030_8-unsat.opb.xz,9
DEC-LIN/normalized-PB10/oliveras/j60/normalized-j6030_9-sat.opb.xz,9
DEC-LIN/normalized-PB10/oliveras/j60/normalized-j6030_9-unsat.opb.xz,9
DEC-LIN/normalized-PB10/oliveras/j60/normalized-j6031_1-sat.opb.xz,9
DEC-LIN/normalized-PB10/oliveras/j60/normalized-j6031_1-unsat.opb.xz,9
DEC-LIN/normalized-PB10/oliveras/j60/normalized-j6031_10-sat.opb.xz,9
DEC-LIN/normalized-PB10/oliveras/j60/normalized-j6031_10-unsat.opb.xz,9
DEC-LIN/normalized-PB10/oliveras/j60/normalized-j6031_2-sat.opb.xz,9
DEC-LIN/normalized-PB10/oliveras/j60/normalized-j6031_2-unsat.opb.xz,9
DEC-LIN/normalized-PB10/oliveras/j60/normalized-j6031_3-sat.opb.xz,9
DEC-LIN/normalized-PB10/oliveras/j60/normalized-j6031_3-unsat.opb.xz,9
DEC-LIN/normalized-PB10/oliveras/j60/normalized-j6031_4-sat.opb.xz,9
DEC-LIN/normalized-PB10/oliveras/j60/normalized-j6031_4-unsat.opb.xz,9
DEC-LIN/normalized-PB10/oliveras/j60/normalized-j6031_5-sat.opb.xz,9
DEC-LIN/normalized-PB10/oliveras/j60/normalized-j6031_5-unsat.opb.xz,9
DEC-LIN/normalized-PB10/oliveras/j60/normalized-j6031_6-sat.opb.xz,9
DEC-LIN/normalized-PB10/oliveras/j60/normalized-j6031_6-unsat.opb.xz,9
DEC-LIN/normalized-PB10/oliveras/j60/normalized-j6031_7-sat.opb.xz,9
DEC-LIN/normalized-PB10/oliveras/j60/normalized-j6031_7-unsat.opb.xz,9
DEC-LIN/normalized-PB10/oliveras/j60/normalized-j6031_8-sat.opb.xz,9
DEC-LIN/normalized-PB10/oliveras/j60/normalized-j6031_8-unsat.opb.xz,9
DEC-LIN/normalized-PB10/oliveras/j60/normalized-j6031_9-sat.opb.xz,9
DEC-LIN/normalized-PB10/oliveras/j60/normalized-j6031_9-unsat.opb.xz,9
DEC-LIN/normalized-PB10/oliveras/j60/normalized-j6032_1-sat.opb.xz,9
DEC-LIN/normalized-PB10/oliveras/j60/normalized-j6032_1-unsat.opb.xz,9
DEC-LIN/normalized-PB10/oliveras/j60/normalized-j6032_10-sat.opb.xz,9
DEC-LIN/normalized-PB10/oliveras/j60/normalized-j6032_10-unsat.opb.xz,9
DEC-LIN/normalized-PB10/oliveras/j60/normalized-j6032_2-sat.opb.xz,9
DEC-LIN/normalized-PB10/oliveras/j60/normalized-j6032_2-unsat.opb.xz,9
DEC-LIN/normalized-PB10/oliveras/j60/normalized-j6032_3-sat.opb.xz,9
DEC-LIN/normalized-PB10/oliveras/j60/normalized-j6032_3-unsat.opb.xz,9
DEC-LIN/normalized-PB10/oliveras/j60/normalized-j6032_4-sat.opb.xz,9
DEC-LIN/normalized-PB10/oliveras/j60/normalized-j6032_4-unsat.opb.xz,9
DEC-LIN/normalized-PB10/oliveras/j60/normalized-j6032_5-sat.opb.xz,9
DEC-LIN/normalized-PB10/oliveras/j60/normalized-j6032_5-unsat.opb.xz,9
DEC-LIN/normalized-PB10/oliveras/j60/normalized-j6032_6-sat.opb.xz,9
DEC-LIN/normalized-PB10/oliveras/j60/normalized-j6032_6-unsat.opb.xz,9
DEC-LIN/normalized-PB10/oliveras/j60/normalized-j6032_7-sat.opb.xz,9
DEC-LIN/normalized-PB10/oliveras/j60/normalized-j6032_7-unsat.opb.xz,9
DEC-LIN/normalized-PB10/oliveras/j60/normalized-j6032_8-sat.opb.xz,9
DEC-LIN/normalized-PB10/oliveras/j60/normalized-j6032_8-unsat.opb.xz,9
DEC-LIN/normalized-PB10/oliveras/j60/normalized-j6032_9-sat.opb.xz,9
DEC-LIN/normalized-PB10/oliveras/j60/normalized-j6032_9-unsat.opb.xz,9
DEC-LIN/normalized-PB10/oliveras/j60/normalized-j6033_1-sat.opb.xz,7
DEC-LIN/normalized-PB10/oliveras/j60/normalized-j6033_1-unsat.opb.xz,7
DEC-LIN/normalized-PB10/oliveras/j60/normalized-j6033_10-sat.opb.xz,7
DEC-LIN/normalized-PB10/oliveras/j60/normalized-j6033_10-unsat.opb.xz,7
DEC-LIN/normalized-PB10/oliveras/j60/normalized-j6033_2-sat.opb.xz,7
DEC-LIN/normalized-PB10/oliveras/j60/normalized-j6033_2-unsat.opb.xz,7
DEC-LIN/normalized-PB10/oliveras/j60/normalized-j6033_3-sat.opb.xz,7
DEC-LIN/normalized-PB10/oliveras/j60/normalized-j6033_3-unsat.opb.xz,7
DEC-LIN/normalized-PB10/oliveras/j60/normalized-j6033_4-sat.opb.xz,7
DEC-LIN/normalized-PB10/oliveras/j60/normalized-j6033_4-unsat.opb.xz,7
DEC-LIN/normalized-PB10/oliveras/j60/normalized-j6033_5-sat.opb.xz,7
DEC-LIN/normalized-PB10/oliveras/j60/normalized-j6033_5-unsat.opb.xz,7
DEC-LIN/normalized-PB10/oliveras/j60/normalized-j6033_6-sat.opb.xz,7
DEC-LIN/normalized-PB10/oliveras/j60/normalized-j6033_6-unsat.opb.xz,7
DEC-LIN/normalized-PB10/oliveras/j60/normalized-j6033_7-sat.opb.xz,7
DEC-LIN/normalized-PB10/oliveras/j60/normalized-j6033_7-unsat.opb.xz,7
DEC-LIN/normalized-PB10/oliveras/j60/normalized-j6033_8-sat.opb.xz,8
DEC-LIN/normalized-PB10/oliveras/j60/normalized-j6033_8-unsat.opb.xz,8
DEC-LIN/normalized-PB10/oliveras/j60/normalized-j6033_9-sat.opb.xz,7
DEC-LIN/normalized-PB10/oliveras/j60/normalized-j6033_9-unsat.opb.xz,7
DEC-LIN/normalized-PB10/oliveras/j60/normalized-j6034_1-sat.opb.xz,8
DEC-LIN/normalized-PB10/oliveras/j60/normalized-j6034_1-unsat.opb.xz,8
DEC-LIN/normalized-PB10/oliveras/j60/normalized-j6034_10-sat.opb.xz,8
DEC-LIN/normalized-PB10/oliveras/j60/normalized-j6034_10-unsat.opb.xz,8
DEC-LIN/normalized-PB10/oliveras/j60/normalized-j6034_2-sat.opb.xz,7
DEC-LIN/normalized-PB10/oliveras/j60/normalized-j6034_2-unsat.opb.xz,7
DEC-LIN/normalized-PB10/oliveras/j60/normalized-j6034_3-sat.opb.xz,7
DEC-LIN/normalized-PB10/oliveras/j60/normalized-j6034_3-unsat.opb.xz,7
DEC-LIN/normalized-PB10/oliveras/j60/normalized-j6034_4-sat.opb.xz,7
DEC-LIN/normalized-PB10/oliveras/j60/normalized-j6034_4-unsat.opb.xz,7
DEC-LIN/normalized-PB10/oliveras/j60/normalized-j6034_5-sat.opb.xz,7
DEC-LIN/normalized-PB10/oliveras/j60/normalized-j6034_5-unsat.opb.xz,7
DEC-LIN/normalized-PB10/oliveras/j60/normalized-j6034_6-sat.opb.xz,8
DEC-LIN/normalized-PB10/oliveras/j60/normalized-j6034_6-unsat.opb.xz,8
DEC-LIN/normalized-PB10/oliveras/j60/normalized-j6034_7-sat.opb.xz,8
DEC-LIN/normalized-PB10/oliveras/j60/normalized-j6034_7-unsat.opb.xz,8
DEC-LIN/normalized-PB10/oliveras/j60/normalized-j6034_8-sat.opb.xz,7
DEC-LIN/normalized-PB10/oliveras/j60/normalized-j6034_8-unsat.opb.xz,7
DEC-LIN/normalized-PB10/oliveras/j60/normalized-j6034_9-sat.opb.xz,7
DEC-LIN/normalized-PB10/oliveras/j60/normalized-j6034_9-unsat.opb.xz,7
DEC-LIN/normalized-PB10/oliveras/j60/normalized-j6035_1-sat.opb.xz,8
DEC-LIN/normalized-PB10/oliveras/j60/normalized-j6035_1-unsat.opb.xz,8
DEC-LIN/normalized-PB10/oliveras/j60/normalized-j6035_10-sat.opb.xz,7
DEC-LIN/normalized-PB10/oliveras/j60/normalized-j6035_10-unsat.opb.xz,7
DEC-LIN/normalized-PB10/oliveras/j60/normalized-j6035_2-sat.opb.xz,8
DEC-LIN/normalized-PB10/oliveras/j60/normalized-j6035_2-unsat.opb.xz,8
DEC-LIN/normalized-PB10/oliveras/j60/normalized-j6035_3-sat.opb.xz,7
DEC-LIN/normalized-PB10/oliveras/j60/normalized-j6035_3-unsat.opb.xz,7
DEC-LIN/normalized-PB10/oliveras/j60/normalized-j6035_4-sat.opb.xz,8
DEC-LIN/normalized-PB10/oliveras/j60/normalized-j6035_4-unsat.opb.xz,8
DEC-LIN/normalized-PB10/oliveras/j60/normalized-j6035_5-sat.opb.xz,7
DEC-LIN/normalized-PB10/oliveras/j60/normalized-j6035_5-unsat.opb.xz,7
DEC-LIN/normalized-PB10/oliveras/j60/normalized-j6035_6-sat.opb.xz,7
DEC-LIN/normalized-PB10/oliveras/j60/normalized-j6035_6-unsat.opb.xz,7
DEC-LIN/normalized-PB10/oliveras/j60/normalized-j6035_7-sat.opb.xz,7
DEC-LIN/normalized-PB10/oliveras/j60/normalized-j6035_7-unsat.opb.xz,7
DEC-LIN/normalized-PB10/oliveras/j60/normalized-j6035_8-sat.opb.xz,8
DEC-LIN/normalized-PB10/oliveras/j60/normalized-j6035_8-unsat.opb.xz,8
DEC-LIN/normalized-PB10/oliveras/j60/normalized-j6035_9-sat.opb.xz,8
DEC-LIN/normalized-PB10/oliveras/j60/normalized-j6035_9-unsat.opb.xz,8
DEC-LIN/normalized-PB10/oliveras/j60/normalized-j6036_1-sat.opb.xz,8
DEC-LIN/normalized-PB10/oliveras/j60/normalized-j6036_1-unsat.opb.xz,8
DEC-LIN/normalized-PB10/oliveras/j60/normalized-j6036_10-sat.opb.xz,7
DEC-LIN/normalized-PB10/oliveras/j60/normalized-j6036_10-unsat.opb.xz,7
DEC-LIN/normalized-PB10/oliveras/j60/normalized-j6036_2-sat.opb.xz,8
DEC-LIN/normalized-PB10/oliveras/j60/normalized-j6036_2-unsat.opb.xz,8
DEC-LIN/normalized-PB10/oliveras/j60/normalized-j6036_3-sat.opb.xz,7
DEC-LIN/normalized-PB10/oliveras/j60/normalized-j6036_3-unsat.opb.xz,7
DEC-LIN/normalized-PB10/oliveras/j60/normalized-j6036_4-sat.opb.xz,8
DEC-LIN/normalized-PB10/oliveras/j60/normalized-j6036_4-unsat.opb.xz,8
DEC-LIN/normalized-PB10/oliveras/j60/normalized-j6036_5-sat.opb.xz,8
DEC-LIN/normalized-PB10/oliveras/j60/normalized-j6036_5-unsat.opb.xz,8
DEC-LIN/normalized-PB10/oliveras/j60/normalized-j6036_6-sat.opb.xz,7
DEC-LIN/normalized-PB10/oliveras/j60/normalized-j6036_6-unsat.opb.xz,7
DEC-LIN/normalized-PB10/oliveras/j60/normalized-j6036_7-sat.opb.xz,8
DEC-LIN/normalized-PB10/oliveras/j60/normalized-j6036_7-unsat.opb.xz,8
DEC-LIN/normalized-PB10/oliveras/j60/normalized-j6036_8-sat.opb.xz,8
DEC-LIN/normalized-PB10/oliveras/j60/normalized-j6036_8-unsat.opb.xz,8
DEC-LIN/normalized-PB10/oliveras/j60/normalized-j6036_9-sat.opb.xz,7
DEC-LIN/normalized-PB10/oliveras/j60/normalized-j6036_9-unsat.opb.xz,7
DEC-LIN/normalized-PB10/oliveras/j60/normalized-j6037_1-sat.opb.xz,8
DEC-LIN/normalized-PB10/oliveras/j60/normalized-j6037_1-unsat.opb.xz,8
DEC-LIN/normalized-PB10/oliveras/j60/normalized-j6037_10-sat.opb.xz,8
DEC-LIN/normalized-PB10/oliveras/j60/normalized-j6037_10-unsat.opb.xz,8
DEC-LIN/normalized-PB10/oliveras/j60/normalized-j6037_2-sat.opb.xz,8
DEC-LIN/normalized-PB10/oliveras/j60/normalized-j6037_2-unsat.opb.xz,8
DEC-LIN/normalized-PB10/oliveras/j60/normalized-j6037_3-sat.opb.xz,8
DEC-LIN/normalized-PB10/oliveras/j60/normalized-j6037_3-unsat.opb.xz,8
DEC-LIN/normalized-PB10/oliveras/j60/normalized-j6037_4-sat.opb.xz,8
DEC-LIN/normalized-PB10/oliveras/j60/normalized-j6037_4-unsat.opb.xz,8
DEC-LIN/normalized-PB10/oliveras/j60/normalized-j6037_5-sat.opb.xz,8
DEC-LIN/normalized-PB10/oliveras/j60/normalized-j6037_5-unsat.opb.xz,8
DEC-LIN/normalized-PB10/oliveras/j60/normalized-j6037_6-sat.opb.xz,8
DEC-LIN/normalized-PB10/oliveras/j60/normalized-j6037_6-unsat.opb.xz,8
DEC-LIN/normalized-PB10/oliveras/j60/normalized-j6037_7-sat.opb.xz,8
DEC-LIN/normalized-PB10/oliveras/j60/normalized-j6037_7-unsat.opb.xz,8
DEC-LIN/normalized-PB10/oliveras/j60/normalized-j6037_8-sat.opb.xz,8
DEC-LIN/normalized-PB10/oliveras/j60/normalized-j6037_8-unsat.opb.xz,8
DEC-LIN/normalized-PB10/oliveras/j60/normalized-j6037_9-sat.opb.xz,8
DEC-LIN/normalized-PB10/oliveras/j60/normalized-j6037_9-unsat.opb.xz,8
DEC-LIN/normalized-PB10/oliveras/j60/normalized-j6038_1-sat.opb.xz,8
DEC-LIN/normalized-PB10/oliveras/j60/normalized-j6038_1-unsat.opb.xz,8
DEC-LIN/normalized-PB10/oliveras/j60/normalized-j6038_10-sat.opb.xz,8
DEC-LIN/normalized-PB10/oliveras/j60/normalized-j6038_10-unsat.opb.xz,8
DEC-LIN/normalized-PB10/oliveras/j60/normalized-j6038_2-sat.opb.xz,8
DEC-LIN/normalized-PB10/oliveras/j60/normalized-j6038_2-unsat.opb.xz,8
DEC-LIN/normalized-PB10/oliveras/j60/normalized-j6038_3-sat.opb.xz,8
DEC-LIN/normalized-PB10/oliveras/j60/normalized-j6038_3-unsat.opb.xz,8
DEC-LIN/normalized-PB10/oliveras/j60/normalized-j6038_4-sat.opb.xz,8
DEC-LIN/normalized-PB10/oliveras/j60/normalized-j6038_4-unsat.opb.xz,8
DEC-LIN/normalized-PB10/oliveras/j60/normalized-j6038_5-sat.opb.xz,8
DEC-LIN/normalized-PB10/oliveras/j60/normalized-j6038_5-unsat.opb.xz,8
DEC-LIN/normalized-PB10/oliveras/j60/normalized-j6038_6-sat.opb.xz,8
DEC-LIN/normalized-PB10/oliveras/j60/normalized-j6038_6-unsat.opb.xz,8
DEC-LIN/normalized-PB10/oliveras/j60/normalized-j6038_7-sat.opb.xz,8
DEC-LIN/normalized-PB10/oliveras/j60/normalized-j6038_7-unsat.opb.xz,8
DEC-LIN/normalized-PB10/oliveras/j60/normalized-j6038_8-sat.opb.xz,8
DEC-LIN/normalized-PB10/oliveras/j60/normalized-j6038_8-unsat.opb.xz,8
DEC-LIN/normalized-PB10/oliveras/j60/normalized-j6038_9-sat.opb.xz,8
DEC-LIN/normalized-PB10/oliveras/j60/normalized-j6038_9-unsat.opb.xz,8
DEC-LIN/normalized-PB10/oliveras/j60/normalized-j6039_1-sat.opb.xz,8
DEC-LIN/normalized-PB10/oliveras/j60/normalized-j6039_1-unsat.opb.xz,8
DEC-LIN/normalized-PB10/oliveras/j60/normalized-j6039_10-sat.opb.xz,8
DEC-LIN/normalized-PB10/oliveras/j60/normalized-j6039_10-unsat.opb.xz,8
DEC-LIN/normalized-PB10/oliveras/j60/normalized-j6039_2-sat.opb.xz,8
DEC-LIN/normalized-PB10/oliveras/j60/normalized-j6039_2-unsat.opb.xz,8
DEC-LIN/normalized-PB10/oliveras/j60/normalized-j6039_3-sat.opb.xz,8
DEC-LIN/normalized-PB10/oliveras/j60/normalized-j6039_3-unsat.opb.xz,8
DEC-LIN/normalized-PB10/oliveras/j60/normalized-j6039_4-sat.opb.xz,8
DEC-LIN/normalized-PB10/oliveras/j60/normalized-j6039_4-unsat.opb.xz,8
DEC-LIN/normalized-PB10/oliveras/j60/normalized-j6039_5-sat.opb.xz,8
DEC-LIN/normalized-PB10/oliveras/j60/normalized-j6039_5-unsat.opb.xz,8
DEC-LIN/normalized-PB10/oliveras/j60/normalized-j6039_6-sat.opb.xz,8
DEC-LIN/normalized-PB10/oliveras/j60/normalized-j6039_6-unsat.opb.xz,8
DEC-LIN/normalized-PB10/oliveras/j60/normalized-j6039_7-sat.opb.xz,8
DEC-LIN/normalized-PB10/oliveras/j60/normalized-j6039_7-unsat.opb.xz,8
DEC-LIN/normalized-PB10/oliveras/j60/normalized-j6039_8-sat.opb.xz,8
DEC-LIN/normalized-PB10/oliveras/j60/normalized-j6039_8-unsat.opb.xz,8
DEC-LIN/normalized-PB10/oliveras/j60/normalized-j6039_9-sat.opb.xz,8
DEC-LIN/normalized-PB10/oliveras/j60/normalized-j6039_9-unsat.opb.xz,8
DEC-LIN/normalized-PB10/oliveras/j60/normalized-j603_1-sat.opb.xz,7
DEC-LIN/normalized-PB10/oliveras/j60/normalized-j603_1-unsat.opb.xz,7
DEC-LIN/normalized-PB10/oliveras/j60/normalized-j603_10-sat.opb.xz,7
DEC-LIN/normalized-PB10/oliveras/j60/normalized-j603_10-unsat.opb.xz,7
DEC-LIN/normalized-PB10/oliveras/j60/normalized-j603_2-sat.opb.xz,7
DEC-LIN/normalized-PB10/oliveras/j60/normalized-j603_2-unsat.opb.xz,7
DEC-LIN/normalized-PB10/oliveras/j60/normalized-j603_3-sat.opb.xz,7
DEC-LIN/normalized-PB10/oliveras/j60/normalized-j603_3-unsat.opb.xz,7
DEC-LIN/normalized-PB10/oliveras/j60/normalized-j603_4-sat.opb.xz,7
DEC-LIN/normalized-PB10/oliveras/j60/normalized-j603_4-unsat.opb.xz,7
DEC-LIN/normalized-PB10/oliveras/j60/normalized-j603_5-sat.opb.xz,7
DEC-LIN/normalized-PB10/oliveras/j60/normalized-j603_5-unsat.opb.xz,7
DEC-LIN/normalized-PB10/oliveras/j60/normalized-j603_6-sat.opb.xz,7
DEC-LIN/normalized-PB10/oliveras/j60/normalized-j603_6-unsat.opb.xz,7
DEC-LIN/normalized-PB10/oliveras/j60/normalized-j603_7-sat.opb.xz,8
DEC-LIN/normalized-PB10/oliveras/j60/normalized-j603_7-unsat.opb.xz,8
DEC-LIN/normalized-PB10/oliveras/j60/normalized-j603_8-sat.opb.xz,7
DEC-LIN/normalized-PB10/oliveras/j60/normalized-j603_8-unsat.opb.xz,7
DEC-LIN/normalized-PB10/oliveras/j60/normalized-j603_9-sat.opb.xz,7
DEC-LIN/normalized-PB10/oliveras/j60/normalized-j603_9-unsat.opb.xz,7
DEC-LIN/normalized-PB10/oliveras/j60/normalized-j6040_1-sat.opb.xz,8
DEC-LIN/normalized-PB10/oliveras/j60/normalized-j6040_1-unsat.opb.xz,8
DEC-LIN/normalized-PB10/oliveras/j60/normalized-j6040_10-sat.opb.xz,8
DEC-LIN/normalized-PB10/oliveras/j60/normalized-j6040_10-unsat.opb.xz,8
DEC-LIN/normalized-PB10/oliveras/j60/normalized-j6040_2-sat.opb.xz,9
DEC-LIN/normalized-PB10/oliveras/j60/normalized-j6040_2-unsat.opb.xz,9
DEC-LIN/normalized-PB10/oliveras/j60/normalized-j6040_3-sat.opb.xz,8
DEC-LIN/normalized-PB10/oliveras/j60/normalized-j6040_3-unsat.opb.xz,8
DEC-LIN/normalized-PB10/oliveras/j60/normalized-j6040_4-sat.opb.xz,8
DEC-LIN/normalized-PB10/oliveras/j60/normalized-j6040_4-unsat.opb.xz,8
DEC-LIN/normalized-PB10/oliveras/j60/normalized-j6040_5-sat.opb.xz,8
DEC-LIN/normalized-PB10/oliveras/j60/normalized-j6040_5-unsat.opb.xz,8
DEC-LIN/normalized-PB10/oliveras/j60/normalized-j6040_6-sat.opb.xz,8
DEC-LIN/normalized-PB10/oliveras/j60/normalized-j6040_6-unsat.opb.xz,8
DEC-LIN/normalized-PB10/oliveras/j60/normalized-j6040_7-sat.opb.xz,8
DEC-LIN/normalized-PB10/oliveras/j60/normalized-j6040_7-unsat.opb.xz,8
DEC-LIN/normalized-PB10/oliveras/j60/normalized-j6040_8-sat.opb.xz,8
DEC-LIN/normalized-PB10/oliveras/j60/normalized-j6040_8-unsat.opb.xz,8
DEC-LIN/normalized-PB10/oliveras/j60/normalized-j6040_9-sat.opb.xz,8
DEC-LIN/normalized-PB10/oliveras/j60/normalized-j6040_9-unsat.opb.xz,8
DEC-LIN/normalized-PB10/oliveras/j60/normalized-j6041_1-sat.opb.xz,9
DEC-LIN/normalized-PB10/oliveras/j60/normalized-j6041_1-unsat.opb.xz,9
DEC-LIN/normalized-PB10/oliveras/j60/normalized-j6041_10-sat.opb.xz,9
DEC-LIN/normalized-PB10/oliveras/j60/normalized-j6041_10-unsat.opb.xz,9
DEC-LIN/normalized-PB10/oliveras/j60/normalized-j6041_2-sat.opb.xz,9
DEC-LIN/normalized-PB10/oliveras/j60/normalized-j6041_2-unsat.opb.xz,9
DEC-LIN/normalized-PB10/oliveras/j60/normalized-j6041_3-sat.opb.xz,9
DEC-LIN/normalized-PB10/oliveras/j60/normalized-j6041_3-unsat.opb.xz,9
DEC-LIN/normalized-PB10/oliveras/j60/normalized-j6041_4-sat.opb.xz,9
DEC-LIN/normalized-PB10/oliveras/j60/normalized-j6041_4-unsat.opb.xz,9
DEC-LIN/normalized-PB10/oliveras/j60/normalized-j6041_5-sat.opb.xz,9
DEC-LIN/normalized-PB10/oliveras/j60/normalized-j6041_5-unsat.opb.xz,9
DEC-LIN/normalized-PB10/oliveras/j60/normalized-j6041_6-sat.opb.xz,9
DEC-LIN/normalized-PB10/oliveras/j60/normalized-j6041_6-unsat.opb.xz,9
DEC-LIN/normalized-PB10/oliveras/j60/normalized-j6041_7-sat.opb.xz,9
DEC-LIN/normalized-PB10/oliveras/j60/normalized-j6041_7-unsat.opb.xz,9
DEC-LIN/normalized-PB10/oliveras/j60/normalized-j6041_8-sat.opb.xz,9
DEC-LIN/normalized-PB10/oliveras/j60/normalized-j6041_8-unsat.opb.xz,9
DEC-LIN/normalized-PB10/oliveras/j60/normalized-j6041_9-sat.opb.xz,9
DEC-LIN/normalized-PB10/oliveras/j60/normalized-j6041_9-unsat.opb.xz,9
DEC-LIN/normalized-PB10/oliveras/j60/normalized-j6042_1-sat.opb.xz,9
DEC-LIN/normalized-PB10/oliveras/j60/normalized-j6042_1-unsat.opb.xz,9
DEC-LIN/normalized-PB10/oliveras/j60/normalized-j6042_10-sat.opb.xz,9
DEC-LIN/normalized-PB10/oliveras/j60/normalized-j6042_10-unsat.opb.xz,9
DEC-LIN/normalized-PB10/oliveras/j60/normalized-j6042_2-sat.opb.xz,9
DEC-LIN/normalized-PB10/oliveras/j60/normalized-j6042_2-unsat.opb.xz,9
DEC-LIN/normalized-PB10/oliveras/j60/normalized-j6042_3-sat.opb.xz,9
DEC-LIN/normalized-PB10/oliveras/j60/normalized-j6042_3-unsat.opb.xz,9
DEC-LIN/normalized-PB10/oliveras/j60/normalized-j6042_4-sat.opb.xz,9
DEC-LIN/normalized-PB10/oliveras/j60/normalized-j6042_4-unsat.opb.xz,9
DEC-LIN/normalized-PB10/oliveras/j60/normalized-j6042_5-sat.opb.xz,9
DEC-LIN/normalized-PB10/oliveras/j60/normalized-j6042_5-unsat.opb.xz,9
DEC-LIN/normalized-PB10/oliveras/j60/normalized-j6042_6-sat.opb.xz,9
DEC-LIN/normalized-PB10/oliveras/j60/normalized-j6042_6-unsat.opb.xz,9
DEC-LIN/normalized-PB10/oliveras/j60/normalized-j6042_7-sat.opb.xz,9
DEC-LIN/normalized-PB10/oliveras/j60/normalized-j6042_7-unsat.opb.xz,9
DEC-LIN/normalized-PB10/oliveras/j60/normalized-j6042_8-sat.opb.xz,9
DEC-LIN/normalized-PB10/oliveras/j60/normalized-j6042_8-unsat.opb.xz,9
DEC-LIN/normalized-PB10/oliveras/j60/normalized-j6042_9-sat.opb.xz,9
DEC-LIN/normalized-PB10/oliveras/j60/normalized-j6042_9-unsat.opb.xz,9
DEC-LIN/normalized-PB10/oliveras/j60/normalized-j6043_1-sat.opb.xz,9
DEC-LIN/normalized-PB10/oliveras/j60/normalized-j6043_1-unsat.opb.xz,9
DEC-LIN/normalized-PB10/oliveras/j60/normalized-j6043_10-sat.opb.xz,9
DEC-LIN/normalized-PB10/oliveras/j60/normalized-j6043_10-unsat.opb.xz,9
DEC-LIN/normalized-PB10/oliveras/j60/normalized-j6043_2-sat.opb.xz,9
DEC-LIN/normalized-PB10/oliveras/j60/normalized-j6043_2-unsat.opb.xz,9
DEC-LIN/normalized-PB10/oliveras/j60/normalized-j6043_3-sat.opb.xz,9
DEC-LIN/normalized-PB10/oliveras/j60/normalized-j6043_3-unsat.opb.xz,9
DEC-LIN/normalized-PB10/oliveras/j60/normalized-j6043_4-sat.opb.xz,9
DEC-LIN/normalized-PB10/oliveras/j60/normalized-j6043_4-unsat.opb.xz,9
DEC-LIN/normalized-PB10/oliveras/j60/normalized-j6043_5-sat.opb.xz,9
DEC-LIN/normalized-PB10/oliveras/j60/normalized-j6043_5-unsat.opb.xz,9
DEC-LIN/normalized-PB10/oliveras/j60/normalized-j6043_6-sat.opb.xz,9
DEC-LIN/normalized-PB10/oliveras/j60/normalized-j6043_6-unsat.opb.xz,9
DEC-LIN/normalized-PB10/oliveras/j60/normalized-j6043_7-sat.opb.xz,9
DEC-LIN/normalized-PB10/oliveras/j60/normalized-j6043_7-unsat.opb.xz,9
DEC-LIN/normalized-PB10/oliveras/j60/normalized-j6043_8-sat.opb.xz,9
DEC-LIN/normalized-PB10/oliveras/j60/normalized-j6043_8-unsat.opb.xz,9
DEC-LIN/normalized-PB10/oliveras/j60/normalized-j6043_9-sat.opb.xz,9
DEC-LIN/normalized-PB10/oliveras/j60/normalized-j6043_9-unsat.opb.xz,9
DEC-LIN/normalized-PB10/oliveras/j60/normalized-j6044_1-sat.opb.xz,9
DEC-LIN/normalized-PB10/oliveras/j60/normalized-j6044_1-unsat.opb.xz,9
DEC-LIN/normalized-PB10/oliveras/j60/normalized-j6044_10-sat.opb.xz,9
DEC-LIN/normalized-PB10/oliveras/j60/normalized-j6044_10-unsat.opb.xz,9
DEC-LIN/normalized-PB10/oliveras/j60/normalized-j6044_2-sat.opb.xz,9
DEC-LIN/normalized-PB10/oliveras/j60/normalized-j6044_2-unsat.opb.xz,9
DEC-LIN/normalized-PB10/oliveras/j60/normalized-j6044_3-sat.opb.xz,9
DEC-LIN/normalized-PB10/oliveras/j60/normalized-j6044_3-unsat.opb.xz,9
DEC-LIN/normalized-PB10/oliveras/j60/normalized-j6044_4-sat.opb.xz,9
DEC-LIN/normalized-PB10/oliveras/j60/normalized-j6044_4-unsat.opb.xz,9
DEC-LIN/normalized-PB10/oliveras/j60/normalized-j6044_5-sat.opb.xz,9
DEC-LIN/normalized-PB10/oliveras/j60/normalized-j6044_5-unsat.opb.xz,9
DEC-LIN/normalized-PB10/oliveras/j60/normalized-j6044_6-sat.opb.xz,9
DEC-LIN/normalized-PB10/oliveras/j60/normalized-j6044_6-unsat.opb.xz,9
DEC-LIN/normalized-PB10/oliveras/j60/normalized-j6044_7-sat.opb.xz,9
DEC-LIN/normalized-PB10/oliveras/j60/normalized-j6044_7-unsat.opb.xz,9
DEC-LIN/normalized-PB10/oliveras/j60/normalized-j6044_8-sat.opb.xz,9
DEC-LIN/normalized-PB10/oliveras/j60/normalized-j6044_8-unsat.opb.xz,9
DEC-LIN/normalized-PB10/oliveras/j60/normalized-j6044_9-sat.opb.xz,9
DEC-LIN/normalized-PB10/oliveras/j60/normalized-j6044_9-unsat.opb.xz,9
DEC-LIN/normalized-PB10/oliveras/j60/normalized-j6045_1-sat.opb.xz,9
DEC-LIN/normalized-PB10/oliveras/j60/normalized-j6045_1-unsat.opb.xz,9
DEC-LIN/normalized-PB10/oliveras/j60/normalized-j6045_10-sat.opb.xz,9
DEC-LIN/normalized-PB10/oliveras/j60/normalized-j6045_10-unsat.opb.xz,9
DEC-LIN/normalized-PB10/oliveras/j60/normalized-j6045_2-sat.opb.xz,9
DEC-LIN/normalized-PB10/oliveras/j60/normalized-j6045_2-unsat.opb.xz,9
DEC-LIN/normalized-PB10/oliveras/j60/normalized-j6045_3-sat.opb.xz,9
DEC-LIN/normalized-PB10/oliveras/j60/normalized-j6045_3-unsat.opb.xz,9
DEC-LIN/normalized-PB10/oliveras/j60/normalized-j6045_4-sat.opb.xz,9
DEC-LIN/normalized-PB10/oliveras/j60/normalized-j6045_4-unsat.opb.xz,9
DEC-LIN/normalized-PB10/oliveras/j60/normalized-j6045_5-sat.opb.xz,9
DEC-LIN/normalized-PB10/oliveras/j60/normalized-j6045_5-unsat.opb.xz,9
DEC-LIN/normalized-PB10/oliveras/j60/normalized-j6045_6-sat.opb.xz,9
DEC-LIN/normalized-PB10/oliveras/j60/normalized-j6045_6-unsat.opb.xz,9
DEC-LIN/normalized-PB10/oliveras/j60/normalized-j6045_7-sat.opb.xz,9
DEC-LIN/normalized-PB10/oliveras/j60/normalized-j6045_7-unsat.opb.xz,9
DEC-LIN/normalized-PB10/oliveras/j60/normalized-j6045_8-sat.opb.xz,9
DEC-LIN/normalized-PB10/oliveras/j60/normalized-j6045_8-unsat.opb.xz,9
DEC-LIN/normalized-PB10/oliveras/j60/normalized-j6045_9-sat.opb.xz,9
DEC-LIN/normalized-PB10/oliveras/j60/normalized-j6045_9-unsat.opb.xz,9
DEC-LIN/normalized-PB10/oliveras/j60/normalized-j6046_1-sat.opb.xz,9
DEC-LIN/normalized-PB10/oliveras/j60/normalized-j6046_1-unsat.opb.xz,9
DEC-LIN/normalized-PB10/oliveras/j60/normalized-j6046_10-sat.opb.xz,9
DEC-LIN/normalized-PB10/oliveras/j60/normalized-j6046_10-unsat.opb.xz,9
DEC-LIN/normalized-PB10/oliveras/j60/normalized-j6046_2-sat.opb.xz,9
DEC-LIN/normalized-PB10/oliveras/j60/normalized-j6046_2-unsat.opb.xz,9
DEC-LIN/normalized-PB10/oliveras/j60/normalized-j6046_3-sat.opb.xz,9
DEC-LIN/normalized-PB10/oliveras/j60/normalized-j6046_3-unsat.opb.xz,9
DEC-LIN/normalized-PB10/oliveras/j60/normalized-j6046_4-sat.opb.xz,9
DEC-LIN/normalized-PB10/oliveras/j60/normalized-j6046_4-unsat.opb.xz,9
DEC-LIN/normalized-PB10/oliveras/j60/normalized-j6046_5-sat.opb.xz,9
DEC-LIN/normalized-PB10/oliveras/j60/normalized-j6046_5-unsat.opb.xz,9
DEC-LIN/normalized-PB10/oliveras/j60/normalized-j6046_6-sat.opb.xz,9
DEC-LIN/normalized-PB10/oliveras/j60/normalized-j6046_6-unsat.opb.xz,9
DEC-LIN/normalized-PB10/oliveras/j60/normalized-j6046_7-sat.opb.xz,9
DEC-LIN/normalized-PB10/oliveras/j60/normalized-j6046_7-unsat.opb.xz,9
DEC-LIN/normalized-PB10/oliveras/j60/normalized-j6046_8-sat.opb.xz,9
DEC-LIN/normalized-PB10/oliveras/j60/normalized-j6046_8-unsat.opb.xz,9
DEC-LIN/normalized-PB10/oliveras/j60/normalized-j6046_9-sat.opb.xz,9
DEC-LIN/normalized-PB10/oliveras/j60/normalized-j6046_9-unsat.opb.xz,9
DEC-LIN/normalized-PB10/oliveras/j60/normalized-j6047_1-sat.opb.xz,9
DEC-LIN/normalized-PB10/oliveras/j60/normalized-j6047_1-unsat.opb.xz,9
DEC-LIN/normalized-PB10/oliveras/j60/normalized-j6047_10-sat.opb.xz,9
DEC-LIN/normalized-PB10/oliveras/j60/normalized-j6047_10-unsat.opb.xz,9
DEC-LIN/normalized-PB10/oliveras/j60/normalized-j6047_2-sat.opb.xz,9
DEC-LIN/normalized-PB10/oliveras/j60/normalized-j6047_2-unsat.opb.xz,9
DEC-LIN/normalized-PB10/oliveras/j60/normalized-j6047_3-sat.opb.xz,9
DEC-LIN/normalized-PB10/oliveras/j60/normalized-j6047_3-unsat.opb.xz,9
DEC-LIN/normalized-PB10/oliveras/j60/normalized-j6047_4-sat.opb.xz,9
DEC-LIN/normalized-PB10/oliveras/j60/normalized-j6047_4-unsat.opb.xz,9
DEC-LIN/normalized-PB10/oliveras/j60/normalized-j6047_5-sat.opb.xz,9
DEC-LIN/normalized-PB10/oliveras/j60/normalized-j6047_5-unsat.opb.xz,9
DEC-LIN/normalized-PB10/oliveras/j60/normalized-j6047_6-sat.opb.xz,9
DEC-LIN/normalized-PB10/oliveras/j60/normalized-j6047_6-unsat.opb.xz,9
DEC-LIN/normalized-PB10/oliveras/j60/normalized-j6047_7-sat.opb.xz,9
DEC-LIN/normalized-PB10/oliveras/j60/normalized-j6047_7-unsat.opb.xz,9
DEC-LIN/normalized-PB10/oliveras/j60/normalized-j6047_8-sat.opb.xz,9
DEC-LIN/normalized-PB10/oliveras/j60/normalized-j6047_8-unsat.opb.xz,9
DEC-LIN/normalized-PB10/oliveras/j60/normalized-j6047_9-sat.opb.xz,9
DEC-LIN/normalized-PB10/oliveras/j60/normalized-j6047_9-unsat.opb.xz,9
DEC-LIN/normalized-PB10/oliveras/j60/normalized-j6048_1-sat.opb.xz,9
DEC-LIN/normalized-PB10/oliveras/j60/normalized-j6048_1-unsat.opb.xz,9
DEC-LIN/normalized-PB10/oliveras/j60/normalized-j6048_10-sat.opb.xz,9
DEC-LIN/normalized-PB10/oliveras/j60/normalized-j6048_10-unsat.opb.xz,9
DEC-LIN/normalized-PB10/oliveras/j60/normalized-j6048_2-sat.opb.xz,9
DEC-LIN/normalized-PB10/oliveras/j60/normalized-j6048_2-unsat.opb.xz,9
DEC-LIN/normalized-PB10/oliveras/j60/normalized-j6048_3-sat.opb.xz,9
DEC-LIN/normalized-PB10/oliveras/j60/normalized-j6048_3-unsat.opb.xz,9
DEC-LIN/normalized-PB10/oliveras/j60/normalized-j6048_4-sat.opb.xz,9
DEC-LIN/normalized-PB10/oliveras/j60/normalized-j6048_4-unsat.opb.xz,9
DEC-LIN/normalized-PB10/oliveras/j60/normalized-j6048_5-sat.opb.xz,9
DEC-LIN/normalized-PB10/oliveras/j60/normalized-j6048_5-unsat.opb.xz,9
DEC-LIN/normalized-PB10/oliveras/j60/normalized-j6048_6-sat.opb.xz,9
DEC-LIN/normalized-PB10/oliveras/j60/normalized-j6048_6-unsat.opb.xz,9
DEC-LIN/normalized-PB10/oliveras/j60/normalized-j6048_7-sat.opb.xz,9
DEC-LIN/normalized-PB10/oliveras/j60/normalized-j6048_7-unsat.opb.xz,9
DEC-LIN/normalized-PB10/oliveras/j60/normalized-j6048_8-sat.opb.xz,9
DEC-LIN/normalized-PB10/oliveras/j60/normalized-j6048_8-unsat.opb.xz,9
DEC-LIN/normalized-PB10/oliveras/j60/normalized-j6048_9-sat.opb.xz,9
DEC-LIN/normalized-PB10/oliveras/j60/normalized-j6048_9-unsat.opb.xz,9
DEC-LIN/normalized-PB10/oliveras/j60/normalized-j604_1-sat.opb.xz,8
DEC-LIN/normalized-PB10/oliveras/j60/normalized-j604_1-unsat.opb.xz,8
DEC-LIN/normalized-PB10/oliveras/j60/normalized-j604_10-sat.opb.xz,8
DEC-LIN/normalized-PB10/oliveras/j60/normalized-j604_10-unsat.opb.xz,8
DEC-LIN/normalized-PB10/oliveras/j60/normalized-j604_2-sat.opb.xz,8
DEC-LIN/normalized-PB10/oliveras/j60/normalized-j604_2-unsat.opb.xz,8
DEC-LIN/normalized-PB10/oliveras/j60/normalized-j604_3-sat.opb.xz,8
DEC-LIN/normalized-PB10/oliveras/j60/normalized-j604_3-unsat.opb.xz,8
DEC-LIN/normalized-PB10/oliveras/j60/normalized-j604_4-sat.opb.xz,7
DEC-LIN/normalized-PB10/oliveras/j60/normalized-j604_4-unsat.opb.xz,7
DEC-LIN/normalized-PB10/oliveras/j60/normalized-j604_5-sat.opb.xz,8
DEC-LIN/normalized-PB10/oliveras/j60/normalized-j604_5-unsat.opb.xz,8
DEC-LIN/normalized-PB10/oliveras/j60/normalized-j604_6-sat.opb.xz,7
DEC-LIN/normalized-PB10/oliveras/j60/normalized-j604_6-unsat.opb.xz,7
DEC-LIN/normalized-PB10/oliveras/j60/normalized-j604_7-sat.opb.xz,8
DEC-LIN/normalized-PB10/oliveras/j60/normalized-j604_7-unsat.opb.xz,8
DEC-LIN/normalized-PB10/oliveras/j60/normalized-j604_8-sat.opb.xz,7
DEC-LIN/normalized-PB10/oliveras/j60/normalized-j604_8-unsat.opb.xz,7
DEC-LIN/normalized-PB10/oliveras/j60/normalized-j604_9-sat.opb.xz,8
DEC-LIN/normalized-PB10/oliveras/j60/normalized-j604_9-unsat.opb.xz,8
DEC-LIN/normalized-PB10/oliveras/j60/normalized-j605_1-sat.opb.xz,8
DEC-LIN/normalized-PB10/oliveras/j60/normalized-j605_1-unsat.opb.xz,8
DEC-LIN/normalized-PB10/oliveras/j60/normalized-j605_10-sat.opb.xz,8
DEC-LIN/normalized-PB10/oliveras/j60/normalized-j605_10-unsat.opb.xz,8
DEC-LIN/normalized-PB10/oliveras/j60/normalized-j605_2-sat.opb.xz,8
DEC-LIN/normalized-PB10/oliveras/j60/normalized-j605_2-unsat.opb.xz,8
DEC-LIN/normalized-PB10/oliveras/j60/normalized-j605_3-sat.opb.xz,8
DEC-LIN/normalized-PB10/oliveras/j60/normalized-j605_3-unsat.opb.xz,8
DEC-LIN/normalized-PB10/oliveras/j60/normalized-j605_4-sat.opb.xz,8
DEC-LIN/normalized-PB10/oliveras/j60/normalized-j605_4-unsat.opb.xz,8
DEC-LIN/normalized-PB10/oliveras/j60/normalized-j605_5-sat.opb.xz,8
DEC-LIN/normalized-PB10/oliveras/j60/normalized-j605_5-unsat.opb.xz,8
DEC-LIN/normalized-PB10/oliveras/j60/normalized-j605_6-sat.opb.xz,8
DEC-LIN/normalized-PB10/oliveras/j60/normalized-j605_6-unsat.opb.xz,8
DEC-LIN/normalized-PB10/oliveras/j60/normalized-j605_7-sat.opb.xz,8
DEC-LIN/normalized-PB10/oliveras/j60/normalized-j605_7-unsat.opb.xz,8
DEC-LIN/normalized-PB10/oliveras/j60/normalized-j605_8-sat.opb.xz,8
DEC-LIN/normalized-PB10/oliveras/j60/normalized-j605_8-unsat.opb.xz,8
DEC-LIN/normalized-PB10/oliveras/j60/normalized-j605_9-sat.opb.xz,8
DEC-LIN/normalized-PB10/oliveras/j60/normalized-j605_9-unsat.opb.xz,8
DEC-LIN/normalized-PB10/oliveras/j60/normalized-j606_1-sat.opb.xz,8
DEC-LIN/normalized-PB10/oliveras/j60/normalized-j606_1-unsat.opb.xz,8
DEC-LIN/normalized-PB10/oliveras/j60/normalized-j606_10-sat.opb.xz,8
DEC-LIN/normalized-PB10/oliveras/j60/normalized-j606_10-unsat.opb.xz,8
DEC-LIN/normalized-PB10/oliveras/j60/normalized-j606_2-sat.opb.xz,8
DEC-LIN/normalized-PB10/oliveras/j60/normalized-j606_2-unsat.opb.xz,8
DEC-LIN/normalized-PB10/oliveras/j60/normalized-j606_3-sat.opb.xz,8
DEC-LIN/normalized-PB10/oliveras/j60/normalized-j606_3-unsat.opb.xz,8
DEC-LIN/normalized-PB10/oliveras/j60/normalized-j606_4-sat.opb.xz,8
DEC-LIN/normalized-PB10/oliveras/j60/normalized-j606_4-unsat.opb.xz,8
DEC-LIN/normalized-PB10/oliveras/j60/normalized-j606_5-sat.opb.xz,8
DEC-LIN/normalized-PB10/oliveras/j60/normalized-j606_5-unsat.opb.xz,8
DEC-LIN/normalized-PB10/oliveras/j60/normalized-j606_6-sat.opb.xz,8
DEC-LIN/normalized-PB10/oliveras/j60/normalized-j606_6-unsat.opb.xz,8
DEC-LIN/normalized-PB10/oliveras/j60/normalized-j606_7-sat.opb.xz,8
DEC-LIN/normalized-PB10/oliveras/j60/normalized-j606_7-unsat.opb.xz,8
DEC-LIN/normalized-PB10/oliveras/j60/normalized-j606_8-sat.opb.xz,8
DEC-LIN/normalized-PB10/oliveras/j60/normalized-j606_8-unsat.opb.xz,8
DEC-LIN/normalized-PB10/oliveras/j60/normalized-j606_9-sat.opb.xz,8
DEC-LIN/normalized-PB10/oliveras/j60/normalized-j606_9-unsat.opb.xz,8
DEC-LIN/normalized-PB10/oliveras/j60/normalized-j607_1-sat.opb.xz,8
DEC-LIN/normalized-PB10/oliveras/j60/normalized-j607_1-unsat.opb.xz,8
DEC-LIN/normalized-PB10/oliveras/j60/normalized-j607_10-sat.opb.xz,8
DEC-LIN/normalized-PB10/oliveras/j60/normalized-j607_10-unsat.opb.xz,8
DEC-LIN/normalized-PB10/oliveras/j60/normalized-j607_2-sat.opb.xz,8
DEC-LIN/normalized-PB10/oliveras/j60/normalized-j607_2-unsat.opb.xz,8
DEC-LIN/normalized-PB10/oliveras/j60/normalized-j607_3-sat.opb.xz,8
DEC-LIN/normalized-PB10/oliveras/j60/normalized-j607_3-unsat.opb.xz,8
DEC-LIN/normalized-PB10/oliveras/j60/normalized-j607_4-sat.opb.xz,8
DEC-LIN/normalized-PB10/oliveras/j60/normalized-j607_4-unsat.opb.xz,8
DEC-LIN/normalized-PB10/oliveras/j60/normalized-j607_5-sat.opb.xz,8
DEC-LIN/normalized-PB10/oliveras/j60/normalized-j607_5-unsat.opb.xz,8
DEC-LIN/normalized-PB10/oliveras/j60/normalized-j607_6-sat.opb.xz,9
DEC-LIN/normalized-PB10/oliveras/j60/normalized-j607_6-unsat.opb.xz,9
DEC-LIN/normalized-PB10/oliveras/j60/normalized-j607_7-sat.opb.xz,8
DEC-LIN/normalized-PB10/oliveras/j60/normalized-j607_7-unsat.opb.xz,8
DEC-LIN/normalized-PB10/oliveras/j60/normalized-j607_8-sat.opb.xz,8
DEC-LIN/normalized-PB10/oliveras/j60/normalized-j607_8-unsat.opb.xz,8
DEC-LIN/normalized-PB10/oliveras/j60/normalized-j607_9-sat.opb.xz,9
DEC-LIN/normalized-PB10/oliveras/j60/normalized-j607_9-unsat.opb.xz,9
DEC-LIN/normalized-PB10/oliveras/j60/normalized-j608_1-sat.opb.xz,8
DEC-LIN/normalized-PB10/oliveras/j60/normalized-j608_1-unsat.opb.xz,8
DEC-LIN/normalized-PB10/oliveras/j60/normalized-j608_10-sat.opb.xz,8
DEC-LIN/normalized-PB10/oliveras/j60/normalized-j608_10-unsat.opb.xz,8
DEC-LIN/normalized-PB10/oliveras/j60/normalized-j608_2-sat.opb.xz,8
DEC-LIN/normalized-PB10/oliveras/j60/normalized-j608_2-unsat.opb.xz,8
DEC-LIN/normalized-PB10/oliveras/j60/normalized-j608_3-sat.opb.xz,8
DEC-LIN/normalized-PB10/oliveras/j60/normalized-j608_3-unsat.opb.xz,8
DEC-LIN/normalized-PB10/oliveras/j60/normalized-j608_4-sat.opb.xz,8
DEC-LIN/normalized-PB10/oliveras/j60/normalized-j608_4-unsat.opb.xz,8
DEC-LIN/normalized-PB10/oliveras/j60/normalized-j608_5-sat.opb.xz,8
DEC-LIN/normalized-PB10/oliveras/j60/normalized-j608_5-unsat.opb.xz,8
DEC-LIN/normalized-PB10/oliveras/j60/normalized-j608_6-sat.opb.xz,8
DEC-LIN/normalized-PB10/oliveras/j60/normalized-j608_6-unsat.opb.xz,8
DEC-LIN/normalized-PB10/oliveras/j60/normalized-j608_7-sat.opb.xz,8
DEC-LIN/normalized-PB10/oliveras/j60/normalized-j608_7-unsat.opb.xz,8
DEC-LIN/normalized-PB10/oliveras/j60/normalized-j608_8-sat.opb.xz,8
DEC-LIN/normalized-PB10/oliveras/j60/normalized-j608_8-unsat.opb.xz,8
DEC-LIN/normalized-PB10/oliveras/j60/normalized-j608_9-sat.opb.xz,8
DEC-LIN/normalized-PB10/oliveras/j60/normalized-j608_9-unsat.opb.xz,8
DEC-LIN/normalized-PB10/oliveras/j60/normalized-j609_1-sat.opb.xz,9
DEC-LIN/normalized-PB10/oliveras/j60/normalized-j609_1-unsat.opb.xz,9
DEC-LIN/normalized-PB10/oliveras/j60/normalized-j609_10-sat.opb.xz,9
DEC-LIN/normalized-PB10/oliveras/j60/normalized-j609_10-unsat.opb.xz,9
DEC-LIN/normalized-PB10/oliveras/j60/normalized-j609_2-sat.opb.xz,9
DEC-LIN/normalized-PB10/oliveras/j60/normalized-j609_2-unsat.opb.xz,9
DEC-LIN/normalized-PB10/oliveras/j60/normalized-j609_3-sat.opb.xz,9
DEC-LIN/normalized-PB10/oliveras/j60/normalized-j609_3-unsat.opb.xz,9
DEC-LIN/normalized-PB10/oliveras/j60/normalized-j609_4-sat.opb.xz,9
DEC-LIN/normalized-PB10/oliveras/j60/normalized-j609_4-unsat.opb.xz,9
DEC-LIN/normalized-PB10/oliveras/j60/normalized-j609_5-sat.opb.xz,9
DEC-LIN/normalized-PB10/oliveras/j60/normalized-j609_5-unsat.opb.xz,9
DEC-LIN/normalized-PB10/oliveras/j60/normalized-j609_6-sat.opb.xz,9
DEC-LIN/normalized-PB10/oliveras/j60/normalized-j609_6-unsat.opb.xz,9
DEC-LIN/normalized-PB10/oliveras/j60/normalized-j609_7-sat.opb.xz,9
DEC-LIN/normalized-PB10/oliveras/j60/normalized-j609_7-unsat.opb.xz,9
DEC-LIN/normalized-PB10/oliveras/j60/normalized-j609_8-sat.opb.xz,9
DEC-LIN/normalized-PB10/oliveras/j60/normalized-j609_8-unsat.opb.xz,9
DEC-LIN/normalized-PB10/oliveras/j60/normalized-j609_9-sat.opb.xz,9
DEC-LIN/normalized-PB10/oliveras/j60/normalized-j609_9-unsat.opb.xz,9
DEC-LIN/normalized-PB10/oliveras/j90/normalized-j9010_1-sat.opb.xz,9
DEC-LIN/normalized-PB10/oliveras/j90/normalized-j9010_1-unsat.opb.xz,9
DEC-LIN/normalized-PB10/oliveras/j90/normalized-j9010_10-sat.opb.xz,9
DEC-LIN/normalized-PB10/oliveras/j90/normalized-j9010_10-unsat.opb.xz,9
DEC-LIN/normalized-PB10/oliveras/j90/normalized-j9010_2-sat.opb.xz,9
DEC-LIN/normalized-PB10/oliveras/j90/normalized-j9010_2-unsat.opb.xz,9
DEC-LIN/normalized-PB10/oliveras/j90/normalized-j9010_3-sat.opb.xz,9
DEC-LIN/normalized-PB10/oliveras/j90/normalized-j9010_3-unsat.opb.xz,9
DEC-LIN/normalized-PB10/oliveras/j90/normalized-j9010_4-sat.opb.xz,9
DEC-LIN/normalized-PB10/oliveras/j90/normalized-j9010_4-unsat.opb.xz,9
DEC-LIN/normalized-PB10/oliveras/j90/normalized-j9010_5-sat.opb.xz,9
DEC-LIN/normalized-PB10/oliveras/j90/normalized-j9010_5-unsat.opb.xz,9
DEC-LIN/normalized-PB10/oliveras/j90/normalized-j9010_6-sat.opb.xz,9
DEC-LIN/normalized-PB10/oliveras/j90/normalized-j9010_6-unsat.opb.xz,9
DEC-LIN/normalized-PB10/oliveras/j90/normalized-j9010_7-sat.opb.xz,9
DEC-LIN/normalized-PB10/oliveras/j90/normalized-j9010_7-unsat.opb.xz,9
DEC-LIN/normalized-PB10/oliveras/j90/normalized-j9010_8-sat.opb.xz,9
DEC-LIN/normalized-PB10/oliveras/j90/normalized-j9010_8-unsat.opb.xz,9
DEC-LIN/normalized-PB10/oliveras/j90/normalized-j9010_9-sat.opb.xz,9
DEC-LIN/normalized-PB10/oliveras/j90/normalized-j9010_9-unsat.opb.xz,9
DEC-LIN/normalized-PB10/oliveras/j90/normalized-j9011_1-sat.opb.xz,9
DEC-LIN/normalized-PB10/oliveras/j90/normalized-j9011_1-unsat.opb.xz,9
DEC-LIN/normalized-PB10/oliveras/j90/normalized-j9011_10-sat.opb.xz,9
DEC-LIN/normalized-PB10/oliveras/j90/normalized-j9011_10-unsat.opb.xz,9
DEC-LIN/normalized-PB10/oliveras/j90/normalized-j9011_2-sat.opb.xz,9
DEC-LIN/normalized-PB10/oliveras/j90/normalized-j9011_2-unsat.opb.xz,9
DEC-LIN/normalized-PB10/oliveras/j90/normalized-j9011_3-sat.opb.xz,9
DEC-LIN/normalized-PB10/oliveras/j90/normalized-j9011_3-unsat.opb.xz,9
DEC-LIN/normalized-PB10/oliveras/j90/normalized-j9011_4-sat.opb.xz,9
DEC-LIN/normalized-PB10/oliveras/j90/normalized-j9011_4-unsat.opb.xz,9
DEC-LIN/normalized-PB10/oliveras/j90/normalized-j9011_5-sat.opb.xz,9
DEC-LIN/normalized-PB10/oliveras/j90/normalized-j9011_5-unsat.opb.xz,9
DEC-LIN/normalized-PB10/oliveras/j90/normalized-j9011_6-sat.opb.xz,9
DEC-LIN/normalized-PB10/oliveras/j90/normalized-j9011_6-unsat.opb.xz,9
DEC-LIN/normalized-PB10/oliveras/j90/normalized-j9011_7-sat.opb.xz,9
DEC-LIN/normalized-PB10/oliveras/j90/normalized-j9011_7-unsat.opb.xz,9
DEC-LIN/normalized-PB10/oliveras/j90/normalized-j9011_8-sat.opb.xz,9
DEC-LIN/normalized-PB10/oliveras/j90/normalized-j9011_8-unsat.opb.xz,9
DEC-LIN/normalized-PB10/oliveras/j90/normalized-j9011_9-sat.opb.xz,9
DEC-LIN/normalized-PB10/oliveras/j90/normalized-j9011_9-unsat.opb.xz,9
DEC-LIN/normalized-PB10/oliveras/j90/normalized-j9012_1-sat.opb.xz,9
DEC-LIN/normalized-PB10/oliveras/j90/normalized-j9012_1-unsat.opb.xz,9
DEC-LIN/normalized-PB10/oliveras/j90/normalized-j9012_10-sat.opb.xz,9
DEC-LIN/normalized-PB10/oliveras/j90/normalized-j9012_10-unsat.opb.xz,9
DEC-LIN/normalized-PB10/oliveras/j90/normalized-j9012_2-sat.opb.xz,9
DEC-LIN/normalized-PB10/oliveras/j90/normalized-j9012_2-unsat.opb.xz,9
DEC-LIN/normalized-PB10/oliveras/j90/normalized-j9012_3-sat.opb.xz,9
DEC-LIN/normalized-PB10/oliveras/j90/normalized-j9012_3-unsat.opb.xz,9
DEC-LIN/normalized-PB10/oliveras/j90/normalized-j9012_4-sat.opb.xz,9
DEC-LIN/normalized-PB10/oliveras/j90/normalized-j9012_4-unsat.opb.xz,9
DEC-LIN/normalized-PB10/oliveras/j90/normalized-j9012_5-sat.opb.xz,9
DEC-LIN/normalized-PB10/oliveras/j90/normalized-j9012_5-unsat.opb.xz,9
DEC-LIN/normalized-PB10/oliveras/j90/normalized-j9012_6-sat.opb.xz,10
DEC-LIN/normalized-PB10/oliveras/j90/normalized-j9012_6-unsat.opb.xz,10
DEC-LIN/normalized-PB10/oliveras/j90/normalized-j9012_7-sat.opb.xz,9
DEC-LIN/normalized-PB10/oliveras/j90/normalized-j9012_7-unsat.opb.xz,9
DEC-LIN/normalized-PB10/oliveras/j90/normalized-j9012_8-sat.opb.xz,9
DEC-LIN/normalized-PB10/oliveras/j90/normalized-j9012_8-unsat.opb.xz,9
DEC-LIN/normalized-PB10/oliveras/j90/normalized-j9012_9-sat.opb.xz,10
DEC-LIN/normalized-PB10/oliveras/j90/normalized-j9012_9-unsat.opb.xz,10
DEC-LIN/normalized-PB10/oliveras/j90/normalized-j9013_1-sat.opb.xz,10
DEC-LIN/normalized-PB10/oliveras/j90/normalized-j9013_1-unsat.opb.xz,10
DEC-LIN/normalized-PB10/oliveras/j90/normalized-j9013_10-sat.opb.xz,10
DEC-LIN/normalized-PB10/oliveras/j90/normalized-j9013_10-unsat.opb.xz,10
DEC-LIN/normalized-PB10/oliveras/j90/normalized-j9013_2-sat.opb.xz,10
DEC-LIN/normalized-PB10/oliveras/j90/normalized-j9013_2-unsat.opb.xz,10
DEC-LIN/normalized-PB10/oliveras/j90/normalized-j9013_3-sat.opb.xz,10
DEC-LIN/normalized-PB10/oliveras/j90/normalized-j9013_3-unsat.opb.xz,10
DEC-LIN/normalized-PB10/oliveras/j90/normalized-j9013_4-sat.opb.xz,10
DEC-LIN/normalized-PB10/oliveras/j90/normalized-j9013_4-unsat.opb.xz,10
DEC-LIN/normalized-PB10/oliveras/j90/normalized-j9013_5-sat.opb.xz,10
DEC-LIN/normalized-PB10/oliveras/j90/normalized-j9013_5-unsat.opb.xz,10
DEC-LIN/normalized-PB10/oliveras/j90/normalized-j9013_6-sat.opb.xz,10
DEC-LIN/normalized-PB10/oliveras/j90/normalized-j9013_6-unsat.opb.xz,10
DEC-LIN/normalized-PB10/oliveras/j90/normalized-j9013_7-sat.opb.xz,10
DEC-LIN/normalized-PB10/oliveras/j90/normalized-j9013_7-unsat.opb.xz,10
DEC-LIN/normalized-PB10/oliveras/j90/normalized-j9013_8-sat.opb.xz,10
DEC-LIN/normalized-PB10/oliveras/j90/normalized-j9013_8-unsat.opb.xz,10
DEC-LIN/normalized-PB10/oliveras/j90/normalized-j9013_9-sat.opb.xz,10
DEC-LIN/normalized-PB10/oliveras/j90/normalized-j9013_9-unsat.opb.xz,10
DEC-LIN/normalized-PB10/oliveras/j90/normalized-j9014_1-sat.opb.xz,10
DEC-LIN/normalized-PB10/oliveras/j90/normalized-j9014_1-unsat.opb.xz,10
DEC-LIN/normalized-PB10/oliveras/j90/normalized-j9014_10-sat.opb.xz,10
DEC-LIN/normalized-PB10/oliveras/j90/normalized-j9014_10-unsat.opb.xz,10
DEC-LIN/normalized-PB10/oliveras/j90/normalized-j9014_2-sat.opb.xz,10
DEC-LIN/normalized-PB10/oliveras/j90/normalized-j9014_2-unsat.opb.xz,10
DEC-LIN/normalized-PB10/oliveras/j90/normalized-j9014_3-sat.opb.xz,10
DEC-LIN/normalized-PB10/oliveras/j90/normalized-j9014_3-unsat.opb.xz,10
DEC-LIN/normalized-PB10/oliveras/j90/normalized-j9014_4-sat.opb.xz,10
DEC-LIN/normalized-PB10/oliveras/j90/normalized-j9014_4-unsat.opb.xz,10
DEC-LIN/normalized-PB10/oliveras/j90/normalized-j9014_5-sat.opb.xz,10
DEC-LIN/normalized-PB10/oliveras/j90/normalized-j9014_5-unsat.opb.xz,10
DEC-LIN/normalized-PB10/oliveras/j90/normalized-j9014_6-sat.opb.xz,10
DEC-LIN/normalized-PB10/oliveras/j90/normalized-j9014_6-unsat.opb.xz,10
DEC-LIN/normalized-PB10/oliveras/j90/normalized-j9014_7-sat.opb.xz,10
DEC-LIN/normalized-PB10/oliveras/j90/normalized-j9014_7-unsat.opb.xz,10
DEC-LIN/normalized-PB10/oliveras/j90/normalized-j9014_8-sat.opb.xz,10
DEC-LIN/normalized-PB10/oliveras/j90/normalized-j9014_8-unsat.opb.xz,10
DEC-LIN/normalized-PB10/oliveras/j90/normalized-j9014_9-sat.opb.xz,10
DEC-LIN/normalized-PB10/oliveras/j90/normalized-j9014_9-unsat.opb.xz,10
DEC-LIN/normalized-PB10/oliveras/j90/normalized-j9015_1-sat.opb.xz,10
DEC-LIN/normalized-PB10/oliveras/j90/normalized-j9015_1-unsat.opb.xz,10
DEC-LIN/normalized-PB10/oliveras/j90/normalized-j9015_10-sat.opb.xz,10
DEC-LIN/normalized-PB10/oliveras/j90/normalized-j9015_10-unsat.opb.xz,10
DEC-LIN/normalized-PB10/oliveras/j90/normalized-j9015_2-sat.opb.xz,10
DEC-LIN/normalized-PB10/oliveras/j90/normalized-j9015_2-unsat.opb.xz,10
DEC-LIN/normalized-PB10/oliveras/j90/normalized-j9015_3-sat.opb.xz,10
DEC-LIN/normalized-PB10/oliveras/j90/normalized-j9015_3-unsat.opb.xz,10
DEC-LIN/normalized-PB10/oliveras/j90/normalized-j9015_4-sat.opb.xz,10
DEC-LIN/normalized-PB10/oliveras/j90/normalized-j9015_4-unsat.opb.xz,10
DEC-LIN/normalized-PB10/oliveras/j90/normalized-j9015_5-sat.opb.xz,10
DEC-LIN/normalized-PB10/oliveras/j90/normalized-j9015_5-unsat.opb.xz,10
DEC-LIN/normalized-PB10/oliveras/j90/normalized-j9015_6-sat.opb.xz,10
DEC-LIN/normalized-PB10/oliveras/j90/normalized-j9015_6-unsat.opb.xz,10
DEC-LIN/normalized-PB10/oliveras/j90/normalized-j9015_7-sat.opb.xz,10
DEC-LIN/normalized-PB10/oliveras/j90/normalized-j9015_7-unsat.opb.xz,10
DEC-LIN/normalized-PB10/oliveras/j90/normalized-j9015_8-sat.opb.xz,10
DEC-LIN/normalized-PB10/oliveras/j90/normalized-j9015_8-unsat.opb.xz,10
DEC-LIN/normalized-PB10/oliveras/j90/normalized-j9015_9-sat.opb.xz,10
DEC-LIN/normalized-PB10/oliveras/j90/normalized-j9015_9-unsat.opb.xz,10
DEC-LIN/normalized-PB10/oliveras/j90/normalized-j9016_1-sat.opb.xz,10
DEC-LIN/normalized-PB10/oliveras/j90/normalized-j9016_1-unsat.opb.xz,10
DEC-LIN/normalized-PB10/oliveras/j90/normalized-j9016_10-sat.opb.xz,10
DEC-LIN/normalized-PB10/oliveras/j90/normalized-j9016_10-unsat.opb.xz,10
DEC-LIN/normalized-PB10/oliveras/j90/normalized-j9016_2-sat.opb.xz,10
DEC-LIN/normalized-PB10/oliveras/j90/normalized-j9016_2-unsat.opb.xz,10
DEC-LIN/normalized-PB10/oliveras/j90/normalized-j9016_3-sat.opb.xz,10
DEC-LIN/normalized-PB10/oliveras/j90/normalized-j9016_3-unsat.opb.xz,10
DEC-LIN/normalized-PB10/oliveras/j90/normalized-j9016_4-sat.opb.xz,10
DEC-LIN/normalized-PB10/oliveras/j90/normalized-j9016_4-unsat.opb.xz,10
DEC-LIN/normalized-PB10/oliveras/j90/normalized-j9016_5-sat.opb.xz,10
DEC-LIN/normalized-PB10/oliveras/j90/normalized-j9016_5-unsat.opb.xz,10
DEC-LIN/normalized-PB10/oliveras/j90/normalized-j9016_6-sat.opb.xz,10
DEC-LIN/normalized-PB10/oliveras/j90/normalized-j9016_6-unsat.opb.xz,10
DEC-LIN/normalized-PB10/oliveras/j90/normalized-j9016_7-sat.opb.xz,10
DEC-LIN/normalized-PB10/oliveras/j90/normalized-j9016_7-unsat.opb.xz,10
DEC-LIN/normalized-PB10/oliveras/j90/normalized-j9016_8-sat.opb.xz,10
DEC-LIN/normalized-PB10/oliveras/j90/normalized-j9016_8-unsat.opb.xz,10
DEC-LIN/normalized-PB10/oliveras/j90/normalized-j9016_9-sat.opb.xz,10
DEC-LIN/normalized-PB10/oliveras/j90/normalized-j9016_9-unsat.opb.xz,10
DEC-LIN/normalized-PB10/oliveras/j90/normalized-j9017_1-sat.opb.xz,8
DEC-LIN/normalized-PB10/oliveras/j90/normalized-j9017_1-unsat.opb.xz,8
DEC-LIN/normalized-PB10/oliveras/j90/normalized-j9017_10-sat.opb.xz,8
DEC-LIN/normalized-PB10/oliveras/j90/normalized-j9017_10-unsat.opb.xz,8
DEC-LIN/normalized-PB10/oliveras/j90/normalized-j9017_2-sat.opb.xz,8
DEC-LIN/normalized-PB10/oliveras/j90/normalized-j9017_2-unsat.opb.xz,8
DEC-LIN/normalized-PB10/oliveras/j90/normalized-j9017_3-sat.opb.xz,8
DEC-LIN/normalized-PB10/oliveras/j90/normalized-j9017_3-unsat.opb.xz,8
DEC-LIN/normalized-PB10/oliveras/j90/normalized-j9017_4-sat.opb.xz,8
DEC-LIN/normalized-PB10/oliveras/j90/normalized-j9017_4-unsat.opb.xz,8
DEC-LIN/normalized-PB10/oliveras/j90/normalized-j9017_5-sat.opb.xz,8
DEC-LIN/normalized-PB10/oliveras/j90/normalized-j9017_5-unsat.opb.xz,8
DEC-LIN/normalized-PB10/oliveras/j90/normalized-j9017_6-sat.opb.xz,8
DEC-LIN/normalized-PB10/oliveras/j90/normalized-j9017_6-unsat.opb.xz,8
DEC-LIN/normalized-PB10/oliveras/j90/normalized-j9017_7-sat.opb.xz,8
DEC-LIN/normalized-PB10/oliveras/j90/normalized-j9017_7-unsat.opb.xz,8
DEC-LIN/normalized-PB10/oliveras/j90/normalized-j9017_8-sat.opb.xz,8
DEC-LIN/normalized-PB10/oliveras/j90/normalized-j9017_8-unsat.opb.xz,8
DEC-LIN/normalized-PB10/oliveras/j90/normalized-j9017_9-sat.opb.xz,8
DEC-LIN/normalized-PB10/oliveras/j90/normalized-j9017_9-unsat.opb.xz,8
DEC-LIN/normalized-PB10/oliveras/j90/normalized-j9018_1-sat.opb.xz,8
DEC-LIN/normalized-PB10/oliveras/j90/normalized-j9018_1-unsat.opb.xz,8
DEC-LIN/normalized-PB10/oliveras/j90/normalized-j9018_10-sat.opb.xz,8
DEC-LIN/normalized-PB10/oliveras/j90/normalized-j9018_10-unsat.opb.xz,8
DEC-LIN/normalized-PB10/oliveras/j90/normalized-j9018_2-sat.opb.xz,8
DEC-LIN/normalized-PB10/oliveras/j90/normalized-j9018_2-unsat.opb.xz,8
DEC-LIN/normalized-PB10/oliveras/j90/normalized-j9018_3-sat.opb.xz,8
DEC-LIN/normalized-PB10/oliveras/j90/normalized-j9018_3-unsat.opb.xz,8
DEC-LIN/normalized-PB10/oliveras/j90/normalized-j9018_4-sat.opb.xz,8
DEC-LIN/normalized-PB10/oliveras/j90/normalized-j9018_4-unsat.opb.xz,8
DEC-LIN/normalized-PB10/oliveras/j90/normalized-j9018_5-sat.opb.xz,8
DEC-LIN/normalized-PB10/oliveras/j90/normalized-j9018_5-unsat.opb.xz,8
DEC-LIN/normalized-PB10/oliveras/j90/normalized-j9018_6-sat.opb.xz,8
DEC-LIN/normalized-PB10/oliveras/j90/normalized-j9018_6-unsat.opb.xz,8
DEC-LIN/normalized-PB10/oliveras/j90/normalized-j9018_7-sat.opb.xz,8
DEC-LIN/normalized-PB10/oliveras/j90/normalized-j9018_7-unsat.opb.xz,8
DEC-LIN/normalized-PB10/oliveras/j90/normalized-j9018_8-sat.opb.xz,8
DEC-LIN/normalized-PB10/oliveras/j90/normalized-j9018_8-unsat.opb.xz,8
DEC-LIN/normalized-PB10/oliveras/j90/normalized-j9018_9-sat.opb.xz,8
DEC-LIN/normalized-PB10/oliveras/j90/normalized-j9018_9-unsat.opb.xz,8
DEC-LIN/normalized-PB10/oliveras/j90/normalized-j9019_1-sat.opb.xz,8
DEC-LIN/normalized-PB10/oliveras/j90/normalized-j9019_1-unsat.opb.xz,8
DEC-LIN/normalized-PB10/oliveras/j90/normalized-j9019_10-sat.opb.xz,8
DEC-LIN/normalized-PB10/oliveras/j90/normalized-j9019_10-unsat.opb.xz,8
DEC-LIN/normalized-PB10/oliveras/j90/normalized-j9019_2-sat.opb.xz,8
DEC-LIN/normalized-PB10/oliveras/j90/normalized-j9019_2-unsat.opb.xz,8
DEC-LIN/normalized-PB10/oliveras/j90/normalized-j9019_3-sat.opb.xz,8
DEC-LIN/normalized-PB10/oliveras/j90/normalized-j9019_3-unsat.opb.xz,8
DEC-LIN/normalized-PB10/oliveras/j90/normalized-j9019_4-sat.opb.xz,8
DEC-LIN/normalized-PB10/oliveras/j90/normalized-j9019_4-unsat.opb.xz,8
DEC-LIN/normalized-PB10/oliveras/j90/normalized-j9019_5-sat.opb.xz,8
DEC-LIN/normalized-PB10/oliveras/j90/normalized-j9019_5-unsat.opb.xz,8
DEC-LIN/normalized-PB10/oliveras/j90/normalized-j9019_6-sat.opb.xz,8
DEC-LIN/normalized-PB10/oliveras/j90/normalized-j9019_6-unsat.opb.xz,8
DEC-LIN/normalized-PB10/oliveras/j90/normalized-j9019_7-sat.opb.xz,8
DEC-LIN/normalized-PB10/oliveras/j90/normalized-j9019_7-unsat.opb.xz,8
DEC-LIN/normalized-PB10/oliveras/j90/normalized-j9019_8-sat.opb.xz,8
DEC-LIN/normalized-PB10/oliveras/j90/normalized-j9019_8-unsat.opb.xz,8
DEC-LIN/normalized-PB10/oliveras/j90/normalized-j9019_9-sat.opb.xz,8
DEC-LIN/normalized-PB10/oliveras/j90/normalized-j9019_9-unsat.opb.xz,8
DEC-LIN/normalized-PB10/oliveras/j90/normalized-j901_1-sat.opb.xz,8
DEC-LIN/normalized-PB10/oliveras/j90/normalized-j901_1-unsat.opb.xz,8
DEC-LIN/normalized-PB10/oliveras/j90/normalized-j901_10-sat.opb.xz,8
DEC-LIN/normalized-PB10/oliveras/j90/normalized-j901_10-unsat.opb.xz,8
DEC-LIN/normalized-PB10/oliveras/j90/normalized-j901_2-sat.opb.xz,8
DEC-LIN/normalized-PB10/oliveras/j90/normalized-j901_2-unsat.opb.xz,8
DEC-LIN/normalized-PB10/oliveras/j90/normalized-j901_3-sat.opb.xz,8
DEC-LIN/normalized-PB10/oliveras/j90/normalized-j901_3-unsat.opb.xz,8
DEC-LIN/normalized-PB10/oliveras/j90/normalized-j901_4-sat.opb.xz,8
DEC-LIN/normalized-PB10/oliveras/j90/normalized-j901_4-unsat.opb.xz,8
DEC-LIN/normalized-PB10/oliveras/j90/normalized-j901_5-sat.opb.xz,8
DEC-LIN/normalized-PB10/oliveras/j90/normalized-j901_5-unsat.opb.xz,8
DEC-LIN/normalized-PB10/oliveras/j90/normalized-j901_6-sat.opb.xz,8
DEC-LIN/normalized-PB10/oliveras/j90/normalized-j901_6-unsat.opb.xz,8
DEC-LIN/normalized-PB10/oliveras/j90/normalized-j901_7-sat.opb.xz,8
DEC-LIN/normalized-PB10/oliveras/j90/normalized-j901_7-unsat.opb.xz,8
DEC-LIN/normalized-PB10/oliveras/j90/normalized-j901_8-sat.opb.xz,8
DEC-LIN/normalized-PB10/oliveras/j90/normalized-j901_8-unsat.opb.xz,8
DEC-LIN/normalized-PB10/oliveras/j90/normalized-j901_9-sat.opb.xz,8
DEC-LIN/normalized-PB10/oliveras/j90/normalized-j901_9-unsat.opb.xz,8
DEC-LIN/normalized-PB10/oliveras/j90/normalized-j9020_1-sat.opb.xz,8
DEC-LIN/normalized-PB10/oliveras/j90/normalized-j9020_1-unsat.opb.xz,8
DEC-LIN/normalized-PB10/oliveras/j90/normalized-j9020_10-sat.opb.xz,8
DEC-LIN/normalized-PB10/oliveras/j90/normalized-j9020_10-unsat.opb.xz,8
DEC-LIN/normalized-PB10/oliveras/j90/normalized-j9020_2-sat.opb.xz,8
DEC-LIN/normalized-PB10/oliveras/j90/normalized-j9020_2-unsat.opb.xz,8
DEC-LIN/normalized-PB10/oliveras/j90/normalized-j9020_3-sat.opb.xz,8
DEC-LIN/normalized-PB10/oliveras/j90/normalized-j9020_3-unsat.opb.xz,8
DEC-LIN/normalized-PB10/oliveras/j90/normalized-j9020_4-sat.opb.xz,8
DEC-LIN/normalized-PB10/oliveras/j90/normalized-j9020_4-unsat.opb.xz,8
DEC-LIN/normalized-PB10/oliveras/j90/normalized-j9020_5-sat.opb.xz,8
DEC-LIN/normalized-PB10/oliveras/j90/normalized-j9020_5-unsat.opb.xz,8
DEC-LIN/normalized-PB10/oliveras/j90/normalized-j9020_6-sat.opb.xz,8
DEC-LIN/normalized-PB10/oliveras/j90/normalized-j9020_6-unsat.opb.xz,8
DEC-LIN/normalized-PB10/oliveras/j90/normalized-j9020_7-sat.opb.xz,8
DEC-LIN/normalized-PB10/oliveras/j90/normalized-j9020_7-unsat.opb.xz,8
DEC-LIN/normalized-PB10/oliveras/j90/normalized-j9020_8-sat.opb.xz,8
DEC-LIN/normalized-PB10/oliveras/j90/normalized-j9020_8-unsat.opb.xz,8
DEC-LIN/normalized-PB10/oliveras/j90/normalized-j9020_9-sat.opb.xz,8
DEC-LIN/normalized-PB10/oliveras/j90/normalized-j9020_9-unsat.opb.xz,8
DEC-LIN/normalized-PB10/oliveras/j90/normalized-j9021_1-sat.opb.xz,9
DEC-LIN/normalized-PB10/oliveras/j90/normalized-j9021_1-unsat.opb.xz,9
DEC-LIN/normalized-PB10/oliveras/j90/normalized-j9021_10-sat.opb.xz,9
DEC-LIN/normalized-PB10/oliveras/j90/normalized-j9021_10-unsat.opb.xz,9
DEC-LIN/normalized-PB10/oliveras/j90/normalized-j9021_2-sat.opb.xz,9
DEC-LIN/normalized-PB10/oliveras/j90/normalized-j9021_2-unsat.opb.xz,9
DEC-LIN/normalized-PB10/oliveras/j90/normalized-j9021_3-sat.opb.xz,9
DEC-LIN/normalized-PB10/oliveras/j90/normalized-j9021_3-unsat.opb.xz,9
DEC-LIN/normalized-PB10/oliveras/j90/normalized-j9021_4-sat.opb.xz,9
DEC-LIN/normalized-PB10/oliveras/j90/normalized-j9021_4-unsat.opb.xz,9
DEC-LIN/normalized-PB10/oliveras/j90/normalized-j9021_5-sat.opb.xz,9
DEC-LIN/normalized-PB10/oliveras/j90/normalized-j9021_5-unsat.opb.xz,9
DEC-LIN/normalized-PB10/oliveras/j90/normalized-j9021_6-sat.opb.xz,9
DEC-LIN/normalized-PB10/oliveras/j90/normalized-j9021_6-unsat.opb.xz,9
DEC-LIN/normalized-PB10/oliveras/j90/normalized-j9021_7-sat.opb.xz,9
DEC-LIN/normalized-PB10/oliveras/j90/normalized-j9021_7-unsat.opb.xz,9
DEC-LIN/normalized-PB10/oliveras/j90/normalized-j9021_8-sat.opb.xz,9
DEC-LIN/normalized-PB10/oliveras/j90/normalized-j9021_8-unsat.opb.xz,9
DEC-LIN/normalized-PB10/oliveras/j90/normalized-j9021_9-sat.opb.xz,9
DEC-LIN/normalized-PB10/oliveras/j90/normalized-j9021_9-unsat.opb.xz,9
DEC-LIN/normalized-PB10/oliveras/j90/normalized-j9022_1-sat.opb.xz,9
DEC-LIN/normalized-PB10/oliveras/j90/normalized-j9022_1-unsat.opb.xz,9
DEC-LIN/normalized-PB10/oliveras/j90/normalized-j9022_10-sat.opb.xz,9
DEC-LIN/normalized-PB10/oliveras/j90/normalized-j9022_10-unsat.opb.xz,9
DEC-LIN/normalized-PB10/oliveras/j90/normalized-j9022_2-sat.opb.xz,9
DEC-LIN/normalized-PB10/oliveras/j90/normalized-j9022_2-unsat.opb.xz,9
DEC-LIN/normalized-PB10/oliveras/j90/normalized-j9022_3-sat.opb.xz,9
DEC-LIN/normalized-PB10/oliveras/j90/normalized-j9022_3-unsat.opb.xz,9
DEC-LIN/normalized-PB10/oliveras/j90/normalized-j9022_4-sat.opb.xz,9
DEC-LIN/normalized-PB10/oliveras/j90/normalized-j9022_4-unsat.opb.xz,9
DEC-LIN/normalized-PB10/oliveras/j90/normalized-j9022_5-sat.opb.xz,9
DEC-LIN/normalized-PB10/oliveras/j90/normalized-j9022_5-unsat.opb.xz,9
DEC-LIN/normalized-PB10/oliveras/j90/normalized-j9022_6-sat.opb.xz,9
DEC-LIN/normalized-PB10/oliveras/j90/normalized-j9022_6-unsat.opb.xz,9
DEC-LIN/normalized-PB10/oliveras/j90/normalized-j9022_7-sat.opb.xz,9
DEC-LIN/normalized-PB10/oliveras/j90/normalized-j9022_7-unsat.opb.xz,9
DEC-LIN/normalized-PB10/oliveras/j90/normalized-j9022_8-sat.opb.xz,9
DEC-LIN/normalized-PB10/oliveras/j90/normalized-j9022_8-unsat.opb.xz,9
DEC-LIN/normalized-PB10/oliveras/j90/normalized-j9022_9-sat.opb.xz,9
DEC-LIN/normalized-PB10/oliveras/j90/normalized-j9022_9-unsat.opb.xz,9
DEC-LIN/normalized-PB10/oliveras/j90/normalized-j9023_1-sat.opb.xz,9
DEC-LIN/normalized-PB10/oliveras/j90/normalized-j9023_1-unsat.opb.xz,9
DEC-LIN/normalized-PB10/oliveras/j90/normalized-j9023_10-sat.opb.xz,9
DEC-LIN/normalized-PB10/oliveras/j90/normalized-j9023_10-unsat.opb.xz,9
DEC-LIN/normalized-PB10/oliveras/j90/normalized-j9023_2-sat.opb.xz,9
DEC-LIN/normalized-PB10/oliveras/j90/normalized-j9023_2-unsat.opb.xz,9
DEC-LIN/normalized-PB10/oliveras/j90/normalized-j9023_3-sat.opb.xz,9
DEC-LIN/normalized-PB10/oliveras/j90/normalized-j9023_3-unsat.opb.xz,9
DEC-LIN/normalized-PB10/oliveras/j90/normalized-j9023_4-sat.opb.xz,9
DEC-LIN/normalized-PB10/oliveras/j90/normalized-j9023_4-unsat.opb.xz,9
DEC-LIN/normalized-PB10/oliveras/j90/normalized-j9023_5-sat.opb.xz,9
DEC-LIN/normalized-PB10/oliveras/j90/normalized-j9023_5-unsat.opb.xz,9
DEC-LIN/normalized-PB10/oliveras/j90/normalized-j9023_6-sat.opb.xz,9
DEC-LIN/normalized-PB10/oliveras/j90/normalized-j9023_6-unsat.opb.xz,9
DEC-LIN/normalized-PB10/oliveras/j90/normalized-j9023_7-sat.opb.xz,9
DEC-LIN/normalized-PB10/oliveras/j90/normalized-j9023_7-unsat.opb.xz,9
DEC-LIN/normalized-PB10/oliveras/j90/normalized-j9023_8-sat.opb.xz,9
DEC-LIN/normalized-PB10/oliveras/j90/normalized-j9023_8-unsat.opb.xz,9
DEC-LIN/normalized-PB10/oliveras/j90/normalized-j9023_9-sat.opb.xz,9
DEC-LIN/normalized-PB10/oliveras/j90/normalized-j9023_9-unsat.opb.xz,9
DEC-LIN/normalized-PB10/oliveras/j90/normalized-j9024_1-sat.opb.xz,9
DEC-LIN/normalized-PB10/oliveras/j90/normalized-j9024_1-unsat.opb.xz,9
DEC-LIN/normalized-PB10/oliveras/j90/normalized-j9024_10-sat.opb.xz,9
DEC-LIN/normalized-PB10/oliveras/j90/normalized-j9024_10-unsat.opb.xz,9
DEC-LIN/normalized-PB10/oliveras/j90/normalized-j9024_2-sat.opb.xz,9
DEC-LIN/normalized-PB10/oliveras/j90/normalized-j9024_2-unsat.opb.xz,9
DEC-LIN/normalized-PB10/oliveras/j90/normalized-j9024_3-sat.opb.xz,9
DEC-LIN/normalized-PB10/oliveras/j90/normalized-j9024_3-unsat.opb.xz,9
DEC-LIN/normalized-PB10/oliveras/j90/normalized-j9024_4-sat.opb.xz,9
DEC-LIN/normalized-PB10/oliveras/j90/normalized-j9024_4-unsat.opb.xz,9
DEC-LIN/normalized-PB10/oliveras/j90/normalized-j9024_5-sat.opb.xz,9
DEC-LIN/normalized-PB10/oliveras/j90/normalized-j9024_5-unsat.opb.xz,9
DEC-LIN/normalized-PB10/oliveras/j90/normalized-j9024_6-sat.opb.xz,9
DEC-LIN/normalized-PB10/oliveras/j90/normalized-j9024_6-unsat.opb.xz,9
DEC-LIN/normalized-PB10/oliveras/j90/normalized-j9024_7-sat.opb.xz,9
DEC-LIN/normalized-PB10/oliveras/j90/normalized-j9024_7-unsat.opb.xz,9
DEC-LIN/normalized-PB10/oliveras/j90/normalized-j9024_8-sat.opb.xz,9
DEC-LIN/normalized-PB10/oliveras/j90/normalized-j9024_8-unsat.opb.xz,9
DEC-LIN/normalized-PB10/oliveras/j90/normalized-j9024_9-sat.opb.xz,9
DEC-LIN/normalized-PB10/oliveras/j90/normalized-j9024_9-unsat.opb.xz,9
DEC-LIN/normalized-PB10/oliveras/j90/normalized-j9025_1-sat.opb.xz,9
DEC-LIN/normalized-PB10/oliveras/j90/normalized-j9025_1-unsat.opb.xz,9
DEC-LIN/normalized-PB10/oliveras/j90/normalized-j9025_10-sat.opb.xz,9
DEC-LIN/normalized-PB10/oliveras/j90/normalized-j9025_10-unsat.opb.xz,9
DEC-LIN/normalized-PB10/oliveras/j90/normalized-j9025_2-sat.opb.xz,9
DEC-LIN/normalized-PB10/oliveras/j90/normalized-j9025_2-unsat.opb.xz,9
DEC-LIN/normalized-PB10/oliveras/j90/normalized-j9025_3-sat.opb.xz,9
DEC-LIN/normalized-PB10/oliveras/j90/normalized-j9025_3-unsat.opb.xz,9
DEC-LIN/normalized-PB10/oliveras/j90/normalized-j9025_4-sat.opb.xz,9
DEC-LIN/normalized-PB10/oliveras/j90/normalized-j9025_4-unsat.opb.xz,9
DEC-LIN/normalized-PB10/oliveras/j90/normalized-j9025_5-sat.opb.xz,9
DEC-LIN/normalized-PB10/oliveras/j90/normalized-j9025_5-unsat.opb.xz,9
DEC-LIN/normalized-PB10/oliveras/j90/normalized-j9025_6-sat.opb.xz,9
DEC-LIN/normalized-PB10/oliveras/j90/normalized-j9025_6-unsat.opb.xz,9
DEC-LIN/normalized-PB10/oliveras/j90/normalized-j9025_7-sat.opb.xz,9
DEC-LIN/normalized-PB10/oliveras/j90/normalized-j9025_7-unsat.opb.xz,9
DEC-LIN/normalized-PB10/oliveras/j90/normalized-j9025_8-sat.opb.xz,9
DEC-LIN/normalized-PB10/oliveras/j90/normalized-j9025_8-unsat.opb.xz,9
DEC-LIN/normalized-PB10/oliveras/j90/normalized-j9025_9-sat.opb.xz,9
DEC-LIN/normalized-PB10/oliveras/j90/normalized-j9025_9-unsat.opb.xz,9
DEC-LIN/normalized-PB10/oliveras/j90/normalized-j9026_1-sat.opb.xz,9
DEC-LIN/normalized-PB10/oliveras/j90/normalized-j9026_1-unsat.opb.xz,9
DEC-LIN/normalized-PB10/oliveras/j90/normalized-j9026_10-sat.opb.xz,9
DEC-LIN/normalized-PB10/oliveras/j90/normalized-j9026_10-unsat.opb.xz,9
DEC-LIN/normalized-PB10/oliveras/j90/normalized-j9026_2-sat.opb.xz,9
DEC-LIN/normalized-PB10/oliveras/j90/normalized-j9026_2-unsat.opb.xz,9
DEC-LIN/normalized-PB10/oliveras/j90/normalized-j9026_3-sat.opb.xz,9
DEC-LIN/normalized-PB10/oliveras/j90/normalized-j9026_3-unsat.opb.xz,9
DEC-LIN/normalized-PB10/oliveras/j90/normalized-j9026_4-sat.opb.xz,9
DEC-LIN/normalized-PB10/oliveras/j90/normalized-j9026_4-unsat.opb.xz,9
DEC-LIN/normalized-PB10/oliveras/j90/normalized-j9026_5-sat.opb.xz,9
DEC-LIN/normalized-PB10/oliveras/j90/normalized-j9026_5-unsat.opb.xz,9
DEC-LIN/normalized-PB10/oliveras/j90/normalized-j9026_6-sat.opb.xz,9
DEC-LIN/normalized-PB10/oliveras/j90/normalized-j9026_6-unsat.opb.xz,9
DEC-LIN/normalized-PB10/oliveras/j90/normalized-j9026_7-sat.opb.xz,9
DEC-LIN/normalized-PB10/oliveras/j90/normalized-j9026_7-unsat.opb.xz,9
DEC-LIN/normalized-PB10/oliveras/j90/normalized-j9026_8-sat.opb.xz,9
DEC-LIN/normalized-PB10/oliveras/j90/normalized-j9026_8-unsat.opb.xz,9
DEC-LIN/normalized-PB10/oliveras/j90/normalized-j9026_9-sat.opb.xz,9
DEC-LIN/normalized-PB10/oliveras/j90/normalized-j9026_9-unsat.opb.xz,9
DEC-LIN/normalized-PB10/oliveras/j90/normalized-j9027_1-sat.opb.xz,9
DEC-LIN/normalized-PB10/oliveras/j90/normalized-j9027_1-unsat.opb.xz,9
DEC-LIN/normalized-PB10/oliveras/j90/normalized-j9027_10-sat.opb.xz,9
DEC-LIN/normalized-PB10/oliveras/j90/normalized-j9027_10-unsat.opb.xz,9
DEC-LIN/normalized-PB10/oliveras/j90/normalized-j9027_2-sat.opb.xz,9
DEC-LIN/normalized-PB10/oliveras/j90/normalized-j9027_2-unsat.opb.xz,9
DEC-LIN/normalized-PB10/oliveras/j90/normalized-j9027_3-sat.opb.xz,9
DEC-LIN/normalized-PB10/oliveras/j90/normalized-j9027_3-unsat.opb.xz,9
DEC-LIN/normalized-PB10/oliveras/j90/normalized-j9027_4-sat.opb.xz,9
DEC-LIN/normalized-PB10/oliveras/j90/normalized-j9027_4-unsat.opb.xz,9
DEC-LIN/normalized-PB10/oliveras/j90/normalized-j9027_5-sat.opb.xz,9
DEC-LIN/normalized-PB10/oliveras/j90/normalized-j9027_5-unsat.opb.xz,9
DEC-LIN/normalized-PB10/oliveras/j90/normalized-j9027_6-sat.opb.xz,9
DEC-LIN/normalized-PB10/oliveras/j90/normalized-j9027_6-unsat.opb.xz,9
DEC-LIN/normalized-PB10/oliveras/j90/normalized-j9027_7-sat.opb.xz,9
DEC-LIN/normalized-PB10/oliveras/j90/normalized-j9027_7-unsat.opb.xz,9
DEC-LIN/normalized-PB10/oliveras/j90/normalized-j9027_8-sat.opb.xz,9
DEC-LIN/normalized-PB10/oliveras/j90/normalized-j9027_8-unsat.opb.xz,9
DEC-LIN/normalized-PB10/oliveras/j90/normalized-j9027_9-sat.opb.xz,9
DEC-LIN/normalized-PB10/oliveras/j90/normalized-j9027_9-unsat.opb.xz,9
DEC-LIN/normalized-PB10/oliveras/j90/normalized-j9028_1-sat.opb.xz,9
DEC-LIN/normalized-PB10/oliveras/j90/normalized-j9028_1-unsat.opb.xz,9
DEC-LIN/normalized-PB10/oliveras/j90/normalized-j9028_10-sat.opb.xz,9
DEC-LIN/normalized-PB10/oliveras/j90/normalized-j9028_10-unsat.opb.xz,9
DEC-LIN/normalized-PB10/oliveras/j90/normalized-j9028_2-sat.opb.xz,9
DEC-LIN/normalized-PB10/oliveras/j90/normalized-j9028_2-unsat.opb.xz,9
DEC-LIN/normalized-PB10/oliveras/j90/normalized-j9028_3-sat.opb.xz,9
DEC-LIN/normalized-PB10/oliveras/j90/normalized-j9028_3-unsat.opb.xz,9
DEC-LIN/normalized-PB10/oliveras/j90/normalized-j9028_4-sat.opb.xz,9
DEC-LIN/normalized-PB10/oliveras/j90/normalized-j9028_4-unsat.opb.xz,9
DEC-LIN/normalized-PB10/oliveras/j90/normalized-j9028_5-sat.opb.xz,10
DEC-LIN/normalized-PB10/oliveras/j90/normalized-j9028_5-unsat.opb.xz,10
DEC-LIN/normalized-PB10/oliveras/j90/normalized-j9028_6-sat.opb.xz,9
DEC-LIN/normalized-PB10/oliveras/j90/normalized-j9028_6-unsat.opb.xz,9
DEC-LIN/normalized-PB10/oliveras/j90/normalized-j9028_7-sat.opb.xz,9
DEC-LIN/normalized-PB10/oliveras/j90/normalized-j9028_7-unsat.opb.xz,9
DEC-LIN/normalized-PB10/oliveras/j90/normalized-j9028_8-sat.opb.xz,9
DEC-LIN/normalized-PB10/oliveras/j90/normalized-j9028_8-unsat.opb.xz,9
DEC-LIN/normalized-PB10/oliveras/j90/normalized-j9028_9-sat.opb.xz,9
DEC-LIN/normalized-PB10/oliveras/j90/normalized-j9028_9-unsat.opb.xz,9
DEC-LIN/normalized-PB10/oliveras/j90/normalized-j9029_1-sat.opb.xz,10
DEC-LIN/normalized-PB10/oliveras/j90/normalized-j9029_1-unsat.opb.xz,10
DEC-LIN/normalized-PB10/oliveras/j90/normalized-j9029_10-sat.opb.xz,9
DEC-LIN/normalized-PB10/oliveras/j90/normalized-j9029_10-unsat.opb.xz,9
DEC-LIN/normalized-PB10/oliveras/j90/normalized-j9029_2-sat.opb.xz,10
DEC-LIN/normalized-PB10/oliveras/j90/normalized-j9029_2-unsat.opb.xz,10
DEC-LIN/normalized-PB10/oliveras/j90/normalized-j9029_3-sat.opb.xz,10
DEC-LIN/normalized-PB10/oliveras/j90/normalized-j9029_3-unsat.opb.xz,10
DEC-LIN/normalized-PB10/oliveras/j90/normalized-j9029_4-sat.opb.xz,10
DEC-LIN/normalized-PB10/oliveras/j90/normalized-j9029_4-unsat.opb.xz,10
DEC-LIN/normalized-PB10/oliveras/j90/normalized-j9029_5-sat.opb.xz,10
DEC-LIN/normalized-PB10/oliveras/j90/normalized-j9029_5-unsat.opb.xz,10
DEC-LIN/normalized-PB10/oliveras/j90/normalized-j9029_6-sat.opb.xz,10
DEC-LIN/normalized-PB10/oliveras/j90/normalized-j9029_6-unsat.opb.xz,10
DEC-LIN/normalized-PB10/oliveras/j90/normalized-j9029_7-sat.opb.xz,10
DEC-LIN/normalized-PB10/oliveras/j90/normalized-j9029_7-unsat.opb.xz,10
DEC-LIN/normalized-PB10/oliveras/j90/normalized-j9029_8-sat.opb.xz,10
DEC-LIN/normalized-PB10/oliveras/j90/normalized-j9029_8-unsat.opb.xz,10
DEC-LIN/normalized-PB10/oliveras/j90/normalized-j9029_9-sat.opb.xz,10
DEC-LIN/normalized-PB10/oliveras/j90/normalized-j9029_9-unsat.opb.xz,10
DEC-LIN/normalized-PB10/oliveras/j90/normalized-j902_1-sat.opb.xz,8
DEC-LIN/normalized-PB10/oliveras/j90/normalized-j902_1-unsat.opb.xz,8
DEC-LIN/normalized-PB10/oliveras/j90/normalized-j902_10-sat.opb.xz,8
DEC-LIN/normalized-PB10/oliveras/j90/normalized-j902_10-unsat.opb.xz,8
DEC-LIN/normalized-PB10/oliveras/j90/normalized-j902_2-sat.opb.xz,8
DEC-LIN/normalized-PB10/oliveras/j90/normalized-j902_2-unsat.opb.xz,8
DEC-LIN/normalized-PB10/oliveras/j90/normalized-j902_3-sat.opb.xz,8
DEC-LIN/normalized-PB10/oliveras/j90/normalized-j902_3-unsat.opb.xz,8
DEC-LIN/normalized-PB10/oliveras/j90/normalized-j902_4-sat.opb.xz,8
DEC-LIN/normalized-PB10/oliveras/j90/normalized-j902_4-unsat.opb.xz,8
DEC-LIN/normalized-PB10/oliveras/j90/normalized-j902_5-sat.opb.xz,8
DEC-LIN/normalized-PB10/oliveras/j90/normalized-j902_5-unsat.opb.xz,8
DEC-LIN/normalized-PB10/oliveras/j90/normalized-j902_6-sat.opb.xz,8
DEC-LIN/normalized-PB10/oliveras/j90/normalized-j902_6-unsat.opb.xz,8
DEC-LIN/normalized-PB10/oliveras/j90/normalized-j902_7-sat.opb.xz,8
DEC-LIN/normalized-PB10/oliveras/j90/normalized-j902_7-unsat.opb.xz,8
DEC-LIN/normalized-PB10/oliveras/j90/normalized-j902_8-sat.opb.xz,8
DEC-LIN/normalized-PB10/oliveras/j90/normalized-j902_8-unsat.opb.xz,8
DEC-LIN/normalized-PB10/oliveras/j90/normalized-j902_9-sat.opb.xz,8
DEC-LIN/normalized-PB10/oliveras/j90/normalized-j902_9-unsat.opb.xz,8
DEC-LIN/normalized-PB10/oliveras/j90/normalized-j9030_1-sat.opb.xz,10
DEC-LIN/normalized-PB10/oliveras/j90/normalized-j9030_1-unsat.opb.xz,10
DEC-LIN/normalized-PB10/oliveras/j90/normalized-j9030_10-sat.opb.xz,10
DEC-LIN/normalized-PB10/oliveras/j90/normalized-j9030_10-unsat.opb.xz,10
DEC-LIN/normalized-PB10/oliveras/j90/normalized-j9030_2-sat.opb.xz,10
DEC-LIN/normalized-PB10/oliveras/j90/normalized-j9030_2-unsat.opb.xz,10
DEC-LIN/normalized-PB10/oliveras/j90/normalized-j9030_3-sat.opb.xz,10
DEC-LIN/normalized-PB10/oliveras/j90/normalized-j9030_3-unsat.opb.xz,10
DEC-LIN/normalized-PB10/oliveras/j90/normalized-j9030_4-sat.opb.xz,10
DEC-LIN/normalized-PB10/oliveras/j90/normalized-j9030_4-unsat.opb.xz,10
DEC-LIN/normalized-PB10/oliveras/j90/normalized-j9030_5-sat.opb.xz,10
DEC-LIN/normalized-PB10/oliveras/j90/normalized-j9030_5-unsat.opb.xz,10
DEC-LIN/normalized-PB10/oliveras/j90/normalized-j9030_6-sat.opb.xz,10
DEC-LIN/normalized-PB10/oliveras/j90/normalized-j9030_6-unsat.opb.xz,10
DEC-LIN/normalized-PB10/oliveras/j90/normalized-j9030_7-sat.opb.xz,10
DEC-LIN/normalized-PB10/oliveras/j90/normalized-j9030_7-unsat.opb.xz,10
DEC-LIN/normalized-PB10/oliveras/j90/normalized-j9030_8-sat.opb.xz,10
DEC-LIN/normalized-PB10/oliveras/j90/normalized-j9030_8-unsat.opb.xz,10
DEC-LIN/normalized-PB10/oliveras/j90/normalized-j9030_9-sat.opb.xz,10
DEC-LIN/normalized-PB10/oliveras/j90/normalized-j9030_9-unsat.opb.xz,10
DEC-LIN/normalized-PB10/oliveras/j90/normalized-j9031_1-sat.opb.xz,10
DEC-LIN/normalized-PB10/oliveras/j90/normalized-j9031_1-unsat.opb.xz,10
DEC-LIN/normalized-PB10/oliveras/j90/normalized-j9031_10-sat.opb.xz,10
DEC-LIN/normalized-PB10/oliveras/j90/normalized-j9031_10-unsat.opb.xz,10
DEC-LIN/normalized-PB10/oliveras/j90/normalized-j9031_2-sat.opb.xz,10
DEC-LIN/normalized-PB10/oliveras/j90/normalized-j9031_2-unsat.opb.xz,10
DEC-LIN/normalized-PB10/oliveras/j90/normalized-j9031_3-sat.opb.xz,10
DEC-LIN/normalized-PB10/oliveras/j90/normalized-j9031_3-unsat.opb.xz,10
DEC-LIN/normalized-PB10/oliveras/j90/normalized-j9031_4-sat.opb.xz,10
DEC-LIN/normalized-PB10/oliveras/j90/normalized-j9031_4-unsat.opb.xz,10
DEC-LIN/normalized-PB10/oliveras/j90/normalized-j9031_5-sat.opb.xz,10
DEC-LIN/normalized-PB10/oliveras/j90/normalized-j9031_5-unsat.opb.xz,10
DEC-LIN/normalized-PB10/oliveras/j90/normalized-j9031_6-sat.opb.xz,10
DEC-LIN/normalized-PB10/oliveras/j90/normalized-j9031_6-unsat.opb.xz,10
DEC-LIN/normalized-PB10/oliveras/j90/normalized-j9031_7-sat.opb.xz,10
DEC-LIN/normalized-PB10/oliveras/j90/normalized-j9031_7-unsat.opb.xz,10
DEC-LIN/normalized-PB10/oliveras/j90/normalized-j9031_8-sat.opb.xz,10
DEC-LIN/normalized-PB10/oliveras/j90/normalized-j9031_8-unsat.opb.xz,10
DEC-LIN/normalized-PB10/oliveras/j90/normalized-j9031_9-sat.opb.xz,10
DEC-LIN/normalized-PB10/oliveras/j90/normalized-j9031_9-unsat.opb.xz,10
DEC-LIN/normalized-PB10/oliveras/j90/normalized-j9032_1-sat.opb.xz,10
DEC-LIN/normalized-PB10/oliveras/j90/normalized-j9032_1-unsat.opb.xz,10
DEC-LIN/normalized-PB10/oliveras/j90/normalized-j9032_10-sat.opb.xz,10
DEC-LIN/normalized-PB10/oliveras/j90/normalized-j9032_10-unsat.opb.xz,10
DEC-LIN/normalized-PB10/oliveras/j90/normalized-j9032_2-sat.opb.xz,10
DEC-LIN/normalized-PB10/oliveras/j90/normalized-j9032_2-unsat.opb.xz,10
DEC-LIN/normalized-PB10/oliveras/j90/normalized-j9032_3-sat.opb.xz,10
DEC-LIN/normalized-PB10/oliveras/j90/normalized-j9032_3-unsat.opb.xz,10
DEC-LIN/normalized-PB10/oliveras/j90/normalized-j9032_4-sat.opb.xz,10
DEC-LIN/normalized-PB10/oliveras/j90/normalized-j9032_4-unsat.opb.xz,10
DEC-LIN/normalized-PB10/oliveras/j90/normalized-j9032_5-sat.opb.xz,10
DEC-LIN/normalized-PB10/oliveras/j90/normalized-j9032_5-unsat.opb.xz,10
DEC-LIN/normalized-PB10/oliveras/j90/normalized-j9032_6-sat.opb.xz,10
DEC-LIN/normalized-PB10/oliveras/j90/normalized-j9032_6-unsat.opb.xz,10
DEC-LIN/normalized-PB10/oliveras/j90/normalized-j9032_7-sat.opb.xz,10
DEC-LIN/normalized-PB10/oliveras/j90/normalized-j9032_7-unsat.opb.xz,10
DEC-LIN/normalized-PB10/oliveras/j90/normalized-j9032_8-sat.opb.xz,10
DEC-LIN/normalized-PB10/oliveras/j90/normalized-j9032_8-unsat.opb.xz,10
DEC-LIN/normalized-PB10/oliveras/j90/normalized-j9032_9-sat.opb.xz,10
DEC-LIN/normalized-PB10/oliveras/j90/normalized-j9032_9-unsat.opb.xz,10
DEC-LIN/normalized-PB10/oliveras/j90/normalized-j9033_1-sat.opb.xz,8
DEC-LIN/normalized-PB10/oliveras/j90/normalized-j9033_1-unsat.opb.xz,8
DEC-LIN/normalized-PB10/oliveras/j90/normalized-j9033_10-sat.opb.xz,8
DEC-LIN/normalized-PB10/oliveras/j90/normalized-j9033_10-unsat.opb.xz,8
DEC-LIN/normalized-PB10/oliveras/j90/normalized-j9033_2-sat.opb.xz,8
DEC-LIN/normalized-PB10/oliveras/j90/normalized-j9033_2-unsat.opb.xz,8
DEC-LIN/normalized-PB10/oliveras/j90/normalized-j9033_3-sat.opb.xz,8
DEC-LIN/normalized-PB10/oliveras/j90/normalized-j9033_3-unsat.opb.xz,8
DEC-LIN/normalized-PB10/oliveras/j90/normalized-j9033_4-sat.opb.xz,8
DEC-LIN/normalized-PB10/oliveras/j90/normalized-j9033_4-unsat.opb.xz,8
DEC-LIN/normalized-PB10/oliveras/j90/normalized-j9033_5-sat.opb.xz,8
DEC-LIN/normalized-PB10/oliveras/j90/normalized-j9033_5-unsat.opb.xz,8
DEC-LIN/normalized-PB10/oliveras/j90/normalized-j9033_6-sat.opb.xz,8
DEC-LIN/normalized-PB10/oliveras/j90/normalized-j9033_6-unsat.opb.xz,8
DEC-LIN/normalized-PB10/oliveras/j90/normalized-j9033_7-sat.opb.xz,8
DEC-LIN/normalized-PB10/oliveras/j90/normalized-j9033_7-unsat.opb.xz,8
DEC-LIN/normalized-PB10/oliveras/j90/normalized-j9033_8-sat.opb.xz,8
DEC-LIN/normalized-PB10/oliveras/j90/normalized-j9033_8-unsat.opb.xz,8
DEC-LIN/normalized-PB10/oliveras/j90/normalized-j9033_9-sat.opb.xz,8
DEC-LIN/normalized-PB10/oliveras/j90/normalized-j9033_9-unsat.opb.xz,8
DEC-LIN/normalized-PB10/oliveras/j90/normalized-j9034_1-sat.opb.xz,8
DEC-LIN/normalized-PB10/oliveras/j90/normalized-j9034_1-unsat.opb.xz,8
DEC-LIN/normalized-PB10/oliveras/j90/normalized-j9034_10-sat.opb.xz,8
DEC-LIN/normalized-PB10/oliveras/j90/normalized-j9034_10-unsat.opb.xz,8
DEC-LIN/normalized-PB10/oliveras/j90/normalized-j9034_2-sat.opb.xz,8
DEC-LIN/normalized-PB10/oliveras/j90/normalized-j9034_2-unsat.opb.xz,8
DEC-LIN/normalized-PB10/oliveras/j90/normalized-j9034_3-sat.opb.xz,8
DEC-LIN/normalized-PB10/oliveras/j90/normalized-j9034_3-unsat.opb.xz,8
DEC-LIN/normalized-PB10/oliveras/j90/normalized-j9034_4-sat.opb.xz,8
DEC-LIN/normalized-PB10/oliveras/j90/normalized-j9034_4-unsat.opb.xz,8
DEC-LIN/normalized-PB10/oliveras/j90/normalized-j9034_5-sat.opb.xz,8
DEC-LIN/normalized-PB10/oliveras/j90/normalized-j9034_5-unsat.opb.xz,8
DEC-LIN/normalized-PB10/oliveras/j90/normalized-j9034_6-sat.opb.xz,8
DEC-LIN/normalized-PB10/oliveras/j90/normalized-j9034_6-unsat.opb.xz,8
DEC-LIN/normalized-PB10/oliveras/j90/normalized-j9034_7-sat.opb.xz,8
DEC-LIN/normalized-PB10/oliveras/j90/normalized-j9034_7-unsat.opb.xz,8
DEC-LIN/normalized-PB10/oliveras/j90/normalized-j9034_8-sat.opb.xz,8
DEC-LIN/normalized-PB10/oliveras/j90/normalized-j9034_8-unsat.opb.xz,8
DEC-LIN/normalized-PB10/oliveras/j90/normalized-j9034_9-sat.opb.xz,8
DEC-LIN/normalized-PB10/oliveras/j90/normalized-j9034_9-unsat.opb.xz,8
DEC-LIN/normalized-PB10/oliveras/j90/normalized-j9035_1-sat.opb.xz,8
DEC-LIN/normalized-PB10/oliveras/j90/normalized-j9035_1-unsat.opb.xz,8
DEC-LIN/normalized-PB10/oliveras/j90/normalized-j9035_10-sat.opb.xz,8
DEC-LIN/normalized-PB10/oliveras/j90/normalized-j9035_10-unsat.opb.xz,8
DEC-LIN/normalized-PB10/oliveras/j90/normalized-j9035_2-sat.opb.xz,8
DEC-LIN/normalized-PB10/oliveras/j90/normalized-j9035_2-unsat.opb.xz,8
DEC-LIN/normalized-PB10/oliveras/j90/normalized-j9035_3-sat.opb.xz,8
DEC-LIN/normalized-PB10/oliveras/j90/normalized-j9035_3-unsat.opb.xz,8
DEC-LIN/normalized-PB10/oliveras/j90/normalized-j9035_4-sat.opb.xz,8
DEC-LIN/normalized-PB10/oliveras/j90/normalized-j9035_4-unsat.opb.xz,8
DEC-LIN/normalized-PB10/oliveras/j90/normalized-j9035_5-sat.opb.xz,8
DEC-LIN/normalized-PB10/oliveras/j90/normalized-j9035_5-unsat.opb.xz,8
DEC-LIN/normalized-PB10/oliveras/j90/normalized-j9035_6-sat.opb.xz,8
DEC-LIN/normalized-PB10/oliveras/j90/normalized-j9035_6-unsat.opb.xz,8
DEC-LIN/normalized-PB10/oliveras/j90/normalized-j9035_7-sat.opb.xz,8
DEC-LIN/normalized-PB10/oliveras/j90/normalized-j9035_7-unsat.opb.xz,8
DEC-LIN/normalized-PB10/oliveras/j90/normalized-j9035_8-sat.opb.xz,8
DEC-LIN/normalized-PB10/oliveras/j90/normalized-j9035_8-unsat.opb.xz,8
DEC-LIN/normalized-PB10/oliveras/j90/normalized-j9035_9-sat.opb.xz,8
DEC-LIN/normalized-PB10/oliveras/j90/normalized-j9035_9-unsat.opb.xz,8
DEC-LIN/normalized-PB10/oliveras/j90/normalized-j9036_1-sat.opb.xz,8
DEC-LIN/normalized-PB10/oliveras/j90/normalized-j9036_1-unsat.opb.xz,8
DEC-LIN/normalized-PB10/oliveras/j90/normalized-j9036_10-sat.opb.xz,8
DEC-LIN/normalized-PB10/oliveras/j90/normalized-j9036_10-unsat.opb.xz,8
DEC-LIN/normalized-PB10/oliveras/j90/normalized-j9036_2-sat.opb.xz,8
DEC-LIN/normalized-PB10/oliveras/j90/normalized-j9036_2-unsat.opb.xz,8
DEC-LIN/normalized-PB10/oliveras/j90/normalized-j9036_3-sat.opb.xz,8
DEC-LIN/normalized-PB10/oliveras/j90/normalized-j9036_3-unsat.opb.xz,8
DEC-LIN/normalized-PB10/oliveras/j90/normalized-j9036_4-sat.opb.xz,8
DEC-LIN/normalized-PB10/oliveras/j90/normalized-j9036_4-unsat.opb.xz,8
DEC-LIN/normalized-PB10/oliveras/j90/normalized-j9036_5-sat.opb.xz,8
DEC-LIN/normalized-PB10/oliveras/j90/normalized-j9036_5-unsat.opb.xz,8
DEC-LIN/normalized-PB10/oliveras/j90/normalized-j9036_6-sat.opb.xz,8
DEC-LIN/normalized-PB10/oliveras/j90/normalized-j9036_6-unsat.opb.xz,8
DEC-LIN/normalized-PB10/oliveras/j90/normalized-j9036_7-sat.opb.xz,8
DEC-LIN/normalized-PB10/oliveras/j90/normalized-j9036_7-unsat.opb.xz,8
DEC-LIN/normalized-PB10/oliveras/j90/normalized-j9036_8-sat.opb.xz,8
DEC-LIN/normalized-PB10/oliveras/j90/normalized-j9036_8-unsat.opb.xz,8
DEC-LIN/normalized-PB10/oliveras/j90/normalized-j9036_9-sat.opb.xz,8
DEC-LIN/normalized-PB10/oliveras/j90/normalized-j9036_9-unsat.opb.xz,8
DEC-LIN/normalized-PB10/oliveras/j90/normalized-j9037_1-sat.opb.xz,9
DEC-LIN/normalized-PB10/oliveras/j90/normalized-j9037_1-unsat.opb.xz,9
DEC-LIN/normalized-PB10/oliveras/j90/normalized-j9037_10-sat.opb.xz,9
DEC-LIN/normalized-PB10/oliveras/j90/normalized-j9037_10-unsat.opb.xz,9
DEC-LIN/normalized-PB10/oliveras/j90/normalized-j9037_2-sat.opb.xz,9
DEC-LIN/normalized-PB10/oliveras/j90/normalized-j9037_2-unsat.opb.xz,9
DEC-LIN/normalized-PB10/oliveras/j90/normalized-j9037_3-sat.opb.xz,9
DEC-LIN/normalized-PB10/oliveras/j90/normalized-j9037_3-unsat.opb.xz,9
DEC-LIN/normalized-PB10/oliveras/j90/normalized-j9037_4-sat.opb.xz,9
DEC-LIN/normalized-PB10/oliveras/j90/normalized-j9037_4-unsat.opb.xz,9
DEC-LIN/normalized-PB10/oliveras/j90/normalized-j9037_5-sat.opb.xz,9
DEC-LIN/normalized-PB10/oliveras/j90/normalized-j9037_5-unsat.opb.xz,9
DEC-LIN/normalized-PB10/oliveras/j90/normalized-j9037_6-sat.opb.xz,9
DEC-LIN/normalized-PB10/oliveras/j90/normalized-j9037_6-unsat.opb.xz,9
DEC-LIN/normalized-PB10/oliveras/j90/normalized-j9037_7-sat.opb.xz,9
DEC-LIN/normalized-PB10/oliveras/j90/normalized-j9037_7-unsat.opb.xz,9
DEC-LIN/normalized-PB10/oliveras/j90/normalized-j9037_8-sat.opb.xz,9
DEC-LIN/normalized-PB10/oliveras/j90/normalized-j9037_8-unsat.opb.xz,9
DEC-LIN/normalized-PB10/oliveras/j90/normalized-j9037_9-sat.opb.xz,9
DEC-LIN/normalized-PB10/oliveras/j90/normalized-j9037_9-unsat.opb.xz,9
DEC-LIN/normalized-PB10/oliveras/j90/normalized-j9038_1-sat.opb.xz,9
DEC-LIN/normalized-PB10/oliveras/j90/normalized-j9038_1-unsat.opb.xz,9
DEC-LIN/normalized-PB10/oliveras/j90/normalized-j9038_10-sat.opb.xz,9
DEC-LIN/normalized-PB10/oliveras/j90/normalized-j9038_10-unsat.opb.xz,9
DEC-LIN/normalized-PB10/oliveras/j90/normalized-j9038_2-sat.opb.xz,9
DEC-LIN/normalized-PB10/oliveras/j90/normalized-j9038_2-unsat.opb.xz,9
DEC-LIN/normalized-PB10/oliveras/j90/normalized-j9038_3-sat.opb.xz,9
DEC-LIN/normalized-PB10/oliveras/j90/normalized-j9038_3-unsat.opb.xz,9
DEC-LIN/normalized-PB10/oliveras/j90/normalized-j9038_4-sat.opb.xz,9
DEC-LIN/normalized-PB10/oliveras/j90/normalized-j9038_4-unsat.opb.xz,9
DEC-LIN/normalized-PB10/oliveras/j90/normalized-j9038_5-sat.opb.xz,9
DEC-LIN/normalized-PB10/oliveras/j90/normalized-j9038_5-unsat.opb.xz,9
DEC-LIN/normalized-PB10/oliveras/j90/normalized-j9038_6-sat.opb.xz,9
DEC-LIN/normalized-PB10/oliveras/j90/normalized-j9038_6-unsat.opb.xz,9
DEC-LIN/normalized-PB10/oliveras/j90/normalized-j9038_7-sat.opb.xz,9
DEC-LIN/normalized-PB10/oliveras/j90/normalized-j9038_7-unsat.opb.xz,9
DEC-LIN/normalized-PB10/oliveras/j90/normalized-j9038_8-sat.opb.xz,9
DEC-LIN/normalized-PB10/oliveras/j90/normalized-j9038_8-unsat.opb.xz,9
DEC-LIN/normalized-PB10/oliveras/j90/normalized-j9038_9-sat.opb.xz,9
DEC-LIN/normalized-PB10/oliveras/j90/normalized-j9038_9-unsat.opb.xz,9
DEC-LIN/normalized-PB10/oliveras/j90/normalized-j9039_1-sat.opb.xz,9
DEC-LIN/normalized-PB10/oliveras/j90/normalized-j9039_1-unsat.opb.xz,9
DEC-LIN/normalized-PB10/oliveras/j90/normalized-j9039_10-sat.opb.xz,9
DEC-LIN/normalized-PB10/oliveras/j90/normalized-j9039_10-unsat.opb.xz,9
DEC-LIN/normalized-PB10/oliveras/j90/normalized-j9039_2-sat.opb.xz,9
DEC-LIN/normalized-PB10/oliveras/j90/normalized-j9039_2-unsat.opb.xz,9
DEC-LIN/normalized-PB10/oliveras/j90/normalized-j9039_3-sat.opb.xz,9
DEC-LIN/normalized-PB10/oliveras/j90/normalized-j9039_3-unsat.opb.xz,9
DEC-LIN/normalized-PB10/oliveras/j90/normalized-j9039_4-sat.opb.xz,9
DEC-LIN/normalized-PB10/oliveras/j90/normalized-j9039_4-unsat.opb.xz,9
DEC-LIN/normalized-PB10/oliveras/j90/normalized-j9039_5-sat.opb.xz,9
DEC-LIN/normalized-PB10/oliveras/j90/normalized-j9039_5-unsat.opb.xz,9
DEC-LIN/normalized-PB10/oliveras/j90/normalized-j9039_6-sat.opb.xz,9
DEC-LIN/normalized-PB10/oliveras/j90/normalized-j9039_6-unsat.opb.xz,9
DEC-LIN/normalized-PB10/oliveras/j90/normalized-j9039_7-sat.opb.xz,9
DEC-LIN/normalized-PB10/oliveras/j90/normalized-j9039_7-unsat.opb.xz,9
DEC-LIN/normalized-PB10/oliveras/j90/normalized-j9039_8-sat.opb.xz,9
DEC-LIN/normalized-PB10/oliveras/j90/normalized-j9039_8-unsat.opb.xz,9
DEC-LIN/normalized-PB10/oliveras/j90/normalized-j9039_9-sat.opb.xz,9
DEC-LIN/normalized-PB10/oliveras/j90/normalized-j9039_9-unsat.opb.xz,9
DEC-LIN/normalized-PB10/oliveras/j90/normalized-j903_1-sat.opb.xz,8
DEC-LIN/normalized-PB10/oliveras/j90/normalized-j903_1-unsat.opb.xz,8
DEC-LIN/normalized-PB10/oliveras/j90/normalized-j903_10-sat.opb.xz,8
DEC-LIN/normalized-PB10/oliveras/j90/normalized-j903_10-unsat.opb.xz,8
DEC-LIN/normalized-PB10/oliveras/j90/normalized-j903_2-sat.opb.xz,8
DEC-LIN/normalized-PB10/oliveras/j90/normalized-j903_2-unsat.opb.xz,8
DEC-LIN/normalized-PB10/oliveras/j90/normalized-j903_3-sat.opb.xz,8
DEC-LIN/normalized-PB10/oliveras/j90/normalized-j903_3-unsat.opb.xz,8
DEC-LIN/normalized-PB10/oliveras/j90/normalized-j903_4-sat.opb.xz,8
DEC-LIN/normalized-PB10/oliveras/j90/normalized-j903_4-unsat.opb.xz,8
DEC-LIN/normalized-PB10/oliveras/j90/normalized-j903_5-sat.opb.xz,8
DEC-LIN/normalized-PB10/oliveras/j90/normalized-j903_5-unsat.opb.xz,8
DEC-LIN/normalized-PB10/oliveras/j90/normalized-j903_6-sat.opb.xz,8
DEC-LIN/normalized-PB10/oliveras/j90/normalized-j903_6-unsat.opb.xz,8
DEC-LIN/normalized-PB10/oliveras/j90/normalized-j903_7-sat.opb.xz,8
DEC-LIN/normalized-PB10/oliveras/j90/normalized-j903_7-unsat.opb.xz,8
DEC-LIN/normalized-PB10/oliveras/j90/normalized-j903_8-sat.opb.xz,8
DEC-LIN/normalized-PB10/oliveras/j90/normalized-j903_8-unsat.opb.xz,8
DEC-LIN/normalized-PB10/oliveras/j90/normalized-j903_9-sat.opb.xz,8
DEC-LIN/normalized-PB10/oliveras/j90/normalized-j903_9-unsat.opb.xz,8
DEC-LIN/normalized-PB10/oliveras/j90/normalized-j9040_1-sat.opb.xz,9
DEC-LIN/normalized-PB10/oliveras/j90/normalized-j9040_1-unsat.opb.xz,9
DEC-LIN/normalized-PB10/oliveras/j90/normalized-j9040_10-sat.opb.xz,9
DEC-LIN/normalized-PB10/oliveras/j90/normalized-j9040_10-unsat.opb.xz,9
DEC-LIN/normalized-PB10/oliveras/j90/normalized-j9040_2-sat.opb.xz,9
DEC-LIN/normalized-PB10/oliveras/j90/normalized-j9040_2-unsat.opb.xz,9
DEC-LIN/normalized-PB10/oliveras/j90/normalized-j9040_3-sat.opb.xz,9
DEC-LIN/normalized-PB10/oliveras/j90/normalized-j9040_3-unsat.opb.xz,9
DEC-LIN/normalized-PB10/oliveras/j90/normalized-j9040_4-sat.opb.xz,9
DEC-LIN/normalized-PB10/oliveras/j90/normalized-j9040_4-unsat.opb.xz,9
DEC-LIN/normalized-PB10/oliveras/j90/normalized-j9040_5-sat.opb.xz,9
DEC-LIN/normalized-PB10/oliveras/j90/normalized-j9040_5-unsat.opb.xz,9
DEC-LIN/normalized-PB10/oliveras/j90/normalized-j9040_6-sat.opb.xz,9
DEC-LIN/normalized-PB10/oliveras/j90/normalized-j9040_6-unsat.opb.xz,9
DEC-LIN/normalized-PB10/oliveras/j90/normalized-j9040_7-sat.opb.xz,9
DEC-LIN/normalized-PB10/oliveras/j90/normalized-j9040_7-unsat.opb.xz,9
DEC-LIN/normalized-PB10/oliveras/j90/normalized-j9040_8-sat.opb.xz,9
DEC-LIN/normalized-PB10/oliveras/j90/normalized-j9040_8-unsat.opb.xz,9
DEC-LIN/normalized-PB10/oliveras/j90/normalized-j9040_9-sat.opb.xz,9
DEC-LIN/normalized-PB10/oliveras/j90/normalized-j9040_9-unsat.opb.xz,9
DEC-LIN/normalized-PB10/oliveras/j90/normalized-j9041_1-sat.opb.xz,9
DEC-LIN/normalized-PB10/oliveras/j90/normalized-j9041_1-unsat.opb.xz,9
DEC-LIN/normalized-PB10/oliveras/j90/normalized-j9041_10-sat.opb.xz,9
DEC-LIN/normalized-PB10/oliveras/j90/normalized-j9041_10-unsat.opb.xz,9
DEC-LIN/normalized-PB10/oliveras/j90/normalized-j9041_2-sat.opb.xz,9
DEC-LIN/normalized-PB10/oliveras/j90/normalized-j9041_2-unsat.opb.xz,9
DEC-LIN/normalized-PB10/oliveras/j90/normalized-j9041_3-sat.opb.xz,9
DEC-LIN/normalized-PB10/oliveras/j90/normalized-j9041_3-unsat.opb.xz,9
DEC-LIN/normalized-PB10/oliveras/j90/normalized-j9041_4-sat.opb.xz,9
DEC-LIN/normalized-PB10/oliveras/j90/normalized-j9041_4-unsat.opb.xz,9
DEC-LIN/normalized-PB10/oliveras/j90/normalized-j9041_5-sat.opb.xz,9
DEC-LIN/normalized-PB10/oliveras/j90/normalized-j9041_5-unsat.opb.xz,9
DEC-LIN/normalized-PB10/oliveras/j90/normalized-j9041_6-sat.opb.xz,9
DEC-LIN/normalized-PB10/oliveras/j90/normalized-j9041_6-unsat.opb.xz,9
DEC-LIN/normalized-PB10/oliveras/j90/normalized-j9041_7-sat.opb.xz,9
DEC-LIN/normalized-PB10/oliveras/j90/normalized-j9041_7-unsat.opb.xz,9
DEC-LIN/normalized-PB10/oliveras/j90/normalized-j9041_8-sat.opb.xz,9
DEC-LIN/normalized-PB10/oliveras/j90/normalized-j9041_8-unsat.opb.xz,9
DEC-LIN/normalized-PB10/oliveras/j90/normalized-j9041_9-sat.opb.xz,9
DEC-LIN/normalized-PB10/oliveras/j90/normalized-j9041_9-unsat.opb.xz,9
DEC-LIN/normalized-PB10/oliveras/j90/normalized-j9042_1-sat.opb.xz,9
DEC-LIN/normalized-PB10/oliveras/j90/normalized-j9042_1-unsat.opb.xz,9
DEC-LIN/normalized-PB10/oliveras/j90/normalized-j9042_10-sat.opb.xz,9
DEC-LIN/normalized-PB10/oliveras/j90/normalized-j9042_10-unsat.opb.xz,9
DEC-LIN/normalized-PB10/oliveras/j90/normalized-j9042_2-sat.opb.xz,9
DEC-LIN/normalized-PB10/oliveras/j90/normalized-j9042_2-unsat.opb.xz,9
DEC-LIN/normalized-PB10/oliveras/j90/normalized-j9042_3-sat.opb.xz,9
DEC-LIN/normalized-PB10/oliveras/j90/normalized-j9042_3-unsat.opb.xz,9
DEC-LIN/normalized-PB10/oliveras/j90/normalized-j9042_4-sat.opb.xz,9
DEC-LIN/normalized-PB10/oliveras/j90/normalized-j9042_4-unsat.opb.xz,9
DEC-LIN/normalized-PB10/oliveras/j90/normalized-j9042_5-sat.opb.xz,9
DEC-LIN/normalized-PB10/oliveras/j90/normalized-j9042_5-unsat.opb.xz,9
DEC-LIN/normalized-PB10/oliveras/j90/normalized-j9042_6-sat.opb.xz,9
DEC-LIN/normalized-PB10/oliveras/j90/normalized-j9042_6-unsat.opb.xz,9
DEC-LIN/normalized-PB10/oliveras/j90/normalized-j9042_7-sat.opb.xz,9
DEC-LIN/normalized-PB10/oliveras/j90/normalized-j9042_7-unsat.opb.xz,9
DEC-LIN/normalized-PB10/oliveras/j90/normalized-j9042_8-sat.opb.xz,9
DEC-LIN/normalized-PB10/oliveras/j90/normalized-j9042_8-unsat.opb.xz,9
DEC-LIN/normalized-PB10/oliveras/j90/normalized-j9042_9-sat.opb.xz,9
DEC-LIN/normalized-PB10/oliveras/j90/normalized-j9042_9-unsat.opb.xz,9
DEC-LIN/normalized-PB10/oliveras/j90/normalized-j9043_1-sat.opb.xz,9
DEC-LIN/normalized-PB10/oliveras/j90/normalized-j9043_1-unsat.opb.xz,9
DEC-LIN/normalized-PB10/oliveras/j90/normalized-j9043_10-sat.opb.xz,9
DEC-LIN/normalized-PB10/oliveras/j90/normalized-j9043_10-unsat.opb.xz,9
DEC-LIN/normalized-PB10/oliveras/j90/normalized-j9043_2-sat.opb.xz,9
DEC-LIN/normalized-PB10/oliveras/j90/normalized-j9043_2-unsat.opb.xz,9
DEC-LIN/normalized-PB10/oliveras/j90/normalized-j9043_3-sat.opb.xz,9
DEC-LIN/normalized-PB10/oliveras/j90/normalized-j9043_3-unsat.opb.xz,9
DEC-LIN/normalized-PB10/oliveras/j90/normalized-j9043_4-sat.opb.xz,9
DEC-LIN/normalized-PB10/oliveras/j90/normalized-j9043_4-unsat.opb.xz,9
DEC-LIN/normalized-PB10/oliveras/j90/normalized-j9043_5-sat.opb.xz,9
DEC-LIN/normalized-PB10/oliveras/j90/normalized-j9043_5-unsat.opb.xz,9
DEC-LIN/normalized-PB10/oliveras/j90/normalized-j9043_6-sat.opb.xz,9
DEC-LIN/normalized-PB10/oliveras/j90/normalized-j9043_6-unsat.opb.xz,9
DEC-LIN/normalized-PB10/oliveras/j90/normalized-j9043_7-sat.opb.xz,9
DEC-LIN/normalized-PB10/oliveras/j90/normalized-j9043_7-unsat.opb.xz,9
DEC-LIN/normalized-PB10/oliveras/j90/normalized-j9043_8-sat.opb.xz,9
DEC-LIN/normalized-PB10/oliveras/j90/normalized-j9043_8-unsat.opb.xz,9
DEC-LIN/normalized-PB10/oliveras/j90/normalized-j9043_9-sat.opb.xz,9
DEC-LIN/normalized-PB10/oliveras/j90/normalized-j9043_9-unsat.opb.xz,9
DEC-LIN/normalized-PB10/oliveras/j90/normalized-j9044_1-sat.opb.xz,9
DEC-LIN/normalized-PB10/oliveras/j90/normalized-j9044_1-unsat.opb.xz,9
DEC-LIN/normalized-PB10/oliveras/j90/normalized-j9044_10-sat.opb.xz,9
DEC-LIN/normalized-PB10/oliveras/j90/normalized-j9044_10-unsat.opb.xz,9
DEC-LIN/normalized-PB10/oliveras/j90/normalized-j9044_2-sat.opb.xz,9
DEC-LIN/normalized-PB10/oliveras/j90/normalized-j9044_2-unsat.opb.xz,9
DEC-LIN/normalized-PB10/oliveras/j90/normalized-j9044_3-sat.opb.xz,9
DEC-LIN/normalized-PB10/oliveras/j90/normalized-j9044_3-unsat.opb.xz,9
DEC-LIN/normalized-PB10/oliveras/j90/normalized-j9044_4-sat.opb.xz,9
DEC-LIN/normalized-PB10/oliveras/j90/normalized-j9044_4-unsat.opb.xz,9
DEC-LIN/normalized-PB10/oliveras/j90/normalized-j9044_5-sat.opb.xz,9
DEC-LIN/normalized-PB10/oliveras/j90/normalized-j9044_5-unsat.opb.xz,9
DEC-LIN/normalized-PB10/oliveras/j90/normalized-j9044_6-sat.opb.xz,9
DEC-LIN/normalized-PB10/oliveras/j90/normalized-j9044_6-unsat.opb.xz,9
DEC-LIN/normalized-PB10/oliveras/j90/normalized-j9044_7-sat.opb.xz,9
DEC-LIN/normalized-PB10/oliveras/j90/normalized-j9044_7-unsat.opb.xz,9
DEC-LIN/normalized-PB10/oliveras/j90/normalized-j9044_8-sat.opb.xz,9
DEC-LIN/normalized-PB10/oliveras/j90/normalized-j9044_8-unsat.opb.xz,9
DEC-LIN/normalized-PB10/oliveras/j90/normalized-j9044_9-sat.opb.xz,9
DEC-LIN/normalized-PB10/oliveras/j90/normalized-j9044_9-unsat.opb.xz,9
DEC-LIN/normalized-PB10/oliveras/j90/normalized-j9045_1-sat.opb.xz,10
DEC-LIN/normalized-PB10/oliveras/j90/normalized-j9045_1-unsat.opb.xz,10
DEC-LIN/normalized-PB10/oliveras/j90/normalized-j9045_10-sat.opb.xz,10
DEC-LIN/normalized-PB10/oliveras/j90/normalized-j9045_10-unsat.opb.xz,10
DEC-LIN/normalized-PB10/oliveras/j90/normalized-j9045_2-sat.opb.xz,10
DEC-LIN/normalized-PB10/oliveras/j90/normalized-j9045_2-unsat.opb.xz,10
DEC-LIN/normalized-PB10/oliveras/j90/normalized-j9045_3-sat.opb.xz,10
DEC-LIN/normalized-PB10/oliveras/j90/normalized-j9045_3-unsat.opb.xz,10
DEC-LIN/normalized-PB10/oliveras/j90/normalized-j9045_4-sat.opb.xz,10
DEC-LIN/normalized-PB10/oliveras/j90/normalized-j9045_4-unsat.opb.xz,10
DEC-LIN/normalized-PB10/oliveras/j90/normalized-j9045_5-sat.opb.xz,10
DEC-LIN/normalized-PB10/oliveras/j90/normalized-j9045_5-unsat.opb.xz,10
DEC-LIN/normalized-PB10/oliveras/j90/normalized-j9045_6-sat.opb.xz,10
DEC-LIN/normalized-PB10/oliveras/j90/normalized-j9045_6-unsat.opb.xz,10
DEC-LIN/normalized-PB10/oliveras/j90/normalized-j9045_7-sat.opb.xz,10
DEC-LIN/normalized-PB10/oliveras/j90/normalized-j9045_7-unsat.opb.xz,10
DEC-LIN/normalized-PB10/oliveras/j90/normalized-j9045_8-sat.opb.xz,10
DEC-LIN/normalized-PB10/oliveras/j90/normalized-j9045_8-unsat.opb.xz,10
DEC-LIN/normalized-PB10/oliveras/j90/normalized-j9045_9-sat.opb.xz,10
DEC-LIN/normalized-PB10/oliveras/j90/normalized-j9045_9-unsat.opb.xz,10
DEC-LIN/normalized-PB10/oliveras/j90/normalized-j9046_1-sat.opb.xz,10
DEC-LIN/normalized-PB10/oliveras/j90/normalized-j9046_1-unsat.opb.xz,10
DEC-LIN/normalized-PB10/oliveras/j90/normalized-j9046_10-sat.opb.xz,10
DEC-LIN/normalized-PB10/oliveras/j90/normalized-j9046_10-unsat.opb.xz,10
DEC-LIN/normalized-PB10/oliveras/j90/normalized-j9046_2-sat.opb.xz,10
DEC-LIN/normalized-PB10/oliveras/j90/normalized-j9046_2-unsat.opb.xz,10
DEC-LIN/normalized-PB10/oliveras/j90/normalized-j9046_3-sat.opb.xz,10
DEC-LIN/normalized-PB10/oliveras/j90/normalized-j9046_3-unsat.opb.xz,10
DEC-LIN/normalized-PB10/oliveras/j90/normalized-j9046_4-sat.opb.xz,10
DEC-LIN/normalized-PB10/oliveras/j90/normalized-j9046_4-unsat.opb.xz,10
DEC-LIN/normalized-PB10/oliveras/j90/normalized-j9046_5-sat.opb.xz,10
DEC-LIN/normalized-PB10/oliveras/j90/normalized-j9046_5-unsat.opb.xz,10
DEC-LIN/normalized-PB10/oliveras/j90/normalized-j9046_6-sat.opb.xz,10
DEC-LIN/normalized-PB10/oliveras/j90/normalized-j9046_6-unsat.opb.xz,10
DEC-LIN/normalized-PB10/oliveras/j90/normalized-j9046_7-sat.opb.xz,10
DEC-LIN/normalized-PB10/oliveras/j90/normalized-j9046_7-unsat.opb.xz,10
DEC-LIN/normalized-PB10/oliveras/j90/normalized-j9046_8-sat.opb.xz,10
DEC-LIN/normalized-PB10/oliveras/j90/normalized-j9046_8-unsat.opb.xz,10
DEC-LIN/normalized-PB10/oliveras/j90/normalized-j9046_9-sat.opb.xz,10
DEC-LIN/normalized-PB10/oliveras/j90/normalized-j9046_9-unsat.opb.xz,10
DEC-LIN/normalized-PB10/oliveras/j90/normalized-j9047_1-sat.opb.xz,10
DEC-LIN/normalized-PB10/oliveras/j90/normalized-j9047_1-unsat.opb.xz,10
DEC-LIN/normalized-PB10/oliveras/j90/normalized-j9047_10-sat.opb.xz,10
DEC-LIN/normalized-PB10/oliveras/j90/normalized-j9047_10-unsat.opb.xz,10
DEC-LIN/normalized-PB10/oliveras/j90/normalized-j9047_2-sat.opb.xz,10
DEC-LIN/normalized-PB10/oliveras/j90/normalized-j9047_2-unsat.opb.xz,10
DEC-LIN/normalized-PB10/oliveras/j90/normalized-j9047_3-sat.opb.xz,10
DEC-LIN/normalized-PB10/oliveras/j90/normalized-j9047_3-unsat.opb.xz,10
DEC-LIN/normalized-PB10/oliveras/j90/normalized-j9047_4-sat.opb.xz,10
DEC-LIN/normalized-PB10/oliveras/j90/normalized-j9047_4-unsat.opb.xz,10
DEC-LIN/normalized-PB10/oliveras/j90/normalized-j9047_5-sat.opb.xz,10
DEC-LIN/normalized-PB10/oliveras/j90/normalized-j9047_5-unsat.opb.xz,10
DEC-LIN/normalized-PB10/oliveras/j90/normalized-j9047_6-sat.opb.xz,10
DEC-LIN/normalized-PB10/oliveras/j90/normalized-j9047_6-unsat.opb.xz,10
DEC-LIN/normalized-PB10/oliveras/j90/normalized-j9047_7-sat.opb.xz,10
DEC-LIN/normalized-PB10/oliveras/j90/normalized-j9047_7-unsat.opb.xz,10
DEC-LIN/normalized-PB10/oliveras/j90/normalized-j9047_8-sat.opb.xz,10
DEC-LIN/normalized-PB10/oliveras/j90/normalized-j9047_8-unsat.opb.xz,10
DEC-LIN/normalized-PB10/oliveras/j90/normalized-j9047_9-sat.opb.xz,10
DEC-LIN/normalized-PB10/oliveras/j90/normalized-j9047_9-unsat.opb.xz,10
DEC-LIN/normalized-PB10/oliveras/j90/normalized-j9048_1-sat.opb.xz,10
DEC-LIN/normalized-PB10/oliveras/j90/normalized-j9048_1-unsat.opb.xz,10
DEC-LIN/normalized-PB10/oliveras/j90/normalized-j9048_10-sat.opb.xz,10
DEC-LIN/normalized-PB10/oliveras/j90/normalized-j9048_10-unsat.opb.xz,10
DEC-LIN/normalized-PB10/oliveras/j90/normalized-j9048_2-sat.opb.xz,10
DEC-LIN/normalized-PB10/oliveras/j90/normalized-j9048_2-unsat.opb.xz,10
DEC-LIN/normalized-PB10/oliveras/j90/normalized-j9048_3-sat.opb.xz,10
DEC-LIN/normalized-PB10/oliveras/j90/normalized-j9048_3-unsat.opb.xz,10
DEC-LIN/normalized-PB10/oliveras/j90/normalized-j9048_4-sat.opb.xz,10
DEC-LIN/normalized-PB10/oliveras/j90/normalized-j9048_4-unsat.opb.xz,10
DEC-LIN/normalized-PB10/oliveras/j90/normalized-j9048_5-sat.opb.xz,10
DEC-LIN/normalized-PB10/oliveras/j90/normalized-j9048_5-unsat.opb.xz,10
DEC-LIN/normalized-PB10/oliveras/j90/normalized-j9048_6-sat.opb.xz,10
DEC-LIN/normalized-PB10/oliveras/j90/normalized-j9048_6-unsat.opb.xz,10
DEC-LIN/normalized-PB10/oliveras/j90/normalized-j9048_7-sat.opb.xz,10
DEC-LIN/normalized-PB10/oliveras/j90/normalized-j9048_7-unsat.opb.xz,10
DEC-LIN/normalized-PB10/oliveras/j90/normalized-j9048_8-sat.opb.xz,10
DEC-LIN/normalized-PB10/oliveras/j90/normalized-j9048_8-unsat.opb.xz,10
DEC-LIN/normalized-PB10/oliveras/j90/normalized-j9048_9-sat.opb.xz,10
DEC-LIN/normalized-PB10/oliveras/j90/normalized-j9048_9-unsat.opb.xz,10
DEC-LIN/normalized-PB10/oliveras/j90/normalized-j904_1-sat.opb.xz,8
DEC-LIN/normalized-PB10/oliveras/j90/normalized-j904_1-unsat.opb.xz,8
DEC-LIN/normalized-PB10/oliveras/j90/normalized-j904_10-sat.opb.xz,8
DEC-LIN/normalized-PB10/oliveras/j90/normalized-j904_10-unsat.opb.xz,8
DEC-LIN/normalized-PB10/oliveras/j90/normalized-j904_2-sat.opb.xz,8
DEC-LIN/normalized-PB10/oliveras/j90/normalized-j904_2-unsat.opb.xz,8
DEC-LIN/normalized-PB10/oliveras/j90/normalized-j904_3-sat.opb.xz,8
DEC-LIN/normalized-PB10/oliveras/j90/normalized-j904_3-unsat.opb.xz,8
DEC-LIN/normalized-PB10/oliveras/j90/normalized-j904_4-sat.opb.xz,8
DEC-LIN/normalized-PB10/oliveras/j90/normalized-j904_4-unsat.opb.xz,8
DEC-LIN/normalized-PB10/oliveras/j90/normalized-j904_5-sat.opb.xz,8
DEC-LIN/normalized-PB10/oliveras/j90/normalized-j904_5-unsat.opb.xz,8
DEC-LIN/normalized-PB10/oliveras/j90/normalized-j904_6-sat.opb.xz,8
DEC-LIN/normalized-PB10/oliveras/j90/normalized-j904_6-unsat.opb.xz,8
DEC-LIN/normalized-PB10/oliveras/j90/normalized-j904_7-sat.opb.xz,8
DEC-LIN/normalized-PB10/oliveras/j90/normalized-j904_7-unsat.opb.xz,8
DEC-LIN/normalized-PB10/oliveras/j90/normalized-j904_8-sat.opb.xz,8
DEC-LIN/normalized-PB10/oliveras/j90/normalized-j904_8-unsat.opb.xz,8
DEC-LIN/normalized-PB10/oliveras/j90/normalized-j904_9-sat.opb.xz,8
DEC-LIN/normalized-PB10/oliveras/j90/normalized-j904_9-unsat.opb.xz,8
DEC-LIN/normalized-PB10/oliveras/j90/normalized-j905_1-sat.opb.xz,9
DEC-LIN/normalized-PB10/oliveras/j90/normalized-j905_1-unsat.opb.xz,9
DEC-LIN/normalized-PB10/oliveras/j90/normalized-j905_10-sat.opb.xz,9
DEC-LIN/normalized-PB10/oliveras/j90/normalized-j905_10-unsat.opb.xz,9
DEC-LIN/normalized-PB10/oliveras/j90/normalized-j905_2-sat.opb.xz,9
DEC-LIN/normalized-PB10/oliveras/j90/normalized-j905_2-unsat.opb.xz,9
DEC-LIN/normalized-PB10/oliveras/j90/normalized-j905_3-sat.opb.xz,9
DEC-LIN/normalized-PB10/oliveras/j90/normalized-j905_3-unsat.opb.xz,9
DEC-LIN/normalized-PB10/oliveras/j90/normalized-j905_4-sat.opb.xz,9
DEC-LIN/normalized-PB10/oliveras/j90/normalized-j905_4-unsat.opb.xz,9
DEC-LIN/normalized-PB10/oliveras/j90/normalized-j905_5-sat.opb.xz,9
DEC-LIN/normalized-PB10/oliveras/j90/normalized-j905_5-unsat.opb.xz,9
DEC-LIN/normalized-PB10/oliveras/j90/normalized-j905_6-sat.opb.xz,9
DEC-LIN/normalized-PB10/oliveras/j90/normalized-j905_6-unsat.opb.xz,9
DEC-LIN/normalized-PB10/oliveras/j90/normalized-j905_7-sat.opb.xz,9
DEC-LIN/normalized-PB10/oliveras/j90/normalized-j905_7-unsat.opb.xz,9
DEC-LIN/normalized-PB10/oliveras/j90/normalized-j905_8-sat.opb.xz,9
DEC-LIN/normalized-PB10/oliveras/j90/normalized-j905_8-unsat.opb.xz,9
DEC-LIN/normalized-PB10/oliveras/j90/normalized-j905_9-sat.opb.xz,9
DEC-LIN/normalized-PB10/oliveras/j90/normalized-j905_9-unsat.opb.xz,9
DEC-LIN/normalized-PB10/oliveras/j90/normalized-j906_1-sat.opb.xz,9
DEC-LIN/normalized-PB10/oliveras/j90/normalized-j906_1-unsat.opb.xz,9
DEC-LIN/normalized-PB10/oliveras/j90/normalized-j906_10-sat.opb.xz,9
DEC-LIN/normalized-PB10/oliveras/j90/normalized-j906_10-unsat.opb.xz,9
DEC-LIN/normalized-PB10/oliveras/j90/normalized-j906_2-sat.opb.xz,9
DEC-LIN/normalized-PB10/oliveras/j90/normalized-j906_2-unsat.opb.xz,9
DEC-LIN/normalized-PB10/oliveras/j90/normalized-j906_3-sat.opb.xz,9
DEC-LIN/normalized-PB10/oliveras/j90/normalized-j906_3-unsat.opb.xz,9
DEC-LIN/normalized-PB10/oliveras/j90/normalized-j906_4-sat.opb.xz,9
DEC-LIN/normalized-PB10/oliveras/j90/normalized-j906_4-unsat.opb.xz,9
DEC-LIN/normalized-PB10/oliveras/j90/normalized-j906_5-sat.opb.xz,9
DEC-LIN/normalized-PB10/oliveras/j90/normalized-j906_5-unsat.opb.xz,9
DEC-LIN/normalized-PB10/oliveras/j90/normalized-j906_6-sat.opb.xz,9
DEC-LIN/normalized-PB10/oliveras/j90/normalized-j906_6-unsat.opb.xz,9
DEC-LIN/normalized-PB10/oliveras/j90/normalized-j906_7-sat.opb.xz,9
DEC-LIN/normalized-PB10/oliveras/j90/normalized-j906_7-unsat.opb.xz,9
DEC-LIN/normalized-PB10/oliveras/j90/normalized-j906_8-sat.opb.xz,9
DEC-LIN/normalized-PB10/oliveras/j90/normalized-j906_8-unsat.opb.xz,9
DEC-LIN/normalized-PB10/oliveras/j90/normalized-j906_9-sat.opb.xz,9
DEC-LIN/normalized-PB10/oliveras/j90/normalized-j906_9-unsat.opb.xz,9
DEC-LIN/normalized-PB10/oliveras/j90/normalized-j907_1-sat.opb.xz,9
DEC-LIN/normalized-PB10/oliveras/j90/normalized-j907_1-unsat.opb.xz,9
DEC-LIN/normalized-PB10/oliveras/j90/normalized-j907_10-sat.opb.xz,9
DEC-LIN/normalized-PB10/oliveras/j90/normalized-j907_10-unsat.opb.xz,9
DEC-LIN/normalized-PB10/oliveras/j90/normalized-j907_2-sat.opb.xz,9
DEC-LIN/normalized-PB10/oliveras/j90/normalized-j907_2-unsat.opb.xz,9
DEC-LIN/normalized-PB10/oliveras/j90/normalized-j907_3-sat.opb.xz,9
DEC-LIN/normalized-PB10/oliveras/j90/normalized-j907_3-unsat.opb.xz,9
DEC-LIN/normalized-PB10/oliveras/j90/normalized-j907_4-sat.opb.xz,9
DEC-LIN/normalized-PB10/oliveras/j90/normalized-j907_4-unsat.opb.xz,9
DEC-LIN/normalized-PB10/oliveras/j90/normalized-j907_5-sat.opb.xz,9
DEC-LIN/normalized-PB10/oliveras/j90/normalized-j907_5-unsat.opb.xz,9
DEC-LIN/normalized-PB10/oliveras/j90/normalized-j907_6-sat.opb.xz,9
DEC-LIN/normalized-PB10/oliveras/j90/normalized-j907_6-unsat.opb.xz,9
DEC-LIN/normalized-PB10/oliveras/j90/normalized-j907_7-sat.opb.xz,9
DEC-LIN/normalized-PB10/oliveras/j90/normalized-j907_7-unsat.opb.xz,9
DEC-LIN/normalized-PB10/oliveras/j90/normalized-j907_8-sat.opb.xz,9
DEC-LIN/normalized-PB10/oliveras/j90/normalized-j907_8-unsat.opb.xz,9
DEC-LIN/normalized-PB10/oliveras/j90/normalized-j907_9-sat.opb.xz,9
DEC-LIN/normalized-PB10/oliveras/j90/normalized-j907_9-unsat.opb.xz,9
DEC-LIN/normalized-PB10/oliveras/j90/normalized-j908_1-sat.opb.xz,9
DEC-LIN/normalized-PB10/oliveras/j90/normalized-j908_1-unsat.opb.xz,9
DEC-LIN/normalized-PB10/oliveras/j90/normalized-j908_10-sat.opb.xz,9
DEC-LIN/normalized-PB10/oliveras/j90/normalized-j908_10-unsat.opb.xz,9
DEC-LIN/normalized-PB10/oliveras/j90/normalized-j908_2-sat.opb.xz,9
DEC-LIN/normalized-PB10/oliveras/j90/normalized-j908_2-unsat.opb.xz,9
DEC-LIN/normalized-PB10/oliveras/j90/normalized-j908_3-sat.opb.xz,9
DEC-LIN/normalized-PB10/oliveras/j90/normalized-j908_3-unsat.opb.xz,9
DEC-LIN/normalized-PB10/oliveras/j90/normalized-j908_4-sat.opb.xz,9
DEC-LIN/normalized-PB10/oliveras/j90/normalized-j908_4-unsat.opb.xz,9
DEC-LIN/normalized-PB10/oliveras/j90/normalized-j908_5-sat.opb.xz,9
DEC-LIN/normalized-PB10/oliveras/j90/normalized-j908_5-unsat.opb.xz,9
DEC-LIN/normalized-PB10/oliveras/j90/normalized-j908_6-sat.opb.xz,9
DEC-LIN/normalized-PB10/oliveras/j90/normalized-j908_6-unsat.opb.xz,9
DEC-LIN/normalized-PB10/oliveras/j90/normalized-j908_7-sat.opb.xz,9
DEC-LIN/normalized-PB10/oliveras/j90/normalized-j908_7-unsat.opb.xz,9
DEC-LIN/normalized-PB10/oliveras/j90/normalized-j908_8-sat.opb.xz,9
DEC-LIN/normalized-PB10/oliveras/j90/normalized-j908_8-unsat.opb.xz,9
DEC-LIN/normalized-PB10/oliveras/j90/normalized-j908_9-sat.opb.xz,9
DEC-LIN/normalized-PB10/oliveras/j90/normalized-j908_9-unsat.opb.xz,9
DEC-LIN/normalized-PB10/oliveras/j90/normalized-j909_1-sat.opb.xz,9
DEC-LIN/normalized-PB10/oliveras/j90/normalized-j909_1-unsat.opb.xz,9
DEC-LIN/normalized-PB10/oliveras/j90/normalized-j909_10-sat.opb.xz,9
DEC-LIN/normalized-PB10/oliveras/j90/normalized-j909_10-unsat.opb.xz,9
DEC-LIN/normalized-PB10/oliveras/j90/normalized-j909_2-sat.opb.xz,9
DEC-LIN/normalized-PB10/oliveras/j90/normalized-j909_2-unsat.opb.xz,9
DEC-LIN/normalized-PB10/oliveras/j90/normalized-j909_3-sat.opb.xz,9
DEC-LIN/normalized-PB10/oliveras/j90/normalized-j909_3-unsat.opb.xz,9
DEC-LIN/normalized-PB10/oliveras/j90/normalized-j909_4-sat.opb.xz,9
DEC-LIN/normalized-PB10/oliveras/j90/normalized-j909_4-unsat.opb.xz,9
DEC-LIN/normalized-PB10/oliveras/j90/normalized-j909_5-sat.opb.xz,9
DEC-LIN/normalized-PB10/oliveras/j90/normalized-j909_5-unsat.opb.xz,9
DEC-LIN/normalized-PB10/oliveras/j90/normalized-j909_6-sat.opb.xz,9
DEC-LIN/normalized-PB10/oliveras/j90/normalized-j909_6-unsat.opb.xz,9
DEC-LIN/normalized-PB10/oliveras/j90/normalized-j909_7-sat.opb.xz,9
DEC-LIN/normalized-PB10/oliveras/j90/normalized-j909_7-unsat.opb.xz,9
DEC-LIN/normalized-PB10/oliveras/j90/normalized-j909_8-sat.opb.xz,9
DEC-LIN/normalized-PB10/oliveras/j90/normalized-j909_8-unsat.opb.xz,9
DEC-LIN/normalized-PB10/oliveras/j90/normalized-j909_9-sat.opb.xz,9
DEC-LIN/normalized-PB10/oliveras/j90/normalized-j909_9-unsat.opb.xz,9
