path,intsize
OPT-LIN/normalized-PB10/leberre/opb-paranoid/misc2010/datasets/10orplus/normalized-codebreaker.cudf.paranoid.opb.xz,24
OPT-LIN/normalized-PB10/leberre/opb-paranoid/misc2010/datasets/10orplus/normalized-dwww.cudf.paranoid.opb.xz,24
OPT-LIN/normalized-PB10/leberre/opb-paranoid/misc2010/datasets/10orplus/normalized-epiphany-browser.cudf.paranoid.opb.xz,24
OPT-LIN/normalized-PB10/leberre/opb-paranoid/misc2010/datasets/10orplus/normalized-evolution-dev.cudf.paranoid.opb.xz,24
OPT-LIN/normalized-PB10/leberre/opb-paranoid/misc2010/datasets/10orplus/normalized-gnochm.cudf.paranoid.opb.xz,24
OPT-LIN/normalized-PB10/leberre/opb-paranoid/misc2010/datasets/10orplus/normalized-gnome-panel-data.cudf.paranoid.opb.xz,24
OPT-LIN/normalized-PB10/leberre/opb-paranoid/misc2010/datasets/10orplus/normalized-guake.cudf.paranoid.opb.xz,24
OPT-LIN/normalized-PB10/leberre/opb-paranoid/misc2010/datasets/10orplus/normalized-hal-cups-utils.cudf.paranoid.opb.xz,24
OPT-LIN/normalized-PB10/leberre/opb-paranoid/misc2010/datasets/10orplus/normalized-idle.cudf.paranoid.opb.xz,24
OPT-LIN/normalized-PB10/leberre/opb-paranoid/misc2010/datasets/10orplus/normalized-kdebase-bin.cudf.paranoid.opb.xz,24
OPT-LIN/normalized-PB10/leberre/opb-paranoid/misc2010/datasets/10orplus/normalized-konq-plugins.cudf.paranoid.opb.xz,24
OPT-LIN/normalized-PB10/leberre/opb-paranoid/misc2010/datasets/10orplus/normalized-libbsd-resource-perl.cudf.paranoid.opb.xz,24
OPT-LIN/normalized-PB10/leberre/opb-paranoid/misc2010/datasets/10orplus/normalized-libcatalyst-perl.cudf.paranoid.opb.xz,24
OPT-LIN/normalized-PB10/leberre/opb-paranoid/misc2010/datasets/10orplus/normalized-libcurses-perl.cudf.paranoid.opb.xz,24
OPT-LIN/normalized-PB10/leberre/opb-paranoid/misc2010/datasets/10orplus/normalized-libcyrus-imap-perl22.cudf.paranoid.opb.xz,24
OPT-LIN/normalized-PB10/leberre/opb-paranoid/misc2010/datasets/10orplus/normalized-libdbd-pg-perl.cudf.paranoid.opb.xz,24
OPT-LIN/normalized-PB10/leberre/opb-paranoid/misc2010/datasets/10orplus/normalized-libhtml-parser-perl.cudf.paranoid.opb.xz,24
OPT-LIN/normalized-PB10/leberre/opb-paranoid/misc2010/datasets/10orplus/normalized-libmail-spf-perl.cudf.paranoid.opb.xz,24
OPT-LIN/normalized-PB10/leberre/opb-paranoid/misc2010/datasets/10orplus/normalized-libnkf-perl.cudf.paranoid.opb.xz,24
OPT-LIN/normalized-PB10/leberre/opb-paranoid/misc2010/datasets/10orplus/normalized-libnspr4-dev.cudf.paranoid.opb.xz,24
OPT-LIN/normalized-PB10/leberre/opb-paranoid/misc2010/datasets/10orplus/normalized-libnss3-1d.cudf.paranoid.opb.xz,24
OPT-LIN/normalized-PB10/leberre/opb-paranoid/misc2010/datasets/10orplus/normalized-libpango-perl.cudf.paranoid.opb.xz,24
OPT-LIN/normalized-PB10/leberre/opb-paranoid/misc2010/datasets/10orplus/normalized-libpoe-perl.cudf.paranoid.opb.xz,24
OPT-LIN/normalized-PB10/leberre/opb-paranoid/misc2010/datasets/10orplus/normalized-libtemplate-provider-encoding-perl.cudf.paranoid.opb.xz,24
OPT-LIN/normalized-PB10/leberre/opb-paranoid/misc2010/datasets/10orplus/normalized-lirc.cudf.paranoid.opb.xz,24
OPT-LIN/normalized-PB10/leberre/opb-paranoid/misc2010/datasets/10orplus/normalized-mercurial-common.cudf.paranoid.opb.xz,24
OPT-LIN/normalized-PB10/leberre/opb-paranoid/misc2010/datasets/10orplus/normalized-monodevelop-nunit.cudf.paranoid.opb.xz,24
OPT-LIN/normalized-PB10/leberre/opb-paranoid/misc2010/datasets/10orplus/normalized-openoffice.org-l10n-da.cudf.paranoid.opb.xz,24
OPT-LIN/normalized-PB10/leberre/opb-paranoid/misc2010/datasets/10orplus/normalized-openoffice.org-l10n-nl.cudf.paranoid.opb.xz,24
OPT-LIN/normalized-PB10/leberre/opb-paranoid/misc2010/datasets/10orplus/normalized-pidgin-plugin-pack.cudf.paranoid.opb.xz,24
OPT-LIN/normalized-PB10/leberre/opb-paranoid/misc2010/datasets/10orplus/normalized-pybackpack.cudf.paranoid.opb.xz,24
OPT-LIN/normalized-PB10/leberre/opb-paranoid/misc2010/datasets/10orplus/normalized-python-cairo.cudf.paranoid.opb.xz,24
OPT-LIN/normalized-PB10/leberre/opb-paranoid/misc2010/datasets/10orplus/normalized-python-hippocanvas.cudf.paranoid.opb.xz,24
OPT-LIN/normalized-PB10/leberre/opb-paranoid/misc2010/datasets/10orplus/normalized-sonata.cudf.paranoid.opb.xz,24
OPT-LIN/normalized-PB10/leberre/opb-paranoid/misc2010/datasets/10orplus/normalized-synaptic.cudf.paranoid.opb.xz,24
OPT-LIN/normalized-PB10/leberre/opb-paranoid/misc2010/datasets/10orplus/normalized-system-config-printer.cudf.paranoid.opb.xz,24
OPT-LIN/normalized-PB10/leberre/opb-paranoid/misc2010/datasets/10orplus/normalized-texlive-generic-recommended.cudf.paranoid.opb.xz,24
OPT-LIN/normalized-PB10/leberre/opb-paranoid/misc2010/datasets/10orplus/normalized-txt2html.cudf.paranoid.opb.xz,24
OPT-LIN/normalized-PB10/leberre/opb-paranoid/misc2010/datasets/10orplus/normalized-unattended-upgrades.cudf.paranoid.opb.xz,24
OPT-LIN/normalized-PB10/leberre/opb-paranoid/misc2010/datasets/10orplus/normalized-xvfb.cudf.paranoid.opb.xz,24
OPT-LIN/normalized-PB10/leberre/opb-paranoid/misc2010/datasets/9orless/normalized-ark.cudf.paranoid.opb.xz,24
OPT-LIN/normalized-PB10/leberre/opb-paranoid/misc2010/datasets/9orless/normalized-audacious-plugins-extra.cudf.paranoid.opb.xz,24
OPT-LIN/normalized-PB10/leberre/opb-paranoid/misc2010/datasets/9orless/normalized-dpkg-dev.cudf.paranoid.opb.xz,24
OPT-LIN/normalized-PB10/leberre/opb-paranoid/misc2010/datasets/9orless/normalized-fcron.cudf.paranoid.opb.xz,24
OPT-LIN/normalized-PB10/leberre/opb-paranoid/misc2010/datasets/9orless/normalized-gnash-common-opengl.cudf.paranoid.opb.xz,24
OPT-LIN/normalized-PB10/leberre/opb-paranoid/misc2010/datasets/9orless/normalized-gpc-4.1.cudf.paranoid.opb.xz,24
OPT-LIN/normalized-PB10/leberre/opb-paranoid/misc2010/datasets/9orless/normalized-gtwitter.cudf.paranoid.opb.xz,24
OPT-LIN/normalized-PB10/leberre/opb-paranoid/misc2010/datasets/9orless/normalized-inetutils-syslogd.cudf.paranoid.opb.xz,24
OPT-LIN/normalized-PB10/leberre/opb-paranoid/misc2010/datasets/9orless/normalized-kbd.cudf.paranoid.opb.xz,24
OPT-LIN/normalized-PB10/leberre/opb-paranoid/misc2010/datasets/9orless/normalized-kblocks.cudf.paranoid.opb.xz,24
OPT-LIN/normalized-PB10/leberre/opb-paranoid/misc2010/datasets/9orless/normalized-kdemultimedia-kio-plugins.cudf.paranoid.opb.xz,24
OPT-LIN/normalized-PB10/leberre/opb-paranoid/misc2010/datasets/9orless/normalized-kdessh.cudf.paranoid.opb.xz,24
OPT-LIN/normalized-PB10/leberre/opb-paranoid/misc2010/datasets/9orless/normalized-kdesudo.cudf.paranoid.opb.xz,24
OPT-LIN/normalized-PB10/leberre/opb-paranoid/misc2010/datasets/9orless/normalized-kfilereplace.cudf.paranoid.opb.xz,24
OPT-LIN/normalized-PB10/leberre/opb-paranoid/misc2010/datasets/9orless/normalized-kjumpingcube.cudf.paranoid.opb.xz,24
OPT-LIN/normalized-PB10/leberre/opb-paranoid/misc2010/datasets/9orless/normalized-kmines.cudf.paranoid.opb.xz,24
OPT-LIN/normalized-PB10/leberre/opb-paranoid/misc2010/datasets/9orless/normalized-knetwalk.cudf.paranoid.opb.xz,24
OPT-LIN/normalized-PB10/leberre/opb-paranoid/misc2010/datasets/9orless/normalized-kommander.cudf.paranoid.opb.xz,24
OPT-LIN/normalized-PB10/leberre/opb-paranoid/misc2010/datasets/9orless/normalized-kphotoalbum.cudf.paranoid.opb.xz,24
OPT-LIN/normalized-PB10/leberre/opb-paranoid/misc2010/datasets/9orless/normalized-ksystemlog.cudf.paranoid.opb.xz,24
OPT-LIN/normalized-PB10/leberre/opb-paranoid/misc2010/datasets/9orless/normalized-ktouch.cudf.paranoid.opb.xz,24
OPT-LIN/normalized-PB10/leberre/opb-paranoid/misc2010/datasets/9orless/normalized-kwin-style-crystal.cudf.paranoid.opb.xz,24
OPT-LIN/normalized-PB10/leberre/opb-paranoid/misc2010/datasets/9orless/normalized-libevolution3.0-cil.cudf.paranoid.opb.xz,24
OPT-LIN/normalized-PB10/leberre/opb-paranoid/misc2010/datasets/9orless/normalized-libgnokii4.cudf.paranoid.opb.xz,24
OPT-LIN/normalized-PB10/leberre/opb-paranoid/misc2010/datasets/9orless/normalized-libmono-addins-gui0.2-cil.cudf.paranoid.opb.xz,24
OPT-LIN/normalized-PB10/leberre/opb-paranoid/misc2010/datasets/9orless/normalized-libmono-relaxng1.0-cil.cudf.paranoid.opb.xz,24
OPT-LIN/normalized-PB10/leberre/opb-paranoid/misc2010/datasets/9orless/normalized-libwnck2.20-cil.cudf.paranoid.opb.xz,24
OPT-LIN/normalized-PB10/leberre/opb-paranoid/misc2010/datasets/9orless/normalized-mono-debugger.cudf.paranoid.opb.xz,24
OPT-LIN/normalized-PB10/leberre/opb-paranoid/misc2010/datasets/9orless/normalized-mono-gac.cudf.paranoid.opb.xz,24
OPT-LIN/normalized-PB10/leberre/opb-paranoid/misc2010/datasets/9orless/normalized-mono-mcs.cudf.paranoid.opb.xz,24
OPT-LIN/normalized-PB10/leberre/opb-paranoid/misc2010/datasets/9orless/normalized-openoffice.org-draw.cudf.paranoid.opb.xz,24
OPT-LIN/normalized-PB10/leberre/opb-paranoid/misc2010/datasets/9orless/normalized-plasma-dataengines-workspace.cudf.paranoid.opb.xz,24
OPT-LIN/normalized-PB10/leberre/opb-paranoid/misc2010/datasets/9orless/normalized-plasma-widgets-workspace.cudf.paranoid.opb.xz,24
OPT-LIN/normalized-PB10/leberre/opb-paranoid/misc2010/datasets/9orless/normalized-r-cran-car.cudf.paranoid.opb.xz,24
OPT-LIN/normalized-PB10/leberre/opb-paranoid/misc2010/datasets/9orless/normalized-r-cran-lme4.cudf.paranoid.opb.xz,24
OPT-LIN/normalized-PB10/leberre/opb-paranoid/misc2010/datasets/9orless/normalized-r-cran-rodbc.cudf.paranoid.opb.xz,24
OPT-LIN/normalized-PB10/leberre/opb-paranoid/misc2010/datasets/9orless/normalized-tasque.cudf.paranoid.opb.xz,24
OPT-LIN/normalized-PB10/leberre/opb-paranoid/misc2010/datasets/9orless/normalized-upstart-compat-sysv.cudf.paranoid.opb.xz,24
OPT-LIN/normalized-PB10/leberre/opb-paranoid/misc2010/datasets/caixa/normalized-1034.cudf.paranoid.opb.xz,9
OPT-LIN/normalized-PB10/leberre/opb-paranoid/misc2010/datasets/caixa/normalized-1037.cudf.paranoid.opb.xz,8
OPT-LIN/normalized-PB10/leberre/opb-paranoid/misc2010/datasets/caixa/normalized-1077.cudf.paranoid.opb.xz,9
OPT-LIN/normalized-PB10/leberre/opb-paranoid/misc2010/datasets/caixa/normalized-1078.cudf.paranoid.opb.xz,3
OPT-LIN/normalized-PB10/leberre/opb-paranoid/misc2010/datasets/caixa/normalized-1093.cudf.paranoid.opb.xz,9
OPT-LIN/normalized-PB10/leberre/opb-paranoid/misc2010/datasets/caixa/normalized-1094.cudf.paranoid.opb.xz,8
OPT-LIN/normalized-PB10/leberre/opb-paranoid/misc2010/datasets/caixa/normalized-1097.cudf.paranoid.opb.xz,8
OPT-LIN/normalized-PB10/leberre/opb-paranoid/misc2010/datasets/caixa/normalized-1098.cudf.paranoid.opb.xz,9
OPT-LIN/normalized-PB10/leberre/opb-paranoid/misc2010/datasets/caixa/normalized-1125.cudf.paranoid.opb.xz,7
OPT-LIN/normalized-PB10/leberre/opb-paranoid/misc2010/datasets/caixa/normalized-1131.cudf.paranoid.opb.xz,23
OPT-LIN/normalized-PB10/leberre/opb-paranoid/misc2010/datasets/caixa/normalized-121.cudf.paranoid.opb.xz,20
OPT-LIN/normalized-PB10/leberre/opb-paranoid/misc2010/datasets/caixa/normalized-122.cudf.paranoid.opb.xz,20
OPT-LIN/normalized-PB10/leberre/opb-paranoid/misc2010/datasets/caixa/normalized-1238.cudf.paranoid.opb.xz,23
OPT-LIN/normalized-PB10/leberre/opb-paranoid/misc2010/datasets/caixa/normalized-1243.cudf.paranoid.opb.xz,23
OPT-LIN/normalized-PB10/leberre/opb-paranoid/misc2010/datasets/caixa/normalized-1335.cudf.paranoid.opb.xz,23
OPT-LIN/normalized-PB10/leberre/opb-paranoid/misc2010/datasets/caixa/normalized-1336.cudf.paranoid.opb.xz,23
OPT-LIN/normalized-PB10/leberre/opb-paranoid/misc2010/datasets/caixa/normalized-1378.cudf.paranoid.opb.xz,23
OPT-LIN/normalized-PB10/leberre/opb-paranoid/misc2010/datasets/caixa/normalized-1468.cudf.paranoid.opb.xz,23
OPT-LIN/normalized-PB10/leberre/opb-paranoid/misc2010/datasets/caixa/normalized-519.cudf.paranoid.opb.xz,22
OPT-LIN/normalized-PB10/leberre/opb-paranoid/misc2010/datasets/caixa/normalized-520.cudf.paranoid.opb.xz,22
OPT-LIN/normalized-PB10/leberre/opb-paranoid/misc2010/datasets/caixa/normalized-522.cudf.paranoid.opb.xz,22
OPT-LIN/normalized-PB10/leberre/opb-paranoid/misc2010/datasets/caixa/normalized-550.cudf.paranoid.opb.xz,22
OPT-LIN/normalized-PB10/leberre/opb-paranoid/misc2010/datasets/caixa/normalized-556.cudf.paranoid.opb.xz,22
OPT-LIN/normalized-PB10/leberre/opb-paranoid/misc2010/datasets/caixa/normalized-557.cudf.paranoid.opb.xz,22
OPT-LIN/normalized-PB10/leberre/opb-paranoid/misc2010/datasets/caixa/normalized-581.cudf.paranoid.opb.xz,22
OPT-LIN/normalized-PB10/leberre/opb-paranoid/misc2010/datasets/caixa/normalized-584.cudf.paranoid.opb.xz,22
OPT-LIN/normalized-PB10/leberre/opb-paranoid/misc2010/datasets/caixa/normalized-650.cudf.paranoid.opb.xz,22
OPT-LIN/normalized-PB10/leberre/opb-paranoid/misc2010/datasets/caixa/normalized-658.cudf.paranoid.opb.xz,8
OPT-LIN/normalized-PB10/leberre/opb-paranoid/misc2010/datasets/caixa/normalized-787.cudf.paranoid.opb.xz,4
OPT-LIN/normalized-PB10/leberre/opb-paranoid/misc2010/datasets/caixa/normalized-869.cudf.paranoid.opb.xz,8
OPT-LIN/normalized-PB10/leberre/opb-paranoid/misc2010/datasets/caixa/normalized-902.cudf.paranoid.opb.xz,9
OPT-LIN/normalized-PB10/leberre/opb-paranoid/misc2010/datasets/caixa/normalized-990.cudf.paranoid.opb.xz,9
OPT-LIN/normalized-PB10/leberre/opb-paranoid/misc2010/datasets/caixa/normalized-995.cudf.paranoid.opb.xz,7
OPT-LIN/normalized-PB10/leberre/opb-paranoid/misc2010/random/rand.biglist/normalized-rand0c02bc.cudf.paranoid.opb.xz,20
OPT-LIN/normalized-PB10/leberre/opb-paranoid/misc2010/random/rand.biglist/normalized-rand13056c.cudf.paranoid.opb.xz,21
OPT-LIN/normalized-PB10/leberre/opb-paranoid/misc2010/random/rand.biglist/normalized-rand144372.cudf.paranoid.opb.xz,21
OPT-LIN/normalized-PB10/leberre/opb-paranoid/misc2010/random/rand.biglist/normalized-rand199fd6.cudf.paranoid.opb.xz,20
OPT-LIN/normalized-PB10/leberre/opb-paranoid/misc2010/random/rand.biglist/normalized-rand2d77b5.cudf.paranoid.opb.xz,21
OPT-LIN/normalized-PB10/leberre/opb-paranoid/misc2010/random/rand.biglist/normalized-rand2d8467.cudf.paranoid.opb.xz,20
OPT-LIN/normalized-PB10/leberre/opb-paranoid/misc2010/random/rand.biglist/normalized-rand35d0c8.cudf.paranoid.opb.xz,20
OPT-LIN/normalized-PB10/leberre/opb-paranoid/misc2010/random/rand.biglist/normalized-rand43bd88.cudf.paranoid.opb.xz,21
OPT-LIN/normalized-PB10/leberre/opb-paranoid/misc2010/random/rand.biglist/normalized-rand4bf850.cudf.paranoid.opb.xz,20
OPT-LIN/normalized-PB10/leberre/opb-paranoid/misc2010/random/rand.biglist/normalized-rand5c0b12.cudf.paranoid.opb.xz,21
OPT-LIN/normalized-PB10/leberre/opb-paranoid/misc2010/random/rand.biglist/normalized-rand659e05.cudf.paranoid.opb.xz,21
OPT-LIN/normalized-PB10/leberre/opb-paranoid/misc2010/random/rand.biglist/normalized-rand65d021.cudf.paranoid.opb.xz,20
OPT-LIN/normalized-PB10/leberre/opb-paranoid/misc2010/random/rand.biglist/normalized-rand6d579e.cudf.paranoid.opb.xz,21
OPT-LIN/normalized-PB10/leberre/opb-paranoid/misc2010/random/rand.biglist/normalized-rand8177e7.cudf.paranoid.opb.xz,21
OPT-LIN/normalized-PB10/leberre/opb-paranoid/misc2010/random/rand.biglist/normalized-rand902db1.cudf.paranoid.opb.xz,20
OPT-LIN/normalized-PB10/leberre/opb-paranoid/misc2010/random/rand.biglist/normalized-randa09fe9.cudf.paranoid.opb.xz,20
OPT-LIN/normalized-PB10/leberre/opb-paranoid/misc2010/random/rand.biglist/normalized-randa491d5.cudf.paranoid.opb.xz,20
OPT-LIN/normalized-PB10/leberre/opb-paranoid/misc2010/random/rand.biglist/normalized-randa6997e.cudf.paranoid.opb.xz,20
OPT-LIN/normalized-PB10/leberre/opb-paranoid/misc2010/random/rand.biglist/normalized-randaef248.cudf.paranoid.opb.xz,20
OPT-LIN/normalized-PB10/leberre/opb-paranoid/misc2010/random/rand.biglist/normalized-randaefc7c.cudf.paranoid.opb.xz,20
OPT-LIN/normalized-PB10/leberre/opb-paranoid/misc2010/random/rand.biglist/normalized-randb3c96d.cudf.paranoid.opb.xz,21
OPT-LIN/normalized-PB10/leberre/opb-paranoid/misc2010/random/rand.biglist/normalized-randb87834.cudf.paranoid.opb.xz,20
OPT-LIN/normalized-PB10/leberre/opb-paranoid/misc2010/random/rand.biglist/normalized-randbccf2d.cudf.paranoid.opb.xz,20
OPT-LIN/normalized-PB10/leberre/opb-paranoid/misc2010/random/rand.biglist/normalized-randd1cab2.cudf.paranoid.opb.xz,20
OPT-LIN/normalized-PB10/leberre/opb-paranoid/misc2010/random/rand.biglist/normalized-randee102b.cudf.paranoid.opb.xz,21
OPT-LIN/normalized-PB10/leberre/opb-paranoid/misc2010/random/rand.biglist/normalized-randf7d077.cudf.paranoid.opb.xz,20
OPT-LIN/normalized-PB10/leberre/opb-paranoid/misc2010/random/rand.biglist/normalized-randfe95e3.cudf.paranoid.opb.xz,20
OPT-LIN/normalized-PB10/leberre/opb-paranoid/misc2010/random/rand.newlist/normalized-rand00ebc7.cudf.paranoid.opb.xz,20
OPT-LIN/normalized-PB10/leberre/opb-paranoid/misc2010/random/rand.newlist/normalized-rand085d8a.cudf.paranoid.opb.xz,20
OPT-LIN/normalized-PB10/leberre/opb-paranoid/misc2010/random/rand.newlist/normalized-rand0a62b6.cudf.paranoid.opb.xz,20
OPT-LIN/normalized-PB10/leberre/opb-paranoid/misc2010/random/rand.newlist/normalized-rand112989.cudf.paranoid.opb.xz,21
OPT-LIN/normalized-PB10/leberre/opb-paranoid/misc2010/random/rand.newlist/normalized-rand18b530.cudf.paranoid.opb.xz,20
OPT-LIN/normalized-PB10/leberre/opb-paranoid/misc2010/random/rand.newlist/normalized-rand271a0d.cudf.paranoid.opb.xz,20
OPT-LIN/normalized-PB10/leberre/opb-paranoid/misc2010/random/rand.newlist/normalized-rand27da90.cudf.paranoid.opb.xz,20
OPT-LIN/normalized-PB10/leberre/opb-paranoid/misc2010/random/rand.newlist/normalized-rand362510.cudf.paranoid.opb.xz,20
OPT-LIN/normalized-PB10/leberre/opb-paranoid/misc2010/random/rand.newlist/normalized-rand3c03fd.cudf.paranoid.opb.xz,20
OPT-LIN/normalized-PB10/leberre/opb-paranoid/misc2010/random/rand.newlist/normalized-rand4a23d9.cudf.paranoid.opb.xz,20
OPT-LIN/normalized-PB10/leberre/opb-paranoid/misc2010/random/rand.newlist/normalized-rand4b919e.cudf.paranoid.opb.xz,20
OPT-LIN/normalized-PB10/leberre/opb-paranoid/misc2010/random/rand.newlist/normalized-rand5d20db.cudf.paranoid.opb.xz,20
OPT-LIN/normalized-PB10/leberre/opb-paranoid/misc2010/random/rand.newlist/normalized-rand71b131.cudf.paranoid.opb.xz,20
OPT-LIN/normalized-PB10/leberre/opb-paranoid/misc2010/random/rand.newlist/normalized-rand767898.cudf.paranoid.opb.xz,20
OPT-LIN/normalized-PB10/leberre/opb-paranoid/misc2010/random/rand.newlist/normalized-rand9ffe99.cudf.paranoid.opb.xz,20
OPT-LIN/normalized-PB10/leberre/opb-paranoid/misc2010/random/rand.newlist/normalized-randa2004a.cudf.paranoid.opb.xz,20
OPT-LIN/normalized-PB10/leberre/opb-paranoid/misc2010/random/rand.newlist/normalized-randb54299.cudf.paranoid.opb.xz,20
OPT-LIN/normalized-PB10/leberre/opb-paranoid/misc2010/random/rand.newlist/normalized-randc18b26.cudf.paranoid.opb.xz,20
OPT-LIN/normalized-PB10/leberre/opb-paranoid/misc2010/random/rand.newlist/normalized-randc5b1f2.cudf.paranoid.opb.xz,20
OPT-LIN/normalized-PB10/leberre/opb-paranoid/misc2010/random/rand.newlist/normalized-randc5fe62.cudf.paranoid.opb.xz,20
OPT-LIN/normalized-PB10/leberre/opb-paranoid/misc2010/random/rand.newlist/normalized-randc7f8e5.cudf.paranoid.opb.xz,20
OPT-LIN/normalized-PB10/leberre/opb-paranoid/misc2010/random/rand.newlist/normalized-randcebca4.cudf.paranoid.opb.xz,20
OPT-LIN/normalized-PB10/leberre/opb-paranoid/misc2010/random/rand.newlist/normalized-randd7b2b4.cudf.paranoid.opb.xz,20
OPT-LIN/normalized-PB10/leberre/opb-paranoid/misc2010/random/rand.newlist/normalized-randd92c9f.cudf.paranoid.opb.xz,20
OPT-LIN/normalized-PB10/leberre/opb-paranoid/misc2010/random/rand.newlist/normalized-randec6fe1.cudf.paranoid.opb.xz,20
OPT-LIN/normalized-PB10/leberre/opb-paranoid/misc2010/random/rand.newlist/normalized-randf66c83.cudf.paranoid.opb.xz,20
OPT-LIN/normalized-PB10/leberre/opb-paranoid/misc2010/random/rand.newlist/normalized-randf794d2.cudf.paranoid.opb.xz,20
OPT-LIN/normalized-PB10/leberre/opb-paranoid/misc2010/random/rand.newlist/normalized-randfd04d4.cudf.paranoid.opb.xz,20
OPT-LIN/normalized-PB10/leberre/opb-paranoid/misc2010/random/rand.smallist/normalized-rand03b0b5.cudf.paranoid.opb.xz,22
OPT-LIN/normalized-PB10/leberre/opb-paranoid/misc2010/random/rand.smallist/normalized-rand1958fb.cudf.paranoid.opb.xz,22
OPT-LIN/normalized-PB10/leberre/opb-paranoid/misc2010/random/rand.smallist/normalized-rand2fa1f8.cudf.paranoid.opb.xz,22
OPT-LIN/normalized-PB10/leberre/opb-paranoid/misc2010/random/rand.smallist/normalized-rand35afbf.cudf.paranoid.opb.xz,22
OPT-LIN/normalized-PB10/leberre/opb-paranoid/misc2010/random/rand.smallist/normalized-rand396cf8.cudf.paranoid.opb.xz,22
OPT-LIN/normalized-PB10/leberre/opb-paranoid/misc2010/random/rand.smallist/normalized-rand49e642.cudf.paranoid.opb.xz,22
OPT-LIN/normalized-PB10/leberre/opb-paranoid/misc2010/random/rand.smallist/normalized-rand56b853.cudf.paranoid.opb.xz,21
OPT-LIN/normalized-PB10/leberre/opb-paranoid/misc2010/random/rand.smallist/normalized-rand59f7dd.cudf.paranoid.opb.xz,22
OPT-LIN/normalized-PB10/leberre/opb-paranoid/misc2010/random/rand.smallist/normalized-rand601ba8.cudf.paranoid.opb.xz,22
OPT-LIN/normalized-PB10/leberre/opb-paranoid/misc2010/random/rand.smallist/normalized-rand682c92.cudf.paranoid.opb.xz,22
OPT-LIN/normalized-PB10/leberre/opb-paranoid/misc2010/random/rand.smallist/normalized-rand6c4744.cudf.paranoid.opb.xz,22
OPT-LIN/normalized-PB10/leberre/opb-paranoid/misc2010/random/rand.smallist/normalized-rand6f4585.cudf.paranoid.opb.xz,22
OPT-LIN/normalized-PB10/leberre/opb-paranoid/misc2010/random/rand.smallist/normalized-rand7e9372.cudf.paranoid.opb.xz,22
OPT-LIN/normalized-PB10/leberre/opb-paranoid/misc2010/random/rand.smallist/normalized-rand88811a.cudf.paranoid.opb.xz,22
OPT-LIN/normalized-PB10/leberre/opb-paranoid/misc2010/random/rand.smallist/normalized-rand936b0d.cudf.paranoid.opb.xz,22
OPT-LIN/normalized-PB10/leberre/opb-paranoid/misc2010/random/rand.smallist/normalized-rand9e35f0.cudf.paranoid.opb.xz,22
OPT-LIN/normalized-PB10/leberre/opb-paranoid/misc2010/random/rand.smallist/normalized-randa13f2d.cudf.paranoid.opb.xz,22
OPT-LIN/normalized-PB10/leberre/opb-paranoid/misc2010/random/rand.smallist/normalized-randa65dfb.cudf.paranoid.opb.xz,22
OPT-LIN/normalized-PB10/leberre/opb-paranoid/misc2010/random/rand.smallist/normalized-randa65f48.cudf.paranoid.opb.xz,22
OPT-LIN/normalized-PB10/leberre/opb-paranoid/misc2010/random/rand.smallist/normalized-randab5933.cudf.paranoid.opb.xz,22
OPT-LIN/normalized-PB10/leberre/opb-paranoid/misc2010/random/rand.smallist/normalized-randbbb4ba.cudf.paranoid.opb.xz,22
OPT-LIN/normalized-PB10/leberre/opb-paranoid/misc2010/random/rand.smallist/normalized-randcbf550.cudf.paranoid.opb.xz,21
OPT-LIN/normalized-PB10/leberre/opb-paranoid/misc2010/random/rand.smallist/normalized-randcef367.cudf.paranoid.opb.xz,22
OPT-LIN/normalized-PB10/leberre/opb-paranoid/misc2010/random/rand.smallist/normalized-randd6bc17.cudf.paranoid.opb.xz,21
OPT-LIN/normalized-PB10/leberre/opb-paranoid/misc2010/random/rand.smallist/normalized-randdc506f.cudf.paranoid.opb.xz,22
OPT-LIN/normalized-PB10/leberre/opb-paranoid/misc2010/random/rand.smallist/normalized-randdd5509.cudf.paranoid.opb.xz,22
OPT-LIN/normalized-PB10/leberre/opb-paranoid/misc2010/random/rand.smallist/normalized-rande2165e.cudf.paranoid.opb.xz,22
OPT-LIN/normalized-PB10/leberre/opb-paranoid/misc2010/random/rand.smallist/normalized-rande22180.cudf.paranoid.opb.xz,22
OPT-LIN/normalized-PB10/leberre/opb-paranoid/misc2010/random/rand.smallist/normalized-rande89f80.cudf.paranoid.opb.xz,21
OPT-LIN/normalized-PB10/leberre/opb-paranoid/misc2010/random/rand.smallist/normalized-randea4da3.cudf.paranoid.opb.xz,22
OPT-LIN/normalized-PB10/leberre/opb-trendy/misc2010/datasets/10orplus/normalized-codebreaker.cudf.trendy.opb.xz,48
OPT-LIN/normalized-PB10/leberre/opb-trendy/misc2010/datasets/10orplus/normalized-dwww.cudf.trendy.opb.xz,48
OPT-LIN/normalized-PB10/leberre/opb-trendy/misc2010/datasets/10orplus/normalized-epiphany-browser.cudf.trendy.opb.xz,48
OPT-LIN/normalized-PB10/leberre/opb-trendy/misc2010/datasets/10orplus/normalized-evolution-dev.cudf.trendy.opb.xz,48
OPT-LIN/normalized-PB10/leberre/opb-trendy/misc2010/datasets/10orplus/normalized-gnochm.cudf.trendy.opb.xz,48
OPT-LIN/normalized-PB10/leberre/opb-trendy/misc2010/datasets/10orplus/normalized-gnome-panel-data.cudf.trendy.opb.xz,48
OPT-LIN/normalized-PB10/leberre/opb-trendy/misc2010/datasets/10orplus/normalized-guake.cudf.trendy.opb.xz,48
OPT-LIN/normalized-PB10/leberre/opb-trendy/misc2010/datasets/10orplus/normalized-hal-cups-utils.cudf.trendy.opb.xz,48
OPT-LIN/normalized-PB10/leberre/opb-trendy/misc2010/datasets/10orplus/normalized-idle.cudf.trendy.opb.xz,48
OPT-LIN/normalized-PB10/leberre/opb-trendy/misc2010/datasets/10orplus/normalized-kdebase-bin.cudf.trendy.opb.xz,48
OPT-LIN/normalized-PB10/leberre/opb-trendy/misc2010/datasets/10orplus/normalized-konq-plugins.cudf.trendy.opb.xz,48
OPT-LIN/normalized-PB10/leberre/opb-trendy/misc2010/datasets/10orplus/normalized-libbsd-resource-perl.cudf.trendy.opb.xz,48
OPT-LIN/normalized-PB10/leberre/opb-trendy/misc2010/datasets/10orplus/normalized-libcatalyst-perl.cudf.trendy.opb.xz,48
OPT-LIN/normalized-PB10/leberre/opb-trendy/misc2010/datasets/10orplus/normalized-libcurses-perl.cudf.trendy.opb.xz,48
OPT-LIN/normalized-PB10/leberre/opb-trendy/misc2010/datasets/10orplus/normalized-libcyrus-imap-perl22.cudf.trendy.opb.xz,48
OPT-LIN/normalized-PB10/leberre/opb-trendy/misc2010/datasets/10orplus/normalized-libdbd-pg-perl.cudf.trendy.opb.xz,48
OPT-LIN/normalized-PB10/leberre/opb-trendy/misc2010/datasets/10orplus/normalized-libhtml-parser-perl.cudf.trendy.opb.xz,48
OPT-LIN/normalized-PB10/leberre/opb-trendy/misc2010/datasets/10orplus/normalized-libmail-spf-perl.cudf.trendy.opb.xz,48
OPT-LIN/normalized-PB10/leberre/opb-trendy/misc2010/datasets/10orplus/normalized-libnkf-perl.cudf.trendy.opb.xz,48
OPT-LIN/normalized-PB10/leberre/opb-trendy/misc2010/datasets/10orplus/normalized-libnspr4-dev.cudf.trendy.opb.xz,48
OPT-LIN/normalized-PB10/leberre/opb-trendy/misc2010/datasets/10orplus/normalized-libnss3-1d.cudf.trendy.opb.xz,48
OPT-LIN/normalized-PB10/leberre/opb-trendy/misc2010/datasets/10orplus/normalized-libpango-perl.cudf.trendy.opb.xz,48
OPT-LIN/normalized-PB10/leberre/opb-trendy/misc2010/datasets/10orplus/normalized-libpoe-perl.cudf.trendy.opb.xz,48
OPT-LIN/normalized-PB10/leberre/opb-trendy/misc2010/datasets/10orplus/normalized-libtemplate-provider-encoding-perl.cudf.trendy.opb.xz,48
OPT-LIN/normalized-PB10/leberre/opb-trendy/misc2010/datasets/10orplus/normalized-lirc.cudf.trendy.opb.xz,48
OPT-LIN/normalized-PB10/leberre/opb-trendy/misc2010/datasets/10orplus/normalized-mercurial-common.cudf.trendy.opb.xz,48
OPT-LIN/normalized-PB10/leberre/opb-trendy/misc2010/datasets/10orplus/normalized-monodevelop-nunit.cudf.trendy.opb.xz,48
OPT-LIN/normalized-PB10/leberre/opb-trendy/misc2010/datasets/10orplus/normalized-openoffice.org-l10n-da.cudf.trendy.opb.xz,48
OPT-LIN/normalized-PB10/leberre/opb-trendy/misc2010/datasets/10orplus/normalized-openoffice.org-l10n-nl.cudf.trendy.opb.xz,48
OPT-LIN/normalized-PB10/leberre/opb-trendy/misc2010/datasets/10orplus/normalized-pidgin-plugin-pack.cudf.trendy.opb.xz,48
OPT-LIN/normalized-PB10/leberre/opb-trendy/misc2010/datasets/10orplus/normalized-pybackpack.cudf.trendy.opb.xz,48
OPT-LIN/normalized-PB10/leberre/opb-trendy/misc2010/datasets/10orplus/normalized-python-cairo.cudf.trendy.opb.xz,48
OPT-LIN/normalized-PB10/leberre/opb-trendy/misc2010/datasets/10orplus/normalized-python-hippocanvas.cudf.trendy.opb.xz,48
OPT-LIN/normalized-PB10/leberre/opb-trendy/misc2010/datasets/10orplus/normalized-sonata.cudf.trendy.opb.xz,48
OPT-LIN/normalized-PB10/leberre/opb-trendy/misc2010/datasets/10orplus/normalized-synaptic.cudf.trendy.opb.xz,48
OPT-LIN/normalized-PB10/leberre/opb-trendy/misc2010/datasets/10orplus/normalized-system-config-printer.cudf.trendy.opb.xz,48
OPT-LIN/normalized-PB10/leberre/opb-trendy/misc2010/datasets/10orplus/normalized-texlive-generic-recommended.cudf.trendy.opb.xz,48
OPT-LIN/normalized-PB10/leberre/opb-trendy/misc2010/datasets/10orplus/normalized-txt2html.cudf.trendy.opb.xz,48
OPT-LIN/normalized-PB10/leberre/opb-trendy/misc2010/datasets/10orplus/normalized-unattended-upgrades.cudf.trendy.opb.xz,48
OPT-LIN/normalized-PB10/leberre/opb-trendy/misc2010/datasets/10orplus/normalized-xvfb.cudf.trendy.opb.xz,48
OPT-LIN/normalized-PB10/leberre/opb-trendy/misc2010/datasets/9orless/normalized-ark.cudf.trendy.opb.xz,48
OPT-LIN/normalized-PB10/leberre/opb-trendy/misc2010/datasets/9orless/normalized-audacious-plugins-extra.cudf.trendy.opb.xz,48
OPT-LIN/normalized-PB10/leberre/opb-trendy/misc2010/datasets/9orless/normalized-dpkg-dev.cudf.trendy.opb.xz,48
OPT-LIN/normalized-PB10/leberre/opb-trendy/misc2010/datasets/9orless/normalized-fcron.cudf.trendy.opb.xz,48
OPT-LIN/normalized-PB10/leberre/opb-trendy/misc2010/datasets/9orless/normalized-gnash-common-opengl.cudf.trendy.opb.xz,48
OPT-LIN/normalized-PB10/leberre/opb-trendy/misc2010/datasets/9orless/normalized-gpc-4.1.cudf.trendy.opb.xz,48
OPT-LIN/normalized-PB10/leberre/opb-trendy/misc2010/datasets/9orless/normalized-gtwitter.cudf.trendy.opb.xz,48
OPT-LIN/normalized-PB10/leberre/opb-trendy/misc2010/datasets/9orless/normalized-inetutils-syslogd.cudf.trendy.opb.xz,48
OPT-LIN/normalized-PB10/leberre/opb-trendy/misc2010/datasets/9orless/normalized-kbd.cudf.trendy.opb.xz,48
OPT-LIN/normalized-PB10/leberre/opb-trendy/misc2010/datasets/9orless/normalized-kblocks.cudf.trendy.opb.xz,48
OPT-LIN/normalized-PB10/leberre/opb-trendy/misc2010/datasets/9orless/normalized-kdemultimedia-kio-plugins.cudf.trendy.opb.xz,48
OPT-LIN/normalized-PB10/leberre/opb-trendy/misc2010/datasets/9orless/normalized-kdessh.cudf.trendy.opb.xz,48
OPT-LIN/normalized-PB10/leberre/opb-trendy/misc2010/datasets/9orless/normalized-kdesudo.cudf.trendy.opb.xz,48
OPT-LIN/normalized-PB10/leberre/opb-trendy/misc2010/datasets/9orless/normalized-kfilereplace.cudf.trendy.opb.xz,48
OPT-LIN/normalized-PB10/leberre/opb-trendy/misc2010/datasets/9orless/normalized-kjumpingcube.cudf.trendy.opb.xz,48
OPT-LIN/normalized-PB10/leberre/opb-trendy/misc2010/datasets/9orless/normalized-kmines.cudf.trendy.opb.xz,48
OPT-LIN/normalized-PB10/leberre/opb-trendy/misc2010/datasets/9orless/normalized-knetwalk.cudf.trendy.opb.xz,48
OPT-LIN/normalized-PB10/leberre/opb-trendy/misc2010/datasets/9orless/normalized-kommander.cudf.trendy.opb.xz,48
OPT-LIN/normalized-PB10/leberre/opb-trendy/misc2010/datasets/9orless/normalized-kphotoalbum.cudf.trendy.opb.xz,48
OPT-LIN/normalized-PB10/leberre/opb-trendy/misc2010/datasets/9orless/normalized-ksystemlog.cudf.trendy.opb.xz,48
OPT-LIN/normalized-PB10/leberre/opb-trendy/misc2010/datasets/9orless/normalized-ktouch.cudf.trendy.opb.xz,48
OPT-LIN/normalized-PB10/leberre/opb-trendy/misc2010/datasets/9orless/normalized-kwin-style-crystal.cudf.trendy.opb.xz,48
OPT-LIN/normalized-PB10/leberre/opb-trendy/misc2010/datasets/9orless/normalized-libevolution3.0-cil.cudf.trendy.opb.xz,48
OPT-LIN/normalized-PB10/leberre/opb-trendy/misc2010/datasets/9orless/normalized-libgnokii4.cudf.trendy.opb.xz,48
OPT-LIN/normalized-PB10/leberre/opb-trendy/misc2010/datasets/9orless/normalized-libmono-addins-gui0.2-cil.cudf.trendy.opb.xz,48
OPT-LIN/normalized-PB10/leberre/opb-trendy/misc2010/datasets/9orless/normalized-libmono-relaxng1.0-cil.cudf.trendy.opb.xz,48
OPT-LIN/normalized-PB10/leberre/opb-trendy/misc2010/datasets/9orless/normalized-libwnck2.20-cil.cudf.trendy.opb.xz,48
OPT-LIN/normalized-PB10/leberre/opb-trendy/misc2010/datasets/9orless/normalized-mono-debugger.cudf.trendy.opb.xz,48
OPT-LIN/normalized-PB10/leberre/opb-trendy/misc2010/datasets/9orless/normalized-mono-gac.cudf.trendy.opb.xz,48
OPT-LIN/normalized-PB10/leberre/opb-trendy/misc2010/datasets/9orless/normalized-mono-mcs.cudf.trendy.opb.xz,48
OPT-LIN/normalized-PB10/leberre/opb-trendy/misc2010/datasets/9orless/normalized-openoffice.org-draw.cudf.trendy.opb.xz,48
OPT-LIN/normalized-PB10/leberre/opb-trendy/misc2010/datasets/9orless/normalized-plasma-dataengines-workspace.cudf.trendy.opb.xz,48
OPT-LIN/normalized-PB10/leberre/opb-trendy/misc2010/datasets/9orless/normalized-plasma-widgets-workspace.cudf.trendy.opb.xz,48
OPT-LIN/normalized-PB10/leberre/opb-trendy/misc2010/datasets/9orless/normalized-r-cran-car.cudf.trendy.opb.xz,48
OPT-LIN/normalized-PB10/leberre/opb-trendy/misc2010/datasets/9orless/normalized-r-cran-lme4.cudf.trendy.opb.xz,48
OPT-LIN/normalized-PB10/leberre/opb-trendy/misc2010/datasets/9orless/normalized-r-cran-rodbc.cudf.trendy.opb.xz,48
OPT-LIN/normalized-PB10/leberre/opb-trendy/misc2010/datasets/9orless/normalized-tasque.cudf.trendy.opb.xz,48
OPT-LIN/normalized-PB10/leberre/opb-trendy/misc2010/datasets/9orless/normalized-upstart-compat-sysv.cudf.trendy.opb.xz,48
OPT-LIN/normalized-PB10/leberre/opb-trendy/misc2010/datasets/caixa/normalized-1021.cudf.trendy.opb.xz,19
OPT-LIN/normalized-PB10/leberre/opb-trendy/misc2010/datasets/caixa/normalized-1034.cudf.trendy.opb.xz,27
OPT-LIN/normalized-PB10/leberre/opb-trendy/misc2010/datasets/caixa/normalized-1037.cudf.trendy.opb.xz,22
OPT-LIN/normalized-PB10/leberre/opb-trendy/misc2010/datasets/caixa/normalized-1077.cudf.trendy.opb.xz,25
OPT-LIN/normalized-PB10/leberre/opb-trendy/misc2010/datasets/caixa/normalized-1078.cudf.trendy.opb.xz,8
OPT-LIN/normalized-PB10/leberre/opb-trendy/misc2010/datasets/caixa/normalized-1093.cudf.trendy.opb.xz,26
OPT-LIN/normalized-PB10/leberre/opb-trendy/misc2010/datasets/caixa/normalized-1094.cudf.trendy.opb.xz,22
OPT-LIN/normalized-PB10/leberre/opb-trendy/misc2010/datasets/caixa/normalized-1097.cudf.trendy.opb.xz,22
OPT-LIN/normalized-PB10/leberre/opb-trendy/misc2010/datasets/caixa/normalized-1098.cudf.trendy.opb.xz,25
OPT-LIN/normalized-PB10/leberre/opb-trendy/misc2010/datasets/caixa/normalized-1131.cudf.trendy.opb.xz,45
OPT-LIN/normalized-PB10/leberre/opb-trendy/misc2010/datasets/caixa/normalized-121.cudf.trendy.opb.xz,39
OPT-LIN/normalized-PB10/leberre/opb-trendy/misc2010/datasets/caixa/normalized-122.cudf.trendy.opb.xz,39
OPT-LIN/normalized-PB10/leberre/opb-trendy/misc2010/datasets/caixa/normalized-1238.cudf.trendy.opb.xz,45
OPT-LIN/normalized-PB10/leberre/opb-trendy/misc2010/datasets/caixa/normalized-1243.cudf.trendy.opb.xz,45
OPT-LIN/normalized-PB10/leberre/opb-trendy/misc2010/datasets/caixa/normalized-1335.cudf.trendy.opb.xz,45
OPT-LIN/normalized-PB10/leberre/opb-trendy/misc2010/datasets/caixa/normalized-1336.cudf.trendy.opb.xz,45
OPT-LIN/normalized-PB10/leberre/opb-trendy/misc2010/datasets/caixa/normalized-1378.cudf.trendy.opb.xz,45
OPT-LIN/normalized-PB10/leberre/opb-trendy/misc2010/datasets/caixa/normalized-1468.cudf.trendy.opb.xz,45
OPT-LIN/normalized-PB10/leberre/opb-trendy/misc2010/datasets/caixa/normalized-519.cudf.trendy.opb.xz,44
OPT-LIN/normalized-PB10/leberre/opb-trendy/misc2010/datasets/caixa/normalized-520.cudf.trendy.opb.xz,44
OPT-LIN/normalized-PB10/leberre/opb-trendy/misc2010/datasets/caixa/normalized-522.cudf.trendy.opb.xz,44
OPT-LIN/normalized-PB10/leberre/opb-trendy/misc2010/datasets/caixa/normalized-556.cudf.trendy.opb.xz,43
OPT-LIN/normalized-PB10/leberre/opb-trendy/misc2010/datasets/caixa/normalized-557.cudf.trendy.opb.xz,43
OPT-LIN/normalized-PB10/leberre/opb-trendy/misc2010/datasets/caixa/normalized-558.cudf.trendy.opb.xz,43
OPT-LIN/normalized-PB10/leberre/opb-trendy/misc2010/datasets/caixa/normalized-579.cudf.trendy.opb.xz,44
OPT-LIN/normalized-PB10/leberre/opb-trendy/misc2010/datasets/caixa/normalized-582.cudf.trendy.opb.xz,44
OPT-LIN/normalized-PB10/leberre/opb-trendy/misc2010/datasets/caixa/normalized-650.cudf.trendy.opb.xz,45
OPT-LIN/normalized-PB10/leberre/opb-trendy/misc2010/datasets/caixa/normalized-658.cudf.trendy.opb.xz,23
OPT-LIN/normalized-PB10/leberre/opb-trendy/misc2010/datasets/caixa/normalized-787.cudf.trendy.opb.xz,12
OPT-LIN/normalized-PB10/leberre/opb-trendy/misc2010/datasets/caixa/normalized-869.cudf.trendy.opb.xz,23
OPT-LIN/normalized-PB10/leberre/opb-trendy/misc2010/datasets/caixa/normalized-902.cudf.trendy.opb.xz,26
OPT-LIN/normalized-PB10/leberre/opb-trendy/misc2010/datasets/caixa/normalized-990.cudf.trendy.opb.xz,26
OPT-LIN/normalized-PB10/leberre/opb-trendy/misc2010/datasets/caixa/normalized-995.cudf.trendy.opb.xz,19
OPT-LIN/normalized-PB10/leberre/opb-trendy/misc2010/random/rand.biglist/normalized-rand0c02bc.cudf.trendy.opb.xz,42
OPT-LIN/normalized-PB10/leberre/opb-trendy/misc2010/random/rand.biglist/normalized-rand13056c.cudf.trendy.opb.xz,43
OPT-LIN/normalized-PB10/leberre/opb-trendy/misc2010/random/rand.biglist/normalized-rand144372.cudf.trendy.opb.xz,42
OPT-LIN/normalized-PB10/leberre/opb-trendy/misc2010/random/rand.biglist/normalized-rand199fd6.cudf.trendy.opb.xz,42
OPT-LIN/normalized-PB10/leberre/opb-trendy/misc2010/random/rand.biglist/normalized-rand2d77b5.cudf.trendy.opb.xz,42
OPT-LIN/normalized-PB10/leberre/opb-trendy/misc2010/random/rand.biglist/normalized-rand2d8467.cudf.trendy.opb.xz,42
OPT-LIN/normalized-PB10/leberre/opb-trendy/misc2010/random/rand.biglist/normalized-rand35d0c8.cudf.trendy.opb.xz,42
OPT-LIN/normalized-PB10/leberre/opb-trendy/misc2010/random/rand.biglist/normalized-rand43bd88.cudf.trendy.opb.xz,43
OPT-LIN/normalized-PB10/leberre/opb-trendy/misc2010/random/rand.biglist/normalized-rand4bf850.cudf.trendy.opb.xz,42
OPT-LIN/normalized-PB10/leberre/opb-trendy/misc2010/random/rand.biglist/normalized-rand5c0b12.cudf.trendy.opb.xz,43
OPT-LIN/normalized-PB10/leberre/opb-trendy/misc2010/random/rand.biglist/normalized-rand659e05.cudf.trendy.opb.xz,42
OPT-LIN/normalized-PB10/leberre/opb-trendy/misc2010/random/rand.biglist/normalized-rand65d021.cudf.trendy.opb.xz,42
OPT-LIN/normalized-PB10/leberre/opb-trendy/misc2010/random/rand.biglist/normalized-rand6d579e.cudf.trendy.opb.xz,42
OPT-LIN/normalized-PB10/leberre/opb-trendy/misc2010/random/rand.biglist/normalized-rand8177e7.cudf.trendy.opb.xz,43
OPT-LIN/normalized-PB10/leberre/opb-trendy/misc2010/random/rand.biglist/normalized-rand902db1.cudf.trendy.opb.xz,41
OPT-LIN/normalized-PB10/leberre/opb-trendy/misc2010/random/rand.biglist/normalized-randa09fe9.cudf.trendy.opb.xz,42
OPT-LIN/normalized-PB10/leberre/opb-trendy/misc2010/random/rand.biglist/normalized-randa491d5.cudf.trendy.opb.xz,42
OPT-LIN/normalized-PB10/leberre/opb-trendy/misc2010/random/rand.biglist/normalized-randa6997e.cudf.trendy.opb.xz,42
OPT-LIN/normalized-PB10/leberre/opb-trendy/misc2010/random/rand.biglist/normalized-randaef248.cudf.trendy.opb.xz,42
OPT-LIN/normalized-PB10/leberre/opb-trendy/misc2010/random/rand.biglist/normalized-randaefc7c.cudf.trendy.opb.xz,41
OPT-LIN/normalized-PB10/leberre/opb-trendy/misc2010/random/rand.biglist/normalized-randb3c96d.cudf.trendy.opb.xz,43
OPT-LIN/normalized-PB10/leberre/opb-trendy/misc2010/random/rand.biglist/normalized-randb87834.cudf.trendy.opb.xz,42
OPT-LIN/normalized-PB10/leberre/opb-trendy/misc2010/random/rand.biglist/normalized-randbccf2d.cudf.trendy.opb.xz,42
OPT-LIN/normalized-PB10/leberre/opb-trendy/misc2010/random/rand.biglist/normalized-randd1cab2.cudf.trendy.opb.xz,42
OPT-LIN/normalized-PB10/leberre/opb-trendy/misc2010/random/rand.biglist/normalized-randee102b.cudf.trendy.opb.xz,43
OPT-LIN/normalized-PB10/leberre/opb-trendy/misc2010/random/rand.biglist/normalized-randf7d077.cudf.trendy.opb.xz,42
OPT-LIN/normalized-PB10/leberre/opb-trendy/misc2010/random/rand.biglist/normalized-randfe95e3.cudf.trendy.opb.xz,42
OPT-LIN/normalized-PB10/leberre/opb-trendy/misc2010/random/rand.newlist/normalized-rand00ebc7.cudf.trendy.opb.xz,41
OPT-LIN/normalized-PB10/leberre/opb-trendy/misc2010/random/rand.newlist/normalized-rand085d8a.cudf.trendy.opb.xz,41
OPT-LIN/normalized-PB10/leberre/opb-trendy/misc2010/random/rand.newlist/normalized-rand0a62b6.cudf.trendy.opb.xz,42
OPT-LIN/normalized-PB10/leberre/opb-trendy/misc2010/random/rand.newlist/normalized-rand112989.cudf.trendy.opb.xz,42
OPT-LIN/normalized-PB10/leberre/opb-trendy/misc2010/random/rand.newlist/normalized-rand18b530.cudf.trendy.opb.xz,41
OPT-LIN/normalized-PB10/leberre/opb-trendy/misc2010/random/rand.newlist/normalized-rand271a0d.cudf.trendy.opb.xz,41
OPT-LIN/normalized-PB10/leberre/opb-trendy/misc2010/random/rand.newlist/normalized-rand27da90.cudf.trendy.opb.xz,41
OPT-LIN/normalized-PB10/leberre/opb-trendy/misc2010/random/rand.newlist/normalized-rand362510.cudf.trendy.opb.xz,42
OPT-LIN/normalized-PB10/leberre/opb-trendy/misc2010/random/rand.newlist/normalized-rand3c03fd.cudf.trendy.opb.xz,41
OPT-LIN/normalized-PB10/leberre/opb-trendy/misc2010/random/rand.newlist/normalized-rand4a23d9.cudf.trendy.opb.xz,41
OPT-LIN/normalized-PB10/leberre/opb-trendy/misc2010/random/rand.newlist/normalized-rand4b919e.cudf.trendy.opb.xz,42
OPT-LIN/normalized-PB10/leberre/opb-trendy/misc2010/random/rand.newlist/normalized-rand5d20db.cudf.trendy.opb.xz,42
OPT-LIN/normalized-PB10/leberre/opb-trendy/misc2010/random/rand.newlist/normalized-rand71b131.cudf.trendy.opb.xz,42
OPT-LIN/normalized-PB10/leberre/opb-trendy/misc2010/random/rand.newlist/normalized-rand767898.cudf.trendy.opb.xz,41
OPT-LIN/normalized-PB10/leberre/opb-trendy/misc2010/random/rand.newlist/normalized-rand9ffe99.cudf.trendy.opb.xz,41
OPT-LIN/normalized-PB10/leberre/opb-trendy/misc2010/random/rand.newlist/normalized-randa2004a.cudf.trendy.opb.xz,42
OPT-LIN/normalized-PB10/leberre/opb-trendy/misc2010/random/rand.newlist/normalized-randb54299.cudf.trendy.opb.xz,41
OPT-LIN/normalized-PB10/leberre/opb-trendy/misc2010/random/rand.newlist/normalized-randc18b26.cudf.trendy.opb.xz,42
OPT-LIN/normalized-PB10/leberre/opb-trendy/misc2010/random/rand.newlist/normalized-randc5b1f2.cudf.trendy.opb.xz,41
OPT-LIN/normalized-PB10/leberre/opb-trendy/misc2010/random/rand.newlist/normalized-randc5fe62.cudf.trendy.opb.xz,42
OPT-LIN/normalized-PB10/leberre/opb-trendy/misc2010/random/rand.newlist/normalized-randc7f8e5.cudf.trendy.opb.xz,41
OPT-LIN/normalized-PB10/leberre/opb-trendy/misc2010/random/rand.newlist/normalized-randcebca4.cudf.trendy.opb.xz,41
OPT-LIN/normalized-PB10/leberre/opb-trendy/misc2010/random/rand.newlist/normalized-randd7b2b4.cudf.trendy.opb.xz,41
OPT-LIN/normalized-PB10/leberre/opb-trendy/misc2010/random/rand.newlist/normalized-randd92c9f.cudf.trendy.opb.xz,41
OPT-LIN/normalized-PB10/leberre/opb-trendy/misc2010/random/rand.newlist/normalized-randec6fe1.cudf.trendy.opb.xz,41
OPT-LIN/normalized-PB10/leberre/opb-trendy/misc2010/random/rand.newlist/normalized-randf66c83.cudf.trendy.opb.xz,41
OPT-LIN/normalized-PB10/leberre/opb-trendy/misc2010/random/rand.newlist/normalized-randf794d2.cudf.trendy.opb.xz,42
OPT-LIN/normalized-PB10/leberre/opb-trendy/misc2010/random/rand.newlist/normalized-randfd04d4.cudf.trendy.opb.xz,42
OPT-LIN/normalized-PB10/leberre/opb-trendy/misc2010/random/rand.smallist/normalized-rand03b0b5.cudf.trendy.opb.xz,43
OPT-LIN/normalized-PB10/leberre/opb-trendy/misc2010/random/rand.smallist/normalized-rand1958fb.cudf.trendy.opb.xz,44
OPT-LIN/normalized-PB10/leberre/opb-trendy/misc2010/random/rand.smallist/normalized-rand2fa1f8.cudf.trendy.opb.xz,43
OPT-LIN/normalized-PB10/leberre/opb-trendy/misc2010/random/rand.smallist/normalized-rand35afbf.cudf.trendy.opb.xz,44
OPT-LIN/normalized-PB10/leberre/opb-trendy/misc2010/random/rand.smallist/normalized-rand396cf8.cudf.trendy.opb.xz,43
OPT-LIN/normalized-PB10/leberre/opb-trendy/misc2010/random/rand.smallist/normalized-rand49e642.cudf.trendy.opb.xz,44
OPT-LIN/normalized-PB10/leberre/opb-trendy/misc2010/random/rand.smallist/normalized-rand56b853.cudf.trendy.opb.xz,43
OPT-LIN/normalized-PB10/leberre/opb-trendy/misc2010/random/rand.smallist/normalized-rand59f7dd.cudf.trendy.opb.xz,43
OPT-LIN/normalized-PB10/leberre/opb-trendy/misc2010/random/rand.smallist/normalized-rand601ba8.cudf.trendy.opb.xz,44
OPT-LIN/normalized-PB10/leberre/opb-trendy/misc2010/random/rand.smallist/normalized-rand682c92.cudf.trendy.opb.xz,43
OPT-LIN/normalized-PB10/leberre/opb-trendy/misc2010/random/rand.smallist/normalized-rand6c4744.cudf.trendy.opb.xz,44
OPT-LIN/normalized-PB10/leberre/opb-trendy/misc2010/random/rand.smallist/normalized-rand6f4585.cudf.trendy.opb.xz,44
OPT-LIN/normalized-PB10/leberre/opb-trendy/misc2010/random/rand.smallist/normalized-rand7e9372.cudf.trendy.opb.xz,44
OPT-LIN/normalized-PB10/leberre/opb-trendy/misc2010/random/rand.smallist/normalized-rand88811a.cudf.trendy.opb.xz,43
OPT-LIN/normalized-PB10/leberre/opb-trendy/misc2010/random/rand.smallist/normalized-rand936b0d.cudf.trendy.opb.xz,43
OPT-LIN/normalized-PB10/leberre/opb-trendy/misc2010/random/rand.smallist/normalized-rand9e35f0.cudf.trendy.opb.xz,43
OPT-LIN/normalized-PB10/leberre/opb-trendy/misc2010/random/rand.smallist/normalized-randa13f2d.cudf.trendy.opb.xz,44
OPT-LIN/normalized-PB10/leberre/opb-trendy/misc2010/random/rand.smallist/normalized-randa65dfb.cudf.trendy.opb.xz,43
OPT-LIN/normalized-PB10/leberre/opb-trendy/misc2010/random/rand.smallist/normalized-randa65f48.cudf.trendy.opb.xz,43
OPT-LIN/normalized-PB10/leberre/opb-trendy/misc2010/random/rand.smallist/normalized-randab5933.cudf.trendy.opb.xz,43
OPT-LIN/normalized-PB10/leberre/opb-trendy/misc2010/random/rand.smallist/normalized-randbbb4ba.cudf.trendy.opb.xz,43
OPT-LIN/normalized-PB10/leberre/opb-trendy/misc2010/random/rand.smallist/normalized-randcbf550.cudf.trendy.opb.xz,43
OPT-LIN/normalized-PB10/leberre/opb-trendy/misc2010/random/rand.smallist/normalized-randcef367.cudf.trendy.opb.xz,44
OPT-LIN/normalized-PB10/leberre/opb-trendy/misc2010/random/rand.smallist/normalized-randd6bc17.cudf.trendy.opb.xz,42
OPT-LIN/normalized-PB10/leberre/opb-trendy/misc2010/random/rand.smallist/normalized-randdc506f.cudf.trendy.opb.xz,43
OPT-LIN/normalized-PB10/leberre/opb-trendy/misc2010/random/rand.smallist/normalized-randdd5509.cudf.trendy.opb.xz,44
OPT-LIN/normalized-PB10/leberre/opb-trendy/misc2010/random/rand.smallist/normalized-rande2165e.cudf.trendy.opb.xz,44
OPT-LIN/normalized-PB10/leberre/opb-trendy/misc2010/random/rand.smallist/normalized-rande22180.cudf.trendy.opb.xz,43
OPT-LIN/normalized-PB10/leberre/opb-trendy/misc2010/random/rand.smallist/normalized-rande89f80.cudf.trendy.opb.xz,43
OPT-LIN/normalized-PB10/leberre/opb-trendy/misc2010/random/rand.smallist/normalized-randea4da3.cudf.trendy.opb.xz,43
OPT-LIN/normalized-PB10/oliveras/j120opt/normalized-j12010_1.std.opb.xz,16
OPT-LIN/normalized-PB10/oliveras/j120opt/normalized-j12010_10.std.opb.xz,16
OPT-LIN/normalized-PB10/oliveras/j120opt/normalized-j12010_2.std.opb.xz,16
OPT-LIN/normalized-PB10/oliveras/j120opt/normalized-j12010_3.std.opb.xz,16
OPT-LIN/normalized-PB10/oliveras/j120opt/normalized-j12010_4.std.opb.xz,16
OPT-LIN/normalized-PB10/oliveras/j120opt/normalized-j12010_5.std.opb.xz,16
OPT-LIN/normalized-PB10/oliveras/j120opt/normalized-j12010_6.std.opb.xz,16
OPT-LIN/normalized-PB10/oliveras/j120opt/normalized-j12010_7.std.opb.xz,16
OPT-LIN/normalized-PB10/oliveras/j120opt/normalized-j12010_8.std.opb.xz,16
OPT-LIN/normalized-PB10/oliveras/j120opt/normalized-j12010_9.std.opb.xz,16
OPT-LIN/normalized-PB10/oliveras/j120opt/normalized-j12011_1.std.opb.xz,16
OPT-LIN/normalized-PB10/oliveras/j120opt/normalized-j12011_10.std.opb.xz,16
OPT-LIN/normalized-PB10/oliveras/j120opt/normalized-j12011_2.std.opb.xz,16
OPT-LIN/normalized-PB10/oliveras/j120opt/normalized-j12011_3.std.opb.xz,16
OPT-LIN/normalized-PB10/oliveras/j120opt/normalized-j12011_4.std.opb.xz,16
OPT-LIN/normalized-PB10/oliveras/j120opt/normalized-j12011_5.std.opb.xz,16
OPT-LIN/normalized-PB10/oliveras/j120opt/normalized-j12011_6.std.opb.xz,16
OPT-LIN/normalized-PB10/oliveras/j120opt/normalized-j12011_7.std.opb.xz,16
OPT-LIN/normalized-PB10/oliveras/j120opt/normalized-j12011_8.std.opb.xz,16
OPT-LIN/normalized-PB10/oliveras/j120opt/normalized-j12011_9.std.opb.xz,16
OPT-LIN/normalized-PB10/oliveras/j120opt/normalized-j12012_1.std.opb.xz,16
OPT-LIN/normalized-PB10/oliveras/j120opt/normalized-j12012_10.std.opb.xz,16
OPT-LIN/normalized-PB10/oliveras/j120opt/normalized-j12012_2.std.opb.xz,16
OPT-LIN/normalized-PB10/oliveras/j120opt/normalized-j12012_3.std.opb.xz,16
OPT-LIN/normalized-PB10/oliveras/j120opt/normalized-j12012_4.std.opb.xz,16
OPT-LIN/normalized-PB10/oliveras/j120opt/normalized-j12012_5.std.opb.xz,16
OPT-LIN/normalized-PB10/oliveras/j120opt/normalized-j12012_6.std.opb.xz,16
OPT-LIN/normalized-PB10/oliveras/j120opt/normalized-j12012_7.std.opb.xz,16
OPT-LIN/normalized-PB10/oliveras/j120opt/normalized-j12012_8.std.opb.xz,16
OPT-LIN/normalized-PB10/oliveras/j120opt/normalized-j12012_9.std.opb.xz,16
OPT-LIN/normalized-PB10/oliveras/j120opt/normalized-j12013_1.std.opb.xz,16
OPT-LIN/normalized-PB10/oliveras/j120opt/normalized-j12013_10.std.opb.xz,16
OPT-LIN/normalized-PB10/oliveras/j120opt/normalized-j12013_2.std.opb.xz,16
OPT-LIN/normalized-PB10/oliveras/j120opt/normalized-j12013_3.std.opb.xz,16
OPT-LIN/normalized-PB10/oliveras/j120opt/normalized-j12013_4.std.opb.xz,16
OPT-LIN/normalized-PB10/oliveras/j120opt/normalized-j12013_5.std.opb.xz,16
OPT-LIN/normalized-PB10/oliveras/j120opt/normalized-j12013_6.std.opb.xz,16
OPT-LIN/normalized-PB10/oliveras/j120opt/normalized-j12013_7.std.opb.xz,16
OPT-LIN/normalized-PB10/oliveras/j120opt/normalized-j12013_8.std.opb.xz,16
OPT-LIN/normalized-PB10/oliveras/j120opt/normalized-j12013_9.std.opb.xz,16
OPT-LIN/normalized-PB10/oliveras/j120opt/normalized-j12014_1.std.opb.xz,16
OPT-LIN/normalized-PB10/oliveras/j120opt/normalized-j12014_10.std.opb.xz,16
OPT-LIN/normalized-PB10/oliveras/j120opt/normalized-j12014_2.std.opb.xz,16
OPT-LIN/normalized-PB10/oliveras/j120opt/normalized-j12014_3.std.opb.xz,16
OPT-LIN/normalized-PB10/oliveras/j120opt/normalized-j12014_4.std.opb.xz,16
OPT-LIN/normalized-PB10/oliveras/j120opt/normalized-j12014_5.std.opb.xz,16
OPT-LIN/normalized-PB10/oliveras/j120opt/normalized-j12014_6.std.opb.xz,16
OPT-LIN/normalized-PB10/oliveras/j120opt/normalized-j12014_7.std.opb.xz,16
OPT-LIN/normalized-PB10/oliveras/j120opt/normalized-j12014_8.std.opb.xz,16
OPT-LIN/normalized-PB10/oliveras/j120opt/normalized-j12014_9.std.opb.xz,16
OPT-LIN/normalized-PB10/oliveras/j120opt/normalized-j12015_1.std.opb.xz,16
OPT-LIN/normalized-PB10/oliveras/j120opt/normalized-j12015_10.std.opb.xz,16
OPT-LIN/normalized-PB10/oliveras/j120opt/normalized-j12015_2.std.opb.xz,16
OPT-LIN/normalized-PB10/oliveras/j120opt/normalized-j12015_3.std.opb.xz,16
OPT-LIN/normalized-PB10/oliveras/j120opt/normalized-j12015_4.std.opb.xz,16
OPT-LIN/normalized-PB10/oliveras/j120opt/normalized-j12015_5.std.opb.xz,16
OPT-LIN/normalized-PB10/oliveras/j120opt/normalized-j12015_6.std.opb.xz,16
OPT-LIN/normalized-PB10/oliveras/j120opt/normalized-j12015_7.std.opb.xz,16
OPT-LIN/normalized-PB10/oliveras/j120opt/normalized-j12015_8.std.opb.xz,16
OPT-LIN/normalized-PB10/oliveras/j120opt/normalized-j12015_9.std.opb.xz,16
OPT-LIN/normalized-PB10/oliveras/j120opt/normalized-j12016_1.std.opb.xz,16
OPT-LIN/normalized-PB10/oliveras/j120opt/normalized-j12016_10.std.opb.xz,16
OPT-LIN/normalized-PB10/oliveras/j120opt/normalized-j12016_2.std.opb.xz,16
OPT-LIN/normalized-PB10/oliveras/j120opt/normalized-j12016_3.std.opb.xz,16
OPT-LIN/normalized-PB10/oliveras/j120opt/normalized-j12016_4.std.opb.xz,16
OPT-LIN/normalized-PB10/oliveras/j120opt/normalized-j12016_5.std.opb.xz,16
OPT-LIN/normalized-PB10/oliveras/j120opt/normalized-j12016_6.std.opb.xz,16
OPT-LIN/normalized-PB10/oliveras/j120opt/normalized-j12016_7.std.opb.xz,16
OPT-LIN/normalized-PB10/oliveras/j120opt/normalized-j12016_8.std.opb.xz,16
OPT-LIN/normalized-PB10/oliveras/j120opt/normalized-j12016_9.std.opb.xz,16
OPT-LIN/normalized-PB10/oliveras/j120opt/normalized-j12017_1.std.opb.xz,16
OPT-LIN/normalized-PB10/oliveras/j120opt/normalized-j12017_10.std.opb.xz,16
OPT-LIN/normalized-PB10/oliveras/j120opt/normalized-j12017_2.std.opb.xz,16
OPT-LIN/normalized-PB10/oliveras/j120opt/normalized-j12017_3.std.opb.xz,16
OPT-LIN/normalized-PB10/oliveras/j120opt/normalized-j12017_4.std.opb.xz,16
OPT-LIN/normalized-PB10/oliveras/j120opt/normalized-j12017_5.std.opb.xz,16
OPT-LIN/normalized-PB10/oliveras/j120opt/normalized-j12017_6.std.opb.xz,16
OPT-LIN/normalized-PB10/oliveras/j120opt/normalized-j12017_7.std.opb.xz,16
OPT-LIN/normalized-PB10/oliveras/j120opt/normalized-j12017_8.std.opb.xz,16
OPT-LIN/normalized-PB10/oliveras/j120opt/normalized-j12017_9.std.opb.xz,16
OPT-LIN/normalized-PB10/oliveras/j120opt/normalized-j12018_1.std.opb.xz,16
OPT-LIN/normalized-PB10/oliveras/j120opt/normalized-j12018_10.std.opb.xz,16
OPT-LIN/normalized-PB10/oliveras/j120opt/normalized-j12018_2.std.opb.xz,16
OPT-LIN/normalized-PB10/oliveras/j120opt/normalized-j12018_3.std.opb.xz,16
OPT-LIN/normalized-PB10/oliveras/j120opt/normalized-j12018_4.std.opb.xz,16
OPT-LIN/normalized-PB10/oliveras/j120opt/normalized-j12018_5.std.opb.xz,16
OPT-LIN/normalized-PB10/oliveras/j120opt/normalized-j12018_6.std.opb.xz,16
OPT-LIN/normalized-PB10/oliveras/j120opt/normalized-j12018_7.std.opb.xz,16
OPT-LIN/normalized-PB10/oliveras/j120opt/normalized-j12018_8.std.opb.xz,16
OPT-LIN/normalized-PB10/oliveras/j120opt/normalized-j12018_9.std.opb.xz,16
OPT-LIN/normalized-PB10/oliveras/j120opt/normalized-j12019_1.std.opb.xz,16
OPT-LIN/normalized-PB10/oliveras/j120opt/normalized-j12019_10.std.opb.xz,16
OPT-LIN/normalized-PB10/oliveras/j120opt/normalized-j12019_2.std.opb.xz,16
OPT-LIN/normalized-PB10/oliveras/j120opt/normalized-j12019_3.std.opb.xz,16
OPT-LIN/normalized-PB10/oliveras/j120opt/normalized-j12019_4.std.opb.xz,16
OPT-LIN/normalized-PB10/oliveras/j120opt/normalized-j12019_5.std.opb.xz,16
OPT-LIN/normalized-PB10/oliveras/j120opt/normalized-j12019_6.std.opb.xz,16
OPT-LIN/normalized-PB10/oliveras/j120opt/normalized-j12019_7.std.opb.xz,16
OPT-LIN/normalized-PB10/oliveras/j120opt/normalized-j12019_8.std.opb.xz,16
OPT-LIN/normalized-PB10/oliveras/j120opt/normalized-j12019_9.std.opb.xz,16
OPT-LIN/normalized-PB10/oliveras/j120opt/normalized-j1201_1.std.opb.xz,16
OPT-LIN/normalized-PB10/oliveras/j120opt/normalized-j1201_10.std.opb.xz,16
OPT-LIN/normalized-PB10/oliveras/j120opt/normalized-j1201_2.std.opb.xz,16
OPT-LIN/normalized-PB10/oliveras/j120opt/normalized-j1201_3.std.opb.xz,16
OPT-LIN/normalized-PB10/oliveras/j120opt/normalized-j1201_4.std.opb.xz,16
OPT-LIN/normalized-PB10/oliveras/j120opt/normalized-j1201_5.std.opb.xz,16
OPT-LIN/normalized-PB10/oliveras/j120opt/normalized-j1201_6.std.opb.xz,16
OPT-LIN/normalized-PB10/oliveras/j120opt/normalized-j1201_7.std.opb.xz,16
OPT-LIN/normalized-PB10/oliveras/j120opt/normalized-j1201_8.std.opb.xz,16
OPT-LIN/normalized-PB10/oliveras/j120opt/normalized-j1201_9.std.opb.xz,16
OPT-LIN/normalized-PB10/oliveras/j120opt/normalized-j12020_1.std.opb.xz,16
OPT-LIN/normalized-PB10/oliveras/j120opt/normalized-j12020_10.std.opb.xz,16
OPT-LIN/normalized-PB10/oliveras/j120opt/normalized-j12020_2.std.opb.xz,16
OPT-LIN/normalized-PB10/oliveras/j120opt/normalized-j12020_3.std.opb.xz,16
OPT-LIN/normalized-PB10/oliveras/j120opt/normalized-j12020_4.std.opb.xz,16
OPT-LIN/normalized-PB10/oliveras/j120opt/normalized-j12020_5.std.opb.xz,16
OPT-LIN/normalized-PB10/oliveras/j120opt/normalized-j12020_6.std.opb.xz,16
OPT-LIN/normalized-PB10/oliveras/j120opt/normalized-j12020_7.std.opb.xz,16
OPT-LIN/normalized-PB10/oliveras/j120opt/normalized-j12020_8.std.opb.xz,16
OPT-LIN/normalized-PB10/oliveras/j120opt/normalized-j12020_9.std.opb.xz,16
OPT-LIN/normalized-PB10/oliveras/j120opt/normalized-j12021_1.std.opb.xz,16
OPT-LIN/normalized-PB10/oliveras/j120opt/normalized-j12021_10.std.opb.xz,16
OPT-LIN/normalized-PB10/oliveras/j120opt/normalized-j12021_2.std.opb.xz,16
OPT-LIN/normalized-PB10/oliveras/j120opt/normalized-j12021_3.std.opb.xz,16
OPT-LIN/normalized-PB10/oliveras/j120opt/normalized-j12021_4.std.opb.xz,16
OPT-LIN/normalized-PB10/oliveras/j120opt/normalized-j12021_5.std.opb.xz,16
OPT-LIN/normalized-PB10/oliveras/j120opt/normalized-j12021_6.std.opb.xz,16
OPT-LIN/normalized-PB10/oliveras/j120opt/normalized-j12021_7.std.opb.xz,16
OPT-LIN/normalized-PB10/oliveras/j120opt/normalized-j12021_8.std.opb.xz,16
OPT-LIN/normalized-PB10/oliveras/j120opt/normalized-j12021_9.std.opb.xz,16
OPT-LIN/normalized-PB10/oliveras/j120opt/normalized-j12022_1.std.opb.xz,16
OPT-LIN/normalized-PB10/oliveras/j120opt/normalized-j12022_10.std.opb.xz,16
OPT-LIN/normalized-PB10/oliveras/j120opt/normalized-j12022_2.std.opb.xz,16
OPT-LIN/normalized-PB10/oliveras/j120opt/normalized-j12022_3.std.opb.xz,16
OPT-LIN/normalized-PB10/oliveras/j120opt/normalized-j12022_4.std.opb.xz,16
OPT-LIN/normalized-PB10/oliveras/j120opt/normalized-j12022_5.std.opb.xz,16
OPT-LIN/normalized-PB10/oliveras/j120opt/normalized-j12022_6.std.opb.xz,16
OPT-LIN/normalized-PB10/oliveras/j120opt/normalized-j12022_7.std.opb.xz,16
OPT-LIN/normalized-PB10/oliveras/j120opt/normalized-j12022_8.std.opb.xz,16
OPT-LIN/normalized-PB10/oliveras/j120opt/normalized-j12022_9.std.opb.xz,16
OPT-LIN/normalized-PB10/oliveras/j120opt/normalized-j12023_1.std.opb.xz,16
OPT-LIN/normalized-PB10/oliveras/j120opt/normalized-j12023_10.std.opb.xz,16
OPT-LIN/normalized-PB10/oliveras/j120opt/normalized-j12023_2.std.opb.xz,16
OPT-LIN/normalized-PB10/oliveras/j120opt/normalized-j12023_3.std.opb.xz,16
OPT-LIN/normalized-PB10/oliveras/j120opt/normalized-j12023_4.std.opb.xz,16
OPT-LIN/normalized-PB10/oliveras/j120opt/normalized-j12023_5.std.opb.xz,16
OPT-LIN/normalized-PB10/oliveras/j120opt/normalized-j12023_6.std.opb.xz,16
OPT-LIN/normalized-PB10/oliveras/j120opt/normalized-j12023_7.std.opb.xz,16
OPT-LIN/normalized-PB10/oliveras/j120opt/normalized-j12023_8.std.opb.xz,16
OPT-LIN/normalized-PB10/oliveras/j120opt/normalized-j12023_9.std.opb.xz,16
OPT-LIN/normalized-PB10/oliveras/j120opt/normalized-j12024_1.std.opb.xz,16
OPT-LIN/normalized-PB10/oliveras/j120opt/normalized-j12024_10.std.opb.xz,16
OPT-LIN/normalized-PB10/oliveras/j120opt/normalized-j12024_2.std.opb.xz,16
OPT-LIN/normalized-PB10/oliveras/j120opt/normalized-j12024_3.std.opb.xz,16
OPT-LIN/normalized-PB10/oliveras/j120opt/normalized-j12024_4.std.opb.xz,16
OPT-LIN/normalized-PB10/oliveras/j120opt/normalized-j12024_5.std.opb.xz,16
OPT-LIN/normalized-PB10/oliveras/j120opt/normalized-j12024_6.std.opb.xz,16
OPT-LIN/normalized-PB10/oliveras/j120opt/normalized-j12024_7.std.opb.xz,16
OPT-LIN/normalized-PB10/oliveras/j120opt/normalized-j12024_8.std.opb.xz,16
OPT-LIN/normalized-PB10/oliveras/j120opt/normalized-j12024_9.std.opb.xz,16
OPT-LIN/normalized-PB10/oliveras/j120opt/normalized-j12025_1.std.opb.xz,16
OPT-LIN/normalized-PB10/oliveras/j120opt/normalized-j12025_10.std.opb.xz,16
OPT-LIN/normalized-PB10/oliveras/j120opt/normalized-j12025_2.std.opb.xz,16
OPT-LIN/normalized-PB10/oliveras/j120opt/normalized-j12025_3.std.opb.xz,16
OPT-LIN/normalized-PB10/oliveras/j120opt/normalized-j12025_4.std.opb.xz,16
OPT-LIN/normalized-PB10/oliveras/j120opt/normalized-j12025_5.std.opb.xz,16
OPT-LIN/normalized-PB10/oliveras/j120opt/normalized-j12025_6.std.opb.xz,16
OPT-LIN/normalized-PB10/oliveras/j120opt/normalized-j12025_7.std.opb.xz,16
OPT-LIN/normalized-PB10/oliveras/j120opt/normalized-j12025_8.std.opb.xz,16
OPT-LIN/normalized-PB10/oliveras/j120opt/normalized-j12025_9.std.opb.xz,16
OPT-LIN/normalized-PB10/oliveras/j120opt/normalized-j12026_1.std.opb.xz,16
OPT-LIN/normalized-PB10/oliveras/j120opt/normalized-j12026_10.std.opb.xz,16
OPT-LIN/normalized-PB10/oliveras/j120opt/normalized-j12026_2.std.opb.xz,16
OPT-LIN/normalized-PB10/oliveras/j120opt/normalized-j12026_3.std.opb.xz,16
OPT-LIN/normalized-PB10/oliveras/j120opt/normalized-j12026_4.std.opb.xz,16
OPT-LIN/normalized-PB10/oliveras/j120opt/normalized-j12026_5.std.opb.xz,16
OPT-LIN/normalized-PB10/oliveras/j120opt/normalized-j12026_6.std.opb.xz,16
OPT-LIN/normalized-PB10/oliveras/j120opt/normalized-j12026_7.std.opb.xz,16
OPT-LIN/normalized-PB10/oliveras/j120opt/normalized-j12026_8.std.opb.xz,16
OPT-LIN/normalized-PB10/oliveras/j120opt/normalized-j12026_9.std.opb.xz,16
OPT-LIN/normalized-PB10/oliveras/j120opt/normalized-j12027_1.std.opb.xz,16
OPT-LIN/normalized-PB10/oliveras/j120opt/normalized-j12027_10.std.opb.xz,16
OPT-LIN/normalized-PB10/oliveras/j120opt/normalized-j12027_2.std.opb.xz,16
OPT-LIN/normalized-PB10/oliveras/j120opt/normalized-j12027_3.std.opb.xz,16
OPT-LIN/normalized-PB10/oliveras/j120opt/normalized-j12027_4.std.opb.xz,16
OPT-LIN/normalized-PB10/oliveras/j120opt/normalized-j12027_5.std.opb.xz,16
OPT-LIN/normalized-PB10/oliveras/j120opt/normalized-j12027_6.std.opb.xz,16
OPT-LIN/normalized-PB10/oliveras/j120opt/normalized-j12027_7.std.opb.xz,16
OPT-LIN/normalized-PB10/oliveras/j120opt/normalized-j12027_8.std.opb.xz,16
OPT-LIN/normalized-PB10/oliveras/j120opt/normalized-j12027_9.std.opb.xz,16
OPT-LIN/normalized-PB10/oliveras/j120opt/normalized-j12028_1.std.opb.xz,16
OPT-LIN/normalized-PB10/oliveras/j120opt/normalized-j12028_10.std.opb.xz,16
OPT-LIN/normalized-PB10/oliveras/j120opt/normalized-j12028_2.std.opb.xz,16
OPT-LIN/normalized-PB10/oliveras/j120opt/normalized-j12028_3.std.opb.xz,16
OPT-LIN/normalized-PB10/oliveras/j120opt/normalized-j12028_4.std.opb.xz,16
OPT-LIN/normalized-PB10/oliveras/j120opt/normalized-j12028_5.std.opb.xz,16
OPT-LIN/normalized-PB10/oliveras/j120opt/normalized-j12028_6.std.opb.xz,16
OPT-LIN/normalized-PB10/oliveras/j120opt/normalized-j12028_7.std.opb.xz,16
OPT-LIN/normalized-PB10/oliveras/j120opt/normalized-j12028_8.std.opb.xz,16
OPT-LIN/normalized-PB10/oliveras/j120opt/normalized-j12028_9.std.opb.xz,16
OPT-LIN/normalized-PB10/oliveras/j120opt/normalized-j12029_1.std.opb.xz,16
OPT-LIN/normalized-PB10/oliveras/j120opt/normalized-j12029_10.std.opb.xz,16
OPT-LIN/normalized-PB10/oliveras/j120opt/normalized-j12029_2.std.opb.xz,16
OPT-LIN/normalized-PB10/oliveras/j120opt/normalized-j12029_3.std.opb.xz,16
OPT-LIN/normalized-PB10/oliveras/j120opt/normalized-j12029_4.std.opb.xz,16
OPT-LIN/normalized-PB10/oliveras/j120opt/normalized-j12029_5.std.opb.xz,16
OPT-LIN/normalized-PB10/oliveras/j120opt/normalized-j12029_6.std.opb.xz,16
OPT-LIN/normalized-PB10/oliveras/j120opt/normalized-j12029_7.std.opb.xz,16
OPT-LIN/normalized-PB10/oliveras/j120opt/normalized-j12029_8.std.opb.xz,16
OPT-LIN/normalized-PB10/oliveras/j120opt/normalized-j12029_9.std.opb.xz,16
OPT-LIN/normalized-PB10/oliveras/j120opt/normalized-j1202_1.std.opb.xz,16
OPT-LIN/normalized-PB10/oliveras/j120opt/normalized-j1202_10.std.opb.xz,16
OPT-LIN/normalized-PB10/oliveras/j120opt/normalized-j1202_2.std.opb.xz,16
OPT-LIN/normalized-PB10/oliveras/j120opt/normalized-j1202_3.std.opb.xz,16
OPT-LIN/normalized-PB10/oliveras/j120opt/normalized-j1202_4.std.opb.xz,16
OPT-LIN/normalized-PB10/oliveras/j120opt/normalized-j1202_5.std.opb.xz,16
OPT-LIN/normalized-PB10/oliveras/j120opt/normalized-j1202_6.std.opb.xz,16
OPT-LIN/normalized-PB10/oliveras/j120opt/normalized-j1202_7.std.opb.xz,16
OPT-LIN/normalized-PB10/oliveras/j120opt/normalized-j1202_8.std.opb.xz,16
OPT-LIN/normalized-PB10/oliveras/j120opt/normalized-j1202_9.std.opb.xz,16
OPT-LIN/normalized-PB10/oliveras/j120opt/normalized-j12030_1.std.opb.xz,16
OPT-LIN/normalized-PB10/oliveras/j120opt/normalized-j12030_10.std.opb.xz,16
OPT-LIN/normalized-PB10/oliveras/j120opt/normalized-j12030_2.std.opb.xz,16
OPT-LIN/normalized-PB10/oliveras/j120opt/normalized-j12030_3.std.opb.xz,16
OPT-LIN/normalized-PB10/oliveras/j120opt/normalized-j12030_4.std.opb.xz,16
OPT-LIN/normalized-PB10/oliveras/j120opt/normalized-j12030_5.std.opb.xz,16
OPT-LIN/normalized-PB10/oliveras/j120opt/normalized-j12030_6.std.opb.xz,16
OPT-LIN/normalized-PB10/oliveras/j120opt/normalized-j12030_7.std.opb.xz,16
OPT-LIN/normalized-PB10/oliveras/j120opt/normalized-j12030_8.std.opb.xz,16
OPT-LIN/normalized-PB10/oliveras/j120opt/normalized-j12030_9.std.opb.xz,16
OPT-LIN/normalized-PB10/oliveras/j120opt/normalized-j12031_1.std.opb.xz,16
OPT-LIN/normalized-PB10/oliveras/j120opt/normalized-j12031_10.std.opb.xz,16
OPT-LIN/normalized-PB10/oliveras/j120opt/normalized-j12031_2.std.opb.xz,16
OPT-LIN/normalized-PB10/oliveras/j120opt/normalized-j12031_3.std.opb.xz,16
OPT-LIN/normalized-PB10/oliveras/j120opt/normalized-j12031_4.std.opb.xz,16
OPT-LIN/normalized-PB10/oliveras/j120opt/normalized-j12031_5.std.opb.xz,16
OPT-LIN/normalized-PB10/oliveras/j120opt/normalized-j12031_6.std.opb.xz,16
OPT-LIN/normalized-PB10/oliveras/j120opt/normalized-j12031_7.std.opb.xz,16
OPT-LIN/normalized-PB10/oliveras/j120opt/normalized-j12031_8.std.opb.xz,16
OPT-LIN/normalized-PB10/oliveras/j120opt/normalized-j12031_9.std.opb.xz,16
OPT-LIN/normalized-PB10/oliveras/j120opt/normalized-j12032_1.std.opb.xz,16
OPT-LIN/normalized-PB10/oliveras/j120opt/normalized-j12032_10.std.opb.xz,16
OPT-LIN/normalized-PB10/oliveras/j120opt/normalized-j12032_2.std.opb.xz,16
OPT-LIN/normalized-PB10/oliveras/j120opt/normalized-j12032_3.std.opb.xz,16
OPT-LIN/normalized-PB10/oliveras/j120opt/normalized-j12032_4.std.opb.xz,16
OPT-LIN/normalized-PB10/oliveras/j120opt/normalized-j12032_5.std.opb.xz,16
OPT-LIN/normalized-PB10/oliveras/j120opt/normalized-j12032_6.std.opb.xz,16
OPT-LIN/normalized-PB10/oliveras/j120opt/normalized-j12032_7.std.opb.xz,16
OPT-LIN/normalized-PB10/oliveras/j120opt/normalized-j12032_8.std.opb.xz,16
OPT-LIN/normalized-PB10/oliveras/j120opt/normalized-j12032_9.std.opb.xz,16
OPT-LIN/normalized-PB10/oliveras/j120opt/normalized-j12033_1.std.opb.xz,16
OPT-LIN/normalized-PB10/oliveras/j120opt/normalized-j12033_10.std.opb.xz,16
OPT-LIN/normalized-PB10/oliveras/j120opt/normalized-j12033_2.std.opb.xz,16
OPT-LIN/normalized-PB10/oliveras/j120opt/normalized-j12033_3.std.opb.xz,16
OPT-LIN/normalized-PB10/oliveras/j120opt/normalized-j12033_4.std.opb.xz,16
OPT-LIN/normalized-PB10/oliveras/j120opt/normalized-j12033_5.std.opb.xz,16
OPT-LIN/normalized-PB10/oliveras/j120opt/normalized-j12033_6.std.opb.xz,16
OPT-LIN/normalized-PB10/oliveras/j120opt/normalized-j12033_7.std.opb.xz,16
OPT-LIN/normalized-PB10/oliveras/j120opt/normalized-j12033_8.std.opb.xz,16
OPT-LIN/normalized-PB10/oliveras/j120opt/normalized-j12033_9.std.opb.xz,16
OPT-LIN/normalized-PB10/oliveras/j120opt/normalized-j12034_1.std.opb.xz,16
OPT-LIN/normalized-PB10/oliveras/j120opt/normalized-j12034_10.std.opb.xz,16
OPT-LIN/normalized-PB10/oliveras/j120opt/normalized-j12034_2.std.opb.xz,16
OPT-LIN/normalized-PB10/oliveras/j120opt/normalized-j12034_3.std.opb.xz,16
OPT-LIN/normalized-PB10/oliveras/j120opt/normalized-j12034_4.std.opb.xz,16
OPT-LIN/normalized-PB10/oliveras/j120opt/normalized-j12034_5.std.opb.xz,16
OPT-LIN/normalized-PB10/oliveras/j120opt/normalized-j12034_6.std.opb.xz,16
OPT-LIN/normalized-PB10/oliveras/j120opt/normalized-j12034_7.std.opb.xz,16
OPT-LIN/normalized-PB10/oliveras/j120opt/normalized-j12034_8.std.opb.xz,16
OPT-LIN/normalized-PB10/oliveras/j120opt/normalized-j12034_9.std.opb.xz,16
OPT-LIN/normalized-PB10/oliveras/j120opt/normalized-j12035_1.std.opb.xz,16
OPT-LIN/normalized-PB10/oliveras/j120opt/normalized-j12035_10.std.opb.xz,16
OPT-LIN/normalized-PB10/oliveras/j120opt/normalized-j12035_2.std.opb.xz,16
OPT-LIN/normalized-PB10/oliveras/j120opt/normalized-j12035_3.std.opb.xz,16
OPT-LIN/normalized-PB10/oliveras/j120opt/normalized-j12035_4.std.opb.xz,16
OPT-LIN/normalized-PB10/oliveras/j120opt/normalized-j12035_5.std.opb.xz,16
OPT-LIN/normalized-PB10/oliveras/j120opt/normalized-j12035_6.std.opb.xz,16
OPT-LIN/normalized-PB10/oliveras/j120opt/normalized-j12035_7.std.opb.xz,16
OPT-LIN/normalized-PB10/oliveras/j120opt/normalized-j12035_8.std.opb.xz,16
OPT-LIN/normalized-PB10/oliveras/j120opt/normalized-j12035_9.std.opb.xz,16
OPT-LIN/normalized-PB10/oliveras/j120opt/normalized-j12036_1.std.opb.xz,16
OPT-LIN/normalized-PB10/oliveras/j120opt/normalized-j12036_10.std.opb.xz,16
OPT-LIN/normalized-PB10/oliveras/j120opt/normalized-j12036_2.std.opb.xz,16
OPT-LIN/normalized-PB10/oliveras/j120opt/normalized-j12036_3.std.opb.xz,16
OPT-LIN/normalized-PB10/oliveras/j120opt/normalized-j12036_4.std.opb.xz,16
OPT-LIN/normalized-PB10/oliveras/j120opt/normalized-j12036_5.std.opb.xz,16
OPT-LIN/normalized-PB10/oliveras/j120opt/normalized-j12036_6.std.opb.xz,16
OPT-LIN/normalized-PB10/oliveras/j120opt/normalized-j12036_7.std.opb.xz,16
OPT-LIN/normalized-PB10/oliveras/j120opt/normalized-j12036_8.std.opb.xz,16
OPT-LIN/normalized-PB10/oliveras/j120opt/normalized-j12036_9.std.opb.xz,16
OPT-LIN/normalized-PB10/oliveras/j120opt/normalized-j12037_1.std.opb.xz,16
OPT-LIN/normalized-PB10/oliveras/j120opt/normalized-j12037_10.std.opb.xz,16
OPT-LIN/normalized-PB10/oliveras/j120opt/normalized-j12037_2.std.opb.xz,16
OPT-LIN/normalized-PB10/oliveras/j120opt/normalized-j12037_3.std.opb.xz,16
OPT-LIN/normalized-PB10/oliveras/j120opt/normalized-j12037_4.std.opb.xz,16
OPT-LIN/normalized-PB10/oliveras/j120opt/normalized-j12037_5.std.opb.xz,16
OPT-LIN/normalized-PB10/oliveras/j120opt/normalized-j12037_6.std.opb.xz,16
OPT-LIN/normalized-PB10/oliveras/j120opt/normalized-j12037_7.std.opb.xz,16
OPT-LIN/normalized-PB10/oliveras/j120opt/normalized-j12037_8.std.opb.xz,16
OPT-LIN/normalized-PB10/oliveras/j120opt/normalized-j12037_9.std.opb.xz,16
OPT-LIN/normalized-PB10/oliveras/j120opt/normalized-j12038_1.std.opb.xz,16
OPT-LIN/normalized-PB10/oliveras/j120opt/normalized-j12038_10.std.opb.xz,16
OPT-LIN/normalized-PB10/oliveras/j120opt/normalized-j12038_2.std.opb.xz,16
OPT-LIN/normalized-PB10/oliveras/j120opt/normalized-j12038_3.std.opb.xz,16
OPT-LIN/normalized-PB10/oliveras/j120opt/normalized-j12038_4.std.opb.xz,16
OPT-LIN/normalized-PB10/oliveras/j120opt/normalized-j12038_5.std.opb.xz,16
OPT-LIN/normalized-PB10/oliveras/j120opt/normalized-j12038_6.std.opb.xz,16
OPT-LIN/normalized-PB10/oliveras/j120opt/normalized-j12038_7.std.opb.xz,16
OPT-LIN/normalized-PB10/oliveras/j120opt/normalized-j12038_8.std.opb.xz,16
OPT-LIN/normalized-PB10/oliveras/j120opt/normalized-j12038_9.std.opb.xz,16
OPT-LIN/normalized-PB10/oliveras/j120opt/normalized-j12039_1.std.opb.xz,16
OPT-LIN/normalized-PB10/oliveras/j120opt/normalized-j12039_10.std.opb.xz,16
OPT-LIN/normalized-PB10/oliveras/j120opt/normalized-j12039_2.std.opb.xz,16
OPT-LIN/normalized-PB10/oliveras/j120opt/normalized-j12039_3.std.opb.xz,16
OPT-LIN/normalized-PB10/oliveras/j120opt/normalized-j12039_4.std.opb.xz,16
OPT-LIN/normalized-PB10/oliveras/j120opt/normalized-j12039_5.std.opb.xz,16
OPT-LIN/normalized-PB10/oliveras/j120opt/normalized-j12039_6.std.opb.xz,16
OPT-LIN/normalized-PB10/oliveras/j120opt/normalized-j12039_7.std.opb.xz,16
OPT-LIN/normalized-PB10/oliveras/j120opt/normalized-j12039_8.std.opb.xz,16
OPT-LIN/normalized-PB10/oliveras/j120opt/normalized-j12039_9.std.opb.xz,16
OPT-LIN/normalized-PB10/oliveras/j120opt/normalized-j1203_1.std.opb.xz,16
OPT-LIN/normalized-PB10/oliveras/j120opt/normalized-j1203_10.std.opb.xz,16
OPT-LIN/normalized-PB10/oliveras/j120opt/normalized-j1203_2.std.opb.xz,16
OPT-LIN/normalized-PB10/oliveras/j120opt/normalized-j1203_3.std.opb.xz,16
OPT-LIN/normalized-PB10/oliveras/j120opt/normalized-j1203_4.std.opb.xz,16
OPT-LIN/normalized-PB10/oliveras/j120opt/normalized-j1203_5.std.opb.xz,16
OPT-LIN/normalized-PB10/oliveras/j120opt/normalized-j1203_6.std.opb.xz,16
OPT-LIN/normalized-PB10/oliveras/j120opt/normalized-j1203_7.std.opb.xz,16
OPT-LIN/normalized-PB10/oliveras/j120opt/normalized-j1203_8.std.opb.xz,16
OPT-LIN/normalized-PB10/oliveras/j120opt/normalized-j1203_9.std.opb.xz,16
OPT-LIN/normalized-PB10/oliveras/j120opt/normalized-j12040_1.std.opb.xz,16
OPT-LIN/normalized-PB10/oliveras/j120opt/normalized-j12040_10.std.opb.xz,16
OPT-LIN/normalized-PB10/oliveras/j120opt/normalized-j12040_2.std.opb.xz,16
OPT-LIN/normalized-PB10/oliveras/j120opt/normalized-j12040_3.std.opb.xz,16
OPT-LIN/normalized-PB10/oliveras/j120opt/normalized-j12040_4.std.opb.xz,16
OPT-LIN/normalized-PB10/oliveras/j120opt/normalized-j12040_5.std.opb.xz,16
OPT-LIN/normalized-PB10/oliveras/j120opt/normalized-j12040_6.std.opb.xz,16
OPT-LIN/normalized-PB10/oliveras/j120opt/normalized-j12040_7.std.opb.xz,16
OPT-LIN/normalized-PB10/oliveras/j120opt/normalized-j12040_8.std.opb.xz,16
OPT-LIN/normalized-PB10/oliveras/j120opt/normalized-j12040_9.std.opb.xz,16
OPT-LIN/normalized-PB10/oliveras/j120opt/normalized-j12041_1.std.opb.xz,16
OPT-LIN/normalized-PB10/oliveras/j120opt/normalized-j12041_10.std.opb.xz,16
OPT-LIN/normalized-PB10/oliveras/j120opt/normalized-j12041_2.std.opb.xz,16
OPT-LIN/normalized-PB10/oliveras/j120opt/normalized-j12041_3.std.opb.xz,16
OPT-LIN/normalized-PB10/oliveras/j120opt/normalized-j12041_4.std.opb.xz,16
OPT-LIN/normalized-PB10/oliveras/j120opt/normalized-j12041_5.std.opb.xz,16
OPT-LIN/normalized-PB10/oliveras/j120opt/normalized-j12041_6.std.opb.xz,16
OPT-LIN/normalized-PB10/oliveras/j120opt/normalized-j12041_7.std.opb.xz,16
OPT-LIN/normalized-PB10/oliveras/j120opt/normalized-j12041_8.std.opb.xz,16
OPT-LIN/normalized-PB10/oliveras/j120opt/normalized-j12041_9.std.opb.xz,16
OPT-LIN/normalized-PB10/oliveras/j120opt/normalized-j12042_1.std.opb.xz,16
OPT-LIN/normalized-PB10/oliveras/j120opt/normalized-j12042_10.std.opb.xz,16
OPT-LIN/normalized-PB10/oliveras/j120opt/normalized-j12042_2.std.opb.xz,16
OPT-LIN/normalized-PB10/oliveras/j120opt/normalized-j12042_3.std.opb.xz,16
OPT-LIN/normalized-PB10/oliveras/j120opt/normalized-j12042_4.std.opb.xz,16
OPT-LIN/normalized-PB10/oliveras/j120opt/normalized-j12042_5.std.opb.xz,16
OPT-LIN/normalized-PB10/oliveras/j120opt/normalized-j12042_6.std.opb.xz,16
OPT-LIN/normalized-PB10/oliveras/j120opt/normalized-j12042_7.std.opb.xz,16
OPT-LIN/normalized-PB10/oliveras/j120opt/normalized-j12042_8.std.opb.xz,16
OPT-LIN/normalized-PB10/oliveras/j120opt/normalized-j12042_9.std.opb.xz,16
OPT-LIN/normalized-PB10/oliveras/j120opt/normalized-j12043_1.std.opb.xz,16
OPT-LIN/normalized-PB10/oliveras/j120opt/normalized-j12043_10.std.opb.xz,16
OPT-LIN/normalized-PB10/oliveras/j120opt/normalized-j12043_2.std.opb.xz,16
OPT-LIN/normalized-PB10/oliveras/j120opt/normalized-j12043_3.std.opb.xz,16
OPT-LIN/normalized-PB10/oliveras/j120opt/normalized-j12043_4.std.opb.xz,16
OPT-LIN/normalized-PB10/oliveras/j120opt/normalized-j12043_5.std.opb.xz,16
OPT-LIN/normalized-PB10/oliveras/j120opt/normalized-j12043_6.std.opb.xz,16
OPT-LIN/normalized-PB10/oliveras/j120opt/normalized-j12043_7.std.opb.xz,16
OPT-LIN/normalized-PB10/oliveras/j120opt/normalized-j12043_8.std.opb.xz,16
OPT-LIN/normalized-PB10/oliveras/j120opt/normalized-j12043_9.std.opb.xz,16
OPT-LIN/normalized-PB10/oliveras/j120opt/normalized-j12044_1.std.opb.xz,16
OPT-LIN/normalized-PB10/oliveras/j120opt/normalized-j12044_10.std.opb.xz,16
OPT-LIN/normalized-PB10/oliveras/j120opt/normalized-j12044_2.std.opb.xz,16
OPT-LIN/normalized-PB10/oliveras/j120opt/normalized-j12044_3.std.opb.xz,16
OPT-LIN/normalized-PB10/oliveras/j120opt/normalized-j12044_4.std.opb.xz,16
OPT-LIN/normalized-PB10/oliveras/j120opt/normalized-j12044_5.std.opb.xz,16
OPT-LIN/normalized-PB10/oliveras/j120opt/normalized-j12044_6.std.opb.xz,16
OPT-LIN/normalized-PB10/oliveras/j120opt/normalized-j12044_7.std.opb.xz,16
OPT-LIN/normalized-PB10/oliveras/j120opt/normalized-j12044_8.std.opb.xz,16
OPT-LIN/normalized-PB10/oliveras/j120opt/normalized-j12044_9.std.opb.xz,16
OPT-LIN/normalized-PB10/oliveras/j120opt/normalized-j12045_1.std.opb.xz,16
OPT-LIN/normalized-PB10/oliveras/j120opt/normalized-j12045_10.std.opb.xz,16
OPT-LIN/normalized-PB10/oliveras/j120opt/normalized-j12045_2.std.opb.xz,16
OPT-LIN/normalized-PB10/oliveras/j120opt/normalized-j12045_3.std.opb.xz,16
OPT-LIN/normalized-PB10/oliveras/j120opt/normalized-j12045_4.std.opb.xz,16
OPT-LIN/normalized-PB10/oliveras/j120opt/normalized-j12045_5.std.opb.xz,16
OPT-LIN/normalized-PB10/oliveras/j120opt/normalized-j12045_6.std.opb.xz,16
OPT-LIN/normalized-PB10/oliveras/j120opt/normalized-j12045_7.std.opb.xz,16
OPT-LIN/normalized-PB10/oliveras/j120opt/normalized-j12045_8.std.opb.xz,16
OPT-LIN/normalized-PB10/oliveras/j120opt/normalized-j12045_9.std.opb.xz,16
OPT-LIN/normalized-PB10/oliveras/j120opt/normalized-j12046_1.std.opb.xz,16
OPT-LIN/normalized-PB10/oliveras/j120opt/normalized-j12046_10.std.opb.xz,16
OPT-LIN/normalized-PB10/oliveras/j120opt/normalized-j12046_2.std.opb.xz,16
OPT-LIN/normalized-PB10/oliveras/j120opt/normalized-j12046_3.std.opb.xz,16
OPT-LIN/normalized-PB10/oliveras/j120opt/normalized-j12046_4.std.opb.xz,16
OPT-LIN/normalized-PB10/oliveras/j120opt/normalized-j12046_5.std.opb.xz,16
OPT-LIN/normalized-PB10/oliveras/j120opt/normalized-j12046_6.std.opb.xz,16
OPT-LIN/normalized-PB10/oliveras/j120opt/normalized-j12046_7.std.opb.xz,16
OPT-LIN/normalized-PB10/oliveras/j120opt/normalized-j12046_8.std.opb.xz,16
OPT-LIN/normalized-PB10/oliveras/j120opt/normalized-j12046_9.std.opb.xz,16
OPT-LIN/normalized-PB10/oliveras/j120opt/normalized-j12047_1.std.opb.xz,16
OPT-LIN/normalized-PB10/oliveras/j120opt/normalized-j12047_10.std.opb.xz,16
OPT-LIN/normalized-PB10/oliveras/j120opt/normalized-j12047_2.std.opb.xz,16
OPT-LIN/normalized-PB10/oliveras/j120opt/normalized-j12047_3.std.opb.xz,16
OPT-LIN/normalized-PB10/oliveras/j120opt/normalized-j12047_4.std.opb.xz,16
OPT-LIN/normalized-PB10/oliveras/j120opt/normalized-j12047_5.std.opb.xz,16
OPT-LIN/normalized-PB10/oliveras/j120opt/normalized-j12047_6.std.opb.xz,16
OPT-LIN/normalized-PB10/oliveras/j120opt/normalized-j12047_7.std.opb.xz,16
OPT-LIN/normalized-PB10/oliveras/j120opt/normalized-j12047_8.std.opb.xz,16
OPT-LIN/normalized-PB10/oliveras/j120opt/normalized-j12047_9.std.opb.xz,16
OPT-LIN/normalized-PB10/oliveras/j120opt/normalized-j12048_1.std.opb.xz,16
OPT-LIN/normalized-PB10/oliveras/j120opt/normalized-j12048_10.std.opb.xz,16
OPT-LIN/normalized-PB10/oliveras/j120opt/normalized-j12048_2.std.opb.xz,16
OPT-LIN/normalized-PB10/oliveras/j120opt/normalized-j12048_3.std.opb.xz,16
OPT-LIN/normalized-PB10/oliveras/j120opt/normalized-j12048_4.std.opb.xz,16
OPT-LIN/normalized-PB10/oliveras/j120opt/normalized-j12048_5.std.opb.xz,16
OPT-LIN/normalized-PB10/oliveras/j120opt/normalized-j12048_6.std.opb.xz,16
OPT-LIN/normalized-PB10/oliveras/j120opt/normalized-j12048_7.std.opb.xz,16
OPT-LIN/normalized-PB10/oliveras/j120opt/normalized-j12048_8.std.opb.xz,16
OPT-LIN/normalized-PB10/oliveras/j120opt/normalized-j12048_9.std.opb.xz,16
OPT-LIN/normalized-PB10/oliveras/j120opt/normalized-j12049_1.std.opb.xz,16
OPT-LIN/normalized-PB10/oliveras/j120opt/normalized-j12049_10.std.opb.xz,16
OPT-LIN/normalized-PB10/oliveras/j120opt/normalized-j12049_2.std.opb.xz,16
OPT-LIN/normalized-PB10/oliveras/j120opt/normalized-j12049_3.std.opb.xz,16
OPT-LIN/normalized-PB10/oliveras/j120opt/normalized-j12049_4.std.opb.xz,16
OPT-LIN/normalized-PB10/oliveras/j120opt/normalized-j12049_5.std.opb.xz,16
OPT-LIN/normalized-PB10/oliveras/j120opt/normalized-j12049_6.std.opb.xz,16
OPT-LIN/normalized-PB10/oliveras/j120opt/normalized-j12049_7.std.opb.xz,16
OPT-LIN/normalized-PB10/oliveras/j120opt/normalized-j12049_8.std.opb.xz,16
OPT-LIN/normalized-PB10/oliveras/j120opt/normalized-j12049_9.std.opb.xz,16
OPT-LIN/normalized-PB10/oliveras/j120opt/normalized-j1204_1.std.opb.xz,16
OPT-LIN/normalized-PB10/oliveras/j120opt/normalized-j1204_10.std.opb.xz,16
OPT-LIN/normalized-PB10/oliveras/j120opt/normalized-j1204_2.std.opb.xz,16
OPT-LIN/normalized-PB10/oliveras/j120opt/normalized-j1204_3.std.opb.xz,16
OPT-LIN/normalized-PB10/oliveras/j120opt/normalized-j1204_4.std.opb.xz,16
OPT-LIN/normalized-PB10/oliveras/j120opt/normalized-j1204_5.std.opb.xz,16
OPT-LIN/normalized-PB10/oliveras/j120opt/normalized-j1204_6.std.opb.xz,16
OPT-LIN/normalized-PB10/oliveras/j120opt/normalized-j1204_7.std.opb.xz,16
OPT-LIN/normalized-PB10/oliveras/j120opt/normalized-j1204_8.std.opb.xz,16
OPT-LIN/normalized-PB10/oliveras/j120opt/normalized-j1204_9.std.opb.xz,16
OPT-LIN/normalized-PB10/oliveras/j120opt/normalized-j12050_1.std.opb.xz,16
OPT-LIN/normalized-PB10/oliveras/j120opt/normalized-j12050_10.std.opb.xz,16
OPT-LIN/normalized-PB10/oliveras/j120opt/normalized-j12050_2.std.opb.xz,16
OPT-LIN/normalized-PB10/oliveras/j120opt/normalized-j12050_3.std.opb.xz,16
OPT-LIN/normalized-PB10/oliveras/j120opt/normalized-j12050_4.std.opb.xz,16
OPT-LIN/normalized-PB10/oliveras/j120opt/normalized-j12050_5.std.opb.xz,16
OPT-LIN/normalized-PB10/oliveras/j120opt/normalized-j12050_6.std.opb.xz,16
OPT-LIN/normalized-PB10/oliveras/j120opt/normalized-j12050_7.std.opb.xz,16
OPT-LIN/normalized-PB10/oliveras/j120opt/normalized-j12050_8.std.opb.xz,16
OPT-LIN/normalized-PB10/oliveras/j120opt/normalized-j12050_9.std.opb.xz,16
OPT-LIN/normalized-PB10/oliveras/j120opt/normalized-j12051_1.std.opb.xz,16
OPT-LIN/normalized-PB10/oliveras/j120opt/normalized-j12051_10.std.opb.xz,16
OPT-LIN/normalized-PB10/oliveras/j120opt/normalized-j12051_2.std.opb.xz,16
OPT-LIN/normalized-PB10/oliveras/j120opt/normalized-j12051_3.std.opb.xz,16
OPT-LIN/normalized-PB10/oliveras/j120opt/normalized-j12051_4.std.opb.xz,16
OPT-LIN/normalized-PB10/oliveras/j120opt/normalized-j12051_5.std.opb.xz,16
OPT-LIN/normalized-PB10/oliveras/j120opt/normalized-j12051_6.std.opb.xz,16
OPT-LIN/normalized-PB10/oliveras/j120opt/normalized-j12051_7.std.opb.xz,16
OPT-LIN/normalized-PB10/oliveras/j120opt/normalized-j12051_8.std.opb.xz,16
OPT-LIN/normalized-PB10/oliveras/j120opt/normalized-j12051_9.std.opb.xz,16
OPT-LIN/normalized-PB10/oliveras/j120opt/normalized-j12052_1.std.opb.xz,16
OPT-LIN/normalized-PB10/oliveras/j120opt/normalized-j12052_10.std.opb.xz,16
OPT-LIN/normalized-PB10/oliveras/j120opt/normalized-j12052_2.std.opb.xz,16
OPT-LIN/normalized-PB10/oliveras/j120opt/normalized-j12052_3.std.opb.xz,16
OPT-LIN/normalized-PB10/oliveras/j120opt/normalized-j12052_4.std.opb.xz,16
OPT-LIN/normalized-PB10/oliveras/j120opt/normalized-j12052_5.std.opb.xz,16
OPT-LIN/normalized-PB10/oliveras/j120opt/normalized-j12052_6.std.opb.xz,16
OPT-LIN/normalized-PB10/oliveras/j120opt/normalized-j12052_7.std.opb.xz,16
OPT-LIN/normalized-PB10/oliveras/j120opt/normalized-j12052_8.std.opb.xz,16
OPT-LIN/normalized-PB10/oliveras/j120opt/normalized-j12052_9.std.opb.xz,16
OPT-LIN/normalized-PB10/oliveras/j120opt/normalized-j12053_1.std.opb.xz,16
OPT-LIN/normalized-PB10/oliveras/j120opt/normalized-j12053_10.std.opb.xz,16
OPT-LIN/normalized-PB10/oliveras/j120opt/normalized-j12053_2.std.opb.xz,16
OPT-LIN/normalized-PB10/oliveras/j120opt/normalized-j12053_3.std.opb.xz,16
OPT-LIN/normalized-PB10/oliveras/j120opt/normalized-j12053_4.std.opb.xz,16
OPT-LIN/normalized-PB10/oliveras/j120opt/normalized-j12053_5.std.opb.xz,16
OPT-LIN/normalized-PB10/oliveras/j120opt/normalized-j12053_6.std.opb.xz,16
OPT-LIN/normalized-PB10/oliveras/j120opt/normalized-j12053_7.std.opb.xz,16
OPT-LIN/normalized-PB10/oliveras/j120opt/normalized-j12053_8.std.opb.xz,16
OPT-LIN/normalized-PB10/oliveras/j120opt/normalized-j12053_9.std.opb.xz,16
OPT-LIN/normalized-PB10/oliveras/j120opt/normalized-j12054_1.std.opb.xz,16
OPT-LIN/normalized-PB10/oliveras/j120opt/normalized-j12054_10.std.opb.xz,16
OPT-LIN/normalized-PB10/oliveras/j120opt/normalized-j12054_2.std.opb.xz,16
OPT-LIN/normalized-PB10/oliveras/j120opt/normalized-j12054_3.std.opb.xz,16
OPT-LIN/normalized-PB10/oliveras/j120opt/normalized-j12054_4.std.opb.xz,16
OPT-LIN/normalized-PB10/oliveras/j120opt/normalized-j12054_5.std.opb.xz,16
OPT-LIN/normalized-PB10/oliveras/j120opt/normalized-j12054_6.std.opb.xz,16
OPT-LIN/normalized-PB10/oliveras/j120opt/normalized-j12054_7.std.opb.xz,16
OPT-LIN/normalized-PB10/oliveras/j120opt/normalized-j12054_8.std.opb.xz,16
OPT-LIN/normalized-PB10/oliveras/j120opt/normalized-j12054_9.std.opb.xz,16
OPT-LIN/normalized-PB10/oliveras/j120opt/normalized-j12055_1.std.opb.xz,16
OPT-LIN/normalized-PB10/oliveras/j120opt/normalized-j12055_10.std.opb.xz,16
OPT-LIN/normalized-PB10/oliveras/j120opt/normalized-j12055_2.std.opb.xz,16
OPT-LIN/normalized-PB10/oliveras/j120opt/normalized-j12055_3.std.opb.xz,16
OPT-LIN/normalized-PB10/oliveras/j120opt/normalized-j12055_4.std.opb.xz,16
OPT-LIN/normalized-PB10/oliveras/j120opt/normalized-j12055_5.std.opb.xz,16
OPT-LIN/normalized-PB10/oliveras/j120opt/normalized-j12055_6.std.opb.xz,16
OPT-LIN/normalized-PB10/oliveras/j120opt/normalized-j12055_7.std.opb.xz,16
OPT-LIN/normalized-PB10/oliveras/j120opt/normalized-j12055_8.std.opb.xz,16
OPT-LIN/normalized-PB10/oliveras/j120opt/normalized-j12055_9.std.opb.xz,16
OPT-LIN/normalized-PB10/oliveras/j120opt/normalized-j12056_1.std.opb.xz,16
OPT-LIN/normalized-PB10/oliveras/j120opt/normalized-j12056_10.std.opb.xz,16
OPT-LIN/normalized-PB10/oliveras/j120opt/normalized-j12056_2.std.opb.xz,16
OPT-LIN/normalized-PB10/oliveras/j120opt/normalized-j12056_3.std.opb.xz,16
OPT-LIN/normalized-PB10/oliveras/j120opt/normalized-j12056_4.std.opb.xz,16
OPT-LIN/normalized-PB10/oliveras/j120opt/normalized-j12056_5.std.opb.xz,16
OPT-LIN/normalized-PB10/oliveras/j120opt/normalized-j12056_6.std.opb.xz,16
OPT-LIN/normalized-PB10/oliveras/j120opt/normalized-j12056_7.std.opb.xz,16
OPT-LIN/normalized-PB10/oliveras/j120opt/normalized-j12056_8.std.opb.xz,16
OPT-LIN/normalized-PB10/oliveras/j120opt/normalized-j12056_9.std.opb.xz,16
OPT-LIN/normalized-PB10/oliveras/j120opt/normalized-j12057_1.std.opb.xz,16
OPT-LIN/normalized-PB10/oliveras/j120opt/normalized-j12057_10.std.opb.xz,16
OPT-LIN/normalized-PB10/oliveras/j120opt/normalized-j12057_2.std.opb.xz,16
OPT-LIN/normalized-PB10/oliveras/j120opt/normalized-j12057_3.std.opb.xz,16
OPT-LIN/normalized-PB10/oliveras/j120opt/normalized-j12057_4.std.opb.xz,16
OPT-LIN/normalized-PB10/oliveras/j120opt/normalized-j12057_5.std.opb.xz,16
OPT-LIN/normalized-PB10/oliveras/j120opt/normalized-j12057_6.std.opb.xz,16
OPT-LIN/normalized-PB10/oliveras/j120opt/normalized-j12057_7.std.opb.xz,16
OPT-LIN/normalized-PB10/oliveras/j120opt/normalized-j12057_8.std.opb.xz,16
OPT-LIN/normalized-PB10/oliveras/j120opt/normalized-j12057_9.std.opb.xz,16
OPT-LIN/normalized-PB10/oliveras/j120opt/normalized-j12058_1.std.opb.xz,16
OPT-LIN/normalized-PB10/oliveras/j120opt/normalized-j12058_10.std.opb.xz,16
OPT-LIN/normalized-PB10/oliveras/j120opt/normalized-j12058_2.std.opb.xz,16
OPT-LIN/normalized-PB10/oliveras/j120opt/normalized-j12058_3.std.opb.xz,16
OPT-LIN/normalized-PB10/oliveras/j120opt/normalized-j12058_4.std.opb.xz,16
OPT-LIN/normalized-PB10/oliveras/j120opt/normalized-j12058_5.std.opb.xz,16
OPT-LIN/normalized-PB10/oliveras/j120opt/normalized-j12058_6.std.opb.xz,16
OPT-LIN/normalized-PB10/oliveras/j120opt/normalized-j12058_7.std.opb.xz,16
OPT-LIN/normalized-PB10/oliveras/j120opt/normalized-j12058_8.std.opb.xz,16
OPT-LIN/normalized-PB10/oliveras/j120opt/normalized-j12058_9.std.opb.xz,16
OPT-LIN/normalized-PB10/oliveras/j120opt/normalized-j12059_1.std.opb.xz,16
OPT-LIN/normalized-PB10/oliveras/j120opt/normalized-j12059_10.std.opb.xz,16
OPT-LIN/normalized-PB10/oliveras/j120opt/normalized-j12059_2.std.opb.xz,16
OPT-LIN/normalized-PB10/oliveras/j120opt/normalized-j12059_3.std.opb.xz,16
OPT-LIN/normalized-PB10/oliveras/j120opt/normalized-j12059_4.std.opb.xz,16
OPT-LIN/normalized-PB10/oliveras/j120opt/normalized-j12059_5.std.opb.xz,16
OPT-LIN/normalized-PB10/oliveras/j120opt/normalized-j12059_6.std.opb.xz,16
OPT-LIN/normalized-PB10/oliveras/j120opt/normalized-j12059_7.std.opb.xz,16
OPT-LIN/normalized-PB10/oliveras/j120opt/normalized-j12059_8.std.opb.xz,16
OPT-LIN/normalized-PB10/oliveras/j120opt/normalized-j12059_9.std.opb.xz,16
OPT-LIN/normalized-PB10/oliveras/j120opt/normalized-j1205_1.std.opb.xz,16
OPT-LIN/normalized-PB10/oliveras/j120opt/normalized-j1205_10.std.opb.xz,16
OPT-LIN/normalized-PB10/oliveras/j120opt/normalized-j1205_2.std.opb.xz,16
OPT-LIN/normalized-PB10/oliveras/j120opt/normalized-j1205_3.std.opb.xz,16
OPT-LIN/normalized-PB10/oliveras/j120opt/normalized-j1205_4.std.opb.xz,16
OPT-LIN/normalized-PB10/oliveras/j120opt/normalized-j1205_5.std.opb.xz,16
OPT-LIN/normalized-PB10/oliveras/j120opt/normalized-j1205_6.std.opb.xz,16
OPT-LIN/normalized-PB10/oliveras/j120opt/normalized-j1205_7.std.opb.xz,16
OPT-LIN/normalized-PB10/oliveras/j120opt/normalized-j1205_8.std.opb.xz,16
OPT-LIN/normalized-PB10/oliveras/j120opt/normalized-j1205_9.std.opb.xz,16
OPT-LIN/normalized-PB10/oliveras/j120opt/normalized-j12060_1.std.opb.xz,16
OPT-LIN/normalized-PB10/oliveras/j120opt/normalized-j12060_10.std.opb.xz,16
OPT-LIN/normalized-PB10/oliveras/j120opt/normalized-j12060_2.std.opb.xz,16
OPT-LIN/normalized-PB10/oliveras/j120opt/normalized-j12060_3.std.opb.xz,16
OPT-LIN/normalized-PB10/oliveras/j120opt/normalized-j12060_4.std.opb.xz,16
OPT-LIN/normalized-PB10/oliveras/j120opt/normalized-j12060_5.std.opb.xz,16
OPT-LIN/normalized-PB10/oliveras/j120opt/normalized-j12060_6.std.opb.xz,16
OPT-LIN/normalized-PB10/oliveras/j120opt/normalized-j12060_7.std.opb.xz,16
OPT-LIN/normalized-PB10/oliveras/j120opt/normalized-j12060_8.std.opb.xz,16
OPT-LIN/normalized-PB10/oliveras/j120opt/normalized-j12060_9.std.opb.xz,16
OPT-LIN/normalized-PB10/oliveras/j120opt/normalized-j1206_1.std.opb.xz,16
OPT-LIN/normalized-PB10/oliveras/j120opt/normalized-j1206_10.std.opb.xz,16
OPT-LIN/normalized-PB10/oliveras/j120opt/normalized-j1206_2.std.opb.xz,16
OPT-LIN/normalized-PB10/oliveras/j120opt/normalized-j1206_3.std.opb.xz,16
OPT-LIN/normalized-PB10/oliveras/j120opt/normalized-j1206_4.std.opb.xz,16
OPT-LIN/normalized-PB10/oliveras/j120opt/normalized-j1206_5.std.opb.xz,16
OPT-LIN/normalized-PB10/oliveras/j120opt/normalized-j1206_6.std.opb.xz,16
OPT-LIN/normalized-PB10/oliveras/j120opt/normalized-j1206_7.std.opb.xz,16
OPT-LIN/normalized-PB10/oliveras/j120opt/normalized-j1206_8.std.opb.xz,16
OPT-LIN/normalized-PB10/oliveras/j120opt/normalized-j1206_9.std.opb.xz,16
OPT-LIN/normalized-PB10/oliveras/j120opt/normalized-j1207_1.std.opb.xz,16
OPT-LIN/normalized-PB10/oliveras/j120opt/normalized-j1207_10.std.opb.xz,16
OPT-LIN/normalized-PB10/oliveras/j120opt/normalized-j1207_2.std.opb.xz,16
OPT-LIN/normalized-PB10/oliveras/j120opt/normalized-j1207_3.std.opb.xz,16
OPT-LIN/normalized-PB10/oliveras/j120opt/normalized-j1207_4.std.opb.xz,16
OPT-LIN/normalized-PB10/oliveras/j120opt/normalized-j1207_5.std.opb.xz,16
OPT-LIN/normalized-PB10/oliveras/j120opt/normalized-j1207_6.std.opb.xz,16
OPT-LIN/normalized-PB10/oliveras/j120opt/normalized-j1207_7.std.opb.xz,16
OPT-LIN/normalized-PB10/oliveras/j120opt/normalized-j1207_8.std.opb.xz,16
OPT-LIN/normalized-PB10/oliveras/j120opt/normalized-j1207_9.std.opb.xz,16
OPT-LIN/normalized-PB10/oliveras/j120opt/normalized-j1208_1.std.opb.xz,16
OPT-LIN/normalized-PB10/oliveras/j120opt/normalized-j1208_10.std.opb.xz,16
OPT-LIN/normalized-PB10/oliveras/j120opt/normalized-j1208_2.std.opb.xz,16
OPT-LIN/normalized-PB10/oliveras/j120opt/normalized-j1208_3.std.opb.xz,16
OPT-LIN/normalized-PB10/oliveras/j120opt/normalized-j1208_4.std.opb.xz,16
OPT-LIN/normalized-PB10/oliveras/j120opt/normalized-j1208_5.std.opb.xz,16
OPT-LIN/normalized-PB10/oliveras/j120opt/normalized-j1208_6.std.opb.xz,16
OPT-LIN/normalized-PB10/oliveras/j120opt/normalized-j1208_7.std.opb.xz,16
OPT-LIN/normalized-PB10/oliveras/j120opt/normalized-j1208_8.std.opb.xz,16
OPT-LIN/normalized-PB10/oliveras/j120opt/normalized-j1208_9.std.opb.xz,16
OPT-LIN/normalized-PB10/oliveras/j120opt/normalized-j1209_1.std.opb.xz,16
OPT-LIN/normalized-PB10/oliveras/j120opt/normalized-j1209_10.std.opb.xz,16
OPT-LIN/normalized-PB10/oliveras/j120opt/normalized-j1209_2.std.opb.xz,16
OPT-LIN/normalized-PB10/oliveras/j120opt/normalized-j1209_3.std.opb.xz,16
OPT-LIN/normalized-PB10/oliveras/j120opt/normalized-j1209_4.std.opb.xz,16
OPT-LIN/normalized-PB10/oliveras/j120opt/normalized-j1209_5.std.opb.xz,16
OPT-LIN/normalized-PB10/oliveras/j120opt/normalized-j1209_6.std.opb.xz,16
OPT-LIN/normalized-PB10/oliveras/j120opt/normalized-j1209_7.std.opb.xz,16
OPT-LIN/normalized-PB10/oliveras/j120opt/normalized-j1209_8.std.opb.xz,16
OPT-LIN/normalized-PB10/oliveras/j120opt/normalized-j1209_9.std.opb.xz,16
OPT-LIN/normalized-PB10/oliveras/j30opt/normalized-j3010_1.std.opb.xz,16
OPT-LIN/normalized-PB10/oliveras/j30opt/normalized-j3010_10.std.opb.xz,16
OPT-LIN/normalized-PB10/oliveras/j30opt/normalized-j3010_2.std.opb.xz,16
OPT-LIN/normalized-PB10/oliveras/j30opt/normalized-j3010_3.std.opb.xz,16
OPT-LIN/normalized-PB10/oliveras/j30opt/normalized-j3010_4.std.opb.xz,16
OPT-LIN/normalized-PB10/oliveras/j30opt/normalized-j3010_5.std.opb.xz,16
OPT-LIN/normalized-PB10/oliveras/j30opt/normalized-j3010_6.std.opb.xz,16
OPT-LIN/normalized-PB10/oliveras/j30opt/normalized-j3010_7.std.opb.xz,16
OPT-LIN/normalized-PB10/oliveras/j30opt/normalized-j3010_8.std.opb.xz,16
OPT-LIN/normalized-PB10/oliveras/j30opt/normalized-j3010_9.std.opb.xz,16
OPT-LIN/normalized-PB10/oliveras/j30opt/normalized-j3011_1.std.opb.xz,16
OPT-LIN/normalized-PB10/oliveras/j30opt/normalized-j3011_10.std.opb.xz,16
OPT-LIN/normalized-PB10/oliveras/j30opt/normalized-j3011_2.std.opb.xz,16
OPT-LIN/normalized-PB10/oliveras/j30opt/normalized-j3011_3.std.opb.xz,16
OPT-LIN/normalized-PB10/oliveras/j30opt/normalized-j3011_4.std.opb.xz,16
OPT-LIN/normalized-PB10/oliveras/j30opt/normalized-j3011_5.std.opb.xz,16
OPT-LIN/normalized-PB10/oliveras/j30opt/normalized-j3011_6.std.opb.xz,16
OPT-LIN/normalized-PB10/oliveras/j30opt/normalized-j3011_7.std.opb.xz,16
OPT-LIN/normalized-PB10/oliveras/j30opt/normalized-j3011_8.std.opb.xz,16
OPT-LIN/normalized-PB10/oliveras/j30opt/normalized-j3011_9.std.opb.xz,16
OPT-LIN/normalized-PB10/oliveras/j30opt/normalized-j3012_1.std.opb.xz,16
OPT-LIN/normalized-PB10/oliveras/j30opt/normalized-j3012_10.std.opb.xz,16
OPT-LIN/normalized-PB10/oliveras/j30opt/normalized-j3012_2.std.opb.xz,16
OPT-LIN/normalized-PB10/oliveras/j30opt/normalized-j3012_3.std.opb.xz,16
OPT-LIN/normalized-PB10/oliveras/j30opt/normalized-j3012_4.std.opb.xz,16
OPT-LIN/normalized-PB10/oliveras/j30opt/normalized-j3012_5.std.opb.xz,16
OPT-LIN/normalized-PB10/oliveras/j30opt/normalized-j3012_6.std.opb.xz,16
OPT-LIN/normalized-PB10/oliveras/j30opt/normalized-j3012_7.std.opb.xz,16
OPT-LIN/normalized-PB10/oliveras/j30opt/normalized-j3012_8.std.opb.xz,16
OPT-LIN/normalized-PB10/oliveras/j30opt/normalized-j3012_9.std.opb.xz,16
OPT-LIN/normalized-PB10/oliveras/j30opt/normalized-j3013_1.std.opb.xz,16
OPT-LIN/normalized-PB10/oliveras/j30opt/normalized-j3013_10.std.opb.xz,16
OPT-LIN/normalized-PB10/oliveras/j30opt/normalized-j3013_2.std.opb.xz,16
OPT-LIN/normalized-PB10/oliveras/j30opt/normalized-j3013_3.std.opb.xz,16
OPT-LIN/normalized-PB10/oliveras/j30opt/normalized-j3013_4.std.opb.xz,16
OPT-LIN/normalized-PB10/oliveras/j30opt/normalized-j3013_5.std.opb.xz,16
OPT-LIN/normalized-PB10/oliveras/j30opt/normalized-j3013_6.std.opb.xz,16
OPT-LIN/normalized-PB10/oliveras/j30opt/normalized-j3013_7.std.opb.xz,16
OPT-LIN/normalized-PB10/oliveras/j30opt/normalized-j3013_8.std.opb.xz,16
OPT-LIN/normalized-PB10/oliveras/j30opt/normalized-j3013_9.std.opb.xz,16
OPT-LIN/normalized-PB10/oliveras/j30opt/normalized-j3014_1.std.opb.xz,16
OPT-LIN/normalized-PB10/oliveras/j30opt/normalized-j3014_10.std.opb.xz,16
OPT-LIN/normalized-PB10/oliveras/j30opt/normalized-j3014_2.std.opb.xz,16
OPT-LIN/normalized-PB10/oliveras/j30opt/normalized-j3014_3.std.opb.xz,16
OPT-LIN/normalized-PB10/oliveras/j30opt/normalized-j3014_4.std.opb.xz,16
OPT-LIN/normalized-PB10/oliveras/j30opt/normalized-j3014_5.std.opb.xz,16
OPT-LIN/normalized-PB10/oliveras/j30opt/normalized-j3014_6.std.opb.xz,16
OPT-LIN/normalized-PB10/oliveras/j30opt/normalized-j3014_7.std.opb.xz,16
OPT-LIN/normalized-PB10/oliveras/j30opt/normalized-j3014_8.std.opb.xz,16
OPT-LIN/normalized-PB10/oliveras/j30opt/normalized-j3014_9.std.opb.xz,16
OPT-LIN/normalized-PB10/oliveras/j30opt/normalized-j3015_1.std.opb.xz,16
OPT-LIN/normalized-PB10/oliveras/j30opt/normalized-j3015_10.std.opb.xz,16
OPT-LIN/normalized-PB10/oliveras/j30opt/normalized-j3015_2.std.opb.xz,16
OPT-LIN/normalized-PB10/oliveras/j30opt/normalized-j3015_3.std.opb.xz,16
OPT-LIN/normalized-PB10/oliveras/j30opt/normalized-j3015_4.std.opb.xz,16
OPT-LIN/normalized-PB10/oliveras/j30opt/normalized-j3015_5.std.opb.xz,16
OPT-LIN/normalized-PB10/oliveras/j30opt/normalized-j3015_6.std.opb.xz,16
OPT-LIN/normalized-PB10/oliveras/j30opt/normalized-j3015_7.std.opb.xz,16
OPT-LIN/normalized-PB10/oliveras/j30opt/normalized-j3015_8.std.opb.xz,16
OPT-LIN/normalized-PB10/oliveras/j30opt/normalized-j3015_9.std.opb.xz,16
OPT-LIN/normalized-PB10/oliveras/j30opt/normalized-j3016_1.std.opb.xz,16
OPT-LIN/normalized-PB10/oliveras/j30opt/normalized-j3016_10.std.opb.xz,16
OPT-LIN/normalized-PB10/oliveras/j30opt/normalized-j3016_2.std.opb.xz,16
OPT-LIN/normalized-PB10/oliveras/j30opt/normalized-j3016_3.std.opb.xz,16
OPT-LIN/normalized-PB10/oliveras/j30opt/normalized-j3016_4.std.opb.xz,16
OPT-LIN/normalized-PB10/oliveras/j30opt/normalized-j3016_5.std.opb.xz,16
OPT-LIN/normalized-PB10/oliveras/j30opt/normalized-j3016_6.std.opb.xz,16
OPT-LIN/normalized-PB10/oliveras/j30opt/normalized-j3016_7.std.opb.xz,16
OPT-LIN/normalized-PB10/oliveras/j30opt/normalized-j3016_8.std.opb.xz,16
OPT-LIN/normalized-PB10/oliveras/j30opt/normalized-j3016_9.std.opb.xz,16
OPT-LIN/normalized-PB10/oliveras/j30opt/normalized-j3017_1.std.opb.xz,16
OPT-LIN/normalized-PB10/oliveras/j30opt/normalized-j3017_10.std.opb.xz,16
OPT-LIN/normalized-PB10/oliveras/j30opt/normalized-j3017_2.std.opb.xz,16
OPT-LIN/normalized-PB10/oliveras/j30opt/normalized-j3017_3.std.opb.xz,16
OPT-LIN/normalized-PB10/oliveras/j30opt/normalized-j3017_4.std.opb.xz,16
OPT-LIN/normalized-PB10/oliveras/j30opt/normalized-j3017_5.std.opb.xz,16
OPT-LIN/normalized-PB10/oliveras/j30opt/normalized-j3017_6.std.opb.xz,16
OPT-LIN/normalized-PB10/oliveras/j30opt/normalized-j3017_7.std.opb.xz,16
OPT-LIN/normalized-PB10/oliveras/j30opt/normalized-j3017_8.std.opb.xz,16
OPT-LIN/normalized-PB10/oliveras/j30opt/normalized-j3017_9.std.opb.xz,16
OPT-LIN/normalized-PB10/oliveras/j30opt/normalized-j3018_1.std.opb.xz,16
OPT-LIN/normalized-PB10/oliveras/j30opt/normalized-j3018_10.std.opb.xz,16
OPT-LIN/normalized-PB10/oliveras/j30opt/normalized-j3018_2.std.opb.xz,16
OPT-LIN/normalized-PB10/oliveras/j30opt/normalized-j3018_3.std.opb.xz,16
OPT-LIN/normalized-PB10/oliveras/j30opt/normalized-j3018_4.std.opb.xz,16
OPT-LIN/normalized-PB10/oliveras/j30opt/normalized-j3018_5.std.opb.xz,16
OPT-LIN/normalized-PB10/oliveras/j30opt/normalized-j3018_6.std.opb.xz,16
OPT-LIN/normalized-PB10/oliveras/j30opt/normalized-j3018_7.std.opb.xz,16
OPT-LIN/normalized-PB10/oliveras/j30opt/normalized-j3018_8.std.opb.xz,16
OPT-LIN/normalized-PB10/oliveras/j30opt/normalized-j3018_9.std.opb.xz,16
OPT-LIN/normalized-PB10/oliveras/j30opt/normalized-j3019_1.std.opb.xz,16
OPT-LIN/normalized-PB10/oliveras/j30opt/normalized-j3019_10.std.opb.xz,16
OPT-LIN/normalized-PB10/oliveras/j30opt/normalized-j3019_2.std.opb.xz,16
OPT-LIN/normalized-PB10/oliveras/j30opt/normalized-j3019_3.std.opb.xz,16
OPT-LIN/normalized-PB10/oliveras/j30opt/normalized-j3019_4.std.opb.xz,16
OPT-LIN/normalized-PB10/oliveras/j30opt/normalized-j3019_5.std.opb.xz,16
OPT-LIN/normalized-PB10/oliveras/j30opt/normalized-j3019_6.std.opb.xz,16
OPT-LIN/normalized-PB10/oliveras/j30opt/normalized-j3019_7.std.opb.xz,16
OPT-LIN/normalized-PB10/oliveras/j30opt/normalized-j3019_8.std.opb.xz,16
OPT-LIN/normalized-PB10/oliveras/j30opt/normalized-j3019_9.std.opb.xz,16
OPT-LIN/normalized-PB10/oliveras/j30opt/normalized-j301_1.std.opb.xz,16
OPT-LIN/normalized-PB10/oliveras/j30opt/normalized-j301_10.std.opb.xz,16
OPT-LIN/normalized-PB10/oliveras/j30opt/normalized-j301_2.std.opb.xz,16
OPT-LIN/normalized-PB10/oliveras/j30opt/normalized-j301_3.std.opb.xz,16
OPT-LIN/normalized-PB10/oliveras/j30opt/normalized-j301_4.std.opb.xz,16
OPT-LIN/normalized-PB10/oliveras/j30opt/normalized-j301_5.std.opb.xz,16
OPT-LIN/normalized-PB10/oliveras/j30opt/normalized-j301_6.std.opb.xz,16
OPT-LIN/normalized-PB10/oliveras/j30opt/normalized-j301_7.std.opb.xz,16
OPT-LIN/normalized-PB10/oliveras/j30opt/normalized-j301_8.std.opb.xz,16
OPT-LIN/normalized-PB10/oliveras/j30opt/normalized-j301_9.std.opb.xz,16
OPT-LIN/normalized-PB10/oliveras/j30opt/normalized-j3020_1.std.opb.xz,16
OPT-LIN/normalized-PB10/oliveras/j30opt/normalized-j3020_10.std.opb.xz,16
OPT-LIN/normalized-PB10/oliveras/j30opt/normalized-j3020_2.std.opb.xz,16
OPT-LIN/normalized-PB10/oliveras/j30opt/normalized-j3020_3.std.opb.xz,16
OPT-LIN/normalized-PB10/oliveras/j30opt/normalized-j3020_4.std.opb.xz,16
OPT-LIN/normalized-PB10/oliveras/j30opt/normalized-j3020_5.std.opb.xz,16
OPT-LIN/normalized-PB10/oliveras/j30opt/normalized-j3020_6.std.opb.xz,16
OPT-LIN/normalized-PB10/oliveras/j30opt/normalized-j3020_7.std.opb.xz,16
OPT-LIN/normalized-PB10/oliveras/j30opt/normalized-j3020_8.std.opb.xz,16
OPT-LIN/normalized-PB10/oliveras/j30opt/normalized-j3020_9.std.opb.xz,16
OPT-LIN/normalized-PB10/oliveras/j30opt/normalized-j3021_1.std.opb.xz,16
OPT-LIN/normalized-PB10/oliveras/j30opt/normalized-j3021_10.std.opb.xz,16
OPT-LIN/normalized-PB10/oliveras/j30opt/normalized-j3021_2.std.opb.xz,16
OPT-LIN/normalized-PB10/oliveras/j30opt/normalized-j3021_3.std.opb.xz,16
OPT-LIN/normalized-PB10/oliveras/j30opt/normalized-j3021_4.std.opb.xz,16
OPT-LIN/normalized-PB10/oliveras/j30opt/normalized-j3021_5.std.opb.xz,16
OPT-LIN/normalized-PB10/oliveras/j30opt/normalized-j3021_6.std.opb.xz,16
OPT-LIN/normalized-PB10/oliveras/j30opt/normalized-j3021_7.std.opb.xz,16
OPT-LIN/normalized-PB10/oliveras/j30opt/normalized-j3021_8.std.opb.xz,16
OPT-LIN/normalized-PB10/oliveras/j30opt/normalized-j3021_9.std.opb.xz,16
OPT-LIN/normalized-PB10/oliveras/j30opt/normalized-j3022_1.std.opb.xz,16
OPT-LIN/normalized-PB10/oliveras/j30opt/normalized-j3022_10.std.opb.xz,16
OPT-LIN/normalized-PB10/oliveras/j30opt/normalized-j3022_2.std.opb.xz,16
OPT-LIN/normalized-PB10/oliveras/j30opt/normalized-j3022_3.std.opb.xz,16
OPT-LIN/normalized-PB10/oliveras/j30opt/normalized-j3022_4.std.opb.xz,16
OPT-LIN/normalized-PB10/oliveras/j30opt/normalized-j3022_5.std.opb.xz,16
OPT-LIN/normalized-PB10/oliveras/j30opt/normalized-j3022_6.std.opb.xz,16
OPT-LIN/normalized-PB10/oliveras/j30opt/normalized-j3022_7.std.opb.xz,16
OPT-LIN/normalized-PB10/oliveras/j30opt/normalized-j3022_8.std.opb.xz,16
OPT-LIN/normalized-PB10/oliveras/j30opt/normalized-j3022_9.std.opb.xz,16
OPT-LIN/normalized-PB10/oliveras/j30opt/normalized-j3023_1.std.opb.xz,16
OPT-LIN/normalized-PB10/oliveras/j30opt/normalized-j3023_10.std.opb.xz,16
OPT-LIN/normalized-PB10/oliveras/j30opt/normalized-j3023_2.std.opb.xz,16
OPT-LIN/normalized-PB10/oliveras/j30opt/normalized-j3023_3.std.opb.xz,16
OPT-LIN/normalized-PB10/oliveras/j30opt/normalized-j3023_4.std.opb.xz,16
OPT-LIN/normalized-PB10/oliveras/j30opt/normalized-j3023_5.std.opb.xz,16
OPT-LIN/normalized-PB10/oliveras/j30opt/normalized-j3023_6.std.opb.xz,16
OPT-LIN/normalized-PB10/oliveras/j30opt/normalized-j3023_7.std.opb.xz,16
OPT-LIN/normalized-PB10/oliveras/j30opt/normalized-j3023_8.std.opb.xz,16
OPT-LIN/normalized-PB10/oliveras/j30opt/normalized-j3023_9.std.opb.xz,16
OPT-LIN/normalized-PB10/oliveras/j30opt/normalized-j3024_1.std.opb.xz,16
OPT-LIN/normalized-PB10/oliveras/j30opt/normalized-j3024_10.std.opb.xz,16
OPT-LIN/normalized-PB10/oliveras/j30opt/normalized-j3024_2.std.opb.xz,16
OPT-LIN/normalized-PB10/oliveras/j30opt/normalized-j3024_3.std.opb.xz,16
OPT-LIN/normalized-PB10/oliveras/j30opt/normalized-j3024_4.std.opb.xz,16
OPT-LIN/normalized-PB10/oliveras/j30opt/normalized-j3024_5.std.opb.xz,16
OPT-LIN/normalized-PB10/oliveras/j30opt/normalized-j3024_6.std.opb.xz,16
OPT-LIN/normalized-PB10/oliveras/j30opt/normalized-j3024_7.std.opb.xz,16
OPT-LIN/normalized-PB10/oliveras/j30opt/normalized-j3024_8.std.opb.xz,16
OPT-LIN/normalized-PB10/oliveras/j30opt/normalized-j3024_9.std.opb.xz,16
OPT-LIN/normalized-PB10/oliveras/j30opt/normalized-j3025_1.std.opb.xz,16
OPT-LIN/normalized-PB10/oliveras/j30opt/normalized-j3025_10.std.opb.xz,16
OPT-LIN/normalized-PB10/oliveras/j30opt/normalized-j3025_2.std.opb.xz,16
OPT-LIN/normalized-PB10/oliveras/j30opt/normalized-j3025_3.std.opb.xz,16
OPT-LIN/normalized-PB10/oliveras/j30opt/normalized-j3025_4.std.opb.xz,16
OPT-LIN/normalized-PB10/oliveras/j30opt/normalized-j3025_5.std.opb.xz,16
OPT-LIN/normalized-PB10/oliveras/j30opt/normalized-j3025_6.std.opb.xz,16
OPT-LIN/normalized-PB10/oliveras/j30opt/normalized-j3025_7.std.opb.xz,16
OPT-LIN/normalized-PB10/oliveras/j30opt/normalized-j3025_8.std.opb.xz,16
OPT-LIN/normalized-PB10/oliveras/j30opt/normalized-j3025_9.std.opb.xz,16
OPT-LIN/normalized-PB10/oliveras/j30opt/normalized-j3026_1.std.opb.xz,16
OPT-LIN/normalized-PB10/oliveras/j30opt/normalized-j3026_10.std.opb.xz,16
OPT-LIN/normalized-PB10/oliveras/j30opt/normalized-j3026_2.std.opb.xz,16
OPT-LIN/normalized-PB10/oliveras/j30opt/normalized-j3026_3.std.opb.xz,16
OPT-LIN/normalized-PB10/oliveras/j30opt/normalized-j3026_4.std.opb.xz,16
OPT-LIN/normalized-PB10/oliveras/j30opt/normalized-j3026_5.std.opb.xz,16
OPT-LIN/normalized-PB10/oliveras/j30opt/normalized-j3026_6.std.opb.xz,16
OPT-LIN/normalized-PB10/oliveras/j30opt/normalized-j3026_7.std.opb.xz,16
OPT-LIN/normalized-PB10/oliveras/j30opt/normalized-j3026_8.std.opb.xz,16
OPT-LIN/normalized-PB10/oliveras/j30opt/normalized-j3026_9.std.opb.xz,16
OPT-LIN/normalized-PB10/oliveras/j30opt/normalized-j3027_1.std.opb.xz,16
OPT-LIN/normalized-PB10/oliveras/j30opt/normalized-j3027_10.std.opb.xz,16
OPT-LIN/normalized-PB10/oliveras/j30opt/normalized-j3027_2.std.opb.xz,16
OPT-LIN/normalized-PB10/oliveras/j30opt/normalized-j3027_3.std.opb.xz,16
OPT-LIN/normalized-PB10/oliveras/j30opt/normalized-j3027_4.std.opb.xz,16
OPT-LIN/normalized-PB10/oliveras/j30opt/normalized-j3027_5.std.opb.xz,16
OPT-LIN/normalized-PB10/oliveras/j30opt/normalized-j3027_6.std.opb.xz,16
OPT-LIN/normalized-PB10/oliveras/j30opt/normalized-j3027_7.std.opb.xz,16
OPT-LIN/normalized-PB10/oliveras/j30opt/normalized-j3027_8.std.opb.xz,16
OPT-LIN/normalized-PB10/oliveras/j30opt/normalized-j3027_9.std.opb.xz,16
OPT-LIN/normalized-PB10/oliveras/j30opt/normalized-j3028_1.std.opb.xz,16
OPT-LIN/normalized-PB10/oliveras/j30opt/normalized-j3028_10.std.opb.xz,16
OPT-LIN/normalized-PB10/oliveras/j30opt/normalized-j3028_2.std.opb.xz,16
OPT-LIN/normalized-PB10/oliveras/j30opt/normalized-j3028_3.std.opb.xz,16
OPT-LIN/normalized-PB10/oliveras/j30opt/normalized-j3028_4.std.opb.xz,16
OPT-LIN/normalized-PB10/oliveras/j30opt/normalized-j3028_5.std.opb.xz,16
OPT-LIN/normalized-PB10/oliveras/j30opt/normalized-j3028_6.std.opb.xz,16
OPT-LIN/normalized-PB10/oliveras/j30opt/normalized-j3028_7.std.opb.xz,16
OPT-LIN/normalized-PB10/oliveras/j30opt/normalized-j3028_8.std.opb.xz,16
OPT-LIN/normalized-PB10/oliveras/j30opt/normalized-j3028_9.std.opb.xz,16
OPT-LIN/normalized-PB10/oliveras/j30opt/normalized-j3029_1.std.opb.xz,16
OPT-LIN/normalized-PB10/oliveras/j30opt/normalized-j3029_10.std.opb.xz,16
OPT-LIN/normalized-PB10/oliveras/j30opt/normalized-j3029_2.std.opb.xz,16
OPT-LIN/normalized-PB10/oliveras/j30opt/normalized-j3029_3.std.opb.xz,16
OPT-LIN/normalized-PB10/oliveras/j30opt/normalized-j3029_4.std.opb.xz,16
OPT-LIN/normalized-PB10/oliveras/j30opt/normalized-j3029_5.std.opb.xz,16
OPT-LIN/normalized-PB10/oliveras/j30opt/normalized-j3029_6.std.opb.xz,16
OPT-LIN/normalized-PB10/oliveras/j30opt/normalized-j3029_7.std.opb.xz,16
OPT-LIN/normalized-PB10/oliveras/j30opt/normalized-j3029_8.std.opb.xz,16
OPT-LIN/normalized-PB10/oliveras/j30opt/normalized-j3029_9.std.opb.xz,16
OPT-LIN/normalized-PB10/oliveras/j30opt/normalized-j302_1.std.opb.xz,16
OPT-LIN/normalized-PB10/oliveras/j30opt/normalized-j302_10.std.opb.xz,16
OPT-LIN/normalized-PB10/oliveras/j30opt/normalized-j302_2.std.opb.xz,16
OPT-LIN/normalized-PB10/oliveras/j30opt/normalized-j302_3.std.opb.xz,16
OPT-LIN/normalized-PB10/oliveras/j30opt/normalized-j302_4.std.opb.xz,16
OPT-LIN/normalized-PB10/oliveras/j30opt/normalized-j302_5.std.opb.xz,16
OPT-LIN/normalized-PB10/oliveras/j30opt/normalized-j302_6.std.opb.xz,16
OPT-LIN/normalized-PB10/oliveras/j30opt/normalized-j302_7.std.opb.xz,16
OPT-LIN/normalized-PB10/oliveras/j30opt/normalized-j302_8.std.opb.xz,16
OPT-LIN/normalized-PB10/oliveras/j30opt/normalized-j302_9.std.opb.xz,16
OPT-LIN/normalized-PB10/oliveras/j30opt/normalized-j3030_1.std.opb.xz,16
OPT-LIN/normalized-PB10/oliveras/j30opt/normalized-j3030_10.std.opb.xz,16
OPT-LIN/normalized-PB10/oliveras/j30opt/normalized-j3030_2.std.opb.xz,16
OPT-LIN/normalized-PB10/oliveras/j30opt/normalized-j3030_3.std.opb.xz,16
OPT-LIN/normalized-PB10/oliveras/j30opt/normalized-j3030_4.std.opb.xz,16
OPT-LIN/normalized-PB10/oliveras/j30opt/normalized-j3030_5.std.opb.xz,16
OPT-LIN/normalized-PB10/oliveras/j30opt/normalized-j3030_6.std.opb.xz,16
OPT-LIN/normalized-PB10/oliveras/j30opt/normalized-j3030_7.std.opb.xz,16
OPT-LIN/normalized-PB10/oliveras/j30opt/normalized-j3030_8.std.opb.xz,16
OPT-LIN/normalized-PB10/oliveras/j30opt/normalized-j3030_9.std.opb.xz,16
OPT-LIN/normalized-PB10/oliveras/j30opt/normalized-j3031_1.std.opb.xz,16
OPT-LIN/normalized-PB10/oliveras/j30opt/normalized-j3031_10.std.opb.xz,16
OPT-LIN/normalized-PB10/oliveras/j30opt/normalized-j3031_2.std.opb.xz,16
OPT-LIN/normalized-PB10/oliveras/j30opt/normalized-j3031_3.std.opb.xz,16
OPT-LIN/normalized-PB10/oliveras/j30opt/normalized-j3031_4.std.opb.xz,16
OPT-LIN/normalized-PB10/oliveras/j30opt/normalized-j3031_5.std.opb.xz,16
OPT-LIN/normalized-PB10/oliveras/j30opt/normalized-j3031_6.std.opb.xz,16
OPT-LIN/normalized-PB10/oliveras/j30opt/normalized-j3031_7.std.opb.xz,16
OPT-LIN/normalized-PB10/oliveras/j30opt/normalized-j3031_8.std.opb.xz,16
OPT-LIN/normalized-PB10/oliveras/j30opt/normalized-j3031_9.std.opb.xz,16
OPT-LIN/normalized-PB10/oliveras/j30opt/normalized-j3032_1.std.opb.xz,16
OPT-LIN/normalized-PB10/oliveras/j30opt/normalized-j3032_10.std.opb.xz,16
OPT-LIN/normalized-PB10/oliveras/j30opt/normalized-j3032_2.std.opb.xz,16
OPT-LIN/normalized-PB10/oliveras/j30opt/normalized-j3032_3.std.opb.xz,16
OPT-LIN/normalized-PB10/oliveras/j30opt/normalized-j3032_4.std.opb.xz,16
OPT-LIN/normalized-PB10/oliveras/j30opt/normalized-j3032_5.std.opb.xz,16
OPT-LIN/normalized-PB10/oliveras/j30opt/normalized-j3032_6.std.opb.xz,16
OPT-LIN/normalized-PB10/oliveras/j30opt/normalized-j3032_7.std.opb.xz,16
OPT-LIN/normalized-PB10/oliveras/j30opt/normalized-j3032_8.std.opb.xz,16
OPT-LIN/normalized-PB10/oliveras/j30opt/normalized-j3032_9.std.opb.xz,16
OPT-LIN/normalized-PB10/oliveras/j30opt/normalized-j3033_1.std.opb.xz,16
OPT-LIN/normalized-PB10/oliveras/j30opt/normalized-j3033_10.std.opb.xz,16
OPT-LIN/normalized-PB10/oliveras/j30opt/normalized-j3033_2.std.opb.xz,16
OPT-LIN/normalized-PB10/oliveras/j30opt/normalized-j3033_3.std.opb.xz,16
OPT-LIN/normalized-PB10/oliveras/j30opt/normalized-j3033_4.std.opb.xz,16
OPT-LIN/normalized-PB10/oliveras/j30opt/normalized-j3033_5.std.opb.xz,16
OPT-LIN/normalized-PB10/oliveras/j30opt/normalized-j3033_6.std.opb.xz,16
OPT-LIN/normalized-PB10/oliveras/j30opt/normalized-j3033_7.std.opb.xz,16
OPT-LIN/normalized-PB10/oliveras/j30opt/normalized-j3033_8.std.opb.xz,16
OPT-LIN/normalized-PB10/oliveras/j30opt/normalized-j3033_9.std.opb.xz,16
OPT-LIN/normalized-PB10/oliveras/j30opt/normalized-j3034_1.std.opb.xz,16
OPT-LIN/normalized-PB10/oliveras/j30opt/normalized-j3034_10.std.opb.xz,16
OPT-LIN/normalized-PB10/oliveras/j30opt/normalized-j3034_2.std.opb.xz,16
OPT-LIN/normalized-PB10/oliveras/j30opt/normalized-j3034_3.std.opb.xz,16
OPT-LIN/normalized-PB10/oliveras/j30opt/normalized-j3034_4.std.opb.xz,16
OPT-LIN/normalized-PB10/oliveras/j30opt/normalized-j3034_5.std.opb.xz,16
OPT-LIN/normalized-PB10/oliveras/j30opt/normalized-j3034_6.std.opb.xz,16
OPT-LIN/normalized-PB10/oliveras/j30opt/normalized-j3034_7.std.opb.xz,16
OPT-LIN/normalized-PB10/oliveras/j30opt/normalized-j3034_8.std.opb.xz,16
OPT-LIN/normalized-PB10/oliveras/j30opt/normalized-j3034_9.std.opb.xz,16
OPT-LIN/normalized-PB10/oliveras/j30opt/normalized-j3035_1.std.opb.xz,16
OPT-LIN/normalized-PB10/oliveras/j30opt/normalized-j3035_10.std.opb.xz,16
OPT-LIN/normalized-PB10/oliveras/j30opt/normalized-j3035_2.std.opb.xz,16
OPT-LIN/normalized-PB10/oliveras/j30opt/normalized-j3035_3.std.opb.xz,16
OPT-LIN/normalized-PB10/oliveras/j30opt/normalized-j3035_4.std.opb.xz,16
OPT-LIN/normalized-PB10/oliveras/j30opt/normalized-j3035_5.std.opb.xz,16
OPT-LIN/normalized-PB10/oliveras/j30opt/normalized-j3035_6.std.opb.xz,16
OPT-LIN/normalized-PB10/oliveras/j30opt/normalized-j3035_7.std.opb.xz,16
OPT-LIN/normalized-PB10/oliveras/j30opt/normalized-j3035_8.std.opb.xz,16
OPT-LIN/normalized-PB10/oliveras/j30opt/normalized-j3035_9.std.opb.xz,16
OPT-LIN/normalized-PB10/oliveras/j30opt/normalized-j3036_1.std.opb.xz,16
OPT-LIN/normalized-PB10/oliveras/j30opt/normalized-j3036_10.std.opb.xz,16
OPT-LIN/normalized-PB10/oliveras/j30opt/normalized-j3036_2.std.opb.xz,16
OPT-LIN/normalized-PB10/oliveras/j30opt/normalized-j3036_3.std.opb.xz,16
OPT-LIN/normalized-PB10/oliveras/j30opt/normalized-j3036_4.std.opb.xz,16
OPT-LIN/normalized-PB10/oliveras/j30opt/normalized-j3036_5.std.opb.xz,16
OPT-LIN/normalized-PB10/oliveras/j30opt/normalized-j3036_6.std.opb.xz,16
OPT-LIN/normalized-PB10/oliveras/j30opt/normalized-j3036_7.std.opb.xz,16
OPT-LIN/normalized-PB10/oliveras/j30opt/normalized-j3036_8.std.opb.xz,16
OPT-LIN/normalized-PB10/oliveras/j30opt/normalized-j3036_9.std.opb.xz,16
OPT-LIN/normalized-PB10/oliveras/j30opt/normalized-j3037_1.std.opb.xz,16
OPT-LIN/normalized-PB10/oliveras/j30opt/normalized-j3037_10.std.opb.xz,16
OPT-LIN/normalized-PB10/oliveras/j30opt/normalized-j3037_2.std.opb.xz,16
OPT-LIN/normalized-PB10/oliveras/j30opt/normalized-j3037_3.std.opb.xz,16
OPT-LIN/normalized-PB10/oliveras/j30opt/normalized-j3037_4.std.opb.xz,16
OPT-LIN/normalized-PB10/oliveras/j30opt/normalized-j3037_5.std.opb.xz,16
OPT-LIN/normalized-PB10/oliveras/j30opt/normalized-j3037_6.std.opb.xz,16
OPT-LIN/normalized-PB10/oliveras/j30opt/normalized-j3037_7.std.opb.xz,16
OPT-LIN/normalized-PB10/oliveras/j30opt/normalized-j3037_8.std.opb.xz,16
OPT-LIN/normalized-PB10/oliveras/j30opt/normalized-j3037_9.std.opb.xz,16
OPT-LIN/normalized-PB10/oliveras/j30opt/normalized-j3038_1.std.opb.xz,16
OPT-LIN/normalized-PB10/oliveras/j30opt/normalized-j3038_10.std.opb.xz,16
OPT-LIN/normalized-PB10/oliveras/j30opt/normalized-j3038_2.std.opb.xz,16
OPT-LIN/normalized-PB10/oliveras/j30opt/normalized-j3038_3.std.opb.xz,16
OPT-LIN/normalized-PB10/oliveras/j30opt/normalized-j3038_4.std.opb.xz,16
OPT-LIN/normalized-PB10/oliveras/j30opt/normalized-j3038_5.std.opb.xz,16
OPT-LIN/normalized-PB10/oliveras/j30opt/normalized-j3038_6.std.opb.xz,16
OPT-LIN/normalized-PB10/oliveras/j30opt/normalized-j3038_7.std.opb.xz,16
OPT-LIN/normalized-PB10/oliveras/j30opt/normalized-j3038_8.std.opb.xz,16
OPT-LIN/normalized-PB10/oliveras/j30opt/normalized-j3038_9.std.opb.xz,16
OPT-LIN/normalized-PB10/oliveras/j30opt/normalized-j3039_1.std.opb.xz,16
OPT-LIN/normalized-PB10/oliveras/j30opt/normalized-j3039_10.std.opb.xz,16
OPT-LIN/normalized-PB10/oliveras/j30opt/normalized-j3039_2.std.opb.xz,16
OPT-LIN/normalized-PB10/oliveras/j30opt/normalized-j3039_3.std.opb.xz,16
OPT-LIN/normalized-PB10/oliveras/j30opt/normalized-j3039_4.std.opb.xz,16
OPT-LIN/normalized-PB10/oliveras/j30opt/normalized-j3039_5.std.opb.xz,16
OPT-LIN/normalized-PB10/oliveras/j30opt/normalized-j3039_6.std.opb.xz,16
OPT-LIN/normalized-PB10/oliveras/j30opt/normalized-j3039_7.std.opb.xz,16
OPT-LIN/normalized-PB10/oliveras/j30opt/normalized-j3039_8.std.opb.xz,16
OPT-LIN/normalized-PB10/oliveras/j30opt/normalized-j3039_9.std.opb.xz,16
OPT-LIN/normalized-PB10/oliveras/j30opt/normalized-j303_1.std.opb.xz,16
OPT-LIN/normalized-PB10/oliveras/j30opt/normalized-j303_10.std.opb.xz,16
OPT-LIN/normalized-PB10/oliveras/j30opt/normalized-j303_2.std.opb.xz,16
OPT-LIN/normalized-PB10/oliveras/j30opt/normalized-j303_3.std.opb.xz,16
OPT-LIN/normalized-PB10/oliveras/j30opt/normalized-j303_4.std.opb.xz,16
OPT-LIN/normalized-PB10/oliveras/j30opt/normalized-j303_5.std.opb.xz,16
OPT-LIN/normalized-PB10/oliveras/j30opt/normalized-j303_6.std.opb.xz,16
OPT-LIN/normalized-PB10/oliveras/j30opt/normalized-j303_7.std.opb.xz,16
OPT-LIN/normalized-PB10/oliveras/j30opt/normalized-j303_8.std.opb.xz,16
OPT-LIN/normalized-PB10/oliveras/j30opt/normalized-j303_9.std.opb.xz,16
OPT-LIN/normalized-PB10/oliveras/j30opt/normalized-j3040_1.std.opb.xz,16
OPT-LIN/normalized-PB10/oliveras/j30opt/normalized-j3040_10.std.opb.xz,16
OPT-LIN/normalized-PB10/oliveras/j30opt/normalized-j3040_2.std.opb.xz,16
OPT-LIN/normalized-PB10/oliveras/j30opt/normalized-j3040_3.std.opb.xz,16
OPT-LIN/normalized-PB10/oliveras/j30opt/normalized-j3040_4.std.opb.xz,16
OPT-LIN/normalized-PB10/oliveras/j30opt/normalized-j3040_5.std.opb.xz,16
OPT-LIN/normalized-PB10/oliveras/j30opt/normalized-j3040_6.std.opb.xz,16
OPT-LIN/normalized-PB10/oliveras/j30opt/normalized-j3040_7.std.opb.xz,16
OPT-LIN/normalized-PB10/oliveras/j30opt/normalized-j3040_8.std.opb.xz,16
OPT-LIN/normalized-PB10/oliveras/j30opt/normalized-j3040_9.std.opb.xz,16
OPT-LIN/normalized-PB10/oliveras/j30opt/normalized-j3041_1.std.opb.xz,16
OPT-LIN/normalized-PB10/oliveras/j30opt/normalized-j3041_10.std.opb.xz,16
OPT-LIN/normalized-PB10/oliveras/j30opt/normalized-j3041_2.std.opb.xz,16
OPT-LIN/normalized-PB10/oliveras/j30opt/normalized-j3041_3.std.opb.xz,16
OPT-LIN/normalized-PB10/oliveras/j30opt/normalized-j3041_4.std.opb.xz,16
OPT-LIN/normalized-PB10/oliveras/j30opt/normalized-j3041_5.std.opb.xz,16
OPT-LIN/normalized-PB10/oliveras/j30opt/normalized-j3041_6.std.opb.xz,16
OPT-LIN/normalized-PB10/oliveras/j30opt/normalized-j3041_7.std.opb.xz,16
OPT-LIN/normalized-PB10/oliveras/j30opt/normalized-j3041_8.std.opb.xz,16
OPT-LIN/normalized-PB10/oliveras/j30opt/normalized-j3041_9.std.opb.xz,16
OPT-LIN/normalized-PB10/oliveras/j30opt/normalized-j3042_1.std.opb.xz,16
OPT-LIN/normalized-PB10/oliveras/j30opt/normalized-j3042_10.std.opb.xz,16
OPT-LIN/normalized-PB10/oliveras/j30opt/normalized-j3042_2.std.opb.xz,16
OPT-LIN/normalized-PB10/oliveras/j30opt/normalized-j3042_3.std.opb.xz,16
OPT-LIN/normalized-PB10/oliveras/j30opt/normalized-j3042_4.std.opb.xz,16
OPT-LIN/normalized-PB10/oliveras/j30opt/normalized-j3042_5.std.opb.xz,16
OPT-LIN/normalized-PB10/oliveras/j30opt/normalized-j3042_6.std.opb.xz,16
OPT-LIN/normalized-PB10/oliveras/j30opt/normalized-j3042_7.std.opb.xz,16
OPT-LIN/normalized-PB10/oliveras/j30opt/normalized-j3042_8.std.opb.xz,16
OPT-LIN/normalized-PB10/oliveras/j30opt/normalized-j3042_9.std.opb.xz,16
OPT-LIN/normalized-PB10/oliveras/j30opt/normalized-j3043_1.std.opb.xz,16
OPT-LIN/normalized-PB10/oliveras/j30opt/normalized-j3043_10.std.opb.xz,16
OPT-LIN/normalized-PB10/oliveras/j30opt/normalized-j3043_2.std.opb.xz,16
OPT-LIN/normalized-PB10/oliveras/j30opt/normalized-j3043_3.std.opb.xz,16
OPT-LIN/normalized-PB10/oliveras/j30opt/normalized-j3043_4.std.opb.xz,16
OPT-LIN/normalized-PB10/oliveras/j30opt/normalized-j3043_5.std.opb.xz,16
OPT-LIN/normalized-PB10/oliveras/j30opt/normalized-j3043_6.std.opb.xz,16
OPT-LIN/normalized-PB10/oliveras/j30opt/normalized-j3043_7.std.opb.xz,16
OPT-LIN/normalized-PB10/oliveras/j30opt/normalized-j3043_8.std.opb.xz,16
OPT-LIN/normalized-PB10/oliveras/j30opt/normalized-j3043_9.std.opb.xz,16
OPT-LIN/normalized-PB10/oliveras/j30opt/normalized-j3044_1.std.opb.xz,16
OPT-LIN/normalized-PB10/oliveras/j30opt/normalized-j3044_10.std.opb.xz,16
OPT-LIN/normalized-PB10/oliveras/j30opt/normalized-j3044_2.std.opb.xz,16
OPT-LIN/normalized-PB10/oliveras/j30opt/normalized-j3044_3.std.opb.xz,16
OPT-LIN/normalized-PB10/oliveras/j30opt/normalized-j3044_4.std.opb.xz,16
OPT-LIN/normalized-PB10/oliveras/j30opt/normalized-j3044_5.std.opb.xz,16
OPT-LIN/normalized-PB10/oliveras/j30opt/normalized-j3044_6.std.opb.xz,16
OPT-LIN/normalized-PB10/oliveras/j30opt/normalized-j3044_7.std.opb.xz,16
OPT-LIN/normalized-PB10/oliveras/j30opt/normalized-j3044_8.std.opb.xz,16
OPT-LIN/normalized-PB10/oliveras/j30opt/normalized-j3044_9.std.opb.xz,16
OPT-LIN/normalized-PB10/oliveras/j30opt/normalized-j3045_1.std.opb.xz,16
OPT-LIN/normalized-PB10/oliveras/j30opt/normalized-j3045_10.std.opb.xz,16
OPT-LIN/normalized-PB10/oliveras/j30opt/normalized-j3045_2.std.opb.xz,16
OPT-LIN/normalized-PB10/oliveras/j30opt/normalized-j3045_3.std.opb.xz,16
OPT-LIN/normalized-PB10/oliveras/j30opt/normalized-j3045_4.std.opb.xz,16
OPT-LIN/normalized-PB10/oliveras/j30opt/normalized-j3045_5.std.opb.xz,16
OPT-LIN/normalized-PB10/oliveras/j30opt/normalized-j3045_6.std.opb.xz,16
OPT-LIN/normalized-PB10/oliveras/j30opt/normalized-j3045_7.std.opb.xz,16
OPT-LIN/normalized-PB10/oliveras/j30opt/normalized-j3045_8.std.opb.xz,16
OPT-LIN/normalized-PB10/oliveras/j30opt/normalized-j3045_9.std.opb.xz,16
OPT-LIN/normalized-PB10/oliveras/j30opt/normalized-j3046_1.std.opb.xz,16
OPT-LIN/normalized-PB10/oliveras/j30opt/normalized-j3046_10.std.opb.xz,16
OPT-LIN/normalized-PB10/oliveras/j30opt/normalized-j3046_2.std.opb.xz,16
OPT-LIN/normalized-PB10/oliveras/j30opt/normalized-j3046_3.std.opb.xz,16
OPT-LIN/normalized-PB10/oliveras/j30opt/normalized-j3046_4.std.opb.xz,16
OPT-LIN/normalized-PB10/oliveras/j30opt/normalized-j3046_5.std.opb.xz,16
OPT-LIN/normalized-PB10/oliveras/j30opt/normalized-j3046_6.std.opb.xz,16
OPT-LIN/normalized-PB10/oliveras/j30opt/normalized-j3046_7.std.opb.xz,16
OPT-LIN/normalized-PB10/oliveras/j30opt/normalized-j3046_8.std.opb.xz,16
OPT-LIN/normalized-PB10/oliveras/j30opt/normalized-j3046_9.std.opb.xz,16
OPT-LIN/normalized-PB10/oliveras/j30opt/normalized-j3047_1.std.opb.xz,16
OPT-LIN/normalized-PB10/oliveras/j30opt/normalized-j3047_10.std.opb.xz,16
OPT-LIN/normalized-PB10/oliveras/j30opt/normalized-j3047_2.std.opb.xz,16
OPT-LIN/normalized-PB10/oliveras/j30opt/normalized-j3047_3.std.opb.xz,16
OPT-LIN/normalized-PB10/oliveras/j30opt/normalized-j3047_4.std.opb.xz,16
OPT-LIN/normalized-PB10/oliveras/j30opt/normalized-j3047_5.std.opb.xz,16
OPT-LIN/normalized-PB10/oliveras/j30opt/normalized-j3047_6.std.opb.xz,16
OPT-LIN/normalized-PB10/oliveras/j30opt/normalized-j3047_7.std.opb.xz,16
OPT-LIN/normalized-PB10/oliveras/j30opt/normalized-j3047_8.std.opb.xz,16
OPT-LIN/normalized-PB10/oliveras/j30opt/normalized-j3047_9.std.opb.xz,16
OPT-LIN/normalized-PB10/oliveras/j30opt/normalized-j3048_1.std.opb.xz,16
OPT-LIN/normalized-PB10/oliveras/j30opt/normalized-j3048_10.std.opb.xz,16
OPT-LIN/normalized-PB10/oliveras/j30opt/normalized-j3048_2.std.opb.xz,16
OPT-LIN/normalized-PB10/oliveras/j30opt/normalized-j3048_3.std.opb.xz,16
OPT-LIN/normalized-PB10/oliveras/j30opt/normalized-j3048_4.std.opb.xz,16
OPT-LIN/normalized-PB10/oliveras/j30opt/normalized-j3048_5.std.opb.xz,16
OPT-LIN/normalized-PB10/oliveras/j30opt/normalized-j3048_6.std.opb.xz,16
OPT-LIN/normalized-PB10/oliveras/j30opt/normalized-j3048_7.std.opb.xz,16
OPT-LIN/normalized-PB10/oliveras/j30opt/normalized-j3048_8.std.opb.xz,16
OPT-LIN/normalized-PB10/oliveras/j30opt/normalized-j3048_9.std.opb.xz,16
OPT-LIN/normalized-PB10/oliveras/j30opt/normalized-j304_1.std.opb.xz,16
OPT-LIN/normalized-PB10/oliveras/j30opt/normalized-j304_10.std.opb.xz,16
OPT-LIN/normalized-PB10/oliveras/j30opt/normalized-j304_2.std.opb.xz,16
OPT-LIN/normalized-PB10/oliveras/j30opt/normalized-j304_3.std.opb.xz,16
OPT-LIN/normalized-PB10/oliveras/j30opt/normalized-j304_4.std.opb.xz,16
OPT-LIN/normalized-PB10/oliveras/j30opt/normalized-j304_5.std.opb.xz,16
OPT-LIN/normalized-PB10/oliveras/j30opt/normalized-j304_6.std.opb.xz,16
OPT-LIN/normalized-PB10/oliveras/j30opt/normalized-j304_7.std.opb.xz,16
OPT-LIN/normalized-PB10/oliveras/j30opt/normalized-j304_8.std.opb.xz,16
OPT-LIN/normalized-PB10/oliveras/j30opt/normalized-j304_9.std.opb.xz,16
OPT-LIN/normalized-PB10/oliveras/j30opt/normalized-j305_1.std.opb.xz,16
OPT-LIN/normalized-PB10/oliveras/j30opt/normalized-j305_10.std.opb.xz,16
OPT-LIN/normalized-PB10/oliveras/j30opt/normalized-j305_2.std.opb.xz,16
OPT-LIN/normalized-PB10/oliveras/j30opt/normalized-j305_3.std.opb.xz,16
OPT-LIN/normalized-PB10/oliveras/j30opt/normalized-j305_4.std.opb.xz,16
OPT-LIN/normalized-PB10/oliveras/j30opt/normalized-j305_5.std.opb.xz,16
OPT-LIN/normalized-PB10/oliveras/j30opt/normalized-j305_6.std.opb.xz,16
OPT-LIN/normalized-PB10/oliveras/j30opt/normalized-j305_7.std.opb.xz,16
OPT-LIN/normalized-PB10/oliveras/j30opt/normalized-j305_8.std.opb.xz,16
OPT-LIN/normalized-PB10/oliveras/j30opt/normalized-j305_9.std.opb.xz,16
OPT-LIN/normalized-PB10/oliveras/j30opt/normalized-j306_1.std.opb.xz,16
OPT-LIN/normalized-PB10/oliveras/j30opt/normalized-j306_10.std.opb.xz,16
OPT-LIN/normalized-PB10/oliveras/j30opt/normalized-j306_2.std.opb.xz,16
OPT-LIN/normalized-PB10/oliveras/j30opt/normalized-j306_3.std.opb.xz,16
OPT-LIN/normalized-PB10/oliveras/j30opt/normalized-j306_4.std.opb.xz,16
OPT-LIN/normalized-PB10/oliveras/j30opt/normalized-j306_5.std.opb.xz,16
OPT-LIN/normalized-PB10/oliveras/j30opt/normalized-j306_6.std.opb.xz,16
OPT-LIN/normalized-PB10/oliveras/j30opt/normalized-j306_7.std.opb.xz,16
OPT-LIN/normalized-PB10/oliveras/j30opt/normalized-j306_8.std.opb.xz,16
OPT-LIN/normalized-PB10/oliveras/j30opt/normalized-j306_9.std.opb.xz,16
OPT-LIN/normalized-PB10/oliveras/j30opt/normalized-j307_1.std.opb.xz,16
OPT-LIN/normalized-PB10/oliveras/j30opt/normalized-j307_10.std.opb.xz,16
OPT-LIN/normalized-PB10/oliveras/j30opt/normalized-j307_2.std.opb.xz,16
OPT-LIN/normalized-PB10/oliveras/j30opt/normalized-j307_3.std.opb.xz,16
OPT-LIN/normalized-PB10/oliveras/j30opt/normalized-j307_4.std.opb.xz,16
OPT-LIN/normalized-PB10/oliveras/j30opt/normalized-j307_5.std.opb.xz,16
OPT-LIN/normalized-PB10/oliveras/j30opt/normalized-j307_6.std.opb.xz,16
OPT-LIN/normalized-PB10/oliveras/j30opt/normalized-j307_7.std.opb.xz,16
OPT-LIN/normalized-PB10/oliveras/j30opt/normalized-j307_8.std.opb.xz,16
OPT-LIN/normalized-PB10/oliveras/j30opt/normalized-j307_9.std.opb.xz,16
OPT-LIN/normalized-PB10/oliveras/j30opt/normalized-j308_1.std.opb.xz,16
OPT-LIN/normalized-PB10/oliveras/j30opt/normalized-j308_10.std.opb.xz,16
OPT-LIN/normalized-PB10/oliveras/j30opt/normalized-j308_2.std.opb.xz,16
OPT-LIN/normalized-PB10/oliveras/j30opt/normalized-j308_3.std.opb.xz,16
OPT-LIN/normalized-PB10/oliveras/j30opt/normalized-j308_4.std.opb.xz,16
OPT-LIN/normalized-PB10/oliveras/j30opt/normalized-j308_5.std.opb.xz,16
OPT-LIN/normalized-PB10/oliveras/j30opt/normalized-j308_6.std.opb.xz,16
OPT-LIN/normalized-PB10/oliveras/j30opt/normalized-j308_7.std.opb.xz,16
OPT-LIN/normalized-PB10/oliveras/j30opt/normalized-j308_8.std.opb.xz,16
OPT-LIN/normalized-PB10/oliveras/j30opt/normalized-j308_9.std.opb.xz,16
OPT-LIN/normalized-PB10/oliveras/j30opt/normalized-j309_1.std.opb.xz,16
OPT-LIN/normalized-PB10/oliveras/j30opt/normalized-j309_10.std.opb.xz,16
OPT-LIN/normalized-PB10/oliveras/j30opt/normalized-j309_2.std.opb.xz,16
OPT-LIN/normalized-PB10/oliveras/j30opt/normalized-j309_3.std.opb.xz,16
OPT-LIN/normalized-PB10/oliveras/j30opt/normalized-j309_4.std.opb.xz,16
OPT-LIN/normalized-PB10/oliveras/j30opt/normalized-j309_5.std.opb.xz,16
OPT-LIN/normalized-PB10/oliveras/j30opt/normalized-j309_6.std.opb.xz,16
OPT-LIN/normalized-PB10/oliveras/j30opt/normalized-j309_7.std.opb.xz,16
OPT-LIN/normalized-PB10/oliveras/j30opt/normalized-j309_8.std.opb.xz,16
OPT-LIN/normalized-PB10/oliveras/j30opt/normalized-j309_9.std.opb.xz,16
OPT-LIN/normalized-PB10/oliveras/j60opt/normalized-j6010_1.std.opb.xz,16
OPT-LIN/normalized-PB10/oliveras/j60opt/normalized-j6010_10.std.opb.xz,16
OPT-LIN/normalized-PB10/oliveras/j60opt/normalized-j6010_2.std.opb.xz,16
OPT-LIN/normalized-PB10/oliveras/j60opt/normalized-j6010_3.std.opb.xz,16
OPT-LIN/normalized-PB10/oliveras/j60opt/normalized-j6010_4.std.opb.xz,16
OPT-LIN/normalized-PB10/oliveras/j60opt/normalized-j6010_5.std.opb.xz,16
OPT-LIN/normalized-PB10/oliveras/j60opt/normalized-j6010_6.std.opb.xz,16
OPT-LIN/normalized-PB10/oliveras/j60opt/normalized-j6010_7.std.opb.xz,16
OPT-LIN/normalized-PB10/oliveras/j60opt/normalized-j6010_8.std.opb.xz,16
OPT-LIN/normalized-PB10/oliveras/j60opt/normalized-j6010_9.std.opb.xz,16
OPT-LIN/normalized-PB10/oliveras/j60opt/normalized-j6011_1.std.opb.xz,16
OPT-LIN/normalized-PB10/oliveras/j60opt/normalized-j6011_10.std.opb.xz,16
OPT-LIN/normalized-PB10/oliveras/j60opt/normalized-j6011_2.std.opb.xz,16
OPT-LIN/normalized-PB10/oliveras/j60opt/normalized-j6011_3.std.opb.xz,16
OPT-LIN/normalized-PB10/oliveras/j60opt/normalized-j6011_4.std.opb.xz,16
OPT-LIN/normalized-PB10/oliveras/j60opt/normalized-j6011_5.std.opb.xz,16
OPT-LIN/normalized-PB10/oliveras/j60opt/normalized-j6011_6.std.opb.xz,16
OPT-LIN/normalized-PB10/oliveras/j60opt/normalized-j6011_7.std.opb.xz,16
OPT-LIN/normalized-PB10/oliveras/j60opt/normalized-j6011_8.std.opb.xz,16
OPT-LIN/normalized-PB10/oliveras/j60opt/normalized-j6011_9.std.opb.xz,16
OPT-LIN/normalized-PB10/oliveras/j60opt/normalized-j6012_1.std.opb.xz,16
OPT-LIN/normalized-PB10/oliveras/j60opt/normalized-j6012_10.std.opb.xz,16
OPT-LIN/normalized-PB10/oliveras/j60opt/normalized-j6012_2.std.opb.xz,16
OPT-LIN/normalized-PB10/oliveras/j60opt/normalized-j6012_3.std.opb.xz,16
OPT-LIN/normalized-PB10/oliveras/j60opt/normalized-j6012_4.std.opb.xz,16
OPT-LIN/normalized-PB10/oliveras/j60opt/normalized-j6012_5.std.opb.xz,16
OPT-LIN/normalized-PB10/oliveras/j60opt/normalized-j6012_6.std.opb.xz,16
OPT-LIN/normalized-PB10/oliveras/j60opt/normalized-j6012_7.std.opb.xz,16
OPT-LIN/normalized-PB10/oliveras/j60opt/normalized-j6012_8.std.opb.xz,16
OPT-LIN/normalized-PB10/oliveras/j60opt/normalized-j6012_9.std.opb.xz,16
OPT-LIN/normalized-PB10/oliveras/j60opt/normalized-j6013_1.std.opb.xz,16
OPT-LIN/normalized-PB10/oliveras/j60opt/normalized-j6013_10.std.opb.xz,16
OPT-LIN/normalized-PB10/oliveras/j60opt/normalized-j6013_2.std.opb.xz,16
OPT-LIN/normalized-PB10/oliveras/j60opt/normalized-j6013_3.std.opb.xz,16
OPT-LIN/normalized-PB10/oliveras/j60opt/normalized-j6013_4.std.opb.xz,16
OPT-LIN/normalized-PB10/oliveras/j60opt/normalized-j6013_5.std.opb.xz,16
OPT-LIN/normalized-PB10/oliveras/j60opt/normalized-j6013_6.std.opb.xz,16
OPT-LIN/normalized-PB10/oliveras/j60opt/normalized-j6013_7.std.opb.xz,16
OPT-LIN/normalized-PB10/oliveras/j60opt/normalized-j6013_8.std.opb.xz,16
OPT-LIN/normalized-PB10/oliveras/j60opt/normalized-j6013_9.std.opb.xz,16
OPT-LIN/normalized-PB10/oliveras/j60opt/normalized-j6014_1.std.opb.xz,16
OPT-LIN/normalized-PB10/oliveras/j60opt/normalized-j6014_10.std.opb.xz,16
OPT-LIN/normalized-PB10/oliveras/j60opt/normalized-j6014_2.std.opb.xz,16
OPT-LIN/normalized-PB10/oliveras/j60opt/normalized-j6014_3.std.opb.xz,16
OPT-LIN/normalized-PB10/oliveras/j60opt/normalized-j6014_4.std.opb.xz,16
OPT-LIN/normalized-PB10/oliveras/j60opt/normalized-j6014_5.std.opb.xz,16
OPT-LIN/normalized-PB10/oliveras/j60opt/normalized-j6014_6.std.opb.xz,16
OPT-LIN/normalized-PB10/oliveras/j60opt/normalized-j6014_7.std.opb.xz,16
OPT-LIN/normalized-PB10/oliveras/j60opt/normalized-j6014_8.std.opb.xz,16
OPT-LIN/normalized-PB10/oliveras/j60opt/normalized-j6014_9.std.opb.xz,16
OPT-LIN/normalized-PB10/oliveras/j60opt/normalized-j6015_1.std.opb.xz,16
OPT-LIN/normalized-PB10/oliveras/j60opt/normalized-j6015_10.std.opb.xz,16
OPT-LIN/normalized-PB10/oliveras/j60opt/normalized-j6015_2.std.opb.xz,16
OPT-LIN/normalized-PB10/oliveras/j60opt/normalized-j6015_3.std.opb.xz,16
OPT-LIN/normalized-PB10/oliveras/j60opt/normalized-j6015_4.std.opb.xz,16
OPT-LIN/normalized-PB10/oliveras/j60opt/normalized-j6015_5.std.opb.xz,16
OPT-LIN/normalized-PB10/oliveras/j60opt/normalized-j6015_6.std.opb.xz,16
OPT-LIN/normalized-PB10/oliveras/j60opt/normalized-j6015_7.std.opb.xz,16
OPT-LIN/normalized-PB10/oliveras/j60opt/normalized-j6015_8.std.opb.xz,16
OPT-LIN/normalized-PB10/oliveras/j60opt/normalized-j6015_9.std.opb.xz,16
OPT-LIN/normalized-PB10/oliveras/j60opt/normalized-j6016_1.std.opb.xz,16
OPT-LIN/normalized-PB10/oliveras/j60opt/normalized-j6016_10.std.opb.xz,16
OPT-LIN/normalized-PB10/oliveras/j60opt/normalized-j6016_2.std.opb.xz,16
OPT-LIN/normalized-PB10/oliveras/j60opt/normalized-j6016_3.std.opb.xz,16
OPT-LIN/normalized-PB10/oliveras/j60opt/normalized-j6016_4.std.opb.xz,16
OPT-LIN/normalized-PB10/oliveras/j60opt/normalized-j6016_5.std.opb.xz,16
OPT-LIN/normalized-PB10/oliveras/j60opt/normalized-j6016_6.std.opb.xz,16
OPT-LIN/normalized-PB10/oliveras/j60opt/normalized-j6016_7.std.opb.xz,16
OPT-LIN/normalized-PB10/oliveras/j60opt/normalized-j6016_8.std.opb.xz,16
OPT-LIN/normalized-PB10/oliveras/j60opt/normalized-j6016_9.std.opb.xz,16
OPT-LIN/normalized-PB10/oliveras/j60opt/normalized-j6017_1.std.opb.xz,16
OPT-LIN/normalized-PB10/oliveras/j60opt/normalized-j6017_10.std.opb.xz,16
OPT-LIN/normalized-PB10/oliveras/j60opt/normalized-j6017_2.std.opb.xz,16
OPT-LIN/normalized-PB10/oliveras/j60opt/normalized-j6017_3.std.opb.xz,16
OPT-LIN/normalized-PB10/oliveras/j60opt/normalized-j6017_4.std.opb.xz,16
OPT-LIN/normalized-PB10/oliveras/j60opt/normalized-j6017_5.std.opb.xz,16
OPT-LIN/normalized-PB10/oliveras/j60opt/normalized-j6017_6.std.opb.xz,16
OPT-LIN/normalized-PB10/oliveras/j60opt/normalized-j6017_7.std.opb.xz,16
OPT-LIN/normalized-PB10/oliveras/j60opt/normalized-j6017_8.std.opb.xz,16
OPT-LIN/normalized-PB10/oliveras/j60opt/normalized-j6017_9.std.opb.xz,16
OPT-LIN/normalized-PB10/oliveras/j60opt/normalized-j6018_1.std.opb.xz,16
OPT-LIN/normalized-PB10/oliveras/j60opt/normalized-j6018_10.std.opb.xz,16
OPT-LIN/normalized-PB10/oliveras/j60opt/normalized-j6018_2.std.opb.xz,16
OPT-LIN/normalized-PB10/oliveras/j60opt/normalized-j6018_3.std.opb.xz,16
OPT-LIN/normalized-PB10/oliveras/j60opt/normalized-j6018_4.std.opb.xz,16
OPT-LIN/normalized-PB10/oliveras/j60opt/normalized-j6018_5.std.opb.xz,16
OPT-LIN/normalized-PB10/oliveras/j60opt/normalized-j6018_6.std.opb.xz,16
OPT-LIN/normalized-PB10/oliveras/j60opt/normalized-j6018_7.std.opb.xz,16
OPT-LIN/normalized-PB10/oliveras/j60opt/normalized-j6018_8.std.opb.xz,16
OPT-LIN/normalized-PB10/oliveras/j60opt/normalized-j6018_9.std.opb.xz,16
OPT-LIN/normalized-PB10/oliveras/j60opt/normalized-j6019_1.std.opb.xz,16
OPT-LIN/normalized-PB10/oliveras/j60opt/normalized-j6019_10.std.opb.xz,16
OPT-LIN/normalized-PB10/oliveras/j60opt/normalized-j6019_2.std.opb.xz,16
OPT-LIN/normalized-PB10/oliveras/j60opt/normalized-j6019_3.std.opb.xz,16
OPT-LIN/normalized-PB10/oliveras/j60opt/normalized-j6019_4.std.opb.xz,16
OPT-LIN/normalized-PB10/oliveras/j60opt/normalized-j6019_5.std.opb.xz,16
OPT-LIN/normalized-PB10/oliveras/j60opt/normalized-j6019_6.std.opb.xz,16
OPT-LIN/normalized-PB10/oliveras/j60opt/normalized-j6019_7.std.opb.xz,16
OPT-LIN/normalized-PB10/oliveras/j60opt/normalized-j6019_8.std.opb.xz,16
OPT-LIN/normalized-PB10/oliveras/j60opt/normalized-j6019_9.std.opb.xz,16
OPT-LIN/normalized-PB10/oliveras/j60opt/normalized-j601_1.std.opb.xz,16
OPT-LIN/normalized-PB10/oliveras/j60opt/normalized-j601_10.std.opb.xz,16
OPT-LIN/normalized-PB10/oliveras/j60opt/normalized-j601_2.std.opb.xz,16
OPT-LIN/normalized-PB10/oliveras/j60opt/normalized-j601_3.std.opb.xz,16
OPT-LIN/normalized-PB10/oliveras/j60opt/normalized-j601_4.std.opb.xz,16
OPT-LIN/normalized-PB10/oliveras/j60opt/normalized-j601_5.std.opb.xz,16
OPT-LIN/normalized-PB10/oliveras/j60opt/normalized-j601_6.std.opb.xz,16
OPT-LIN/normalized-PB10/oliveras/j60opt/normalized-j601_7.std.opb.xz,16
OPT-LIN/normalized-PB10/oliveras/j60opt/normalized-j601_8.std.opb.xz,16
OPT-LIN/normalized-PB10/oliveras/j60opt/normalized-j601_9.std.opb.xz,16
OPT-LIN/normalized-PB10/oliveras/j60opt/normalized-j6020_1.std.opb.xz,16
OPT-LIN/normalized-PB10/oliveras/j60opt/normalized-j6020_10.std.opb.xz,16
OPT-LIN/normalized-PB10/oliveras/j60opt/normalized-j6020_2.std.opb.xz,16
OPT-LIN/normalized-PB10/oliveras/j60opt/normalized-j6020_3.std.opb.xz,16
OPT-LIN/normalized-PB10/oliveras/j60opt/normalized-j6020_4.std.opb.xz,16
OPT-LIN/normalized-PB10/oliveras/j60opt/normalized-j6020_5.std.opb.xz,16
OPT-LIN/normalized-PB10/oliveras/j60opt/normalized-j6020_6.std.opb.xz,16
OPT-LIN/normalized-PB10/oliveras/j60opt/normalized-j6020_7.std.opb.xz,16
OPT-LIN/normalized-PB10/oliveras/j60opt/normalized-j6020_8.std.opb.xz,16
OPT-LIN/normalized-PB10/oliveras/j60opt/normalized-j6020_9.std.opb.xz,16
OPT-LIN/normalized-PB10/oliveras/j60opt/normalized-j6021_1.std.opb.xz,16
OPT-LIN/normalized-PB10/oliveras/j60opt/normalized-j6021_10.std.opb.xz,16
OPT-LIN/normalized-PB10/oliveras/j60opt/normalized-j6021_2.std.opb.xz,16
OPT-LIN/normalized-PB10/oliveras/j60opt/normalized-j6021_3.std.opb.xz,16
OPT-LIN/normalized-PB10/oliveras/j60opt/normalized-j6021_4.std.opb.xz,16
OPT-LIN/normalized-PB10/oliveras/j60opt/normalized-j6021_5.std.opb.xz,16
OPT-LIN/normalized-PB10/oliveras/j60opt/normalized-j6021_6.std.opb.xz,16
OPT-LIN/normalized-PB10/oliveras/j60opt/normalized-j6021_7.std.opb.xz,16
OPT-LIN/normalized-PB10/oliveras/j60opt/normalized-j6021_8.std.opb.xz,16
OPT-LIN/normalized-PB10/oliveras/j60opt/normalized-j6021_9.std.opb.xz,16
OPT-LIN/normalized-PB10/oliveras/j60opt/normalized-j6022_1.std.opb.xz,16
OPT-LIN/normalized-PB10/oliveras/j60opt/normalized-j6022_10.std.opb.xz,16
OPT-LIN/normalized-PB10/oliveras/j60opt/normalized-j6022_2.std.opb.xz,16
OPT-LIN/normalized-PB10/oliveras/j60opt/normalized-j6022_3.std.opb.xz,16
OPT-LIN/normalized-PB10/oliveras/j60opt/normalized-j6022_4.std.opb.xz,16
OPT-LIN/normalized-PB10/oliveras/j60opt/normalized-j6022_5.std.opb.xz,16
OPT-LIN/normalized-PB10/oliveras/j60opt/normalized-j6022_6.std.opb.xz,16
OPT-LIN/normalized-PB10/oliveras/j60opt/normalized-j6022_7.std.opb.xz,16
OPT-LIN/normalized-PB10/oliveras/j60opt/normalized-j6022_8.std.opb.xz,16
OPT-LIN/normalized-PB10/oliveras/j60opt/normalized-j6022_9.std.opb.xz,16
OPT-LIN/normalized-PB10/oliveras/j60opt/normalized-j6023_1.std.opb.xz,16
OPT-LIN/normalized-PB10/oliveras/j60opt/normalized-j6023_10.std.opb.xz,16
OPT-LIN/normalized-PB10/oliveras/j60opt/normalized-j6023_2.std.opb.xz,16
OPT-LIN/normalized-PB10/oliveras/j60opt/normalized-j6023_3.std.opb.xz,16
OPT-LIN/normalized-PB10/oliveras/j60opt/normalized-j6023_4.std.opb.xz,16
OPT-LIN/normalized-PB10/oliveras/j60opt/normalized-j6023_5.std.opb.xz,16
OPT-LIN/normalized-PB10/oliveras/j60opt/normalized-j6023_6.std.opb.xz,16
OPT-LIN/normalized-PB10/oliveras/j60opt/normalized-j6023_7.std.opb.xz,16
OPT-LIN/normalized-PB10/oliveras/j60opt/normalized-j6023_8.std.opb.xz,16
OPT-LIN/normalized-PB10/oliveras/j60opt/normalized-j6023_9.std.opb.xz,16
OPT-LIN/normalized-PB10/oliveras/j60opt/normalized-j6024_1.std.opb.xz,16
OPT-LIN/normalized-PB10/oliveras/j60opt/normalized-j6024_10.std.opb.xz,16
OPT-LIN/normalized-PB10/oliveras/j60opt/normalized-j6024_2.std.opb.xz,16
OPT-LIN/normalized-PB10/oliveras/j60opt/normalized-j6024_3.std.opb.xz,16
OPT-LIN/normalized-PB10/oliveras/j60opt/normalized-j6024_4.std.opb.xz,16
OPT-LIN/normalized-PB10/oliveras/j60opt/normalized-j6024_5.std.opb.xz,16
OPT-LIN/normalized-PB10/oliveras/j60opt/normalized-j6024_6.std.opb.xz,16
OPT-LIN/normalized-PB10/oliveras/j60opt/normalized-j6024_7.std.opb.xz,16
OPT-LIN/normalized-PB10/oliveras/j60opt/normalized-j6024_8.std.opb.xz,16
OPT-LIN/normalized-PB10/oliveras/j60opt/normalized-j6024_9.std.opb.xz,16
OPT-LIN/normalized-PB10/oliveras/j60opt/normalized-j6025_1.std.opb.xz,16
OPT-LIN/normalized-PB10/oliveras/j60opt/normalized-j6025_10.std.opb.xz,16
OPT-LIN/normalized-PB10/oliveras/j60opt/normalized-j6025_2.std.opb.xz,16
OPT-LIN/normalized-PB10/oliveras/j60opt/normalized-j6025_3.std.opb.xz,16
OPT-LIN/normalized-PB10/oliveras/j60opt/normalized-j6025_4.std.opb.xz,16
OPT-LIN/normalized-PB10/oliveras/j60opt/normalized-j6025_5.std.opb.xz,16
OPT-LIN/normalized-PB10/oliveras/j60opt/normalized-j6025_6.std.opb.xz,16
OPT-LIN/normalized-PB10/oliveras/j60opt/normalized-j6025_7.std.opb.xz,16
OPT-LIN/normalized-PB10/oliveras/j60opt/normalized-j6025_8.std.opb.xz,16
OPT-LIN/normalized-PB10/oliveras/j60opt/normalized-j6025_9.std.opb.xz,16
OPT-LIN/normalized-PB10/oliveras/j60opt/normalized-j6026_1.std.opb.xz,16
OPT-LIN/normalized-PB10/oliveras/j60opt/normalized-j6026_10.std.opb.xz,16
OPT-LIN/normalized-PB10/oliveras/j60opt/normalized-j6026_2.std.opb.xz,16
OPT-LIN/normalized-PB10/oliveras/j60opt/normalized-j6026_3.std.opb.xz,16
OPT-LIN/normalized-PB10/oliveras/j60opt/normalized-j6026_4.std.opb.xz,16
OPT-LIN/normalized-PB10/oliveras/j60opt/normalized-j6026_5.std.opb.xz,16
OPT-LIN/normalized-PB10/oliveras/j60opt/normalized-j6026_6.std.opb.xz,16
OPT-LIN/normalized-PB10/oliveras/j60opt/normalized-j6026_7.std.opb.xz,16
OPT-LIN/normalized-PB10/oliveras/j60opt/normalized-j6026_8.std.opb.xz,16
OPT-LIN/normalized-PB10/oliveras/j60opt/normalized-j6026_9.std.opb.xz,16
OPT-LIN/normalized-PB10/oliveras/j60opt/normalized-j6027_1.std.opb.xz,16
OPT-LIN/normalized-PB10/oliveras/j60opt/normalized-j6027_10.std.opb.xz,16
OPT-LIN/normalized-PB10/oliveras/j60opt/normalized-j6027_2.std.opb.xz,16
OPT-LIN/normalized-PB10/oliveras/j60opt/normalized-j6027_3.std.opb.xz,16
OPT-LIN/normalized-PB10/oliveras/j60opt/normalized-j6027_4.std.opb.xz,16
OPT-LIN/normalized-PB10/oliveras/j60opt/normalized-j6027_5.std.opb.xz,16
OPT-LIN/normalized-PB10/oliveras/j60opt/normalized-j6027_6.std.opb.xz,16
OPT-LIN/normalized-PB10/oliveras/j60opt/normalized-j6027_7.std.opb.xz,16
OPT-LIN/normalized-PB10/oliveras/j60opt/normalized-j6027_8.std.opb.xz,16
OPT-LIN/normalized-PB10/oliveras/j60opt/normalized-j6027_9.std.opb.xz,16
OPT-LIN/normalized-PB10/oliveras/j60opt/normalized-j6028_1.std.opb.xz,16
OPT-LIN/normalized-PB10/oliveras/j60opt/normalized-j6028_10.std.opb.xz,16
OPT-LIN/normalized-PB10/oliveras/j60opt/normalized-j6028_2.std.opb.xz,16
OPT-LIN/normalized-PB10/oliveras/j60opt/normalized-j6028_3.std.opb.xz,16
OPT-LIN/normalized-PB10/oliveras/j60opt/normalized-j6028_4.std.opb.xz,16
OPT-LIN/normalized-PB10/oliveras/j60opt/normalized-j6028_5.std.opb.xz,16
OPT-LIN/normalized-PB10/oliveras/j60opt/normalized-j6028_6.std.opb.xz,16
OPT-LIN/normalized-PB10/oliveras/j60opt/normalized-j6028_7.std.opb.xz,16
OPT-LIN/normalized-PB10/oliveras/j60opt/normalized-j6028_8.std.opb.xz,16
OPT-LIN/normalized-PB10/oliveras/j60opt/normalized-j6028_9.std.opb.xz,16
OPT-LIN/normalized-PB10/oliveras/j60opt/normalized-j6029_1.std.opb.xz,16
OPT-LIN/normalized-PB10/oliveras/j60opt/normalized-j6029_10.std.opb.xz,16
OPT-LIN/normalized-PB10/oliveras/j60opt/normalized-j6029_2.std.opb.xz,16
OPT-LIN/normalized-PB10/oliveras/j60opt/normalized-j6029_3.std.opb.xz,16
OPT-LIN/normalized-PB10/oliveras/j60opt/normalized-j6029_4.std.opb.xz,16
OPT-LIN/normalized-PB10/oliveras/j60opt/normalized-j6029_5.std.opb.xz,16
OPT-LIN/normalized-PB10/oliveras/j60opt/normalized-j6029_6.std.opb.xz,16
OPT-LIN/normalized-PB10/oliveras/j60opt/normalized-j6029_7.std.opb.xz,16
OPT-LIN/normalized-PB10/oliveras/j60opt/normalized-j6029_8.std.opb.xz,16
OPT-LIN/normalized-PB10/oliveras/j60opt/normalized-j6029_9.std.opb.xz,16
OPT-LIN/normalized-PB10/oliveras/j60opt/normalized-j602_1.std.opb.xz,16
OPT-LIN/normalized-PB10/oliveras/j60opt/normalized-j602_10.std.opb.xz,16
OPT-LIN/normalized-PB10/oliveras/j60opt/normalized-j602_2.std.opb.xz,16
OPT-LIN/normalized-PB10/oliveras/j60opt/normalized-j602_3.std.opb.xz,16
OPT-LIN/normalized-PB10/oliveras/j60opt/normalized-j602_4.std.opb.xz,16
OPT-LIN/normalized-PB10/oliveras/j60opt/normalized-j602_5.std.opb.xz,16
OPT-LIN/normalized-PB10/oliveras/j60opt/normalized-j602_6.std.opb.xz,16
OPT-LIN/normalized-PB10/oliveras/j60opt/normalized-j602_7.std.opb.xz,16
OPT-LIN/normalized-PB10/oliveras/j60opt/normalized-j602_8.std.opb.xz,16
OPT-LIN/normalized-PB10/oliveras/j60opt/normalized-j602_9.std.opb.xz,16
OPT-LIN/normalized-PB10/oliveras/j60opt/normalized-j6030_1.std.opb.xz,16
OPT-LIN/normalized-PB10/oliveras/j60opt/normalized-j6030_10.std.opb.xz,16
OPT-LIN/normalized-PB10/oliveras/j60opt/normalized-j6030_2.std.opb.xz,16
OPT-LIN/normalized-PB10/oliveras/j60opt/normalized-j6030_3.std.opb.xz,16
OPT-LIN/normalized-PB10/oliveras/j60opt/normalized-j6030_4.std.opb.xz,16
OPT-LIN/normalized-PB10/oliveras/j60opt/normalized-j6030_5.std.opb.xz,16
OPT-LIN/normalized-PB10/oliveras/j60opt/normalized-j6030_6.std.opb.xz,16
OPT-LIN/normalized-PB10/oliveras/j60opt/normalized-j6030_7.std.opb.xz,16
OPT-LIN/normalized-PB10/oliveras/j60opt/normalized-j6030_8.std.opb.xz,16
OPT-LIN/normalized-PB10/oliveras/j60opt/normalized-j6030_9.std.opb.xz,16
OPT-LIN/normalized-PB10/oliveras/j60opt/normalized-j6031_1.std.opb.xz,16
OPT-LIN/normalized-PB10/oliveras/j60opt/normalized-j6031_10.std.opb.xz,16
OPT-LIN/normalized-PB10/oliveras/j60opt/normalized-j6031_2.std.opb.xz,16
OPT-LIN/normalized-PB10/oliveras/j60opt/normalized-j6031_3.std.opb.xz,16
OPT-LIN/normalized-PB10/oliveras/j60opt/normalized-j6031_4.std.opb.xz,16
OPT-LIN/normalized-PB10/oliveras/j60opt/normalized-j6031_5.std.opb.xz,16
OPT-LIN/normalized-PB10/oliveras/j60opt/normalized-j6031_6.std.opb.xz,16
OPT-LIN/normalized-PB10/oliveras/j60opt/normalized-j6031_7.std.opb.xz,16
OPT-LIN/normalized-PB10/oliveras/j60opt/normalized-j6031_8.std.opb.xz,16
OPT-LIN/normalized-PB10/oliveras/j60opt/normalized-j6031_9.std.opb.xz,16
OPT-LIN/normalized-PB10/oliveras/j60opt/normalized-j6032_1.std.opb.xz,16
OPT-LIN/normalized-PB10/oliveras/j60opt/normalized-j6032_10.std.opb.xz,16
OPT-LIN/normalized-PB10/oliveras/j60opt/normalized-j6032_2.std.opb.xz,16
OPT-LIN/normalized-PB10/oliveras/j60opt/normalized-j6032_3.std.opb.xz,16
OPT-LIN/normalized-PB10/oliveras/j60opt/normalized-j6032_4.std.opb.xz,16
OPT-LIN/normalized-PB10/oliveras/j60opt/normalized-j6032_5.std.opb.xz,16
OPT-LIN/normalized-PB10/oliveras/j60opt/normalized-j6032_6.std.opb.xz,16
OPT-LIN/normalized-PB10/oliveras/j60opt/normalized-j6032_7.std.opb.xz,16
OPT-LIN/normalized-PB10/oliveras/j60opt/normalized-j6032_8.std.opb.xz,16
OPT-LIN/normalized-PB10/oliveras/j60opt/normalized-j6032_9.std.opb.xz,16
OPT-LIN/normalized-PB10/oliveras/j60opt/normalized-j6033_1.std.opb.xz,16
OPT-LIN/normalized-PB10/oliveras/j60opt/normalized-j6033_10.std.opb.xz,16
OPT-LIN/normalized-PB10/oliveras/j60opt/normalized-j6033_2.std.opb.xz,16
OPT-LIN/normalized-PB10/oliveras/j60opt/normalized-j6033_3.std.opb.xz,16
OPT-LIN/normalized-PB10/oliveras/j60opt/normalized-j6033_4.std.opb.xz,16
OPT-LIN/normalized-PB10/oliveras/j60opt/normalized-j6033_5.std.opb.xz,16
OPT-LIN/normalized-PB10/oliveras/j60opt/normalized-j6033_6.std.opb.xz,16
OPT-LIN/normalized-PB10/oliveras/j60opt/normalized-j6033_7.std.opb.xz,16
OPT-LIN/normalized-PB10/oliveras/j60opt/normalized-j6033_8.std.opb.xz,16
OPT-LIN/normalized-PB10/oliveras/j60opt/normalized-j6033_9.std.opb.xz,16
OPT-LIN/normalized-PB10/oliveras/j60opt/normalized-j6034_1.std.opb.xz,16
OPT-LIN/normalized-PB10/oliveras/j60opt/normalized-j6034_10.std.opb.xz,16
OPT-LIN/normalized-PB10/oliveras/j60opt/normalized-j6034_2.std.opb.xz,16
OPT-LIN/normalized-PB10/oliveras/j60opt/normalized-j6034_3.std.opb.xz,16
OPT-LIN/normalized-PB10/oliveras/j60opt/normalized-j6034_4.std.opb.xz,16
OPT-LIN/normalized-PB10/oliveras/j60opt/normalized-j6034_5.std.opb.xz,16
OPT-LIN/normalized-PB10/oliveras/j60opt/normalized-j6034_6.std.opb.xz,16
OPT-LIN/normalized-PB10/oliveras/j60opt/normalized-j6034_7.std.opb.xz,16
OPT-LIN/normalized-PB10/oliveras/j60opt/normalized-j6034_8.std.opb.xz,16
OPT-LIN/normalized-PB10/oliveras/j60opt/normalized-j6034_9.std.opb.xz,16
OPT-LIN/normalized-PB10/oliveras/j60opt/normalized-j6035_1.std.opb.xz,16
OPT-LIN/normalized-PB10/oliveras/j60opt/normalized-j6035_10.std.opb.xz,16
OPT-LIN/normalized-PB10/oliveras/j60opt/normalized-j6035_2.std.opb.xz,16
OPT-LIN/normalized-PB10/oliveras/j60opt/normalized-j6035_3.std.opb.xz,16
OPT-LIN/normalized-PB10/oliveras/j60opt/normalized-j6035_4.std.opb.xz,16
OPT-LIN/normalized-PB10/oliveras/j60opt/normalized-j6035_5.std.opb.xz,16
OPT-LIN/normalized-PB10/oliveras/j60opt/normalized-j6035_6.std.opb.xz,16
OPT-LIN/normalized-PB10/oliveras/j60opt/normalized-j6035_7.std.opb.xz,16
OPT-LIN/normalized-PB10/oliveras/j60opt/normalized-j6035_8.std.opb.xz,16
OPT-LIN/normalized-PB10/oliveras/j60opt/normalized-j6035_9.std.opb.xz,16
OPT-LIN/normalized-PB10/oliveras/j60opt/normalized-j6036_1.std.opb.xz,16
OPT-LIN/normalized-PB10/oliveras/j60opt/normalized-j6036_10.std.opb.xz,16
OPT-LIN/normalized-PB10/oliveras/j60opt/normalized-j6036_2.std.opb.xz,16
OPT-LIN/normalized-PB10/oliveras/j60opt/normalized-j6036_3.std.opb.xz,16
OPT-LIN/normalized-PB10/oliveras/j60opt/normalized-j6036_4.std.opb.xz,16
OPT-LIN/normalized-PB10/oliveras/j60opt/normalized-j6036_5.std.opb.xz,16
OPT-LIN/normalized-PB10/oliveras/j60opt/normalized-j6036_6.std.opb.xz,16
OPT-LIN/normalized-PB10/oliveras/j60opt/normalized-j6036_7.std.opb.xz,16
OPT-LIN/normalized-PB10/oliveras/j60opt/normalized-j6036_8.std.opb.xz,16
OPT-LIN/normalized-PB10/oliveras/j60opt/normalized-j6036_9.std.opb.xz,16
OPT-LIN/normalized-PB10/oliveras/j60opt/normalized-j6037_1.std.opb.xz,16
OPT-LIN/normalized-PB10/oliveras/j60opt/normalized-j6037_10.std.opb.xz,16
OPT-LIN/normalized-PB10/oliveras/j60opt/normalized-j6037_2.std.opb.xz,16
OPT-LIN/normalized-PB10/oliveras/j60opt/normalized-j6037_3.std.opb.xz,16
OPT-LIN/normalized-PB10/oliveras/j60opt/normalized-j6037_4.std.opb.xz,16
OPT-LIN/normalized-PB10/oliveras/j60opt/normalized-j6037_5.std.opb.xz,16
OPT-LIN/normalized-PB10/oliveras/j60opt/normalized-j6037_6.std.opb.xz,16
OPT-LIN/normalized-PB10/oliveras/j60opt/normalized-j6037_7.std.opb.xz,16
OPT-LIN/normalized-PB10/oliveras/j60opt/normalized-j6037_8.std.opb.xz,16
OPT-LIN/normalized-PB10/oliveras/j60opt/normalized-j6037_9.std.opb.xz,16
OPT-LIN/normalized-PB10/oliveras/j60opt/normalized-j6038_1.std.opb.xz,16
OPT-LIN/normalized-PB10/oliveras/j60opt/normalized-j6038_10.std.opb.xz,16
OPT-LIN/normalized-PB10/oliveras/j60opt/normalized-j6038_2.std.opb.xz,16
OPT-LIN/normalized-PB10/oliveras/j60opt/normalized-j6038_3.std.opb.xz,16
OPT-LIN/normalized-PB10/oliveras/j60opt/normalized-j6038_4.std.opb.xz,16
OPT-LIN/normalized-PB10/oliveras/j60opt/normalized-j6038_5.std.opb.xz,16
OPT-LIN/normalized-PB10/oliveras/j60opt/normalized-j6038_6.std.opb.xz,16
OPT-LIN/normalized-PB10/oliveras/j60opt/normalized-j6038_7.std.opb.xz,16
OPT-LIN/normalized-PB10/oliveras/j60opt/normalized-j6038_8.std.opb.xz,16
OPT-LIN/normalized-PB10/oliveras/j60opt/normalized-j6038_9.std.opb.xz,16
OPT-LIN/normalized-PB10/oliveras/j60opt/normalized-j6039_1.std.opb.xz,16
OPT-LIN/normalized-PB10/oliveras/j60opt/normalized-j6039_10.std.opb.xz,16
OPT-LIN/normalized-PB10/oliveras/j60opt/normalized-j6039_2.std.opb.xz,16
OPT-LIN/normalized-PB10/oliveras/j60opt/normalized-j6039_3.std.opb.xz,16
OPT-LIN/normalized-PB10/oliveras/j60opt/normalized-j6039_4.std.opb.xz,16
OPT-LIN/normalized-PB10/oliveras/j60opt/normalized-j6039_5.std.opb.xz,16
OPT-LIN/normalized-PB10/oliveras/j60opt/normalized-j6039_6.std.opb.xz,16
OPT-LIN/normalized-PB10/oliveras/j60opt/normalized-j6039_7.std.opb.xz,16
OPT-LIN/normalized-PB10/oliveras/j60opt/normalized-j6039_8.std.opb.xz,16
OPT-LIN/normalized-PB10/oliveras/j60opt/normalized-j6039_9.std.opb.xz,16
OPT-LIN/normalized-PB10/oliveras/j60opt/normalized-j603_1.std.opb.xz,16
OPT-LIN/normalized-PB10/oliveras/j60opt/normalized-j603_10.std.opb.xz,16
OPT-LIN/normalized-PB10/oliveras/j60opt/normalized-j603_2.std.opb.xz,16
OPT-LIN/normalized-PB10/oliveras/j60opt/normalized-j603_3.std.opb.xz,16
OPT-LIN/normalized-PB10/oliveras/j60opt/normalized-j603_4.std.opb.xz,16
OPT-LIN/normalized-PB10/oliveras/j60opt/normalized-j603_5.std.opb.xz,16
OPT-LIN/normalized-PB10/oliveras/j60opt/normalized-j603_6.std.opb.xz,16
OPT-LIN/normalized-PB10/oliveras/j60opt/normalized-j603_7.std.opb.xz,16
OPT-LIN/normalized-PB10/oliveras/j60opt/normalized-j603_8.std.opb.xz,16
OPT-LIN/normalized-PB10/oliveras/j60opt/normalized-j603_9.std.opb.xz,16
OPT-LIN/normalized-PB10/oliveras/j60opt/normalized-j6040_1.std.opb.xz,16
OPT-LIN/normalized-PB10/oliveras/j60opt/normalized-j6040_10.std.opb.xz,16
OPT-LIN/normalized-PB10/oliveras/j60opt/normalized-j6040_2.std.opb.xz,16
OPT-LIN/normalized-PB10/oliveras/j60opt/normalized-j6040_3.std.opb.xz,16
OPT-LIN/normalized-PB10/oliveras/j60opt/normalized-j6040_4.std.opb.xz,16
OPT-LIN/normalized-PB10/oliveras/j60opt/normalized-j6040_5.std.opb.xz,16
OPT-LIN/normalized-PB10/oliveras/j60opt/normalized-j6040_6.std.opb.xz,16
OPT-LIN/normalized-PB10/oliveras/j60opt/normalized-j6040_7.std.opb.xz,16
OPT-LIN/normalized-PB10/oliveras/j60opt/normalized-j6040_8.std.opb.xz,16
OPT-LIN/normalized-PB10/oliveras/j60opt/normalized-j6040_9.std.opb.xz,16
OPT-LIN/normalized-PB10/oliveras/j60opt/normalized-j6041_1.std.opb.xz,16
OPT-LIN/normalized-PB10/oliveras/j60opt/normalized-j6041_10.std.opb.xz,16
OPT-LIN/normalized-PB10/oliveras/j60opt/normalized-j6041_2.std.opb.xz,16
OPT-LIN/normalized-PB10/oliveras/j60opt/normalized-j6041_3.std.opb.xz,16
OPT-LIN/normalized-PB10/oliveras/j60opt/normalized-j6041_4.std.opb.xz,16
OPT-LIN/normalized-PB10/oliveras/j60opt/normalized-j6041_5.std.opb.xz,16
OPT-LIN/normalized-PB10/oliveras/j60opt/normalized-j6041_6.std.opb.xz,16
OPT-LIN/normalized-PB10/oliveras/j60opt/normalized-j6041_7.std.opb.xz,16
OPT-LIN/normalized-PB10/oliveras/j60opt/normalized-j6041_8.std.opb.xz,16
OPT-LIN/normalized-PB10/oliveras/j60opt/normalized-j6041_9.std.opb.xz,16
OPT-LIN/normalized-PB10/oliveras/j60opt/normalized-j6042_1.std.opb.xz,16
OPT-LIN/normalized-PB10/oliveras/j60opt/normalized-j6042_10.std.opb.xz,16
OPT-LIN/normalized-PB10/oliveras/j60opt/normalized-j6042_2.std.opb.xz,16
OPT-LIN/normalized-PB10/oliveras/j60opt/normalized-j6042_3.std.opb.xz,16
OPT-LIN/normalized-PB10/oliveras/j60opt/normalized-j6042_4.std.opb.xz,16
OPT-LIN/normalized-PB10/oliveras/j60opt/normalized-j6042_5.std.opb.xz,16
OPT-LIN/normalized-PB10/oliveras/j60opt/normalized-j6042_6.std.opb.xz,16
OPT-LIN/normalized-PB10/oliveras/j60opt/normalized-j6042_7.std.opb.xz,16
OPT-LIN/normalized-PB10/oliveras/j60opt/normalized-j6042_8.std.opb.xz,16
OPT-LIN/normalized-PB10/oliveras/j60opt/normalized-j6042_9.std.opb.xz,16
OPT-LIN/normalized-PB10/oliveras/j60opt/normalized-j6043_1.std.opb.xz,16
OPT-LIN/normalized-PB10/oliveras/j60opt/normalized-j6043_10.std.opb.xz,16
OPT-LIN/normalized-PB10/oliveras/j60opt/normalized-j6043_2.std.opb.xz,16
OPT-LIN/normalized-PB10/oliveras/j60opt/normalized-j6043_3.std.opb.xz,16
OPT-LIN/normalized-PB10/oliveras/j60opt/normalized-j6043_4.std.opb.xz,16
OPT-LIN/normalized-PB10/oliveras/j60opt/normalized-j6043_5.std.opb.xz,16
OPT-LIN/normalized-PB10/oliveras/j60opt/normalized-j6043_6.std.opb.xz,16
OPT-LIN/normalized-PB10/oliveras/j60opt/normalized-j6043_7.std.opb.xz,16
OPT-LIN/normalized-PB10/oliveras/j60opt/normalized-j6043_8.std.opb.xz,16
OPT-LIN/normalized-PB10/oliveras/j60opt/normalized-j6043_9.std.opb.xz,16
OPT-LIN/normalized-PB10/oliveras/j60opt/normalized-j6044_1.std.opb.xz,16
OPT-LIN/normalized-PB10/oliveras/j60opt/normalized-j6044_10.std.opb.xz,16
OPT-LIN/normalized-PB10/oliveras/j60opt/normalized-j6044_2.std.opb.xz,16
OPT-LIN/normalized-PB10/oliveras/j60opt/normalized-j6044_3.std.opb.xz,16
OPT-LIN/normalized-PB10/oliveras/j60opt/normalized-j6044_4.std.opb.xz,16
OPT-LIN/normalized-PB10/oliveras/j60opt/normalized-j6044_5.std.opb.xz,16
OPT-LIN/normalized-PB10/oliveras/j60opt/normalized-j6044_6.std.opb.xz,16
OPT-LIN/normalized-PB10/oliveras/j60opt/normalized-j6044_7.std.opb.xz,16
OPT-LIN/normalized-PB10/oliveras/j60opt/normalized-j6044_8.std.opb.xz,16
OPT-LIN/normalized-PB10/oliveras/j60opt/normalized-j6044_9.std.opb.xz,16
OPT-LIN/normalized-PB10/oliveras/j60opt/normalized-j6045_1.std.opb.xz,16
OPT-LIN/normalized-PB10/oliveras/j60opt/normalized-j6045_10.std.opb.xz,16
OPT-LIN/normalized-PB10/oliveras/j60opt/normalized-j6045_2.std.opb.xz,16
OPT-LIN/normalized-PB10/oliveras/j60opt/normalized-j6045_3.std.opb.xz,16
OPT-LIN/normalized-PB10/oliveras/j60opt/normalized-j6045_4.std.opb.xz,16
OPT-LIN/normalized-PB10/oliveras/j60opt/normalized-j6045_5.std.opb.xz,16
OPT-LIN/normalized-PB10/oliveras/j60opt/normalized-j6045_6.std.opb.xz,16
OPT-LIN/normalized-PB10/oliveras/j60opt/normalized-j6045_7.std.opb.xz,16
OPT-LIN/normalized-PB10/oliveras/j60opt/normalized-j6045_8.std.opb.xz,16
OPT-LIN/normalized-PB10/oliveras/j60opt/normalized-j6045_9.std.opb.xz,16
OPT-LIN/normalized-PB10/oliveras/j60opt/normalized-j6046_1.std.opb.xz,16
OPT-LIN/normalized-PB10/oliveras/j60opt/normalized-j6046_10.std.opb.xz,16
OPT-LIN/normalized-PB10/oliveras/j60opt/normalized-j6046_2.std.opb.xz,16
OPT-LIN/normalized-PB10/oliveras/j60opt/normalized-j6046_3.std.opb.xz,16
OPT-LIN/normalized-PB10/oliveras/j60opt/normalized-j6046_4.std.opb.xz,16
OPT-LIN/normalized-PB10/oliveras/j60opt/normalized-j6046_5.std.opb.xz,16
OPT-LIN/normalized-PB10/oliveras/j60opt/normalized-j6046_6.std.opb.xz,16
OPT-LIN/normalized-PB10/oliveras/j60opt/normalized-j6046_7.std.opb.xz,16
OPT-LIN/normalized-PB10/oliveras/j60opt/normalized-j6046_8.std.opb.xz,16
OPT-LIN/normalized-PB10/oliveras/j60opt/normalized-j6046_9.std.opb.xz,16
OPT-LIN/normalized-PB10/oliveras/j60opt/normalized-j6047_1.std.opb.xz,16
OPT-LIN/normalized-PB10/oliveras/j60opt/normalized-j6047_10.std.opb.xz,16
OPT-LIN/normalized-PB10/oliveras/j60opt/normalized-j6047_2.std.opb.xz,16
OPT-LIN/normalized-PB10/oliveras/j60opt/normalized-j6047_3.std.opb.xz,16
OPT-LIN/normalized-PB10/oliveras/j60opt/normalized-j6047_4.std.opb.xz,16
OPT-LIN/normalized-PB10/oliveras/j60opt/normalized-j6047_5.std.opb.xz,16
OPT-LIN/normalized-PB10/oliveras/j60opt/normalized-j6047_6.std.opb.xz,16
OPT-LIN/normalized-PB10/oliveras/j60opt/normalized-j6047_7.std.opb.xz,16
OPT-LIN/normalized-PB10/oliveras/j60opt/normalized-j6047_8.std.opb.xz,16
OPT-LIN/normalized-PB10/oliveras/j60opt/normalized-j6047_9.std.opb.xz,16
OPT-LIN/normalized-PB10/oliveras/j60opt/normalized-j6048_1.std.opb.xz,16
OPT-LIN/normalized-PB10/oliveras/j60opt/normalized-j6048_10.std.opb.xz,16
OPT-LIN/normalized-PB10/oliveras/j60opt/normalized-j6048_2.std.opb.xz,16
OPT-LIN/normalized-PB10/oliveras/j60opt/normalized-j6048_3.std.opb.xz,16
OPT-LIN/normalized-PB10/oliveras/j60opt/normalized-j6048_4.std.opb.xz,16
OPT-LIN/normalized-PB10/oliveras/j60opt/normalized-j6048_5.std.opb.xz,16
OPT-LIN/normalized-PB10/oliveras/j60opt/normalized-j6048_6.std.opb.xz,16
OPT-LIN/normalized-PB10/oliveras/j60opt/normalized-j6048_7.std.opb.xz,16
OPT-LIN/normalized-PB10/oliveras/j60opt/normalized-j6048_8.std.opb.xz,16
OPT-LIN/normalized-PB10/oliveras/j60opt/normalized-j6048_9.std.opb.xz,16
OPT-LIN/normalized-PB10/oliveras/j60opt/normalized-j604_1.std.opb.xz,16
OPT-LIN/normalized-PB10/oliveras/j60opt/normalized-j604_10.std.opb.xz,16
OPT-LIN/normalized-PB10/oliveras/j60opt/normalized-j604_2.std.opb.xz,16
OPT-LIN/normalized-PB10/oliveras/j60opt/normalized-j604_3.std.opb.xz,16
OPT-LIN/normalized-PB10/oliveras/j60opt/normalized-j604_4.std.opb.xz,16
OPT-LIN/normalized-PB10/oliveras/j60opt/normalized-j604_5.std.opb.xz,16
OPT-LIN/normalized-PB10/oliveras/j60opt/normalized-j604_6.std.opb.xz,16
OPT-LIN/normalized-PB10/oliveras/j60opt/normalized-j604_7.std.opb.xz,16
OPT-LIN/normalized-PB10/oliveras/j60opt/normalized-j604_8.std.opb.xz,16
OPT-LIN/normalized-PB10/oliveras/j60opt/normalized-j604_9.std.opb.xz,16
OPT-LIN/normalized-PB10/oliveras/j60opt/normalized-j605_1.std.opb.xz,16
OPT-LIN/normalized-PB10/oliveras/j60opt/normalized-j605_10.std.opb.xz,16
OPT-LIN/normalized-PB10/oliveras/j60opt/normalized-j605_2.std.opb.xz,16
OPT-LIN/normalized-PB10/oliveras/j60opt/normalized-j605_3.std.opb.xz,16
OPT-LIN/normalized-PB10/oliveras/j60opt/normalized-j605_4.std.opb.xz,16
OPT-LIN/normalized-PB10/oliveras/j60opt/normalized-j605_5.std.opb.xz,16
OPT-LIN/normalized-PB10/oliveras/j60opt/normalized-j605_6.std.opb.xz,16
OPT-LIN/normalized-PB10/oliveras/j60opt/normalized-j605_7.std.opb.xz,16
OPT-LIN/normalized-PB10/oliveras/j60opt/normalized-j605_8.std.opb.xz,16
OPT-LIN/normalized-PB10/oliveras/j60opt/normalized-j605_9.std.opb.xz,16
OPT-LIN/normalized-PB10/oliveras/j60opt/normalized-j606_1.std.opb.xz,16
OPT-LIN/normalized-PB10/oliveras/j60opt/normalized-j606_10.std.opb.xz,16
OPT-LIN/normalized-PB10/oliveras/j60opt/normalized-j606_2.std.opb.xz,16
OPT-LIN/normalized-PB10/oliveras/j60opt/normalized-j606_3.std.opb.xz,16
OPT-LIN/normalized-PB10/oliveras/j60opt/normalized-j606_4.std.opb.xz,16
OPT-LIN/normalized-PB10/oliveras/j60opt/normalized-j606_5.std.opb.xz,16
OPT-LIN/normalized-PB10/oliveras/j60opt/normalized-j606_6.std.opb.xz,16
OPT-LIN/normalized-PB10/oliveras/j60opt/normalized-j606_7.std.opb.xz,16
OPT-LIN/normalized-PB10/oliveras/j60opt/normalized-j606_8.std.opb.xz,16
OPT-LIN/normalized-PB10/oliveras/j60opt/normalized-j606_9.std.opb.xz,16
OPT-LIN/normalized-PB10/oliveras/j60opt/normalized-j607_1.std.opb.xz,16
OPT-LIN/normalized-PB10/oliveras/j60opt/normalized-j607_10.std.opb.xz,16
OPT-LIN/normalized-PB10/oliveras/j60opt/normalized-j607_2.std.opb.xz,16
OPT-LIN/normalized-PB10/oliveras/j60opt/normalized-j607_3.std.opb.xz,16
OPT-LIN/normalized-PB10/oliveras/j60opt/normalized-j607_4.std.opb.xz,16
OPT-LIN/normalized-PB10/oliveras/j60opt/normalized-j607_5.std.opb.xz,16
OPT-LIN/normalized-PB10/oliveras/j60opt/normalized-j607_6.std.opb.xz,16
OPT-LIN/normalized-PB10/oliveras/j60opt/normalized-j607_7.std.opb.xz,16
OPT-LIN/normalized-PB10/oliveras/j60opt/normalized-j607_8.std.opb.xz,16
OPT-LIN/normalized-PB10/oliveras/j60opt/normalized-j607_9.std.opb.xz,16
OPT-LIN/normalized-PB10/oliveras/j60opt/normalized-j608_1.std.opb.xz,16
OPT-LIN/normalized-PB10/oliveras/j60opt/normalized-j608_10.std.opb.xz,16
OPT-LIN/normalized-PB10/oliveras/j60opt/normalized-j608_2.std.opb.xz,16
OPT-LIN/normalized-PB10/oliveras/j60opt/normalized-j608_3.std.opb.xz,16
OPT-LIN/normalized-PB10/oliveras/j60opt/normalized-j608_4.std.opb.xz,16
OPT-LIN/normalized-PB10/oliveras/j60opt/normalized-j608_5.std.opb.xz,16
OPT-LIN/normalized-PB10/oliveras/j60opt/normalized-j608_6.std.opb.xz,16
OPT-LIN/normalized-PB10/oliveras/j60opt/normalized-j608_7.std.opb.xz,16
OPT-LIN/normalized-PB10/oliveras/j60opt/normalized-j608_8.std.opb.xz,16
OPT-LIN/normalized-PB10/oliveras/j60opt/normalized-j608_9.std.opb.xz,16
OPT-LIN/normalized-PB10/oliveras/j60opt/normalized-j609_1.std.opb.xz,16
OPT-LIN/normalized-PB10/oliveras/j60opt/normalized-j609_10.std.opb.xz,16
OPT-LIN/normalized-PB10/oliveras/j60opt/normalized-j609_2.std.opb.xz,16
OPT-LIN/normalized-PB10/oliveras/j60opt/normalized-j609_3.std.opb.xz,16
OPT-LIN/normalized-PB10/oliveras/j60opt/normalized-j609_4.std.opb.xz,16
OPT-LIN/normalized-PB10/oliveras/j60opt/normalized-j609_5.std.opb.xz,16
OPT-LIN/normalized-PB10/oliveras/j60opt/normalized-j609_6.std.opb.xz,16
OPT-LIN/normalized-PB10/oliveras/j60opt/normalized-j609_7.std.opb.xz,16
OPT-LIN/normalized-PB10/oliveras/j60opt/normalized-j609_8.std.opb.xz,16
OPT-LIN/normalized-PB10/oliveras/j60opt/normalized-j609_9.std.opb.xz,16
OPT-LIN/normalized-PB10/oliveras/j90opt/normalized-j9010_1.std.opb.xz,16
OPT-LIN/normalized-PB10/oliveras/j90opt/normalized-j9010_10.std.opb.xz,16
OPT-LIN/normalized-PB10/oliveras/j90opt/normalized-j9010_2.std.opb.xz,16
OPT-LIN/normalized-PB10/oliveras/j90opt/normalized-j9010_3.std.opb.xz,16
OPT-LIN/normalized-PB10/oliveras/j90opt/normalized-j9010_4.std.opb.xz,16
OPT-LIN/normalized-PB10/oliveras/j90opt/normalized-j9010_5.std.opb.xz,16
OPT-LIN/normalized-PB10/oliveras/j90opt/normalized-j9010_6.std.opb.xz,16
OPT-LIN/normalized-PB10/oliveras/j90opt/normalized-j9010_7.std.opb.xz,16
OPT-LIN/normalized-PB10/oliveras/j90opt/normalized-j9010_8.std.opb.xz,16
OPT-LIN/normalized-PB10/oliveras/j90opt/normalized-j9010_9.std.opb.xz,16
OPT-LIN/normalized-PB10/oliveras/j90opt/normalized-j9011_1.std.opb.xz,16
OPT-LIN/normalized-PB10/oliveras/j90opt/normalized-j9011_10.std.opb.xz,16
OPT-LIN/normalized-PB10/oliveras/j90opt/normalized-j9011_2.std.opb.xz,16
OPT-LIN/normalized-PB10/oliveras/j90opt/normalized-j9011_3.std.opb.xz,16
OPT-LIN/normalized-PB10/oliveras/j90opt/normalized-j9011_4.std.opb.xz,16
OPT-LIN/normalized-PB10/oliveras/j90opt/normalized-j9011_5.std.opb.xz,16
OPT-LIN/normalized-PB10/oliveras/j90opt/normalized-j9011_6.std.opb.xz,16
OPT-LIN/normalized-PB10/oliveras/j90opt/normalized-j9011_7.std.opb.xz,16
OPT-LIN/normalized-PB10/oliveras/j90opt/normalized-j9011_8.std.opb.xz,16
OPT-LIN/normalized-PB10/oliveras/j90opt/normalized-j9011_9.std.opb.xz,16
OPT-LIN/normalized-PB10/oliveras/j90opt/normalized-j9012_1.std.opb.xz,16
OPT-LIN/normalized-PB10/oliveras/j90opt/normalized-j9012_10.std.opb.xz,16
OPT-LIN/normalized-PB10/oliveras/j90opt/normalized-j9012_2.std.opb.xz,16
OPT-LIN/normalized-PB10/oliveras/j90opt/normalized-j9012_3.std.opb.xz,16
OPT-LIN/normalized-PB10/oliveras/j90opt/normalized-j9012_4.std.opb.xz,16
OPT-LIN/normalized-PB10/oliveras/j90opt/normalized-j9012_5.std.opb.xz,16
OPT-LIN/normalized-PB10/oliveras/j90opt/normalized-j9012_6.std.opb.xz,16
OPT-LIN/normalized-PB10/oliveras/j90opt/normalized-j9012_7.std.opb.xz,16
OPT-LIN/normalized-PB10/oliveras/j90opt/normalized-j9012_8.std.opb.xz,16
OPT-LIN/normalized-PB10/oliveras/j90opt/normalized-j9012_9.std.opb.xz,16
OPT-LIN/normalized-PB10/oliveras/j90opt/normalized-j9013_1.std.opb.xz,16
OPT-LIN/normalized-PB10/oliveras/j90opt/normalized-j9013_10.std.opb.xz,16
OPT-LIN/normalized-PB10/oliveras/j90opt/normalized-j9013_2.std.opb.xz,16
OPT-LIN/normalized-PB10/oliveras/j90opt/normalized-j9013_3.std.opb.xz,16
OPT-LIN/normalized-PB10/oliveras/j90opt/normalized-j9013_4.std.opb.xz,16
OPT-LIN/normalized-PB10/oliveras/j90opt/normalized-j9013_5.std.opb.xz,16
OPT-LIN/normalized-PB10/oliveras/j90opt/normalized-j9013_6.std.opb.xz,16
OPT-LIN/normalized-PB10/oliveras/j90opt/normalized-j9013_7.std.opb.xz,16
OPT-LIN/normalized-PB10/oliveras/j90opt/normalized-j9013_8.std.opb.xz,16
OPT-LIN/normalized-PB10/oliveras/j90opt/normalized-j9013_9.std.opb.xz,16
OPT-LIN/normalized-PB10/oliveras/j90opt/normalized-j9014_1.std.opb.xz,16
OPT-LIN/normalized-PB10/oliveras/j90opt/normalized-j9014_10.std.opb.xz,16
OPT-LIN/normalized-PB10/oliveras/j90opt/normalized-j9014_2.std.opb.xz,16
OPT-LIN/normalized-PB10/oliveras/j90opt/normalized-j9014_3.std.opb.xz,16
OPT-LIN/normalized-PB10/oliveras/j90opt/normalized-j9014_4.std.opb.xz,16
OPT-LIN/normalized-PB10/oliveras/j90opt/normalized-j9014_5.std.opb.xz,16
OPT-LIN/normalized-PB10/oliveras/j90opt/normalized-j9014_6.std.opb.xz,16
OPT-LIN/normalized-PB10/oliveras/j90opt/normalized-j9014_7.std.opb.xz,16
OPT-LIN/normalized-PB10/oliveras/j90opt/normalized-j9014_8.std.opb.xz,16
OPT-LIN/normalized-PB10/oliveras/j90opt/normalized-j9014_9.std.opb.xz,16
OPT-LIN/normalized-PB10/oliveras/j90opt/normalized-j9015_1.std.opb.xz,16
OPT-LIN/normalized-PB10/oliveras/j90opt/normalized-j9015_10.std.opb.xz,16
OPT-LIN/normalized-PB10/oliveras/j90opt/normalized-j9015_2.std.opb.xz,16
OPT-LIN/normalized-PB10/oliveras/j90opt/normalized-j9015_3.std.opb.xz,16
OPT-LIN/normalized-PB10/oliveras/j90opt/normalized-j9015_4.std.opb.xz,16
OPT-LIN/normalized-PB10/oliveras/j90opt/normalized-j9015_5.std.opb.xz,16
OPT-LIN/normalized-PB10/oliveras/j90opt/normalized-j9015_6.std.opb.xz,16
OPT-LIN/normalized-PB10/oliveras/j90opt/normalized-j9015_7.std.opb.xz,16
OPT-LIN/normalized-PB10/oliveras/j90opt/normalized-j9015_8.std.opb.xz,16
OPT-LIN/normalized-PB10/oliveras/j90opt/normalized-j9015_9.std.opb.xz,16
OPT-LIN/normalized-PB10/oliveras/j90opt/normalized-j9016_1.std.opb.xz,16
OPT-LIN/normalized-PB10/oliveras/j90opt/normalized-j9016_10.std.opb.xz,16
OPT-LIN/normalized-PB10/oliveras/j90opt/normalized-j9016_2.std.opb.xz,16
OPT-LIN/normalized-PB10/oliveras/j90opt/normalized-j9016_3.std.opb.xz,16
OPT-LIN/normalized-PB10/oliveras/j90opt/normalized-j9016_4.std.opb.xz,16
OPT-LIN/normalized-PB10/oliveras/j90opt/normalized-j9016_5.std.opb.xz,16
OPT-LIN/normalized-PB10/oliveras/j90opt/normalized-j9016_6.std.opb.xz,16
OPT-LIN/normalized-PB10/oliveras/j90opt/normalized-j9016_7.std.opb.xz,16
OPT-LIN/normalized-PB10/oliveras/j90opt/normalized-j9016_8.std.opb.xz,16
OPT-LIN/normalized-PB10/oliveras/j90opt/normalized-j9016_9.std.opb.xz,16
OPT-LIN/normalized-PB10/oliveras/j90opt/normalized-j9017_1.std.opb.xz,16
OPT-LIN/normalized-PB10/oliveras/j90opt/normalized-j9017_10.std.opb.xz,16
OPT-LIN/normalized-PB10/oliveras/j90opt/normalized-j9017_2.std.opb.xz,16
OPT-LIN/normalized-PB10/oliveras/j90opt/normalized-j9017_3.std.opb.xz,16
OPT-LIN/normalized-PB10/oliveras/j90opt/normalized-j9017_4.std.opb.xz,16
OPT-LIN/normalized-PB10/oliveras/j90opt/normalized-j9017_5.std.opb.xz,16
OPT-LIN/normalized-PB10/oliveras/j90opt/normalized-j9017_6.std.opb.xz,16
OPT-LIN/normalized-PB10/oliveras/j90opt/normalized-j9017_7.std.opb.xz,16
OPT-LIN/normalized-PB10/oliveras/j90opt/normalized-j9017_8.std.opb.xz,16
OPT-LIN/normalized-PB10/oliveras/j90opt/normalized-j9017_9.std.opb.xz,16
OPT-LIN/normalized-PB10/oliveras/j90opt/normalized-j9018_1.std.opb.xz,16
OPT-LIN/normalized-PB10/oliveras/j90opt/normalized-j9018_10.std.opb.xz,16
OPT-LIN/normalized-PB10/oliveras/j90opt/normalized-j9018_2.std.opb.xz,16
OPT-LIN/normalized-PB10/oliveras/j90opt/normalized-j9018_3.std.opb.xz,16
OPT-LIN/normalized-PB10/oliveras/j90opt/normalized-j9018_4.std.opb.xz,16
OPT-LIN/normalized-PB10/oliveras/j90opt/normalized-j9018_5.std.opb.xz,16
OPT-LIN/normalized-PB10/oliveras/j90opt/normalized-j9018_6.std.opb.xz,16
OPT-LIN/normalized-PB10/oliveras/j90opt/normalized-j9018_7.std.opb.xz,16
OPT-LIN/normalized-PB10/oliveras/j90opt/normalized-j9018_8.std.opb.xz,16
OPT-LIN/normalized-PB10/oliveras/j90opt/normalized-j9018_9.std.opb.xz,16
OPT-LIN/normalized-PB10/oliveras/j90opt/normalized-j9019_1.std.opb.xz,16
OPT-LIN/normalized-PB10/oliveras/j90opt/normalized-j9019_10.std.opb.xz,16
OPT-LIN/normalized-PB10/oliveras/j90opt/normalized-j9019_2.std.opb.xz,16
OPT-LIN/normalized-PB10/oliveras/j90opt/normalized-j9019_3.std.opb.xz,16
OPT-LIN/normalized-PB10/oliveras/j90opt/normalized-j9019_4.std.opb.xz,16
OPT-LIN/normalized-PB10/oliveras/j90opt/normalized-j9019_5.std.opb.xz,16
OPT-LIN/normalized-PB10/oliveras/j90opt/normalized-j9019_6.std.opb.xz,16
OPT-LIN/normalized-PB10/oliveras/j90opt/normalized-j9019_7.std.opb.xz,16
OPT-LIN/normalized-PB10/oliveras/j90opt/normalized-j9019_8.std.opb.xz,16
OPT-LIN/normalized-PB10/oliveras/j90opt/normalized-j9019_9.std.opb.xz,16
OPT-LIN/normalized-PB10/oliveras/j90opt/normalized-j901_1.std.opb.xz,16
OPT-LIN/normalized-PB10/oliveras/j90opt/normalized-j901_10.std.opb.xz,16
OPT-LIN/normalized-PB10/oliveras/j90opt/normalized-j901_2.std.opb.xz,16
OPT-LIN/normalized-PB10/oliveras/j90opt/normalized-j901_3.std.opb.xz,16
OPT-LIN/normalized-PB10/oliveras/j90opt/normalized-j901_4.std.opb.xz,16
OPT-LIN/normalized-PB10/oliveras/j90opt/normalized-j901_5.std.opb.xz,16
OPT-LIN/normalized-PB10/oliveras/j90opt/normalized-j901_6.std.opb.xz,16
OPT-LIN/normalized-PB10/oliveras/j90opt/normalized-j901_7.std.opb.xz,16
OPT-LIN/normalized-PB10/oliveras/j90opt/normalized-j901_8.std.opb.xz,16
OPT-LIN/normalized-PB10/oliveras/j90opt/normalized-j901_9.std.opb.xz,16
OPT-LIN/normalized-PB10/oliveras/j90opt/normalized-j9020_1.std.opb.xz,16
OPT-LIN/normalized-PB10/oliveras/j90opt/normalized-j9020_10.std.opb.xz,16
OPT-LIN/normalized-PB10/oliveras/j90opt/normalized-j9020_2.std.opb.xz,16
OPT-LIN/normalized-PB10/oliveras/j90opt/normalized-j9020_3.std.opb.xz,16
OPT-LIN/normalized-PB10/oliveras/j90opt/normalized-j9020_4.std.opb.xz,16
OPT-LIN/normalized-PB10/oliveras/j90opt/normalized-j9020_5.std.opb.xz,16
OPT-LIN/normalized-PB10/oliveras/j90opt/normalized-j9020_6.std.opb.xz,16
OPT-LIN/normalized-PB10/oliveras/j90opt/normalized-j9020_7.std.opb.xz,16
OPT-LIN/normalized-PB10/oliveras/j90opt/normalized-j9020_8.std.opb.xz,16
OPT-LIN/normalized-PB10/oliveras/j90opt/normalized-j9020_9.std.opb.xz,16
OPT-LIN/normalized-PB10/oliveras/j90opt/normalized-j9021_1.std.opb.xz,16
OPT-LIN/normalized-PB10/oliveras/j90opt/normalized-j9021_10.std.opb.xz,16
OPT-LIN/normalized-PB10/oliveras/j90opt/normalized-j9021_2.std.opb.xz,16
OPT-LIN/normalized-PB10/oliveras/j90opt/normalized-j9021_3.std.opb.xz,16
OPT-LIN/normalized-PB10/oliveras/j90opt/normalized-j9021_4.std.opb.xz,16
OPT-LIN/normalized-PB10/oliveras/j90opt/normalized-j9021_5.std.opb.xz,16
OPT-LIN/normalized-PB10/oliveras/j90opt/normalized-j9021_6.std.opb.xz,16
OPT-LIN/normalized-PB10/oliveras/j90opt/normalized-j9021_7.std.opb.xz,16
OPT-LIN/normalized-PB10/oliveras/j90opt/normalized-j9021_8.std.opb.xz,16
OPT-LIN/normalized-PB10/oliveras/j90opt/normalized-j9021_9.std.opb.xz,16
OPT-LIN/normalized-PB10/oliveras/j90opt/normalized-j9022_1.std.opb.xz,16
OPT-LIN/normalized-PB10/oliveras/j90opt/normalized-j9022_10.std.opb.xz,16
OPT-LIN/normalized-PB10/oliveras/j90opt/normalized-j9022_2.std.opb.xz,16
OPT-LIN/normalized-PB10/oliveras/j90opt/normalized-j9022_3.std.opb.xz,16
OPT-LIN/normalized-PB10/oliveras/j90opt/normalized-j9022_4.std.opb.xz,16
OPT-LIN/normalized-PB10/oliveras/j90opt/normalized-j9022_5.std.opb.xz,16
OPT-LIN/normalized-PB10/oliveras/j90opt/normalized-j9022_6.std.opb.xz,16
OPT-LIN/normalized-PB10/oliveras/j90opt/normalized-j9022_7.std.opb.xz,16
OPT-LIN/normalized-PB10/oliveras/j90opt/normalized-j9022_8.std.opb.xz,16
OPT-LIN/normalized-PB10/oliveras/j90opt/normalized-j9022_9.std.opb.xz,16
OPT-LIN/normalized-PB10/oliveras/j90opt/normalized-j9023_1.std.opb.xz,16
OPT-LIN/normalized-PB10/oliveras/j90opt/normalized-j9023_10.std.opb.xz,16
OPT-LIN/normalized-PB10/oliveras/j90opt/normalized-j9023_2.std.opb.xz,16
OPT-LIN/normalized-PB10/oliveras/j90opt/normalized-j9023_3.std.opb.xz,16
OPT-LIN/normalized-PB10/oliveras/j90opt/normalized-j9023_4.std.opb.xz,16
OPT-LIN/normalized-PB10/oliveras/j90opt/normalized-j9023_5.std.opb.xz,16
OPT-LIN/normalized-PB10/oliveras/j90opt/normalized-j9023_6.std.opb.xz,16
OPT-LIN/normalized-PB10/oliveras/j90opt/normalized-j9023_7.std.opb.xz,16
OPT-LIN/normalized-PB10/oliveras/j90opt/normalized-j9023_8.std.opb.xz,16
OPT-LIN/normalized-PB10/oliveras/j90opt/normalized-j9023_9.std.opb.xz,16
OPT-LIN/normalized-PB10/oliveras/j90opt/normalized-j9024_1.std.opb.xz,16
OPT-LIN/normalized-PB10/oliveras/j90opt/normalized-j9024_10.std.opb.xz,16
OPT-LIN/normalized-PB10/oliveras/j90opt/normalized-j9024_2.std.opb.xz,16
OPT-LIN/normalized-PB10/oliveras/j90opt/normalized-j9024_3.std.opb.xz,16
OPT-LIN/normalized-PB10/oliveras/j90opt/normalized-j9024_4.std.opb.xz,16
OPT-LIN/normalized-PB10/oliveras/j90opt/normalized-j9024_5.std.opb.xz,16
OPT-LIN/normalized-PB10/oliveras/j90opt/normalized-j9024_6.std.opb.xz,16
OPT-LIN/normalized-PB10/oliveras/j90opt/normalized-j9024_7.std.opb.xz,16
OPT-LIN/normalized-PB10/oliveras/j90opt/normalized-j9024_8.std.opb.xz,16
OPT-LIN/normalized-PB10/oliveras/j90opt/normalized-j9024_9.std.opb.xz,16
OPT-LIN/normalized-PB10/oliveras/j90opt/normalized-j9025_1.std.opb.xz,16
OPT-LIN/normalized-PB10/oliveras/j90opt/normalized-j9025_10.std.opb.xz,16
OPT-LIN/normalized-PB10/oliveras/j90opt/normalized-j9025_2.std.opb.xz,16
OPT-LIN/normalized-PB10/oliveras/j90opt/normalized-j9025_3.std.opb.xz,16
OPT-LIN/normalized-PB10/oliveras/j90opt/normalized-j9025_4.std.opb.xz,16
OPT-LIN/normalized-PB10/oliveras/j90opt/normalized-j9025_5.std.opb.xz,16
OPT-LIN/normalized-PB10/oliveras/j90opt/normalized-j9025_6.std.opb.xz,16
OPT-LIN/normalized-PB10/oliveras/j90opt/normalized-j9025_7.std.opb.xz,16
OPT-LIN/normalized-PB10/oliveras/j90opt/normalized-j9025_8.std.opb.xz,16
OPT-LIN/normalized-PB10/oliveras/j90opt/normalized-j9025_9.std.opb.xz,16
OPT-LIN/normalized-PB10/oliveras/j90opt/normalized-j9026_1.std.opb.xz,16
OPT-LIN/normalized-PB10/oliveras/j90opt/normalized-j9026_10.std.opb.xz,16
OPT-LIN/normalized-PB10/oliveras/j90opt/normalized-j9026_2.std.opb.xz,16
OPT-LIN/normalized-PB10/oliveras/j90opt/normalized-j9026_3.std.opb.xz,16
OPT-LIN/normalized-PB10/oliveras/j90opt/normalized-j9026_4.std.opb.xz,16
OPT-LIN/normalized-PB10/oliveras/j90opt/normalized-j9026_5.std.opb.xz,16
OPT-LIN/normalized-PB10/oliveras/j90opt/normalized-j9026_6.std.opb.xz,16
OPT-LIN/normalized-PB10/oliveras/j90opt/normalized-j9026_7.std.opb.xz,16
OPT-LIN/normalized-PB10/oliveras/j90opt/normalized-j9026_8.std.opb.xz,16
OPT-LIN/normalized-PB10/oliveras/j90opt/normalized-j9026_9.std.opb.xz,16
OPT-LIN/normalized-PB10/oliveras/j90opt/normalized-j9027_1.std.opb.xz,16
OPT-LIN/normalized-PB10/oliveras/j90opt/normalized-j9027_10.std.opb.xz,16
OPT-LIN/normalized-PB10/oliveras/j90opt/normalized-j9027_2.std.opb.xz,16
OPT-LIN/normalized-PB10/oliveras/j90opt/normalized-j9027_3.std.opb.xz,16
OPT-LIN/normalized-PB10/oliveras/j90opt/normalized-j9027_4.std.opb.xz,16
OPT-LIN/normalized-PB10/oliveras/j90opt/normalized-j9027_5.std.opb.xz,16
OPT-LIN/normalized-PB10/oliveras/j90opt/normalized-j9027_6.std.opb.xz,16
OPT-LIN/normalized-PB10/oliveras/j90opt/normalized-j9027_7.std.opb.xz,16
OPT-LIN/normalized-PB10/oliveras/j90opt/normalized-j9027_8.std.opb.xz,16
OPT-LIN/normalized-PB10/oliveras/j90opt/normalized-j9027_9.std.opb.xz,16
OPT-LIN/normalized-PB10/oliveras/j90opt/normalized-j9028_1.std.opb.xz,16
OPT-LIN/normalized-PB10/oliveras/j90opt/normalized-j9028_10.std.opb.xz,16
OPT-LIN/normalized-PB10/oliveras/j90opt/normalized-j9028_2.std.opb.xz,16
OPT-LIN/normalized-PB10/oliveras/j90opt/normalized-j9028_3.std.opb.xz,16
OPT-LIN/normalized-PB10/oliveras/j90opt/normalized-j9028_4.std.opb.xz,16
OPT-LIN/normalized-PB10/oliveras/j90opt/normalized-j9028_5.std.opb.xz,16
OPT-LIN/normalized-PB10/oliveras/j90opt/normalized-j9028_6.std.opb.xz,16
OPT-LIN/normalized-PB10/oliveras/j90opt/normalized-j9028_7.std.opb.xz,16
OPT-LIN/normalized-PB10/oliveras/j90opt/normalized-j9028_8.std.opb.xz,16
OPT-LIN/normalized-PB10/oliveras/j90opt/normalized-j9028_9.std.opb.xz,16
OPT-LIN/normalized-PB10/oliveras/j90opt/normalized-j9029_1.std.opb.xz,16
OPT-LIN/normalized-PB10/oliveras/j90opt/normalized-j9029_10.std.opb.xz,16
OPT-LIN/normalized-PB10/oliveras/j90opt/normalized-j9029_2.std.opb.xz,16
OPT-LIN/normalized-PB10/oliveras/j90opt/normalized-j9029_3.std.opb.xz,16
OPT-LIN/normalized-PB10/oliveras/j90opt/normalized-j9029_4.std.opb.xz,16
OPT-LIN/normalized-PB10/oliveras/j90opt/normalized-j9029_5.std.opb.xz,16
OPT-LIN/normalized-PB10/oliveras/j90opt/normalized-j9029_6.std.opb.xz,16
OPT-LIN/normalized-PB10/oliveras/j90opt/normalized-j9029_7.std.opb.xz,16
OPT-LIN/normalized-PB10/oliveras/j90opt/normalized-j9029_8.std.opb.xz,16
OPT-LIN/normalized-PB10/oliveras/j90opt/normalized-j9029_9.std.opb.xz,16
OPT-LIN/normalized-PB10/oliveras/j90opt/normalized-j902_1.std.opb.xz,16
OPT-LIN/normalized-PB10/oliveras/j90opt/normalized-j902_10.std.opb.xz,16
OPT-LIN/normalized-PB10/oliveras/j90opt/normalized-j902_2.std.opb.xz,16
OPT-LIN/normalized-PB10/oliveras/j90opt/normalized-j902_3.std.opb.xz,16
OPT-LIN/normalized-PB10/oliveras/j90opt/normalized-j902_4.std.opb.xz,16
OPT-LIN/normalized-PB10/oliveras/j90opt/normalized-j902_5.std.opb.xz,16
OPT-LIN/normalized-PB10/oliveras/j90opt/normalized-j902_6.std.opb.xz,16
OPT-LIN/normalized-PB10/oliveras/j90opt/normalized-j902_7.std.opb.xz,16
OPT-LIN/normalized-PB10/oliveras/j90opt/normalized-j902_8.std.opb.xz,16
OPT-LIN/normalized-PB10/oliveras/j90opt/normalized-j902_9.std.opb.xz,16
OPT-LIN/normalized-PB10/oliveras/j90opt/normalized-j9030_1.std.opb.xz,16
OPT-LIN/normalized-PB10/oliveras/j90opt/normalized-j9030_10.std.opb.xz,16
OPT-LIN/normalized-PB10/oliveras/j90opt/normalized-j9030_2.std.opb.xz,16
OPT-LIN/normalized-PB10/oliveras/j90opt/normalized-j9030_3.std.opb.xz,16
OPT-LIN/normalized-PB10/oliveras/j90opt/normalized-j9030_4.std.opb.xz,16
OPT-LIN/normalized-PB10/oliveras/j90opt/normalized-j9030_5.std.opb.xz,16
OPT-LIN/normalized-PB10/oliveras/j90opt/normalized-j9030_6.std.opb.xz,16
OPT-LIN/normalized-PB10/oliveras/j90opt/normalized-j9030_7.std.opb.xz,16
OPT-LIN/normalized-PB10/oliveras/j90opt/normalized-j9030_8.std.opb.xz,16
OPT-LIN/normalized-PB10/oliveras/j90opt/normalized-j9030_9.std.opb.xz,16
OPT-LIN/normalized-PB10/oliveras/j90opt/normalized-j9031_1.std.opb.xz,16
OPT-LIN/normalized-PB10/oliveras/j90opt/normalized-j9031_10.std.opb.xz,16
OPT-LIN/normalized-PB10/oliveras/j90opt/normalized-j9031_2.std.opb.xz,16
OPT-LIN/normalized-PB10/oliveras/j90opt/normalized-j9031_3.std.opb.xz,16
OPT-LIN/normalized-PB10/oliveras/j90opt/normalized-j9031_4.std.opb.xz,16
OPT-LIN/normalized-PB10/oliveras/j90opt/normalized-j9031_5.std.opb.xz,16
OPT-LIN/normalized-PB10/oliveras/j90opt/normalized-j9031_6.std.opb.xz,16
OPT-LIN/normalized-PB10/oliveras/j90opt/normalized-j9031_7.std.opb.xz,16
OPT-LIN/normalized-PB10/oliveras/j90opt/normalized-j9031_8.std.opb.xz,16
OPT-LIN/normalized-PB10/oliveras/j90opt/normalized-j9031_9.std.opb.xz,16
OPT-LIN/normalized-PB10/oliveras/j90opt/normalized-j9032_1.std.opb.xz,16
OPT-LIN/normalized-PB10/oliveras/j90opt/normalized-j9032_10.std.opb.xz,16
OPT-LIN/normalized-PB10/oliveras/j90opt/normalized-j9032_2.std.opb.xz,16
OPT-LIN/normalized-PB10/oliveras/j90opt/normalized-j9032_3.std.opb.xz,16
OPT-LIN/normalized-PB10/oliveras/j90opt/normalized-j9032_4.std.opb.xz,16
OPT-LIN/normalized-PB10/oliveras/j90opt/normalized-j9032_5.std.opb.xz,16
OPT-LIN/normalized-PB10/oliveras/j90opt/normalized-j9032_6.std.opb.xz,16
OPT-LIN/normalized-PB10/oliveras/j90opt/normalized-j9032_7.std.opb.xz,16
OPT-LIN/normalized-PB10/oliveras/j90opt/normalized-j9032_8.std.opb.xz,16
OPT-LIN/normalized-PB10/oliveras/j90opt/normalized-j9032_9.std.opb.xz,16
OPT-LIN/normalized-PB10/oliveras/j90opt/normalized-j9033_1.std.opb.xz,16
OPT-LIN/normalized-PB10/oliveras/j90opt/normalized-j9033_10.std.opb.xz,16
OPT-LIN/normalized-PB10/oliveras/j90opt/normalized-j9033_2.std.opb.xz,16
OPT-LIN/normalized-PB10/oliveras/j90opt/normalized-j9033_3.std.opb.xz,16
OPT-LIN/normalized-PB10/oliveras/j90opt/normalized-j9033_4.std.opb.xz,16
OPT-LIN/normalized-PB10/oliveras/j90opt/normalized-j9033_5.std.opb.xz,16
OPT-LIN/normalized-PB10/oliveras/j90opt/normalized-j9033_6.std.opb.xz,16
OPT-LIN/normalized-PB10/oliveras/j90opt/normalized-j9033_7.std.opb.xz,16
OPT-LIN/normalized-PB10/oliveras/j90opt/normalized-j9033_8.std.opb.xz,16
OPT-LIN/normalized-PB10/oliveras/j90opt/normalized-j9033_9.std.opb.xz,16
OPT-LIN/normalized-PB10/oliveras/j90opt/normalized-j9034_1.std.opb.xz,16
OPT-LIN/normalized-PB10/oliveras/j90opt/normalized-j9034_10.std.opb.xz,16
OPT-LIN/normalized-PB10/oliveras/j90opt/normalized-j9034_2.std.opb.xz,16
OPT-LIN/normalized-PB10/oliveras/j90opt/normalized-j9034_3.std.opb.xz,16
OPT-LIN/normalized-PB10/oliveras/j90opt/normalized-j9034_4.std.opb.xz,16
OPT-LIN/normalized-PB10/oliveras/j90opt/normalized-j9034_5.std.opb.xz,16
OPT-LIN/normalized-PB10/oliveras/j90opt/normalized-j9034_6.std.opb.xz,16
OPT-LIN/normalized-PB10/oliveras/j90opt/normalized-j9034_7.std.opb.xz,16
OPT-LIN/normalized-PB10/oliveras/j90opt/normalized-j9034_8.std.opb.xz,16
OPT-LIN/normalized-PB10/oliveras/j90opt/normalized-j9034_9.std.opb.xz,16
OPT-LIN/normalized-PB10/oliveras/j90opt/normalized-j9035_1.std.opb.xz,16
OPT-LIN/normalized-PB10/oliveras/j90opt/normalized-j9035_10.std.opb.xz,16
OPT-LIN/normalized-PB10/oliveras/j90opt/normalized-j9035_2.std.opb.xz,16
OPT-LIN/normalized-PB10/oliveras/j90opt/normalized-j9035_3.std.opb.xz,16
OPT-LIN/normalized-PB10/oliveras/j90opt/normalized-j9035_4.std.opb.xz,16
OPT-LIN/normalized-PB10/oliveras/j90opt/normalized-j9035_5.std.opb.xz,16
OPT-LIN/normalized-PB10/oliveras/j90opt/normalized-j9035_6.std.opb.xz,16
OPT-LIN/normalized-PB10/oliveras/j90opt/normalized-j9035_7.std.opb.xz,16
OPT-LIN/normalized-PB10/oliveras/j90opt/normalized-j9035_8.std.opb.xz,16
OPT-LIN/normalized-PB10/oliveras/j90opt/normalized-j9035_9.std.opb.xz,16
OPT-LIN/normalized-PB10/oliveras/j90opt/normalized-j9036_1.std.opb.xz,16
OPT-LIN/normalized-PB10/oliveras/j90opt/normalized-j9036_10.std.opb.xz,16
OPT-LIN/normalized-PB10/oliveras/j90opt/normalized-j9036_2.std.opb.xz,16
OPT-LIN/normalized-PB10/oliveras/j90opt/normalized-j9036_3.std.opb.xz,16
OPT-LIN/normalized-PB10/oliveras/j90opt/normalized-j9036_4.std.opb.xz,16
OPT-LIN/normalized-PB10/oliveras/j90opt/normalized-j9036_5.std.opb.xz,16
OPT-LIN/normalized-PB10/oliveras/j90opt/normalized-j9036_6.std.opb.xz,16
OPT-LIN/normalized-PB10/oliveras/j90opt/normalized-j9036_7.std.opb.xz,16
OPT-LIN/normalized-PB10/oliveras/j90opt/normalized-j9036_8.std.opb.xz,16
OPT-LIN/normalized-PB10/oliveras/j90opt/normalized-j9036_9.std.opb.xz,16
OPT-LIN/normalized-PB10/oliveras/j90opt/normalized-j9037_1.std.opb.xz,16
OPT-LIN/normalized-PB10/oliveras/j90opt/normalized-j9037_10.std.opb.xz,16
OPT-LIN/normalized-PB10/oliveras/j90opt/normalized-j9037_2.std.opb.xz,16
OPT-LIN/normalized-PB10/oliveras/j90opt/normalized-j9037_3.std.opb.xz,16
OPT-LIN/normalized-PB10/oliveras/j90opt/normalized-j9037_4.std.opb.xz,16
OPT-LIN/normalized-PB10/oliveras/j90opt/normalized-j9037_5.std.opb.xz,16
OPT-LIN/normalized-PB10/oliveras/j90opt/normalized-j9037_6.std.opb.xz,16
OPT-LIN/normalized-PB10/oliveras/j90opt/normalized-j9037_7.std.opb.xz,16
OPT-LIN/normalized-PB10/oliveras/j90opt/normalized-j9037_8.std.opb.xz,16
OPT-LIN/normalized-PB10/oliveras/j90opt/normalized-j9037_9.std.opb.xz,16
OPT-LIN/normalized-PB10/oliveras/j90opt/normalized-j9038_1.std.opb.xz,16
OPT-LIN/normalized-PB10/oliveras/j90opt/normalized-j9038_10.std.opb.xz,16
OPT-LIN/normalized-PB10/oliveras/j90opt/normalized-j9038_2.std.opb.xz,16
OPT-LIN/normalized-PB10/oliveras/j90opt/normalized-j9038_3.std.opb.xz,16
OPT-LIN/normalized-PB10/oliveras/j90opt/normalized-j9038_4.std.opb.xz,16
OPT-LIN/normalized-PB10/oliveras/j90opt/normalized-j9038_5.std.opb.xz,16
OPT-LIN/normalized-PB10/oliveras/j90opt/normalized-j9038_6.std.opb.xz,16
OPT-LIN/normalized-PB10/oliveras/j90opt/normalized-j9038_7.std.opb.xz,16
OPT-LIN/normalized-PB10/oliveras/j90opt/normalized-j9038_8.std.opb.xz,16
OPT-LIN/normalized-PB10/oliveras/j90opt/normalized-j9038_9.std.opb.xz,16
OPT-LIN/normalized-PB10/oliveras/j90opt/normalized-j9039_1.std.opb.xz,16
OPT-LIN/normalized-PB10/oliveras/j90opt/normalized-j9039_10.std.opb.xz,16
OPT-LIN/normalized-PB10/oliveras/j90opt/normalized-j9039_2.std.opb.xz,16
OPT-LIN/normalized-PB10/oliveras/j90opt/normalized-j9039_3.std.opb.xz,16
OPT-LIN/normalized-PB10/oliveras/j90opt/normalized-j9039_4.std.opb.xz,16
OPT-LIN/normalized-PB10/oliveras/j90opt/normalized-j9039_5.std.opb.xz,16
OPT-LIN/normalized-PB10/oliveras/j90opt/normalized-j9039_6.std.opb.xz,16
OPT-LIN/normalized-PB10/oliveras/j90opt/normalized-j9039_7.std.opb.xz,16
OPT-LIN/normalized-PB10/oliveras/j90opt/normalized-j9039_8.std.opb.xz,16
OPT-LIN/normalized-PB10/oliveras/j90opt/normalized-j9039_9.std.opb.xz,16
OPT-LIN/normalized-PB10/oliveras/j90opt/normalized-j903_1.std.opb.xz,16
OPT-LIN/normalized-PB10/oliveras/j90opt/normalized-j903_10.std.opb.xz,16
OPT-LIN/normalized-PB10/oliveras/j90opt/normalized-j903_2.std.opb.xz,16
OPT-LIN/normalized-PB10/oliveras/j90opt/normalized-j903_3.std.opb.xz,16
OPT-LIN/normalized-PB10/oliveras/j90opt/normalized-j903_4.std.opb.xz,16
OPT-LIN/normalized-PB10/oliveras/j90opt/normalized-j903_5.std.opb.xz,16
OPT-LIN/normalized-PB10/oliveras/j90opt/normalized-j903_6.std.opb.xz,16
OPT-LIN/normalized-PB10/oliveras/j90opt/normalized-j903_7.std.opb.xz,16
OPT-LIN/normalized-PB10/oliveras/j90opt/normalized-j903_8.std.opb.xz,16
OPT-LIN/normalized-PB10/oliveras/j90opt/normalized-j903_9.std.opb.xz,16
OPT-LIN/normalized-PB10/oliveras/j90opt/normalized-j9040_1.std.opb.xz,16
OPT-LIN/normalized-PB10/oliveras/j90opt/normalized-j9040_10.std.opb.xz,16
OPT-LIN/normalized-PB10/oliveras/j90opt/normalized-j9040_2.std.opb.xz,16
OPT-LIN/normalized-PB10/oliveras/j90opt/normalized-j9040_3.std.opb.xz,16
OPT-LIN/normalized-PB10/oliveras/j90opt/normalized-j9040_4.std.opb.xz,16
OPT-LIN/normalized-PB10/oliveras/j90opt/normalized-j9040_5.std.opb.xz,16
OPT-LIN/normalized-PB10/oliveras/j90opt/normalized-j9040_6.std.opb.xz,16
OPT-LIN/normalized-PB10/oliveras/j90opt/normalized-j9040_7.std.opb.xz,16
OPT-LIN/normalized-PB10/oliveras/j90opt/normalized-j9040_8.std.opb.xz,16
OPT-LIN/normalized-PB10/oliveras/j90opt/normalized-j9040_9.std.opb.xz,16
OPT-LIN/normalized-PB10/oliveras/j90opt/normalized-j9041_1.std.opb.xz,16
OPT-LIN/normalized-PB10/oliveras/j90opt/normalized-j9041_10.std.opb.xz,16
OPT-LIN/normalized-PB10/oliveras/j90opt/normalized-j9041_2.std.opb.xz,16
OPT-LIN/normalized-PB10/oliveras/j90opt/normalized-j9041_3.std.opb.xz,16
OPT-LIN/normalized-PB10/oliveras/j90opt/normalized-j9041_4.std.opb.xz,16
OPT-LIN/normalized-PB10/oliveras/j90opt/normalized-j9041_5.std.opb.xz,16
OPT-LIN/normalized-PB10/oliveras/j90opt/normalized-j9041_6.std.opb.xz,16
OPT-LIN/normalized-PB10/oliveras/j90opt/normalized-j9041_7.std.opb.xz,16
OPT-LIN/normalized-PB10/oliveras/j90opt/normalized-j9041_8.std.opb.xz,16
OPT-LIN/normalized-PB10/oliveras/j90opt/normalized-j9041_9.std.opb.xz,16
OPT-LIN/normalized-PB10/oliveras/j90opt/normalized-j9042_1.std.opb.xz,16
OPT-LIN/normalized-PB10/oliveras/j90opt/normalized-j9042_10.std.opb.xz,16
OPT-LIN/normalized-PB10/oliveras/j90opt/normalized-j9042_2.std.opb.xz,16
OPT-LIN/normalized-PB10/oliveras/j90opt/normalized-j9042_3.std.opb.xz,16
OPT-LIN/normalized-PB10/oliveras/j90opt/normalized-j9042_4.std.opb.xz,16
OPT-LIN/normalized-PB10/oliveras/j90opt/normalized-j9042_5.std.opb.xz,16
OPT-LIN/normalized-PB10/oliveras/j90opt/normalized-j9042_6.std.opb.xz,16
OPT-LIN/normalized-PB10/oliveras/j90opt/normalized-j9042_7.std.opb.xz,16
OPT-LIN/normalized-PB10/oliveras/j90opt/normalized-j9042_8.std.opb.xz,16
OPT-LIN/normalized-PB10/oliveras/j90opt/normalized-j9042_9.std.opb.xz,16
OPT-LIN/normalized-PB10/oliveras/j90opt/normalized-j9043_1.std.opb.xz,16
OPT-LIN/normalized-PB10/oliveras/j90opt/normalized-j9043_10.std.opb.xz,16
OPT-LIN/normalized-PB10/oliveras/j90opt/normalized-j9043_2.std.opb.xz,16
OPT-LIN/normalized-PB10/oliveras/j90opt/normalized-j9043_3.std.opb.xz,16
OPT-LIN/normalized-PB10/oliveras/j90opt/normalized-j9043_4.std.opb.xz,16
OPT-LIN/normalized-PB10/oliveras/j90opt/normalized-j9043_5.std.opb.xz,16
OPT-LIN/normalized-PB10/oliveras/j90opt/normalized-j9043_6.std.opb.xz,16
OPT-LIN/normalized-PB10/oliveras/j90opt/normalized-j9043_7.std.opb.xz,16
OPT-LIN/normalized-PB10/oliveras/j90opt/normalized-j9043_8.std.opb.xz,16
OPT-LIN/normalized-PB10/oliveras/j90opt/normalized-j9043_9.std.opb.xz,16
OPT-LIN/normalized-PB10/oliveras/j90opt/normalized-j9044_1.std.opb.xz,16
OPT-LIN/normalized-PB10/oliveras/j90opt/normalized-j9044_10.std.opb.xz,16
OPT-LIN/normalized-PB10/oliveras/j90opt/normalized-j9044_2.std.opb.xz,16
OPT-LIN/normalized-PB10/oliveras/j90opt/normalized-j9044_3.std.opb.xz,16
OPT-LIN/normalized-PB10/oliveras/j90opt/normalized-j9044_4.std.opb.xz,16
OPT-LIN/normalized-PB10/oliveras/j90opt/normalized-j9044_5.std.opb.xz,16
OPT-LIN/normalized-PB10/oliveras/j90opt/normalized-j9044_6.std.opb.xz,16
OPT-LIN/normalized-PB10/oliveras/j90opt/normalized-j9044_7.std.opb.xz,16
OPT-LIN/normalized-PB10/oliveras/j90opt/normalized-j9044_8.std.opb.xz,16
OPT-LIN/normalized-PB10/oliveras/j90opt/normalized-j9044_9.std.opb.xz,16
OPT-LIN/normalized-PB10/oliveras/j90opt/normalized-j9045_1.std.opb.xz,16
OPT-LIN/normalized-PB10/oliveras/j90opt/normalized-j9045_10.std.opb.xz,16
OPT-LIN/normalized-PB10/oliveras/j90opt/normalized-j9045_2.std.opb.xz,16
OPT-LIN/normalized-PB10/oliveras/j90opt/normalized-j9045_3.std.opb.xz,16
OPT-LIN/normalized-PB10/oliveras/j90opt/normalized-j9045_4.std.opb.xz,16
OPT-LIN/normalized-PB10/oliveras/j90opt/normalized-j9045_5.std.opb.xz,16
OPT-LIN/normalized-PB10/oliveras/j90opt/normalized-j9045_6.std.opb.xz,16
OPT-LIN/normalized-PB10/oliveras/j90opt/normalized-j9045_7.std.opb.xz,16
OPT-LIN/normalized-PB10/oliveras/j90opt/normalized-j9045_8.std.opb.xz,16
OPT-LIN/normalized-PB10/oliveras/j90opt/normalized-j9045_9.std.opb.xz,16
OPT-LIN/normalized-PB10/oliveras/j90opt/normalized-j9046_1.std.opb.xz,16
OPT-LIN/normalized-PB10/oliveras/j90opt/normalized-j9046_10.std.opb.xz,16
OPT-LIN/normalized-PB10/oliveras/j90opt/normalized-j9046_2.std.opb.xz,16
OPT-LIN/normalized-PB10/oliveras/j90opt/normalized-j9046_3.std.opb.xz,16
OPT-LIN/normalized-PB10/oliveras/j90opt/normalized-j9046_4.std.opb.xz,16
OPT-LIN/normalized-PB10/oliveras/j90opt/normalized-j9046_5.std.opb.xz,16
OPT-LIN/normalized-PB10/oliveras/j90opt/normalized-j9046_6.std.opb.xz,16
OPT-LIN/normalized-PB10/oliveras/j90opt/normalized-j9046_7.std.opb.xz,16
OPT-LIN/normalized-PB10/oliveras/j90opt/normalized-j9046_8.std.opb.xz,16
OPT-LIN/normalized-PB10/oliveras/j90opt/normalized-j9046_9.std.opb.xz,16
OPT-LIN/normalized-PB10/oliveras/j90opt/normalized-j9047_1.std.opb.xz,16
OPT-LIN/normalized-PB10/oliveras/j90opt/normalized-j9047_10.std.opb.xz,16
OPT-LIN/normalized-PB10/oliveras/j90opt/normalized-j9047_2.std.opb.xz,16
OPT-LIN/normalized-PB10/oliveras/j90opt/normalized-j9047_3.std.opb.xz,16
OPT-LIN/normalized-PB10/oliveras/j90opt/normalized-j9047_4.std.opb.xz,16
OPT-LIN/normalized-PB10/oliveras/j90opt/normalized-j9047_5.std.opb.xz,16
OPT-LIN/normalized-PB10/oliveras/j90opt/normalized-j9047_6.std.opb.xz,16
OPT-LIN/normalized-PB10/oliveras/j90opt/normalized-j9047_7.std.opb.xz,16
OPT-LIN/normalized-PB10/oliveras/j90opt/normalized-j9047_8.std.opb.xz,16
OPT-LIN/normalized-PB10/oliveras/j90opt/normalized-j9047_9.std.opb.xz,16
OPT-LIN/normalized-PB10/oliveras/j90opt/normalized-j9048_1.std.opb.xz,16
OPT-LIN/normalized-PB10/oliveras/j90opt/normalized-j9048_10.std.opb.xz,16
OPT-LIN/normalized-PB10/oliveras/j90opt/normalized-j9048_2.std.opb.xz,16
OPT-LIN/normalized-PB10/oliveras/j90opt/normalized-j9048_3.std.opb.xz,16
OPT-LIN/normalized-PB10/oliveras/j90opt/normalized-j9048_4.std.opb.xz,16
OPT-LIN/normalized-PB10/oliveras/j90opt/normalized-j9048_5.std.opb.xz,16
OPT-LIN/normalized-PB10/oliveras/j90opt/normalized-j9048_6.std.opb.xz,16
OPT-LIN/normalized-PB10/oliveras/j90opt/normalized-j9048_7.std.opb.xz,16
OPT-LIN/normalized-PB10/oliveras/j90opt/normalized-j9048_8.std.opb.xz,16
OPT-LIN/normalized-PB10/oliveras/j90opt/normalized-j9048_9.std.opb.xz,16
OPT-LIN/normalized-PB10/oliveras/j90opt/normalized-j904_1.std.opb.xz,16
OPT-LIN/normalized-PB10/oliveras/j90opt/normalized-j904_10.std.opb.xz,16
OPT-LIN/normalized-PB10/oliveras/j90opt/normalized-j904_2.std.opb.xz,16
OPT-LIN/normalized-PB10/oliveras/j90opt/normalized-j904_3.std.opb.xz,16
OPT-LIN/normalized-PB10/oliveras/j90opt/normalized-j904_4.std.opb.xz,16
OPT-LIN/normalized-PB10/oliveras/j90opt/normalized-j904_5.std.opb.xz,16
OPT-LIN/normalized-PB10/oliveras/j90opt/normalized-j904_6.std.opb.xz,16
OPT-LIN/normalized-PB10/oliveras/j90opt/normalized-j904_7.std.opb.xz,16
OPT-LIN/normalized-PB10/oliveras/j90opt/normalized-j904_8.std.opb.xz,16
OPT-LIN/normalized-PB10/oliveras/j90opt/normalized-j904_9.std.opb.xz,16
OPT-LIN/normalized-PB10/oliveras/j90opt/normalized-j905_1.std.opb.xz,16
OPT-LIN/normalized-PB10/oliveras/j90opt/normalized-j905_10.std.opb.xz,16
OPT-LIN/normalized-PB10/oliveras/j90opt/normalized-j905_2.std.opb.xz,16
OPT-LIN/normalized-PB10/oliveras/j90opt/normalized-j905_3.std.opb.xz,16
OPT-LIN/normalized-PB10/oliveras/j90opt/normalized-j905_4.std.opb.xz,16
OPT-LIN/normalized-PB10/oliveras/j90opt/normalized-j905_5.std.opb.xz,16
OPT-LIN/normalized-PB10/oliveras/j90opt/normalized-j905_6.std.opb.xz,16
OPT-LIN/normalized-PB10/oliveras/j90opt/normalized-j905_7.std.opb.xz,16
OPT-LIN/normalized-PB10/oliveras/j90opt/normalized-j905_8.std.opb.xz,16
OPT-LIN/normalized-PB10/oliveras/j90opt/normalized-j905_9.std.opb.xz,16
OPT-LIN/normalized-PB10/oliveras/j90opt/normalized-j906_1.std.opb.xz,16
OPT-LIN/normalized-PB10/oliveras/j90opt/normalized-j906_10.std.opb.xz,16
OPT-LIN/normalized-PB10/oliveras/j90opt/normalized-j906_2.std.opb.xz,16
OPT-LIN/normalized-PB10/oliveras/j90opt/normalized-j906_3.std.opb.xz,16
OPT-LIN/normalized-PB10/oliveras/j90opt/normalized-j906_4.std.opb.xz,16
OPT-LIN/normalized-PB10/oliveras/j90opt/normalized-j906_5.std.opb.xz,16
OPT-LIN/normalized-PB10/oliveras/j90opt/normalized-j906_6.std.opb.xz,16
OPT-LIN/normalized-PB10/oliveras/j90opt/normalized-j906_7.std.opb.xz,16
OPT-LIN/normalized-PB10/oliveras/j90opt/normalized-j906_8.std.opb.xz,16
OPT-LIN/normalized-PB10/oliveras/j90opt/normalized-j906_9.std.opb.xz,16
OPT-LIN/normalized-PB10/oliveras/j90opt/normalized-j907_1.std.opb.xz,16
OPT-LIN/normalized-PB10/oliveras/j90opt/normalized-j907_10.std.opb.xz,16
OPT-LIN/normalized-PB10/oliveras/j90opt/normalized-j907_2.std.opb.xz,16
OPT-LIN/normalized-PB10/oliveras/j90opt/normalized-j907_3.std.opb.xz,16
OPT-LIN/normalized-PB10/oliveras/j90opt/normalized-j907_4.std.opb.xz,16
OPT-LIN/normalized-PB10/oliveras/j90opt/normalized-j907_5.std.opb.xz,16
OPT-LIN/normalized-PB10/oliveras/j90opt/normalized-j907_6.std.opb.xz,16
OPT-LIN/normalized-PB10/oliveras/j90opt/normalized-j907_7.std.opb.xz,16
OPT-LIN/normalized-PB10/oliveras/j90opt/normalized-j907_8.std.opb.xz,16
OPT-LIN/normalized-PB10/oliveras/j90opt/normalized-j907_9.std.opb.xz,16
OPT-LIN/normalized-PB10/oliveras/j90opt/normalized-j908_1.std.opb.xz,16
OPT-LIN/normalized-PB10/oliveras/j90opt/normalized-j908_10.std.opb.xz,16
OPT-LIN/normalized-PB10/oliveras/j90opt/normalized-j908_2.std.opb.xz,16
OPT-LIN/normalized-PB10/oliveras/j90opt/normalized-j908_3.std.opb.xz,16
OPT-LIN/normalized-PB10/oliveras/j90opt/normalized-j908_4.std.opb.xz,16
OPT-LIN/normalized-PB10/oliveras/j90opt/normalized-j908_5.std.opb.xz,16
OPT-LIN/normalized-PB10/oliveras/j90opt/normalized-j908_6.std.opb.xz,16
OPT-LIN/normalized-PB10/oliveras/j90opt/normalized-j908_7.std.opb.xz,16
OPT-LIN/normalized-PB10/oliveras/j90opt/normalized-j908_8.std.opb.xz,16
OPT-LIN/normalized-PB10/oliveras/j90opt/normalized-j908_9.std.opb.xz,16
OPT-LIN/normalized-PB10/oliveras/j90opt/normalized-j909_1.std.opb.xz,16
OPT-LIN/normalized-PB10/oliveras/j90opt/normalized-j909_10.std.opb.xz,16
OPT-LIN/normalized-PB10/oliveras/j90opt/normalized-j909_2.std.opb.xz,16
OPT-LIN/normalized-PB10/oliveras/j90opt/normalized-j909_3.std.opb.xz,16
OPT-LIN/normalized-PB10/oliveras/j90opt/normalized-j909_4.std.opb.xz,16
OPT-LIN/normalized-PB10/oliveras/j90opt/normalized-j909_5.std.opb.xz,16
OPT-LIN/normalized-PB10/oliveras/j90opt/normalized-j909_6.std.opb.xz,16
OPT-LIN/normalized-PB10/oliveras/j90opt/normalized-j909_7.std.opb.xz,16
OPT-LIN/normalized-PB10/oliveras/j90opt/normalized-j909_8.std.opb.xz,16
OPT-LIN/normalized-PB10/oliveras/j90opt/normalized-j909_9.std.opb.xz,16
