sha256	kept_path	duplicate_archive	duplicate_member
aaa51af67ce1b5db9996655a003c4b6301188b1f7c9074748f1b6ccb8160d9e1	OPT-NLC/normalized-PB07/submittedPB07/roussel/factor-mod-B/factor-mod-size=5-P0=11-P1=23-P2=2-P3=5-P4=29-P5=7-P6=23-P7=17-B.opb.xz	normalized-PB07.tar	normalized-PB07/OPT-NLC/submittedPB07/roussel/factor-mod-B/factor-mod-size=5-P0=23-P1=7-P2=29-P3=5-P4=2-P5=13-P6=37-P7=29-B.opb.xz
c8d04440e7df4269f3a1902b1a81583db2fa6041c01dc61e6786beff0bc65170	OPT-NLC/normalized-PB07/submittedPB07/roussel/factor-mod-B/factor-mod-size=5-P0=11-P1=13-P2=29-P3=23-P4=5-P5=29-P6=29-P7=31-P8=29-P9=31-B.opb.xz	normalized-PB07.tar	normalized-PB07/OPT-NLC/submittedPB07/roussel/factor-mod-B/factor-mod-size=5-P0=13-P1=29-P2=29-P3=31-P4=37-P5=17-P6=29-P7=3-P8=29-P9=17-B.opb.xz
f2f01660834ee16a49886b01cb5ed13bf46ab23a59d1b26f5ae5c35fb746b3bf	OPT-NLC/normalized-PB07/submittedPB07/roussel/factor-mod-B/factor-mod-size=5-P0=23-P1=29-P2=23-P3=19-P4=2-P5=23-B.opb.xz	normalized-PB07.tar	normalized-PB07/OPT-NLC/submittedPB07/roussel/factor-mod-B/factor-mod-size=5-P0=2-P1=13-P2=23-P3=29-P4=29-P5=11-B.opb.xz
396b69c9571cf25f82a35926e3d62641681dac3bd34588cdc6dbca976d0df8b8	OPT-NLC/normalized-PB07/submittedPB07/roussel/factor-mod-B/factor-mod-size=6-P0=41-P1=19-B.opb.xz	normalized-PB07.tar	normalized-PB07/OPT-NLC/submittedPB07/roussel/factor-mod-B/factor-mod-size=6-P0=47-P1=37-B.opb.xz
a06c1c39adf36c06cef294fa1e326ac95758171dbe20fa7c86386325e8b662ff	OPT-NLC/normalized-PB07/submittedPB07/roussel/factor-mod-B/factor-mod-size=5-P0=29-P1=19-P2=29-P3=5-P4=17-P5=5-P6=5-P7=13-P8=31-B.opb.xz	normalized-PB07.tar	normalized-PB07/OPT-NLC/submittedPB07/roussel/factor-mod-B/factor-mod-size=5-P0=5-P1=13-P2=29-P3=13-P4=7-P5=5-P6=37-P7=7-P8=29-B.opb.xz
ce334d0d4ddac5bc2377c3b81f109a9e59fb476db44a5a15351d5bc0d56cbabc	OPT-NLC/normalized-PB07/submittedPB07/roussel/factor-mod-B/factor-mod-size=5-P0=29-P1=29-P2=17-P3=7-P4=5-P5=13-P6=5-B.opb.xz	normalized-PB07.tar	normalized-PB07/OPT-NLC/submittedPB07/roussel/factor-mod-B/factor-mod-size=5-P0=7-P1=11-P2=23-P3=23-P4=29-P5=31-P6=13-B.opb.xz
06bf491958065d893102e60081787ed504e8d37f6c34bc1d3ac2a8a1b58dc1f7	OPT-NLC/normalized-PB07/submittedPB07/roussel/factor-mod-B/factor-mod-size=6-P0=17-P1=11-P2=29-P3=59-P4=41-P5=11-P6=13-B.opb.xz	normalized-PB07.tar	normalized-PB07/OPT-NLC/submittedPB07/roussel/factor-mod-B/factor-mod-size=6-P0=7-P1=29-P2=53-P3=31-P4=23-P5=47-P6=67-B.opb.xz
2c667304a52bc0b15f623f332561c12c89c22cd34eca29f16a64c6b9924f3475	OPT-NLC/normalized-PB07/submittedPB07/roussel/factor-mod-B/factor-mod-size=7-P0=107-P1=7-P2=73-P3=61-B.opb.xz	normalized-PB07.tar	normalized-PB07/OPT-NLC/submittedPB07/roussel/factor-mod-B/factor-mod-size=7-P0=47-P1=43-P2=113-P3=61-B.opb.xz
b29bb2cdf9c3e0d672520c96d55c32d378d444326ede9fafc96a9e5424b34034	OPT-NLC/normalized-PB07/submittedPB07/roussel/factor-mod-B/factor-mod-size=7-P0=13-P1=53-P2=127-P3=83-P4=37-P5=107-P6=67-P7=41-P8=113-B.opb.xz	normalized-PB07.tar	normalized-PB07/OPT-NLC/submittedPB07/roussel/factor-mod-B/factor-mod-size=7-P0=71-P1=79-P2=101-P3=109-P4=107-P5=97-P6=127-P7=127-P8=67-B.opb.xz
53e18dc45b135409a5cffedb60f79f1377f29f843575a62624bd7959db86c40c	OPT-NLC/normalized-PB07/submittedPB07/roussel/factor-mod-B/factor-mod-size=8-P0=61-P1=167-P2=157-P3=13-P4=173-P5=47-P6=47-P7=251-P8=79-B.opb.xz	normalized-PB07.tar	normalized-PB07/OPT-NLC/submittedPB07/roussel/factor-mod-B/factor-mod-size=8-P0=223-P1=61-P2=13-P3=127-P4=37-P5=37-P6=137-P7=37-P8=223-B.opb.xz
e3b0c44298fc1c149afbf4c8996fb92427ae41e4649b934ca495991b7852b855	OPT-LIN/normalized-PB12/sroussel/NG/normalized-NG.dot_fibo_0null50mast_rapportOE2.0_TMAX180_K192_cod1.opb	normalized-PB12.tar	normalized-PB12/OPT-LIN/sroussel/NG/normalized-NG.dot_fibo_0null50mast_rapportOE2.0_TMAX180_K192_cod2.opb
1b1d029860b36f1d00949c6120af367b6143e5570edb87426b1a4f53289c9c4b	OPT-LIN/normalized-PB12/sroussel/NG/normalized-NG.dot_unif_0null10mast_rapportOE2.0_TMAX180_K192_cod1.opb	normalized-PB12.tar	normalized-PB12/OPT-LIN/sroussel/NG/normalized-NG.dot_unif_0null10mast_rapportOE2.0_TMAX180_K192_cod1.opb.xz
e3b0c44298fc1c149afbf4c8996fb92427ae41e4649b934ca495991b7852b855	OPT-LIN/normalized-PB12/sroussel/NG/normalized-NG.dot_fibo_0null50mast_rapportOE2.0_TMAX180_K192_cod1.opb	normalized-PB12.tar	normalized-PB12/OPT-LIN/sroussel/NG/normalized-NG.dot_fibo_0null50mast_rapportOE2.0_TMAX15_K192_cod1.opb
e3b0c44298fc1c149afbf4c8996fb92427ae41e4649b934ca495991b7852b855	OPT-LIN/normalized-PB12/sroussel/NG/normalized-NG.dot_fibo_0null50mast_rapportOE2.0_TMAX180_K192_cod1.opb	normalized-PB12.tar	normalized-PB12/OPT-LIN/sroussel/NG/normalized-NG.dot_fibo_0null50mast_rapportOE2.0_TMAX300_K192_cod1.opb
e3b0c44298fc1c149afbf4c8996fb92427ae41e4649b934ca495991b7852b855	OPT-LIN/normalized-PB12/sroussel/NG/normalized-NG.dot_fibo_0null50mast_rapportOE2.0_TMAX180_K192_cod1.opb	normalized-PB12.tar	normalized-PB12/OPT-LIN/sroussel/NG/normalized-NG.dot_fibo_0null50mast_rapportOE2.0_TMAX300_K192_cod2.opb
e3b0c44298fc1c149afbf4c8996fb92427ae41e4649b934ca495991b7852b855	OPT-LIN/normalized-PB12/sroussel/NG/normalized-NG.dot_fibo_0null50mast_rapportOE2.0_TMAX180_K192_cod1.opb	normalized-PB12.tar	normalized-PB12/OPT-LIN/sroussel/NG/normalized-NG.dot_fibo_0null50mast_rapportOE2.0_TMAX15_K192_cod2.opb
a023fb5241856b22cc5d4a82cbcc419a3a3868c054d7683405c776f1cd61855c	DEC-LIN/normalized-PB15eval/EC_ODD_GRIDS/normalized-ECgrid3x100split.opb.xz	normalized-PB16.tar	normalized-PB16/DEC-LIN/elffers/EC_ODD_GRIDS/normalized-ECgrid3x100split.opb.xz
d6112c39835c2d0e183acb00eaf1a5b6f9363a3a6bff7e4a533ab64522a39900	DEC-LIN/normalized-PB15eval/EC_ODD_GRIDS/normalized-ECgrid3x10split.opb.xz	normalized-PB16.tar	normalized-PB16/DEC-LIN/elffers/EC_ODD_GRIDS/normalized-ECgrid3x10split.opb.xz
8f2e3f609ea75eb1426731d8bade264752246a5df38cb3b180897a5aa9f2b619	DEC-LIN/normalized-PB15eval/EC_ODD_GRIDS/normalized-ECgrid3x20split.opb.xz	normalized-PB16.tar	normalized-PB16/DEC-LIN/elffers/EC_ODD_GRIDS/normalized-ECgrid3x20split.opb.xz
984f4d806c8761bb308cbb3cde5cb5945877b3f2c4086ed80fab825bb760ee3c	DEC-LIN/normalized-PB15eval/EC_ODD_GRIDS/normalized-ECgrid3x30split.opb.xz	normalized-PB16.tar	normalized-PB16/DEC-LIN/elffers/EC_ODD_GRIDS/normalized-ECgrid3x30split.opb.xz
488950059855c54f5df86fcd49eb92fd450efa4f6709a6745562943db1caad5b	DEC-LIN/normalized-PB15eval/EC_ODD_GRIDS/normalized-ECgrid3x40split.opb.xz	normalized-PB16.tar	normalized-PB16/DEC-LIN/elffers/EC_ODD_GRIDS/normalized-ECgrid3x40split.opb.xz
be75787e651ba5fe2d25a067a32df42df4a5958b73dd3a6fdeaf9ff622a8a4ad	DEC-LIN/normalized-PB15eval/EC_ODD_GRIDS/normalized-ECgrid3x50split.opb.xz	normalized-PB16.tar	normalized-PB16/DEC-LIN/elffers/EC_ODD_GRIDS/normalized-ECgrid3x50split.opb.xz
e19dcfcd3c68ebb2709f93aa3e9e603787ec6cfb875239b4503d22650f2206d3	DEC-LIN/normalized-PB15eval/EC_ODD_GRIDS/normalized-ECgrid3x60split.opb.xz	normalized-PB16.tar	normalized-PB16/DEC-LIN/elffers/EC_ODD_GRIDS/normalized-ECgrid3x60split.opb.xz
45efc895891f25fc3a638cc13c9b8ad20436736e831ce9dce8a525681ccfdd9a	DEC-LIN/normalized-PB15eval/EC_ODD_GRIDS/normalized-ECgrid3x70split.opb.xz	normalized-PB16.tar	normalized-PB16/DEC-LIN/elffers/EC_ODD_GRIDS/normalized-ECgrid3x70split.opb.xz
1fa3768ee5288bd8fda027f87698da266f62f78a0a18dc2bcc20c3efe9660057	DEC-LIN/normalized-PB15eval/EC_ODD_GRIDS/normalized-ECgrid3x80split.opb.xz	normalized-PB16.tar	normalized-PB16/DEC-LIN/elffers/EC_ODD_GRIDS/normalized-ECgrid3x80split.opb.xz
dbf8a7db57a339aad8a79fec3e14ed4fe0389a4c29e29cbbb392f9bc2cdae098	DEC-LIN/normalized-PB15eval/EC_ODD_GRIDS/normalized-ECgrid3x90split.opb.xz	normalized-PB16.tar	normalized-PB16/DEC-LIN/elffers/EC_ODD_GRIDS/normalized-ECgrid3x90split.opb.xz
5e9495be04b4cbbc9dbf2e34c58e66929c1781845123effa3a1ae34e9c65c1fd	DEC-LIN/normalized-PB15eval/EC_ODD_GRIDS/normalized-ECgrid5x100split.opb.xz	normalized-PB16.tar	normalized-PB16/DEC-LIN/elffers/EC_ODD_GRIDS/normalized-ECgrid5x100split.opb.xz
a1911a87c268423367a58c70162b688d3c163f43c335a79b01c40b0ae49108de	DEC-LIN/normalized-PB15eval/EC_ODD_GRIDS/normalized-ECgrid5x10split.opb.xz	normalized-PB16.tar	normalized-PB16/DEC-LIN/elffers/EC_ODD_GRIDS/normalized-ECgrid5x10split.opb.xz
798de663c33f61c51940fee4289baab0d219116e95928e9089edc169bd278f5c	DEC-LIN/normalized-PB15eval/EC_ODD_GRIDS/normalized-ECgrid5x20split.opb.xz	normalized-PB16.tar	normalized-PB16/DEC-LIN/elffers/EC_ODD_GRIDS/normalized-ECgrid5x20split.opb.xz
6d589d154853cb304f75c450c7931ae234843fdaa9a0a523b43434dae430eb33	DEC-LIN/normalized-PB15eval/EC_ODD_GRIDS/normalized-ECgrid5x30split.opb.xz	normalized-PB16.tar	normalized-PB16/DEC-LIN/elffers/EC_ODD_GRIDS/normalized-ECgrid5x30split.opb.xz
96808559f9a378bdbcdb64cdbb58b6ea81e7c4f553ae4b0cc5902d926cd8a61d	DEC-LIN/normalized-PB15eval/EC_ODD_GRIDS/normalized-ECgrid5x40split.opb.xz	normalized-PB16.tar	normalized-PB16/DEC-LIN/elffers/EC_ODD_GRIDS/normalized-ECgrid5x40split.opb.xz
abdc154fe52d32458b3d76b331436ad15dcb5635c78d6ed4d3368a28a75c6739	DEC-LIN/normalized-PB15eval/EC_ODD_GRIDS/normalized-ECgrid5x50split.opb.xz	normalized-PB16.tar	normalized-PB16/DEC-LIN/elffers/EC_ODD_GRIDS/normalized-ECgrid5x50split.opb.xz
fb668aed1ba209fc37a349cb57c2a42fcd699c010ced9c6323adb66f78802a14	DEC-LIN/normalized-PB15eval/EC_ODD_GRIDS/normalized-ECgrid5x60split.opb.xz	normalized-PB16.tar	normalized-PB16/DEC-LIN/elffers/EC_ODD_GRIDS/normalized-ECgrid5x60split.opb.xz
e3660111405b270abcb42a89c8898af13bbbce234521259a1e826784dfa7d4f0	DEC-LIN/normalized-PB15eval/EC_ODD_GRIDS/normalized-ECgrid5x70split.opb.xz	normalized-PB16.tar	normalized-PB16/DEC-LIN/elffers/EC_ODD_GRIDS/normalized-ECgrid5x70split.opb.xz
8a89b6f41c17ca3c5a6a66bd519508fad9c78381a19ece260dbcb5cf3b65ee47	DEC-LIN/normalized-PB15eval/EC_ODD_GRIDS/normalized-ECgrid5x80split.opb.xz	normalized-PB16.tar	normalized-PB16/DEC-LIN/elffers/EC_ODD_GRIDS/normalized-ECgrid5x80split.opb.xz
e8618b71c64cf61b6a03aa50094d31d164f28b939b229b9a942d360eb0ceee4d	DEC-LIN/normalized-PB15eval/EC_ODD_GRIDS/normalized-ECgrid5x90split.opb.xz	normalized-PB16.tar	normalized-PB16/DEC-LIN/elffers/EC_ODD_GRIDS/normalized-ECgrid5x90split.opb.xz
68fa443535fe52c8b0880dcc49b4870bdb2d2fa98c9c3d7dd8f72c7d5ec7b37c	DEC-LIN/normalized-PB15eval/3COL/normalized-3col-left3reg-l010-r010-n1.opb.xz	normalized-PB16.tar	normalized-PB16/DEC-LIN/elffers/Instances3col_OPB/normalized-3col-left3reg-l010-r010-n1.opb.xz
ac9744c0cdfdc376e59714ad335f3f42aaa724df7fdcfaf2f59bc1c186dc34d6	DEC-LIN/normalized-PB15eval/3COL/normalized-3col-left3reg-l020-r019-n1.opb.xz	normalized-PB16.tar	normalized-PB16/DEC-LIN/elffers/Instances3col_OPB/normalized-3col-left3reg-l020-r019-n1.opb.xz
d47d7931cc3a60c231f62ba04b27880d50dccb6ec1b8fea34d1faebc9be9a6ac	DEC-LIN/normalized-PB15eval/3COL/normalized-3col-left3reg-l030-r029-n1.opb.xz	normalized-PB16.tar	normalized-PB16/DEC-LIN/elffers/Instances3col_OPB/normalized-3col-left3reg-l030-r029-n1.opb.xz
e1496c89b4cc680f15cc9ec3bd4a9ff59208ef49281ec88cd8e911b6d4698aea	DEC-LIN/normalized-PB15eval/3COL/normalized-3col-left3reg-l040-r039-n1.opb.xz	normalized-PB16.tar	normalized-PB16/DEC-LIN/elffers/Instances3col_OPB/normalized-3col-left3reg-l040-r039-n1.opb.xz
e78d31b91fba70aa1c240c1c68a9d61ef95fed623992c25f418e83641ac2acd5	DEC-LIN/normalized-PB15eval/3COL/normalized-3col-left3reg-l050-r049-n1.opb.xz	normalized-PB16.tar	normalized-PB16/DEC-LIN/elffers/Instances3col_OPB/normalized-3col-left3reg-l050-r049-n1.opb.xz
96b2ad381890c43ded16074747661835c980efa691abd4ce721c5385ad0e91cf	DEC-LIN/normalized-PB15eval/3COL/normalized-3col-left3reg-l060-r059-n1.opb.xz	normalized-PB16.tar	normalized-PB16/DEC-LIN/elffers/Instances3col_OPB/normalized-3col-left3reg-l060-r059-n1.opb.xz
d2956bf507e24892ce4c9ebc460aafcd4ef191bee818e966de782a023dbddb0c	DEC-LIN/normalized-PB15eval/3COL/normalized-3col-left3reg-l070-r069-n1.opb.xz	normalized-PB16.tar	normalized-PB16/DEC-LIN/elffers/Instances3col_OPB/normalized-3col-left3reg-l070-r069-n1.opb.xz
7da186defdb4391ac0e1b1decab945baf99aef5b156567706e757843ff35df7a	DEC-LIN/normalized-PB15eval/3COL/normalized-3col-left3reg-l080-r079-n1.opb.xz	normalized-PB16.tar	normalized-PB16/DEC-LIN/elffers/Instances3col_OPB/normalized-3col-left3reg-l080-r079-n1.opb.xz
07d2b79551dcfe687d087f218def3712be6d149cd9e79314d554f334d6e8ea41	DEC-LIN/normalized-PB15eval/3COL/normalized-3col-left3reg-l090-r089-n1.opb.xz	normalized-PB16.tar	normalized-PB16/DEC-LIN/elffers/Instances3col_OPB/normalized-3col-left3reg-l090-r089-n1.opb.xz
be4d63519811a07e751a332df757d964ef64b17aad0ba2a6cda3b7c1ec735c84	DEC-LIN/normalized-PB15eval/3COL/normalized-3col-left3reg-l100-r099-n1.opb.xz	normalized-PB16.tar	normalized-PB16/DEC-LIN/elffers/Instances3col_OPB/normalized-3col-left3reg-l100-r099-n1.opb.xz
75fe5f8c71ebb6441f810d44058d84dd5c84ea1d920c1ec9b124979fb1fef082	DEC-LIN/normalized-PB15eval/SUMINEQ/normalized-sumineqArity3houseP016.opb.xz	normalized-PB16.tar	normalized-PB16/DEC-LIN/elffers/SUMINEQ/normalized-sumineqArity3houseP016.opb.xz
5c281428475598bbf2fb5a4f40877aae441718e78a8d07079ca6f1c6ea62eba5	DEC-LIN/normalized-PB15eval/SUMINEQ/normalized-sumineqArity3houseP032.opb.xz	normalized-PB16.tar	normalized-PB16/DEC-LIN/elffers/SUMINEQ/normalized-sumineqArity3houseP032.opb.xz
067728fa410abc68d72e67e569c7ab28138853f898a2b7ae894fb9be251a6b18	DEC-LIN/normalized-PB15eval/SUMINEQ/normalized-sumineqArity3houseP064.opb.xz	normalized-PB16.tar	normalized-PB16/DEC-LIN/elffers/SUMINEQ/normalized-sumineqArity3houseP064.opb.xz
2b80b72ee36780b135e0d8653fce7ee2ed92701f7a553a7f2fe36f59ef274f21	DEC-LIN/normalized-PB15eval/SUMINEQ/normalized-sumineqArity3houseP128.opb.xz	normalized-PB16.tar	normalized-PB16/DEC-LIN/elffers/SUMINEQ/normalized-sumineqArity3houseP128.opb.xz
835455d1f3ba04e4c303f7fcaa68a5cf42e3215b50b4d0e993c234185e41002a	DEC-LIN/normalized-PB15eval/SUMINEQ/normalized-sumineqArity3pyramidP0016.opb.xz	normalized-PB16.tar	normalized-PB16/DEC-LIN/elffers/SUMINEQ/normalized-sumineqArity3pyramidP0016.opb.xz
9ae0cf1fd607727982634795ef144666d6722dc1138a5a93e2ab331bd687e919	DEC-LIN/normalized-PB15eval/SUMINEQ/normalized-sumineqArity3pyramidP0032.opb.xz	normalized-PB16.tar	normalized-PB16/DEC-LIN/elffers/SUMINEQ/normalized-sumineqArity3pyramidP0032.opb.xz
93458330091ae4388e85df00b5c0ff87fc89cda1cf97b1a299155f78f493dbf0	DEC-LIN/normalized-PB15eval/SUMINEQ/normalized-sumineqArity3pyramidP0064.opb.xz	normalized-PB16.tar	normalized-PB16/DEC-LIN/elffers/SUMINEQ/normalized-sumineqArity3pyramidP0064.opb.xz
feeeeaa331b80914de778b44d011ef288faf0aa3c6efb1b12be2cdbed05a76fb	DEC-LIN/normalized-PB15eval/SUMINEQ/normalized-sumineqArity3pyramidP0125.opb.xz	normalized-PB16.tar	normalized-PB16/DEC-LIN/elffers/SUMINEQ/normalized-sumineqArity3pyramidP0125.opb.xz
ab5a4e57532cfc6c7a7054440bd42e1c1a16847bfe84591fad31325b4d11491f	DEC-LIN/normalized-PB15eval/SUMINEQ/normalized-sumineqArity4houseP016.opb.xz	normalized-PB16.tar	normalized-PB16/DEC-LIN/elffers/SUMINEQ/normalized-sumineqArity4houseP016.opb.xz
505db3a46f6446d62a7c18fd24ac2a9d33186c187f1db6320eeeaeadaaf7e71f	DEC-LIN/normalized-PB15eval/SUMINEQ/normalized-sumineqArity4houseP032.opb.xz	normalized-PB16.tar	normalized-PB16/DEC-LIN/elffers/SUMINEQ/normalized-sumineqArity4houseP032.opb.xz
daeb816046bd0edab95896e78caf32603ec12dfa8416ded4735c2ecc491905ad	DEC-LIN/normalized-PB15eval/SUMINEQ/normalized-sumineqArity4houseP064.opb.xz	normalized-PB16.tar	normalized-PB16/DEC-LIN/elffers/SUMINEQ/normalized-sumineqArity4houseP064.opb.xz
dbac3138090ce9eac4f5aa67413ffa466f7bdc3391cceafed2bb0852f096d4a0	DEC-LIN/normalized-PB15eval/SUMINEQ/normalized-sumineqArity4houseP128.opb.xz	normalized-PB16.tar	normalized-PB16/DEC-LIN/elffers/SUMINEQ/normalized-sumineqArity4houseP128.opb.xz
34869eac38f50978f6e7a68da3b07c90bb2cd39c116e9f63d98cc1be76935a4a	DEC-LIN/normalized-PB15eval/SUMINEQ/normalized-sumineqArity4pyramidP0016.opb.xz	normalized-PB16.tar	normalized-PB16/DEC-LIN/elffers/SUMINEQ/normalized-sumineqArity4pyramidP0016.opb.xz
6651a6d9275f642edc615580dc09085026cc5197fdea1c11336029080043f5da	DEC-LIN/normalized-PB15eval/SUMINEQ/normalized-sumineqArity4pyramidP0032.opb.xz	normalized-PB16.tar	normalized-PB16/DEC-LIN/elffers/SUMINEQ/normalized-sumineqArity4pyramidP0032.opb.xz
5a640109b3cbef9ae07582dccb809f3297988b308b4f8442c5da0ff498075d12	DEC-LIN/normalized-PB15eval/SUMINEQ/normalized-sumineqArity4pyramidP0064.opb.xz	normalized-PB16.tar	normalized-PB16/DEC-LIN/elffers/SUMINEQ/normalized-sumineqArity4pyramidP0064.opb.xz
545a2d16c6c4fb980e615fd5246afcd0282a31ee200f8fa7558aeda88a048220	DEC-LIN/normalized-PB15eval/SUMINEQ/normalized-sumineqArity4pyramidP0125.opb.xz	normalized-PB16.tar	normalized-PB16/DEC-LIN/elffers/SUMINEQ/normalized-sumineqArity4pyramidP0125.opb.xz
983fb4384a9d995bff7c0e9d6109a36cb5eae51265cbe0a6afa744e6ff7b967f	DEC-LIN/normalized-PB15eval/SUMINEQ/normalized-sumineqArity5houseP016.opb.xz	normalized-PB16.tar	normalized-PB16/DEC-LIN/elffers/SUMINEQ/normalized-sumineqArity5houseP016.opb.xz
92dbb876dbe45c290cf25aeed00887166cc7c73687b831921ce28942a875abee	DEC-LIN/normalized-PB15eval/SUMINEQ/normalized-sumineqArity5houseP032.opb.xz	normalized-PB16.tar	normalized-PB16/DEC-LIN/elffers/SUMINEQ/normalized-sumineqArity5houseP032.opb.xz
ddda59ebeec7e4b22107a56c6e08eebe1c3be26db31179832900311ad10b492a	DEC-LIN/normalized-PB15eval/SUMINEQ/normalized-sumineqArity5houseP064.opb.xz	normalized-PB16.tar	normalized-PB16/DEC-LIN/elffers/SUMINEQ/normalized-sumineqArity5houseP064.opb.xz
99cb9216a5134623744f185944742c899e00a28589498acc40fb0de789214776	DEC-LIN/normalized-PB15eval/SUMINEQ/normalized-sumineqArity5houseP128.opb.xz	normalized-PB16.tar	normalized-PB16/DEC-LIN/elffers/SUMINEQ/normalized-sumineqArity5houseP128.opb.xz
19013452a2e44d50273273cd35d164312a7d1f7fbfc837b7e095bc81ab912052	DEC-LIN/normalized-PB15eval/SUMINEQ/normalized-sumineqArity5pyramidP0016.opb.xz	normalized-PB16.tar	normalized-PB16/DEC-LIN/elffers/SUMINEQ/normalized-sumineqArity5pyramidP0016.opb.xz
2aed6f07f1db98f90d53f39d450cdeb9d5da2c82825ebaf626dc30e3043b62c7	DEC-LIN/normalized-PB15eval/SUMINEQ/normalized-sumineqArity5pyramidP0032.opb.xz	normalized-PB16.tar	normalized-PB16/DEC-LIN/elffers/SUMINEQ/normalized-sumineqArity5pyramidP0032.opb.xz
74accdc8288e80758c082780a2214d27a56789d74612ac9b53836090889ed9be	DEC-LIN/normalized-PB15eval/SUMINEQ/normalized-sumineqArity5pyramidP0064.opb.xz	normalized-PB16.tar	normalized-PB16/DEC-LIN/elffers/SUMINEQ/normalized-sumineqArity5pyramidP0064.opb.xz
c67576010a921113eb095730b2b5ba5039ea2512692e03d08641084be8b92ed7	DEC-LIN/normalized-PB15eval/SUMINEQ/normalized-sumineqArity5pyramidP0125.opb.xz	normalized-PB16.tar	normalized-PB16/DEC-LIN/elffers/SUMINEQ/normalized-sumineqArity5pyramidP0125.opb.xz
b349d51961ea79165c9a8d51cd70fbe00e8adc8e4b92293430fd685aa79f56c9	DEC-LIN/normalized-PB24/nordstrom/vliew-nonlinear-d139f28/equalities/array_comm/arraycomm_teq/normalized-32arraycomm_teq_greater.opb.xz	normalized-PB24.tar	normalized-PB24/DEC-LIN/nordstrom/vliew-nonlinear-d139f28/equalities/diag_comm/normalized-32diagcomm_greater_teq.opb.xz
74f2153bda7a5380a32ca988870cdda12ea0fddca91a59d0407c3c7ccbf124df	DEC-LIN/normalized-PB24/nordstrom/vliew-nonlinear-d139f28/equalities/array_comm/arraycomm_teq/normalized-16arraycomm_teq_greater.opb.xz	normalized-PB24.tar	normalized-PB24/DEC-LIN/nordstrom/vliew-nonlinear-d139f28/equalities/diag_comm/normalized-16diagcomm_greater_teq.opb.xz
3d9e0659df3daa05c7b0903330e0a44d1bce34e7173547e232558e030249ca60	DEC-LIN/normalized-PB24/nordstrom/vliew-nonlinear-d139f28/equalities/array_comm/arraycomm_teq/normalized-30arraycomm_teq_greater.opb.xz	normalized-PB24.tar	normalized-PB24/DEC-LIN/nordstrom/vliew-nonlinear-d139f28/equalities/diag_comm/normalized-30diagcomm_greater_teq.opb.xz
c62091e4a9e62096b6b1472d191fdb164cae6860801be06e4dc59b0548e7e113	DEC-LIN/normalized-PB24/nordstrom/vliew-nonlinear-d139f28/equalities/array_comm/arraycomm_teq/normalized-9arraycomm_teq_greater.opb.xz	normalized-PB24.tar	normalized-PB24/DEC-LIN/nordstrom/vliew-nonlinear-d139f28/equalities/diag_comm/normalized-9diagcomm_greater_teq.opb.xz
6a9671cfe2422c629d3e5a9e32c4f72cff0b6b31f0aa291383fa4ffbd40a8aa7	DEC-LIN/normalized-PB24/nordstrom/vliew-nonlinear-d139f28/equalities/array_comm/arraycomm_teq/normalized-24arraycomm_teq_greater.opb.xz	normalized-PB24.tar	normalized-PB24/DEC-LIN/nordstrom/vliew-nonlinear-d139f28/equalities/diag_comm/normalized-24diagcomm_greater_teq.opb.xz
749b499da31bb6a97fc8d9cef6f9c6abdd2da9197bcad2742d6ff04b70bf72a6	DEC-LIN/normalized-PB24/nordstrom/vliew-nonlinear-d139f28/equalities/array_comm/arraycomm_teq/normalized-26arraycomm_teq_greater.opb.xz	normalized-PB24.tar	normalized-PB24/DEC-LIN/nordstrom/vliew-nonlinear-d139f28/equalities/diag_comm/normalized-26diagcomm_greater_teq.opb.xz
25d0219948a759167b15184744d9ab5d17fa89499054bfeba86079b29ab9391e	DEC-LIN/normalized-PB24/nordstrom/vliew-nonlinear-d139f28/equalities/array_comm/arraycomm_teq/normalized-29arraycomm_teq_greater.opb.xz	normalized-PB24.tar	normalized-PB24/DEC-LIN/nordstrom/vliew-nonlinear-d139f28/equalities/diag_comm/normalized-29diagcomm_greater_teq.opb.xz
d6e943698cd4a091305db9995c6b021c075f0a31f8a5232d969b750d58d1c5fa	DEC-LIN/normalized-PB24/nordstrom/vliew-nonlinear-d139f28/equalities/array_comm/arraycomm_teq/normalized-11arraycomm_teq_greater.opb.xz	normalized-PB24.tar	normalized-PB24/DEC-LIN/nordstrom/vliew-nonlinear-d139f28/equalities/diag_comm/normalized-11diagcomm_greater_teq.opb.xz
b3e5328fb50965d78fb478695d38497c1ed7c0a7343af3840d27c4aa3e402f31	DEC-LIN/normalized-PB24/nordstrom/vliew-nonlinear-d139f28/equalities/array_comm/arraycomm_teq/normalized-14arraycomm_teq_greater.opb.xz	normalized-PB24.tar	normalized-PB24/DEC-LIN/nordstrom/vliew-nonlinear-d139f28/equalities/diag_comm/normalized-14diagcomm_greater_teq.opb.xz
21a0b8dd2a0eec7068f52eef340f4c8719a7eb5e839b81d4a88af7fad430c464	DEC-LIN/normalized-PB24/nordstrom/vliew-nonlinear-d139f28/equalities/array_comm/arraycomm_teq/normalized-21arraycomm_teq_greater.opb.xz	normalized-PB24.tar	normalized-PB24/DEC-LIN/nordstrom/vliew-nonlinear-d139f28/equalities/diag_comm/normalized-21diagcomm_greater_teq.opb.xz
b12c05facdd10a8630d4ac3b82947322cc04c925b496f06a54128dd3bf54a2ee	DEC-LIN/normalized-PB24/nordstrom/vliew-nonlinear-d139f28/equalities/array_comm/arraycomm_teq/normalized-15arraycomm_teq_greater.opb.xz	normalized-PB24.tar	normalized-PB24/DEC-LIN/nordstrom/vliew-nonlinear-d139f28/equalities/diag_comm/normalized-15diagcomm_greater_teq.opb.xz
84c9d99ce9229be7e6de5ce97b85682ccddc3012d658264dcbf1fa1e75b80219	DEC-LIN/normalized-PB24/nordstrom/vliew-nonlinear-d139f28/equalities/array_comm/arraycomm_teq/normalized-23arraycomm_teq_greater.opb.xz	normalized-PB24.tar	normalized-PB24/DEC-LIN/nordstrom/vliew-nonlinear-d139f28/equalities/diag_comm/normalized-23diagcomm_greater_teq.opb.xz
3ec919705a4c1029ed97788a1fa01bdedf231ed928a960e2711a673a02157bb8	DEC-LIN/normalized-PB24/nordstrom/vliew-nonlinear-d139f28/equalities/array_comm/arraycomm_teq/normalized-10arraycomm_teq_greater.opb.xz	normalized-PB24.tar	normalized-PB24/DEC-LIN/nordstrom/vliew-nonlinear-d139f28/equalities/diag_comm/normalized-10diagcomm_greater_teq.opb.xz
538bd950b85c9e7f40169d4d31bcb21014bf285b650ad7fb938839c64a761c9f	DEC-LIN/normalized-PB24/nordstrom/vliew-nonlinear-d139f28/equalities/array_comm/arraycomm_teq/normalized-28arraycomm_teq_greater.opb.xz	normalized-PB24.tar	normalized-PB24/DEC-LIN/nordstrom/vliew-nonlinear-d139f28/equalities/diag_comm/normalized-28diagcomm_greater_teq.opb.xz
9befc218f0d5e57a87a4ec9eb74b6ca0f18213f69557c93768745a84492d75c3	DEC-LIN/normalized-PB24/nordstrom/vliew-nonlinear-d139f28/equalities/array_comm/arraycomm_teq/normalized-31arraycomm_teq_greater.opb.xz	normalized-PB24.tar	normalized-PB24/DEC-LIN/nordstrom/vliew-nonlinear-d139f28/equalities/diag_comm/normalized-31diagcomm_greater_teq.opb.xz
3399a3184781e9d6dcc25a4c1ba28f20af734b49d35d97ff760e29952ec0527f	DEC-LIN/normalized-PB24/nordstrom/vliew-nonlinear-d139f28/equalities/array_comm/arraycomm_teq/normalized-27arraycomm_teq_greater.opb.xz	normalized-PB24.tar	normalized-PB24/DEC-LIN/nordstrom/vliew-nonlinear-d139f28/equalities/diag_comm/normalized-27diagcomm_greater_teq.opb.xz
3822d4bfcbe60d6aa5aa05a57573cc595e3fce5598a92a824006da9a6c96e6ea	DEC-LIN/normalized-PB24/nordstrom/vliew-nonlinear-d139f28/equalities/array_comm/arraycomm_teq/normalized-13arraycomm_teq_greater.opb.xz	normalized-PB24.tar	normalized-PB24/DEC-LIN/nordstrom/vliew-nonlinear-d139f28/equalities/diag_comm/normalized-13diagcomm_greater_teq.opb.xz
378c7cb845d32e3809516be00147e308fab96b86c49925715c0c93b8a88ea707	DEC-LIN/normalized-PB24/nordstrom/vliew-nonlinear-d139f28/equalities/array_comm/arraycomm_teq/normalized-17arraycomm_teq_greater.opb.xz	normalized-PB24.tar	normalized-PB24/DEC-LIN/nordstrom/vliew-nonlinear-d139f28/equalities/diag_comm/normalized-17diagcomm_greater_teq.opb.xz
c083e31ab052e6411ff6d6f3c1e8a9e134227043c80b41c7a251f103bf99a956	DEC-LIN/normalized-PB24/nordstrom/vliew-nonlinear-d139f28/equalities/array_comm/arraycomm_teq/normalized-22arraycomm_teq_greater.opb.xz	normalized-PB24.tar	normalized-PB24/DEC-LIN/nordstrom/vliew-nonlinear-d139f28/equalities/diag_comm/normalized-22diagcomm_greater_teq.opb.xz
de130226d15198d7654be1f82d17bc7aab28331bfdc05c788dd8fd49d506e2d4	DEC-LIN/normalized-PB24/nordstrom/vliew-nonlinear-d139f28/equalities/array_comm/arraycomm_teq/normalized-20arraycomm_teq_greater.opb.xz	normalized-PB24.tar	normalized-PB24/DEC-LIN/nordstrom/vliew-nonlinear-d139f28/equalities/diag_comm/normalized-20diagcomm_greater_teq.opb.xz
440b64e12fd72ad181b4e90f3de8868bddd4ca8e11faa9c7737a41dd5913483a	DEC-LIN/normalized-PB24/nordstrom/vliew-nonlinear-d139f28/equalities/array_comm/arraycomm_teq/normalized-18arraycomm_teq_greater.opb.xz	normalized-PB24.tar	normalized-PB24/DEC-LIN/nordstrom/vliew-nonlinear-d139f28/equalities/diag_comm/normalized-18diagcomm_greater_teq.opb.xz
d69d4b7a9fb9d5c40776d92c23a947954ae6edee9a8a75cb9be83e368518fada	DEC-LIN/normalized-PB24/nordstrom/vliew-nonlinear-d139f28/equalities/array_comm/arraycomm_teq/normalized-25arraycomm_teq_greater.opb.xz	normalized-PB24.tar	normalized-PB24/DEC-LIN/nordstrom/vliew-nonlinear-d139f28/equalities/diag_comm/normalized-25diagcomm_greater_teq.opb.xz
dafc4922d601bda4f3f674080c3bdebf4494479c0d7e8bd6d4645a42c8a185fc	DEC-LIN/normalized-PB24/nordstrom/vliew-nonlinear-d139f28/equalities/array_comm/arraycomm_teq/normalized-19arraycomm_teq_greater.opb.xz	normalized-PB24.tar	normalized-PB24/DEC-LIN/nordstrom/vliew-nonlinear-d139f28/equalities/diag_comm/normalized-19diagcomm_greater_teq.opb.xz
de2b89b655a157103269a92cbb5dd9b80761a97d26cf0393f0b3bde6b5c18c44	DEC-LIN/normalized-PB24/nordstrom/vliew-nonlinear-d139f28/equalities/array_comm/arraycomm_teq/normalized-12arraycomm_teq_greater.opb.xz	normalized-PB24.tar	normalized-PB24/DEC-LIN/nordstrom/vliew-nonlinear-d139f28/equalities/diag_comm/normalized-12diagcomm_greater_teq.opb.xz
c9e101ee1f7f87e18976ba50b8e1346bb96773bca922db5619e9238aaccf83e9	DEC-LIN/normalized-PB24/nordstrom/vliew-nonlinear-d139f28/ebits/middle_bit/normalized-24ebits_12.opb.xz	normalized-PB24.tar	normalized-PB24/DEC-LIN/nordstrom/vliew-nonlinear-d139f28/ebits/any_bit/normalized-24ebits_12.opb.xz
2e559901cd3641b845c6018fc80d2ac35ef52058d61ceb0964da879f86431c37	DEC-LIN/normalized-PB24/nordstrom/vliew-nonlinear-d139f28/ebits/middle_bit/normalized-26ebits_13.opb.xz	normalized-PB24.tar	normalized-PB24/DEC-LIN/nordstrom/vliew-nonlinear-d139f28/ebits/any_bit/normalized-26ebits_13.opb.xz
6c4e9fd7e1690153b0dd37482a8afc72ca8b22350bdbae7389e48d34a4cf77b0	DEC-LIN/normalized-PB24/nordstrom/vliew-nonlinear-d139f28/ebits/middle_bit/normalized-17ebits_8.opb.xz	normalized-PB24.tar	normalized-PB24/DEC-LIN/nordstrom/vliew-nonlinear-d139f28/ebits/any_bit/normalized-17ebits_8.opb.xz
6911909d294e6114c7477239f44343d8025d79c6ecd4a858e3de1a15d11747c0	DEC-LIN/normalized-PB24/nordstrom/vliew-nonlinear-d139f28/ebits/middle_bit/normalized-12ebits_6.opb.xz	normalized-PB24.tar	normalized-PB24/DEC-LIN/nordstrom/vliew-nonlinear-d139f28/ebits/any_bit/normalized-12ebits_6.opb.xz
8503049c33cd9a854a2170d7bf1737816afa480ad5a999d13ea9c43cad9080af	DEC-LIN/normalized-PB24/nordstrom/vliew-nonlinear-d139f28/ebits/middle_bit/normalized-20ebits_10.opb.xz	normalized-PB24.tar	normalized-PB24/DEC-LIN/nordstrom/vliew-nonlinear-d139f28/ebits/any_bit/normalized-20ebits_10.opb.xz
a0b202df0647c8541f48855593684b021394fe3356a2e986f98c165c2c30d194	DEC-LIN/normalized-PB24/nordstrom/vliew-nonlinear-d139f28/ebits/middle_bit/normalized-32ebits_16.opb.xz	normalized-PB24.tar	normalized-PB24/DEC-LIN/nordstrom/vliew-nonlinear-d139f28/ebits/any_bit/normalized-32ebits_16.opb.xz
96e0a78647b235d8c259fb51b68f405b0d7039b233cf66c003d506cf6710f552	DEC-LIN/normalized-PB24/nordstrom/vliew-nonlinear-d139f28/ebits/middle_bit/normalized-21ebits_10.opb.xz	normalized-PB24.tar	normalized-PB24/DEC-LIN/nordstrom/vliew-nonlinear-d139f28/ebits/any_bit/normalized-21ebits_10.opb.xz
a310a0c79a91442e7305e27270323e931e3ecf162d3a196c91bbf067ad75e016	DEC-LIN/normalized-PB24/nordstrom/vliew-nonlinear-d139f28/ebits/middle_bit/normalized-27ebits_13.opb.xz	normalized-PB24.tar	normalized-PB24/DEC-LIN/nordstrom/vliew-nonlinear-d139f28/ebits/any_bit/normalized-27ebits_13.opb.xz
1d9031763621bd2fe9a6b13ae386a0e6196ed5f48d0f5178d0b1050a4d3979ac	DEC-LIN/normalized-PB24/nordstrom/vliew-nonlinear-d139f28/ebits/middle_bit/normalized-15ebits_7.opb.xz	normalized-PB24.tar	normalized-PB24/DEC-LIN/nordstrom/vliew-nonlinear-d139f28/ebits/any_bit/normalized-15ebits_7.opb.xz
290498d573a91b462abe16e04880c5611dabfb37ae326578ad58fd1dc1747ba7	DEC-LIN/normalized-PB24/nordstrom/vliew-nonlinear-d139f28/ebits/middle_bit/normalized-25ebits_12.opb.xz	normalized-PB24.tar	normalized-PB24/DEC-LIN/nordstrom/vliew-nonlinear-d139f28/ebits/any_bit/normalized-25ebits_12.opb.xz
b4d869b7ce17228d6115ac26fae884ee5ebe1376e398ceaafbdb6fb556456ed0	DEC-LIN/normalized-PB24/nordstrom/vliew-nonlinear-d139f28/ebits/middle_bit/normalized-14ebits_7.opb.xz	normalized-PB24.tar	normalized-PB24/DEC-LIN/nordstrom/vliew-nonlinear-d139f28/ebits/any_bit/normalized-14ebits_7.opb.xz
8c2d496beb6ce070e0a415f7bf835b56e4fed9a0680df2b563d5af6e26a4abe3	DEC-LIN/normalized-PB24/nordstrom/vliew-nonlinear-d139f28/ebits/middle_bit/normalized-22ebits_11.opb.xz	normalized-PB24.tar	normalized-PB24/DEC-LIN/nordstrom/vliew-nonlinear-d139f28/ebits/any_bit/normalized-22ebits_11.opb.xz
ea465826c6083c4156b8c40a049322d19fe5c0920747c48782bb5a74cfa45c66	DEC-LIN/normalized-PB24/nordstrom/vliew-nonlinear-d139f28/ebits/middle_bit/normalized-31ebits_15.opb.xz	normalized-PB24.tar	normalized-PB24/DEC-LIN/nordstrom/vliew-nonlinear-d139f28/ebits/any_bit/normalized-31ebits_15.opb.xz
7909b8c5f0366aa9d52fc4b7e4d3c467fa5acf673286de0d1231aab9d0aaf143	DEC-LIN/normalized-PB24/nordstrom/vliew-nonlinear-d139f28/ebits/middle_bit/normalized-18ebits_9.opb.xz	normalized-PB24.tar	normalized-PB24/DEC-LIN/nordstrom/vliew-nonlinear-d139f28/ebits/any_bit/normalized-18ebits_9.opb.xz
afb72f48a5545b27d5eec583f0354eaca72885e1fa2e56c02ef32586f9ab9038	DEC-LIN/normalized-PB24/nordstrom/vliew-nonlinear-d139f28/ebits/middle_bit/normalized-23ebits_11.opb.xz	normalized-PB24.tar	normalized-PB24/DEC-LIN/nordstrom/vliew-nonlinear-d139f28/ebits/any_bit/normalized-23ebits_11.opb.xz
21f6686f4d8c285f2be20ba032516673a7b3ff2d793692f70afbdb7eace4456e	DEC-LIN/normalized-PB24/nordstrom/vliew-nonlinear-d139f28/ebits/middle_bit/normalized-29ebits_14.opb.xz	normalized-PB24.tar	normalized-PB24/DEC-LIN/nordstrom/vliew-nonlinear-d139f28/ebits/any_bit/normalized-29ebits_14.opb.xz
fcf6e69f6295a6f7814769a679d5cee7038833282bfcb30aaf958ed8670860f2	DEC-LIN/normalized-PB24/nordstrom/vliew-nonlinear-d139f28/ebits/middle_bit/normalized-19ebits_9.opb.xz	normalized-PB24.tar	normalized-PB24/DEC-LIN/nordstrom/vliew-nonlinear-d139f28/ebits/any_bit/normalized-19ebits_9.opb.xz
85ead673477e87258e095ee9ff966dd8a23884b2f9fe0f8b7f7467e6b32145f4	DEC-LIN/normalized-PB24/nordstrom/vliew-nonlinear-d139f28/ebits/middle_bit/normalized-10ebits_5.opb.xz	normalized-PB24.tar	normalized-PB24/DEC-LIN/nordstrom/vliew-nonlinear-d139f28/ebits/any_bit/normalized-10ebits_5.opb.xz
5a4ce4b35e83d894fdc1c4246243908def7b50fd892e5fbdbf7b8cf00ecc083c	DEC-LIN/normalized-PB24/nordstrom/vliew-nonlinear-d139f28/ebits/middle_bit/normalized-13ebits_6.opb.xz	normalized-PB24.tar	normalized-PB24/DEC-LIN/nordstrom/vliew-nonlinear-d139f28/ebits/any_bit/normalized-13ebits_6.opb.xz
bfa62f9ac00ed74fa639ca525de4fe37c4efc4e3bcf05623d28c716cf3badd6d	DEC-LIN/normalized-PB24/nordstrom/vliew-nonlinear-d139f28/ebits/middle_bit/normalized-11ebits_5.opb.xz	normalized-PB24.tar	normalized-PB24/DEC-LIN/nordstrom/vliew-nonlinear-d139f28/ebits/any_bit/normalized-11ebits_5.opb.xz
9283149b13066fa882c3cd8f23d3b7ddf3e65a845f1fb11edf861cfc9f0bd427	DEC-LIN/normalized-PB24/nordstrom/vliew-nonlinear-d139f28/ebits/middle_bit/normalized-30ebits_15.opb.xz	normalized-PB24.tar	normalized-PB24/DEC-LIN/nordstrom/vliew-nonlinear-d139f28/ebits/any_bit/normalized-30ebits_15.opb.xz
a6346a859d4d61573a27c02ea112a40697298a8e4cd7ad5ac444ee398e1727b1	DEC-LIN/normalized-PB24/nordstrom/vliew-nonlinear-d139f28/ebits/middle_bit/normalized-28ebits_14.opb.xz	normalized-PB24.tar	normalized-PB24/DEC-LIN/nordstrom/vliew-nonlinear-d139f28/ebits/any_bit/normalized-28ebits_14.opb.xz
1c0b5824adade5389a992f7174cd518c30b3f1f84958ef112c0d6b0194650def	DEC-LIN/normalized-PB24/nordstrom/vliew-nonlinear-d139f28/ebits/middle_bit/normalized-9ebits_4.opb.xz	normalized-PB24.tar	normalized-PB24/DEC-LIN/nordstrom/vliew-nonlinear-d139f28/ebits/any_bit/normalized-9ebits_4.opb.xz
07898638476f7bdc746bd7e0d188f9552128b0e3d2b77d7069b4b8387085e70e	DEC-LIN/normalized-PB24/nordstrom/vliew-nonlinear-d139f28/ebits/middle_bit/normalized-16ebits_8.opb.xz	normalized-PB24.tar	normalized-PB24/DEC-LIN/nordstrom/vliew-nonlinear-d139f28/ebits/any_bit/normalized-16ebits_8.opb.xz
68af84b5f624458826e934c924f433a3305137e01ff64a90c4c30170dc3a9fc7	DEC-LIN/normalized-PB11/heinz/normalized-neos808444.opb.xz	normalized-PB24.tar	normalized-PB24/DEC-LIN/nordstrom/MIPLIB01/dec/miplib2010/normalized-neos808444.0.s.opb.xz
abdc154fe52d32458b3d76b331436ad15dcb5635c78d6ed4d3368a28a75c6739	DEC-LIN/normalized-PB15eval/EC_ODD_GRIDS/normalized-ECgrid5x50split.opb.xz	normalized-PB24.tar	normalized-PB24/DEC-LIN/nordstrom/CombinatorialBenchmarksPBsolvers/even-colouring/grids_opb/normalized-ECgrid_split_5_050.opb.xz
e8618b71c64cf61b6a03aa50094d31d164f28b939b229b9a942d360eb0ceee4d	DEC-LIN/normalized-PB15eval/EC_ODD_GRIDS/normalized-ECgrid5x90split.opb.xz	normalized-PB24.tar	normalized-PB24/DEC-LIN/nordstrom/CombinatorialBenchmarksPBsolvers/even-colouring/grids_opb/normalized-ECgrid_split_5_090.opb.xz
e3660111405b270abcb42a89c8898af13bbbce234521259a1e826784dfa7d4f0	DEC-LIN/normalized-PB15eval/EC_ODD_GRIDS/normalized-ECgrid5x70split.opb.xz	normalized-PB24.tar	normalized-PB24/DEC-LIN/nordstrom/CombinatorialBenchmarksPBsolvers/even-colouring/grids_opb/normalized-ECgrid_split_5_070.opb.xz
fb668aed1ba209fc37a349cb57c2a42fcd699c010ced9c6323adb66f78802a14	DEC-LIN/normalized-PB15eval/EC_ODD_GRIDS/normalized-ECgrid5x60split.opb.xz	normalized-PB24.tar	normalized-PB24/DEC-LIN/nordstrom/CombinatorialBenchmarksPBsolvers/even-colouring/grids_opb/normalized-ECgrid_split_5_060.opb.xz
8a89b6f41c17ca3c5a6a66bd519508fad9c78381a19ece260dbcb5cf3b65ee47	DEC-LIN/normalized-PB15eval/EC_ODD_GRIDS/normalized-ECgrid5x80split.opb.xz	normalized-PB24.tar	normalized-PB24/DEC-LIN/nordstrom/CombinatorialBenchmarksPBsolvers/even-colouring/grids_opb/normalized-ECgrid_split_5_080.opb.xz
5e9495be04b4cbbc9dbf2e34c58e66929c1781845123effa3a1ae34e9c65c1fd	DEC-LIN/normalized-PB15eval/EC_ODD_GRIDS/normalized-ECgrid5x100split.opb.xz	normalized-PB24.tar	normalized-PB24/DEC-LIN/nordstrom/CombinatorialBenchmarksPBsolvers/even-colouring/grids_opb/normalized-ECgrid_split_5_100.opb.xz
a1911a87c268423367a58c70162b688d3c163f43c335a79b01c40b0ae49108de	DEC-LIN/normalized-PB15eval/EC_ODD_GRIDS/normalized-ECgrid5x10split.opb.xz	normalized-PB24.tar	normalized-PB24/DEC-LIN/nordstrom/CombinatorialBenchmarksPBsolvers/even-colouring/grids_opb/normalized-ECgrid_split_5_010.opb.xz
96808559f9a378bdbcdb64cdbb58b6ea81e7c4f553ae4b0cc5902d926cd8a61d	DEC-LIN/normalized-PB15eval/EC_ODD_GRIDS/normalized-ECgrid5x40split.opb.xz	normalized-PB24.tar	normalized-PB24/DEC-LIN/nordstrom/CombinatorialBenchmarksPBsolvers/even-colouring/grids_opb/normalized-ECgrid_split_5_040.opb.xz
798de663c33f61c51940fee4289baab0d219116e95928e9089edc169bd278f5c	DEC-LIN/normalized-PB15eval/EC_ODD_GRIDS/normalized-ECgrid5x20split.opb.xz	normalized-PB24.tar	normalized-PB24/DEC-LIN/nordstrom/CombinatorialBenchmarksPBsolvers/even-colouring/grids_opb/normalized-ECgrid_split_5_020.opb.xz
6d589d154853cb304f75c450c7931ae234843fdaa9a0a523b43434dae430eb33	DEC-LIN/normalized-PB15eval/EC_ODD_GRIDS/normalized-ECgrid5x30split.opb.xz	normalized-PB24.tar	normalized-PB24/DEC-LIN/nordstrom/CombinatorialBenchmarksPBsolvers/even-colouring/grids_opb/normalized-ECgrid_split_5_030.opb.xz
5ae2fc6e0e632291b022b587653598a2553b648e223626520a19beb96047a8fb	DEC-LIN/normalized-PB16/elffers/EC_RANDOM_GRAPHS/normalized-ECrand4regsplit-v080-n1.opb.xz	normalized-PB24.tar	normalized-PB24/DEC-LIN/nordstrom/CombinatorialBenchmarksPBsolvers/even-colouring/random_large_opb/normalized-ECrand4regsplit_080.opb.xz
b7ecd6cf29eea7424fe453fb2c8cf5c8e997e3bbca24ed66929cf7af07720034	DEC-LIN/normalized-PB16/elffers/EC_RANDOM_GRAPHS/normalized-ECrand4regsplit-v040-n1.opb.xz	normalized-PB24.tar	normalized-PB24/DEC-LIN/nordstrom/CombinatorialBenchmarksPBsolvers/even-colouring/random_large_opb/normalized-ECrand4regsplit_040.opb.xz
8123c7758ed42ebb728a6d96cebf21a0d04285efb89ce58d9f4a140c376c60ca	DEC-LIN/normalized-PB16/elffers/EC_RANDOM_GRAPHS/normalized-ECrand6reg-v081-n1.opb.xz	normalized-PB24.tar	normalized-PB24/DEC-LIN/nordstrom/CombinatorialBenchmarksPBsolvers/even-colouring/random_large_opb/normalized-ECrand6reg_081.opb.xz
0b9c4efc5f1c64fa3a181c9f23b8b0379a2c929705ea2215a97a787b8ffeb5c9	DEC-LIN/normalized-PB16/elffers/EC_RANDOM_GRAPHS/normalized-ECrand6reg-v071-n1.opb.xz	normalized-PB24.tar	normalized-PB24/DEC-LIN/nordstrom/CombinatorialBenchmarksPBsolvers/even-colouring/random_large_opb/normalized-ECrand6reg_071.opb.xz
4643394f53b533b7dad0ed2ca2bb65cc40bf5845365784756a6124ed8067ea2e	DEC-LIN/normalized-PB16/elffers/EC_RANDOM_GRAPHS/normalized-ECrand6reg-v061-n1.opb.xz	normalized-PB24.tar	normalized-PB24/DEC-LIN/nordstrom/CombinatorialBenchmarksPBsolvers/even-colouring/random_large_opb/normalized-ECrand6reg_061.opb.xz
eabfe39426b4d1514b5367819ff480e320e4ccd3f7ce619a001183b64c4980c4	DEC-LIN/normalized-PB16/elffers/EC_RANDOM_GRAPHS/normalized-ECrand4regsplit-v020-n1.opb.xz	normalized-PB24.tar	normalized-PB24/DEC-LIN/nordstrom/CombinatorialBenchmarksPBsolvers/even-colouring/random_large_opb/normalized-ECrand4regsplit_020.opb.xz
56f481c724c69873023fd51c3ee571bb73c5a97e65e7f4d8be84eadee47f09c3	DEC-LIN/normalized-PB16/elffers/EC_RANDOM_GRAPHS/normalized-ECrand4regsplit-v030-n1.opb.xz	normalized-PB24.tar	normalized-PB24/DEC-LIN/nordstrom/CombinatorialBenchmarksPBsolvers/even-colouring/random_large_opb/normalized-ECrand4regsplit_030.opb.xz
405b89e4f00e006cba5199d3a3a43ff7a6ed0c6e1e7b6aa6389eb7a543f9663d	DEC-LIN/normalized-PB16/elffers/EC_RANDOM_GRAPHS/normalized-ECrand6reg-v041-n1.opb.xz	normalized-PB24.tar	normalized-PB24/DEC-LIN/nordstrom/CombinatorialBenchmarksPBsolvers/even-colouring/random_large_opb/normalized-ECrand6reg_041.opb.xz
19f26fba644d89d2a54ecbf9479ac5dfd37bad77cb9d5fe8d078eee4461c6ae8	DEC-LIN/normalized-PB16/elffers/EC_RANDOM_GRAPHS/normalized-ECrand6reg-v101-n1.opb.xz	normalized-PB24.tar	normalized-PB24/DEC-LIN/nordstrom/CombinatorialBenchmarksPBsolvers/even-colouring/random_large_opb/normalized-ECrand6reg_101.opb.xz
df63751f8071fab0ad9385ca02cdb6692101d3f3ee16f17ac16ffa601ced17c6	DEC-LIN/normalized-PB16/elffers/EC_RANDOM_GRAPHS/normalized-ECrand4regsplit-v100-n1.opb.xz	normalized-PB24.tar	normalized-PB24/DEC-LIN/nordstrom/CombinatorialBenchmarksPBsolvers/even-colouring/random_large_opb/normalized-ECrand4regsplit_100.opb.xz
39135b3eb7866f788ac5802b57864b13d2e76e0e903ec335afc144e644dd8515	DEC-LIN/normalized-PB16/elffers/EC_RANDOM_GRAPHS/normalized-ECrand4regsplit-v060-n1.opb.xz	normalized-PB24.tar	normalized-PB24/DEC-LIN/nordstrom/CombinatorialBenchmarksPBsolvers/even-colouring/random_large_opb/normalized-ECrand4regsplit_060.opb.xz
5ed71a116fd3589dd206c3c5529c53ef494365fe796ca973349f6a47ea004356	DEC-LIN/normalized-PB16/elffers/EC_RANDOM_GRAPHS/normalized-ECrand4regsplit-v050-n1.opb.xz	normalized-PB24.tar	normalized-PB24/DEC-LIN/nordstrom/CombinatorialBenchmarksPBsolvers/even-colouring/random_large_opb/normalized-ECrand4regsplit_050.opb.xz
0eaf9f4ef610c25362bfd448b56ee8c5b44929212bffe1bd77aa23204f5f8033	DEC-LIN/normalized-PB16/elffers/EC_RANDOM_GRAPHS/normalized-ECrand6reg-v111-n1.opb.xz	normalized-PB24.tar	normalized-PB24/DEC-LIN/nordstrom/CombinatorialBenchmarksPBsolvers/even-colouring/random_large_opb/normalized-ECrand6reg_111.opb.xz
f65d5acb70da13cee81f07a24c35d9e0351c9cad139040056b09d69e8b1a303a	DEC-LIN/normalized-PB16/elffers/EC_RANDOM_GRAPHS/normalized-ECrand4regsplit-v070-n1.opb.xz	normalized-PB24.tar	normalized-PB24/DEC-LIN/nordstrom/CombinatorialBenchmarksPBsolvers/even-colouring/random_large_opb/normalized-ECrand4regsplit_070.opb.xz
3ff45dc4c13a80d420adef77a15a5daa5dcd9bf71d8ac57116a96a1737506d81	DEC-LIN/normalized-PB16/elffers/EC_RANDOM_GRAPHS/normalized-ECrand6reg-v021-n1.opb.xz	normalized-PB24.tar	normalized-PB24/DEC-LIN/nordstrom/CombinatorialBenchmarksPBsolvers/even-colouring/random_large_opb/normalized-ECrand6reg_021.opb.xz
7bbfa9274c80f496a583cfa41942bd108eb3e30b54fe29580d2a99ae23179e15	DEC-LIN/normalized-PB16/elffers/EC_RANDOM_GRAPHS/normalized-ECrand4regsplit-v090-n1.opb.xz	normalized-PB24.tar	normalized-PB24/DEC-LIN/nordstrom/CombinatorialBenchmarksPBsolvers/even-colouring/random_large_opb/normalized-ECrand4regsplit_090.opb.xz
83911509a3e4fe16d3b9f4a1a7462f39381880e0eb856a2f2bc112979a835968	DEC-LIN/normalized-PB16/elffers/EC_RANDOM_GRAPHS/normalized-ECrand6reg-v031-n1.opb.xz	normalized-PB24.tar	normalized-PB24/DEC-LIN/nordstrom/CombinatorialBenchmarksPBsolvers/even-colouring/random_large_opb/normalized-ECrand6reg_031.opb.xz
76d9e60bceff5601023ac2897d177ec02e4ec10f1ebd7b25fd56fd728fea95c2	DEC-LIN/normalized-PB16/elffers/EC_RANDOM_GRAPHS/normalized-ECrand4regsplit-v110-n1.opb.xz	normalized-PB24.tar	normalized-PB24/DEC-LIN/nordstrom/CombinatorialBenchmarksPBsolvers/even-colouring/random_large_opb/normalized-ECrand4regsplit_110.opb.xz
c8e0394c068c8b62ca41e8d73b4707de28a6d2f07687a2d9f25db3c5a209dde3	DEC-LIN/normalized-PB16/elffers/EC_RANDOM_GRAPHS/normalized-ECrand6reg-v011-n1.opb.xz	normalized-PB24.tar	normalized-PB24/DEC-LIN/nordstrom/CombinatorialBenchmarksPBsolvers/even-colouring/random_large_opb/normalized-ECrand6reg_011.opb.xz
7158483455efab4fa8438db3fed91a0ae5adb9d2f82601c12842eb3de1876f78	DEC-LIN/normalized-PB16/elffers/EC_RANDOM_GRAPHS/normalized-ECrand6reg-v091-n1.opb.xz	normalized-PB24.tar	normalized-PB24/DEC-LIN/nordstrom/CombinatorialBenchmarksPBsolvers/even-colouring/random_large_opb/normalized-ECrand6reg_091.opb.xz
ffe96406ebc2a09fc2059bb403a5502f8f5720d022f111b16ed3144dd9f9bf16	DEC-LIN/normalized-PB16/elffers/EC_RANDOM_GRAPHS/normalized-ECrand4regsplit-v010-n1.opb.xz	normalized-PB24.tar	normalized-PB24/DEC-LIN/nordstrom/CombinatorialBenchmarksPBsolvers/even-colouring/random_large_opb/normalized-ECrand4regsplit_010.opb.xz
d7e79e2a2e4baaa29ec0a281ceb002bcd7ad5ad1908a8e951e1adf701b0285e0	DEC-LIN/normalized-PB16/elffers/EC_RANDOM_GRAPHS/normalized-ECrand6reg-v051-n1.opb.xz	normalized-PB24.tar	normalized-PB24/DEC-LIN/nordstrom/CombinatorialBenchmarksPBsolvers/even-colouring/random_large_opb/normalized-ECrand6reg_051.opb.xz
5ae2fc6e0e632291b022b587653598a2553b648e223626520a19beb96047a8fb	DEC-LIN/normalized-PB16/elffers/EC_RANDOM_GRAPHS/normalized-ECrand4regsplit-v080-n1.opb.xz	normalized-PB24.tar	normalized-PB24/DEC-LIN/nordstrom/CombinatorialBenchmarksPBsolvers/even-colouring/random_opb/normalized-ECrand4regsplit_080.opb.xz
b7ecd6cf29eea7424fe453fb2c8cf5c8e997e3bbca24ed66929cf7af07720034	DEC-LIN/normalized-PB16/elffers/EC_RANDOM_GRAPHS/normalized-ECrand4regsplit-v040-n1.opb.xz	normalized-PB24.tar	normalized-PB24/DEC-LIN/nordstrom/CombinatorialBenchmarksPBsolvers/even-colouring/random_opb/normalized-ECrand4regsplit_040.opb.xz
8123c7758ed42ebb728a6d96cebf21a0d04285efb89ce58d9f4a140c376c60ca	DEC-LIN/normalized-PB16/elffers/EC_RANDOM_GRAPHS/normalized-ECrand6reg-v081-n1.opb.xz	normalized-PB24.tar	normalized-PB24/DEC-LIN/nordstrom/CombinatorialBenchmarksPBsolvers/even-colouring/random_opb/normalized-ECrand6reg_081.opb.xz
0b9c4efc5f1c64fa3a181c9f23b8b0379a2c929705ea2215a97a787b8ffeb5c9	DEC-LIN/normalized-PB16/elffers/EC_RANDOM_GRAPHS/normalized-ECrand6reg-v071-n1.opb.xz	normalized-PB24.tar	normalized-PB24/DEC-LIN/nordstrom/CombinatorialBenchmarksPBsolvers/even-colouring/random_opb/normalized-ECrand6reg_071.opb.xz
4643394f53b533b7dad0ed2ca2bb65cc40bf5845365784756a6124ed8067ea2e	DEC-LIN/normalized-PB16/elffers/EC_RANDOM_GRAPHS/normalized-ECrand6reg-v061-n1.opb.xz	normalized-PB24.tar	normalized-PB24/DEC-LIN/nordstrom/CombinatorialBenchmarksPBsolvers/even-colouring/random_opb/normalized-ECrand6reg_061.opb.xz
eabfe39426b4d1514b5367819ff480e320e4ccd3f7ce619a001183b64c4980c4	DEC-LIN/normalized-PB16/elffers/EC_RANDOM_GRAPHS/normalized-ECrand4regsplit-v020-n1.opb.xz	normalized-PB24.tar	normalized-PB24/DEC-LIN/nordstrom/CombinatorialBenchmarksPBsolvers/even-colouring/random_opb/normalized-ECrand4regsplit_020.opb.xz
56f481c724c69873023fd51c3ee571bb73c5a97e65e7f4d8be84eadee47f09c3	DEC-LIN/normalized-PB16/elffers/EC_RANDOM_GRAPHS/normalized-ECrand4regsplit-v030-n1.opb.xz	normalized-PB24.tar	normalized-PB24/DEC-LIN/nordstrom/CombinatorialBenchmarksPBsolvers/even-colouring/random_opb/normalized-ECrand4regsplit_030.opb.xz
405b89e4f00e006cba5199d3a3a43ff7a6ed0c6e1e7b6aa6389eb7a543f9663d	DEC-LIN/normalized-PB16/elffers/EC_RANDOM_GRAPHS/normalized-ECrand6reg-v041-n1.opb.xz	normalized-PB24.tar	normalized-PB24/DEC-LIN/nordstrom/CombinatorialBenchmarksPBsolvers/even-colouring/random_opb/normalized-ECrand6reg_041.opb.xz
19f26fba644d89d2a54ecbf9479ac5dfd37bad77cb9d5fe8d078eee4461c6ae8	DEC-LIN/normalized-PB16/elffers/EC_RANDOM_GRAPHS/normalized-ECrand6reg-v101-n1.opb.xz	normalized-PB24.tar	normalized-PB24/DEC-LIN/nordstrom/CombinatorialBenchmarksPBsolvers/even-colouring/random_opb/normalized-ECrand6reg_101.opb.xz
df63751f8071fab0ad9385ca02cdb6692101d3f3ee16f17ac16ffa601ced17c6	DEC-LIN/normalized-PB16/elffers/EC_RANDOM_GRAPHS/normalized-ECrand4regsplit-v100-n1.opb.xz	normalized-PB24.tar	normalized-PB24/DEC-LIN/nordstrom/CombinatorialBenchmarksPBsolvers/even-colouring/random_opb/normalized-ECrand4regsplit_100.opb.xz
39135b3eb7866f788ac5802b57864b13d2e76e0e903ec335afc144e644dd8515	DEC-LIN/normalized-PB16/elffers/EC_RANDOM_GRAPHS/normalized-ECrand4regsplit-v060-n1.opb.xz	normalized-PB24.tar	normalized-PB24/DEC-LIN/nordstrom/CombinatorialBenchmarksPBsolvers/even-colouring/random_opb/normalized-ECrand4regsplit_060.opb.xz
5ed71a116fd3589dd206c3c5529c53ef494365fe796ca973349f6a47ea004356	DEC-LIN/normalized-PB16/elffers/EC_RANDOM_GRAPHS/normalized-ECrand4regsplit-v050-n1.opb.xz	normalized-PB24.tar	normalized-PB24/DEC-LIN/nordstrom/CombinatorialBenchmarksPBsolvers/even-colouring/random_opb/normalized-ECrand4regsplit_050.opb.xz
0eaf9f4ef610c25362bfd448b56ee8c5b44929212bffe1bd77aa23204f5f8033	DEC-LIN/normalized-PB16/elffers/EC_RANDOM_GRAPHS/normalized-ECrand6reg-v111-n1.opb.xz	normalized-PB24.tar	normalized-PB24/DEC-LIN/nordstrom/CombinatorialBenchmarksPBsolvers/even-colouring/random_opb/normalized-ECrand6reg_111.opb.xz
f65d5acb70da13cee81f07a24c35d9e0351c9cad139040056b09d69e8b1a303a	DEC-LIN/normalized-PB16/elffers/EC_RANDOM_GRAPHS/normalized-ECrand4regsplit-v070-n1.opb.xz	normalized-PB24.tar	normalized-PB24/DEC-LIN/nordstrom/CombinatorialBenchmarksPBsolvers/even-colouring/random_opb/normalized-ECrand4regsplit_070.opb.xz
3ff45dc4c13a80d420adef77a15a5daa5dcd9bf71d8ac57116a96a1737506d81	DEC-LIN/normalized-PB16/elffers/EC_RANDOM_GRAPHS/normalized-ECrand6reg-v021-n1.opb.xz	normalized-PB24.tar	normalized-PB24/DEC-LIN/nordstrom/CombinatorialBenchmarksPBsolvers/even-colouring/random_opb/normalized-ECrand6reg_021.opb.xz
7bbfa9274c80f496a583cfa41942bd108eb3e30b54fe29580d2a99ae23179e15	DEC-LIN/normalized-PB16/elffers/EC_RANDOM_GRAPHS/normalized-ECrand4regsplit-v090-n1.opb.xz	normalized-PB24.tar	normalized-PB24/DEC-LIN/nordstrom/CombinatorialBenchmarksPBsolvers/even-colouring/random_opb/normalized-ECrand4regsplit_090.opb.xz
83911509a3e4fe16d3b9f4a1a7462f39381880e0eb856a2f2bc112979a835968	DEC-LIN/normalized-PB16/elffers/EC_RANDOM_GRAPHS/normalized-ECrand6reg-v031-n1.opb.xz	normalized-PB24.tar	normalized-PB24/DEC-LIN/nordstrom/CombinatorialBenchmarksPBsolvers/even-colouring/random_opb/normalized-ECrand6reg_031.opb.xz
76d9e60bceff5601023ac2897d177ec02e4ec10f1ebd7b25fd56fd728fea95c2	DEC-LIN/normalized-PB16/elffers/EC_RANDOM_GRAPHS/normalized-ECrand4regsplit-v110-n1.opb.xz	normalized-PB24.tar	normalized-PB24/DEC-LIN/nordstrom/CombinatorialBenchmarksPBsolvers/even-colouring/random_opb/normalized-ECrand4regsplit_110.opb.xz
c8e0394c068c8b62ca41e8d73b4707de28a6d2f07687a2d9f25db3c5a209dde3	DEC-LIN/normalized-PB16/elffers/EC_RANDOM_GRAPHS/normalized-ECrand6reg-v011-n1.opb.xz	normalized-PB24.tar	normalized-PB24/DEC-LIN/nordstrom/CombinatorialBenchmarksPBsolvers/even-colouring/random_opb/normalized-ECrand6reg_011.opb.xz
7158483455efab4fa8438db3fed91a0ae5adb9d2f82601c12842eb3de1876f78	DEC-LIN/normalized-PB16/elffers/EC_RANDOM_GRAPHS/normalized-ECrand6reg-v091-n1.opb.xz	normalized-PB24.tar	normalized-PB24/DEC-LIN/nordstrom/CombinatorialBenchmarksPBsolvers/even-colouring/random_opb/normalized-ECrand6reg_091.opb.xz
ffe96406ebc2a09fc2059bb403a5502f8f5720d022f111b16ed3144dd9f9bf16	DEC-LIN/normalized-PB16/elffers/EC_RANDOM_GRAPHS/normalized-ECrand4regsplit-v010-n1.opb.xz	normalized-PB24.tar	normalized-PB24/DEC-LIN/nordstrom/CombinatorialBenchmarksPBsolvers/even-colouring/random_opb/normalized-ECrand4regsplit_010.opb.xz
d7e79e2a2e4baaa29ec0a281ceb002bcd7ad5ad1908a8e951e1adf701b0285e0	DEC-LIN/normalized-PB16/elffers/EC_RANDOM_GRAPHS/normalized-ECrand6reg-v051-n1.opb.xz	normalized-PB24.tar	normalized-PB24/DEC-LIN/nordstrom/CombinatorialBenchmarksPBsolvers/even-colouring/random_opb/normalized-ECrand6reg_051.opb.xz
227c030a7684a0c1e7f490fa51339475fea862b8c67e87035bf89f84c6e90fcc	DEC-LIN/normalized-PB24/nordstrom/CombinatorialBenchmarksPBsolvers/even-colouring/grids_large_opb/normalized-ECgrid_split_8_070.opb.xz	normalized-PB24.tar	normalized-PB24/DEC-LIN/nordstrom/CombinatorialBenchmarksPBsolvers/even-colouring/grids_opb_more/normalized-ECgrid_split_8_070.opb.xz
4c3330d5f7dce621e0884d857305cde05e43648b4407816ad4222532f545ddc4	DEC-LIN/normalized-PB24/nordstrom/CombinatorialBenchmarksPBsolvers/even-colouring/grids_large_opb/normalized-ECgrid_split_7_060.opb.xz	normalized-PB24.tar	normalized-PB24/DEC-LIN/nordstrom/CombinatorialBenchmarksPBsolvers/even-colouring/grids_opb_more/normalized-ECgrid_split_7_060.opb.xz
3746bcde39e1c2764e585de889a237f430b8e5465abb9d34080dab5d448c4f5a	DEC-LIN/normalized-PB24/nordstrom/CombinatorialBenchmarksPBsolvers/even-colouring/grids_large_opb/normalized-ECgrid_split_7_090.opb.xz	normalized-PB24.tar	normalized-PB24/DEC-LIN/nordstrom/CombinatorialBenchmarksPBsolvers/even-colouring/grids_opb_more/normalized-ECgrid_split_7_090.opb.xz
09ee7a7016341b7de7b4f425132445d859a7640b415b482bd0d0273c0725b67d	DEC-LIN/normalized-PB24/nordstrom/CombinatorialBenchmarksPBsolvers/even-colouring/grids_large_opb/normalized-ECgrid_split_8_050.opb.xz	normalized-PB24.tar	normalized-PB24/DEC-LIN/nordstrom/CombinatorialBenchmarksPBsolvers/even-colouring/grids_opb_more/normalized-ECgrid_split_8_050.opb.xz
248f01fbea2633ed2ca1fa297ddc5de1830a0342c512d337ceb805f8424db925	DEC-LIN/normalized-PB24/nordstrom/CombinatorialBenchmarksPBsolvers/even-colouring/grids_large_opb/normalized-ECgrid_split_7_070.opb.xz	normalized-PB24.tar	normalized-PB24/DEC-LIN/nordstrom/CombinatorialBenchmarksPBsolvers/even-colouring/grids_opb_more/normalized-ECgrid_split_7_070.opb.xz
3e65d65585188022f86d124abee5b859f2e0245ee1f22f1d31c25ed078d448f5	DEC-LIN/normalized-PB24/nordstrom/CombinatorialBenchmarksPBsolvers/even-colouring/grids_large_opb/normalized-ECgrid_split_7_040.opb.xz	normalized-PB24.tar	normalized-PB24/DEC-LIN/nordstrom/CombinatorialBenchmarksPBsolvers/even-colouring/grids_opb_more/normalized-ECgrid_split_7_040.opb.xz
b17c76d9817b77bd80b066eae0b53dbe8ac23f898b83bb1fc2655ab4686898b8	DEC-LIN/normalized-PB24/nordstrom/CombinatorialBenchmarksPBsolvers/even-colouring/grids_large_opb/normalized-ECgrid_split_8_080.opb.xz	normalized-PB24.tar	normalized-PB24/DEC-LIN/nordstrom/CombinatorialBenchmarksPBsolvers/even-colouring/grids_opb_more/normalized-ECgrid_split_8_080.opb.xz
2e43c5fba5b5dce27699495fa562dad04264cbe2b41b1b799ff9bd3843c0fee3	DEC-LIN/normalized-PB24/nordstrom/CombinatorialBenchmarksPBsolvers/even-colouring/grids_large_opb/normalized-ECgrid_split_7_080.opb.xz	normalized-PB24.tar	normalized-PB24/DEC-LIN/nordstrom/CombinatorialBenchmarksPBsolvers/even-colouring/grids_opb_more/normalized-ECgrid_split_7_080.opb.xz
983e676de12a0b635406da3ac029d2ae387200c699dae9a08ebaf128c41d3298	DEC-LIN/normalized-PB24/nordstrom/CombinatorialBenchmarksPBsolvers/even-colouring/grids_large_opb/normalized-ECgrid_split_8_020.opb.xz	normalized-PB24.tar	normalized-PB24/DEC-LIN/nordstrom/CombinatorialBenchmarksPBsolvers/even-colouring/grids_opb_more/normalized-ECgrid_split_8_020.opb.xz
9468ea75b3db43fce76c6582ef200c74488705130d519e81832c908cafbeaeca	DEC-LIN/normalized-PB24/nordstrom/CombinatorialBenchmarksPBsolvers/even-colouring/grids_large_opb/normalized-ECgrid_split_7_100.opb.xz	normalized-PB24.tar	normalized-PB24/DEC-LIN/nordstrom/CombinatorialBenchmarksPBsolvers/even-colouring/grids_opb_more/normalized-ECgrid_split_7_100.opb.xz
45fdc0c160c2ecdcdd26c1df2bbbf5a013968a03a3b9be12a4e7424152aa2cf0	DEC-LIN/normalized-PB24/nordstrom/CombinatorialBenchmarksPBsolvers/even-colouring/grids_large_opb/normalized-ECgrid_split_8_100.opb.xz	normalized-PB24.tar	normalized-PB24/DEC-LIN/nordstrom/CombinatorialBenchmarksPBsolvers/even-colouring/grids_opb_more/normalized-ECgrid_split_8_100.opb.xz
37467369bb5c8a0261332eaa1c7dc824d0a50a8046218f22cc08e2484f39843f	DEC-LIN/normalized-PB24/nordstrom/CombinatorialBenchmarksPBsolvers/even-colouring/grids_large_opb/normalized-ECgrid_split_8_040.opb.xz	normalized-PB24.tar	normalized-PB24/DEC-LIN/nordstrom/CombinatorialBenchmarksPBsolvers/even-colouring/grids_opb_more/normalized-ECgrid_split_8_040.opb.xz
603cbca4293f27f2a9266a2ba87e8e2cd7ca98cb732def26c9aeb26a3a084401	DEC-LIN/normalized-PB24/nordstrom/CombinatorialBenchmarksPBsolvers/even-colouring/grids_large_opb/normalized-ECgrid_split_7_030.opb.xz	normalized-PB24.tar	normalized-PB24/DEC-LIN/nordstrom/CombinatorialBenchmarksPBsolvers/even-colouring/grids_opb_more/normalized-ECgrid_split_7_030.opb.xz
ae60fc23beaa50d4a0950121c3ff047d82f02c3ae78ecba7c1a32bc613fe84d5	DEC-LIN/normalized-PB24/nordstrom/CombinatorialBenchmarksPBsolvers/even-colouring/grids_large_opb/normalized-ECgrid_split_7_020.opb.xz	normalized-PB24.tar	normalized-PB24/DEC-LIN/nordstrom/CombinatorialBenchmarksPBsolvers/even-colouring/grids_opb_more/normalized-ECgrid_split_7_020.opb.xz
567348f3c366b215ac83c98585de24e5d386a7995029436976a9c4a230f74f85	DEC-LIN/normalized-PB24/nordstrom/CombinatorialBenchmarksPBsolvers/even-colouring/grids_large_opb/normalized-ECgrid_split_8_010.opb.xz	normalized-PB24.tar	normalized-PB24/DEC-LIN/nordstrom/CombinatorialBenchmarksPBsolvers/even-colouring/grids_opb_more/normalized-ECgrid_split_8_010.opb.xz
a7683366cb5af2733d32acccb569217676591715548cd56f0d1efa48c0fb5451	DEC-LIN/normalized-PB24/nordstrom/CombinatorialBenchmarksPBsolvers/even-colouring/grids_large_opb/normalized-ECgrid_split_8_060.opb.xz	normalized-PB24.tar	normalized-PB24/DEC-LIN/nordstrom/CombinatorialBenchmarksPBsolvers/even-colouring/grids_opb_more/normalized-ECgrid_split_8_060.opb.xz
a61b636ace3931ec6439c83aa5dd24ca6a19dd9ac7fbcc36c8dbf323065e8217	DEC-LIN/normalized-PB24/nordstrom/CombinatorialBenchmarksPBsolvers/even-colouring/grids_large_opb/normalized-ECgrid_split_8_090.opb.xz	normalized-PB24.tar	normalized-PB24/DEC-LIN/nordstrom/CombinatorialBenchmarksPBsolvers/even-colouring/grids_opb_more/normalized-ECgrid_split_8_090.opb.xz
72fbd926869665eb16ec7cfb9683ca63d9395dab5216b0262003cdbd993c0f71	DEC-LIN/normalized-PB24/nordstrom/CombinatorialBenchmarksPBsolvers/even-colouring/grids_large_opb/normalized-ECgrid_split_8_030.opb.xz	normalized-PB24.tar	normalized-PB24/DEC-LIN/nordstrom/CombinatorialBenchmarksPBsolvers/even-colouring/grids_opb_more/normalized-ECgrid_split_8_030.opb.xz
a1092d6a4c88e99b53ff8f59fd5c6b8f1107bd956b58de4be7ec785d76020732	DEC-LIN/normalized-PB24/nordstrom/CombinatorialBenchmarksPBsolvers/even-colouring/grids_large_opb/normalized-ECgrid_split_7_050.opb.xz	normalized-PB24.tar	normalized-PB24/DEC-LIN/nordstrom/CombinatorialBenchmarksPBsolvers/even-colouring/grids_opb_more/normalized-ECgrid_split_7_050.opb.xz
ef743cb71819f2d20929698f3c0bc2b321673c27b44a9b1a6983f50d30b88dca	DEC-LIN/normalized-PB24/nordstrom/CombinatorialBenchmarksPBsolvers/even-colouring/grids_large_opb/normalized-ECgrid_split_7_010.opb.xz	normalized-PB24.tar	normalized-PB24/DEC-LIN/nordstrom/CombinatorialBenchmarksPBsolvers/even-colouring/grids_opb_more/normalized-ECgrid_split_7_010.opb.xz
c67576010a921113eb095730b2b5ba5039ea2512692e03d08641084be8b92ed7	DEC-LIN/normalized-PB15eval/SUMINEQ/normalized-sumineqArity5pyramidP0125.opb.xz	normalized-PB24.tar	normalized-PB24/DEC-LIN/nordstrom/CombinatorialBenchmarksPBsolvers/sumineq/sumineq_pyr_5/normalized-sumineqArity5pyramidP125.opb.xz
545a2d16c6c4fb980e615fd5246afcd0282a31ee200f8fa7558aeda88a048220	DEC-LIN/normalized-PB15eval/SUMINEQ/normalized-sumineqArity4pyramidP0125.opb.xz	normalized-PB24.tar	normalized-PB24/DEC-LIN/nordstrom/CombinatorialBenchmarksPBsolvers/sumineq/sumineq_pyr_4/normalized-sumineqArity4pyramidP125.opb.xz
ed346294d9a29c5412d1871d766aef6d2ec170ec8609a1df5552f5f2d073369a	DEC-LIN/normalized-PB16/elffers/vertexcover-instances/normalized-vertexcover-grid4x9-hard.opb.xz	normalized-PB24.tar	normalized-PB24/DEC-LIN/nordstrom/CombinatorialBenchmarksPBsolvers/vertex-cover/vc-large-v2/normalized-grid4_09.opb.xz
adc5369805f59dc365791b0ecf9b8bc0afdfcead30d6cce6271867b1f6e7c8c3	DEC-LIN/normalized-PB16/elffers/vertexcover-instances/normalized-vertexcover-grid4x13-hard.opb.xz	normalized-PB24.tar	normalized-PB24/DEC-LIN/nordstrom/CombinatorialBenchmarksPBsolvers/vertex-cover/vc-large-v2/normalized-grid4_13.opb.xz
6bdfcbf1e5c33bb3159001e3b5528886ebf90829597bee7c962d574d3646d7f3	DEC-LIN/normalized-PB16/elffers/vertexcover-instances/normalized-vertexcover-grid10x13-hard.opb.xz	normalized-PB24.tar	normalized-PB24/DEC-LIN/nordstrom/CombinatorialBenchmarksPBsolvers/vertex-cover/vc-large-v2/normalized-grid10_13.opb.xz
0c6db8da62976aa5001fd2759669e6cd20f5b305df54ee07a5954d0677f95228	DEC-LIN/normalized-PB16/elffers/vertexcover-instances/normalized-vertexcover-grid6x19-hard.opb.xz	normalized-PB24.tar	normalized-PB24/DEC-LIN/nordstrom/CombinatorialBenchmarksPBsolvers/vertex-cover/vc-large-v2/normalized-grid6_19.opb.xz
6904cc391ad019bd8a75a12d60f8ad0f931a352346fcf3c730697a8000e37799	DEC-LIN/normalized-PB16/elffers/vertexcover-instances/normalized-vertexcover-grid4x23-hard.opb.xz	normalized-PB24.tar	normalized-PB24/DEC-LIN/nordstrom/CombinatorialBenchmarksPBsolvers/vertex-cover/vc-large-v2/normalized-grid4_23.opb.xz
59d9b9b9db3f9345488853c5ade52827226c5a3801291e1cb535b0d24669a53e	DEC-LIN/normalized-PB16/elffers/vertexcover-instances/normalized-vertexcover-grid6x25-hard.opb.xz	normalized-PB24.tar	normalized-PB24/DEC-LIN/nordstrom/CombinatorialBenchmarksPBsolvers/vertex-cover/vc-large-v2/normalized-grid6_25.opb.xz
91924f0502f3f0884b1ac21c22d30af6a156fe94d8a97e25a2e013a06852836f	DEC-LIN/normalized-PB16/elffers/vertexcover-instances/normalized-vertexcover-grid6x17-hard.opb.xz	normalized-PB24.tar	normalized-PB24/DEC-LIN/nordstrom/CombinatorialBenchmarksPBsolvers/vertex-cover/vc-large-v2/normalized-grid6_17.opb.xz
24fd3509d31339d4de2669daf43523bf508d272fd82a3c7feda241466fc616d2	DEC-LIN/normalized-PB16/elffers/vertexcover-instances/normalized-vertexcover-grid6x15-hard.opb.xz	normalized-PB24.tar	normalized-PB24/DEC-LIN/nordstrom/CombinatorialBenchmarksPBsolvers/vertex-cover/vc-large-v2/normalized-grid6_15.opb.xz
05d3dd4943988d7f9bfdfae6f8afb8ac86f021df4c4b695107b723b57a93f215	DEC-LIN/normalized-PB16/elffers/vertexcover-instances/normalized-vertexcover-grid8x19-hard.opb.xz	normalized-PB24.tar	normalized-PB24/DEC-LIN/nordstrom/CombinatorialBenchmarksPBsolvers/vertex-cover/vc-large-v2/normalized-grid8_19.opb.xz
308168578ea4608e05d63c9ec07a1fe6b45e7a3490a2277e55e9275085589ff0	DEC-LIN/normalized-PB16/elffers/vertexcover-instances/normalized-vertexcover-grid10x27-hard.opb.xz	normalized-PB24.tar	normalized-PB24/DEC-LIN/nordstrom/CombinatorialBenchmarksPBsolvers/vertex-cover/vc-large-v2/normalized-grid10_27.opb.xz
6b0cee41e6f425746523bb91793fd0c0e0ad4729dbf62519412d0c994123b4b1	DEC-LIN/normalized-PB16/elffers/vertexcover-instances/normalized-vertexcover-grid10x25-hard.opb.xz	normalized-PB24.tar	normalized-PB24/DEC-LIN/nordstrom/CombinatorialBenchmarksPBsolvers/vertex-cover/vc-large-v2/normalized-grid10_25.opb.xz
cef6f70b70605aa73c837e1421aee0dc4abe8e1634d8f1f12e3ed2318d4804d2	DEC-LIN/normalized-PB16/elffers/vertexcover-instances/normalized-vertexcover-grid4x17-hard.opb.xz	normalized-PB24.tar	normalized-PB24/DEC-LIN/nordstrom/CombinatorialBenchmarksPBsolvers/vertex-cover/vc-large-v2/normalized-grid4_17.opb.xz
cb763064ebac1493beaa306d81b5643dd0805b826cebeeb8b640e0dbd8c79645	DEC-LIN/normalized-PB16/elffers/vertexcover-instances/normalized-vertexcover-grid6x29-hard.opb.xz	normalized-PB24.tar	normalized-PB24/DEC-LIN/nordstrom/CombinatorialBenchmarksPBsolvers/vertex-cover/vc-large-v2/normalized-grid6_29.opb.xz
775eaadd46e0c00e9a8f571693281ce56e8e5f7a3dd7decd8ccd85dea81d5b70	DEC-LIN/normalized-PB16/elffers/vertexcover-instances/normalized-vertexcover-grid4x7-hard.opb.xz	normalized-PB24.tar	normalized-PB24/DEC-LIN/nordstrom/CombinatorialBenchmarksPBsolvers/vertex-cover/vc-large-v2/normalized-grid4_07.opb.xz
453ec921a1d31f2df0729520f8c577aaf89f91941be3258aaf09c2ae9f76801b	DEC-LIN/normalized-PB16/elffers/vertexcover-instances/normalized-vertexcover-grid10x29-hard.opb.xz	normalized-PB24.tar	normalized-PB24/DEC-LIN/nordstrom/CombinatorialBenchmarksPBsolvers/vertex-cover/vc-large-v2/normalized-grid10_29.opb.xz
7d204465a803fb7d0f6bbf6b61b027c9a4f186d77aee3f654899786305ead01d	DEC-LIN/normalized-PB16/elffers/vertexcover-instances/normalized-vertexcover-grid4x27-hard.opb.xz	normalized-PB24.tar	normalized-PB24/DEC-LIN/nordstrom/CombinatorialBenchmarksPBsolvers/vertex-cover/vc-large-v2/normalized-grid4_27.opb.xz
559b5f77af39fa0d16945df9a64cd1b647e1dbca0e515e41c849cdb0129f2b8d	DEC-LIN/normalized-PB16/elffers/vertexcover-instances/normalized-vertexcover-grid4x19-hard.opb.xz	normalized-PB24.tar	normalized-PB24/DEC-LIN/nordstrom/CombinatorialBenchmarksPBsolvers/vertex-cover/vc-large-v2/normalized-grid4_19.opb.xz
5f861f81a088b5f74d189cf2cc78f1e519d0d0be742eb7ce3e160cd95d0358a9	DEC-LIN/normalized-PB16/elffers/vertexcover-instances/normalized-vertexcover-grid10x23-hard.opb.xz	normalized-PB24.tar	normalized-PB24/DEC-LIN/nordstrom/CombinatorialBenchmarksPBsolvers/vertex-cover/vc-large-v2/normalized-grid10_23.opb.xz
8a7e2053b3e1b393a6c2aa6b3a2e7c5fc63f56a4067903258998d862d5ffd665	DEC-LIN/normalized-PB16/elffers/vertexcover-instances/normalized-vertexcover-grid8x21-hard.opb.xz	normalized-PB24.tar	normalized-PB24/DEC-LIN/nordstrom/CombinatorialBenchmarksPBsolvers/vertex-cover/vc-large-v2/normalized-grid8_21.opb.xz
c1a8a72dcb86bb81a8f086cf03e2299a1b448bf0b7727bd30941b87a40d5dbd2	DEC-LIN/normalized-PB16/elffers/vertexcover-instances/normalized-vertexcover-grid4x15-hard.opb.xz	normalized-PB24.tar	normalized-PB24/DEC-LIN/nordstrom/CombinatorialBenchmarksPBsolvers/vertex-cover/vc-large-v2/normalized-grid4_15.opb.xz
af94dbbd6428536791bdb22b79e5589b093fd316e7ca057681d0077a1ac0400f	DEC-LIN/normalized-PB16/elffers/vertexcover-instances/normalized-vertexcover-grid4x21-hard.opb.xz	normalized-PB24.tar	normalized-PB24/DEC-LIN/nordstrom/CombinatorialBenchmarksPBsolvers/vertex-cover/vc-large-v2/normalized-grid4_21.opb.xz
155adff03abeea825989bc36bbf50ff827d83a8cb5257a2af204c8225aefacde	DEC-LIN/normalized-PB16/elffers/vertexcover-instances/normalized-vertexcover-grid6x7-hard.opb.xz	normalized-PB24.tar	normalized-PB24/DEC-LIN/nordstrom/CombinatorialBenchmarksPBsolvers/vertex-cover/vc-large-v2/normalized-grid6_07.opb.xz
94969498e046a1f085dcd4d75ad892f9e86637454b9474c607c6311f3b0be268	DEC-LIN/normalized-PB16/elffers/vertexcover-instances/normalized-vertexcover-grid8x11-hard.opb.xz	normalized-PB24.tar	normalized-PB24/DEC-LIN/nordstrom/CombinatorialBenchmarksPBsolvers/vertex-cover/vc-large-v2/normalized-grid8_11.opb.xz
f751d0668e5d73a4f82003d60b23e013360707ccd223e07e453b169b2c1d0d01	DEC-LIN/normalized-PB16/elffers/vertexcover-instances/normalized-vertexcover-grid6x27-hard.opb.xz	normalized-PB24.tar	normalized-PB24/DEC-LIN/nordstrom/CombinatorialBenchmarksPBsolvers/vertex-cover/vc-large-v2/normalized-grid6_27.opb.xz
6d636a8fb2d2fa9583443dc36c8a87348580cff629cef254062fd02a002f6701	DEC-LIN/normalized-PB16/elffers/vertexcover-instances/normalized-vertexcover-grid6x9-hard.opb.xz	normalized-PB24.tar	normalized-PB24/DEC-LIN/nordstrom/CombinatorialBenchmarksPBsolvers/vertex-cover/vc-large-v2/normalized-grid6_09.opb.xz
addc9161e337eb265acb2f36b17655b11b68050d3ff8fab5fbd96d17f0f64e96	DEC-LIN/normalized-PB16/elffers/vertexcover-instances/normalized-vertexcover-grid8x25-hard.opb.xz	normalized-PB24.tar	normalized-PB24/DEC-LIN/nordstrom/CombinatorialBenchmarksPBsolvers/vertex-cover/vc-large-v2/normalized-grid8_25.opb.xz
8809aa5d70c980bf625d1448c8890a0db04625aba46d43b08c52245a48831e9d	DEC-LIN/normalized-PB16/elffers/vertexcover-instances/normalized-vertexcover-grid8x15-hard.opb.xz	normalized-PB24.tar	normalized-PB24/DEC-LIN/nordstrom/CombinatorialBenchmarksPBsolvers/vertex-cover/vc-large-v2/normalized-grid8_15.opb.xz
b35a6f87f5fbb2d4a618019ab706b904b56c33c309652a11fc88c15b51c827d5	DEC-LIN/normalized-PB16/elffers/vertexcover-instances/normalized-vertexcover-grid6x21-hard.opb.xz	normalized-PB24.tar	normalized-PB24/DEC-LIN/nordstrom/CombinatorialBenchmarksPBsolvers/vertex-cover/vc-large-v2/normalized-grid6_21.opb.xz
2392e35bb55ddb27e2c8c938b57bbab2d4b681dbcede40f0ff05bc4368cb1b66	DEC-LIN/normalized-PB16/elffers/vertexcover-instances/normalized-vertexcover-grid6x13-hard.opb.xz	normalized-PB24.tar	normalized-PB24/DEC-LIN/nordstrom/CombinatorialBenchmarksPBsolvers/vertex-cover/vc-large-v2/normalized-grid6_13.opb.xz
5fb8fede596b5be57c2a35d8551262d476c24c0d75e771a18b715f5360c231fb	DEC-LIN/normalized-PB16/elffers/vertexcover-instances/normalized-vertexcover-grid8x29-hard.opb.xz	normalized-PB24.tar	normalized-PB24/DEC-LIN/nordstrom/CombinatorialBenchmarksPBsolvers/vertex-cover/vc-large-v2/normalized-grid8_29.opb.xz
99d83caab6b0dbf7526aa618ab0d8dd89fe13f8e87b2dd833c41e9477d63a5c2	DEC-LIN/normalized-PB16/elffers/vertexcover-instances/normalized-vertexcover-grid8x9-hard.opb.xz	normalized-PB24.tar	normalized-PB24/DEC-LIN/nordstrom/CombinatorialBenchmarksPBsolvers/vertex-cover/vc-large-v2/normalized-grid8_09.opb.xz
79ee60132c69bf29f11b92f3d29ae13a33a02dc73a18372ed645d22dd65f652b	DEC-LIN/normalized-PB16/elffers/vertexcover-instances/normalized-vertexcover-grid8x13-hard.opb.xz	normalized-PB24.tar	normalized-PB24/DEC-LIN/nordstrom/CombinatorialBenchmarksPBsolvers/vertex-cover/vc-large-v2/normalized-grid8_13.opb.xz
c0cc0f7c04b3b870658cbceace8ee1971243d3492e1d1f8848f3d5909c090dbb	DEC-LIN/normalized-PB16/elffers/vertexcover-instances/normalized-vertexcover-grid8x23-hard.opb.xz	normalized-PB24.tar	normalized-PB24/DEC-LIN/nordstrom/CombinatorialBenchmarksPBsolvers/vertex-cover/vc-large-v2/normalized-grid8_23.opb.xz
ca60dc18369e2ee1187fc9f95413d508b4bb21a284c2f4884f80b7959d27758a	DEC-LIN/normalized-PB16/elffers/vertexcover-instances/normalized-vertexcover-grid4x25-hard.opb.xz	normalized-PB24.tar	normalized-PB24/DEC-LIN/nordstrom/CombinatorialBenchmarksPBsolvers/vertex-cover/vc-large-v2/normalized-grid4_25.opb.xz
67d4ab931204540c4acdc54120a4005262cb466e6861aba31cfdd49982b2bd17	DEC-LIN/normalized-PB16/elffers/vertexcover-instances/normalized-vertexcover-grid8x17-hard.opb.xz	normalized-PB24.tar	normalized-PB24/DEC-LIN/nordstrom/CombinatorialBenchmarksPBsolvers/vertex-cover/vc-large-v2/normalized-grid8_17.opb.xz
e7ac9a9a6bcd463478aeb356148040d11f55487d72f76590749f4d3e7bcd2b68	DEC-LIN/normalized-PB16/elffers/vertexcover-instances/normalized-vertexcover-grid6x11-hard.opb.xz	normalized-PB24.tar	normalized-PB24/DEC-LIN/nordstrom/CombinatorialBenchmarksPBsolvers/vertex-cover/vc-large-v2/normalized-grid6_11.opb.xz
b1698b16f49f445e50647b9b701d450a6c1ed35f3969542712c9a4c1a8f7e456	DEC-LIN/normalized-PB16/elffers/vertexcover-instances/normalized-vertexcover-grid10x21-hard.opb.xz	normalized-PB24.tar	normalized-PB24/DEC-LIN/nordstrom/CombinatorialBenchmarksPBsolvers/vertex-cover/vc-large-v2/normalized-grid10_21.opb.xz
2dbc3678841f73d293b6ac5113c1d60c3f88514e8ee17a21bc70ad3d5c15b3aa	DEC-LIN/normalized-PB16/elffers/vertexcover-instances/normalized-vertexcover-grid10x11-hard.opb.xz	normalized-PB24.tar	normalized-PB24/DEC-LIN/nordstrom/CombinatorialBenchmarksPBsolvers/vertex-cover/vc-large-v2/normalized-grid10_11.opb.xz
24bff83c144881d03b0291755b4f350d8a3aeb160a5d8876d78fda27b489e951	DEC-LIN/normalized-PB16/elffers/vertexcover-instances/normalized-vertexcover-grid4x5-hard.opb.xz	normalized-PB24.tar	normalized-PB24/DEC-LIN/nordstrom/CombinatorialBenchmarksPBsolvers/vertex-cover/vc-large-v2/normalized-grid4_05.opb.xz
e4b6e90403d06be1f7ac1e13e6b44c9049bf1f71a8a192b1a77f3f9c0d99a1f8	DEC-LIN/normalized-PB16/elffers/vertexcover-instances/normalized-vertexcover-grid10x17-hard.opb.xz	normalized-PB24.tar	normalized-PB24/DEC-LIN/nordstrom/CombinatorialBenchmarksPBsolvers/vertex-cover/vc-large-v2/normalized-grid10_17.opb.xz
50148c684dfead8dbb8b7d9dcade4345bf4a779c3594dec8f34eb69551969148	DEC-LIN/normalized-PB16/elffers/vertexcover-instances/normalized-vertexcover-grid6x23-hard.opb.xz	normalized-PB24.tar	normalized-PB24/DEC-LIN/nordstrom/CombinatorialBenchmarksPBsolvers/vertex-cover/vc-large-v2/normalized-grid6_23.opb.xz
1295b197e357a0787fd044b914ff4185d64e2dcb3ffaeaad86b6078cd303bf4d	DEC-LIN/normalized-PB16/elffers/vertexcover-instances/normalized-vertexcover-grid4x11-hard.opb.xz	normalized-PB24.tar	normalized-PB24/DEC-LIN/nordstrom/CombinatorialBenchmarksPBsolvers/vertex-cover/vc-large-v2/normalized-grid4_11.opb.xz
187e664dacef8175348fb787db3773b229ebc20b8ae01bf339fe9996c178ec2c	DEC-LIN/normalized-PB16/elffers/vertexcover-instances/normalized-vertexcover-grid10x15-hard.opb.xz	normalized-PB24.tar	normalized-PB24/DEC-LIN/nordstrom/CombinatorialBenchmarksPBsolvers/vertex-cover/vc-large-v2/normalized-grid10_15.opb.xz
a11231bb1fc49afa928380976855f2dc5e06a4ef40644c31506f9854414c6ecd	DEC-LIN/normalized-PB16/elffers/vertexcover-instances/normalized-vertexcover-grid10x19-hard.opb.xz	normalized-PB24.tar	normalized-PB24/DEC-LIN/nordstrom/CombinatorialBenchmarksPBsolvers/vertex-cover/vc-large-v2/normalized-grid10_19.opb.xz
df539c37995ab0bd37331b8bb3cd12cef03da0d711487247e6cffe12c466b0d9	DEC-LIN/normalized-PB16/elffers/vertexcover-instances/normalized-vertexcover-grid4x29-hard.opb.xz	normalized-PB24.tar	normalized-PB24/DEC-LIN/nordstrom/CombinatorialBenchmarksPBsolvers/vertex-cover/vc-large-v2/normalized-grid4_29.opb.xz
2d4f43c31c66ecfbfc12d43549e9a15e69d069605f0c8b6e53c096b83692a553	DEC-LIN/normalized-PB16/elffers/vertexcover-instances/normalized-vertexcover-grid8x27-hard.opb.xz	normalized-PB24.tar	normalized-PB24/DEC-LIN/nordstrom/CombinatorialBenchmarksPBsolvers/vertex-cover/vc-large-v2/normalized-grid8_27.opb.xz
a810fe993c9acbc81e0dc60be7613718222b08ac910e5fdf91843e1ea937768b	DEC-LIN/normalized-PB24/nordstrom/CombinatorialBenchmarksPBsolvers/vertex-cover/vc-nve-large-v2/normalized-grid4_09.opb.xz	normalized-PB24.tar	normalized-PB24/DEC-LIN/nordstrom/CombinatorialBenchmarksPBsolvers/vertex-cover/noverticaledges-v2/normalized-grid4_09.opb.xz
70d06cae3d609e466ce6b52e5e173a085ce1e49af96826e2197ed1ee31fb996b	DEC-LIN/normalized-PB24/nordstrom/CombinatorialBenchmarksPBsolvers/vertex-cover/vc-nve-large-v2/normalized-grid4_13.opb.xz	normalized-PB24.tar	normalized-PB24/DEC-LIN/nordstrom/CombinatorialBenchmarksPBsolvers/vertex-cover/noverticaledges-v2/normalized-grid4_13.opb.xz
2a018e3e3164d7c468bfdb5cf4b80adc89ec210fc9bc2e178a952c9cd6dd7465	DEC-LIN/normalized-PB24/nordstrom/CombinatorialBenchmarksPBsolvers/vertex-cover/vc-nve-large-v2/normalized-grid10_13.opb.xz	normalized-PB24.tar	normalized-PB24/DEC-LIN/nordstrom/CombinatorialBenchmarksPBsolvers/vertex-cover/noverticaledges-v2/normalized-grid10_13.opb.xz
dfc9400699a7ad7968886cddbde2d888442c5e1cba88363857fe6387f6776d29	DEC-LIN/normalized-PB24/nordstrom/CombinatorialBenchmarksPBsolvers/vertex-cover/vc-nve-large-v2/normalized-grid6_19.opb.xz	normalized-PB24.tar	normalized-PB24/DEC-LIN/nordstrom/CombinatorialBenchmarksPBsolvers/vertex-cover/noverticaledges-v2/normalized-grid6_19.opb.xz
fea739c34c3a18b2f5f49e8be35b990993733469afc64f24920cba61462d3da6	DEC-LIN/normalized-PB24/nordstrom/CombinatorialBenchmarksPBsolvers/vertex-cover/vc-nve-large-v2/normalized-grid4_23.opb.xz	normalized-PB24.tar	normalized-PB24/DEC-LIN/nordstrom/CombinatorialBenchmarksPBsolvers/vertex-cover/noverticaledges-v2/normalized-grid4_23.opb.xz
fd91d0a07fedbef723afe91885528549d928ecffc5c3e012683a84e936703f1e	DEC-LIN/normalized-PB24/nordstrom/CombinatorialBenchmarksPBsolvers/vertex-cover/vc-nve-large-v2/normalized-grid6_25.opb.xz	normalized-PB24.tar	normalized-PB24/DEC-LIN/nordstrom/CombinatorialBenchmarksPBsolvers/vertex-cover/noverticaledges-v2/normalized-grid6_25.opb.xz
15cf4b2f39cf1effebfb4bf55479f39fb12da5aff03d1ed1a28fcdb20e2857c7	DEC-LIN/normalized-PB24/nordstrom/CombinatorialBenchmarksPBsolvers/vertex-cover/vc-nve-large-v2/normalized-grid6_17.opb.xz	normalized-PB24.tar	normalized-PB24/DEC-LIN/nordstrom/CombinatorialBenchmarksPBsolvers/vertex-cover/noverticaledges-v2/normalized-grid6_17.opb.xz
75fba943a9ec4a4c95a995b8fde993c18d3da4938030e57a399883f207845a99	DEC-LIN/normalized-PB24/nordstrom/CombinatorialBenchmarksPBsolvers/vertex-cover/vc-nve-large-v2/normalized-grid6_15.opb.xz	normalized-PB24.tar	normalized-PB24/DEC-LIN/nordstrom/CombinatorialBenchmarksPBsolvers/vertex-cover/noverticaledges-v2/normalized-grid6_15.opb.xz
377da0b47b09c65e9ca7464ef19a958966c5a59b8e6342740a7b0e51c5f0889c	DEC-LIN/normalized-PB24/nordstrom/CombinatorialBenchmarksPBsolvers/vertex-cover/vc-nve-large-v2/normalized-grid8_19.opb.xz	normalized-PB24.tar	normalized-PB24/DEC-LIN/nordstrom/CombinatorialBenchmarksPBsolvers/vertex-cover/noverticaledges-v2/normalized-grid8_19.opb.xz
994a5feb8366b40593e5ceac1e51c1bf87d140790aaf391f3c903b0b35a8e94a	DEC-LIN/normalized-PB24/nordstrom/CombinatorialBenchmarksPBsolvers/vertex-cover/vc-nve-large-v2/normalized-grid10_27.opb.xz	normalized-PB24.tar	normalized-PB24/DEC-LIN/nordstrom/CombinatorialBenchmarksPBsolvers/vertex-cover/noverticaledges-v2/normalized-grid10_27.opb.xz
f4ffb4b8361e664cecab520bf611eafb105104a5e97c008896d05dacd8e05968	DEC-LIN/normalized-PB24/nordstrom/CombinatorialBenchmarksPBsolvers/vertex-cover/vc-nve-large-v2/normalized-grid10_25.opb.xz	normalized-PB24.tar	normalized-PB24/DEC-LIN/nordstrom/CombinatorialBenchmarksPBsolvers/vertex-cover/noverticaledges-v2/normalized-grid10_25.opb.xz
175d1db2f5c4ca30837bcaac3bb4e2fdcff7a047cb692dd45e46198e8413710c	DEC-LIN/normalized-PB24/nordstrom/CombinatorialBenchmarksPBsolvers/vertex-cover/vc-nve-large-v2/normalized-grid4_17.opb.xz	normalized-PB24.tar	normalized-PB24/DEC-LIN/nordstrom/CombinatorialBenchmarksPBsolvers/vertex-cover/noverticaledges-v2/normalized-grid4_17.opb.xz
555f2a0ebf48365f07422d83a995ddbe52bd137ab1ea1ffe5a5d4813dcda7086	DEC-LIN/normalized-PB24/nordstrom/CombinatorialBenchmarksPBsolvers/vertex-cover/vc-nve-large-v2/normalized-grid6_29.opb.xz	normalized-PB24.tar	normalized-PB24/DEC-LIN/nordstrom/CombinatorialBenchmarksPBsolvers/vertex-cover/noverticaledges-v2/normalized-grid6_29.opb.xz
756375e391724c42ec318a06cf6fc95548b0558fd67e62a9845d5cdcf3fae3c0	DEC-LIN/normalized-PB24/nordstrom/CombinatorialBenchmarksPBsolvers/vertex-cover/vc-nve-large-v2/normalized-grid4_07.opb.xz	normalized-PB24.tar	normalized-PB24/DEC-LIN/nordstrom/CombinatorialBenchmarksPBsolvers/vertex-cover/noverticaledges-v2/normalized-grid4_07.opb.xz
276df399edb33789277f990960a83f6e31c3afc6838d80d9a490cbd7bfdbf5df	DEC-LIN/normalized-PB24/nordstrom/CombinatorialBenchmarksPBsolvers/vertex-cover/vc-nve-large-v2/normalized-grid10_29.opb.xz	normalized-PB24.tar	normalized-PB24/DEC-LIN/nordstrom/CombinatorialBenchmarksPBsolvers/vertex-cover/noverticaledges-v2/normalized-grid10_29.opb.xz
3325a87f4a5dd85df22e0eba2a7e82e6fe7bc495b7e5d729f5b8e86890781c70	DEC-LIN/normalized-PB24/nordstrom/CombinatorialBenchmarksPBsolvers/vertex-cover/vc-nve-large-v2/normalized-grid4_27.opb.xz	normalized-PB24.tar	normalized-PB24/DEC-LIN/nordstrom/CombinatorialBenchmarksPBsolvers/vertex-cover/noverticaledges-v2/normalized-grid4_27.opb.xz
4b9bdb2eda6091ac8b8fdfd209f4d7ee1ae1f6093c93c15e12add6ab8d22212b	DEC-LIN/normalized-PB24/nordstrom/CombinatorialBenchmarksPBsolvers/vertex-cover/vc-nve-large-v2/normalized-grid4_19.opb.xz	normalized-PB24.tar	normalized-PB24/DEC-LIN/nordstrom/CombinatorialBenchmarksPBsolvers/vertex-cover/noverticaledges-v2/normalized-grid4_19.opb.xz
cd0272c519e823271ab3cf720456d2602a4490ddce0be74539057d9ee7a50ce9	DEC-LIN/normalized-PB24/nordstrom/CombinatorialBenchmarksPBsolvers/vertex-cover/vc-nve-large-v2/normalized-grid10_23.opb.xz	normalized-PB24.tar	normalized-PB24/DEC-LIN/nordstrom/CombinatorialBenchmarksPBsolvers/vertex-cover/noverticaledges-v2/normalized-grid10_23.opb.xz
27a1e3069e2669baf3a109939a85283bcd057fa5555944b776370c0d4d4c9cba	DEC-LIN/normalized-PB24/nordstrom/CombinatorialBenchmarksPBsolvers/vertex-cover/vc-nve-large-v2/normalized-grid8_21.opb.xz	normalized-PB24.tar	normalized-PB24/DEC-LIN/nordstrom/CombinatorialBenchmarksPBsolvers/vertex-cover/noverticaledges-v2/normalized-grid8_21.opb.xz
6209f71ca21135096de976ca743f7d64e5942784f0ab9a3ad9f446737bc00f99	DEC-LIN/normalized-PB24/nordstrom/CombinatorialBenchmarksPBsolvers/vertex-cover/vc-nve-large-v2/normalized-grid4_15.opb.xz	normalized-PB24.tar	normalized-PB24/DEC-LIN/nordstrom/CombinatorialBenchmarksPBsolvers/vertex-cover/noverticaledges-v2/normalized-grid4_15.opb.xz
96e948ebc3f06164d86373fb8c586ebe3ea9195ea1459d069b0337a3682795b6	DEC-LIN/normalized-PB24/nordstrom/CombinatorialBenchmarksPBsolvers/vertex-cover/vc-nve-large-v2/normalized-grid4_21.opb.xz	normalized-PB24.tar	normalized-PB24/DEC-LIN/nordstrom/CombinatorialBenchmarksPBsolvers/vertex-cover/noverticaledges-v2/normalized-grid4_21.opb.xz
4e3a5e4617c4ef21e656d86597e46539817ecedb6c37d806e42749055cf80145	DEC-LIN/normalized-PB24/nordstrom/CombinatorialBenchmarksPBsolvers/vertex-cover/vc-nve-large-v2/normalized-grid6_07.opb.xz	normalized-PB24.tar	normalized-PB24/DEC-LIN/nordstrom/CombinatorialBenchmarksPBsolvers/vertex-cover/noverticaledges-v2/normalized-grid6_07.opb.xz
6bfc96eee8660002af29c10d23afd0a34e56d8659b01151bb7442cc927379be8	DEC-LIN/normalized-PB24/nordstrom/CombinatorialBenchmarksPBsolvers/vertex-cover/vc-nve-large-v2/normalized-grid8_11.opb.xz	normalized-PB24.tar	normalized-PB24/DEC-LIN/nordstrom/CombinatorialBenchmarksPBsolvers/vertex-cover/noverticaledges-v2/normalized-grid8_11.opb.xz
24a2d73136a4fa7ee54c85283688ec79086ac0c216f85135b7a737fec2f6be2c	DEC-LIN/normalized-PB24/nordstrom/CombinatorialBenchmarksPBsolvers/vertex-cover/vc-nve-large-v2/normalized-grid6_27.opb.xz	normalized-PB24.tar	normalized-PB24/DEC-LIN/nordstrom/CombinatorialBenchmarksPBsolvers/vertex-cover/noverticaledges-v2/normalized-grid6_27.opb.xz
bcf0995f3b9e4f990551fa9a376e4829c6f6f6005b755d475150be30aec0cf45	DEC-LIN/normalized-PB24/nordstrom/CombinatorialBenchmarksPBsolvers/vertex-cover/vc-nve-large-v2/normalized-grid6_09.opb.xz	normalized-PB24.tar	normalized-PB24/DEC-LIN/nordstrom/CombinatorialBenchmarksPBsolvers/vertex-cover/noverticaledges-v2/normalized-grid6_09.opb.xz
741e1b8e491524c96e4bc4f02e25bf254357fe74d8785619174eb33ad66e9ce1	DEC-LIN/normalized-PB24/nordstrom/CombinatorialBenchmarksPBsolvers/vertex-cover/vc-nve-large-v2/normalized-grid8_25.opb.xz	normalized-PB24.tar	normalized-PB24/DEC-LIN/nordstrom/CombinatorialBenchmarksPBsolvers/vertex-cover/noverticaledges-v2/normalized-grid8_25.opb.xz
d166b33abf769b7a79678065efda7a80962bb74585e35c0058b4cdbeeafa05f2	DEC-LIN/normalized-PB24/nordstrom/CombinatorialBenchmarksPBsolvers/vertex-cover/vc-nve-large-v2/normalized-grid8_15.opb.xz	normalized-PB24.tar	normalized-PB24/DEC-LIN/nordstrom/CombinatorialBenchmarksPBsolvers/vertex-cover/noverticaledges-v2/normalized-grid8_15.opb.xz
70d154060c66be89cc537a24e6fd61da33c698c3484c7746f3297303b1aa7f96	DEC-LIN/normalized-PB24/nordstrom/CombinatorialBenchmarksPBsolvers/vertex-cover/vc-nve-large-v2/normalized-grid6_21.opb.xz	normalized-PB24.tar	normalized-PB24/DEC-LIN/nordstrom/CombinatorialBenchmarksPBsolvers/vertex-cover/noverticaledges-v2/normalized-grid6_21.opb.xz
df00442fa79d7a2255035a49bf08f6a2f082db1f4d67951930cb6bfd25902492	DEC-LIN/normalized-PB24/nordstrom/CombinatorialBenchmarksPBsolvers/vertex-cover/vc-nve-large-v2/normalized-grid6_13.opb.xz	normalized-PB24.tar	normalized-PB24/DEC-LIN/nordstrom/CombinatorialBenchmarksPBsolvers/vertex-cover/noverticaledges-v2/normalized-grid6_13.opb.xz
994686ce70a067c0cbba2bf5614dec879dc15eaebac082df34213777819b1640	DEC-LIN/normalized-PB24/nordstrom/CombinatorialBenchmarksPBsolvers/vertex-cover/vc-nve-large-v2/normalized-grid8_29.opb.xz	normalized-PB24.tar	normalized-PB24/DEC-LIN/nordstrom/CombinatorialBenchmarksPBsolvers/vertex-cover/noverticaledges-v2/normalized-grid8_29.opb.xz
6c1ee0de881c5ba063425386d7b5ed50873f8dd90b9c2471604f08e6fd22f306	DEC-LIN/normalized-PB24/nordstrom/CombinatorialBenchmarksPBsolvers/vertex-cover/vc-nve-large-v2/normalized-grid8_09.opb.xz	normalized-PB24.tar	normalized-PB24/DEC-LIN/nordstrom/CombinatorialBenchmarksPBsolvers/vertex-cover/noverticaledges-v2/normalized-grid8_09.opb.xz
7e22383d66e5b55e585cb3e7a7ec4f7863e3d067a7560fb8ce486215aea448ab	DEC-LIN/normalized-PB24/nordstrom/CombinatorialBenchmarksPBsolvers/vertex-cover/vc-nve-large-v2/normalized-grid8_13.opb.xz	normalized-PB24.tar	normalized-PB24/DEC-LIN/nordstrom/CombinatorialBenchmarksPBsolvers/vertex-cover/noverticaledges-v2/normalized-grid8_13.opb.xz
086ac09b31fb4de76209fee3acea0d86dfd6141bb8f8b146be65b00642981024	DEC-LIN/normalized-PB24/nordstrom/CombinatorialBenchmarksPBsolvers/vertex-cover/vc-nve-large-v2/normalized-grid8_23.opb.xz	normalized-PB24.tar	normalized-PB24/DEC-LIN/nordstrom/CombinatorialBenchmarksPBsolvers/vertex-cover/noverticaledges-v2/normalized-grid8_23.opb.xz
62c3bb69e3d6d78d89bac675d9177c5429c50242f94158eddb42b71bfc214902	DEC-LIN/normalized-PB24/nordstrom/CombinatorialBenchmarksPBsolvers/vertex-cover/vc-nve-large-v2/normalized-grid4_25.opb.xz	normalized-PB24.tar	normalized-PB24/DEC-LIN/nordstrom/CombinatorialBenchmarksPBsolvers/vertex-cover/noverticaledges-v2/normalized-grid4_25.opb.xz
f02292b4ea905e380d5a6b722543a304947bcfab85ef03b8885c2c81e8a3ca29	DEC-LIN/normalized-PB24/nordstrom/CombinatorialBenchmarksPBsolvers/vertex-cover/vc-nve-large-v2/normalized-grid8_17.opb.xz	normalized-PB24.tar	normalized-PB24/DEC-LIN/nordstrom/CombinatorialBenchmarksPBsolvers/vertex-cover/noverticaledges-v2/normalized-grid8_17.opb.xz
3b3cba1f88c166dafb4bc19b54265dcb28b0ab0b8af89fe3cb195beb2e11cbdc	DEC-LIN/normalized-PB24/nordstrom/CombinatorialBenchmarksPBsolvers/vertex-cover/vc-nve-large-v2/normalized-grid6_11.opb.xz	normalized-PB24.tar	normalized-PB24/DEC-LIN/nordstrom/CombinatorialBenchmarksPBsolvers/vertex-cover/noverticaledges-v2/normalized-grid6_11.opb.xz
19fbb8a93fdd744b65758f2d8a68126254d24d50cb9f139bf654917cbc6b0288	DEC-LIN/normalized-PB24/nordstrom/CombinatorialBenchmarksPBsolvers/vertex-cover/vc-nve-large-v2/normalized-grid10_21.opb.xz	normalized-PB24.tar	normalized-PB24/DEC-LIN/nordstrom/CombinatorialBenchmarksPBsolvers/vertex-cover/noverticaledges-v2/normalized-grid10_21.opb.xz
f3b1fde4dc51e3cd6db93481a5a1eafb7388c7596207587a9e5ede12663f9577	DEC-LIN/normalized-PB24/nordstrom/CombinatorialBenchmarksPBsolvers/vertex-cover/vc-nve-large-v2/normalized-grid10_11.opb.xz	normalized-PB24.tar	normalized-PB24/DEC-LIN/nordstrom/CombinatorialBenchmarksPBsolvers/vertex-cover/noverticaledges-v2/normalized-grid10_11.opb.xz
0518de118a760696df540216976dc4abf359b87a7a8f0b380df8eb1cfdb0f31e	DEC-LIN/normalized-PB24/nordstrom/CombinatorialBenchmarksPBsolvers/vertex-cover/vc-nve-large-v2/normalized-grid4_05.opb.xz	normalized-PB24.tar	normalized-PB24/DEC-LIN/nordstrom/CombinatorialBenchmarksPBsolvers/vertex-cover/noverticaledges-v2/normalized-grid4_05.opb.xz
35afebe73f0b2155c4e41ceb75553029267b503006c221a27c6eb7f5bb4ecea0	DEC-LIN/normalized-PB24/nordstrom/CombinatorialBenchmarksPBsolvers/vertex-cover/vc-nve-large-v2/normalized-grid10_17.opb.xz	normalized-PB24.tar	normalized-PB24/DEC-LIN/nordstrom/CombinatorialBenchmarksPBsolvers/vertex-cover/noverticaledges-v2/normalized-grid10_17.opb.xz
f4302e10dc2c78eb390a7150a0fb0708087eadf558e63abfb3cb3e688cb5105a	DEC-LIN/normalized-PB24/nordstrom/CombinatorialBenchmarksPBsolvers/vertex-cover/vc-nve-large-v2/normalized-grid6_23.opb.xz	normalized-PB24.tar	normalized-PB24/DEC-LIN/nordstrom/CombinatorialBenchmarksPBsolvers/vertex-cover/noverticaledges-v2/normalized-grid6_23.opb.xz
ae801fb387c9870a954b8f60c50e72462f3f37ca25e0d5786b46b69e0ce6c641	DEC-LIN/normalized-PB24/nordstrom/CombinatorialBenchmarksPBsolvers/vertex-cover/vc-nve-large-v2/normalized-grid4_11.opb.xz	normalized-PB24.tar	normalized-PB24/DEC-LIN/nordstrom/CombinatorialBenchmarksPBsolvers/vertex-cover/noverticaledges-v2/normalized-grid4_11.opb.xz
f39bec0d65ad03ae1dafac8ad07fbc535cdf35a0c527a6f363f1d928e8448010	DEC-LIN/normalized-PB24/nordstrom/CombinatorialBenchmarksPBsolvers/vertex-cover/vc-nve-large-v2/normalized-grid10_15.opb.xz	normalized-PB24.tar	normalized-PB24/DEC-LIN/nordstrom/CombinatorialBenchmarksPBsolvers/vertex-cover/noverticaledges-v2/normalized-grid10_15.opb.xz
6595070c95a75d788dacb6b26fd6693fac6fd11dfff95432150838aa86c41ee9	DEC-LIN/normalized-PB24/nordstrom/CombinatorialBenchmarksPBsolvers/vertex-cover/vc-nve-large-v2/normalized-grid10_19.opb.xz	normalized-PB24.tar	normalized-PB24/DEC-LIN/nordstrom/CombinatorialBenchmarksPBsolvers/vertex-cover/noverticaledges-v2/normalized-grid10_19.opb.xz
aae666123416ee245fe452c1cd77d4c884fba2b8d2236d4d161984f912791577	DEC-LIN/normalized-PB24/nordstrom/CombinatorialBenchmarksPBsolvers/vertex-cover/vc-nve-large-v2/normalized-grid4_29.opb.xz	normalized-PB24.tar	normalized-PB24/DEC-LIN/nordstrom/CombinatorialBenchmarksPBsolvers/vertex-cover/noverticaledges-v2/normalized-grid4_29.opb.xz
20301859275c9078a569edabd291c7458fbf50d662c5a1ad85428a23b6576681	DEC-LIN/normalized-PB24/nordstrom/CombinatorialBenchmarksPBsolvers/vertex-cover/vc-nve-large-v2/normalized-grid8_27.opb.xz	normalized-PB24.tar	normalized-PB24/DEC-LIN/nordstrom/CombinatorialBenchmarksPBsolvers/vertex-cover/noverticaledges-v2/normalized-grid8_27.opb.xz
d7c6f795689076645712407996adf254bf91822ca8c4662cb9152ff312e3e284	DEC-LIN/normalized-PB16/elffers/vertexcover-instances/normalized-vertexcover-grid4x9.opb.xz	normalized-PB24.tar	normalized-PB24/DEC-LIN/nordstrom/CombinatorialBenchmarksPBsolvers/vertex-cover/vc-large-v1/normalized-grid4_09.opb.xz
20450d81b5b3c052705c2242448784025593c3a3fddbfb52da584bc735e45366	DEC-LIN/normalized-PB16/elffers/vertexcover-instances/normalized-vertexcover-grid4x13.opb.xz	normalized-PB24.tar	normalized-PB24/DEC-LIN/nordstrom/CombinatorialBenchmarksPBsolvers/vertex-cover/vc-large-v1/normalized-grid4_13.opb.xz
4adcbf1712049883f7de038f5de43364889fdbbe83d1bb32ed0fea9d5cc39d94	DEC-LIN/normalized-PB16/elffers/vertexcover-instances/normalized-vertexcover-grid10x13.opb.xz	normalized-PB24.tar	normalized-PB24/DEC-LIN/nordstrom/CombinatorialBenchmarksPBsolvers/vertex-cover/vc-large-v1/normalized-grid10_13.opb.xz
fde6d7535fe7cb18f513611caddb7bad99baf23fa210684d339edfcb45fbf9fb	DEC-LIN/normalized-PB16/elffers/vertexcover-instances/normalized-vertexcover-grid6x19.opb.xz	normalized-PB24.tar	normalized-PB24/DEC-LIN/nordstrom/CombinatorialBenchmarksPBsolvers/vertex-cover/vc-large-v1/normalized-grid6_19.opb.xz
e6fdc840d4caebf5603911b648fba0600ef6ea8c51b33d63d23e5877b657ceb0	DEC-LIN/normalized-PB16/elffers/vertexcover-instances/normalized-vertexcover-grid4x23.opb.xz	normalized-PB24.tar	normalized-PB24/DEC-LIN/nordstrom/CombinatorialBenchmarksPBsolvers/vertex-cover/vc-large-v1/normalized-grid4_23.opb.xz
1c306f08803a5bf30f4243d46174aa66cd0e76c616a9d773eb058b6488c129fe	DEC-LIN/normalized-PB16/elffers/vertexcover-instances/normalized-vertexcover-grid6x25.opb.xz	normalized-PB24.tar	normalized-PB24/DEC-LIN/nordstrom/CombinatorialBenchmarksPBsolvers/vertex-cover/vc-large-v1/normalized-grid6_25.opb.xz
42b3f862814c76fb11d83bfe5c1cd73649db65719f6fc057568e18843660d393	DEC-LIN/normalized-PB16/elffers/vertexcover-instances/normalized-vertexcover-grid6x17.opb.xz	normalized-PB24.tar	normalized-PB24/DEC-LIN/nordstrom/CombinatorialBenchmarksPBsolvers/vertex-cover/vc-large-v1/normalized-grid6_17.opb.xz
e343b0c767223f0ffd8352382369405d283d49f83d94d2fde02ec6ac8902c568	DEC-LIN/normalized-PB16/elffers/vertexcover-instances/normalized-vertexcover-grid6x15.opb.xz	normalized-PB24.tar	normalized-PB24/DEC-LIN/nordstrom/CombinatorialBenchmarksPBsolvers/vertex-cover/vc-large-v1/normalized-grid6_15.opb.xz
c27db0b7be93db6c2d3d38adbdc63eecec97932b1be9bc5ad0670dcc96e24a99	DEC-LIN/normalized-PB16/elffers/vertexcover-instances/normalized-vertexcover-grid10x27.opb.xz	normalized-PB24.tar	normalized-PB24/DEC-LIN/nordstrom/CombinatorialBenchmarksPBsolvers/vertex-cover/vc-large-v1/normalized-grid10_27.opb.xz
7aa054c5336f7cad4deb74f4cbbaffb82847b0aae1c8be774d6314cb672e304a	DEC-LIN/normalized-PB16/elffers/vertexcover-instances/normalized-vertexcover-grid10x25.opb.xz	normalized-PB24.tar	normalized-PB24/DEC-LIN/nordstrom/CombinatorialBenchmarksPBsolvers/vertex-cover/vc-large-v1/normalized-grid10_25.opb.xz
ef73324eaec174c3d1ef80caf046c2f9c81343bbbc04afc4936cb561ae18f3ee	DEC-LIN/normalized-PB16/elffers/vertexcover-instances/normalized-vertexcover-grid4x17.opb.xz	normalized-PB24.tar	normalized-PB24/DEC-LIN/nordstrom/CombinatorialBenchmarksPBsolvers/vertex-cover/vc-large-v1/normalized-grid4_17.opb.xz
bb49102a4f6087784fc15e992b73793f2b1c707362b1894a82e97a8eb8d235f8	DEC-LIN/normalized-PB16/elffers/vertexcover-instances/normalized-vertexcover-grid6x29.opb.xz	normalized-PB24.tar	normalized-PB24/DEC-LIN/nordstrom/CombinatorialBenchmarksPBsolvers/vertex-cover/vc-large-v1/normalized-grid6_29.opb.xz
57a472e241db6c37c3f3f8f1d735e9d0326edc66355bbf611eac73a8178fd3b3	DEC-LIN/normalized-PB16/elffers/vertexcover-instances/normalized-vertexcover-grid4x7.opb.xz	normalized-PB24.tar	normalized-PB24/DEC-LIN/nordstrom/CombinatorialBenchmarksPBsolvers/vertex-cover/vc-large-v1/normalized-grid4_07.opb.xz
094aaf77c4fb89b078cf03aa3216961c68815b5e065feda9808a5c9c288700e2	DEC-LIN/normalized-PB16/elffers/vertexcover-instances/normalized-vertexcover-grid10x29.opb.xz	normalized-PB24.tar	normalized-PB24/DEC-LIN/nordstrom/CombinatorialBenchmarksPBsolvers/vertex-cover/vc-large-v1/normalized-grid10_29.opb.xz
d20795c9aa3a5cda324b2b3f126b4a4efd4da56a1c5758545a3f8fc38d6018f4	DEC-LIN/normalized-PB16/elffers/vertexcover-instances/normalized-vertexcover-grid4x27.opb.xz	normalized-PB24.tar	normalized-PB24/DEC-LIN/nordstrom/CombinatorialBenchmarksPBsolvers/vertex-cover/vc-large-v1/normalized-grid4_27.opb.xz
f291e1382e6e6829fc051913f2cecd133774cb90d7dbcea132acc588bea1dbe9	DEC-LIN/normalized-PB16/elffers/vertexcover-instances/normalized-vertexcover-grid4x19.opb.xz	normalized-PB24.tar	normalized-PB24/DEC-LIN/nordstrom/CombinatorialBenchmarksPBsolvers/vertex-cover/vc-large-v1/normalized-grid4_19.opb.xz
730bb2536fd0d744287e7cbc53bfa8353313060b927aa51a7e817173d98c742a	DEC-LIN/normalized-PB16/elffers/vertexcover-instances/normalized-vertexcover-grid10x23.opb.xz	normalized-PB24.tar	normalized-PB24/DEC-LIN/nordstrom/CombinatorialBenchmarksPBsolvers/vertex-cover/vc-large-v1/normalized-grid10_23.opb.xz
40a3aa3773e7825965c999ad587633cb473d5634b12ff12ab134ef0f24731ec6	DEC-LIN/normalized-PB16/elffers/vertexcover-instances/normalized-vertexcover-grid4x15.opb.xz	normalized-PB24.tar	normalized-PB24/DEC-LIN/nordstrom/CombinatorialBenchmarksPBsolvers/vertex-cover/vc-large-v1/normalized-grid4_15.opb.xz
b89edc7a08b535e2862ec6b69399e65dc59b17fc3b98462fd69ee1f59e53aeb9	DEC-LIN/normalized-PB16/elffers/vertexcover-instances/normalized-vertexcover-grid4x21.opb.xz	normalized-PB24.tar	normalized-PB24/DEC-LIN/nordstrom/CombinatorialBenchmarksPBsolvers/vertex-cover/vc-large-v1/normalized-grid4_21.opb.xz
4260932a3c2e3850dd011ea932c965696528649014b465caa93e68c969705931	DEC-LIN/normalized-PB16/elffers/vertexcover-instances/normalized-vertexcover-grid6x7.opb.xz	normalized-PB24.tar	normalized-PB24/DEC-LIN/nordstrom/CombinatorialBenchmarksPBsolvers/vertex-cover/vc-large-v1/normalized-grid6_07.opb.xz
a3a216d84deb25928b4c837d9195a7a083a00b6c06b7b535f600b26417c4bec1	DEC-LIN/normalized-PB16/elffers/vertexcover-instances/normalized-vertexcover-grid6x27.opb.xz	normalized-PB24.tar	normalized-PB24/DEC-LIN/nordstrom/CombinatorialBenchmarksPBsolvers/vertex-cover/vc-large-v1/normalized-grid6_27.opb.xz
bd7db8022b761d67867f6a48b006f57aaf0aa3aa4b975f0675f433fb6aed2daf	DEC-LIN/normalized-PB16/elffers/vertexcover-instances/normalized-vertexcover-grid6x9.opb.xz	normalized-PB24.tar	normalized-PB24/DEC-LIN/nordstrom/CombinatorialBenchmarksPBsolvers/vertex-cover/vc-large-v1/normalized-grid6_09.opb.xz
c93d4c73ab053ba9fe01f19dea4e678d39963d1fe0c913b36834520df2b6d67b	DEC-LIN/normalized-PB16/elffers/vertexcover-instances/normalized-vertexcover-grid6x21.opb.xz	normalized-PB24.tar	normalized-PB24/DEC-LIN/nordstrom/CombinatorialBenchmarksPBsolvers/vertex-cover/vc-large-v1/normalized-grid6_21.opb.xz
e9073766d26e11637e9ba149cbdc8769cac2078c761d8bf7a6208e3cf598c9b8	DEC-LIN/normalized-PB16/elffers/vertexcover-instances/normalized-vertexcover-grid6x13.opb.xz	normalized-PB24.tar	normalized-PB24/DEC-LIN/nordstrom/CombinatorialBenchmarksPBsolvers/vertex-cover/vc-large-v1/normalized-grid6_13.opb.xz
d974dab45fadaae02d4c3153273b7b8ef3d8c5c20fd8b7d561df5a3fc735440b	DEC-LIN/normalized-PB16/elffers/vertexcover-instances/normalized-vertexcover-grid8x9.opb.xz	normalized-PB24.tar	normalized-PB24/DEC-LIN/nordstrom/CombinatorialBenchmarksPBsolvers/vertex-cover/vc-large-v1/normalized-grid8_09.opb.xz
c50874f7387b7edf8e05efa1527d6610a2a097818430495e2cce0edb034a18de	DEC-LIN/normalized-PB16/elffers/vertexcover-instances/normalized-vertexcover-grid4x25.opb.xz	normalized-PB24.tar	normalized-PB24/DEC-LIN/nordstrom/CombinatorialBenchmarksPBsolvers/vertex-cover/vc-large-v1/normalized-grid4_25.opb.xz
52e86c717c01983f1a14ff55ab45ea98210d006ebcba22aa3322b88c185ed2e4	DEC-LIN/normalized-PB16/elffers/vertexcover-instances/normalized-vertexcover-grid6x11.opb.xz	normalized-PB24.tar	normalized-PB24/DEC-LIN/nordstrom/CombinatorialBenchmarksPBsolvers/vertex-cover/vc-large-v1/normalized-grid6_11.opb.xz
5d82fcdf598fb0f7d097d8e793e85365ede8b0e8d613c0ff23a15bbfffa254bc	DEC-LIN/normalized-PB16/elffers/vertexcover-instances/normalized-vertexcover-grid10x21.opb.xz	normalized-PB24.tar	normalized-PB24/DEC-LIN/nordstrom/CombinatorialBenchmarksPBsolvers/vertex-cover/vc-large-v1/normalized-grid10_21.opb.xz
8c28b19e6895e7d0c4502d8ac24e204d2eacc6cfed3a7c6a06292102802a6967	DEC-LIN/normalized-PB16/elffers/vertexcover-instances/normalized-vertexcover-grid10x11.opb.xz	normalized-PB24.tar	normalized-PB24/DEC-LIN/nordstrom/CombinatorialBenchmarksPBsolvers/vertex-cover/vc-large-v1/normalized-grid10_11.opb.xz
30ec6f010ff5bef32ffd65eb44b57b680fc148c1f08140b4b430ef11111b00a9	DEC-LIN/normalized-PB16/elffers/vertexcover-instances/normalized-vertexcover-grid4x5.opb.xz	normalized-PB24.tar	normalized-PB24/DEC-LIN/nordstrom/CombinatorialBenchmarksPBsolvers/vertex-cover/vc-large-v1/normalized-grid4_05.opb.xz
e7e0cc0a8bc0768851785ddd2f810e236607e6d9d5abc2d070e81e5171fe1a10	DEC-LIN/normalized-PB16/elffers/vertexcover-instances/normalized-vertexcover-grid10x17.opb.xz	normalized-PB24.tar	normalized-PB24/DEC-LIN/nordstrom/CombinatorialBenchmarksPBsolvers/vertex-cover/vc-large-v1/normalized-grid10_17.opb.xz
5cdb9c37f809ea5c971d88417e178839ca54a7e54344666160115b656a86289c	DEC-LIN/normalized-PB16/elffers/vertexcover-instances/normalized-vertexcover-grid6x23.opb.xz	normalized-PB24.tar	normalized-PB24/DEC-LIN/nordstrom/CombinatorialBenchmarksPBsolvers/vertex-cover/vc-large-v1/normalized-grid6_23.opb.xz
7e656ddf1db7853bdf40efe2fff99e992f2ccd46242587d655cf67b136ac56c3	DEC-LIN/normalized-PB16/elffers/vertexcover-instances/normalized-vertexcover-grid4x11.opb.xz	normalized-PB24.tar	normalized-PB24/DEC-LIN/nordstrom/CombinatorialBenchmarksPBsolvers/vertex-cover/vc-large-v1/normalized-grid4_11.opb.xz
81a304aeb3a260c6d047fe860da481492f1265e99384e885736864a94144bc9e	DEC-LIN/normalized-PB16/elffers/vertexcover-instances/normalized-vertexcover-grid10x15.opb.xz	normalized-PB24.tar	normalized-PB24/DEC-LIN/nordstrom/CombinatorialBenchmarksPBsolvers/vertex-cover/vc-large-v1/normalized-grid10_15.opb.xz
61f9692df81f84051289fb80653abd4913f60e56d998bc94767acd8945532a8c	DEC-LIN/normalized-PB16/elffers/vertexcover-instances/normalized-vertexcover-grid10x19.opb.xz	normalized-PB24.tar	normalized-PB24/DEC-LIN/nordstrom/CombinatorialBenchmarksPBsolvers/vertex-cover/vc-large-v1/normalized-grid10_19.opb.xz
e236c4f1c1d57ade8cb26f86f972fb1cf7ca29599e2353593fd389f379fa864d	DEC-LIN/normalized-PB16/elffers/vertexcover-instances/normalized-vertexcover-grid4x29.opb.xz	normalized-PB24.tar	normalized-PB24/DEC-LIN/nordstrom/CombinatorialBenchmarksPBsolvers/vertex-cover/vc-large-v1/normalized-grid4_29.opb.xz
8d8d2ae031ef9ad385a9b477efe7d456851f42620eca53123d48da8446ae07b8	DEC-LIN/normalized-PB24/nordstrom/CombinatorialBenchmarksPBsolvers/vertex-cover/vc-nve-large-v1/normalized-grid4_09.opb.xz	normalized-PB24.tar	normalized-PB24/DEC-LIN/nordstrom/CombinatorialBenchmarksPBsolvers/vertex-cover/noverticaledges-v1/normalized-grid4_09.opb.xz
32151513875f92a43f4c7e1c64f3149d47fd0feb28379e0de143cd5dc6cecc09	DEC-LIN/normalized-PB24/nordstrom/CombinatorialBenchmarksPBsolvers/vertex-cover/vc-nve-large-v1/normalized-grid4_13.opb.xz	normalized-PB24.tar	normalized-PB24/DEC-LIN/nordstrom/CombinatorialBenchmarksPBsolvers/vertex-cover/noverticaledges-v1/normalized-grid4_13.opb.xz
4cc8e0e9dd2e6e5a23a81f6d78eda830dd0818425d4c4d39fb8fe66c0c3455e4	DEC-LIN/normalized-PB24/nordstrom/CombinatorialBenchmarksPBsolvers/vertex-cover/vc-nve-large-v1/normalized-grid10_13.opb.xz	normalized-PB24.tar	normalized-PB24/DEC-LIN/nordstrom/CombinatorialBenchmarksPBsolvers/vertex-cover/noverticaledges-v1/normalized-grid10_13.opb.xz
aecbf46c978fdfeb6575648238ab3b742eebcc0e49c7df62210e6ddd11b5326f	DEC-LIN/normalized-PB24/nordstrom/CombinatorialBenchmarksPBsolvers/vertex-cover/vc-nve-large-v1/normalized-grid6_19.opb.xz	normalized-PB24.tar	normalized-PB24/DEC-LIN/nordstrom/CombinatorialBenchmarksPBsolvers/vertex-cover/noverticaledges-v1/normalized-grid6_19.opb.xz
a7da2a4127a20b982e1aae92be881cb2d1ee4722c9d0328cda5982ababf0aa8b	DEC-LIN/normalized-PB24/nordstrom/CombinatorialBenchmarksPBsolvers/vertex-cover/vc-nve-large-v1/normalized-grid4_23.opb.xz	normalized-PB24.tar	normalized-PB24/DEC-LIN/nordstrom/CombinatorialBenchmarksPBsolvers/vertex-cover/noverticaledges-v1/normalized-grid4_23.opb.xz
c5f8842aee209951229d725391b917a8be35ce459482ba3985a05b32e4730b19	DEC-LIN/normalized-PB24/nordstrom/CombinatorialBenchmarksPBsolvers/vertex-cover/vc-nve-large-v1/normalized-grid6_25.opb.xz	normalized-PB24.tar	normalized-PB24/DEC-LIN/nordstrom/CombinatorialBenchmarksPBsolvers/vertex-cover/noverticaledges-v1/normalized-grid6_25.opb.xz
d89cc8999d67f85858456ab33a05eff90df0ce5e5c3dadcd6439d8a40d37535b	DEC-LIN/normalized-PB24/nordstrom/CombinatorialBenchmarksPBsolvers/vertex-cover/vc-nve-large-v1/normalized-grid6_17.opb.xz	normalized-PB24.tar	normalized-PB24/DEC-LIN/nordstrom/CombinatorialBenchmarksPBsolvers/vertex-cover/noverticaledges-v1/normalized-grid6_17.opb.xz
bee21ca2290fc20a59a7dd545ad192e1fa6b8b0eb3976cb6897c1c4a33809c85	DEC-LIN/normalized-PB24/nordstrom/CombinatorialBenchmarksPBsolvers/vertex-cover/vc-nve-large-v1/normalized-grid6_15.opb.xz	normalized-PB24.tar	normalized-PB24/DEC-LIN/nordstrom/CombinatorialBenchmarksPBsolvers/vertex-cover/noverticaledges-v1/normalized-grid6_15.opb.xz
b540c96c913e7e6b84404aa9def00c50d981a869ed2ef75131bfd02a7cf17a12	DEC-LIN/normalized-PB24/nordstrom/CombinatorialBenchmarksPBsolvers/vertex-cover/vc-nve-large-v1/normalized-grid8_19.opb.xz	normalized-PB24.tar	normalized-PB24/DEC-LIN/nordstrom/CombinatorialBenchmarksPBsolvers/vertex-cover/noverticaledges-v1/normalized-grid8_19.opb.xz
3f4d75b75caeee242f04b602c7ed709ad2e84ce4591b3d660ff52233e526b2ad	DEC-LIN/normalized-PB24/nordstrom/CombinatorialBenchmarksPBsolvers/vertex-cover/vc-nve-large-v1/normalized-grid10_27.opb.xz	normalized-PB24.tar	normalized-PB24/DEC-LIN/nordstrom/CombinatorialBenchmarksPBsolvers/vertex-cover/noverticaledges-v1/normalized-grid10_27.opb.xz
88afc920315c86d02c27b70a4e1ebc38307874905c070a9800e6987d034996ae	DEC-LIN/normalized-PB24/nordstrom/CombinatorialBenchmarksPBsolvers/vertex-cover/vc-nve-large-v1/normalized-grid10_25.opb.xz	normalized-PB24.tar	normalized-PB24/DEC-LIN/nordstrom/CombinatorialBenchmarksPBsolvers/vertex-cover/noverticaledges-v1/normalized-grid10_25.opb.xz
35aefd6c9b583fbbd6ce6c89eebe19b6e99a9a9844a5de01f39f63bf62bdb4ec	DEC-LIN/normalized-PB24/nordstrom/CombinatorialBenchmarksPBsolvers/vertex-cover/vc-nve-large-v1/normalized-grid4_17.opb.xz	normalized-PB24.tar	normalized-PB24/DEC-LIN/nordstrom/CombinatorialBenchmarksPBsolvers/vertex-cover/noverticaledges-v1/normalized-grid4_17.opb.xz
0abe9f5c9478f2b3138a4f9ce0cfac2382aeee9e0e5d624978e6c7d6d2208695	DEC-LIN/normalized-PB24/nordstrom/CombinatorialBenchmarksPBsolvers/vertex-cover/vc-nve-large-v1/normalized-grid6_29.opb.xz	normalized-PB24.tar	normalized-PB24/DEC-LIN/nordstrom/CombinatorialBenchmarksPBsolvers/vertex-cover/noverticaledges-v1/normalized-grid6_29.opb.xz
bbc4a8e2372d05774d9f26416e1f9efe276254cc3630b71cff49a0740161cdd7	DEC-LIN/normalized-PB24/nordstrom/CombinatorialBenchmarksPBsolvers/vertex-cover/vc-nve-large-v1/normalized-grid4_07.opb.xz	normalized-PB24.tar	normalized-PB24/DEC-LIN/nordstrom/CombinatorialBenchmarksPBsolvers/vertex-cover/noverticaledges-v1/normalized-grid4_07.opb.xz
8d1a2186266e54005f5734de65fa64a75351d76fe30e8c565b26786b4bd86003	DEC-LIN/normalized-PB24/nordstrom/CombinatorialBenchmarksPBsolvers/vertex-cover/vc-nve-large-v1/normalized-grid10_29.opb.xz	normalized-PB24.tar	normalized-PB24/DEC-LIN/nordstrom/CombinatorialBenchmarksPBsolvers/vertex-cover/noverticaledges-v1/normalized-grid10_29.opb.xz
936af3186d8be9a95865045be33b9ce2e5113b13bf9755d6e0fd345f31569d5d	DEC-LIN/normalized-PB24/nordstrom/CombinatorialBenchmarksPBsolvers/vertex-cover/vc-nve-large-v1/normalized-grid4_27.opb.xz	normalized-PB24.tar	normalized-PB24/DEC-LIN/nordstrom/CombinatorialBenchmarksPBsolvers/vertex-cover/noverticaledges-v1/normalized-grid4_27.opb.xz
d23747d58f5ac19c132c7578b0f83c2579c96e1a2846cc36f5b2e9802d59ff65	DEC-LIN/normalized-PB24/nordstrom/CombinatorialBenchmarksPBsolvers/vertex-cover/vc-nve-large-v1/normalized-grid4_19.opb.xz	normalized-PB24.tar	normalized-PB24/DEC-LIN/nordstrom/CombinatorialBenchmarksPBsolvers/vertex-cover/noverticaledges-v1/normalized-grid4_19.opb.xz
eda1878e63d4719021d7198d484b16356743e562cdded706969e80220fa8cc89	DEC-LIN/normalized-PB24/nordstrom/CombinatorialBenchmarksPBsolvers/vertex-cover/vc-nve-large-v1/normalized-grid10_23.opb.xz	normalized-PB24.tar	normalized-PB24/DEC-LIN/nordstrom/CombinatorialBenchmarksPBsolvers/vertex-cover/noverticaledges-v1/normalized-grid10_23.opb.xz
59d50733c94ba6e7b4041dff2f5b0e4a623fc3793beec36ec8148a51b530afa1	DEC-LIN/normalized-PB24/nordstrom/CombinatorialBenchmarksPBsolvers/vertex-cover/vc-nve-large-v1/normalized-grid8_21.opb.xz	normalized-PB24.tar	normalized-PB24/DEC-LIN/nordstrom/CombinatorialBenchmarksPBsolvers/vertex-cover/noverticaledges-v1/normalized-grid8_21.opb.xz
7fd777b1fe69387f29a1dc6e8bc0707117447eccaf3678f5b4db1f9351841bb0	DEC-LIN/normalized-PB24/nordstrom/CombinatorialBenchmarksPBsolvers/vertex-cover/vc-nve-large-v1/normalized-grid4_15.opb.xz	normalized-PB24.tar	normalized-PB24/DEC-LIN/nordstrom/CombinatorialBenchmarksPBsolvers/vertex-cover/noverticaledges-v1/normalized-grid4_15.opb.xz
c509f53e690e9646d4e0affc36ec723070a91f5331462832d659cf15c10e6dfb	DEC-LIN/normalized-PB24/nordstrom/CombinatorialBenchmarksPBsolvers/vertex-cover/vc-nve-large-v1/normalized-grid4_21.opb.xz	normalized-PB24.tar	normalized-PB24/DEC-LIN/nordstrom/CombinatorialBenchmarksPBsolvers/vertex-cover/noverticaledges-v1/normalized-grid4_21.opb.xz
5fca293e205f2531c64e3e140dce50a7a282dabbeba76de123e0353ee06ece80	DEC-LIN/normalized-PB24/nordstrom/CombinatorialBenchmarksPBsolvers/vertex-cover/vc-nve-large-v1/normalized-grid6_07.opb.xz	normalized-PB24.tar	normalized-PB24/DEC-LIN/nordstrom/CombinatorialBenchmarksPBsolvers/vertex-cover/noverticaledges-v1/normalized-grid6_07.opb.xz
21805c4b1757cb30d4c9f0b0c890dd1dd802c388c3c7e96ed3e322eccbdd9113	DEC-LIN/normalized-PB24/nordstrom/CombinatorialBenchmarksPBsolvers/vertex-cover/vc-nve-large-v1/normalized-grid8_11.opb.xz	normalized-PB24.tar	normalized-PB24/DEC-LIN/nordstrom/CombinatorialBenchmarksPBsolvers/vertex-cover/noverticaledges-v1/normalized-grid8_11.opb.xz
d5a44e0cc7a3af92e091c1a60f530180f975d0c70697f6815736d8f061b6e153	DEC-LIN/normalized-PB24/nordstrom/CombinatorialBenchmarksPBsolvers/vertex-cover/vc-nve-large-v1/normalized-grid6_27.opb.xz	normalized-PB24.tar	normalized-PB24/DEC-LIN/nordstrom/CombinatorialBenchmarksPBsolvers/vertex-cover/noverticaledges-v1/normalized-grid6_27.opb.xz
f2d8aa9a17559484caa9e0a1701e9dd86428fbfa89a1b8067f03832a69d8a40a	DEC-LIN/normalized-PB24/nordstrom/CombinatorialBenchmarksPBsolvers/vertex-cover/vc-nve-large-v1/normalized-grid6_09.opb.xz	normalized-PB24.tar	normalized-PB24/DEC-LIN/nordstrom/CombinatorialBenchmarksPBsolvers/vertex-cover/noverticaledges-v1/normalized-grid6_09.opb.xz
73bece718b03dd80a1fbafb4d59d97ab41c8d2107f0fbfc8f0a7eb8be440e6de	DEC-LIN/normalized-PB24/nordstrom/CombinatorialBenchmarksPBsolvers/vertex-cover/vc-nve-large-v1/normalized-grid8_25.opb.xz	normalized-PB24.tar	normalized-PB24/DEC-LIN/nordstrom/CombinatorialBenchmarksPBsolvers/vertex-cover/noverticaledges-v1/normalized-grid8_25.opb.xz
a6de0df260f512d0cf2188e72edf5cf9fe2d451704c7495af8feed4dd31a57fe	DEC-LIN/normalized-PB24/nordstrom/CombinatorialBenchmarksPBsolvers/vertex-cover/vc-nve-large-v1/normalized-grid8_15.opb.xz	normalized-PB24.tar	normalized-PB24/DEC-LIN/nordstrom/CombinatorialBenchmarksPBsolvers/vertex-cover/noverticaledges-v1/normalized-grid8_15.opb.xz
58b55cfcc1f0133ffb1c91a180744fe0603d95d3455531e4a3f9fbe1818b33d2	DEC-LIN/normalized-PB24/nordstrom/CombinatorialBenchmarksPBsolvers/vertex-cover/vc-nve-large-v1/normalized-grid6_21.opb.xz	normalized-PB24.tar	normalized-PB24/DEC-LIN/nordstrom/CombinatorialBenchmarksPBsolvers/vertex-cover/noverticaledges-v1/normalized-grid6_21.opb.xz
9efa54780a1fb54a20965d378a428d97d1cb434bffb1182f4eefe485279c24a7	DEC-LIN/normalized-PB24/nordstrom/CombinatorialBenchmarksPBsolvers/vertex-cover/vc-nve-large-v1/normalized-grid6_13.opb.xz	normalized-PB24.tar	normalized-PB24/DEC-LIN/nordstrom/CombinatorialBenchmarksPBsolvers/vertex-cover/noverticaledges-v1/normalized-grid6_13.opb.xz
26f07746f54fd61e4ed583d43202cfd80b396cfa8e9b6a5a5ab652a701dd2df4	DEC-LIN/normalized-PB24/nordstrom/CombinatorialBenchmarksPBsolvers/vertex-cover/vc-nve-large-v1/normalized-grid8_29.opb.xz	normalized-PB24.tar	normalized-PB24/DEC-LIN/nordstrom/CombinatorialBenchmarksPBsolvers/vertex-cover/noverticaledges-v1/normalized-grid8_29.opb.xz
dc7c7150c04326dd28de5e1ebb5ddfc9e5d91ac74ce1682fda3e6dfe8d73e584	DEC-LIN/normalized-PB24/nordstrom/CombinatorialBenchmarksPBsolvers/vertex-cover/vc-nve-large-v1/normalized-grid8_09.opb.xz	normalized-PB24.tar	normalized-PB24/DEC-LIN/nordstrom/CombinatorialBenchmarksPBsolvers/vertex-cover/noverticaledges-v1/normalized-grid8_09.opb.xz
c9a5edb070bb1c436263359503ad36fe3ad5b22b16ac9097ef9945d4d9f98b0a	DEC-LIN/normalized-PB24/nordstrom/CombinatorialBenchmarksPBsolvers/vertex-cover/vc-nve-large-v1/normalized-grid8_13.opb.xz	normalized-PB24.tar	normalized-PB24/DEC-LIN/nordstrom/CombinatorialBenchmarksPBsolvers/vertex-cover/noverticaledges-v1/normalized-grid8_13.opb.xz
2785e51eb16fb130fb6257e3f4d21d3af99c829432cd7330b2666da22dbbcb84	DEC-LIN/normalized-PB24/nordstrom/CombinatorialBenchmarksPBsolvers/vertex-cover/vc-nve-large-v1/normalized-grid8_23.opb.xz	normalized-PB24.tar	normalized-PB24/DEC-LIN/nordstrom/CombinatorialBenchmarksPBsolvers/vertex-cover/noverticaledges-v1/normalized-grid8_23.opb.xz
84a4a968fe9195101ca0bc1eb0887eec855777d8c1c16509db8da85e12fba860	DEC-LIN/normalized-PB24/nordstrom/CombinatorialBenchmarksPBsolvers/vertex-cover/vc-nve-large-v1/normalized-grid4_25.opb.xz	normalized-PB24.tar	normalized-PB24/DEC-LIN/nordstrom/CombinatorialBenchmarksPBsolvers/vertex-cover/noverticaledges-v1/normalized-grid4_25.opb.xz
187922dba99925fbd2e655f90552e9009fe9900c6c6766248acd82560fb2c05d	DEC-LIN/normalized-PB24/nordstrom/CombinatorialBenchmarksPBsolvers/vertex-cover/vc-nve-large-v1/normalized-grid8_17.opb.xz	normalized-PB24.tar	normalized-PB24/DEC-LIN/nordstrom/CombinatorialBenchmarksPBsolvers/vertex-cover/noverticaledges-v1/normalized-grid8_17.opb.xz
6996872dc3157b14c115d66627c1b99a54fc44283d4343795edeca4e13590488	DEC-LIN/normalized-PB24/nordstrom/CombinatorialBenchmarksPBsolvers/vertex-cover/vc-nve-large-v1/normalized-grid6_11.opb.xz	normalized-PB24.tar	normalized-PB24/DEC-LIN/nordstrom/CombinatorialBenchmarksPBsolvers/vertex-cover/noverticaledges-v1/normalized-grid6_11.opb.xz
0df3de8407a76228adc8bbe8b1c797e72f98f4d6d4484304e7bc4d77edd49ae1	DEC-LIN/normalized-PB24/nordstrom/CombinatorialBenchmarksPBsolvers/vertex-cover/vc-nve-large-v1/normalized-grid10_21.opb.xz	normalized-PB24.tar	normalized-PB24/DEC-LIN/nordstrom/CombinatorialBenchmarksPBsolvers/vertex-cover/noverticaledges-v1/normalized-grid10_21.opb.xz
a907bfc8cd7451475284201ebc13b55f5e600bc45ac2c00fe180cae8a9427c62	DEC-LIN/normalized-PB24/nordstrom/CombinatorialBenchmarksPBsolvers/vertex-cover/vc-nve-large-v1/normalized-grid10_11.opb.xz	normalized-PB24.tar	normalized-PB24/DEC-LIN/nordstrom/CombinatorialBenchmarksPBsolvers/vertex-cover/noverticaledges-v1/normalized-grid10_11.opb.xz
68199c9954ee7a9de5df510968251133b5fef5b567b2fce8cc9c27a6cb5d28ec	DEC-LIN/normalized-PB24/nordstrom/CombinatorialBenchmarksPBsolvers/vertex-cover/vc-nve-large-v1/normalized-grid4_05.opb.xz	normalized-PB24.tar	normalized-PB24/DEC-LIN/nordstrom/CombinatorialBenchmarksPBsolvers/vertex-cover/noverticaledges-v1/normalized-grid4_05.opb.xz
09146a067e54fb868bdc3472f6f56b3ca42eaccf2fc3435a8b7b105205d2b591	DEC-LIN/normalized-PB24/nordstrom/CombinatorialBenchmarksPBsolvers/vertex-cover/vc-nve-large-v1/normalized-grid10_17.opb.xz	normalized-PB24.tar	normalized-PB24/DEC-LIN/nordstrom/CombinatorialBenchmarksPBsolvers/vertex-cover/noverticaledges-v1/normalized-grid10_17.opb.xz
36916323cb8ed2848045266716d1f114fc134847a9e9d9695bdc1b2f2e19f37d	DEC-LIN/normalized-PB24/nordstrom/CombinatorialBenchmarksPBsolvers/vertex-cover/vc-nve-large-v1/normalized-grid6_23.opb.xz	normalized-PB24.tar	normalized-PB24/DEC-LIN/nordstrom/CombinatorialBenchmarksPBsolvers/vertex-cover/noverticaledges-v1/normalized-grid6_23.opb.xz
26421d631b8e6b2144319dd2a1ba324293e4ab1ccf27d60996419b39c16f2bbc	DEC-LIN/normalized-PB24/nordstrom/CombinatorialBenchmarksPBsolvers/vertex-cover/vc-nve-large-v1/normalized-grid4_11.opb.xz	normalized-PB24.tar	normalized-PB24/DEC-LIN/nordstrom/CombinatorialBenchmarksPBsolvers/vertex-cover/noverticaledges-v1/normalized-grid4_11.opb.xz
3412d1c15ecc6516779625704aa66743bed02198019f3990543f48a06d9b56cd	DEC-LIN/normalized-PB24/nordstrom/CombinatorialBenchmarksPBsolvers/vertex-cover/vc-nve-large-v1/normalized-grid10_15.opb.xz	normalized-PB24.tar	normalized-PB24/DEC-LIN/nordstrom/CombinatorialBenchmarksPBsolvers/vertex-cover/noverticaledges-v1/normalized-grid10_15.opb.xz
fde0dbfecc4771889885c0438a12c90eef54f723e87a70b921909cf63ad21a5c	DEC-LIN/normalized-PB24/nordstrom/CombinatorialBenchmarksPBsolvers/vertex-cover/vc-nve-large-v1/normalized-grid10_19.opb.xz	normalized-PB24.tar	normalized-PB24/DEC-LIN/nordstrom/CombinatorialBenchmarksPBsolvers/vertex-cover/noverticaledges-v1/normalized-grid10_19.opb.xz
e3777a4254151fa784806dc1b6b57ff9bd6d6f37c65994cd7cf32e3fdd25ff07	DEC-LIN/normalized-PB24/nordstrom/CombinatorialBenchmarksPBsolvers/vertex-cover/vc-nve-large-v1/normalized-grid4_29.opb.xz	normalized-PB24.tar	normalized-PB24/DEC-LIN/nordstrom/CombinatorialBenchmarksPBsolvers/vertex-cover/noverticaledges-v1/normalized-grid4_29.opb.xz
37ed88088096c1db75470d9c0dd2711333376ba6c9177482d7dace24b94d1e35	DEC-LIN/normalized-PB24/nordstrom/CombinatorialBenchmarksPBsolvers/vertex-cover/vc-nve-large-v1/normalized-grid8_27.opb.xz	normalized-PB24.tar	normalized-PB24/DEC-LIN/nordstrom/CombinatorialBenchmarksPBsolvers/vertex-cover/noverticaledges-v1/normalized-grid8_27.opb.xz
22d1704dec1484eef2babe9a5a87c0eebc2bec4fea83eee1f52d28cd33af137e	DEC-LIN/normalized-PB24/nordstrom/CombinatorialBenchmarksPBsolvers/vertex-cover/vc-large-v1/normalized-grid8_19.opb.xz	normalized-PB24.tar	normalized-PB24/DEC-LIN/nordstrom/CombinatorialBenchmarksPBsolvers/vertex-cover/version1/normalized-grid8_19.opb.xz
768eba3336a9c26b8219f61a6ee619483b515d7cf5ceeb21a484b0d7ff810a17	DEC-LIN/normalized-PB24/nordstrom/CombinatorialBenchmarksPBsolvers/vertex-cover/vc-large-v1/normalized-grid8_21.opb.xz	normalized-PB24.tar	normalized-PB24/DEC-LIN/nordstrom/CombinatorialBenchmarksPBsolvers/vertex-cover/version1/normalized-grid8_21.opb.xz
5b0beb804814bdffe4a85dce75ed5319f0f2982a73be36015bce6f85749cb040	DEC-LIN/normalized-PB24/nordstrom/CombinatorialBenchmarksPBsolvers/vertex-cover/vc-large-v1/normalized-grid8_11.opb.xz	normalized-PB24.tar	normalized-PB24/DEC-LIN/nordstrom/CombinatorialBenchmarksPBsolvers/vertex-cover/version1/normalized-grid8_11.opb.xz
ebb3e9a1dfcb909f30081a210a5aaa730445509ef98da7f3166521b43bf0286b	DEC-LIN/normalized-PB24/nordstrom/CombinatorialBenchmarksPBsolvers/vertex-cover/vc-large-v1/normalized-grid8_25.opb.xz	normalized-PB24.tar	normalized-PB24/DEC-LIN/nordstrom/CombinatorialBenchmarksPBsolvers/vertex-cover/version1/normalized-grid8_25.opb.xz
3a42e7e7386f7332974dd0d32e86c692c5f4afc79f6f8e0a5e4b95f9e94d272a	DEC-LIN/normalized-PB24/nordstrom/CombinatorialBenchmarksPBsolvers/vertex-cover/vc-large-v1/normalized-grid8_15.opb.xz	normalized-PB24.tar	normalized-PB24/DEC-LIN/nordstrom/CombinatorialBenchmarksPBsolvers/vertex-cover/version1/normalized-grid8_15.opb.xz
1d5122781a93c9a8cd36257309f1718a574c5b45b3b4f0c856a6410f7b4fef4a	DEC-LIN/normalized-PB24/nordstrom/CombinatorialBenchmarksPBsolvers/vertex-cover/vc-large-v1/normalized-grid8_29.opb.xz	normalized-PB24.tar	normalized-PB24/DEC-LIN/nordstrom/CombinatorialBenchmarksPBsolvers/vertex-cover/version1/normalized-grid8_29.opb.xz
a35b8832e1cf1cc010299ae63497231103cafeaf8af1fb6d5538b585b20984a4	DEC-LIN/normalized-PB24/nordstrom/CombinatorialBenchmarksPBsolvers/vertex-cover/vc-large-v1/normalized-grid8_13.opb.xz	normalized-PB24.tar	normalized-PB24/DEC-LIN/nordstrom/CombinatorialBenchmarksPBsolvers/vertex-cover/version1/normalized-grid8_13.opb.xz
3d568e73e7e28428168dd2921a94e10fa9c1acb8afb076e143e36e4fe55f6711	DEC-LIN/normalized-PB24/nordstrom/CombinatorialBenchmarksPBsolvers/vertex-cover/vc-large-v1/normalized-grid8_23.opb.xz	normalized-PB24.tar	normalized-PB24/DEC-LIN/nordstrom/CombinatorialBenchmarksPBsolvers/vertex-cover/version1/normalized-grid8_23.opb.xz
fb1c4f38a38a427b9f46318744f3bf46c4811289351d88ece287b81aad805b7c	DEC-LIN/normalized-PB24/nordstrom/CombinatorialBenchmarksPBsolvers/vertex-cover/vc-large-v1/normalized-grid8_17.opb.xz	normalized-PB24.tar	normalized-PB24/DEC-LIN/nordstrom/CombinatorialBenchmarksPBsolvers/vertex-cover/version1/normalized-grid8_17.opb.xz
4a8be09a022a46a555db9ae63dff1db6d170798dc8ef45466831ee7b7c5ec627	DEC-LIN/normalized-PB24/nordstrom/CombinatorialBenchmarksPBsolvers/vertex-cover/vc-large-v1/normalized-grid8_27.opb.xz	normalized-PB24.tar	normalized-PB24/DEC-LIN/nordstrom/CombinatorialBenchmarksPBsolvers/vertex-cover/version1/normalized-grid8_27.opb.xz
f642e2d3b05fefebe7d84818686d19a230c7f040001b6e52cae87c7d492e4814	DEC-LIN/normalized-PB24/nordstrom/CombinatorialBenchmarksPBsolvers/domset/larger/domset_large_fixedcols/normalized-domset-hexgrid-fixedcols_04_095.opb.xz	normalized-PB24.tar	normalized-PB24/DEC-LIN/nordstrom/CombinatorialBenchmarksPBsolvers/domset/domset_large_fixedcols_final/normalized-domset-hexgrid-fixedcols_04_095.opb.xz
cb8930703373884a2878e6b596515913d48580110ae8f57cab5add2d668ee5cf	DEC-LIN/normalized-PB24/nordstrom/CombinatorialBenchmarksPBsolvers/domset/larger/domset_large_fixedcols/normalized-domset-hexgrid-fixedcols_04_015.opb.xz	normalized-PB24.tar	normalized-PB24/DEC-LIN/nordstrom/CombinatorialBenchmarksPBsolvers/domset/domset_large_fixedcols_final/normalized-domset-hexgrid-fixedcols_04_015.opb.xz
c9c671f6b3c7bce0b958679cc46167b82780a09f1b721804deb9cb4c2851bb90	DEC-LIN/normalized-PB24/nordstrom/CombinatorialBenchmarksPBsolvers/domset/larger/domset_large_fixedcols/normalized-domset-hexgrid-fixedcols_03_030.opb.xz	normalized-PB24.tar	normalized-PB24/DEC-LIN/nordstrom/CombinatorialBenchmarksPBsolvers/domset/domset_large_fixedcols_final/normalized-domset-hexgrid-fixedcols_03_030.opb.xz
8c54219435560253a50d19fc2067eaf0638def0692404d88f77c8091855496c8	DEC-LIN/normalized-PB24/nordstrom/CombinatorialBenchmarksPBsolvers/domset/larger/domset_large_fixedcols/normalized-domset-hexgrid-fixedcols_06_025.opb.xz	normalized-PB24.tar	normalized-PB24/DEC-LIN/nordstrom/CombinatorialBenchmarksPBsolvers/domset/domset_large_fixedcols_final/normalized-domset-hexgrid-fixedcols_06_025.opb.xz
fa84ea61e8913f79e2ab24123a5927b0a7eca7ec07bfd51de4803abcf7dfa6e9	DEC-LIN/normalized-PB24/nordstrom/CombinatorialBenchmarksPBsolvers/domset/larger/domset_large_fixedcols/normalized-domset-hexgrid-fixedcols_04_070.opb.xz	normalized-PB24.tar	normalized-PB24/DEC-LIN/nordstrom/CombinatorialBenchmarksPBsolvers/domset/domset_large_fixedcols_final/normalized-domset-hexgrid-fixedcols_04_070.opb.xz
4070949275e9db5f039d4ad28a8d29d252567cef7e85be1c584e49e95bbe2cb3	DEC-LIN/normalized-PB24/nordstrom/CombinatorialBenchmarksPBsolvers/domset/larger/domset_large_fixedcols/normalized-domset-hexgrid-fixedcols_03_070.opb.xz	normalized-PB24.tar	normalized-PB24/DEC-LIN/nordstrom/CombinatorialBenchmarksPBsolvers/domset/domset_large_fixedcols_final/normalized-domset-hexgrid-fixedcols_03_070.opb.xz
d15bbc8d5cb4825f9cd65811a45a958a5be08c1c175b8714797dd301945b578f	DEC-LIN/normalized-PB24/nordstrom/CombinatorialBenchmarksPBsolvers/domset/larger/domset_large_fixedcols/normalized-domset-hexgrid-fixedcols_07_014.opb.xz	normalized-PB24.tar	normalized-PB24/DEC-LIN/nordstrom/CombinatorialBenchmarksPBsolvers/domset/domset_large_fixedcols_final/normalized-domset-hexgrid-fixedcols_07_014.opb.xz
5c1f717c4177850c2661a6d3ef3a2e28e65788536b11f323d2703625a9e35d57	DEC-LIN/normalized-PB24/nordstrom/CombinatorialBenchmarksPBsolvers/domset/larger/domset_large_fixedcols/normalized-domset-hexgrid-fixedcols_04_080.opb.xz	normalized-PB24.tar	normalized-PB24/DEC-LIN/nordstrom/CombinatorialBenchmarksPBsolvers/domset/domset_large_fixedcols_final/normalized-domset-hexgrid-fixedcols_04_080.opb.xz
800f9e248c3559cc6dfd2632a760bcf3bbca3e965aeda34913b7e4fa47230aaa	DEC-LIN/normalized-PB24/nordstrom/CombinatorialBenchmarksPBsolvers/domset/larger/domset_large_fixedcols/normalized-domset-hexgrid-fixedcols_07_010.opb.xz	normalized-PB24.tar	normalized-PB24/DEC-LIN/nordstrom/CombinatorialBenchmarksPBsolvers/domset/domset_large_fixedcols_final/normalized-domset-hexgrid-fixedcols_07_010.opb.xz
2ad64b9655a22de73222597560e3e99fb6aafc784683ff43bf69d561e58eb0c4	DEC-LIN/normalized-PB24/nordstrom/CombinatorialBenchmarksPBsolvers/domset/larger/domset_large_fixedcols/normalized-domset-hexgrid-fixedcols_03_020.opb.xz	normalized-PB24.tar	normalized-PB24/DEC-LIN/nordstrom/CombinatorialBenchmarksPBsolvers/domset/domset_large_fixedcols_final/normalized-domset-hexgrid-fixedcols_03_020.opb.xz
db8b42c6bfcfe89199dcd7f8be79504be3dfe13454497f9ba0f9ddaef5a97d4f	DEC-LIN/normalized-PB24/nordstrom/CombinatorialBenchmarksPBsolvers/domset/larger/domset_large_fixedcols/normalized-domset-hexgrid-fixedcols_04_005.opb.xz	normalized-PB24.tar	normalized-PB24/DEC-LIN/nordstrom/CombinatorialBenchmarksPBsolvers/domset/domset_large_fixedcols_final/normalized-domset-hexgrid-fixedcols_04_005.opb.xz
4e2faf07b9eeded867ce3d202282a8ca667db577b54587ee6de46beffa109b83	DEC-LIN/normalized-PB24/nordstrom/CombinatorialBenchmarksPBsolvers/domset/larger/domset_large_fixedcols/normalized-domset-hexgrid-fixedcols_03_040.opb.xz	normalized-PB24.tar	normalized-PB24/DEC-LIN/nordstrom/CombinatorialBenchmarksPBsolvers/domset/domset_large_fixedcols_final/normalized-domset-hexgrid-fixedcols_03_040.opb.xz
0183363caf6008fea8c7f1e1a0061a7abddb3c8430afdb57673775fc04a1120c	DEC-LIN/normalized-PB24/nordstrom/CombinatorialBenchmarksPBsolvers/domset/larger/domset_large_fixedcols/normalized-domset-hexgrid-fixedcols_07_020.opb.xz	normalized-PB24.tar	normalized-PB24/DEC-LIN/nordstrom/CombinatorialBenchmarksPBsolvers/domset/domset_large_fixedcols_final/normalized-domset-hexgrid-fixedcols_07_020.opb.xz
b8377ff358ef421a671d1627d0b016b23af8b860273634bd54c96dbed922ac43	DEC-LIN/normalized-PB24/nordstrom/CombinatorialBenchmarksPBsolvers/domset/larger/domset_large_fixedcols/normalized-domset-hexgrid-fixedcols_06_030.opb.xz	normalized-PB24.tar	normalized-PB24/DEC-LIN/nordstrom/CombinatorialBenchmarksPBsolvers/domset/domset_large_fixedcols_final/normalized-domset-hexgrid-fixedcols_06_030.opb.xz
9f0335b2921c9a1546159cd2b06baca769a650e48b2a86ae3b948a627ccab5ea	DEC-LIN/normalized-PB24/nordstrom/CombinatorialBenchmarksPBsolvers/domset/larger/domset_large_fixedcols/normalized-domset-hexgrid-fixedcols_06_035.opb.xz	normalized-PB24.tar	normalized-PB24/DEC-LIN/nordstrom/CombinatorialBenchmarksPBsolvers/domset/domset_large_fixedcols_final/normalized-domset-hexgrid-fixedcols_06_035.opb.xz
c939dce7367ceb6ea52d1fa47597711d245281b2171c9bbb884c553fbb702df0	DEC-LIN/normalized-PB24/nordstrom/CombinatorialBenchmarksPBsolvers/domset/larger/domset_large_fixedcols/normalized-domset-hexgrid-fixedcols_03_094.opb.xz	normalized-PB24.tar	normalized-PB24/DEC-LIN/nordstrom/CombinatorialBenchmarksPBsolvers/domset/domset_large_fixedcols_final/normalized-domset-hexgrid-fixedcols_03_094.opb.xz
50047f8b371b9c5e7798853c2c6cf9bcf2156c6de2e9520d065ac03b335da67f	DEC-LIN/normalized-PB24/nordstrom/CombinatorialBenchmarksPBsolvers/domset/larger/domset_large_fixedcols/normalized-domset-hexgrid-fixedcols_07_024.opb.xz	normalized-PB24.tar	normalized-PB24/DEC-LIN/nordstrom/CombinatorialBenchmarksPBsolvers/domset/domset_large_fixedcols_final/normalized-domset-hexgrid-fixedcols_07_024.opb.xz
603801c777530e5486aac97e386132b67de3aca0cc4406aa6669f108e0b300d0	DEC-LIN/normalized-PB24/nordstrom/CombinatorialBenchmarksPBsolvers/domset/larger/domset_large_fixedcols/normalized-domset-hexgrid-fixedcols_06_040.opb.xz	normalized-PB24.tar	normalized-PB24/DEC-LIN/nordstrom/CombinatorialBenchmarksPBsolvers/domset/domset_large_fixedcols_final/normalized-domset-hexgrid-fixedcols_06_040.opb.xz
323a55951d89cd51ba68bdf287fbaa9f128412070b33c3a058d72809c06998ab	DEC-LIN/normalized-PB24/nordstrom/CombinatorialBenchmarksPBsolvers/domset/larger/domset_large_fixedcols/normalized-domset-hexgrid-fixedcols_06_015.opb.xz	normalized-PB24.tar	normalized-PB24/DEC-LIN/nordstrom/CombinatorialBenchmarksPBsolvers/domset/domset_large_fixedcols_final/normalized-domset-hexgrid-fixedcols_06_015.opb.xz
abfc6843e0842e0b018c5c3129240b5644e8c0df4a611756f57ac5f87e2d2c23	DEC-LIN/normalized-PB24/nordstrom/CombinatorialBenchmarksPBsolvers/domset/larger/domset_large_fixedcols/normalized-domset-hexgrid-fixedcols_03_024.opb.xz	normalized-PB24.tar	normalized-PB24/DEC-LIN/nordstrom/CombinatorialBenchmarksPBsolvers/domset/domset_large_fixedcols_final/normalized-domset-hexgrid-fixedcols_03_024.opb.xz
433d75d298df110ff1698bc2c398a6a470ebeb3432ca3e7b73ea6ecd56abaa40	DEC-LIN/normalized-PB24/nordstrom/CombinatorialBenchmarksPBsolvers/domset/larger/domset_large_fixedcols/normalized-domset-hexgrid-fixedcols_05_024.opb.xz	normalized-PB24.tar	normalized-PB24/DEC-LIN/nordstrom/CombinatorialBenchmarksPBsolvers/domset/domset_large_fixedcols_final/normalized-domset-hexgrid-fixedcols_05_024.opb.xz
047f78083ec7bed4488e6aeca148c357b1a9887c3d41ecad78fdeb0b082ad521	DEC-LIN/normalized-PB24/nordstrom/CombinatorialBenchmarksPBsolvers/domset/larger/domset_large_fixedcols/normalized-domset-hexgrid-fixedcols_04_100.opb.xz	normalized-PB24.tar	normalized-PB24/DEC-LIN/nordstrom/CombinatorialBenchmarksPBsolvers/domset/domset_large_fixedcols_final/normalized-domset-hexgrid-fixedcols_04_100.opb.xz
b1c6dc47b9bcbcf4fac349a655f468828d5269632597c3135b34aa8982ef4061	DEC-LIN/normalized-PB24/nordstrom/CombinatorialBenchmarksPBsolvers/domset/larger/domset_large_fixedcols/normalized-domset-hexgrid-fixedcols_07_040.opb.xz	normalized-PB24.tar	normalized-PB24/DEC-LIN/nordstrom/CombinatorialBenchmarksPBsolvers/domset/domset_large_fixedcols_final/normalized-domset-hexgrid-fixedcols_07_040.opb.xz
6e7ddb994c63a01b596c71335be821e7868460f071a96f34c7d3ca751d0fded0	DEC-LIN/normalized-PB24/nordstrom/CombinatorialBenchmarksPBsolvers/domset/larger/domset_large_fixedcols/normalized-domset-hexgrid-fixedcols_04_025.opb.xz	normalized-PB24.tar	normalized-PB24/DEC-LIN/nordstrom/CombinatorialBenchmarksPBsolvers/domset/domset_large_fixedcols_final/normalized-domset-hexgrid-fixedcols_04_025.opb.xz
14dd241e3e75ad7eb3b74d6c714cfcec1aa672e6a9303fcbbd92329b83d85c05	DEC-LIN/normalized-PB24/nordstrom/CombinatorialBenchmarksPBsolvers/domset/larger/domset_large_fixedcols/normalized-domset-hexgrid-fixedcols_04_075.opb.xz	normalized-PB24.tar	normalized-PB24/DEC-LIN/nordstrom/CombinatorialBenchmarksPBsolvers/domset/domset_large_fixedcols_final/normalized-domset-hexgrid-fixedcols_04_075.opb.xz
6e86139a7ef247d77bf74e5f5549f06945c43d93f038af9fc32d900af5d42af2	DEC-LIN/normalized-PB24/nordstrom/CombinatorialBenchmarksPBsolvers/domset/larger/domset_large_fixedcols/normalized-domset-hexgrid-fixedcols_03_084.opb.xz	normalized-PB24.tar	normalized-PB24/DEC-LIN/nordstrom/CombinatorialBenchmarksPBsolvers/domset/domset_large_fixedcols_final/normalized-domset-hexgrid-fixedcols_03_084.opb.xz
60168b14250403236a17aa8028ad20f8accbe69096ba147cc90d64f7bf2db1e3	DEC-LIN/normalized-PB24/nordstrom/CombinatorialBenchmarksPBsolvers/domset/larger/domset_large_fixedcols/normalized-domset-hexgrid-fixedcols_06_005.opb.xz	normalized-PB24.tar	normalized-PB24/DEC-LIN/nordstrom/CombinatorialBenchmarksPBsolvers/domset/domset_large_fixedcols_final/normalized-domset-hexgrid-fixedcols_06_005.opb.xz
275f4fd9ceb4b40785264decd019818c44620981dba800abbd03d946199f315a	DEC-LIN/normalized-PB24/nordstrom/CombinatorialBenchmarksPBsolvers/domset/larger/domset_large_fixedcols/normalized-domset-hexgrid-fixedcols_04_065.opb.xz	normalized-PB24.tar	normalized-PB24/DEC-LIN/nordstrom/CombinatorialBenchmarksPBsolvers/domset/domset_large_fixedcols_final/normalized-domset-hexgrid-fixedcols_04_065.opb.xz
623466fd8e6cc83de819ee34e2041a60db376653aaedec6c449a6f0a543dea2c	DEC-LIN/normalized-PB24/nordstrom/CombinatorialBenchmarksPBsolvers/domset/larger/domset_large_fixedcols/normalized-domset-hexgrid-fixedcols_04_050.opb.xz	normalized-PB24.tar	normalized-PB24/DEC-LIN/nordstrom/CombinatorialBenchmarksPBsolvers/domset/domset_large_fixedcols_final/normalized-domset-hexgrid-fixedcols_04_050.opb.xz
bcd8eec34730fbd5b980663a5972eedeafa70a96c64aa27c1455bab4d813f3d8	DEC-LIN/normalized-PB24/nordstrom/CombinatorialBenchmarksPBsolvers/domset/larger/domset_large_fixedcols/normalized-domset-hexgrid-fixedcols_05_040.opb.xz	normalized-PB24.tar	normalized-PB24/DEC-LIN/nordstrom/CombinatorialBenchmarksPBsolvers/domset/domset_large_fixedcols_final/normalized-domset-hexgrid-fixedcols_05_040.opb.xz
bbc2a28b532164b4f0776993563e05455529b0c52c68655a1cafbe9b78024bcd	DEC-LIN/normalized-PB24/nordstrom/CombinatorialBenchmarksPBsolvers/domset/larger/domset_large_fixedcols/normalized-domset-hexgrid-fixedcols_03_004.opb.xz	normalized-PB24.tar	normalized-PB24/DEC-LIN/nordstrom/CombinatorialBenchmarksPBsolvers/domset/domset_large_fixedcols_final/normalized-domset-hexgrid-fixedcols_03_004.opb.xz
5f8840110f21fb515321aaa913d5dd9e763fdb79d4309b73a2e645679c988bfe	DEC-LIN/normalized-PB24/nordstrom/CombinatorialBenchmarksPBsolvers/domset/larger/domset_large_fixedcols/normalized-domset-hexgrid-fixedcols_03_054.opb.xz	normalized-PB24.tar	normalized-PB24/DEC-LIN/nordstrom/CombinatorialBenchmarksPBsolvers/domset/domset_large_fixedcols_final/normalized-domset-hexgrid-fixedcols_03_054.opb.xz
8c2c8e6cc9db70f7c8c770aa2add6b8a9e4eec4eacffd401f1c358975636bc63	DEC-LIN/normalized-PB24/nordstrom/CombinatorialBenchmarksPBsolvers/domset/larger/domset_large_fixedcols/normalized-domset-hexgrid-fixedcols_03_090.opb.xz	normalized-PB24.tar	normalized-PB24/DEC-LIN/nordstrom/CombinatorialBenchmarksPBsolvers/domset/domset_large_fixedcols_final/normalized-domset-hexgrid-fixedcols_03_090.opb.xz
88696bed0a6c7913d8bdcb5b41dd482ae1f95120350a8b0cfe339c1e9e39e224	DEC-LIN/normalized-PB24/nordstrom/CombinatorialBenchmarksPBsolvers/domset/larger/domset_large_fixedcols/normalized-domset-hexgrid-fixedcols_07_030.opb.xz	normalized-PB24.tar	normalized-PB24/DEC-LIN/nordstrom/CombinatorialBenchmarksPBsolvers/domset/domset_large_fixedcols_final/normalized-domset-hexgrid-fixedcols_07_030.opb.xz
5c7dda9e234368716ed4334daf6c5aeb6bbbdf53cbbd2969aa63bba7cf8f4739	DEC-LIN/normalized-PB24/nordstrom/CombinatorialBenchmarksPBsolvers/domset/larger/domset_large_fixedcols/normalized-domset-hexgrid-fixedcols_03_074.opb.xz	normalized-PB24.tar	normalized-PB24/DEC-LIN/nordstrom/CombinatorialBenchmarksPBsolvers/domset/domset_large_fixedcols_final/normalized-domset-hexgrid-fixedcols_03_074.opb.xz
ab2ddbdfc3ebd0c291cf0143a9db0d9042051510d1c0ef28f1472579f8ff5bd8	DEC-LIN/normalized-PB24/nordstrom/CombinatorialBenchmarksPBsolvers/domset/larger/domset_large_fixedcols/normalized-domset-hexgrid-fixedcols_03_010.opb.xz	normalized-PB24.tar	normalized-PB24/DEC-LIN/nordstrom/CombinatorialBenchmarksPBsolvers/domset/domset_large_fixedcols_final/normalized-domset-hexgrid-fixedcols_03_010.opb.xz
acaa56abcb56c2ff7204eecf0922749033511e57fcb4e42473ccbabc53a9264c	DEC-LIN/normalized-PB24/nordstrom/CombinatorialBenchmarksPBsolvers/domset/larger/domset_large_fixedcols/normalized-domset-hexgrid-fixedcols_03_044.opb.xz	normalized-PB24.tar	normalized-PB24/DEC-LIN/nordstrom/CombinatorialBenchmarksPBsolvers/domset/domset_large_fixedcols_final/normalized-domset-hexgrid-fixedcols_03_044.opb.xz
9b10e45b8cace1b44bb440c40709279b040a78dd321f18cdcba97e1759470d88	DEC-LIN/normalized-PB24/nordstrom/CombinatorialBenchmarksPBsolvers/domset/larger/domset_large_fixedcols/normalized-domset-hexgrid-fixedcols_06_020.opb.xz	normalized-PB24.tar	normalized-PB24/DEC-LIN/nordstrom/CombinatorialBenchmarksPBsolvers/domset/domset_large_fixedcols_final/normalized-domset-hexgrid-fixedcols_06_020.opb.xz
4dd9f570fe58ab708ae478a97b06e58a743b79629a61593100fe6199b7f70ecf	DEC-LIN/normalized-PB24/nordstrom/CombinatorialBenchmarksPBsolvers/domset/larger/domset_large_fixedcols/normalized-domset-hexgrid-fixedcols_05_004.opb.xz	normalized-PB24.tar	normalized-PB24/DEC-LIN/nordstrom/CombinatorialBenchmarksPBsolvers/domset/domset_large_fixedcols_final/normalized-domset-hexgrid-fixedcols_05_004.opb.xz
0c5dc49f0d559c3fad64aef35d272db9953e06375308a767e7697e24ccc420d7	DEC-LIN/normalized-PB24/nordstrom/CombinatorialBenchmarksPBsolvers/domset/larger/domset_large_fixedcols/normalized-domset-hexgrid-fixedcols_07_004.opb.xz	normalized-PB24.tar	normalized-PB24/DEC-LIN/nordstrom/CombinatorialBenchmarksPBsolvers/domset/domset_large_fixedcols_final/normalized-domset-hexgrid-fixedcols_07_004.opb.xz
3ab2d98b132e22ee2cf482164f26a0d3a60382f09b956261625b8318cfa0b208	DEC-LIN/normalized-PB24/nordstrom/CombinatorialBenchmarksPBsolvers/domset/larger/domset_large_fixedcols/normalized-domset-hexgrid-fixedcols_04_060.opb.xz	normalized-PB24.tar	normalized-PB24/DEC-LIN/nordstrom/CombinatorialBenchmarksPBsolvers/domset/domset_large_fixedcols_final/normalized-domset-hexgrid-fixedcols_04_060.opb.xz
d3c929baf2af28786671fd0e094a43febcf7a3e338c2b34c354c4a79c7310405	DEC-LIN/normalized-PB24/nordstrom/CombinatorialBenchmarksPBsolvers/domset/larger/domset_large_fixedcols/normalized-domset-hexgrid-fixedcols_03_080.opb.xz	normalized-PB24.tar	normalized-PB24/DEC-LIN/nordstrom/CombinatorialBenchmarksPBsolvers/domset/domset_large_fixedcols_final/normalized-domset-hexgrid-fixedcols_03_080.opb.xz
8f9e8f41bd2903ab9db62c300b001a1baedfa82715da017e4d1c41c276306e45	DEC-LIN/normalized-PB24/nordstrom/CombinatorialBenchmarksPBsolvers/domset/larger/domset_large_fixedcols/normalized-domset-hexgrid-fixedcols_03_060.opb.xz	normalized-PB24.tar	normalized-PB24/DEC-LIN/nordstrom/CombinatorialBenchmarksPBsolvers/domset/domset_large_fixedcols_final/normalized-domset-hexgrid-fixedcols_03_060.opb.xz
7519f52710929cb12bd1aa6161bd0bdb509962a60ff9f7b1d47f36588a5cedaf	DEC-LIN/normalized-PB24/nordstrom/CombinatorialBenchmarksPBsolvers/domset/larger/domset_large_fixedcols/normalized-domset-hexgrid-fixedcols_05_014.opb.xz	normalized-PB24.tar	normalized-PB24/DEC-LIN/nordstrom/CombinatorialBenchmarksPBsolvers/domset/domset_large_fixedcols_final/normalized-domset-hexgrid-fixedcols_05_014.opb.xz
4105e221f8c5837ae6b6b0834b61ff8454cc11a1b7ab8b730f3b7c4a67db1d9b	DEC-LIN/normalized-PB24/nordstrom/CombinatorialBenchmarksPBsolvers/domset/larger/domset_large_fixedcols/normalized-domset-hexgrid-fixedcols_04_010.opb.xz	normalized-PB24.tar	normalized-PB24/DEC-LIN/nordstrom/CombinatorialBenchmarksPBsolvers/domset/domset_large_fixedcols_final/normalized-domset-hexgrid-fixedcols_04_010.opb.xz
ac36164acbf5e2f5e3ef76ee559f5a3b7a1261d7c444646ebaa1e61e5eec4cdc	DEC-LIN/normalized-PB24/nordstrom/CombinatorialBenchmarksPBsolvers/domset/larger/domset_large_fixedcols/normalized-domset-hexgrid-fixedcols_03_014.opb.xz	normalized-PB24.tar	normalized-PB24/DEC-LIN/nordstrom/CombinatorialBenchmarksPBsolvers/domset/domset_large_fixedcols_final/normalized-domset-hexgrid-fixedcols_03_014.opb.xz
97b43b6faff73beaf40d495acebd4c8e0d8a6d6c51a75eb3b102c7edd4568b5d	DEC-LIN/normalized-PB24/nordstrom/CombinatorialBenchmarksPBsolvers/domset/larger/domset_large_fixedcols/normalized-domset-hexgrid-fixedcols_05_010.opb.xz	normalized-PB24.tar	normalized-PB24/DEC-LIN/nordstrom/CombinatorialBenchmarksPBsolvers/domset/domset_large_fixedcols_final/normalized-domset-hexgrid-fixedcols_05_010.opb.xz
bcf82282739c15cf78e8ec9c2f2d4d0b556e01b0042a0ed66bd6450131ec046b	DEC-LIN/normalized-PB24/nordstrom/CombinatorialBenchmarksPBsolvers/domset/larger/domset_large_fixedcols/normalized-domset-hexgrid-fixedcols_03_100.opb.xz	normalized-PB24.tar	normalized-PB24/DEC-LIN/nordstrom/CombinatorialBenchmarksPBsolvers/domset/domset_large_fixedcols_final/normalized-domset-hexgrid-fixedcols_03_100.opb.xz
e4f7a23a6aef6de93b397561fc1cf0388f26ed8b2503b667a66f72329f6650ce	DEC-LIN/normalized-PB24/nordstrom/CombinatorialBenchmarksPBsolvers/domset/larger/domset_large_fixedcols/normalized-domset-hexgrid-fixedcols_04_055.opb.xz	normalized-PB24.tar	normalized-PB24/DEC-LIN/nordstrom/CombinatorialBenchmarksPBsolvers/domset/domset_large_fixedcols_final/normalized-domset-hexgrid-fixedcols_04_055.opb.xz
3a4112ca77540f141e028de352188263289096709932286b9918b1991d63070d	DEC-LIN/normalized-PB24/nordstrom/CombinatorialBenchmarksPBsolvers/domset/larger/domset_large_fixedcols/normalized-domset-hexgrid-fixedcols_06_010.opb.xz	normalized-PB24.tar	normalized-PB24/DEC-LIN/nordstrom/CombinatorialBenchmarksPBsolvers/domset/domset_large_fixedcols_final/normalized-domset-hexgrid-fixedcols_06_010.opb.xz
5712a678378bfb1a49642ef98a0f265c6f19fb3c40323293659b9fb88c45086b	DEC-LIN/normalized-PB24/nordstrom/CombinatorialBenchmarksPBsolvers/domset/larger/domset_large_fixedcols/normalized-domset-hexgrid-fixedcols_04_035.opb.xz	normalized-PB24.tar	normalized-PB24/DEC-LIN/nordstrom/CombinatorialBenchmarksPBsolvers/domset/domset_large_fixedcols_final/normalized-domset-hexgrid-fixedcols_04_035.opb.xz
84c0b3196f698cbc5fe7a28e2823e69ba014b8eaa0f03feb546aef061c8bc2ce	DEC-LIN/normalized-PB24/nordstrom/CombinatorialBenchmarksPBsolvers/domset/larger/domset_large_fixedcols/normalized-domset-hexgrid-fixedcols_03_050.opb.xz	normalized-PB24.tar	normalized-PB24/DEC-LIN/nordstrom/CombinatorialBenchmarksPBsolvers/domset/domset_large_fixedcols_final/normalized-domset-hexgrid-fixedcols_03_050.opb.xz
d160324096db4d013da1a24c48d6b192ce87a18cbeb78c22342299abeb4b6b20	DEC-LIN/normalized-PB24/nordstrom/CombinatorialBenchmarksPBsolvers/domset/larger/domset_large_fixedcols/normalized-domset-hexgrid-fixedcols_04_090.opb.xz	normalized-PB24.tar	normalized-PB24/DEC-LIN/nordstrom/CombinatorialBenchmarksPBsolvers/domset/domset_large_fixedcols_final/normalized-domset-hexgrid-fixedcols_04_090.opb.xz
e5adfb2a10b66b5afb8699cc8f8b5e7311c57106911e3edfb381cbd1e9420b5e	DEC-LIN/normalized-PB24/nordstrom/CombinatorialBenchmarksPBsolvers/domset/larger/domset_large_fixedcols/normalized-domset-hexgrid-fixedcols_03_034.opb.xz	normalized-PB24.tar	normalized-PB24/DEC-LIN/nordstrom/CombinatorialBenchmarksPBsolvers/domset/domset_large_fixedcols_final/normalized-domset-hexgrid-fixedcols_03_034.opb.xz
c5781c4f2ad12496f1d342e90e41a7370b5988a0d368ed0db5daad35013787c4	DEC-LIN/normalized-PB24/nordstrom/CombinatorialBenchmarksPBsolvers/domset/larger/domset_large_fixedcols/normalized-domset-hexgrid-fixedcols_03_064.opb.xz	normalized-PB24.tar	normalized-PB24/DEC-LIN/nordstrom/CombinatorialBenchmarksPBsolvers/domset/domset_large_fixedcols_final/normalized-domset-hexgrid-fixedcols_03_064.opb.xz
d71d2c9b4359fcd98cfeb5277ddd5a7072f933f9bdfd591ec316216ac62795d3	DEC-LIN/normalized-PB24/nordstrom/CombinatorialBenchmarksPBsolvers/domset/larger/domset_large_fixedcols/normalized-domset-hexgrid-fixedcols_04_085.opb.xz	normalized-PB24.tar	normalized-PB24/DEC-LIN/nordstrom/CombinatorialBenchmarksPBsolvers/domset/domset_large_fixedcols_final/normalized-domset-hexgrid-fixedcols_04_085.opb.xz
02dfec90035bb8f3fb7025f252ada665e92956b8aca152fa46b48d9f4f57f259	DEC-LIN/normalized-PB24/nordstrom/CombinatorialBenchmarksPBsolvers/domset/larger/domset_large_fixedcols/normalized-domset-hexgrid-fixedcols_05_030.opb.xz	normalized-PB24.tar	normalized-PB24/DEC-LIN/nordstrom/CombinatorialBenchmarksPBsolvers/domset/domset_large_fixedcols_final/normalized-domset-hexgrid-fixedcols_05_030.opb.xz
ef1d1f958dbed101f4553daac5e1d3c29c72d7c7af3ef3eac19130f8dbb19e72	DEC-LIN/normalized-PB24/nordstrom/CombinatorialBenchmarksPBsolvers/domset/larger/domset_large_fixedcols/normalized-domset-hexgrid-fixedcols_07_034.opb.xz	normalized-PB24.tar	normalized-PB24/DEC-LIN/nordstrom/CombinatorialBenchmarksPBsolvers/domset/domset_large_fixedcols_final/normalized-domset-hexgrid-fixedcols_07_034.opb.xz
976c36cac67944f783d32ccf2cad29aa89bdf9cd435f54a33f355db55324e6f5	DEC-LIN/normalized-PB24/nordstrom/CombinatorialBenchmarksPBsolvers/domset/larger/domset_large_fixedcols/normalized-domset-hexgrid-fixedcols_05_020.opb.xz	normalized-PB24.tar	normalized-PB24/DEC-LIN/nordstrom/CombinatorialBenchmarksPBsolvers/domset/domset_large_fixedcols_final/normalized-domset-hexgrid-fixedcols_05_020.opb.xz
515b2a9e4ca15207af2cfe50750636055950fd9ac79f2ea83a27e197ed341e36	DEC-LIN/normalized-PB24/nordstrom/CombinatorialBenchmarksPBsolvers/domset/larger/domset_large_fixedcols/normalized-domset-hexgrid-fixedcols_05_034.opb.xz	normalized-PB24.tar	normalized-PB24/DEC-LIN/nordstrom/CombinatorialBenchmarksPBsolvers/domset/domset_large_fixedcols_final/normalized-domset-hexgrid-fixedcols_05_034.opb.xz
07a94dc52ce8334ed7e35bbc7b0e2799110926bccd29298ca087cfe4bb4bdd23	DEC-LIN/normalized-PB24/nordstrom/CombinatorialBenchmarksPBsolvers/domset/larger/domset_large_fixedcols/normalized-domset-hexgrid-fixedcols_04_045.opb.xz	normalized-PB24.tar	normalized-PB24/DEC-LIN/nordstrom/CombinatorialBenchmarksPBsolvers/domset/domset_large_fixedcols_final/normalized-domset-hexgrid-fixedcols_04_045.opb.xz
37ddffb3bb07ba8612b9519f688f5ba6242581e8ee61f163593177e782bc1eba	DEC-LIN/normalized-PB24/nordstrom/CombinatorialBenchmarksPBsolvers/domset/larger/domset_large_fixedcols/normalized-domset-hexgrid-fixedcols_04_020.opb.xz	normalized-PB24.tar	normalized-PB24/DEC-LIN/nordstrom/CombinatorialBenchmarksPBsolvers/domset/domset_large_fixedcols_final/normalized-domset-hexgrid-fixedcols_04_020.opb.xz
0c1f7ffdf649e9c6ca8ff8aaef88e6a01f0360dc99ea5a3e97b84dc24abfd034	DEC-LIN/normalized-PB24/nordstrom/CombinatorialBenchmarksPBsolvers/domset/larger/domset_large_fixedcols/normalized-domset-hexgrid-fixedcols_04_030.opb.xz	normalized-PB24.tar	normalized-PB24/DEC-LIN/nordstrom/CombinatorialBenchmarksPBsolvers/domset/domset_large_fixedcols_final/normalized-domset-hexgrid-fixedcols_04_030.opb.xz
5b7741f000666ff1c59371faa0fae12852e1137ee4e05c85f11ed29c7258745a	DEC-LIN/normalized-PB24/nordstrom/CombinatorialBenchmarksPBsolvers/domset/larger/domset_large_fixedcols/normalized-domset-hexgrid-fixedcols_04_040.opb.xz	normalized-PB24.tar	normalized-PB24/DEC-LIN/nordstrom/CombinatorialBenchmarksPBsolvers/domset/domset_large_fixedcols_final/normalized-domset-hexgrid-fixedcols_04_040.opb.xz
b65b829399855bcfd7f51152185c986a89e19876605b2f5f1d22ce65ac70b827	DEC-LIN/normalized-PB24/nordstrom/CombinatorialBenchmarksPBsolvers/domset/domset_large_fixedcols_final/normalized-domset-hexgrid-fixedcols_06_011.opb.xz	normalized-PB24.tar	normalized-PB24/DEC-LIN/nordstrom/CombinatorialBenchmarksPBsolvers/domset/domset_large/normalized-domset-hexgrid_11_006.opb.xz
cb924733762b689ea4f9c4487b14b182ef5df725fae8356f441dc05e55c0a430	DEC-LIN/normalized-PB24/nordstrom/CombinatorialBenchmarksPBsolvers/domset/domset_large_fixedcols_final/normalized-domset-hexgrid-fixedcols_06_006.opb.xz	normalized-PB24.tar	normalized-PB24/DEC-LIN/nordstrom/CombinatorialBenchmarksPBsolvers/domset/domset_large/normalized-domset-hexgrid_06_006.opb.xz
8635035bc8e8d601c48e4934f65034884de6fe2f0bde8e116fa01bb631c3bd7f	DEC-LIN/normalized-PB24/nordstrom/CombinatorialBenchmarksPBsolvers/domset/domset_large_fixedcols_final/normalized-domset-hexgrid-fixedcols_06_008.opb.xz	normalized-PB24.tar	normalized-PB24/DEC-LIN/nordstrom/CombinatorialBenchmarksPBsolvers/domset/domset_large/normalized-domset-hexgrid_08_006.opb.xz
d284334c256f7b8f8f83a7f38df6b0a7ea94a20f46056c5dffdbe9a9ffd8fe4a	DEC-LIN/normalized-PB24/nordstrom/CombinatorialBenchmarksPBsolvers/domset/domset_large_fixedcols_final/normalized-domset-hexgrid-fixedcols_07_008.opb.xz	normalized-PB24.tar	normalized-PB24/DEC-LIN/nordstrom/CombinatorialBenchmarksPBsolvers/domset/domset_large/normalized-domset-hexgrid_08_007.opb.xz
800f9e248c3559cc6dfd2632a760bcf3bbca3e965aeda34913b7e4fa47230aaa	DEC-LIN/normalized-PB24/nordstrom/CombinatorialBenchmarksPBsolvers/domset/larger/domset_large_fixedcols/normalized-domset-hexgrid-fixedcols_07_010.opb.xz	normalized-PB24.tar	normalized-PB24/DEC-LIN/nordstrom/CombinatorialBenchmarksPBsolvers/domset/domset_large/normalized-domset-hexgrid_10_007.opb.xz
ccf0125934223579338cfe3837ed31f7302137a90c98e1a1aaef75fa79491f65	DEC-LIN/normalized-PB24/nordstrom/CombinatorialBenchmarksPBsolvers/domset/domset_large_fixedcols_final/normalized-domset-hexgrid-fixedcols_06_007.opb.xz	normalized-PB24.tar	normalized-PB24/DEC-LIN/nordstrom/CombinatorialBenchmarksPBsolvers/domset/domset_large/normalized-domset-hexgrid_07_006.opb.xz
0c5dc49f0d559c3fad64aef35d272db9953e06375308a767e7697e24ccc420d7	DEC-LIN/normalized-PB24/nordstrom/CombinatorialBenchmarksPBsolvers/domset/larger/domset_large_fixedcols/normalized-domset-hexgrid-fixedcols_07_004.opb.xz	normalized-PB24.tar	normalized-PB24/DEC-LIN/nordstrom/CombinatorialBenchmarksPBsolvers/domset/domset_large/normalized-domset-hexgrid_04_007.opb.xz
d55793bb43be0ffeaccb8a49430231f04911da099f4b00baacb638bec674fb9e	DEC-LIN/normalized-PB24/nordstrom/CombinatorialBenchmarksPBsolvers/domset/domset_large_fixedcols_final/normalized-domset-hexgrid-fixedcols_07_006.opb.xz	normalized-PB24.tar	normalized-PB24/DEC-LIN/nordstrom/CombinatorialBenchmarksPBsolvers/domset/domset_large/normalized-domset-hexgrid_06_007.opb.xz
3a4112ca77540f141e028de352188263289096709932286b9918b1991d63070d	DEC-LIN/normalized-PB24/nordstrom/CombinatorialBenchmarksPBsolvers/domset/larger/domset_large_fixedcols/normalized-domset-hexgrid-fixedcols_06_010.opb.xz	normalized-PB24.tar	normalized-PB24/DEC-LIN/nordstrom/CombinatorialBenchmarksPBsolvers/domset/domset_large/normalized-domset-hexgrid_10_006.opb.xz
fd9f27e4e04b3777307c5c1c73c870742e9728a5d9970c88c6244f38a0991e96	DEC-LIN/normalized-PB24/nordstrom/CombinatorialBenchmarksPBsolvers/domset/domset_large_fixedcols_final/normalized-domset-hexgrid-fixedcols_06_004.opb.xz	normalized-PB24.tar	normalized-PB24/DEC-LIN/nordstrom/CombinatorialBenchmarksPBsolvers/domset/domset_large/normalized-domset-hexgrid_04_006.opb.xz
01a568792aaf6c579c0c796bc9ba5c025107338405bfc3a53b37808663380563	DEC-LIN/normalized-PB24/nordstrom/CombinatorialBenchmarksPBsolvers/domset/domset_large_fixedcols_final/normalized-domset-hexgrid-fixedcols_06_009.opb.xz	normalized-PB24.tar	normalized-PB24/DEC-LIN/nordstrom/CombinatorialBenchmarksPBsolvers/domset/domset_large/normalized-domset-hexgrid_09_006.opb.xz
60168b14250403236a17aa8028ad20f8accbe69096ba147cc90d64f7bf2db1e3	DEC-LIN/normalized-PB24/nordstrom/CombinatorialBenchmarksPBsolvers/domset/larger/domset_large_fixedcols/normalized-domset-hexgrid-fixedcols_06_005.opb.xz	normalized-PB24.tar	normalized-PB24/DEC-LIN/nordstrom/CombinatorialBenchmarksPBsolvers/domset/domset_large/normalized-domset-hexgrid_05_006.opb.xz
a283fa14e557ce6d2ab226801253b28e38dcd7a938a5602af3b935f9ce80d999	DEC-LIN/normalized-PB16/elffers/subsetcard/normalized-subsetcard-eq-fixedbandwidth-80.opb.xz	normalized-PB24.tar	normalized-PB24/DEC-LIN/nordstrom/CombinatorialBenchmarksPBsolvers/subsetcard/fixedbw_opb/normalized-subsetcard-eq-fixedbandwidth-80.opb.xz
ab7e97d01f1e29a5aaa9961e5a5b945bb31021dadc7465fbc15029f627f3223e	DEC-LIN/normalized-PB16/elffers/subsetcard/normalized-subsetcard-geq-fixedbandwidth-45.opb.xz	normalized-PB24.tar	normalized-PB24/DEC-LIN/nordstrom/CombinatorialBenchmarksPBsolvers/subsetcard/fixedbw_opb/normalized-subsetcard-geq-fixedbandwidth-45.opb.xz
8a00137b53258afe92c62a459266b325f6fcb53fa0cef572936c16cd8a3120c1	DEC-LIN/normalized-PB16/elffers/subsetcard/normalized-subsetcard-geq-fixedbandwidth-80.opb.xz	normalized-PB24.tar	normalized-PB24/DEC-LIN/nordstrom/CombinatorialBenchmarksPBsolvers/subsetcard/fixedbw_opb/normalized-subsetcard-geq-fixedbandwidth-80.opb.xz
59fe586475ec2d671a3c67c89ab2c3b7e86ae29b9c36a8dd59d92e19046abe8d	DEC-LIN/normalized-PB16/elffers/subsetcard/normalized-subsetcard-geq-fixedbandwidth-20.opb.xz	normalized-PB24.tar	normalized-PB24/DEC-LIN/nordstrom/CombinatorialBenchmarksPBsolvers/subsetcard/fixedbw_opb/normalized-subsetcard-geq-fixedbandwidth-20.opb.xz
6c131e108975c8c3335e6c030f437bf3e911e3894147f06371d8e7b7db8e8e5d	DEC-LIN/normalized-PB16/elffers/subsetcard/normalized-subsetcard-geq-fixedbandwidth-25.opb.xz	normalized-PB24.tar	normalized-PB24/DEC-LIN/nordstrom/CombinatorialBenchmarksPBsolvers/subsetcard/fixedbw_opb/normalized-subsetcard-geq-fixedbandwidth-25.opb.xz
fbc10a0cf7fa2e63a650bdaf4acd19714718d5bdacb9282a2bdb0d01cd1601fd	DEC-LIN/normalized-PB16/elffers/subsetcard/normalized-subsetcard-geq-fixedbandwidth-50.opb.xz	normalized-PB24.tar	normalized-PB24/DEC-LIN/nordstrom/CombinatorialBenchmarksPBsolvers/subsetcard/fixedbw_opb/normalized-subsetcard-geq-fixedbandwidth-50.opb.xz
3c41262ed513527d9cf7199ed02d15b11016012c9f0572f2902390765ef81095	DEC-LIN/normalized-PB16/elffers/subsetcard/normalized-subsetcard-geq-fixedbandwidth-70.opb.xz	normalized-PB24.tar	normalized-PB24/DEC-LIN/nordstrom/CombinatorialBenchmarksPBsolvers/subsetcard/fixedbw_opb/normalized-subsetcard-geq-fixedbandwidth-70.opb.xz
147c84e6ea313ea528e8023d0b2c93c98c6c9d4bff6ff8e6e79ac07f9fd83f7d	DEC-LIN/normalized-PB16/elffers/subsetcard/normalized-subsetcard-eq-fixedbandwidth-30.opb.xz	normalized-PB24.tar	normalized-PB24/DEC-LIN/nordstrom/CombinatorialBenchmarksPBsolvers/subsetcard/fixedbw_opb/normalized-subsetcard-eq-fixedbandwidth-30.opb.xz
4e00bf2bc3891ae901f291bd74ef0d0d85b915d71b9ea19197b7fd86e9dbff0d	DEC-LIN/normalized-PB16/elffers/subsetcard/normalized-subsetcard-geq-fixedbandwidth-65.opb.xz	normalized-PB24.tar	normalized-PB24/DEC-LIN/nordstrom/CombinatorialBenchmarksPBsolvers/subsetcard/fixedbw_opb/normalized-subsetcard-geq-fixedbandwidth-65.opb.xz
d2ea4edb2c868787f1f1e368d2d42a42947928663bbb382a572f1f668d122234	DEC-LIN/normalized-PB16/elffers/subsetcard/normalized-subsetcard-geq-fixedbandwidth-75.opb.xz	normalized-PB24.tar	normalized-PB24/DEC-LIN/nordstrom/CombinatorialBenchmarksPBsolvers/subsetcard/fixedbw_opb/normalized-subsetcard-geq-fixedbandwidth-75.opb.xz
ff63cb997faee03e731b66aaa2428cd0cef86a910e8740a73eef56cff6a5feac	DEC-LIN/normalized-PB16/elffers/subsetcard/normalized-subsetcard-geq-fixedbandwidth-60.opb.xz	normalized-PB24.tar	normalized-PB24/DEC-LIN/nordstrom/CombinatorialBenchmarksPBsolvers/subsetcard/fixedbw_opb/normalized-subsetcard-geq-fixedbandwidth-60.opb.xz
58886238c36f636808c02806075d581381506a00458a6b50bbdab44fb4fe45fe	DEC-LIN/normalized-PB16/elffers/subsetcard/normalized-subsetcard-geq-fixedbandwidth-35.opb.xz	normalized-PB24.tar	normalized-PB24/DEC-LIN/nordstrom/CombinatorialBenchmarksPBsolvers/subsetcard/fixedbw_opb/normalized-subsetcard-geq-fixedbandwidth-35.opb.xz
f3ce2e127556aedd30bb0f3762d643b7698bac45026b24dafeeff059dbd1e6b6	DEC-LIN/normalized-PB16/elffers/subsetcard/normalized-subsetcard-eq-fixedbandwidth-55.opb.xz	normalized-PB24.tar	normalized-PB24/DEC-LIN/nordstrom/CombinatorialBenchmarksPBsolvers/subsetcard/fixedbw_opb/normalized-subsetcard-eq-fixedbandwidth-55.opb.xz
b0156b30c21b22e21218214212396ae49de029766ddad12f05977219bcfc9255	DEC-LIN/normalized-PB16/elffers/subsetcard/normalized-subsetcard-eq-fixedbandwidth-35.opb.xz	normalized-PB24.tar	normalized-PB24/DEC-LIN/nordstrom/CombinatorialBenchmarksPBsolvers/subsetcard/fixedbw_opb/normalized-subsetcard-eq-fixedbandwidth-35.opb.xz
35db998f60c7c4ba0274455d68ffe894a4bf24fd02a48edf6f8c808ceaf21b92	DEC-LIN/normalized-PB16/elffers/subsetcard/normalized-subsetcard-geq-fixedbandwidth-30.opb.xz	normalized-PB24.tar	normalized-PB24/DEC-LIN/nordstrom/CombinatorialBenchmarksPBsolvers/subsetcard/fixedbw_opb/normalized-subsetcard-geq-fixedbandwidth-30.opb.xz
c3e6163d3b8a313ff5fba3f2a66a9607758e669230551d93e262c220673eb47b	DEC-LIN/normalized-PB16/elffers/subsetcard/normalized-subsetcard-eq-fixedbandwidth-40.opb.xz	normalized-PB24.tar	normalized-PB24/DEC-LIN/nordstrom/CombinatorialBenchmarksPBsolvers/subsetcard/fixedbw_opb/normalized-subsetcard-eq-fixedbandwidth-40.opb.xz
5ee0b5b72c85a0c89e26ebd5ee1b88a893aab8c00c672b7324c0fc5382bac3cc	DEC-LIN/normalized-PB16/elffers/subsetcard/normalized-subsetcard-eq-fixedbandwidth-70.opb.xz	normalized-PB24.tar	normalized-PB24/DEC-LIN/nordstrom/CombinatorialBenchmarksPBsolvers/subsetcard/fixedbw_opb/normalized-subsetcard-eq-fixedbandwidth-70.opb.xz
c38456a9dda8996398694092619d90076672b8256aa1d3be1786d75befb8390e	DEC-LIN/normalized-PB16/elffers/subsetcard/normalized-subsetcard-eq-fixedbandwidth-50.opb.xz	normalized-PB24.tar	normalized-PB24/DEC-LIN/nordstrom/CombinatorialBenchmarksPBsolvers/subsetcard/fixedbw_opb/normalized-subsetcard-eq-fixedbandwidth-50.opb.xz
8f868af8ad1f838937d1a303a178b4bd97d8d6d553cdc681f1fde993166dbe10	DEC-LIN/normalized-PB16/elffers/subsetcard/normalized-subsetcard-eq-fixedbandwidth-75.opb.xz	normalized-PB24.tar	normalized-PB24/DEC-LIN/nordstrom/CombinatorialBenchmarksPBsolvers/subsetcard/fixedbw_opb/normalized-subsetcard-eq-fixedbandwidth-75.opb.xz
ef2005cb0925d118512d581ba6b375b225d0cc6bdc1b6f7d40163d7c07487367	DEC-LIN/normalized-PB16/elffers/subsetcard/normalized-subsetcard-eq-fixedbandwidth-20.opb.xz	normalized-PB24.tar	normalized-PB24/DEC-LIN/nordstrom/CombinatorialBenchmarksPBsolvers/subsetcard/fixedbw_opb/normalized-subsetcard-eq-fixedbandwidth-20.opb.xz
047e4fc4c6901726e7115ab50cf3c9bd289ec254bf36d34ac2ebeaff7f7b952b	DEC-LIN/normalized-PB16/elffers/subsetcard/normalized-subsetcard-geq-fixedbandwidth-15.opb.xz	normalized-PB24.tar	normalized-PB24/DEC-LIN/nordstrom/CombinatorialBenchmarksPBsolvers/subsetcard/fixedbw_opb/normalized-subsetcard-geq-fixedbandwidth-15.opb.xz
4161d9735eace98f58fead2794745ef8769af3ec563b4eaa335f15cda05c9aba	DEC-LIN/normalized-PB16/elffers/subsetcard/normalized-subsetcard-eq-fixedbandwidth-45.opb.xz	normalized-PB24.tar	normalized-PB24/DEC-LIN/nordstrom/CombinatorialBenchmarksPBsolvers/subsetcard/fixedbw_opb/normalized-subsetcard-eq-fixedbandwidth-45.opb.xz
d23d0e86e23ae8b58ce7e0906fcacfc6421aa4a96e8f986fbe790ffb43f92543	DEC-LIN/normalized-PB16/elffers/subsetcard/normalized-subsetcard-geq-fixedbandwidth-55.opb.xz	normalized-PB24.tar	normalized-PB24/DEC-LIN/nordstrom/CombinatorialBenchmarksPBsolvers/subsetcard/fixedbw_opb/normalized-subsetcard-geq-fixedbandwidth-55.opb.xz
30f175d9a08ee0d2e72b99eda765691d0af112854bf1692e266c4a42460f36cc	DEC-LIN/normalized-PB16/elffers/subsetcard/normalized-subsetcard-eq-fixedbandwidth-65.opb.xz	normalized-PB24.tar	normalized-PB24/DEC-LIN/nordstrom/CombinatorialBenchmarksPBsolvers/subsetcard/fixedbw_opb/normalized-subsetcard-eq-fixedbandwidth-65.opb.xz
54c53f2f7442e5e8b800c4f082391a9eed8830a2225e4555bf6c4ec0b0bdaa8f	DEC-LIN/normalized-PB16/elffers/subsetcard/normalized-subsetcard-eq-fixedbandwidth-25.opb.xz	normalized-PB24.tar	normalized-PB24/DEC-LIN/nordstrom/CombinatorialBenchmarksPBsolvers/subsetcard/fixedbw_opb/normalized-subsetcard-eq-fixedbandwidth-25.opb.xz
04def3b032ff7b872611e33fb308a5374ff17dd265ff63ed217c3126c7bb23bd	DEC-LIN/normalized-PB16/elffers/subsetcard/normalized-subsetcard-eq-fixedbandwidth-15.opb.xz	normalized-PB24.tar	normalized-PB24/DEC-LIN/nordstrom/CombinatorialBenchmarksPBsolvers/subsetcard/fixedbw_opb/normalized-subsetcard-eq-fixedbandwidth-15.opb.xz
1167f3a365c98def7fb83e61f262db7e362bf1c6570217ced270aedbdf4d9b99	DEC-LIN/normalized-PB16/elffers/subsetcard/normalized-subsetcard-eq-fixedbandwidth-60.opb.xz	normalized-PB24.tar	normalized-PB24/DEC-LIN/nordstrom/CombinatorialBenchmarksPBsolvers/subsetcard/fixedbw_opb/normalized-subsetcard-eq-fixedbandwidth-60.opb.xz
b7a7a74f1ad87c236b4ca556be3692041227cf0305512eaf5d619467494c83bb	DEC-LIN/normalized-PB16/elffers/subsetcard/normalized-subsetcard-geq-fixedbandwidth-40.opb.xz	normalized-PB24.tar	normalized-PB24/DEC-LIN/nordstrom/CombinatorialBenchmarksPBsolvers/subsetcard/fixedbw_opb/normalized-subsetcard-geq-fixedbandwidth-40.opb.xz
b4b6a5dca0bc278cd7a5cb7381cc6925bf58a62fd84fd2c3f27172a3b85f945b	DEC-LIN/normalized-PB24/nordstrom/vliew-nonlinear-d139f28/inequalities/OPB/ineq10/normalized-15array_alg_ineq10.opb.xz	normalized-PB24.tar	normalized-PB24/DEC-LIN/devriendt/bitvector_multiplication_selection/inequalities/ineq10/normalized-15array_alg_ineq10.opb.xz
43c7325d5aa3514c01a0861334d669ad70af5d39c80b04dc266524831cf24519	DEC-LIN/normalized-PB24/nordstrom/vliew-nonlinear-d139f28/inequalities/OPB/ineq10/normalized-12array_alg_ineq10.opb.xz	normalized-PB24.tar	normalized-PB24/DEC-LIN/devriendt/bitvector_multiplication_selection/inequalities/ineq10/normalized-12array_alg_ineq10.opb.xz
67109fff7c7fa0b710f8403ae670478f55f6e2c4b59d16867d6b8e858bff6330	DEC-LIN/normalized-PB24/nordstrom/vliew-nonlinear-d139f28/inequalities/OPB/ineq10/normalized-13array_ineq10.opb.xz	normalized-PB24.tar	normalized-PB24/DEC-LIN/devriendt/bitvector_multiplication_selection/inequalities/ineq10/normalized-13array_ineq10.opb.xz
c9b5d942e5d10dd874145334303d3f90d9dedb2367f5daa4d12171cea40b0161	DEC-LIN/normalized-PB24/nordstrom/vliew-nonlinear-d139f28/inequalities/OPB/ineq10/normalized-9array_alg_ineq10.opb.xz	normalized-PB24.tar	normalized-PB24/DEC-LIN/devriendt/bitvector_multiplication_selection/inequalities/ineq10/normalized-9array_alg_ineq10.opb.xz
a655db371e8a4ac1da86a96b2de84a3585c5055235752e5ccb208820fb8859f3	DEC-LIN/normalized-PB24/nordstrom/vliew-nonlinear-d139f28/inequalities/OPB/ineq10/normalized-16array_alg_ineq10.opb.xz	normalized-PB24.tar	normalized-PB24/DEC-LIN/devriendt/bitvector_multiplication_selection/inequalities/ineq10/normalized-16array_alg_ineq10.opb.xz
baa4077af1b3a45256a979db4e1560cc206f913c5543ca80ce17ce254d85f347	DEC-LIN/normalized-PB24/nordstrom/vliew-nonlinear-d139f28/inequalities/OPB/ineq10/normalized-15array_ineq10.opb.xz	normalized-PB24.tar	normalized-PB24/DEC-LIN/devriendt/bitvector_multiplication_selection/inequalities/ineq10/normalized-15array_ineq10.opb.xz
1c856499ea3cd66ebf984223bb16913f626a8f17df2b4fb6ab2816f84bbdce14	DEC-LIN/normalized-PB24/nordstrom/vliew-nonlinear-d139f28/inequalities/OPB/ineq10/normalized-11array_alg_ineq10.opb.xz	normalized-PB24.tar	normalized-PB24/DEC-LIN/devriendt/bitvector_multiplication_selection/inequalities/ineq10/normalized-11array_alg_ineq10.opb.xz
15fe4622956d6c4974880bd55d79f8da39c5136663649043eef8b4b52c118b2d	DEC-LIN/normalized-PB24/nordstrom/vliew-nonlinear-d139f28/inequalities/OPB/ineq10/normalized-9array_ineq10.opb.xz	normalized-PB24.tar	normalized-PB24/DEC-LIN/devriendt/bitvector_multiplication_selection/inequalities/ineq10/normalized-9array_ineq10.opb.xz
036c91bdb641a45d9256ba80ee4bd2464a3d49f8ad90582cfecf8a7da5153720	DEC-LIN/normalized-PB24/nordstrom/vliew-nonlinear-d139f28/inequalities/OPB/ineq10/normalized-11array_ineq10.opb.xz	normalized-PB24.tar	normalized-PB24/DEC-LIN/devriendt/bitvector_multiplication_selection/inequalities/ineq10/normalized-11array_ineq10.opb.xz
03924eb8c8a040ebb48c2672467610a1e794352efcea1e1fb8577fee64b4666f	DEC-LIN/normalized-PB24/nordstrom/vliew-nonlinear-d139f28/inequalities/OPB/ineq10/normalized-14array_alg_ineq10.opb.xz	normalized-PB24.tar	normalized-PB24/DEC-LIN/devriendt/bitvector_multiplication_selection/inequalities/ineq10/normalized-14array_alg_ineq10.opb.xz
1751f4083a1a969ba76073177beba9edd6b718f07b1aeff063f20db06df390e2	DEC-LIN/normalized-PB24/nordstrom/vliew-nonlinear-d139f28/inequalities/OPB/ineq10/normalized-10array_ineq10.opb.xz	normalized-PB24.tar	normalized-PB24/DEC-LIN/devriendt/bitvector_multiplication_selection/inequalities/ineq10/normalized-10array_ineq10.opb.xz
cfa368c94336eab5c10f936cb78634a0b42ef9201f1d9b08287174be9421fa5d	DEC-LIN/normalized-PB24/nordstrom/vliew-nonlinear-d139f28/inequalities/OPB/ineq10/normalized-14array_ineq10.opb.xz	normalized-PB24.tar	normalized-PB24/DEC-LIN/devriendt/bitvector_multiplication_selection/inequalities/ineq10/normalized-14array_ineq10.opb.xz
6aa27ad499eff0b6ca141150ca1cf9a7a06ecebed3621cdbfa688bc5c77d7601	DEC-LIN/normalized-PB24/nordstrom/vliew-nonlinear-d139f28/inequalities/OPB/ineq10/normalized-12array_ineq10.opb.xz	normalized-PB24.tar	normalized-PB24/DEC-LIN/devriendt/bitvector_multiplication_selection/inequalities/ineq10/normalized-12array_ineq10.opb.xz
3da885cd0761fdd4af4d0c4bbcd197da0265c24be00fe66441e878807f008652	DEC-LIN/normalized-PB24/nordstrom/vliew-nonlinear-d139f28/inequalities/OPB/ineq10/normalized-13array_alg_ineq10.opb.xz	normalized-PB24.tar	normalized-PB24/DEC-LIN/devriendt/bitvector_multiplication_selection/inequalities/ineq10/normalized-13array_alg_ineq10.opb.xz
e70db9c22b80c7dd76ac94630e53ffdcc2f66f6980450958ce01cd34df21abd9	DEC-LIN/normalized-PB24/nordstrom/vliew-nonlinear-d139f28/inequalities/OPB/ineq10/normalized-10array_alg_ineq10.opb.xz	normalized-PB24.tar	normalized-PB24/DEC-LIN/devriendt/bitvector_multiplication_selection/inequalities/ineq10/normalized-10array_alg_ineq10.opb.xz
9b7d9c12640c7a798e32b38bdc62da1356ed8b787c04bf6326ee1fd5a5a235e0	DEC-LIN/normalized-PB24/nordstrom/vliew-nonlinear-d139f28/inequalities/OPB/ineq10/normalized-16array_ineq10.opb.xz	normalized-PB24.tar	normalized-PB24/DEC-LIN/devriendt/bitvector_multiplication_selection/inequalities/ineq10/normalized-16array_ineq10.opb.xz
f0f5fdd821a89fa954ae901aff52907a0afcb88842aa32cefe8fc270b11b9a8a	DEC-LIN/normalized-PB24/nordstrom/vliew-nonlinear-d139f28/inequalities/OPB/ineq8/normalized-23array_alg_ineq8.opb.xz	normalized-PB24.tar	normalized-PB24/DEC-LIN/devriendt/bitvector_multiplication_selection/inequalities/ineq8/normalized-23array_alg_ineq8.opb.xz
674ada8b52eda34b2ce2b1735f91804e6897c241bc053caa25091af46349693e	DEC-LIN/normalized-PB24/nordstrom/vliew-nonlinear-d139f28/inequalities/OPB/ineq8/normalized-25array_ineq8.opb.xz	normalized-PB24.tar	normalized-PB24/DEC-LIN/devriendt/bitvector_multiplication_selection/inequalities/ineq8/normalized-25array_ineq8.opb.xz
bb7044fef56ae6166deec0c5f047c098d4204793512fb45e3f95956371ce065b	DEC-LIN/normalized-PB24/nordstrom/vliew-nonlinear-d139f28/inequalities/OPB/ineq8/normalized-31array_alg_ineq8.opb.xz	normalized-PB24.tar	normalized-PB24/DEC-LIN/devriendt/bitvector_multiplication_selection/inequalities/ineq8/normalized-31array_alg_ineq8.opb.xz
796ef0c22a771475fa59b03cb7a1f32ea261d9bd6847393f74a93695b71b4c14	DEC-LIN/normalized-PB24/nordstrom/vliew-nonlinear-d139f28/inequalities/OPB/ineq8/normalized-24array_ineq8.opb.xz	normalized-PB24.tar	normalized-PB24/DEC-LIN/devriendt/bitvector_multiplication_selection/inequalities/ineq8/normalized-24array_ineq8.opb.xz
7292b8ce256cdd46d98b71acc5ba55c14384ba0ed878852bcbf3468173dc4ed6	DEC-LIN/normalized-PB24/nordstrom/vliew-nonlinear-d139f28/inequalities/OPB/ineq8/normalized-34array_alg_ineq8.opb.xz	normalized-PB24.tar	normalized-PB24/DEC-LIN/devriendt/bitvector_multiplication_selection/inequalities/ineq8/normalized-34array_alg_ineq8.opb.xz
874dbc817fa5512b2f7600c9ded596a0386a248c5e95718365a15a2951795a09	DEC-LIN/normalized-PB24/nordstrom/vliew-nonlinear-d139f28/inequalities/OPB/ineq8/normalized-30array_ineq8.opb.xz	normalized-PB24.tar	normalized-PB24/DEC-LIN/devriendt/bitvector_multiplication_selection/inequalities/ineq8/normalized-30array_ineq8.opb.xz
40a8e4adfc0e8aaa1f28417a0e243ed998364864478e6bcd1a8a97fa78b55d5c	DEC-LIN/normalized-PB24/nordstrom/vliew-nonlinear-d139f28/inequalities/OPB/ineq8/normalized-28array_alg_ineq8.opb.xz	normalized-PB24.tar	normalized-PB24/DEC-LIN/devriendt/bitvector_multiplication_selection/inequalities/ineq8/normalized-28array_alg_ineq8.opb.xz
9ce3439832e3ede7448decea452dc21596b7f34da9dc013290cd0402facea146	DEC-LIN/normalized-PB24/nordstrom/vliew-nonlinear-d139f28/inequalities/OPB/ineq8/normalized-27array_alg_ineq8.opb.xz	normalized-PB24.tar	normalized-PB24/DEC-LIN/devriendt/bitvector_multiplication_selection/inequalities/ineq8/normalized-27array_alg_ineq8.opb.xz
9d0d11a4550f3b18b9eab36a8a560f35147d0b1684a6160fb67ca217338910b9	DEC-LIN/normalized-PB24/nordstrom/vliew-nonlinear-d139f28/inequalities/OPB/ineq8/normalized-26array_alg_ineq8.opb.xz	normalized-PB24.tar	normalized-PB24/DEC-LIN/devriendt/bitvector_multiplication_selection/inequalities/ineq8/normalized-26array_alg_ineq8.opb.xz
e1fce5dddd5238fd5f2c085fa38c77e6cf59655cac6ff71fc0ef49319cf4f79b	DEC-LIN/normalized-PB24/nordstrom/vliew-nonlinear-d139f28/inequalities/OPB/ineq8/normalized-20array_ineq8.opb.xz	normalized-PB24.tar	normalized-PB24/DEC-LIN/devriendt/bitvector_multiplication_selection/inequalities/ineq8/normalized-20array_ineq8.opb.xz
8be74b10411532aa807e6aeee0ed881c1dbf6f48fcfec3349a47b8630a35654e	DEC-LIN/normalized-PB24/nordstrom/vliew-nonlinear-d139f28/inequalities/OPB/ineq8/normalized-22array_alg_ineq8.opb.xz	normalized-PB24.tar	normalized-PB24/DEC-LIN/devriendt/bitvector_multiplication_selection/inequalities/ineq8/normalized-22array_alg_ineq8.opb.xz
87da870b40802bcef0e28d0f9ce2015c63f0d88deab6babc3fa930699a8bf5f2	DEC-LIN/normalized-PB24/nordstrom/vliew-nonlinear-d139f28/inequalities/OPB/ineq8/normalized-30array_alg_ineq8.opb.xz	normalized-PB24.tar	normalized-PB24/DEC-LIN/devriendt/bitvector_multiplication_selection/inequalities/ineq8/normalized-30array_alg_ineq8.opb.xz
6044950382ca2762a8a0e5e887f27a9e5456fed5383e82d9ae671fe43ecaae6f	DEC-LIN/normalized-PB24/nordstrom/vliew-nonlinear-d139f28/inequalities/OPB/ineq8/normalized-32array_ineq8.opb.xz	normalized-PB24.tar	normalized-PB24/DEC-LIN/devriendt/bitvector_multiplication_selection/inequalities/ineq8/normalized-32array_ineq8.opb.xz
ed09fe56d55fe30210b59892f498f9e7a3b714496367e35cb5f4700df5f7c97b	DEC-LIN/normalized-PB24/nordstrom/vliew-nonlinear-d139f28/inequalities/OPB/ineq8/normalized-24array_alg_ineq8.opb.xz	normalized-PB24.tar	normalized-PB24/DEC-LIN/devriendt/bitvector_multiplication_selection/inequalities/ineq8/normalized-24array_alg_ineq8.opb.xz
bf9a60801af85bca495b918f846921aefb0333968fec4f4b2e5e108395c14fd9	DEC-LIN/normalized-PB24/nordstrom/vliew-nonlinear-d139f28/inequalities/OPB/ineq8/normalized-25array_alg_ineq8.opb.xz	normalized-PB24.tar	normalized-PB24/DEC-LIN/devriendt/bitvector_multiplication_selection/inequalities/ineq8/normalized-25array_alg_ineq8.opb.xz
d33a56f511229a35137d71aa79c7a93004fe8dfba21d936f1c401e1c2c1bedd9	DEC-LIN/normalized-PB24/nordstrom/vliew-nonlinear-d139f28/inequalities/OPB/ineq8/normalized-21array_ineq8.opb.xz	normalized-PB24.tar	normalized-PB24/DEC-LIN/devriendt/bitvector_multiplication_selection/inequalities/ineq8/normalized-21array_ineq8.opb.xz
755f18011a8444249e72d32d7426316cb8b4a780908907b540403aeecfdc9ae7	DEC-LIN/normalized-PB24/nordstrom/vliew-nonlinear-d139f28/inequalities/OPB/ineq8/normalized-32array_alg_ineq8.opb.xz	normalized-PB24.tar	normalized-PB24/DEC-LIN/devriendt/bitvector_multiplication_selection/inequalities/ineq8/normalized-32array_alg_ineq8.opb.xz
6ae90fc4c0f09cffad2d8d8a113217f15515411e89615bd27f8ed54266089bb5	DEC-LIN/normalized-PB24/nordstrom/vliew-nonlinear-d139f28/inequalities/OPB/ineq8/normalized-20array_alg_ineq8.opb.xz	normalized-PB24.tar	normalized-PB24/DEC-LIN/devriendt/bitvector_multiplication_selection/inequalities/ineq8/normalized-20array_alg_ineq8.opb.xz
1aa273bfbbe4598148bf1f5c1bc353c2b39c392756030bd9e0cac034e0a116e4	DEC-LIN/normalized-PB24/nordstrom/vliew-nonlinear-d139f28/inequalities/OPB/ineq8/normalized-23array_ineq8.opb.xz	normalized-PB24.tar	normalized-PB24/DEC-LIN/devriendt/bitvector_multiplication_selection/inequalities/ineq8/normalized-23array_ineq8.opb.xz
6191b1c72447ddd3cbd0dad3cc13615d49e196ff16bfac315023aeb0e6630e34	DEC-LIN/normalized-PB24/nordstrom/vliew-nonlinear-d139f28/inequalities/OPB/ineq8/normalized-26array_ineq8.opb.xz	normalized-PB24.tar	normalized-PB24/DEC-LIN/devriendt/bitvector_multiplication_selection/inequalities/ineq8/normalized-26array_ineq8.opb.xz
d046c4af71328da32020bbed8f43b6de58d0df7a393c333f7d99d573b9e5c52a	DEC-LIN/normalized-PB24/nordstrom/vliew-nonlinear-d139f28/inequalities/OPB/ineq8/normalized-34array_ineq8.opb.xz	normalized-PB24.tar	normalized-PB24/DEC-LIN/devriendt/bitvector_multiplication_selection/inequalities/ineq8/normalized-34array_ineq8.opb.xz
28b353bbfe4489ca14c9d21a4acf9d5662e44e4d91421dc08e45b8350e736150	DEC-LIN/normalized-PB24/nordstrom/vliew-nonlinear-d139f28/inequalities/OPB/ineq8/normalized-29array_ineq8.opb.xz	normalized-PB24.tar	normalized-PB24/DEC-LIN/devriendt/bitvector_multiplication_selection/inequalities/ineq8/normalized-29array_ineq8.opb.xz
c157c7ddc0951e5d372b52ac95e1f0a9429c07dc6b1390e01102951d35f1fc3a	DEC-LIN/normalized-PB24/nordstrom/vliew-nonlinear-d139f28/inequalities/OPB/ineq8/normalized-29array_alg_ineq8.opb.xz	normalized-PB24.tar	normalized-PB24/DEC-LIN/devriendt/bitvector_multiplication_selection/inequalities/ineq8/normalized-29array_alg_ineq8.opb.xz
4eb46f882fd51c782ef74d3f9cb496aff12147da8783ea38ed2c0ea72b774342	DEC-LIN/normalized-PB24/nordstrom/vliew-nonlinear-d139f28/inequalities/OPB/ineq8/normalized-33array_ineq8.opb.xz	normalized-PB24.tar	normalized-PB24/DEC-LIN/devriendt/bitvector_multiplication_selection/inequalities/ineq8/normalized-33array_ineq8.opb.xz
01d4bac7c52ab8135096876170b13e389a8ad8faebf2329bf04aee6a1cde5a13	DEC-LIN/normalized-PB24/nordstrom/vliew-nonlinear-d139f28/inequalities/OPB/ineq8/normalized-33array_alg_ineq8.opb.xz	normalized-PB24.tar	normalized-PB24/DEC-LIN/devriendt/bitvector_multiplication_selection/inequalities/ineq8/normalized-33array_alg_ineq8.opb.xz
7360d3c0d8bae5ff8d31842c04a9ce49863873dd0991600b4e4e858ba2192b6c	DEC-LIN/normalized-PB24/nordstrom/vliew-nonlinear-d139f28/inequalities/OPB/ineq8/normalized-27array_ineq8.opb.xz	normalized-PB24.tar	normalized-PB24/DEC-LIN/devriendt/bitvector_multiplication_selection/inequalities/ineq8/normalized-27array_ineq8.opb.xz
b1c9a1feda237d3784aea4400a794191c06a702e554ea3622a51225e3832c7e5	DEC-LIN/normalized-PB24/nordstrom/vliew-nonlinear-d139f28/inequalities/OPB/ineq8/normalized-22array_ineq8.opb.xz	normalized-PB24.tar	normalized-PB24/DEC-LIN/devriendt/bitvector_multiplication_selection/inequalities/ineq8/normalized-22array_ineq8.opb.xz
2d05826b9a83c11e06de9e0a2187785bd850bb97042ccb93b9ac2c0f2a2f0728	DEC-LIN/normalized-PB24/nordstrom/vliew-nonlinear-d139f28/inequalities/OPB/ineq8/normalized-31array_ineq8.opb.xz	normalized-PB24.tar	normalized-PB24/DEC-LIN/devriendt/bitvector_multiplication_selection/inequalities/ineq8/normalized-31array_ineq8.opb.xz
8541de94d4b5770fb9a43373e99fee2f7a400145e41d4dc7b9dba86a04201d8d	DEC-LIN/normalized-PB24/nordstrom/vliew-nonlinear-d139f28/inequalities/OPB/ineq8/normalized-21array_alg_ineq8.opb.xz	normalized-PB24.tar	normalized-PB24/DEC-LIN/devriendt/bitvector_multiplication_selection/inequalities/ineq8/normalized-21array_alg_ineq8.opb.xz
bfa3399503edc8bb8a740fd32570f73786f1d5b4eefd8beab4f2790decf05e52	DEC-LIN/normalized-PB24/nordstrom/vliew-nonlinear-d139f28/inequalities/OPB/ineq8/normalized-28array_ineq8.opb.xz	normalized-PB24.tar	normalized-PB24/DEC-LIN/devriendt/bitvector_multiplication_selection/inequalities/ineq8/normalized-28array_ineq8.opb.xz
f2262237f32c097fbd9ab317c6420b4630f3c5a79d088cdad354bea315a6eaa7	DEC-LIN/normalized-PB24/nordstrom/vliew-nonlinear-d139f28/inequalities/OPB/ineq5/normalized-22array_alg_ineq5.opb.xz	normalized-PB24.tar	normalized-PB24/DEC-LIN/devriendt/bitvector_multiplication_selection/inequalities/ineq5/normalized-22array_alg_ineq5.opb.xz
a037fbb50c13cbd31d9c54fb377e19bacd9586f1c2a1604293cd7e3ef325e1d5	DEC-LIN/normalized-PB24/nordstrom/vliew-nonlinear-d139f28/inequalities/OPB/ineq5/normalized-24array_alg_ineq5.opb.xz	normalized-PB24.tar	normalized-PB24/DEC-LIN/devriendt/bitvector_multiplication_selection/inequalities/ineq5/normalized-24array_alg_ineq5.opb.xz
2dab4a672393bc555f060a9b24c65ab6b5d6f247094529136e55d044f0f13cee	DEC-LIN/normalized-PB24/nordstrom/vliew-nonlinear-d139f28/inequalities/OPB/ineq5/normalized-14array_alg_ineq5.opb.xz	normalized-PB24.tar	normalized-PB24/DEC-LIN/devriendt/bitvector_multiplication_selection/inequalities/ineq5/normalized-14array_alg_ineq5.opb.xz
186bab89407cc361fe41578f9a310fe9dc0e91fd33606e6aef0d9c865090f4c8	DEC-LIN/normalized-PB24/nordstrom/vliew-nonlinear-d139f28/inequalities/OPB/ineq5/normalized-11array_alg_ineq5.opb.xz	normalized-PB24.tar	normalized-PB24/DEC-LIN/devriendt/bitvector_multiplication_selection/inequalities/ineq5/normalized-11array_alg_ineq5.opb.xz
e58924e54d1f6b5d869dc2c344cd94935f6d1abd3c718345e9f95ca6a5dd78f9	DEC-LIN/normalized-PB24/nordstrom/vliew-nonlinear-d139f28/inequalities/OPB/ineq5/normalized-19array_alg_ineq5.opb.xz	normalized-PB24.tar	normalized-PB24/DEC-LIN/devriendt/bitvector_multiplication_selection/inequalities/ineq5/normalized-19array_alg_ineq5.opb.xz
91c437aab5b01558b2081431d424bdc42a8fee67c20254509bb553b27453907f	DEC-LIN/normalized-PB24/nordstrom/vliew-nonlinear-d139f28/inequalities/OPB/ineq5/normalized-24array_ineq5.opb.xz	normalized-PB24.tar	normalized-PB24/DEC-LIN/devriendt/bitvector_multiplication_selection/inequalities/ineq5/normalized-24array_ineq5.opb.xz
ec6221213fba51efa50a665ff2ef9d93ecb0baf5a57ef6b625d73b1a706570e0	DEC-LIN/normalized-PB24/nordstrom/vliew-nonlinear-d139f28/inequalities/OPB/ineq5/normalized-16array_ineq5.opb.xz	normalized-PB24.tar	normalized-PB24/DEC-LIN/devriendt/bitvector_multiplication_selection/inequalities/ineq5/normalized-16array_ineq5.opb.xz
f8c5a49b94037be555f812e5fde9e0c6f5a6ab9470ce43c588def57b59f4bd82	DEC-LIN/normalized-PB24/nordstrom/vliew-nonlinear-d139f28/inequalities/OPB/ineq5/normalized-12array_alg_ineq5.opb.xz	normalized-PB24.tar	normalized-PB24/DEC-LIN/devriendt/bitvector_multiplication_selection/inequalities/ineq5/normalized-12array_alg_ineq5.opb.xz
7ba5721b4862bdba21c4081cd229ce3dea94c073d03e6366198a7e32a408a064	DEC-LIN/normalized-PB24/nordstrom/vliew-nonlinear-d139f28/inequalities/OPB/ineq5/normalized-17array_alg_ineq5.opb.xz	normalized-PB24.tar	normalized-PB24/DEC-LIN/devriendt/bitvector_multiplication_selection/inequalities/ineq5/normalized-17array_alg_ineq5.opb.xz
5d822df210400dd9775170e6303145e68da25960e900840b5ec11b670ba49f8f	DEC-LIN/normalized-PB24/nordstrom/vliew-nonlinear-d139f28/inequalities/OPB/ineq5/normalized-11array_ineq5.opb.xz	normalized-PB24.tar	normalized-PB24/DEC-LIN/devriendt/bitvector_multiplication_selection/inequalities/ineq5/normalized-11array_ineq5.opb.xz
0766468ece879fc6b41a5103b930c0a22bfcafeac37af960f8822647304a683b	DEC-LIN/normalized-PB24/nordstrom/vliew-nonlinear-d139f28/inequalities/OPB/ineq5/normalized-12array_ineq5.opb.xz	normalized-PB24.tar	normalized-PB24/DEC-LIN/devriendt/bitvector_multiplication_selection/inequalities/ineq5/normalized-12array_ineq5.opb.xz
0898b2c13b9e4c7a1cfad62002eef47ae01a49aabb47c25386c91c62e735ed44	DEC-LIN/normalized-PB24/nordstrom/vliew-nonlinear-d139f28/inequalities/OPB/ineq5/normalized-20array_ineq5.opb.xz	normalized-PB24.tar	normalized-PB24/DEC-LIN/devriendt/bitvector_multiplication_selection/inequalities/ineq5/normalized-20array_ineq5.opb.xz
43c9be80d9177b9f47f8601f4f00f8b6d7fd7cb723f8ef86ef438c26d21ba86a	DEC-LIN/normalized-PB24/nordstrom/vliew-nonlinear-d139f28/inequalities/OPB/ineq5/normalized-19array_ineq5.opb.xz	normalized-PB24.tar	normalized-PB24/DEC-LIN/devriendt/bitvector_multiplication_selection/inequalities/ineq5/normalized-19array_ineq5.opb.xz
c592fc535a72ba5355e7c62ec4982ee77ffba611fa11b04e5e4da3050e93e295	DEC-LIN/normalized-PB24/nordstrom/vliew-nonlinear-d139f28/inequalities/OPB/ineq5/normalized-10array_alg_ineq5.opb.xz	normalized-PB24.tar	normalized-PB24/DEC-LIN/devriendt/bitvector_multiplication_selection/inequalities/ineq5/normalized-10array_alg_ineq5.opb.xz
15e4856ea2f8273df2a72e9b295d55a544c2d1a4fcc95055941c908485d272c9	DEC-LIN/normalized-PB24/nordstrom/vliew-nonlinear-d139f28/inequalities/OPB/ineq5/normalized-16array_alg_ineq5.opb.xz	normalized-PB24.tar	normalized-PB24/DEC-LIN/devriendt/bitvector_multiplication_selection/inequalities/ineq5/normalized-16array_alg_ineq5.opb.xz
b2ecdb86362e404ef91b6351c88b9fe2c00ce10eeddb20bf9b3925fd11045484	DEC-LIN/normalized-PB24/nordstrom/vliew-nonlinear-d139f28/inequalities/OPB/ineq5/normalized-13array_ineq5.opb.xz	normalized-PB24.tar	normalized-PB24/DEC-LIN/devriendt/bitvector_multiplication_selection/inequalities/ineq5/normalized-13array_ineq5.opb.xz
eb5d2b438e56f9dfd2be38ae7ec9cc46aa687e859840be04417b58e58b1c6b1d	DEC-LIN/normalized-PB24/nordstrom/vliew-nonlinear-d139f28/inequalities/OPB/ineq5/normalized-20array_alg_ineq5.opb.xz	normalized-PB24.tar	normalized-PB24/DEC-LIN/devriendt/bitvector_multiplication_selection/inequalities/ineq5/normalized-20array_alg_ineq5.opb.xz
c3de8b0fc8ef3be8bc8789442269a0061e47e3af289df564526e12d1f504212e	DEC-LIN/normalized-PB24/nordstrom/vliew-nonlinear-d139f28/inequalities/OPB/ineq5/normalized-15array_ineq5.opb.xz	normalized-PB24.tar	normalized-PB24/DEC-LIN/devriendt/bitvector_multiplication_selection/inequalities/ineq5/normalized-15array_ineq5.opb.xz
c17f754ca116a297d839c6a568cc84c09f2cd39d53df3941561b0c910c033634	DEC-LIN/normalized-PB24/nordstrom/vliew-nonlinear-d139f28/inequalities/OPB/ineq5/normalized-21array_ineq5.opb.xz	normalized-PB24.tar	normalized-PB24/DEC-LIN/devriendt/bitvector_multiplication_selection/inequalities/ineq5/normalized-21array_ineq5.opb.xz
62b8488296ebddcbd84be2460dc8313b8fb80d3e13ed56db9bcdcbbd4d6d0b03	DEC-LIN/normalized-PB24/nordstrom/vliew-nonlinear-d139f28/inequalities/OPB/ineq5/normalized-13array_alg_ineq5.opb.xz	normalized-PB24.tar	normalized-PB24/DEC-LIN/devriendt/bitvector_multiplication_selection/inequalities/ineq5/normalized-13array_alg_ineq5.opb.xz
b6c2b9586c42508b9964337d7a331b4b87a2972a53e9b0d3cebc518ede3e0dfe	DEC-LIN/normalized-PB24/nordstrom/vliew-nonlinear-d139f28/inequalities/OPB/ineq5/normalized-17array_ineq5.opb.xz	normalized-PB24.tar	normalized-PB24/DEC-LIN/devriendt/bitvector_multiplication_selection/inequalities/ineq5/normalized-17array_ineq5.opb.xz
b03ce5958081f977d2cac30535af5a13bebded0f13364ca5df2e84809b7c3a68	DEC-LIN/normalized-PB24/nordstrom/vliew-nonlinear-d139f28/inequalities/OPB/ineq5/normalized-22array_ineq5.opb.xz	normalized-PB24.tar	normalized-PB24/DEC-LIN/devriendt/bitvector_multiplication_selection/inequalities/ineq5/normalized-22array_ineq5.opb.xz
bb63fbda48f4efd7d0c4aa96ff17e18bec8f3d31abeaa22418ee8c8cc5df6070	DEC-LIN/normalized-PB24/nordstrom/vliew-nonlinear-d139f28/inequalities/OPB/ineq5/normalized-14array_ineq5.opb.xz	normalized-PB24.tar	normalized-PB24/DEC-LIN/devriendt/bitvector_multiplication_selection/inequalities/ineq5/normalized-14array_ineq5.opb.xz
47137a6a1bf637065ea379391092a9106ecb6d108893536f079d2f68a0decb38	DEC-LIN/normalized-PB24/nordstrom/vliew-nonlinear-d139f28/inequalities/OPB/ineq5/normalized-23array_alg_ineq5.opb.xz	normalized-PB24.tar	normalized-PB24/DEC-LIN/devriendt/bitvector_multiplication_selection/inequalities/ineq5/normalized-23array_alg_ineq5.opb.xz
33d944d248254d7bfcfca7658e330a86ffe63933028368954ab0715c5b7e592e	DEC-LIN/normalized-PB24/nordstrom/vliew-nonlinear-d139f28/inequalities/OPB/ineq5/normalized-18array_alg_ineq5.opb.xz	normalized-PB24.tar	normalized-PB24/DEC-LIN/devriendt/bitvector_multiplication_selection/inequalities/ineq5/normalized-18array_alg_ineq5.opb.xz
e0be33695a7a541d3ec821561759f8cc10d7344beec46201adb5fe06bb069b94	DEC-LIN/normalized-PB24/nordstrom/vliew-nonlinear-d139f28/inequalities/OPB/ineq5/normalized-23array_ineq5.opb.xz	normalized-PB24.tar	normalized-PB24/DEC-LIN/devriendt/bitvector_multiplication_selection/inequalities/ineq5/normalized-23array_ineq5.opb.xz
4fc7f6d4511002f13e93d00468f1f7bde70493355cc2e51cf4de80ac93b85b52	DEC-LIN/normalized-PB24/nordstrom/vliew-nonlinear-d139f28/inequalities/OPB/ineq5/normalized-18array_ineq5.opb.xz	normalized-PB24.tar	normalized-PB24/DEC-LIN/devriendt/bitvector_multiplication_selection/inequalities/ineq5/normalized-18array_ineq5.opb.xz
3425930a7b9889d809636c6f3081ebf5836ff60dd2c6232681487c9446cf5bb2	DEC-LIN/normalized-PB24/nordstrom/vliew-nonlinear-d139f28/inequalities/OPB/ineq5/normalized-10array_ineq5.opb.xz	normalized-PB24.tar	normalized-PB24/DEC-LIN/devriendt/bitvector_multiplication_selection/inequalities/ineq5/normalized-10array_ineq5.opb.xz
aa1483c41db2649006126e2ab5dd34aed15829b300b86781bb436b79ac4919cf	DEC-LIN/normalized-PB24/nordstrom/vliew-nonlinear-d139f28/inequalities/OPB/ineq5/normalized-15array_alg_ineq5.opb.xz	normalized-PB24.tar	normalized-PB24/DEC-LIN/devriendt/bitvector_multiplication_selection/inequalities/ineq5/normalized-15array_alg_ineq5.opb.xz
4ad5912b7ffe4b2d525a53b9da6602732cd7f6132421ff6a9b3f972ac88c9997	DEC-LIN/normalized-PB24/nordstrom/vliew-nonlinear-d139f28/inequalities/OPB/ineq5/normalized-21array_alg_ineq5.opb.xz	normalized-PB24.tar	normalized-PB24/DEC-LIN/devriendt/bitvector_multiplication_selection/inequalities/ineq5/normalized-21array_alg_ineq5.opb.xz
b6e676799ee871cf7c5817f595b7a1f1fb9ddd1142bf370a1324ca0bd5ec610f	DEC-LIN/normalized-PB24/nordstrom/vliew-nonlinear-d139f28/equalities/array_spec/normalized-14array_spec_greater.opb.xz	normalized-PB24.tar	normalized-PB24/DEC-LIN/devriendt/bitvector_multiplication_selection/equalities/array_spec/normalized-14array_spec_greater.opb.xz
2e0b48ed3a56200a26a6c7d1b387cf6e0d93232bbb47448704e4ed10af8eda98	DEC-LIN/normalized-PB24/nordstrom/vliew-nonlinear-d139f28/equalities/array_spec/normalized-15array_spec_less.opb.xz	normalized-PB24.tar	normalized-PB24/DEC-LIN/devriendt/bitvector_multiplication_selection/equalities/array_spec/normalized-15array_spec_less.opb.xz
6b3d5f45c9c1126a856e75f6d772a611a36575442af1d0efb7babfc23cab8d3f	DEC-LIN/normalized-PB24/nordstrom/vliew-nonlinear-d139f28/equalities/array_spec/normalized-16array_spec_greater.opb.xz	normalized-PB24.tar	normalized-PB24/DEC-LIN/devriendt/bitvector_multiplication_selection/equalities/array_spec/normalized-16array_spec_greater.opb.xz
4d7884775f1b8a635bc0cfbd843b85564ec4e0dd2790e7d1f42412a759c48a29	DEC-LIN/normalized-PB24/nordstrom/vliew-nonlinear-d139f28/equalities/array_spec/normalized-11array_spec_greater.opb.xz	normalized-PB24.tar	normalized-PB24/DEC-LIN/devriendt/bitvector_multiplication_selection/equalities/array_spec/normalized-11array_spec_greater.opb.xz
a77706a5ddd654fc9efef1f11a82839385f8c9421d8d48129f7f01026b55a1e2	DEC-LIN/normalized-PB24/nordstrom/vliew-nonlinear-d139f28/equalities/array_spec/normalized-13array_spec_greater.opb.xz	normalized-PB24.tar	normalized-PB24/DEC-LIN/devriendt/bitvector_multiplication_selection/equalities/array_spec/normalized-13array_spec_greater.opb.xz
2259cf2e983329c62b92bd5496afa0f44e359aa2d59ca40e42ec0ecd9637eb7a	DEC-LIN/normalized-PB24/nordstrom/vliew-nonlinear-d139f28/equalities/array_spec/normalized-10array_spec_greater.opb.xz	normalized-PB24.tar	normalized-PB24/DEC-LIN/devriendt/bitvector_multiplication_selection/equalities/array_spec/normalized-10array_spec_greater.opb.xz
fe1be9e351c87580ee44af93dc7b27e7bbda4b5fc3bc2cbba3de3d4815746ec8	DEC-LIN/normalized-PB24/nordstrom/vliew-nonlinear-d139f28/equalities/array_spec/normalized-14array_spec_less.opb.xz	normalized-PB24.tar	normalized-PB24/DEC-LIN/devriendt/bitvector_multiplication_selection/equalities/array_spec/normalized-14array_spec_less.opb.xz
40bbd74d64ebf7a024a9634b044d75d1ffa208f25b56838e2f72228fc7422418	DEC-LIN/normalized-PB24/nordstrom/vliew-nonlinear-d139f28/equalities/array_spec/normalized-15array_spec_greater.opb.xz	normalized-PB24.tar	normalized-PB24/DEC-LIN/devriendt/bitvector_multiplication_selection/equalities/array_spec/normalized-15array_spec_greater.opb.xz
9f229c6f880cd47a2ec2df3a8f14e01cdbfa0e95b7a4b229c62d4ba804bf57ad	DEC-LIN/normalized-PB24/nordstrom/vliew-nonlinear-d139f28/equalities/array_spec/normalized-9array_spec_greater.opb.xz	normalized-PB24.tar	normalized-PB24/DEC-LIN/devriendt/bitvector_multiplication_selection/equalities/array_spec/normalized-9array_spec_greater.opb.xz
180c5adfa79087fe49555f3cd1a7476f195cff3527169c33d1a8c876a2ce1e19	DEC-LIN/normalized-PB24/nordstrom/vliew-nonlinear-d139f28/equalities/array_spec/normalized-13array_spec_less.opb.xz	normalized-PB24.tar	normalized-PB24/DEC-LIN/devriendt/bitvector_multiplication_selection/equalities/array_spec/normalized-13array_spec_less.opb.xz
9b7a042f7b5e80876c141da48e55f0e22d17fa06ec7ff90bef35ae8296e8d03f	DEC-LIN/normalized-PB24/nordstrom/vliew-nonlinear-d139f28/equalities/array_spec/normalized-12array_spec_greater.opb.xz	normalized-PB24.tar	normalized-PB24/DEC-LIN/devriendt/bitvector_multiplication_selection/equalities/array_spec/normalized-12array_spec_greater.opb.xz
ff2cdbbaa288893dfc5438ff64efc21a81a5af65809da56af8ed656b0e78e535	DEC-LIN/normalized-PB24/nordstrom/vliew-nonlinear-d139f28/equalities/array_spec/normalized-12array_spec_less.opb.xz	normalized-PB24.tar	normalized-PB24/DEC-LIN/devriendt/bitvector_multiplication_selection/equalities/array_spec/normalized-12array_spec_less.opb.xz
ba377bd7a80e162c83da8f2fa0bb0d8c9f3ef81ca2b25115c3464cf40fd86d6e	DEC-LIN/normalized-PB24/nordstrom/vliew-nonlinear-d139f28/equalities/array_spec/normalized-16array_spec_less.opb.xz	normalized-PB24.tar	normalized-PB24/DEC-LIN/devriendt/bitvector_multiplication_selection/equalities/array_spec/normalized-16array_spec_less.opb.xz
7516b17c6b9e6632bc3f63c91d94f3a171e0b4815405927f70caac5cde40431b	DEC-LIN/normalized-PB24/nordstrom/vliew-nonlinear-d139f28/equalities/array_spec/normalized-11array_spec_less.opb.xz	normalized-PB24.tar	normalized-PB24/DEC-LIN/devriendt/bitvector_multiplication_selection/equalities/array_spec/normalized-11array_spec_less.opb.xz
fa59fa62d895b3354f7f7adae95f0908f5fcca1fef9b692e4facf8aacd05dba9	DEC-LIN/normalized-PB24/nordstrom/vliew-nonlinear-d139f28/equalities/array_spec/normalized-9array_spec_less.opb.xz	normalized-PB24.tar	normalized-PB24/DEC-LIN/devriendt/bitvector_multiplication_selection/equalities/array_spec/normalized-9array_spec_less.opb.xz
c83b591e5439c6ca10d9c0d8a5b86d32ff99b893be74b47a9d82f8c6f37620a1	DEC-LIN/normalized-PB24/nordstrom/vliew-nonlinear-d139f28/equalities/array_spec/normalized-10array_spec_less.opb.xz	normalized-PB24.tar	normalized-PB24/DEC-LIN/devriendt/bitvector_multiplication_selection/equalities/array_spec/normalized-10array_spec_less.opb.xz
1a2ccfb01bd7bf8bb278f15686aaec6ab2ac4bfc5c54de715b34636098889c0e	DEC-LIN/normalized-PB24/nordstrom/vliew-nonlinear-d139f28/equalities/array_diag/normalized-11array_diag_greater.opb.xz	normalized-PB24.tar	normalized-PB24/DEC-LIN/devriendt/bitvector_multiplication_selection/equalities/array_diag/normalized-11array_diag_greater.opb.xz
952e0b882f2662c6ec1d8aa6cb796d3a4857d4d38f69f14c38b591f128d69599	DEC-LIN/normalized-PB24/nordstrom/vliew-nonlinear-d139f28/equalities/array_diag/normalized-14array_diag_greater.opb.xz	normalized-PB24.tar	normalized-PB24/DEC-LIN/devriendt/bitvector_multiplication_selection/equalities/array_diag/normalized-14array_diag_greater.opb.xz
f0207cb9b0657dc567f8254c8c72b2ffb61899b125e0f233a4b9c0977655891b	DEC-LIN/normalized-PB24/nordstrom/vliew-nonlinear-d139f28/equalities/array_diag/normalized-10array_diag_greater.opb.xz	normalized-PB24.tar	normalized-PB24/DEC-LIN/devriendt/bitvector_multiplication_selection/equalities/array_diag/normalized-10array_diag_greater.opb.xz
673219762fb60bc1b849a382387c8662db28cb7a44a61ac10fae722de51f0329	DEC-LIN/normalized-PB24/nordstrom/vliew-nonlinear-d139f28/equalities/array_diag/normalized-12array_diag_less.opb.xz	normalized-PB24.tar	normalized-PB24/DEC-LIN/devriendt/bitvector_multiplication_selection/equalities/array_diag/normalized-12array_diag_less.opb.xz
bfa64164b37b9bdc0b36418a7a4be545bfb97194800ca39dd8a5e0dfa3cbd4d0	DEC-LIN/normalized-PB24/nordstrom/vliew-nonlinear-d139f28/equalities/array_diag/normalized-15array_diag_greater.opb.xz	normalized-PB24.tar	normalized-PB24/DEC-LIN/devriendt/bitvector_multiplication_selection/equalities/array_diag/normalized-15array_diag_greater.opb.xz
982d193d984eabc783993221e9c9890e40551c08d027b17151494ef428981f2f	DEC-LIN/normalized-PB24/nordstrom/vliew-nonlinear-d139f28/equalities/array_diag/normalized-13array_diag_less.opb.xz	normalized-PB24.tar	normalized-PB24/DEC-LIN/devriendt/bitvector_multiplication_selection/equalities/array_diag/normalized-13array_diag_less.opb.xz
6d5fcc0dedfe9540fa41e3edbdb75565b5736102f1987dce99230ba103b61427	DEC-LIN/normalized-PB24/nordstrom/vliew-nonlinear-d139f28/equalities/array_diag/normalized-10array_diag_less.opb.xz	normalized-PB24.tar	normalized-PB24/DEC-LIN/devriendt/bitvector_multiplication_selection/equalities/array_diag/normalized-10array_diag_less.opb.xz
f3a2c7aa076392639c719aca8114834390f6683a00c2b01510f35e74c93d5ad9	DEC-LIN/normalized-PB24/nordstrom/vliew-nonlinear-d139f28/equalities/array_diag/normalized-12array_diag_greater.opb.xz	normalized-PB24.tar	normalized-PB24/DEC-LIN/devriendt/bitvector_multiplication_selection/equalities/array_diag/normalized-12array_diag_greater.opb.xz
c3fa844e9b33d4259e45730e20137b5de595a213df61c11da6df5580cae09db5	DEC-LIN/normalized-PB24/nordstrom/vliew-nonlinear-d139f28/equalities/array_diag/normalized-13array_diag_greater.opb.xz	normalized-PB24.tar	normalized-PB24/DEC-LIN/devriendt/bitvector_multiplication_selection/equalities/array_diag/normalized-13array_diag_greater.opb.xz
a51433549a171aa5b7f76fc8e81d0c593a4923d2b768220cd4f57afe03c1dc9e	DEC-LIN/normalized-PB24/nordstrom/vliew-nonlinear-d139f28/equalities/array_diag/normalized-9array_diag_greater.opb.xz	normalized-PB24.tar	normalized-PB24/DEC-LIN/devriendt/bitvector_multiplication_selection/equalities/array_diag/normalized-9array_diag_greater.opb.xz
16bc04bb16c5edc6496a126c7ab8036d452c75b0f2302806095b60e54ec54285	DEC-LIN/normalized-PB24/nordstrom/vliew-nonlinear-d139f28/equalities/array_diag/normalized-16array_diag_greater.opb.xz	normalized-PB24.tar	normalized-PB24/DEC-LIN/devriendt/bitvector_multiplication_selection/equalities/array_diag/normalized-16array_diag_greater.opb.xz
048a6b9192edc9012759985e8afa173ed9e97cc82a7b512d48fb8ef42a485fdc	DEC-LIN/normalized-PB24/nordstrom/vliew-nonlinear-d139f28/equalities/array_diag/normalized-9array_diag_less.opb.xz	normalized-PB24.tar	normalized-PB24/DEC-LIN/devriendt/bitvector_multiplication_selection/equalities/array_diag/normalized-9array_diag_less.opb.xz
f52d81bd775bec7eaf6a07c7e98d9383b0fc18e3024d55c191f0c42717384bd6	DEC-LIN/normalized-PB24/nordstrom/vliew-nonlinear-d139f28/equalities/array_diag/normalized-15array_diag_less.opb.xz	normalized-PB24.tar	normalized-PB24/DEC-LIN/devriendt/bitvector_multiplication_selection/equalities/array_diag/normalized-15array_diag_less.opb.xz
00f335d132bb387a8657d6ef81a140a96ed2016fa1c31a8e65811af71e64f42f	DEC-LIN/normalized-PB24/nordstrom/vliew-nonlinear-d139f28/equalities/array_diag/normalized-14array_diag_less.opb.xz	normalized-PB24.tar	normalized-PB24/DEC-LIN/devriendt/bitvector_multiplication_selection/equalities/array_diag/normalized-14array_diag_less.opb.xz
717e5ebd063a228fd06ea8b599d25d38f5c8f1074c8e88ea38a3c2f34454a09e	DEC-LIN/normalized-PB24/nordstrom/vliew-nonlinear-d139f28/equalities/array_diag/normalized-11array_diag_less.opb.xz	normalized-PB24.tar	normalized-PB24/DEC-LIN/devriendt/bitvector_multiplication_selection/equalities/array_diag/normalized-11array_diag_less.opb.xz
48fce58cea7de8920f5387f08a47ae3d144accf2d2effde9e68b20234ee855ab	DEC-LIN/normalized-PB24/nordstrom/vliew-nonlinear-d139f28/equalities/array_diag/normalized-16array_diag_less.opb.xz	normalized-PB24.tar	normalized-PB24/DEC-LIN/devriendt/bitvector_multiplication_selection/equalities/array_diag/normalized-16array_diag_less.opb.xz
a2d379229d4e1e804ce7a2838e4c4ac3808dc6d7fb5411a58afee9e876b66475	DEC-LIN/normalized-PB24/nordstrom/vliew-nonlinear-d139f28/equalities/array_comm/arraycomm_teq_tvars/normalized-12arraycomm_teq_tvars_greater.opb.xz	normalized-PB24.tar	normalized-PB24/DEC-LIN/devriendt/bitvector_multiplication_selection/equalities/array_comm/normalized-12arraycomm_teq_tvars_greater.opb.xz
bb344cad3eb3406a04aeacc2da6320795b408f07f5ff1bbc3908b903506e76c5	DEC-LIN/normalized-PB24/nordstrom/vliew-nonlinear-d139f28/equalities/array_comm/arraycomm_teq_tvars/normalized-10arraycomm_teq_tvars_less.opb.xz	normalized-PB24.tar	normalized-PB24/DEC-LIN/devriendt/bitvector_multiplication_selection/equalities/array_comm/normalized-10arraycomm_teq_tvars_less.opb.xz
77befe9b4a324bb127a98e4440e2212e492116f61bbe503722d3a59796237da0	DEC-LIN/normalized-PB24/nordstrom/vliew-nonlinear-d139f28/equalities/array_comm/arraycomm_teq_tvars/normalized-18arraycomm_teq_tvars_less.opb.xz	normalized-PB24.tar	normalized-PB24/DEC-LIN/devriendt/bitvector_multiplication_selection/equalities/array_comm/normalized-18arraycomm_teq_tvars_less.opb.xz
475488eee4c563bcecefedcb9f53c0fab5533bf91bd524a1e880ae4fc9b3919f	DEC-LIN/normalized-PB24/nordstrom/vliew-nonlinear-d139f28/equalities/array_comm/arraycomm_teq_tvars/normalized-17arraycomm_teq_tvars_less.opb.xz	normalized-PB24.tar	normalized-PB24/DEC-LIN/devriendt/bitvector_multiplication_selection/equalities/array_comm/normalized-17arraycomm_teq_tvars_less.opb.xz
85cc3f7306f2295a424bf762050b835de00fb412b82d41727c049e858f894c04	DEC-LIN/normalized-PB24/nordstrom/vliew-nonlinear-d139f28/equalities/array_comm/arraycomm_teq_tvars/normalized-20arraycomm_teq_tvars_greater.opb.xz	normalized-PB24.tar	normalized-PB24/DEC-LIN/devriendt/bitvector_multiplication_selection/equalities/array_comm/normalized-20arraycomm_teq_tvars_greater.opb.xz
e3a1f41208eba83d131479f715180f89980e23ae2bf0327b3368e5f9d42e55e7	DEC-LIN/normalized-PB24/nordstrom/vliew-nonlinear-d139f28/equalities/array_comm/arraycomm_teq_tvars/normalized-23arraycomm_teq_tvars_less.opb.xz	normalized-PB24.tar	normalized-PB24/DEC-LIN/devriendt/bitvector_multiplication_selection/equalities/array_comm/normalized-23arraycomm_teq_tvars_less.opb.xz
ab2a0e37c6071386b47658c924b6721f20e2be113d7fc6e031975f1e7f244e01	DEC-LIN/normalized-PB24/nordstrom/vliew-nonlinear-d139f28/equalities/array_comm/arraycomm_teq_tvars/normalized-14arraycomm_teq_tvars_less.opb.xz	normalized-PB24.tar	normalized-PB24/DEC-LIN/devriendt/bitvector_multiplication_selection/equalities/array_comm/normalized-14arraycomm_teq_tvars_less.opb.xz
71bd75d4d91a853d6e62fc993e75e3a6fac7e7833e3a0e105d59b9cc429ed516	DEC-LIN/normalized-PB24/nordstrom/vliew-nonlinear-d139f28/equalities/array_comm/arraycomm_teq_tvars/normalized-16arraycomm_teq_tvars_less.opb.xz	normalized-PB24.tar	normalized-PB24/DEC-LIN/devriendt/bitvector_multiplication_selection/equalities/array_comm/normalized-16arraycomm_teq_tvars_less.opb.xz
d0e14f3f3d6cf00f12cb1ae7bd5a8ac7f32a79eaf9eaf48a8abe0dcc3ca44d00	DEC-LIN/normalized-PB24/nordstrom/vliew-nonlinear-d139f28/equalities/array_comm/arraycomm_teq_tvars/normalized-15arraycomm_teq_tvars_greater.opb.xz	normalized-PB24.tar	normalized-PB24/DEC-LIN/devriendt/bitvector_multiplication_selection/equalities/array_comm/normalized-15arraycomm_teq_tvars_greater.opb.xz
8f325ee51fbb24ad83f8e2887bc1d05df12f172f3f45ee46578edcd39b0799e3	DEC-LIN/normalized-PB24/nordstrom/vliew-nonlinear-d139f28/equalities/array_comm/arraycomm_teq_tvars/normalized-19arraycomm_teq_tvars_less.opb.xz	normalized-PB24.tar	normalized-PB24/DEC-LIN/devriendt/bitvector_multiplication_selection/equalities/array_comm/normalized-19arraycomm_teq_tvars_less.opb.xz
d4448038f856a22d94c9415b06089bf38eaf96a9f9354b442f39a119c80503e7	DEC-LIN/normalized-PB24/nordstrom/vliew-nonlinear-d139f28/equalities/array_comm/arraycomm_teq_tvars/normalized-14arraycomm_teq_tvars_greater.opb.xz	normalized-PB24.tar	normalized-PB24/DEC-LIN/devriendt/bitvector_multiplication_selection/equalities/array_comm/normalized-14arraycomm_teq_tvars_greater.opb.xz
2c907b57d939f3c5fd3e4d95a2b1a35fb71175ec6caae73be505f86a1b837757	DEC-LIN/normalized-PB24/nordstrom/vliew-nonlinear-d139f28/equalities/array_comm/arraycomm_teq_tvars/normalized-17arraycomm_teq_tvars_greater.opb.xz	normalized-PB24.tar	normalized-PB24/DEC-LIN/devriendt/bitvector_multiplication_selection/equalities/array_comm/normalized-17arraycomm_teq_tvars_greater.opb.xz
f4b548aa853384f5db01e8320afdb5a260c40bc3211301695c6e02676293e7e6	DEC-LIN/normalized-PB24/nordstrom/vliew-nonlinear-d139f28/equalities/array_comm/arraycomm_teq_tvars/normalized-12arraycomm_teq_tvars_less.opb.xz	normalized-PB24.tar	normalized-PB24/DEC-LIN/devriendt/bitvector_multiplication_selection/equalities/array_comm/normalized-12arraycomm_teq_tvars_less.opb.xz
445c83419179bd21d4553a7da8782f27459be146db5d4caa273ffe55518d05c4	DEC-LIN/normalized-PB24/nordstrom/vliew-nonlinear-d139f28/equalities/array_comm/arraycomm_teq_tvars/normalized-21arraycomm_teq_tvars_greater.opb.xz	normalized-PB24.tar	normalized-PB24/DEC-LIN/devriendt/bitvector_multiplication_selection/equalities/array_comm/normalized-21arraycomm_teq_tvars_greater.opb.xz
771cdc86ef7ed9a85e1be0769608acb8065b8173d86c3dc6d6e8e956ac85c24a	DEC-LIN/normalized-PB24/nordstrom/vliew-nonlinear-d139f28/equalities/array_comm/arraycomm_teq_tvars/normalized-15arraycomm_teq_tvars_less.opb.xz	normalized-PB24.tar	normalized-PB24/DEC-LIN/devriendt/bitvector_multiplication_selection/equalities/array_comm/normalized-15arraycomm_teq_tvars_less.opb.xz
0ef81732d49c85454303d9df12612d1de6167c7cfb520ad067545eb90282375b	DEC-LIN/normalized-PB24/nordstrom/vliew-nonlinear-d139f28/equalities/array_comm/arraycomm_teq_tvars/normalized-9arraycomm_teq_tvars_less.opb.xz	normalized-PB24.tar	normalized-PB24/DEC-LIN/devriendt/bitvector_multiplication_selection/equalities/array_comm/normalized-9arraycomm_teq_tvars_less.opb.xz
1d92cd57bfdf01dcc5c6af8da55b63c38cc46446ce2a05e73178d4a6988be1e8	DEC-LIN/normalized-PB24/nordstrom/vliew-nonlinear-d139f28/equalities/array_comm/arraycomm_teq_tvars/normalized-13arraycomm_teq_tvars_greater.opb.xz	normalized-PB24.tar	normalized-PB24/DEC-LIN/devriendt/bitvector_multiplication_selection/equalities/array_comm/normalized-13arraycomm_teq_tvars_greater.opb.xz
5fbf4d5bf57a3be1bad06c7db464fe46727ef4b27857426f4a580d5005de7746	DEC-LIN/normalized-PB24/nordstrom/vliew-nonlinear-d139f28/equalities/array_comm/arraycomm_teq_tvars/normalized-11arraycomm_teq_tvars_less.opb.xz	normalized-PB24.tar	normalized-PB24/DEC-LIN/devriendt/bitvector_multiplication_selection/equalities/array_comm/normalized-11arraycomm_teq_tvars_less.opb.xz
58ee0475cdb2356a8bf7f342f4de1cb176d58e0123251d861db86b79d72d1192	DEC-LIN/normalized-PB24/nordstrom/vliew-nonlinear-d139f28/equalities/array_comm/arraycomm_teq_tvars/normalized-13arraycomm_teq_tvars_less.opb.xz	normalized-PB24.tar	normalized-PB24/DEC-LIN/devriendt/bitvector_multiplication_selection/equalities/array_comm/normalized-13arraycomm_teq_tvars_less.opb.xz
2b32a5e8a33589c0b5f295453bd26749dea05e8523cf9c69187b23d09d8e1d6a	DEC-LIN/normalized-PB24/nordstrom/vliew-nonlinear-d139f28/equalities/array_comm/arraycomm_teq_tvars/normalized-11arraycomm_teq_tvars_greater.opb.xz	normalized-PB24.tar	normalized-PB24/DEC-LIN/devriendt/bitvector_multiplication_selection/equalities/array_comm/normalized-11arraycomm_teq_tvars_greater.opb.xz
0a37eb0c10611362b530a786c401d029673e9e8a8dbb0606094f95e95334fba7	DEC-LIN/normalized-PB24/nordstrom/vliew-nonlinear-d139f28/equalities/array_comm/arraycomm_teq_tvars/normalized-20arraycomm_teq_tvars_less.opb.xz	normalized-PB24.tar	normalized-PB24/DEC-LIN/devriendt/bitvector_multiplication_selection/equalities/array_comm/normalized-20arraycomm_teq_tvars_less.opb.xz
7b4c2a0726124b3e51a0ef5a29cff343a153044fea1beffc09287637c352ea52	DEC-LIN/normalized-PB24/nordstrom/vliew-nonlinear-d139f28/equalities/array_comm/arraycomm_teq_tvars/normalized-16arraycomm_teq_tvars_greater.opb.xz	normalized-PB24.tar	normalized-PB24/DEC-LIN/devriendt/bitvector_multiplication_selection/equalities/array_comm/normalized-16arraycomm_teq_tvars_greater.opb.xz
0520248031c190d2b8217947a6a18af07363555ff6dc0fd440ed57026470dff4	DEC-LIN/normalized-PB24/nordstrom/vliew-nonlinear-d139f28/equalities/array_comm/arraycomm_teq_tvars/normalized-19arraycomm_teq_tvars_greater.opb.xz	normalized-PB24.tar	normalized-PB24/DEC-LIN/devriendt/bitvector_multiplication_selection/equalities/array_comm/normalized-19arraycomm_teq_tvars_greater.opb.xz
a3666e99917087dcc87174e4de9ad954e789b3e91362a60b5035b7cb660f5abe	DEC-LIN/normalized-PB24/nordstrom/vliew-nonlinear-d139f28/equalities/array_comm/arraycomm_teq_tvars/normalized-21arraycomm_teq_tvars_less.opb.xz	normalized-PB24.tar	normalized-PB24/DEC-LIN/devriendt/bitvector_multiplication_selection/equalities/array_comm/normalized-21arraycomm_teq_tvars_less.opb.xz
fe9e0bafbd77128128977ea95ad540fa4ccf1ab51a7df08d1edef154d9a240a0	DEC-LIN/normalized-PB24/nordstrom/vliew-nonlinear-d139f28/equalities/array_comm/arraycomm_teq_tvars/normalized-10arraycomm_teq_tvars_greater.opb.xz	normalized-PB24.tar	normalized-PB24/DEC-LIN/devriendt/bitvector_multiplication_selection/equalities/array_comm/normalized-10arraycomm_teq_tvars_greater.opb.xz
607ad5bd92d8d2a2284a3b427a1e7808d9002c908399ad836134968bb315dd50	DEC-LIN/normalized-PB24/nordstrom/vliew-nonlinear-d139f28/equalities/array_comm/arraycomm_teq_tvars/normalized-22arraycomm_teq_tvars_greater.opb.xz	normalized-PB24.tar	normalized-PB24/DEC-LIN/devriendt/bitvector_multiplication_selection/equalities/array_comm/normalized-22arraycomm_teq_tvars_greater.opb.xz
ffde69933e32c86109a73df64ba9f81b3d67f00bef1c95b10f891dc4cea8e7c2	DEC-LIN/normalized-PB24/nordstrom/vliew-nonlinear-d139f28/equalities/array_comm/arraycomm_teq_tvars/normalized-18arraycomm_teq_tvars_greater.opb.xz	normalized-PB24.tar	normalized-PB24/DEC-LIN/devriendt/bitvector_multiplication_selection/equalities/array_comm/normalized-18arraycomm_teq_tvars_greater.opb.xz
3e040edbed6227ae9d5234f9ceda055603def88c2c4cdab520fdaf1ceff06d79	DEC-LIN/normalized-PB24/nordstrom/vliew-nonlinear-d139f28/equalities/array_comm/arraycomm_teq_tvars/normalized-22arraycomm_teq_tvars_less.opb.xz	normalized-PB24.tar	normalized-PB24/DEC-LIN/devriendt/bitvector_multiplication_selection/equalities/array_comm/normalized-22arraycomm_teq_tvars_less.opb.xz
108ccff1b5a7ece1f31cd1d96ac5eb6e3b85630425b60ed4b1985bdd0e947e76	DEC-LIN/normalized-PB24/nordstrom/vliew-nonlinear-d139f28/equalities/array_comm/arraycomm_teq_tvars/normalized-9arraycomm_teq_tvars_greater.opb.xz	normalized-PB24.tar	normalized-PB24/DEC-LIN/devriendt/bitvector_multiplication_selection/equalities/array_comm/normalized-9arraycomm_teq_tvars_greater.opb.xz
72996551e4dee0d65b91c47fc5922e673aaf5364bbc0c68b1e24dbd541c33463	DEC-LIN/normalized-PB24/nordstrom/vliew-nonlinear-d139f28/equalities/array_comm/arraycomm_teq_tvars/normalized-23arraycomm_teq_tvars_greater.opb.xz	normalized-PB24.tar	normalized-PB24/DEC-LIN/devriendt/bitvector_multiplication_selection/equalities/array_comm/normalized-23arraycomm_teq_tvars_greater.opb.xz
57ea83754a4f484ca1896c6ead445c1538fda38bfad8eaed5f0ceae5b0ef313a	DEC-LIN/normalized-PB24/nordstrom/vliew-nonlinear-d139f28/equalities/diag_spec/normalized-13diag_spec_greater.opb.xz	normalized-PB24.tar	normalized-PB24/DEC-LIN/devriendt/bitvector_multiplication_selection/equalities/diag_spec/normalized-13diag_spec_greater.opb.xz
f465fe2f6d593f76ee5c4962bac6527f790fefbbb6e2aa14002c75d82d20d952	DEC-LIN/normalized-PB24/nordstrom/vliew-nonlinear-d139f28/equalities/diag_spec/normalized-16diag_spec_greater.opb.xz	normalized-PB24.tar	normalized-PB24/DEC-LIN/devriendt/bitvector_multiplication_selection/equalities/diag_spec/normalized-16diag_spec_greater.opb.xz
daa60f674895ea489e07d167ca27257e8fb8c84c4b9f6d0770d5a97a33712fde	DEC-LIN/normalized-PB24/nordstrom/vliew-nonlinear-d139f28/equalities/diag_spec/normalized-16diag_spec_less.opb.xz	normalized-PB24.tar	normalized-PB24/DEC-LIN/devriendt/bitvector_multiplication_selection/equalities/diag_spec/normalized-16diag_spec_less.opb.xz
7cc9b21aa126bf36082122a3bcc7aedb88ef726af916b7b6b547077491d52d3d	DEC-LIN/normalized-PB24/nordstrom/vliew-nonlinear-d139f28/equalities/diag_spec/normalized-13diag_spec_less.opb.xz	normalized-PB24.tar	normalized-PB24/DEC-LIN/devriendt/bitvector_multiplication_selection/equalities/diag_spec/normalized-13diag_spec_less.opb.xz
97569238e69da04ab22fa072d6e4a89416f06bded7ad5a1e316bbf1643497564	DEC-LIN/normalized-PB24/nordstrom/vliew-nonlinear-d139f28/equalities/diag_spec/normalized-9diag_spec_less.opb.xz	normalized-PB24.tar	normalized-PB24/DEC-LIN/devriendt/bitvector_multiplication_selection/equalities/diag_spec/normalized-9diag_spec_less.opb.xz
86c3972fecc98689fd756bf59be409f5151eefa273be009536716746916df527	DEC-LIN/normalized-PB24/nordstrom/vliew-nonlinear-d139f28/equalities/diag_spec/normalized-14diag_spec_greater.opb.xz	normalized-PB24.tar	normalized-PB24/DEC-LIN/devriendt/bitvector_multiplication_selection/equalities/diag_spec/normalized-14diag_spec_greater.opb.xz
3a7810420f3f7be98c3e57130da9bca1f4a6954f8123be34998e849c9459e38c	DEC-LIN/normalized-PB24/nordstrom/vliew-nonlinear-d139f28/equalities/diag_spec/normalized-15diag_spec_less.opb.xz	normalized-PB24.tar	normalized-PB24/DEC-LIN/devriendt/bitvector_multiplication_selection/equalities/diag_spec/normalized-15diag_spec_less.opb.xz
5afeb1bce0c2c27948e4297e0d2d9bd0039cb316e2c237dc082fcb58e4f106f7	DEC-LIN/normalized-PB24/nordstrom/vliew-nonlinear-d139f28/equalities/diag_spec/normalized-12diag_spec_less.opb.xz	normalized-PB24.tar	normalized-PB24/DEC-LIN/devriendt/bitvector_multiplication_selection/equalities/diag_spec/normalized-12diag_spec_less.opb.xz
8627e3580ca97a316fb3ecb307f25276629237ba10f0740677538151f4e4002a	DEC-LIN/normalized-PB24/nordstrom/vliew-nonlinear-d139f28/equalities/diag_spec/normalized-10diag_spec_greater.opb.xz	normalized-PB24.tar	normalized-PB24/DEC-LIN/devriendt/bitvector_multiplication_selection/equalities/diag_spec/normalized-10diag_spec_greater.opb.xz
c507e92eb86315a223b93cf9fb96306a30cb53b8b4803469e29b934abcfabec8	DEC-LIN/normalized-PB24/nordstrom/vliew-nonlinear-d139f28/equalities/diag_spec/normalized-11diag_spec_less.opb.xz	normalized-PB24.tar	normalized-PB24/DEC-LIN/devriendt/bitvector_multiplication_selection/equalities/diag_spec/normalized-11diag_spec_less.opb.xz
2b7940c55e155698035f28f7ce55f2926f93e2d7558f0c8be216f00f5c744601	DEC-LIN/normalized-PB24/nordstrom/vliew-nonlinear-d139f28/equalities/diag_spec/normalized-15diag_spec_greater.opb.xz	normalized-PB24.tar	normalized-PB24/DEC-LIN/devriendt/bitvector_multiplication_selection/equalities/diag_spec/normalized-15diag_spec_greater.opb.xz
cd7ec17e57d53151dd274e44bbd8aa09d6498b8bb8497bd9331c05ea032fb3a7	DEC-LIN/normalized-PB24/nordstrom/vliew-nonlinear-d139f28/equalities/diag_spec/normalized-9diag_spec_greater.opb.xz	normalized-PB24.tar	normalized-PB24/DEC-LIN/devriendt/bitvector_multiplication_selection/equalities/diag_spec/normalized-9diag_spec_greater.opb.xz
0164f21aefd717d76cef0ff8b1b8e41943e039c3c1ff1bba5e6467f4b381542a	DEC-LIN/normalized-PB24/nordstrom/vliew-nonlinear-d139f28/equalities/diag_spec/normalized-14diag_spec_less.opb.xz	normalized-PB24.tar	normalized-PB24/DEC-LIN/devriendt/bitvector_multiplication_selection/equalities/diag_spec/normalized-14diag_spec_less.opb.xz
737aa07826d386076f01e66aff851138b1e6734d48a0268ead61f493152ec7bb	DEC-LIN/normalized-PB24/nordstrom/vliew-nonlinear-d139f28/equalities/diag_spec/normalized-11diag_spec_greater.opb.xz	normalized-PB24.tar	normalized-PB24/DEC-LIN/devriendt/bitvector_multiplication_selection/equalities/diag_spec/normalized-11diag_spec_greater.opb.xz
d983d096c35f40dc76b7eb0e900c695aa9e6789d715b7646434508e866d3aa9f	DEC-LIN/normalized-PB24/nordstrom/vliew-nonlinear-d139f28/equalities/diag_spec/normalized-12diag_spec_greater.opb.xz	normalized-PB24.tar	normalized-PB24/DEC-LIN/devriendt/bitvector_multiplication_selection/equalities/diag_spec/normalized-12diag_spec_greater.opb.xz
e2b029ec22db82ca65a17ba452f9832dceec4daf94718b705c83b69b8a6a0026	DEC-LIN/normalized-PB24/nordstrom/vliew-nonlinear-d139f28/equalities/diag_spec/normalized-10diag_spec_less.opb.xz	normalized-PB24.tar	normalized-PB24/DEC-LIN/devriendt/bitvector_multiplication_selection/equalities/diag_spec/normalized-10diag_spec_less.opb.xz
1bec9f8c95ac9536c886e5ea84335a0350a08feb1bc95486d133470a01eaade8	DEC-LIN/normalized-PB24/nordstrom/vliew-nonlinear-d139f28/ebits/zeroth_bit/normalized-16ebits_0.opb.xz	normalized-PB24.tar	normalized-PB24/DEC-LIN/devriendt/bitvector_multiplication_selection/ebits/benchmarks_0/normalized-16ebits_0.opb.xz
1a3376159fc49896c327b8eccdc89b67c07830f0b5f4b58d7a25efc7cdd99fa4	DEC-LIN/normalized-PB24/nordstrom/vliew-nonlinear-d139f28/ebits/zeroth_bit/normalized-32ebits_0.opb.xz	normalized-PB24.tar	normalized-PB24/DEC-LIN/devriendt/bitvector_multiplication_selection/ebits/benchmarks_0/normalized-32ebits_0.opb.xz
6d21d042c97cd2ab8d2e05581cf909a79dd68d6d7648addcfb5d9be20df80cfe	OPT-LIN/normalized-PB24/pettersson/StableMatchings/SMTI/x2/Init-x2-i1_pp_100.opb.xz	normalized-PB24.tar	normalized-PB24/OPT-LIN/pettersson/StableMatchings/SMTI/x2/Init-x2-i1_pp_99.opb.xz
efe591bc85134c64ab19b03e55d5f6f22697c7ee37f2e24261872d718b8ff76c	OPT-LIN/normalized-PB24/pettersson/StableMatchings/SMTI/x2/Init-x2-i4_pp_99.opb.xz	normalized-PB24.tar	normalized-PB24/OPT-LIN/pettersson/StableMatchings/SMTI/x2/Init-x2-i4_pp_100.opb.xz
57e306d033b98990957923652ddced102a13b28a282c969cfd1dc74c16b8b12c	OPT-LIN/normalized-PB24/pettersson/StableMatchings/SMTI/x2/Init-x2-i9_pp_100.opb.xz	normalized-PB24.tar	normalized-PB24/OPT-LIN/pettersson/StableMatchings/SMTI/x2/Init-x2-i9_pp_99.opb.xz
9252dedcea001630ff1d17e4bc3d62d9d20a2690bcc1f1b8a316721b78958bef	OPT-LIN/normalized-PB24/pettersson/StableMatchings/SMTI/x2/Init-x2-i5_pp_99.opb.xz	normalized-PB24.tar	normalized-PB24/OPT-LIN/pettersson/StableMatchings/SMTI/x2/Init-x2-i5_pp_100.opb.xz
c6ceff488f03043f1a34561c6af85d2c578ac282de3127e5ad34a1ea8deccd93	OPT-LIN/normalized-PB24/pettersson/StableMatchings/SMTI/x2/Init-x2-i3_pp_99.opb.xz	normalized-PB24.tar	normalized-PB24/OPT-LIN/pettersson/StableMatchings/SMTI/x2/Init-x2-i3_pp_100.opb.xz
b31253264f78a5cfec78f1ff60f3972028fc016822fae2ee8463a48377c34752	OPT-LIN/normalized-PB24/pettersson/StableMatchings/SMTI/x2/Init-x2-i7_pp_99.opb.xz	normalized-PB24.tar	normalized-PB24/OPT-LIN/pettersson/StableMatchings/SMTI/x2/Init-x2-i7_pp_100.opb.xz
871265f1cba248721f4a29191f2c71c1f5cbda7ecc505c09ec6aa83285d6bf4e	OPT-LIN/normalized-PB24/pettersson/StableMatchings/SMTI/x2/Init-x2-i6_pp_99.opb.xz	normalized-PB24.tar	normalized-PB24/OPT-LIN/pettersson/StableMatchings/SMTI/x2/Init-x2-i6_pp_100.opb.xz
1847008b66cdbd9001c98d43d752e1cdb77d7d8c8583d3d90d116010f2109903	OPT-LIN/normalized-PB24/pettersson/StableMatchings/SMTI/x2/Init-x2-i8_pp_100.opb.xz	normalized-PB24.tar	normalized-PB24/OPT-LIN/pettersson/StableMatchings/SMTI/x2/Init-x2-i8_pp_99.opb.xz
e13644b85aa726d13ad0eb3a075560d7d6e8b91a71a2741df5bea496df7defca	OPT-LIN/normalized-PB24/pettersson/StableMatchings/SMTI/x2/Init-x2-i10_pp_100.opb.xz	normalized-PB24.tar	normalized-PB24/OPT-LIN/pettersson/StableMatchings/SMTI/x2/Init-x2-i10_pp_99.opb.xz
5708518f99f69fbd588bdf7ab944b95438b2bcbc20ddb0347c24bd81c4040265	OPT-LIN/normalized-PB24/pettersson/StableMatchings/SMTI/x2/Init-x2-i2_pp_100.opb.xz	normalized-PB24.tar	normalized-PB24/OPT-LIN/pettersson/StableMatchings/SMTI/x2/Init-x2-i2_pp_99.opb.xz
4e5f7d34cd896419fd1f5100c1c7917f8b5dc2cc0011da9d1124ecdc3dc0dacd	OPT-LIN/normalized-PB24/pettersson/StableMatchings/SMTI/x1/Init-x1-i3_pp_100_merged.opb.xz	normalized-PB24.tar	normalized-PB24/OPT-LIN/pettersson/StableMatchings/SMTI/x1/Init-x1-i3_pp_99_merged.opb.xz
5de166e5e830cd32cf09d4108f7ff6102e65191dfc29516a025002edd38626e7	OPT-LIN/normalized-PB24/pettersson/StableMatchings/SMTI/x1/Init-x1-i5_pp_100_merged.opb.xz	normalized-PB24.tar	normalized-PB24/OPT-LIN/pettersson/StableMatchings/SMTI/x1/Init-x1-i5_pp_99_merged.opb.xz
4878cd803e1721b58939213e0402bd9a8dcabd22df5e4d706f40f392a3d280df	OPT-LIN/normalized-PB24/pettersson/StableMatchings/SMTI/x1/Init-x1-i9_pp_100_merged.opb.xz	normalized-PB24.tar	normalized-PB24/OPT-LIN/pettersson/StableMatchings/SMTI/x1/Init-x1-i9_pp_99_merged.opb.xz
dc56e9c888e112937e61de2014ddb468857059f595817f3517194e2ee105b0d2	OPT-LIN/normalized-PB24/pettersson/StableMatchings/SMTI/x1/Init-x1-i8_pp_100_merged.opb.xz	normalized-PB24.tar	normalized-PB24/OPT-LIN/pettersson/StableMatchings/SMTI/x1/Init-x1-i8_pp_99_merged.opb.xz
3c9f99937cd453cd371ff18649ab204d18bba4e45ea3b72f4fe422564afcd2e5	OPT-LIN/normalized-PB24/pettersson/StableMatchings/SMTI/x1/Init-x1-i10_pp_99_merged.opb.xz	normalized-PB24.tar	normalized-PB24/OPT-LIN/pettersson/StableMatchings/SMTI/x1/Init-x1-i10_pp_100_merged.opb.xz
ffc2b395633535a43c51336ff2fa3648878363a8d9dd03ac728fd135f37a1310	OPT-LIN/normalized-PB24/pettersson/StableMatchings/SMTI/x1/Init-x1-i4_pp_99_merged.opb.xz	normalized-PB24.tar	normalized-PB24/OPT-LIN/pettersson/StableMatchings/SMTI/x1/Init-x1-i4_pp_100_merged.opb.xz
660646741008ad2f34c942846f513794641d3fea5011224571557f928f9d9595	OPT-LIN/normalized-PB24/pettersson/StableMatchings/SMTI/x1/Init-x1-i6_pp_99_merged.opb.xz	normalized-PB24.tar	normalized-PB24/OPT-LIN/pettersson/StableMatchings/SMTI/x1/Init-x1-i6_pp_100_merged.opb.xz
db357c23d948562977fb9f81e1635ef302bd900fef4623705f80ca2bb27eee6b	OPT-LIN/normalized-PB24/pettersson/StableMatchings/SMTI/x1/Init-x1-i1_pp_99_merged.opb.xz	normalized-PB24.tar	normalized-PB24/OPT-LIN/pettersson/StableMatchings/SMTI/x1/Init-x1-i1_pp_100_merged.opb.xz
607d010f9b9889d4789cc776048964ddabc27ac0a41bfe461409636853b71e74	OPT-LIN/normalized-PB24/pettersson/StableMatchings/SMTI/x1/Init-x1-i7_pp_99_merged.opb.xz	normalized-PB24.tar	normalized-PB24/OPT-LIN/pettersson/StableMatchings/SMTI/x1/Init-x1-i7_pp_100_merged.opb.xz
0843834b93552375ef8596a639500a746956078965db1580fb13d80d43cc5203	OPT-LIN/normalized-PB24/pettersson/StableMatchings/SMTI/x1/Init-x1-i2_pp_99_merged.opb.xz	normalized-PB24.tar	normalized-PB24/OPT-LIN/pettersson/StableMatchings/SMTI/x1/Init-x1-i2_pp_100_merged.opb.xz
4555b5d1482309c248d491b11512e64846554a26df342ff432709e8c9e32050f	OPT-LIN/normalized-PB24/nordstrom/composed_pebbling_php_pyramid/opt/normalized-composed_pebbling_php_opt_pyramid_height18_pigeons17_holes16.opb.xz	normalized-PB24.tar	normalized-PB24/OPT-LIN/nordstrom/CoreGuidedPB/composed_pebbling_php_opt_pyramid/normalized-composed_pebbling_php_opt_pyramid_height18_pigeons17_holes16.opb.xz
554954dcd8fb2f357dd155b6862603648400abab0fd42661670f6e3c10da32bc	OPT-LIN/normalized-PB24/nordstrom/composed_pebbling_php_pyramid/opt/normalized-composed_pebbling_php_opt_pyramid_height16_pigeons15_holes14.opb.xz	normalized-PB24.tar	normalized-PB24/OPT-LIN/nordstrom/CoreGuidedPB/composed_pebbling_php_opt_pyramid/normalized-composed_pebbling_php_opt_pyramid_height16_pigeons15_holes14.opb.xz
1787d4dbb7de3f915f4f6cbeccc787caae92cda200ccc033922290464e8d68b0	OPT-LIN/normalized-PB24/nordstrom/composed_pebbling_php_pyramid/opt/normalized-composed_pebbling_php_opt_pyramid_height31_pigeons30_holes29.opb.xz	normalized-PB24.tar	normalized-PB24/OPT-LIN/nordstrom/CoreGuidedPB/composed_pebbling_php_opt_pyramid/normalized-composed_pebbling_php_opt_pyramid_height31_pigeons30_holes29.opb.xz
1692e4ba645f1b102e9e761b6aeb6eb2f5ba3d7f38d3f0445bec08c71f57593c	OPT-LIN/normalized-PB24/nordstrom/composed_pebbling_php_pyramid/opt/normalized-composed_pebbling_php_opt_pyramid_height39_pigeons38_holes37.opb.xz	normalized-PB24.tar	normalized-PB24/OPT-LIN/nordstrom/CoreGuidedPB/composed_pebbling_php_opt_pyramid/normalized-composed_pebbling_php_opt_pyramid_height39_pigeons38_holes37.opb.xz
3f7266e66e148c1a480ac25f3386ad887c370b703a95b53173f5ad7159de0550	OPT-LIN/normalized-PB24/nordstrom/composed_pebbling_php_pyramid/opt/normalized-composed_pebbling_php_opt_pyramid_height20_pigeons19_holes18.opb.xz	normalized-PB24.tar	normalized-PB24/OPT-LIN/nordstrom/CoreGuidedPB/composed_pebbling_php_opt_pyramid/normalized-composed_pebbling_php_opt_pyramid_height20_pigeons19_holes18.opb.xz
0b1f6193c85a86da10083536fd5ffaf2a4b4dd1273195eae8c384ac8b3773673	OPT-LIN/normalized-PB24/nordstrom/composed_pebbling_php_pyramid/opt/normalized-composed_pebbling_php_opt_pyramid_height48_pigeons47_holes46.opb.xz	normalized-PB24.tar	normalized-PB24/OPT-LIN/nordstrom/CoreGuidedPB/composed_pebbling_php_opt_pyramid/normalized-composed_pebbling_php_opt_pyramid_height48_pigeons47_holes46.opb.xz
052a77e11c1b35916245a0cdfc3dbea58a3b023c3972b2b30e245c91f3604018	OPT-LIN/normalized-PB24/nordstrom/composed_pebbling_php_pyramid/opt/normalized-composed_pebbling_php_opt_pyramid_height26_pigeons25_holes24.opb.xz	normalized-PB24.tar	normalized-PB24/OPT-LIN/nordstrom/CoreGuidedPB/composed_pebbling_php_opt_pyramid/normalized-composed_pebbling_php_opt_pyramid_height26_pigeons25_holes24.opb.xz
9d5b8db87446ed4b564ce3d781767e74086b7dab0201a70a7f711e36d0964a4a	OPT-LIN/normalized-PB24/nordstrom/composed_pebbling_php_pyramid/opt/normalized-composed_pebbling_php_opt_pyramid_height11_pigeons10_holes9.opb.xz	normalized-PB24.tar	normalized-PB24/OPT-LIN/nordstrom/CoreGuidedPB/composed_pebbling_php_opt_pyramid/normalized-composed_pebbling_php_opt_pyramid_height11_pigeons10_holes9.opb.xz
fc013dc0eefcd87260e9bc74f3aa0643ed114748dbb7a6fcc082ebdf647ac7c0	OPT-LIN/normalized-PB24/nordstrom/composed_pebbling_php_pyramid/opt/normalized-composed_pebbling_php_opt_pyramid_height32_pigeons31_holes30.opb.xz	normalized-PB24.tar	normalized-PB24/OPT-LIN/nordstrom/CoreGuidedPB/composed_pebbling_php_opt_pyramid/normalized-composed_pebbling_php_opt_pyramid_height32_pigeons31_holes30.opb.xz
54f780d49e490352fc466dae79e59b2001e552c2ab2a5e5bf7256d1f7401c527	OPT-LIN/normalized-PB24/nordstrom/composed_pebbling_php_pyramid/opt/normalized-composed_pebbling_php_opt_pyramid_height35_pigeons34_holes33.opb.xz	normalized-PB24.tar	normalized-PB24/OPT-LIN/nordstrom/CoreGuidedPB/composed_pebbling_php_opt_pyramid/normalized-composed_pebbling_php_opt_pyramid_height35_pigeons34_holes33.opb.xz
819b94ce411d6132085454dc0e67d865763a9e21c2ae2b18bdacc410b37b35f5	OPT-LIN/normalized-PB24/nordstrom/composed_pebbling_php_pyramid/opt/normalized-composed_pebbling_php_opt_pyramid_height19_pigeons18_holes17.opb.xz	normalized-PB24.tar	normalized-PB24/OPT-LIN/nordstrom/CoreGuidedPB/composed_pebbling_php_opt_pyramid/normalized-composed_pebbling_php_opt_pyramid_height19_pigeons18_holes17.opb.xz
7f406826c34445af406b09fb40f4c381c8d287167c34d1fd24969ff5b1a84ab6	OPT-LIN/normalized-PB24/nordstrom/composed_pebbling_php_pyramid/opt/normalized-composed_pebbling_php_opt_pyramid_height4_pigeons3_holes2.opb.xz	normalized-PB24.tar	normalized-PB24/OPT-LIN/nordstrom/CoreGuidedPB/composed_pebbling_php_opt_pyramid/normalized-composed_pebbling_php_opt_pyramid_height4_pigeons3_holes2.opb.xz
0ec3318201c193fe54c2b3d2c4be14b5ed55615c01c27f706eb2d3f91f6da5f7	OPT-LIN/normalized-PB24/nordstrom/composed_pebbling_php_pyramid/opt/normalized-composed_pebbling_php_opt_pyramid_height23_pigeons22_holes21.opb.xz	normalized-PB24.tar	normalized-PB24/OPT-LIN/nordstrom/CoreGuidedPB/composed_pebbling_php_opt_pyramid/normalized-composed_pebbling_php_opt_pyramid_height23_pigeons22_holes21.opb.xz
9d2f9c4fe960820c4df69e4f9557e903a31017c296c171caba06fb59aff8685e	OPT-LIN/normalized-PB24/nordstrom/composed_pebbling_php_pyramid/opt/normalized-composed_pebbling_php_opt_pyramid_height41_pigeons40_holes39.opb.xz	normalized-PB24.tar	normalized-PB24/OPT-LIN/nordstrom/CoreGuidedPB/composed_pebbling_php_opt_pyramid/normalized-composed_pebbling_php_opt_pyramid_height41_pigeons40_holes39.opb.xz
a071112b380456a2c673860438ebb399ed5f80ca20e5554945ffc461b528ea7b	OPT-LIN/normalized-PB24/nordstrom/composed_pebbling_php_pyramid/opt/normalized-composed_pebbling_php_opt_pyramid_height27_pigeons26_holes25.opb.xz	normalized-PB24.tar	normalized-PB24/OPT-LIN/nordstrom/CoreGuidedPB/composed_pebbling_php_opt_pyramid/normalized-composed_pebbling_php_opt_pyramid_height27_pigeons26_holes25.opb.xz
0ba3a1dda97a06b74d7f116d699f60e570a24522510208cee895704b12925335	OPT-LIN/normalized-PB24/nordstrom/composed_pebbling_php_pyramid/opt/normalized-composed_pebbling_php_opt_pyramid_height21_pigeons20_holes19.opb.xz	normalized-PB24.tar	normalized-PB24/OPT-LIN/nordstrom/CoreGuidedPB/composed_pebbling_php_opt_pyramid/normalized-composed_pebbling_php_opt_pyramid_height21_pigeons20_holes19.opb.xz
4f5ff5f20206786be0f5f8ae892e8e58ca50968bad19654e9a44c118937a7c2d	OPT-LIN/normalized-PB24/nordstrom/composed_pebbling_php_pyramid/opt/normalized-composed_pebbling_php_opt_pyramid_height38_pigeons37_holes36.opb.xz	normalized-PB24.tar	normalized-PB24/OPT-LIN/nordstrom/CoreGuidedPB/composed_pebbling_php_opt_pyramid/normalized-composed_pebbling_php_opt_pyramid_height38_pigeons37_holes36.opb.xz
68d73947ca803fb501eeb03fe88b19fa4830b17b8287c6deb32f98c3ed05c1bb	OPT-LIN/normalized-PB24/nordstrom/composed_pebbling_php_pyramid/opt/normalized-composed_pebbling_php_opt_pyramid_height33_pigeons32_holes31.opb.xz	normalized-PB24.tar	normalized-PB24/OPT-LIN/nordstrom/CoreGuidedPB/composed_pebbling_php_opt_pyramid/normalized-composed_pebbling_php_opt_pyramid_height33_pigeons32_holes31.opb.xz
f047923037f6ee5b0825efb3903631c708b6348be15a778fd95d296d4d8d7999	OPT-LIN/normalized-PB24/nordstrom/composed_pebbling_php_pyramid/opt/normalized-composed_pebbling_php_opt_pyramid_height5_pigeons4_holes3.opb.xz	normalized-PB24.tar	normalized-PB24/OPT-LIN/nordstrom/CoreGuidedPB/composed_pebbling_php_opt_pyramid/normalized-composed_pebbling_php_opt_pyramid_height5_pigeons4_holes3.opb.xz
d1ed6c337c128d359dc727e90e63594138f793c574bf8a0b783c03fb2c934efd	OPT-LIN/normalized-PB24/nordstrom/composed_pebbling_php_pyramid/opt/normalized-composed_pebbling_php_opt_pyramid_height17_pigeons16_holes15.opb.xz	normalized-PB24.tar	normalized-PB24/OPT-LIN/nordstrom/CoreGuidedPB/composed_pebbling_php_opt_pyramid/normalized-composed_pebbling_php_opt_pyramid_height17_pigeons16_holes15.opb.xz
0dfd5259da0072c9cd5460f44028e490dfc3d167ab1ea91072d05fe068c36e56	OPT-LIN/normalized-PB24/nordstrom/composed_pebbling_php_pyramid/opt/normalized-composed_pebbling_php_opt_pyramid_height36_pigeons35_holes34.opb.xz	normalized-PB24.tar	normalized-PB24/OPT-LIN/nordstrom/CoreGuidedPB/composed_pebbling_php_opt_pyramid/normalized-composed_pebbling_php_opt_pyramid_height36_pigeons35_holes34.opb.xz
2c03e5d714449210f8536e298c428a6d9b93c16d8f623efb05f31d38bb185074	OPT-LIN/normalized-PB24/nordstrom/composed_pebbling_php_pyramid/opt/normalized-composed_pebbling_php_opt_pyramid_height44_pigeons43_holes42.opb.xz	normalized-PB24.tar	normalized-PB24/OPT-LIN/nordstrom/CoreGuidedPB/composed_pebbling_php_opt_pyramid/normalized-composed_pebbling_php_opt_pyramid_height44_pigeons43_holes42.opb.xz
8b9ba2e83cec626cf37fd603645407230bd35d299cb4d81eae53ef6f6b9dd234	OPT-LIN/normalized-PB24/nordstrom/composed_pebbling_php_pyramid/opt/normalized-composed_pebbling_php_opt_pyramid_height46_pigeons45_holes44.opb.xz	normalized-PB24.tar	normalized-PB24/OPT-LIN/nordstrom/CoreGuidedPB/composed_pebbling_php_opt_pyramid/normalized-composed_pebbling_php_opt_pyramid_height46_pigeons45_holes44.opb.xz
30d9e83e52cf48e37fa2290382d87c6e1767e424a2ed37b55ca10fcce65089d1	OPT-LIN/normalized-PB24/nordstrom/composed_pebbling_php_pyramid/opt/normalized-composed_pebbling_php_opt_pyramid_height22_pigeons21_holes20.opb.xz	normalized-PB24.tar	normalized-PB24/OPT-LIN/nordstrom/CoreGuidedPB/composed_pebbling_php_opt_pyramid/normalized-composed_pebbling_php_opt_pyramid_height22_pigeons21_holes20.opb.xz
f699bdd254b56753e258bfb39bce68f97088692e027bd2548151d8c14afd94c3	OPT-LIN/normalized-PB24/nordstrom/composed_pebbling_php_pyramid/opt/normalized-composed_pebbling_php_opt_pyramid_height8_pigeons7_holes6.opb.xz	normalized-PB24.tar	normalized-PB24/OPT-LIN/nordstrom/CoreGuidedPB/composed_pebbling_php_opt_pyramid/normalized-composed_pebbling_php_opt_pyramid_height8_pigeons7_holes6.opb.xz
bb4748916e5ae3a2a9e2e521af1a87102215df98d2128acd2d6bb810c1b1acd6	OPT-LIN/normalized-PB24/nordstrom/composed_pebbling_php_pyramid/opt/normalized-composed_pebbling_php_opt_pyramid_height10_pigeons9_holes8.opb.xz	normalized-PB24.tar	normalized-PB24/OPT-LIN/nordstrom/CoreGuidedPB/composed_pebbling_php_opt_pyramid/normalized-composed_pebbling_php_opt_pyramid_height10_pigeons9_holes8.opb.xz
4ccafef8a8c94292cfc68ebcfba2739f02c8ed4cedf1ee12b18f45aab3f24265	OPT-LIN/normalized-PB24/nordstrom/composed_pebbling_php_pyramid/opt/normalized-composed_pebbling_php_opt_pyramid_height34_pigeons33_holes32.opb.xz	normalized-PB24.tar	normalized-PB24/OPT-LIN/nordstrom/CoreGuidedPB/composed_pebbling_php_opt_pyramid/normalized-composed_pebbling_php_opt_pyramid_height34_pigeons33_holes32.opb.xz
142a6ea84ea5bc2a68213240e840b0e76276bcbffd20a34037d9fa3d2d60a3fb	OPT-LIN/normalized-PB24/nordstrom/composed_pebbling_php_pyramid/opt/normalized-composed_pebbling_php_opt_pyramid_height43_pigeons42_holes41.opb.xz	normalized-PB24.tar	normalized-PB24/OPT-LIN/nordstrom/CoreGuidedPB/composed_pebbling_php_opt_pyramid/normalized-composed_pebbling_php_opt_pyramid_height43_pigeons42_holes41.opb.xz
5a35aedc0eccdc33e606a63a45be51245aa5957cac72c065164c35068657fd4f	OPT-LIN/normalized-PB24/nordstrom/composed_pebbling_php_pyramid/opt/normalized-composed_pebbling_php_opt_pyramid_height3_pigeons2_holes1.opb.xz	normalized-PB24.tar	normalized-PB24/OPT-LIN/nordstrom/CoreGuidedPB/composed_pebbling_php_opt_pyramid/normalized-composed_pebbling_php_opt_pyramid_height3_pigeons2_holes1.opb.xz
172552ad2ede440418031733fc072d76ac10c12305808bb0fc56d0f96972d325	OPT-LIN/normalized-PB24/nordstrom/composed_pebbling_php_pyramid/opt/normalized-composed_pebbling_php_opt_pyramid_height9_pigeons8_holes7.opb.xz	normalized-PB24.tar	normalized-PB24/OPT-LIN/nordstrom/CoreGuidedPB/composed_pebbling_php_opt_pyramid/normalized-composed_pebbling_php_opt_pyramid_height9_pigeons8_holes7.opb.xz
c0071827d2d0c2baac91302aba272f31a585bcdf5d9b952d5b4a926feca5afdf	OPT-LIN/normalized-PB24/nordstrom/composed_pebbling_php_pyramid/opt/normalized-composed_pebbling_php_opt_pyramid_height49_pigeons48_holes47.opb.xz	normalized-PB24.tar	normalized-PB24/OPT-LIN/nordstrom/CoreGuidedPB/composed_pebbling_php_opt_pyramid/normalized-composed_pebbling_php_opt_pyramid_height49_pigeons48_holes47.opb.xz
70242fa5edbe3ea86a8155c27c770d3107eab208d18059d834746f97839c3f39	OPT-LIN/normalized-PB24/nordstrom/composed_pebbling_php_pyramid/opt/normalized-composed_pebbling_php_opt_pyramid_height7_pigeons6_holes5.opb.xz	normalized-PB24.tar	normalized-PB24/OPT-LIN/nordstrom/CoreGuidedPB/composed_pebbling_php_opt_pyramid/normalized-composed_pebbling_php_opt_pyramid_height7_pigeons6_holes5.opb.xz
b942d22945957aa4d4638b6141a4a3ede947f0699a486f166273cb656622638b	OPT-LIN/normalized-PB24/nordstrom/composed_pebbling_php_pyramid/opt/normalized-composed_pebbling_php_opt_pyramid_height14_pigeons13_holes12.opb.xz	normalized-PB24.tar	normalized-PB24/OPT-LIN/nordstrom/CoreGuidedPB/composed_pebbling_php_opt_pyramid/normalized-composed_pebbling_php_opt_pyramid_height14_pigeons13_holes12.opb.xz
65ff20f79d3bb42d38f03facabc4abd5cab436e09ff7ba0c03adf444223c03fa	OPT-LIN/normalized-PB24/nordstrom/composed_pebbling_php_pyramid/opt/normalized-composed_pebbling_php_opt_pyramid_height42_pigeons41_holes40.opb.xz	normalized-PB24.tar	normalized-PB24/OPT-LIN/nordstrom/CoreGuidedPB/composed_pebbling_php_opt_pyramid/normalized-composed_pebbling_php_opt_pyramid_height42_pigeons41_holes40.opb.xz
646b9981cc85a0ad792b5814a5d800a1e6216bd1cc3ea45892e58a7e6aa58b66	OPT-LIN/normalized-PB24/nordstrom/composed_pebbling_php_pyramid/opt/normalized-composed_pebbling_php_opt_pyramid_height47_pigeons46_holes45.opb.xz	normalized-PB24.tar	normalized-PB24/OPT-LIN/nordstrom/CoreGuidedPB/composed_pebbling_php_opt_pyramid/normalized-composed_pebbling_php_opt_pyramid_height47_pigeons46_holes45.opb.xz
b465b38a96fc5cf10d9f455fddb3a468f1c7094245a5c3239c1192aa0ca5c0ae	OPT-LIN/normalized-PB24/nordstrom/composed_pebbling_php_pyramid/opt/normalized-composed_pebbling_php_opt_pyramid_height12_pigeons11_holes10.opb.xz	normalized-PB24.tar	normalized-PB24/OPT-LIN/nordstrom/CoreGuidedPB/composed_pebbling_php_opt_pyramid/normalized-composed_pebbling_php_opt_pyramid_height12_pigeons11_holes10.opb.xz
e5532cce5a75c776c8abd0a39a3c2c8bd88f3ad08ddcd9edf4ad0afea0cf3be7	OPT-LIN/normalized-PB24/nordstrom/composed_pebbling_php_pyramid/opt/normalized-composed_pebbling_php_opt_pyramid_height37_pigeons36_holes35.opb.xz	normalized-PB24.tar	normalized-PB24/OPT-LIN/nordstrom/CoreGuidedPB/composed_pebbling_php_opt_pyramid/normalized-composed_pebbling_php_opt_pyramid_height37_pigeons36_holes35.opb.xz
58020e29fd5267713b1e4219ffa622301abbdbe7cf00e23a18b475a2783e5f9e	OPT-LIN/normalized-PB24/nordstrom/composed_pebbling_php_pyramid/opt/normalized-composed_pebbling_php_opt_pyramid_height50_pigeons49_holes48.opb.xz	normalized-PB24.tar	normalized-PB24/OPT-LIN/nordstrom/CoreGuidedPB/composed_pebbling_php_opt_pyramid/normalized-composed_pebbling_php_opt_pyramid_height50_pigeons49_holes48.opb.xz
8d1f60db62a87dedc67bb8d55456b95100ffb3679b8ae3bb85d1bcba85780ad8	OPT-LIN/normalized-PB24/nordstrom/composed_pebbling_php_pyramid/opt/normalized-composed_pebbling_php_opt_pyramid_height25_pigeons24_holes23.opb.xz	normalized-PB24.tar	normalized-PB24/OPT-LIN/nordstrom/CoreGuidedPB/composed_pebbling_php_opt_pyramid/normalized-composed_pebbling_php_opt_pyramid_height25_pigeons24_holes23.opb.xz
8a8f19f6de2c6eb9b729998d86fad27166e8e618fe46391b570791645f6d347e	OPT-LIN/normalized-PB24/nordstrom/composed_pebbling_php_pyramid/opt/normalized-composed_pebbling_php_opt_pyramid_height15_pigeons14_holes13.opb.xz	normalized-PB24.tar	normalized-PB24/OPT-LIN/nordstrom/CoreGuidedPB/composed_pebbling_php_opt_pyramid/normalized-composed_pebbling_php_opt_pyramid_height15_pigeons14_holes13.opb.xz
cbf2b17ded8a504d5a046d1371abb46f174e750e7f3bfda4fe8ded48a3bae133	OPT-LIN/normalized-PB24/nordstrom/composed_pebbling_php_pyramid/opt/normalized-composed_pebbling_php_opt_pyramid_height24_pigeons23_holes22.opb.xz	normalized-PB24.tar	normalized-PB24/OPT-LIN/nordstrom/CoreGuidedPB/composed_pebbling_php_opt_pyramid/normalized-composed_pebbling_php_opt_pyramid_height24_pigeons23_holes22.opb.xz
e8a42aef4f6d38913904303c6e7fb1dc2b1f657e989ec36147a071fb356d398f	OPT-LIN/normalized-PB24/nordstrom/composed_pebbling_php_pyramid/opt/normalized-composed_pebbling_php_opt_pyramid_height30_pigeons29_holes28.opb.xz	normalized-PB24.tar	normalized-PB24/OPT-LIN/nordstrom/CoreGuidedPB/composed_pebbling_php_opt_pyramid/normalized-composed_pebbling_php_opt_pyramid_height30_pigeons29_holes28.opb.xz
f04316f7060666985bd9758b14eb8ab895ecc012822a69c1e037b14099b5de56	OPT-LIN/normalized-PB24/nordstrom/composed_pebbling_php_pyramid/opt/normalized-composed_pebbling_php_opt_pyramid_height28_pigeons27_holes26.opb.xz	normalized-PB24.tar	normalized-PB24/OPT-LIN/nordstrom/CoreGuidedPB/composed_pebbling_php_opt_pyramid/normalized-composed_pebbling_php_opt_pyramid_height28_pigeons27_holes26.opb.xz
73e6b8d11c8d415ea5f26c06faa5f0600ec742f6eda8053bc79506093037bfda	OPT-LIN/normalized-PB24/nordstrom/composed_pebbling_php_pyramid/opt/normalized-composed_pebbling_php_opt_pyramid_height6_pigeons5_holes4.opb.xz	normalized-PB24.tar	normalized-PB24/OPT-LIN/nordstrom/CoreGuidedPB/composed_pebbling_php_opt_pyramid/normalized-composed_pebbling_php_opt_pyramid_height6_pigeons5_holes4.opb.xz
29eca3f74ae42f4d4737925677af640093e838bf2ea565f457bef4ec4e0b8380	OPT-LIN/normalized-PB24/nordstrom/composed_pebbling_php_pyramid/opt/normalized-composed_pebbling_php_opt_pyramid_height13_pigeons12_holes11.opb.xz	normalized-PB24.tar	normalized-PB24/OPT-LIN/nordstrom/CoreGuidedPB/composed_pebbling_php_opt_pyramid/normalized-composed_pebbling_php_opt_pyramid_height13_pigeons12_holes11.opb.xz
cf7ea38ab1eb53a63fc1dab2d1d34e923750dbd26019d3962eb135133d9634bf	OPT-LIN/normalized-PB24/nordstrom/composed_pebbling_php_pyramid/opt/normalized-composed_pebbling_php_opt_pyramid_height40_pigeons39_holes38.opb.xz	normalized-PB24.tar	normalized-PB24/OPT-LIN/nordstrom/CoreGuidedPB/composed_pebbling_php_opt_pyramid/normalized-composed_pebbling_php_opt_pyramid_height40_pigeons39_holes38.opb.xz
c13e8b5d3d581ea5471c60650c349027cc19f1c1545640f4b23061555b091add	OPT-LIN/normalized-PB24/nordstrom/composed_pebbling_php_pyramid/opt/normalized-composed_pebbling_php_opt_pyramid_height45_pigeons44_holes43.opb.xz	normalized-PB24.tar	normalized-PB24/OPT-LIN/nordstrom/CoreGuidedPB/composed_pebbling_php_opt_pyramid/normalized-composed_pebbling_php_opt_pyramid_height45_pigeons44_holes43.opb.xz
9bbc5916c92a3759df5305c5fc66be79b4f5cdb43abfecc462e16ed33f5bd1bc	OPT-LIN/normalized-PB24/nordstrom/composed_pebbling_php_pyramid/opt/normalized-composed_pebbling_php_opt_pyramid_height29_pigeons28_holes27.opb.xz	normalized-PB24.tar	normalized-PB24/OPT-LIN/nordstrom/CoreGuidedPB/composed_pebbling_php_opt_pyramid/normalized-composed_pebbling_php_opt_pyramid_height29_pigeons28_holes27.opb.xz
48720f2d604c0623636ce82d14cd8e17fcb70c1ea1e64bfd5463904a9f9fecaa	OPT-LIN/normalized-PB24/nordstrom/CoreGuidedPB/linpeb/linearized_pebbling_opt_layeredfan_up/normalized-linearized_pebbling_opt_layeredfan_up_r24_c48_a6.opb.xz	normalized-PB24.tar	normalized-PB24/OPT-LIN/nordstrom/CoreGuidedPB/linpeb/linpeb_opt_arity_6_layeredfan/normalized-linpeb_opt_arity_6_layeredfan_ncols_48.opb.xz
72f2acd992598724ee6f3e1c932af79543680201bfeda755e97c0894542a1829	OPT-LIN/normalized-PB24/nordstrom/CoreGuidedPB/linpeb/linearized_pebbling_opt_layeredfan_up/normalized-linearized_pebbling_opt_layeredfan_up_r18_c36_a6.opb.xz	normalized-PB24.tar	normalized-PB24/OPT-LIN/nordstrom/CoreGuidedPB/linpeb/linpeb_opt_arity_6_layeredfan/normalized-linpeb_opt_arity_6_layeredfan_ncols_36.opb.xz
31789bad0b47c9c6b371f001252888941b17f71ca58ff2f76ed4180bf8e8de27	OPT-LIN/normalized-PB24/nordstrom/CoreGuidedPB/linpeb/linearized_pebbling_opt_layeredfan_up/normalized-linearized_pebbling_opt_layeredfan_up_r15_c30_a6.opb.xz	normalized-PB24.tar	normalized-PB24/OPT-LIN/nordstrom/CoreGuidedPB/linpeb/linpeb_opt_arity_6_layeredfan/normalized-linpeb_opt_arity_6_layeredfan_ncols_30.opb.xz
6b706fda5b8133f91da3b23d4b2445ff1454725184fffc5fc0f00eefe6707b09	OPT-LIN/normalized-PB24/nordstrom/CoreGuidedPB/linpeb/linearized_pebbling_opt_layeredfan_up/normalized-linearized_pebbling_opt_layeredfan_up_r28_c56_a6.opb.xz	normalized-PB24.tar	normalized-PB24/OPT-LIN/nordstrom/CoreGuidedPB/linpeb/linpeb_opt_arity_6_layeredfan/normalized-linpeb_opt_arity_6_layeredfan_ncols_56.opb.xz
03a06d345ee8e54cf413c870155086d458a2b19cbbb57aba1d29c7cb0458f776	OPT-LIN/normalized-PB24/nordstrom/CoreGuidedPB/linpeb/linearized_pebbling_opt_layeredfan_up/normalized-linearized_pebbling_opt_layeredfan_up_r14_c28_a6.opb.xz	normalized-PB24.tar	normalized-PB24/OPT-LIN/nordstrom/CoreGuidedPB/linpeb/linpeb_opt_arity_6_layeredfan/normalized-linpeb_opt_arity_6_layeredfan_ncols_28.opb.xz
50679c8ce48f54bcc39c21e7901906073a4e55923a651cf484acbf51a655bf1b	OPT-LIN/normalized-PB24/nordstrom/CoreGuidedPB/linpeb/linearized_pebbling_opt_layeredfan_up/normalized-linearized_pebbling_opt_layeredfan_up_r21_c42_a6.opb.xz	normalized-PB24.tar	normalized-PB24/OPT-LIN/nordstrom/CoreGuidedPB/linpeb/linpeb_opt_arity_6_layeredfan/normalized-linpeb_opt_arity_6_layeredfan_ncols_42.opb.xz
f4c5a52b17d0971269f8794815e1da2e1f2c354912b3c0ec1f3706c2a649272b	OPT-LIN/normalized-PB24/nordstrom/CoreGuidedPB/linpeb/linearized_pebbling_opt_layeredfan_up/normalized-linearized_pebbling_opt_layeredfan_up_r12_c24_a6.opb.xz	normalized-PB24.tar	normalized-PB24/OPT-LIN/nordstrom/CoreGuidedPB/linpeb/linpeb_opt_arity_6_layeredfan/normalized-linpeb_opt_arity_6_layeredfan_ncols_24.opb.xz
63f7137a82c7a7efd1bb1fb93618c72bec52a54ddc1fe97c0225004b17d3fbc9	OPT-LIN/normalized-PB24/nordstrom/CoreGuidedPB/linpeb/linearized_pebbling_opt_layeredfan_up/normalized-linearized_pebbling_opt_layeredfan_up_r30_c60_a6.opb.xz	normalized-PB24.tar	normalized-PB24/OPT-LIN/nordstrom/CoreGuidedPB/linpeb/linpeb_opt_arity_6_layeredfan/normalized-linpeb_opt_arity_6_layeredfan_ncols_60.opb.xz
99f5e3c9cbfcfb2fbc46dd3941cff50931b01f9c73a0fddfd58e2e7715ab222e	OPT-LIN/normalized-PB24/nordstrom/CoreGuidedPB/linpeb/linearized_pebbling_opt_layeredfan_up/normalized-linearized_pebbling_opt_layeredfan_up_r33_c66_a6.opb.xz	normalized-PB24.tar	normalized-PB24/OPT-LIN/nordstrom/CoreGuidedPB/linpeb/linpeb_opt_arity_6_layeredfan/normalized-linpeb_opt_arity_6_layeredfan_ncols_66.opb.xz
fd6796d5c96089272d6667f0db235ef32c22b2921b47b8ae655e07d3b9158ef0	OPT-LIN/normalized-PB24/nordstrom/CoreGuidedPB/linpeb/linearized_pebbling_opt_layeredfan_up/normalized-linearized_pebbling_opt_layeredfan_up_r17_c34_a6.opb.xz	normalized-PB24.tar	normalized-PB24/OPT-LIN/nordstrom/CoreGuidedPB/linpeb/linpeb_opt_arity_6_layeredfan/normalized-linpeb_opt_arity_6_layeredfan_ncols_34.opb.xz
87b84610f33468fbbeeb3ed170e78a7f7f071a2bd0b8994b2d574a3b63f0b19b	OPT-LIN/normalized-PB24/nordstrom/CoreGuidedPB/linpeb/linearized_pebbling_opt_layeredfan_up/normalized-linearized_pebbling_opt_layeredfan_up_r13_c26_a6.opb.xz	normalized-PB24.tar	normalized-PB24/OPT-LIN/nordstrom/CoreGuidedPB/linpeb/linpeb_opt_arity_6_layeredfan/normalized-linpeb_opt_arity_6_layeredfan_ncols_26.opb.xz
ba485c94609949bdbe76916bde88b6be8704dc87c4aa593522dc7a24f6e77b9b	OPT-LIN/normalized-PB24/nordstrom/CoreGuidedPB/linpeb/linearized_pebbling_opt_layeredfan_up/normalized-linearized_pebbling_opt_layeredfan_up_r10_c20_a6.opb.xz	normalized-PB24.tar	normalized-PB24/OPT-LIN/nordstrom/CoreGuidedPB/linpeb/linpeb_opt_arity_6_layeredfan/normalized-linpeb_opt_arity_6_layeredfan_ncols_20.opb.xz
e78f4a33a452212dc52765d9b4b00892641bd62c96db467bdfb43b59250f72e1	OPT-LIN/normalized-PB24/nordstrom/CoreGuidedPB/linpeb/linearized_pebbling_opt_layeredfan_up/normalized-linearized_pebbling_opt_layeredfan_up_r19_c38_a6.opb.xz	normalized-PB24.tar	normalized-PB24/OPT-LIN/nordstrom/CoreGuidedPB/linpeb/linpeb_opt_arity_6_layeredfan/normalized-linpeb_opt_arity_6_layeredfan_ncols_38.opb.xz
15de67b112bc1bbf05f1f36babe1d120c83e7ba70947a26642aaf75aa496e268	OPT-LIN/normalized-PB24/nordstrom/CoreGuidedPB/linpeb/linearized_pebbling_opt_layeredfan_up/normalized-linearized_pebbling_opt_layeredfan_up_r3_c6_a6.opb.xz	normalized-PB24.tar	normalized-PB24/OPT-LIN/nordstrom/CoreGuidedPB/linpeb/linpeb_opt_arity_6_layeredfan/normalized-linpeb_opt_arity_6_layeredfan_ncols_06.opb.xz
96aea6106d0e2d0f124d2d56473a4bf6844799726224671d72d9428ec4f7d04a	OPT-LIN/normalized-PB24/nordstrom/CoreGuidedPB/linpeb/linearized_pebbling_opt_layeredfan_up/normalized-linearized_pebbling_opt_layeredfan_up_r5_c10_a6.opb.xz	normalized-PB24.tar	normalized-PB24/OPT-LIN/nordstrom/CoreGuidedPB/linpeb/linpeb_opt_arity_6_layeredfan/normalized-linpeb_opt_arity_6_layeredfan_ncols_10.opb.xz
38951497706826dc24c8b908b4625d6b04d4b643074a15a21c5b16e558fe5829	OPT-LIN/normalized-PB24/nordstrom/CoreGuidedPB/linpeb/linearized_pebbling_opt_layeredfan_up/normalized-linearized_pebbling_opt_layeredfan_up_r6_c12_a6.opb.xz	normalized-PB24.tar	normalized-PB24/OPT-LIN/nordstrom/CoreGuidedPB/linpeb/linpeb_opt_arity_6_layeredfan/normalized-linpeb_opt_arity_6_layeredfan_ncols_12.opb.xz
10dc0d4afc97b44f1f5790b7a2107462463cd4256b6b9a9bc46645b6ade3aa7f	OPT-LIN/normalized-PB24/nordstrom/CoreGuidedPB/linpeb/linearized_pebbling_opt_layeredfan_up/normalized-linearized_pebbling_opt_layeredfan_up_r25_c50_a6.opb.xz	normalized-PB24.tar	normalized-PB24/OPT-LIN/nordstrom/CoreGuidedPB/linpeb/linpeb_opt_arity_6_layeredfan/normalized-linpeb_opt_arity_6_layeredfan_ncols_50.opb.xz
c67faa5fc80ca6dfe3a4a4d043d95775c7b89b33fc100548c0fc6399190b625a	OPT-LIN/normalized-PB24/nordstrom/CoreGuidedPB/linpeb/linearized_pebbling_opt_layeredfan_up/normalized-linearized_pebbling_opt_layeredfan_up_r22_c44_a6.opb.xz	normalized-PB24.tar	normalized-PB24/OPT-LIN/nordstrom/CoreGuidedPB/linpeb/linpeb_opt_arity_6_layeredfan/normalized-linpeb_opt_arity_6_layeredfan_ncols_44.opb.xz
efdf72813fd802aa497faf73268abf11fa69f23d99bb124ccad9baf374fd52d3	OPT-LIN/normalized-PB24/nordstrom/CoreGuidedPB/linpeb/linearized_pebbling_opt_layeredfan_up/normalized-linearized_pebbling_opt_layeredfan_up_r27_c54_a6.opb.xz	normalized-PB24.tar	normalized-PB24/OPT-LIN/nordstrom/CoreGuidedPB/linpeb/linpeb_opt_arity_6_layeredfan/normalized-linpeb_opt_arity_6_layeredfan_ncols_54.opb.xz
d6f237f685ff75fd3b086aa4eea4dfc1a325a3da411520e6a155d374c692074a	OPT-LIN/normalized-PB24/nordstrom/CoreGuidedPB/linpeb/linearized_pebbling_opt_layeredfan_up/normalized-linearized_pebbling_opt_layeredfan_up_r23_c46_a6.opb.xz	normalized-PB24.tar	normalized-PB24/OPT-LIN/nordstrom/CoreGuidedPB/linpeb/linpeb_opt_arity_6_layeredfan/normalized-linpeb_opt_arity_6_layeredfan_ncols_46.opb.xz
3dd06e3e06646a51ebfa59468cef3752bdc3edfe773ad0a9c81f9eb16ddec52a	OPT-LIN/normalized-PB24/nordstrom/CoreGuidedPB/linpeb/linearized_pebbling_opt_layeredfan_up/normalized-linearized_pebbling_opt_layeredfan_up_r7_c14_a6.opb.xz	normalized-PB24.tar	normalized-PB24/OPT-LIN/nordstrom/CoreGuidedPB/linpeb/linpeb_opt_arity_6_layeredfan/normalized-linpeb_opt_arity_6_layeredfan_ncols_14.opb.xz
3e085b37f8cbc9fb64317cecf7f80ecf5f5972c786785c6ae815cdad4fa5c270	OPT-LIN/normalized-PB24/nordstrom/CoreGuidedPB/linpeb/linearized_pebbling_opt_layeredfan_up/normalized-linearized_pebbling_opt_layeredfan_up_r26_c52_a6.opb.xz	normalized-PB24.tar	normalized-PB24/OPT-LIN/nordstrom/CoreGuidedPB/linpeb/linpeb_opt_arity_6_layeredfan/normalized-linpeb_opt_arity_6_layeredfan_ncols_52.opb.xz
39e111d99946987ad3af6f3755c92fdf8b976a1e08a03393e478edfc3390a2cc	OPT-LIN/normalized-PB24/nordstrom/CoreGuidedPB/linpeb/linearized_pebbling_opt_layeredfan_up/normalized-linearized_pebbling_opt_layeredfan_up_r4_c8_a6.opb.xz	normalized-PB24.tar	normalized-PB24/OPT-LIN/nordstrom/CoreGuidedPB/linpeb/linpeb_opt_arity_6_layeredfan/normalized-linpeb_opt_arity_6_layeredfan_ncols_08.opb.xz
b5cea44943b2885b5d4a061ada1b5c30c244a941071f3b685720f377f7f675cf	OPT-LIN/normalized-PB24/nordstrom/CoreGuidedPB/linpeb/linearized_pebbling_opt_layeredfan_up/normalized-linearized_pebbling_opt_layeredfan_up_r9_c18_a6.opb.xz	normalized-PB24.tar	normalized-PB24/OPT-LIN/nordstrom/CoreGuidedPB/linpeb/linpeb_opt_arity_6_layeredfan/normalized-linpeb_opt_arity_6_layeredfan_ncols_18.opb.xz
29a493cbc1f8abf83c17df9b92878ae990a5f1501957b1febe625f2daf735e97	OPT-LIN/normalized-PB24/nordstrom/CoreGuidedPB/linpeb/linearized_pebbling_opt_layeredfan_up/normalized-linearized_pebbling_opt_layeredfan_up_r11_c22_a6.opb.xz	normalized-PB24.tar	normalized-PB24/OPT-LIN/nordstrom/CoreGuidedPB/linpeb/linpeb_opt_arity_6_layeredfan/normalized-linpeb_opt_arity_6_layeredfan_ncols_22.opb.xz
eff1be215502eea47b0c3c9ac87542ba9c85cf9177ba29f4f7abfcc7db757a48	OPT-LIN/normalized-PB24/nordstrom/CoreGuidedPB/linpeb/linearized_pebbling_opt_layeredfan_up/normalized-linearized_pebbling_opt_layeredfan_up_r8_c16_a6.opb.xz	normalized-PB24.tar	normalized-PB24/OPT-LIN/nordstrom/CoreGuidedPB/linpeb/linpeb_opt_arity_6_layeredfan/normalized-linpeb_opt_arity_6_layeredfan_ncols_16.opb.xz
fa2dbd87c4d0697494e11ea0e385c4dc20b2749a5d4b1cbc19c0db2007541f5f	OPT-LIN/normalized-PB24/nordstrom/CoreGuidedPB/linpeb/linearized_pebbling_opt_layeredfan_up/normalized-linearized_pebbling_opt_layeredfan_up_r29_c58_a6.opb.xz	normalized-PB24.tar	normalized-PB24/OPT-LIN/nordstrom/CoreGuidedPB/linpeb/linpeb_opt_arity_6_layeredfan/normalized-linpeb_opt_arity_6_layeredfan_ncols_58.opb.xz
7533b122ccde1cc160ea4b90ca6091fc833aaf3bbfd560000cbbb738760a0bc2	OPT-LIN/normalized-PB24/nordstrom/CoreGuidedPB/linpeb/linearized_pebbling_opt_layeredfan_up/normalized-linearized_pebbling_opt_layeredfan_up_r20_c40_a6.opb.xz	normalized-PB24.tar	normalized-PB24/OPT-LIN/nordstrom/CoreGuidedPB/linpeb/linpeb_opt_arity_6_layeredfan/normalized-linpeb_opt_arity_6_layeredfan_ncols_40.opb.xz
0a74480eae4ce6760380bdcf200d42ea39bb99d96f8b533ee1ff3e01d651980e	OPT-LIN/normalized-PB24/nordstrom/CoreGuidedPB/linpeb/linearized_pebbling_opt_layeredfan_up/normalized-linearized_pebbling_opt_layeredfan_up_r16_c32_a6.opb.xz	normalized-PB24.tar	normalized-PB24/OPT-LIN/nordstrom/CoreGuidedPB/linpeb/linpeb_opt_arity_6_layeredfan/normalized-linpeb_opt_arity_6_layeredfan_ncols_32.opb.xz
356c91e7eb6165e896598ea0626dddce1523095e29ea74f3eb8195a27548d361	OPT-LIN/normalized-PB24/nordstrom/CoreGuidedPB/dominating_set/normalized-dominating_set_hexgrid_opt_r6_c40.opb.xz	normalized-PB24.tar	normalized-PB24/OPT-LIN/nordstrom/CoreGuidedPB/dominating_set/hexgrid_nrowsdiv30add5/normalized-domset_opt_hexgrid_nrowsdiv30add5_ncols_040.opb.xz
25dd1f48bd3aa7f5a3a7878f0a01e3676a35937cbb8b080bb1625dae43738645	OPT-LIN/normalized-PB24/nordstrom/CoreGuidedPB/dominating_set/normalized-dominating_set_hexgrid_opt_r8_c90.opb.xz	normalized-PB24.tar	normalized-PB24/OPT-LIN/nordstrom/CoreGuidedPB/dominating_set/hexgrid_nrowsdiv30add5/normalized-domset_opt_hexgrid_nrowsdiv30add5_ncols_090.opb.xz
dec5b01bb785b0030618c369c8d312c7340a62f551b54ce3d52ec949d8d9e6df	OPT-LIN/normalized-PB24/nordstrom/CoreGuidedPB/dominating_set/normalized-dominating_set_hexgrid_opt_r8_c110.opb.xz	normalized-PB24.tar	normalized-PB24/OPT-LIN/nordstrom/CoreGuidedPB/dominating_set/hexgrid_nrowsdiv30add5/normalized-domset_opt_hexgrid_nrowsdiv30add5_ncols_110.opb.xz
1edcaca2d9983e0c5cd86e73b41cd87849f47eed4883f69ee5dc423afd5bd0d9	OPT-LIN/normalized-PB24/nordstrom/CoreGuidedPB/dominating_set/normalized-dominating_set_hexgrid_opt_r10_c150.opb.xz	normalized-PB24.tar	normalized-PB24/OPT-LIN/nordstrom/CoreGuidedPB/dominating_set/hexgrid_nrowsdiv30add5/normalized-domset_opt_hexgrid_nrowsdiv30add5_ncols_150.opb.xz
98e76f16289c51738b4aa2ecad114b3499b24d732a975df823d54f85ffb55d28	OPT-LIN/normalized-PB24/nordstrom/CoreGuidedPB/dominating_set/normalized-dominating_set_hexgrid_opt_r6_c50.opb.xz	normalized-PB24.tar	normalized-PB24/OPT-LIN/nordstrom/CoreGuidedPB/dominating_set/hexgrid_nrowsdiv30add5/normalized-domset_opt_hexgrid_nrowsdiv30add5_ncols_050.opb.xz
46303cdcc7854222e286920f45e97f41f77db4bed451f73b5aa6f4019db25672	OPT-LIN/normalized-PB24/nordstrom/CoreGuidedPB/dominating_set/normalized-dominating_set_hexgrid_opt_r6_c30.opb.xz	normalized-PB24.tar	normalized-PB24/OPT-LIN/nordstrom/CoreGuidedPB/dominating_set/hexgrid_nrowsdiv30add5/normalized-domset_opt_hexgrid_nrowsdiv30add5_ncols_030.opb.xz
5667908d95e118a1c487b5805e51c9541d00725ac0ac730705faa237a11af392	OPT-LIN/normalized-PB24/nordstrom/CoreGuidedPB/dominating_set/normalized-dominating_set_hexgrid_opt_r8_c100.opb.xz	normalized-PB24.tar	normalized-PB24/OPT-LIN/nordstrom/CoreGuidedPB/dominating_set/hexgrid_nrowsdiv30add5/normalized-domset_opt_hexgrid_nrowsdiv30add5_ncols_100.opb.xz
e5d7fc5bc1cf450c6bc76b503e7edb5306213df885b5bfe89321d46744211119	OPT-LIN/normalized-PB24/nordstrom/MIPLIB01/opt/miplib2003/normalized-harp2.opb.xz	normalized-PB24.tar	normalized-PB24/OPT-LIN/nordstrom/MIPLIB01/opt/miplib3/normalized-harp2.opb.xz
17b2f2e38f4078dcbe9a1264b84224aef2d7c2635e9f895420a050bcdef76a12	OPT-LIN/normalized-PB06/mps-v2-20-10/MIPLIB/miplib/normalized-mps-v2-20-10-air03.opb.xz	normalized-PB24.tar	normalized-PB24/OPT-LIN/nordstrom/MIPLIB01/opt/miplib3/normalized-air03.opb.xz
1bc6eada3e7ff6eadf462abb9c1411fb22bf39abb47c96b52e931474c5557465	OPT-LIN/normalized-PB06/mps-v2-20-10/MIPLIB/miplib/normalized-mps-v2-20-10-p0282.opb.xz	normalized-PB24.tar	normalized-PB24/OPT-LIN/nordstrom/MIPLIB01/opt/miplib3/normalized-p0282.opb.xz
fa6deb742173124ee6580fa9743ae6495f2d3efac3ddd7e00c68936ef4799dd8	OPT-LIN/normalized-PB06/mps-v2-20-10/MIPLIB/miplib/normalized-mps-v2-20-10-lseu.opb.xz	normalized-PB24.tar	normalized-PB24/OPT-LIN/nordstrom/MIPLIB01/opt/miplib3/normalized-lseu.opb.xz
bb2fc051471a858fd4ec4e18ab9f34092598e7e6191524e67cdcfa255a723eb6	OPT-LIN/normalized-PB06/mps-v2-20-10/MIPLIB/miplib/normalized-mps-v2-20-10-p0033.opb.xz	normalized-PB24.tar	normalized-PB24/OPT-LIN/nordstrom/MIPLIB01/opt/miplib3/normalized-p0033.opb.xz
509418014f2c58242c2433660b8add075f5e3282e2ffd6e600bd62ab8f743756	OPT-LIN/normalized-PB06/mps-v2-20-10/MIPLIB/miplib/normalized-mps-v2-20-10-p0548.opb.xz	normalized-PB24.tar	normalized-PB24/OPT-LIN/nordstrom/MIPLIB01/opt/miplib3/normalized-p0548.opb.xz
dca6ddb515d05eec667a36c5fa5b1c0aefffc75db0a1b8d283563cb4a18e2615	OPT-LIN/normalized-PB24/nordstrom/MIPLIB01/opt/miplib2003/normalized-cap6000.opb.xz	normalized-PB24.tar	normalized-PB24/OPT-LIN/nordstrom/MIPLIB01/opt/miplib3/normalized-cap6000.opb.xz
bbf812b2e265f541cd6d2237cb89a04ddeaf57c009d5c399c23eff872f06f282	OPT-LIN/normalized-PB06/mps-v2-20-10/MIPLIB/miplib/normalized-mps-v2-20-10-p0201.opb.xz	normalized-PB24.tar	normalized-PB24/OPT-LIN/nordstrom/MIPLIB01/opt/miplib3/normalized-p0201.opb.xz
e37aa795d7eaa7d6c8b3ca6ab2e61ef3b89530a44d7e14d835d870564d76a4d4	OPT-LIN/normalized-PB24/nordstrom/MIPLIB01/opt/miplib2003/normalized-stp3d.opb.xz	normalized-PB24.tar	normalized-PB24/OPT-LIN/nordstrom/MIPLIB01/opt/miplib2017/normalized-stp3d.opb.xz
4bece569faf035052ea7347f504aa8d5bc2da2eea990dde70d757662c25b42ee	OPT-LIN/normalized-PB06/submitted-PB06/manquiho/market-split/normalized-market-split_8_70_4.opb.xz	normalized-PB24.tar	normalized-PB24/OPT-LIN/nordstrom/MIPLIB01/opt/miplib2017/normalized-pb-market-split8-70-4.opb.xz
b39329a301396c67c8f526153dd77758f2f3c9eb4cdfd9b05101ebf6dcbb0726	OPT-LIN/normalized-PB24/nordstrom/MIPLIB01/opt/miplib2003/normalized-t1717.opb.xz	normalized-PB24.tar	normalized-PB24/OPT-LIN/nordstrom/MIPLIB01/opt/miplib2017/normalized-t1717.opb.xz
986642ce981282050cc355a43c663448815289a2d6e9d2ee255a4f1708ab1565	OPT-LIN/normalized-PB24/nordstrom/MIPLIB01/opt/miplib2003/normalized-ds.opb.xz	normalized-PB24.tar	normalized-PB24/OPT-LIN/nordstrom/MIPLIB01/opt/miplib2017/normalized-ds.opb.xz
223b2c6ce2a4d7227731b053ea13545c4d9256c7a894733db79b4b311e442f3b	OPT-LIN/normalized-PB24/nordstrom/MIPLIB01/opt/miplib2017/normalized-circ10-3.opb.xz	normalized-PB24.tar	normalized-PB24/OPT-LIN/nordstrom/MIPLIB01/opt/miplib2010/normalized-circ10-3.opb.xz
da034681731675fa4d2c0373409498446893fba3c2fdb75e30fdc2411ac3e3cb	OPT-LIN/normalized-PB24/nordstrom/MIPLIB01/opt/miplib2017/normalized-ex1010-pi.opb.xz	normalized-PB24.tar	normalized-PB24/OPT-LIN/nordstrom/MIPLIB01/opt/miplib2010/normalized-ex1010-pi.opb.xz
bc9c9228429e97e8e2c6681ca2976d38a4fda17675990b53ae01f167ba789af3	OPT-LIN/normalized-PB24/nordstrom/MIPLIB01/opt/miplib2017/normalized-mine-166-5.opb.xz	normalized-PB24.tar	normalized-PB24/OPT-LIN/nordstrom/MIPLIB01/opt/miplib2010/normalized-mine-166-5.opb.xz
4486fd0509d689ebe59fbbeae9127cded9470ea1403cce5f4f346c7491ff6e5f	OPT-LIN/normalized-PB24/nordstrom/MIPLIB01/opt/miplib2017/normalized-co-100.opb.xz	normalized-PB24.tar	normalized-PB24/OPT-LIN/nordstrom/MIPLIB01/opt/miplib2010/normalized-co-100.opb.xz
dd7f109e3109d96db688a725a171ee0709be4fd5bf1db1121392ceb0d9cde03c	OPT-LIN/normalized-PB24/nordstrom/MIPLIB01/opt/miplib2017/normalized-rail02.opb.xz	normalized-PB24.tar	normalized-PB24/OPT-LIN/nordstrom/MIPLIB01/opt/miplib2010/normalized-rail02.opb.xz
832b4c9f85dab3a03f4be3e700ca74016fe795199bdadf9c59a0a7bee4a8ca36	OPT-LIN/normalized-PB11/heinz/normalized-bnatt350.opb.xz	normalized-PB24.tar	normalized-PB24/OPT-LIN/nordstrom/MIPLIB01/opt/miplib2010/normalized-bnatt350.opb.xz
b8d3d6839d6d98c02cf1bae3d6e48772b0b1bf46ae0c115becade9df24ef4b26	OPT-LIN/normalized-PB24/nordstrom/MIPLIB01/opt/miplib2017/normalized-mine-90-10.opb.xz	normalized-PB24.tar	normalized-PB24/OPT-LIN/nordstrom/MIPLIB01/opt/miplib2010/normalized-mine-90-10.opb.xz
2485cce901a98b4ed4835a63179924cb701c14c3913fd33e8c5753d52fa0b915	OPT-LIN/normalized-PB24/nordstrom/MIPLIB01/opt/miplib2017/normalized-bab1.opb.xz	normalized-PB24.tar	normalized-PB24/OPT-LIN/nordstrom/MIPLIB01/opt/miplib2010/normalized-bab1.opb.xz
abc697cb5fda165102bec8d2bf7cbb434741e0698ebc070dee93e28f1f6b4ab2	OPT-LIN/normalized-PB24/nordstrom/MIPLIB01/opt/miplib2017/normalized-t1722.opb.xz	normalized-PB24.tar	normalized-PB24/OPT-LIN/nordstrom/MIPLIB01/opt/miplib2010/normalized-t1722.opb.xz
f6a52ac60cf810f44b3354fd8c841ab06e0c628a65b2227e7f905cea590fd1a0	OPT-LIN/normalized-PB24/nordstrom/MIPLIB01/opt/miplib2017/normalized-ivu06-big.opb.xz	normalized-PB24.tar	normalized-PB24/OPT-LIN/nordstrom/MIPLIB01/opt/miplib2010/normalized-ivu06-big.opb.xz
e9a5d4a4f670b20d0782d0909dab789ac24f934f2baff7224fad2ca6d5ae670f	OPT-LIN/normalized-PB24/nordstrom/MIPLIB01/opt/miplib2017/normalized-rail03.opb.xz	normalized-PB24.tar	normalized-PB24/OPT-LIN/nordstrom/MIPLIB01/opt/miplib2010/normalized-rail03.opb.xz
183705dff8dd889868227af339700e587e88b58ca74bf8bf41806b1ba4e2530b	OPT-LIN/normalized-PB24/nordstrom/MIPLIB01/opt/miplib2017/normalized-rmine21.opb.xz	normalized-PB24.tar	normalized-PB24/OPT-LIN/nordstrom/MIPLIB01/opt/miplib2010/normalized-rmine21.opb.xz
df6dfa273d3dca2f7a0b420d5f97dbcf3c578b607cdf0d4a350c5998268b5109	OPT-LIN/normalized-PB24/nordstrom/MIPLIB01/opt/miplib2017/normalized-rail01.opb.xz	normalized-PB24.tar	normalized-PB24/OPT-LIN/nordstrom/MIPLIB01/opt/miplib2010/normalized-rail01.opb.xz
e440c2751d6e07ab287e7182e62022ed8a8e6c51e3d1137a956273ef26963695	OPT-LIN/normalized-PB24/nordstrom/MIPLIB01/opt/miplib2017/normalized-ds-big.opb.xz	normalized-PB24.tar	normalized-PB24/OPT-LIN/nordstrom/MIPLIB01/opt/miplib2010/normalized-ds-big.opb.xz
37569107430ce4a3d54b499911df37b327aa6790f03fbb141fd2604d6c0ad050	OPT-LIN/normalized-PB11/heinz/normalized-bnatt400.opb.xz	normalized-PB24.tar	normalized-PB24/OPT-LIN/nordstrom/MIPLIB01/opt/miplib2010/normalized-bnatt400.opb.xz
f6426b2a0b6b32e6b51a71fe3f268f32651088173178bcd463aebb9ff137def7	OPT-LIN/normalized-PB24/nordstrom/MIPLIB01/opt/miplib2017/normalized-rmine25.opb.xz	normalized-PB24.tar	normalized-PB24/OPT-LIN/nordstrom/MIPLIB01/opt/miplib2010/normalized-rmine25.opb.xz
611b6482347291153528eea55d59d20ef707f74c4d1cbc12dc61b9352f9f4c92	OPT-LIN/normalized-PB24/nordstrom/MIPLIB01/opt/miplib2017/normalized-reblock166.opb.xz	normalized-PB24.tar	normalized-PB24/OPT-LIN/nordstrom/MIPLIB01/opt/miplib2010/normalized-reblock166.opb.xz
ff8af66781757e751d25dd05253b8c78f88b0c6a23df73d7d9a308647616e715	OPT-LIN/normalized-PB24/nordstrom/MIPLIB01/opt/miplib2017/normalized-bab3.opb.xz	normalized-PB24.tar	normalized-PB24/OPT-LIN/nordstrom/MIPLIB01/opt/miplib2010/normalized-bab3.opb.xz
853f63dfd8fee144e702062d0f7aee617b6ab655bde9cf96d770476150ad01d8	OPT-LIN/normalized-PB24/nordstrom/MIPLIB01/opt/miplib2017/normalized-bab5.opb.xz	normalized-PB24.tar	normalized-PB24/OPT-LIN/nordstrom/MIPLIB01/opt/miplib2010/normalized-bab5.opb.xz
00bb1b25d85590068f9f6cf06d537c5af182fc60501d38f2ca7f00179ed682cb	OPT-LIN/normalized-PB24/nordstrom/MIPLIB01/opt/miplib2017/normalized-reblock354.opb.xz	normalized-PB24.tar	normalized-PB24/OPT-LIN/nordstrom/MIPLIB01/opt/miplib2010/normalized-reblock354.opb.xz
13e73b98168eb24f67457f8261ad86c5471e3de4b1af45c0f42d44aa2a2e7a9e	OPT-LIN/normalized-PB24/nordstrom/MIPLIB01/opt/miplib2017/normalized-ramos3.opb.xz	normalized-PB24.tar	normalized-PB24/OPT-LIN/nordstrom/MIPLIB01/opt/miplib2010/normalized-ramos3.opb.xz
9ef658d0a43f5a6b0a5ceff4274c71023fa203f331312420905d4a016a193299	OPT-LIN/normalized-PB06/mps-v2-20-10/MIPLIB/miplib/normalized-mps-v2-20-10-diamond.opb.xz	normalized-PB24.tar	normalized-PB24/OPT-LIN/nordstrom/MIPLIB01/opt/miplib2/normalized-diamond.opb.xz
8de4746be11d4e6ec32eb10f33e83b0a3310146982edf742ff5b6ed6d44da58c	OPT-LIN/normalized-PB06/mps-v2-20-10/MIPLIB/miplib/normalized-mps-v2-20-10-air06.opb.xz	normalized-PB24.tar	normalized-PB24/OPT-LIN/nordstrom/MIPLIB01/opt/miplib2/normalized-air06.opb.xz
7fa8dbc1d91e637e200c4eb05cc2f2abf2e9d0263ba95859029ba21159b0cfe1	OPT-LIN/normalized-PB06/mps-v2-20-10/MIPLIB/miplib/normalized-mps-v2-20-10-air01.opb.xz	normalized-PB24.tar	normalized-PB24/OPT-LIN/nordstrom/MIPLIB01/opt/miplib2/normalized-air01.opb.xz
e9d461e6f55a2bc42e4c9c6c9ec6d72327b3cca207ba5c5017317132c8171797	OPT-LIN/normalized-PB06/mps-v2-20-10/MIPLIB/miplib/normalized-mps-v2-20-10-bm23.opb.xz	normalized-PB24.tar	normalized-PB24/OPT-LIN/nordstrom/MIPLIB01/opt/miplib2/normalized-bm23.opb.xz
47a80999434ebc6e75d20d4dd71ff125f67ba120487e15f23870b446b55b1a99	OPT-LIN/normalized-PB06/mps-v2-20-10/MIPLIB/miplib/normalized-mps-v2-20-10-p0040.opb.xz	normalized-PB24.tar	normalized-PB24/OPT-LIN/nordstrom/MIPLIB01/opt/miplib2/normalized-p0040.opb.xz
c65990b91b99e8aafec1ba76c67633610d2eb92ce05513d0e8b7111ce3648aa0	OPT-LIN/normalized-PB06/mps-v2-20-10/MIPLIB/miplib/normalized-mps-v2-20-10-air02.opb.xz	normalized-PB24.tar	normalized-PB24/OPT-LIN/nordstrom/MIPLIB01/opt/miplib2/normalized-air02.opb.xz
228b05a1e76fab6ab2d667ed5b41eda048cdcd9e961d138303ccea50351f6f6a	OPT-LIN/normalized-PB24/nordstrom/CoreGuidedPB/comppebphp_pyrheight_equals_nholes/normalized-comppebphp_opt_pyrheightequalsnholes_60.opb.xz	normalized-PB24.tar	normalized-PB24/OPT-LIN/nordstrom/crafted/comppebphp/comppebphp_pyrheight_equals_nholes/normalized-comppebphp_opt_pyrheightequalsnholes_60.opb.xz
7bdabef724e63fd344f752aacf593f899fad17e48131bef4f1be80897a174d3f	OPT-LIN/normalized-PB24/nordstrom/CoreGuidedPB/comppebphp_pyrheight_equals_nholes/normalized-comppebphp_opt_pyrheightequalsnholes_02.opb.xz	normalized-PB24.tar	normalized-PB24/OPT-LIN/nordstrom/crafted/comppebphp/comppebphp_pyrheight_equals_nholes/normalized-comppebphp_opt_pyrheightequalsnholes_02.opb.xz
e8947518f5b09d93c22728880b90f9b02842ff473deb7584b21af3b1c4a3bac2	OPT-LIN/normalized-PB24/nordstrom/CoreGuidedPB/comppebphp_pyrheight_equals_nholes/normalized-comppebphp_opt_pyrheightequalsnholes_45.opb.xz	normalized-PB24.tar	normalized-PB24/OPT-LIN/nordstrom/crafted/comppebphp/comppebphp_pyrheight_equals_nholes/normalized-comppebphp_opt_pyrheightequalsnholes_45.opb.xz
b8b36370ecaa075af8ee43119167e37c6d9f3779bad90258cb41f4c34b5e9147	OPT-LIN/normalized-PB24/nordstrom/CoreGuidedPB/comppebphp_pyrheight_equals_nholes/normalized-comppebphp_opt_pyrheightequalsnholes_37.opb.xz	normalized-PB24.tar	normalized-PB24/OPT-LIN/nordstrom/crafted/comppebphp/comppebphp_pyrheight_equals_nholes/normalized-comppebphp_opt_pyrheightequalsnholes_37.opb.xz
384b5d25f9847161c1263b5e1458a6ec25f6e83626aaec1f679d8e3451ce8a56	OPT-LIN/normalized-PB24/nordstrom/CoreGuidedPB/comppebphp_pyrheight_equals_nholes/normalized-comppebphp_opt_pyrheightequalsnholes_28.opb.xz	normalized-PB24.tar	normalized-PB24/OPT-LIN/nordstrom/crafted/comppebphp/comppebphp_pyrheight_equals_nholes/normalized-comppebphp_opt_pyrheightequalsnholes_28.opb.xz
0c8d7d7b3d41584f2a19dea2f9e1b61cbe5b315ff75422527f8fa0c23b47778c	OPT-LIN/normalized-PB24/nordstrom/CoreGuidedPB/comppebphp_pyrheight_equals_nholes/normalized-comppebphp_opt_pyrheightequalsnholes_27.opb.xz	normalized-PB24.tar	normalized-PB24/OPT-LIN/nordstrom/crafted/comppebphp/comppebphp_pyrheight_equals_nholes/normalized-comppebphp_opt_pyrheightequalsnholes_27.opb.xz
0df5abf67b0706b3864f4e228d50d075947ad963e8d8244f5ea0436fd58cf632	OPT-LIN/normalized-PB24/nordstrom/CoreGuidedPB/comppebphp_pyrheight_equals_nholes/normalized-comppebphp_opt_pyrheightequalsnholes_49.opb.xz	normalized-PB24.tar	normalized-PB24/OPT-LIN/nordstrom/crafted/comppebphp/comppebphp_pyrheight_equals_nholes/normalized-comppebphp_opt_pyrheightequalsnholes_49.opb.xz
f0cc3efba4f47edd3676ef75d5a416600ba94e305e0d86b3306e1b8ea4dd9133	OPT-LIN/normalized-PB24/nordstrom/CoreGuidedPB/comppebphp_pyrheight_equals_nholes/normalized-comppebphp_opt_pyrheightequalsnholes_39.opb.xz	normalized-PB24.tar	normalized-PB24/OPT-LIN/nordstrom/crafted/comppebphp/comppebphp_pyrheight_equals_nholes/normalized-comppebphp_opt_pyrheightequalsnholes_39.opb.xz
5664b6d226ae0edff6dde4d68c6117632171d4a1412da01080928c22f818ec7b	OPT-LIN/normalized-PB24/nordstrom/CoreGuidedPB/comppebphp_pyrheight_equals_nholes/normalized-comppebphp_opt_pyrheightequalsnholes_48.opb.xz	normalized-PB24.tar	normalized-PB24/OPT-LIN/nordstrom/crafted/comppebphp/comppebphp_pyrheight_equals_nholes/normalized-comppebphp_opt_pyrheightequalsnholes_48.opb.xz
e61b752e85fa0cc481ba97806d6da08fb8b1e07f38e275328a742008f68a14e5	OPT-LIN/normalized-PB24/nordstrom/CoreGuidedPB/comppebphp_pyrheight_equals_nholes/normalized-comppebphp_opt_pyrheightequalsnholes_51.opb.xz	normalized-PB24.tar	normalized-PB24/OPT-LIN/nordstrom/crafted/comppebphp/comppebphp_pyrheight_equals_nholes/normalized-comppebphp_opt_pyrheightequalsnholes_51.opb.xz
a458b32653df64c98af93b80061a41581846a754b0316585140628882fea6d1d	OPT-LIN/normalized-PB24/nordstrom/CoreGuidedPB/comppebphp_pyrheight_equals_nholes/normalized-comppebphp_opt_pyrheightequalsnholes_36.opb.xz	normalized-PB24.tar	normalized-PB24/OPT-LIN/nordstrom/crafted/comppebphp/comppebphp_pyrheight_equals_nholes/normalized-comppebphp_opt_pyrheightequalsnholes_36.opb.xz
5deec6689b939497f0bd59ccd02f62ac7fc2b1568985146b550ce7cd894a94c4	OPT-LIN/normalized-PB24/nordstrom/CoreGuidedPB/comppebphp_pyrheight_equals_nholes/normalized-comppebphp_opt_pyrheightequalsnholes_34.opb.xz	normalized-PB24.tar	normalized-PB24/OPT-LIN/nordstrom/crafted/comppebphp/comppebphp_pyrheight_equals_nholes/normalized-comppebphp_opt_pyrheightequalsnholes_34.opb.xz
00174e6a6e161c062bb41e225109bf7239664569e75b5645fba8218204bf92c3	OPT-LIN/normalized-PB24/nordstrom/CoreGuidedPB/comppebphp_pyrheight_equals_nholes/normalized-comppebphp_opt_pyrheightequalsnholes_47.opb.xz	normalized-PB24.tar	normalized-PB24/OPT-LIN/nordstrom/crafted/comppebphp/comppebphp_pyrheight_equals_nholes/normalized-comppebphp_opt_pyrheightequalsnholes_47.opb.xz
58e7f8af303e0e4fa00fdc625add7a037185f949275ef209bd107aa863afbfc7	OPT-LIN/normalized-PB24/nordstrom/CoreGuidedPB/comppebphp_pyrheight_equals_nholes/normalized-comppebphp_opt_pyrheightequalsnholes_38.opb.xz	normalized-PB24.tar	normalized-PB24/OPT-LIN/nordstrom/crafted/comppebphp/comppebphp_pyrheight_equals_nholes/normalized-comppebphp_opt_pyrheightequalsnholes_38.opb.xz
202d835a4a8dff843623830e0de69dbf814049f077ccb66705e6f414cb463d55	OPT-LIN/normalized-PB24/nordstrom/CoreGuidedPB/comppebphp_pyrheight_equals_nholes/normalized-comppebphp_opt_pyrheightequalsnholes_43.opb.xz	normalized-PB24.tar	normalized-PB24/OPT-LIN/nordstrom/crafted/comppebphp/comppebphp_pyrheight_equals_nholes/normalized-comppebphp_opt_pyrheightequalsnholes_43.opb.xz
aaee2c27f2f1b17b0a4dd84699b82cf954dc85dabce81edd842783057248e30a	OPT-LIN/normalized-PB24/nordstrom/CoreGuidedPB/comppebphp_pyrheight_equals_nholes/normalized-comppebphp_opt_pyrheightequalsnholes_59.opb.xz	normalized-PB24.tar	normalized-PB24/OPT-LIN/nordstrom/crafted/comppebphp/comppebphp_pyrheight_equals_nholes/normalized-comppebphp_opt_pyrheightequalsnholes_59.opb.xz
2c7bd4dc1c94663eca980ac9769b7a34d749597f92bfd99152fec1f11c19e68d	OPT-LIN/normalized-PB24/nordstrom/CoreGuidedPB/comppebphp_pyrheight_equals_nholes/normalized-comppebphp_opt_pyrheightequalsnholes_41.opb.xz	normalized-PB24.tar	normalized-PB24/OPT-LIN/nordstrom/crafted/comppebphp/comppebphp_pyrheight_equals_nholes/normalized-comppebphp_opt_pyrheightequalsnholes_41.opb.xz
ed522f67f73090c0baea0a2922b2be3fe4546139af0264a51f910057a315146b	OPT-LIN/normalized-PB24/nordstrom/CoreGuidedPB/comppebphp_pyrheight_equals_nholes/normalized-comppebphp_opt_pyrheightequalsnholes_56.opb.xz	normalized-PB24.tar	normalized-PB24/OPT-LIN/nordstrom/crafted/comppebphp/comppebphp_pyrheight_equals_nholes/normalized-comppebphp_opt_pyrheightequalsnholes_56.opb.xz
13dc7c0357e8ea5c1cd1aa33736cac784e1b16ee3b9b27491c6297ce2f4bca0a	OPT-LIN/normalized-PB24/nordstrom/CoreGuidedPB/comppebphp_pyrheight_equals_nholes/normalized-comppebphp_opt_pyrheightequalsnholes_35.opb.xz	normalized-PB24.tar	normalized-PB24/OPT-LIN/nordstrom/crafted/comppebphp/comppebphp_pyrheight_equals_nholes/normalized-comppebphp_opt_pyrheightequalsnholes_35.opb.xz
e144e069a89f94ee6d0aad73f367668a095030781e79d5c0707647005bb886c3	OPT-LIN/normalized-PB24/nordstrom/CoreGuidedPB/comppebphp_pyrheight_equals_nholes/normalized-comppebphp_opt_pyrheightequalsnholes_42.opb.xz	normalized-PB24.tar	normalized-PB24/OPT-LIN/nordstrom/crafted/comppebphp/comppebphp_pyrheight_equals_nholes/normalized-comppebphp_opt_pyrheightequalsnholes_42.opb.xz
25d1e46b89b9115c295bbe34366ba1b58665d85190fe298a5673edb2d41aa487	OPT-LIN/normalized-PB24/nordstrom/CoreGuidedPB/comppebphp_pyrheight_equals_nholes/normalized-comppebphp_opt_pyrheightequalsnholes_29.opb.xz	normalized-PB24.tar	normalized-PB24/OPT-LIN/nordstrom/crafted/comppebphp/comppebphp_pyrheight_equals_nholes/normalized-comppebphp_opt_pyrheightequalsnholes_29.opb.xz
53a644cb3a0622695b403d1d56ab67b7be32294903f77a3f5dab3aa831456585	OPT-LIN/normalized-PB24/nordstrom/CoreGuidedPB/comppebphp_pyrheight_equals_nholes/normalized-comppebphp_opt_pyrheightequalsnholes_54.opb.xz	normalized-PB24.tar	normalized-PB24/OPT-LIN/nordstrom/crafted/comppebphp/comppebphp_pyrheight_equals_nholes/normalized-comppebphp_opt_pyrheightequalsnholes_54.opb.xz
a8766efbea654de695ff1b40d101dbfc38f11c9ef53e755155fcd0fa2829ce80	OPT-LIN/normalized-PB24/nordstrom/CoreGuidedPB/comppebphp_pyrheight_equals_nholes/normalized-comppebphp_opt_pyrheightequalsnholes_46.opb.xz	normalized-PB24.tar	normalized-PB24/OPT-LIN/nordstrom/crafted/comppebphp/comppebphp_pyrheight_equals_nholes/normalized-comppebphp_opt_pyrheightequalsnholes_46.opb.xz
b152b6b16b305e6e739200aba338eb120f582e106db66af149430853876612dd	OPT-LIN/normalized-PB24/nordstrom/CoreGuidedPB/comppebphp_pyrheight_equals_nholes/normalized-comppebphp_opt_pyrheightequalsnholes_40.opb.xz	normalized-PB24.tar	normalized-PB24/OPT-LIN/nordstrom/crafted/comppebphp/comppebphp_pyrheight_equals_nholes/normalized-comppebphp_opt_pyrheightequalsnholes_40.opb.xz
969d1def81e0d7cad249a3922abb536bebe2812f49f7df602ace1d23122c5b8c	OPT-LIN/normalized-PB24/nordstrom/CoreGuidedPB/comppebphp_pyrheight_equals_nholes/normalized-comppebphp_opt_pyrheightequalsnholes_44.opb.xz	normalized-PB24.tar	normalized-PB24/OPT-LIN/nordstrom/crafted/comppebphp/comppebphp_pyrheight_equals_nholes/normalized-comppebphp_opt_pyrheightequalsnholes_44.opb.xz
8541964268747c8d8a97f5741184e5ae93c6a5e7001009922593b925ec6ba42a	OPT-LIN/normalized-PB24/nordstrom/CoreGuidedPB/comppebphp_pyrheight_equals_nholes/normalized-comppebphp_opt_pyrheightequalsnholes_33.opb.xz	normalized-PB24.tar	normalized-PB24/OPT-LIN/nordstrom/crafted/comppebphp/comppebphp_pyrheight_equals_nholes/normalized-comppebphp_opt_pyrheightequalsnholes_33.opb.xz
4971d75a8f0237f59106bc44829ead5a1fe7569d4bf23ade2157de1c6309fc16	OPT-LIN/normalized-PB24/nordstrom/CoreGuidedPB/comppebphp_pyrheight_equals_nholes/normalized-comppebphp_opt_pyrheightequalsnholes_58.opb.xz	normalized-PB24.tar	normalized-PB24/OPT-LIN/nordstrom/crafted/comppebphp/comppebphp_pyrheight_equals_nholes/normalized-comppebphp_opt_pyrheightequalsnholes_58.opb.xz
f53bc15a5ac12e65a3d38b019d3e6b9221fb6f2cb026b3a2e2b57d3a226fc4ca	OPT-LIN/normalized-PB24/nordstrom/CoreGuidedPB/comppebphp_pyrheight_equals_nholes/normalized-comppebphp_opt_pyrheightequalsnholes_55.opb.xz	normalized-PB24.tar	normalized-PB24/OPT-LIN/nordstrom/crafted/comppebphp/comppebphp_pyrheight_equals_nholes/normalized-comppebphp_opt_pyrheightequalsnholes_55.opb.xz
49c7a986e978630d54321eebfbe59157562983914a219b5a51c297c6ffed9109	OPT-LIN/normalized-PB24/nordstrom/CoreGuidedPB/comppebphp_pyrheight_equals_nholes/normalized-comppebphp_opt_pyrheightequalsnholes_53.opb.xz	normalized-PB24.tar	normalized-PB24/OPT-LIN/nordstrom/crafted/comppebphp/comppebphp_pyrheight_equals_nholes/normalized-comppebphp_opt_pyrheightequalsnholes_53.opb.xz
12925c9c8f325a57514630f68832b405832c7a0a413a9df8f49d8c03968c4d74	OPT-LIN/normalized-PB24/nordstrom/CoreGuidedPB/comppebphp_pyrheight_equals_nholes/normalized-comppebphp_opt_pyrheightequalsnholes_32.opb.xz	normalized-PB24.tar	normalized-PB24/OPT-LIN/nordstrom/crafted/comppebphp/comppebphp_pyrheight_equals_nholes/normalized-comppebphp_opt_pyrheightequalsnholes_32.opb.xz
48e633279f4bf40e544ec4fa416988bcd577d1245a9ffd5ce2832dd99189103e	OPT-LIN/normalized-PB24/nordstrom/CoreGuidedPB/comppebphp_pyrheight_equals_nholes/normalized-comppebphp_opt_pyrheightequalsnholes_31.opb.xz	normalized-PB24.tar	normalized-PB24/OPT-LIN/nordstrom/crafted/comppebphp/comppebphp_pyrheight_equals_nholes/normalized-comppebphp_opt_pyrheightequalsnholes_31.opb.xz
54989f02753d2503d98621655c1fb6ca46eeb4fd3198c332dc3dded073bcd90c	OPT-LIN/normalized-PB24/nordstrom/CoreGuidedPB/comppebphp_pyrheight_equals_nholes/normalized-comppebphp_opt_pyrheightequalsnholes_50.opb.xz	normalized-PB24.tar	normalized-PB24/OPT-LIN/nordstrom/crafted/comppebphp/comppebphp_pyrheight_equals_nholes/normalized-comppebphp_opt_pyrheightequalsnholes_50.opb.xz
5b2880460145d7a14b8e2091f797d53e71a20c3bb2f62bbb91b13e0706dc820a	OPT-LIN/normalized-PB24/nordstrom/CoreGuidedPB/comppebphp_pyrheight_equals_nholes/normalized-comppebphp_opt_pyrheightequalsnholes_52.opb.xz	normalized-PB24.tar	normalized-PB24/OPT-LIN/nordstrom/crafted/comppebphp/comppebphp_pyrheight_equals_nholes/normalized-comppebphp_opt_pyrheightequalsnholes_52.opb.xz
b6b814b5ba94122606c17b900bb88ff7e1f1ae02d8d78909f45e1716417cf753	OPT-LIN/normalized-PB24/nordstrom/CoreGuidedPB/comppebphp_pyrheight_equals_nholes/normalized-comppebphp_opt_pyrheightequalsnholes_03.opb.xz	normalized-PB24.tar	normalized-PB24/OPT-LIN/nordstrom/crafted/comppebphp/comppebphp_pyrheight_equals_nholes/normalized-comppebphp_opt_pyrheightequalsnholes_03.opb.xz
dd9c1eae9cc77df103a992950371678e4b7ebdeb15e129fe60ffb2582afc2401	OPT-LIN/normalized-PB24/nordstrom/CoreGuidedPB/comppebphp_pyrheight_equals_nholes/normalized-comppebphp_opt_pyrheightequalsnholes_57.opb.xz	normalized-PB24.tar	normalized-PB24/OPT-LIN/nordstrom/crafted/comppebphp/comppebphp_pyrheight_equals_nholes/normalized-comppebphp_opt_pyrheightequalsnholes_57.opb.xz
07e8bd46f6c8aa96e31939415bf83aa169dd32bf3b5b6c540e128d8543cb340f	OPT-LIN/normalized-PB24/nordstrom/CoreGuidedPB/comppebphp_pyrheight_equals_nholes/normalized-comppebphp_opt_pyrheightequalsnholes_30.opb.xz	normalized-PB24.tar	normalized-PB24/OPT-LIN/nordstrom/crafted/comppebphp/comppebphp_pyrheight_equals_nholes/normalized-comppebphp_opt_pyrheightequalsnholes_30.opb.xz
655be908fb7eb7a5873e2b6f2bb9a37eb7b933e5940344ba177160dc00364bc3	DEC-LIN/normalized-PB25/wallon/normalized-HyperSudoku-08_c24.opb.xz	normalized-PB25.tar	./normalized-PB25/DEC-LIN/wallon/normalized-HyperSudoku-mini-08_c24.opb.xz
850fad552e19a4c1916f8748e8cb9104855d1eae5a9a5070c843e9793bef82ac	DEC-LIN/normalized-PB25/wallon/normalized-HyperSudoku-mini-09_c24.opb.xz	normalized-PB25.tar	./normalized-PB25/DEC-LIN/wallon/normalized-HyperSudoku-09_c24.opb.xz
3f6922820a90d40f3e01105eb1d8321c54553ba2bb58f0040acb6bb97ed9dcff	DEC-LIN/normalized-PB25/wallon/normalized-HyperSudoku-mini-03_c24.opb.xz	normalized-PB25.tar	./normalized-PB25/DEC-LIN/wallon/normalized-HyperSudoku-03_c24.opb.xz
f442378fd27d7960ccbeb350f5b7810c8d88f5b832c96aba720e4a947da09ebc	DEC-LIN/normalized-PB25/wallon/normalized-HyperSudoku-mini-04_c24.opb.xz	normalized-PB25.tar	./normalized-PB25/DEC-LIN/wallon/normalized-HyperSudoku-04_c24.opb.xz
b84b8c7218cf878a7d7ba0c4f69aada2dc2ce32b8a7757d687e83731830cda36	DEC-LIN/normalized-PB25/wallon/normalized-HyperSudoku-06_c24.opb.xz	normalized-PB25.tar	./normalized-PB25/DEC-LIN/wallon/normalized-HyperSudoku-mini-06_c24.opb.xz
d321eb11540dd7fce1115531408cc0de4468e221f59ac1c39252e2e354453177	DEC-LIN/normalized-PB25/wallon/normalized-HyperSudoku-10_c24.opb.xz	normalized-PB25.tar	./normalized-PB25/DEC-LIN/wallon/normalized-HyperSudoku-mini-10_c24.opb.xz
5fb4988d7fb4b65e847432df716b254323b30dff64f092746702027ccc8dbb14	DEC-LIN/normalized-PB25/wallon/normalized-HyperSudoku-05_c24.opb.xz	normalized-PB25.tar	./normalized-PB25/DEC-LIN/wallon/normalized-HyperSudoku-mini-05_c24.opb.xz
2692c3f39d15d0565b6fc8a6e25731188965f08b5d2026e69e703bf58d94f3d5	DEC-LIN/normalized-PB25/wallon/normalized-HyperSudoku-07_c24.opb.xz	normalized-PB25.tar	./normalized-PB25/DEC-LIN/wallon/normalized-HyperSudoku-mini-07_c24.opb.xz
89728b2d75affb5b082dbaa8e83a788aa1362ac34d3683e760d888516449952c	OPT-LIN/normalized-PB25/wallon/normalized-GolombRuler-a3v18-11_c18.opb.xz	normalized-PB25.tar	./normalized-PB25/OPT-LIN/wallon/normalized-GolombRuler-a3v18-nodv-11_c18.opb.xz
b0dbaba981e5ce5c7e4979aca3bc3fffac9ccbec89e93e892a12fc028d6d556b	OPT-LIN/normalized-PB25/wallon/normalized-GolombRuler-a3v18-10_c18.opb.xz	normalized-PB25.tar	./normalized-PB25/OPT-LIN/wallon/normalized-GolombRuler-a3v18-nodv-10_c18.opb.xz
4bece569faf035052ea7347f504aa8d5bc2da2eea990dde70d757662c25b42ee	OPT-LIN/normalized-PB06/submitted-PB06/manquiho/market-split/normalized-market-split_8_70_4.opb.xz	normalized-PB26.tar	normalized-PB26/OPT-LIN/sergeys/CPMpy_translated_dataset_PB26/miplib/normalized-pb-market-split8-70-4.mps.opb.xz
f0c38a9435214c57f382c4c45b9e248b7bcf0d58e65ff7e92d0be71c64e7e850	OPT-LIN/normalized-PB24/nordstrom/MIPLIB01/opt/miplib2017/normalized-neos-5052403-cygnet.opb.xz	normalized-PB26.tar	normalized-PB26/OPT-LIN/sergeys/CPMpy_translated_dataset_PB26/miplib/normalized-neos-5052403-cygnet.mps.opb.xz
5b0f40d38fbe95df646705676c29e630102fa17a52e9cadf6174b088563a28bb	PARTIAL-LIN/wcsp/bwt/normalized-bwt5ac_wcsp.wbo.xz	normalized-WBO.tar	WBO/PARTIAL-LIN/wcsp/bwt/normalized-bwt5c_wcsp.wbo.xz
01084a9a89ba3483fa2cb964f8e4fc5af94b3eb7929550ffc1d7447faed93447	PARTIAL-LIN/wcsp/depot/normalized-depot01ac_wcsp.wbo.xz	normalized-WBO.tar	WBO/PARTIAL-LIN/wcsp/depot/normalized-depot01c_wcsp.wbo.xz
53257130fa046cdd28306e07a13e974268b9a36e347c3a9c63887b42154d6791	PARTIAL-LIN/wcsp/driver/normalized-driverlog02ac_wcsp.wbo.xz	normalized-WBO.tar	WBO/PARTIAL-LIN/wcsp/driver/normalized-driverlog02c_wcsp.wbo.xz
3b5eb34e3c3aa0165204e619f6fd99aa7055884329882d4b4a2388aa71d3ba6f	PARTIAL-LIN/wcsp/driver/normalized-driverlog04ac_wcsp.wbo.xz	normalized-WBO.tar	WBO/PARTIAL-LIN/wcsp/driver/normalized-driverlog04c_wcsp.wbo.xz
fbbfb59f647eaffada089b15e4611bed94d4e4f22c712a1f995f4e785a810d4c	PARTIAL-LIN/wcsp/driver/normalized-driverlog05ac_wcsp.wbo.xz	normalized-WBO.tar	WBO/PARTIAL-LIN/wcsp/driver/normalized-driverlog05c_wcsp.wbo.xz
aaf8cf25860bc936f87d318ea2b8c516f03578cb26aca87f0e36cb2166bbdcfd	PARTIAL-LIN/wcsp/driver/normalized-driverlog08ac_wcsp.wbo.xz	normalized-WBO.tar	WBO/PARTIAL-LIN/wcsp/driver/normalized-driverlog08c_wcsp.wbo.xz
c050e64a85d5922559f75c25a3c4094d3f45686a1e58086602a0e5c8c10e2f73	PARTIAL-LIN/wcsp/logistics/normalized-logistics01ac_wcsp.wbo.xz	normalized-WBO.tar	WBO/PARTIAL-LIN/wcsp/logistics/normalized-logistics01c_wcsp.wbo.xz
7e9a8ef4f0c3b248e2ccb7eccea9ff6c082046bfe7a92d10b070c5ee219fa87a	PARTIAL-LIN/wcsp/mprime/normalized-mprime01ac_wcsp.wbo.xz	normalized-WBO.tar	WBO/PARTIAL-LIN/wcsp/mprime/normalized-mprime01c_wcsp.wbo.xz
23b018fe70ad449f19480b0669009c64bcde4788751fae6e905fad5b27a376d9	PARTIAL-LIN/wcsp/mprime/normalized-mprime03ac_wcsp.wbo.xz	normalized-WBO.tar	WBO/PARTIAL-LIN/wcsp/mprime/normalized-mprime03c_wcsp.wbo.xz
898d73443f5a487dd646141d4e13e519dc1740b7d2b320d1941b8d83f7177d8d	PARTIAL-LIN/wcsp/mprime/normalized-mprime04ac_wcsp.wbo.xz	normalized-WBO.tar	WBO/PARTIAL-LIN/wcsp/mprime/normalized-mprime04c_wcsp.wbo.xz
895d78266037ee12ddfe314bcf14f77ddb63cc3fa64330456d8e8a56c5a34d43	PARTIAL-LIN/wcsp/rover/normalized-rovers02ac_wcsp.wbo.xz	normalized-WBO.tar	WBO/PARTIAL-LIN/wcsp/rover/normalized-rovers02c_wcsp.wbo.xz
df7cc00a4ee39aec19446c112fab06d6bf5652407bedc0bacafab7b9efb0595f	PARTIAL-LIN/wcsp/satellite/normalized-satellite01ac_wcsp.wbo.xz	normalized-WBO.tar	WBO/PARTIAL-LIN/wcsp/satellite/normalized-satellite01c_wcsp.wbo.xz
df7cc00a4ee39aec19446c112fab06d6bf5652407bedc0bacafab7b9efb0595f	PARTIAL-LIN/wcsp/satellite/normalized-satellite01ac_wcsp.wbo.xz	normalized-WBO.tar	WBO/PARTIAL-LIN/wcsp/satellite/normalized-satellite01cc_wcsp.wbo.xz
dc0d05e5e19656a8c42ea7ef2098869ec0cef284198692ee7dbb4271e0e0d5b7	PARTIAL-LIN/wcsp/warehouse/normalized-cap111_wcsp.wbo.xz	normalized-WBO.tar	WBO/PARTIAL-LIN/wcsp/warehouse/normalized-cap121_wcsp.wbo.xz
887e3b071f024d80ccd9676c580837da26dde30d2835f809fb884697aa2742db	PARTIAL-LIN/wcsp/warehouse/normalized-cap112_wcsp.wbo.xz	normalized-WBO.tar	WBO/PARTIAL-LIN/wcsp/warehouse/normalized-cap122_wcsp.wbo.xz
698887cf4764b9cca9de6346441d35775ff7ef70ebbf27ed580b8f22182fc8ff	PARTIAL-LIN/wcsp/warehouse/normalized-cap113_wcsp.wbo.xz	normalized-WBO.tar	WBO/PARTIAL-LIN/wcsp/warehouse/normalized-cap123_wcsp.wbo.xz
7d0b867e17b2c313bdd7dc4f8c2ed1e41b6e3925dc3e9f40bc983a609b09b020	PARTIAL-LIN/wcsp/warehouse/normalized-cap114_wcsp.wbo.xz	normalized-WBO.tar	WBO/PARTIAL-LIN/wcsp/warehouse/normalized-cap124_wcsp.wbo.xz
dc0d05e5e19656a8c42ea7ef2098869ec0cef284198692ee7dbb4271e0e0d5b7	PARTIAL-LIN/wcsp/warehouse/normalized-cap111_wcsp.wbo.xz	normalized-WBO.tar	WBO/PARTIAL-LIN/wcsp/warehouse/normalized-cap131_wcsp.wbo.xz
887e3b071f024d80ccd9676c580837da26dde30d2835f809fb884697aa2742db	PARTIAL-LIN/wcsp/warehouse/normalized-cap112_wcsp.wbo.xz	normalized-WBO.tar	WBO/PARTIAL-LIN/wcsp/warehouse/normalized-cap132_wcsp.wbo.xz
698887cf4764b9cca9de6346441d35775ff7ef70ebbf27ed580b8f22182fc8ff	PARTIAL-LIN/wcsp/warehouse/normalized-cap113_wcsp.wbo.xz	normalized-WBO.tar	WBO/PARTIAL-LIN/wcsp/warehouse/normalized-cap133_wcsp.wbo.xz
7d0b867e17b2c313bdd7dc4f8c2ed1e41b6e3925dc3e9f40bc983a609b09b020	PARTIAL-LIN/wcsp/warehouse/normalized-cap114_wcsp.wbo.xz	normalized-WBO.tar	WBO/PARTIAL-LIN/wcsp/warehouse/normalized-cap134_wcsp.wbo.xz
f2de256ead71528d4e4f09f22be1b8dee96bc85378d22345a77cb5e03504f385	PARTIAL-LIN/wcsp/warehouse/normalized-cap43_wcsp.wbo.xz	normalized-WBO.tar	WBO/PARTIAL-LIN/wcsp/warehouse/normalized-cap51_wcsp.wbo.xz
11a574ce13fc7a9b030069873a845e9e77ac5a4613fce9c3721fc16d7372a4f5	PARTIAL-LIN/wcsp/warehouse/normalized-cap41_wcsp.wbo.xz	normalized-WBO.tar	WBO/PARTIAL-LIN/wcsp/warehouse/normalized-cap61_wcsp.wbo.xz
2dace18086e1af0c1f247829bfb38d9570be1e81314c9a588830300e163b8e36	PARTIAL-LIN/wcsp/warehouse/normalized-cap42_wcsp.wbo.xz	normalized-WBO.tar	WBO/PARTIAL-LIN/wcsp/warehouse/normalized-cap62_wcsp.wbo.xz
f2de256ead71528d4e4f09f22be1b8dee96bc85378d22345a77cb5e03504f385	PARTIAL-LIN/wcsp/warehouse/normalized-cap43_wcsp.wbo.xz	normalized-WBO.tar	WBO/PARTIAL-LIN/wcsp/warehouse/normalized-cap63_wcsp.wbo.xz
f009c71a81df13a637a77ea09ac558670e3c49bde1fb95962751f94d95bb3179	PARTIAL-LIN/wcsp/warehouse/normalized-cap44_wcsp.wbo.xz	normalized-WBO.tar	WBO/PARTIAL-LIN/wcsp/warehouse/normalized-cap64_wcsp.wbo.xz
11a574ce13fc7a9b030069873a845e9e77ac5a4613fce9c3721fc16d7372a4f5	PARTIAL-LIN/wcsp/warehouse/normalized-cap41_wcsp.wbo.xz	normalized-WBO.tar	WBO/PARTIAL-LIN/wcsp/warehouse/normalized-cap71_wcsp.wbo.xz
2dace18086e1af0c1f247829bfb38d9570be1e81314c9a588830300e163b8e36	PARTIAL-LIN/wcsp/warehouse/normalized-cap42_wcsp.wbo.xz	normalized-WBO.tar	WBO/PARTIAL-LIN/wcsp/warehouse/normalized-cap72_wcsp.wbo.xz
f2de256ead71528d4e4f09f22be1b8dee96bc85378d22345a77cb5e03504f385	PARTIAL-LIN/wcsp/warehouse/normalized-cap43_wcsp.wbo.xz	normalized-WBO.tar	WBO/PARTIAL-LIN/wcsp/warehouse/normalized-cap73_wcsp.wbo.xz
f009c71a81df13a637a77ea09ac558670e3c49bde1fb95962751f94d95bb3179	PARTIAL-LIN/wcsp/warehouse/normalized-cap44_wcsp.wbo.xz	normalized-WBO.tar	WBO/PARTIAL-LIN/wcsp/warehouse/normalized-cap74_wcsp.wbo.xz
08fbf403262d426032025377bb63c7ba641637c0f33e524f18be9feb87d3c572	PARTIAL-LIN/wcsp/warehouse/normalized-cap101_wcsp.wbo.xz	normalized-WBO.tar	WBO/PARTIAL-LIN/wcsp/warehouse/normalized-cap81_wcsp.wbo.xz
f2a40d07818d8120f405b9b646d218438bba4b987298f55e85ff806f4de75c39	PARTIAL-LIN/wcsp/warehouse/normalized-cap102_wcsp.wbo.xz	normalized-WBO.tar	WBO/PARTIAL-LIN/wcsp/warehouse/normalized-cap82_wcsp.wbo.xz
b749f7811f697789676273428d431aea0a5fe5090e54769a760dd2a1e4fbde30	PARTIAL-LIN/wcsp/warehouse/normalized-cap103_wcsp.wbo.xz	normalized-WBO.tar	WBO/PARTIAL-LIN/wcsp/warehouse/normalized-cap83_wcsp.wbo.xz
837dfd4cca4d36881a6d79ef6e3647fd125b1373e0858c942306276ea45d30c0	PARTIAL-LIN/wcsp/warehouse/normalized-cap104_wcsp.wbo.xz	normalized-WBO.tar	WBO/PARTIAL-LIN/wcsp/warehouse/normalized-cap84_wcsp.wbo.xz
08fbf403262d426032025377bb63c7ba641637c0f33e524f18be9feb87d3c572	PARTIAL-LIN/wcsp/warehouse/normalized-cap101_wcsp.wbo.xz	normalized-WBO.tar	WBO/PARTIAL-LIN/wcsp/warehouse/normalized-cap91_wcsp.wbo.xz
f2a40d07818d8120f405b9b646d218438bba4b987298f55e85ff806f4de75c39	PARTIAL-LIN/wcsp/warehouse/normalized-cap102_wcsp.wbo.xz	normalized-WBO.tar	WBO/PARTIAL-LIN/wcsp/warehouse/normalized-cap92_wcsp.wbo.xz
b749f7811f697789676273428d431aea0a5fe5090e54769a760dd2a1e4fbde30	PARTIAL-LIN/wcsp/warehouse/normalized-cap103_wcsp.wbo.xz	normalized-WBO.tar	WBO/PARTIAL-LIN/wcsp/warehouse/normalized-cap93_wcsp.wbo.xz
837dfd4cca4d36881a6d79ef6e3647fd125b1373e0858c942306276ea45d30c0	PARTIAL-LIN/wcsp/warehouse/normalized-cap104_wcsp.wbo.xz	normalized-WBO.tar	WBO/PARTIAL-LIN/wcsp/warehouse/normalized-cap94_wcsp.wbo.xz
7252fcafd4635b2d8a3f137df3e3f5dee01687605e6ccae8771f9658f247e9c6	PARTIAL-LIN/wcsp/zenotravel/normalized-zenotravel02ac_wcsp.wbo.xz	normalized-WBO.tar	WBO/PARTIAL-LIN/wcsp/zenotravel/normalized-zenotravel02c_wcsp.wbo.xz
a6dd3f8a9e3ea21a8b9e0525224bab0803e360d91b31c99f5a2b55ea19001128	PARTIAL-LIN/wcsp/zenotravel/normalized-zenotravel04ac_wcsp.wbo.xz	normalized-WBO.tar	WBO/PARTIAL-LIN/wcsp/zenotravel/normalized-zenotravel04c_wcsp.wbo.xz
daca59dbfcfa9db84fadd0a74c9d4e9fcec75ffbef72905cb6b75f8f40b03784	DEC-LIN/normalized-PB06/submitted-PB06/roussel/normalized-pigeon-cardinality-51-50.opb.xz	normalized-PB25.tar	./parametric/php/card/normalized-php-50-49-card.opb.xz
b887cdea61423b378b0d758ab3357c39a35969556f6ce4bd54f7828bc2680f9c	DEC-LIN/normalized-PB06/submitted-PB06/roussel/normalized-pigeon-cardinality-41-40.opb.xz	normalized-PB25.tar	./parametric/php/card/normalized-php-40-39-card.opb.xz
7acdaa734f4caa67b5c471889d563ce8d20bd6edd1418e467b73106913892f6b	DEC-LIN/normalized-PB06/submitted-PB06/roussel/normalized-pigeon-cardinality-21-20.opb.xz	normalized-PB25.tar	./parametric/php/card/normalized-php-20-19-card.opb.xz
2b38616e46717a7fcde21d7fd934ed3e3e4b81389da2f8de98e3bae9b1288180	DEC-LIN/normalized-PB06/submitted-PB06/roussel/normalized-pigeon-cardinality-71-70.opb.xz	normalized-PB25.tar	./parametric/php/card/normalized-php-70-69-card.opb.xz
74890a6df23824072d96bfc9312288cf382ca2903cd5cc535dc977201e985634	DEC-LIN/normalized-PB06/submitted-PB06/roussel/normalized-pigeon-cardinality-11-10.opb.xz	normalized-PB25.tar	./parametric/php/card/normalized-php-10-9-card.opb.xz
8e0181966da87c1cfa003e40f1bdb92eaf025d4472cee51ce7af2aa90199cee6	DEC-LIN/normalized-PB06/submitted-PB06/roussel/normalized-pigeon-cardinality-31-30.opb.xz	normalized-PB25.tar	./parametric/php/card/normalized-php-30-29-card.opb.xz
e1a55f6267b2a75a029cc3f999af09070d33f086e83170ec39e5963a7cd1cdcb	DEC-LIN/normalized-PB06/submitted-PB06/roussel/normalized-pigeon-cardinality-101-100.opb.xz	normalized-PB25.tar	./parametric/php/card/normalized-php-100-99-card.opb.xz
a756cd2b2ec7917711b83969fa6a0e477fb892c9f860ae03caafb9a905718a32	DEC-LIN/normalized-PB06/submitted-PB06/roussel/normalized-pigeon-cardinality-81-80.opb.xz	normalized-PB25.tar	./parametric/php/card/normalized-php-80-79-card.opb.xz
1d4e0fd728d2fdee58d3ae635607be0c8f71415d034ac7c89f862a6aeb22e034	DEC-LIN/normalized-PB06/submitted-PB06/roussel/normalized-pigeon-cardinality-61-60.opb.xz	normalized-PB25.tar	./parametric/php/card/normalized-php-60-59-card.opb.xz
f3781728265c40bb80cd703e8244855d28c6cd7e700c798f84f0a2a5019cff5f	DEC-LIN/normalized-PB06/submitted-PB06/roussel/normalized-pigeon-cardinality-91-90.opb.xz	normalized-PB25.tar	./parametric/php/card/normalized-php-90-89-card.opb.xz
08e9b96a41c76b1b3512d066544212a513ed8880c696bdecbc5fc487d8830ad3	DEC-LIN/normalized-PB06/submitted-PB06/roussel/normalized-pigeon-clauses-31-30.opb.xz	normalized-PB25.tar	./parametric/php/clau/normalized-php-30-29-clau.opb.xz
fdb0265da04dcaa934bb4c49780f9f40acc0dc01a02edfb51142f9f5cd9004e6	DEC-LIN/normalized-PB06/submitted-PB06/roussel/normalized-pigeon-clauses-11-10.opb.xz	normalized-PB25.tar	./parametric/php/clau/normalized-php-10-9-clau.opb.xz
b69134bbd72544bc43805e842c533b18dfadcf72ffdd91795399b37a9af966dd	DEC-LIN/normalized-PB06/submitted-PB06/roussel/normalized-pigeon-clauses-21-20.opb.xz	normalized-PB25.tar	./parametric/php/clau/normalized-php-20-19-clau.opb.xz
bc5dd0abee16ddb9a479a873f7a8c82d5ded1fdbbc12cf01f6bdbe2b5f35cf31	DEC-LIN/normalized-PB06/submitted-PB06/roussel/normalized-pigeon-clauses-51-50.opb.xz	normalized-PB25.tar	./parametric/php/clau/normalized-php-50-49-clau.opb.xz
4c9e4cc2aa13e6951245e00abc3f129aa0bb661a0ea04da6a76662860e92e885	DEC-LIN/normalized-PB06/submitted-PB06/roussel/normalized-pigeon-clauses-61-60.opb.xz	normalized-PB25.tar	./parametric/php/clau/normalized-php-60-59-clau.opb.xz
d699ed182f7942036832dc81dcfc242c037393737b66c7c105701b2e125542c2	DEC-LIN/normalized-PB06/submitted-PB06/roussel/normalized-pigeon-clauses-91-90.opb.xz	normalized-PB25.tar	./parametric/php/clau/normalized-php-90-89-clau.opb.xz
4ce5411c6a4a4f9e093a62fb725fe019f7572c0e64d84d0213501f9ca6fb0d05	DEC-LIN/normalized-PB06/submitted-PB06/roussel/normalized-pigeon-clauses-71-70.opb.xz	normalized-PB25.tar	./parametric/php/clau/normalized-php-70-69-clau.opb.xz
ac371677a32335b5e441efd885cf1419d349c32b51fce710fbba3800b64255b3	DEC-LIN/normalized-PB06/submitted-PB06/roussel/normalized-pigeon-clauses-81-80.opb.xz	normalized-PB25.tar	./parametric/php/clau/normalized-php-80-79-clau.opb.xz
35a27b335b447c53d0ed659a6691febb8729f995e3d934afa2579fa9b3941f71	DEC-LIN/normalized-PB06/submitted-PB06/roussel/normalized-pigeon-clauses-101-100.opb.xz	normalized-PB25.tar	./parametric/php/clau/normalized-php-100-99-clau.opb.xz
946f51f6e0e9c561ca0d6c48856b4f67f1bedbf9fc4de1b44c95ca3b43ba269f	DEC-LIN/normalized-PB06/submitted-PB06/roussel/normalized-pigeon-clauses-41-40.opb.xz	normalized-PB25.tar	./parametric/php/clau/normalized-php-40-39-clau.opb.xz
